query_index,col_item,col_timestamp,cf_index,factual_rating,cf_rating,factual_prediction,cf_prediction,desired_min,desired_max,validity,lift,l1_dist,l2_dist,mean_abs_delta,mean_rel_delta,n_changed,sparsity,max_abs_delta,max_rel_delta
0,100974271034,2021-05-27,0,4.72,4.7,0.0625602912005742,0.0681462324286965,0.0625612912005742,0.581898195093973,1,0.00558594,1.56436,0.4199146,0.07449333,0.01532878,20,0.952381,0.24,0.05263158
1,100974271034,2021-05-28,0,4.62,4.7,0.0612807652441075,0.0633820090851852,0.0612817652441075,0.581898195093973,1,0.00210124,1.59436,0.42453301,0.0759219,0.01568188,20,0.952381,0.24,0.05263158
2,100974271034,2021-05-31,0,4.61,4.8,0.0586998083676718,0.146985477243234,0.0587008083676718,0.581898195093973,1,0.08828567,4.24964,1.18024416,0.20236381,0.04210868,18,0.857143,0.5712,0.11842105
3,100974271034,2021-06-01,0,4.655,4.6,0.0588641242835141,0.0620341468666349,0.0588651242835141,0.581898195093973,1,0.00317002,1.59656,0.42587303,0.07602667,0.01575778,20,0.952381,0.24,0.05263158
4,100974271034,2021-06-02,0,4.65,4.7,0.058872460002418,0.0730374881801018,0.058873460002418,0.581898195093973,1,0.01416503,4.66,1.24338248,0.22190476,0.04679202,20,0.952381,0.54,0.11842105
5,100974271034,2021-06-03,0,4.645,4.7,0.0581968708263979,0.0600468187839679,0.0581978708263979,0.581898195093973,1,0.00184995,1.615,0.42793107,0.07690476,0.01601848,20,0.952381,0.24,0.05263158
6,100974271034,2021-06-04,0,4.63,4.6,0.0534219408518431,0.0554174743570661,0.0534229408518431,0.581898195093973,1,0.00199553,2.375,0.67031709,0.11309524,0.0235792,20,0.952381,0.305,0.06496273
7,100974271034,2021-06-07,0,4.6,4.7,0.0497281624052175,0.0565051425958346,0.0497291624052175,0.581898195093973,1,0.00677698,2.455,0.67744003,0.11690476,0.02442729,20,0.952381,0.305,0.06496273
8,100974271034,2021-06-08,0,4.6,4.7,0.041266485847528,0.0546250728977464,0.041267485847528,0.581898195093973,1,0.01335859,2.415,0.67031709,0.115,0.02417796,20,0.952381,0.305,0.06496273
9,100974271034,2021-06-09,0,4.63,4.6,0.039348097747176,0.0538833880847001,0.039349097747176,0.581898195093973,1,0.01453529,2.445,0.67098808,0.11642857,0.02448651,21,1.0,0.305,0.06496273
10,100974271034,2021-06-10,0,4.775,4.6,0.0412653507596404,0.0505490528201228,0.0412663507596404,0.581898195093973,1,0.0092837,2.82,0.81905433,0.13428571,0.02844925,20,0.952381,0.405,0.08626198
11,100974271034,2021-06-11,0,4.8,4.6,0.037182383823379,0.0595921461988744,0.037183383823379,0.581898195093973,1,0.02240976,2.6,0.70459208,0.12380952,0.02613468,21,1.0,0.305,0.06496273
12,100974271034,2021-06-14,0,4.805,4.5,0.0383478382301847,0.1174537903561002,0.0383488382301847,0.581898195093973,1,0.07910595,3.905,0.97034788,0.18595238,0.03976197,21,1.0,0.37,0.07991361
13,100974271034,2021-06-15,0,4.815,4.6,0.0321975853231052,0.0821558678804088,0.0321985853231052,0.581898195093973,1,0.04995828,2.58,0.69491007,0.12285714,0.02602126,21,1.0,0.305,0.06496273
14,100974271034,2021-06-16,0,4.71,4.8,0.0241906176204997,0.0472408928133871,0.0241916176204997,0.581898195093973,1,0.02305028,2.415,0.6526676,0.115,0.02442492,21,1.0,0.305,0.06496273
15,100974271034,2021-06-17,0,4.67,4.8,0.0146830344508543,0.0837123898667749,0.0146840344508543,0.581898195093973,1,0.06902936,2.24,0.59148119,0.10666667,0.02265704,21,1.0,0.24,0.05042017
16,100974271034,2021-06-18,0,4.55,4.8,0.0047225171316008,0.0137845114095714,0.0047235171316008,0.581898195093973,1,0.00906199,2.25,0.59560893,0.10714286,0.02287251,21,1.0,0.25,0.05494505
17,100974271034,2021-06-21,0,4.709999999999999,4.7,-0.0051167209578932,-0.0027451125060364,-0.0051157209578932,0.581898195093973,1,0.00237161,1.98,0.55267531,0.09428571,0.02016392,20,0.952381,0.25,0.05494505
18,100974271034,2021-06-22,0,4.5,4.5,-0.0018091964376987,0.1492318215871904,-0.0018081964376987,0.581898195093973,1,0.15104102,3.07,0.8272545,0.14619048,0.03142892,19,0.904762,0.35,0.07526882
19,100974271034,2021-06-23,0,4.45,4.7,-0.0059508978308426,-0.0047098521721118,-0.0059498978308426,0.581898195093973,1,0.00124105,2.56,0.66275938,0.12190476,0.02620555,21,1.0,0.25,0.05617978
20,100974271034,2021-06-24,0,4.52,4.8,-0.0110479344034443,0.1473869142103385,-0.0110469344034443,0.581898195093973,1,0.15843485,3.195,0.86059572,0.15214286,0.03280395,19,0.904762,0.35,0.07526882
21,100974271034,2021-06-25,0,4.475,4.5,-0.0121320792968046,0.0769551622189611,-0.0121310792968046,0.581898195093973,1,0.08908724,3.77,0.95908811,0.17952381,0.03885129,21,1.0,0.37,0.07991361
22,100974271034,2021-06-28,0,4.5,4.5,-0.0088337389243493,-0.0086200689455851,-0.0088327389243493,0.581898195093973,1,0.00021367,1.57,0.46845491,0.0747619,0.01617256,18,0.857143,0.25,0.05617978
23,100974271034,2021-06-29,0,4.4,4.8,-0.0074836198594113,0.1248028216926723,-0.0074826198594113,0.581898195093973,1,0.13228644,4.05,1.09057324,0.19285714,0.04211228,20,0.952381,0.45,0.0989011
24,100974271034,2021-06-30,0,4.44,4.8,-0.0127720448862294,0.0312534278243061,-0.0127710448862294,0.581898195093973,1,0.04402547,3.095,0.83001506,0.14738095,0.03216037,20,0.952381,0.36,0.08108108
25,100974271034,2021-07-01,0,4.51,4.5,-0.0164781667580112,-0.0144954593741401,-0.0164771667580112,0.581898195093973,1,0.00198271,2.145,0.58096902,0.10214286,0.02216077,20,0.952381,0.25,0.05494505
26,100974271034,2021-07-02,0,4.475,4.6,-0.0098507106420698,0.0718769029298507,-0.0098497106420698,0.581898195093973,1,0.08172761,3.335,0.91876276,0.15880952,0.03475985,21,1.0,0.47,0.10151188
27,100974271034,2021-07-05,0,4.48,4.6,-0.0098507106420698,0.0698106403936279,-0.0098497106420698,0.581898195093973,1,0.07966135,3.165,0.91740122,0.15071429,0.03312293,20,0.952381,0.5,0.10869565
28,100974271034,2021-07-06,0,4.59,4.8,-0.0133878537931616,0.0290452246526834,-0.0133868537931616,0.581898195093973,1,0.04243308,2.875,0.79732365,0.13690476,0.0301256,20,0.952381,0.4,0.08695652
29,100974271034,2021-07-07,0,4.64,4.6,-0.0156457189944174,-0.0143167677646329,-0.0156447189944174,0.581898195093973,1,0.00132895,1.425,0.40905379,0.06785714,0.01482667,19,0.904762,0.2,0.04444444
30,100974271034,2021-07-08,0,4.435,4.6,-0.0145887229862784,-0.0115557966527153,-0.0145877229862784,0.581898195093973,1,0.00303293,1.98,0.53258802,0.09428571,0.02061588,20,0.952381,0.25,0.05617978
31,100974271034,2021-07-09,0,4.54,4.6,-0.0130217545883631,-0.002557100288453,-0.0130207545883631,0.581898195093973,1,0.01046465,2.235,0.58019393,0.10642857,0.02323671,21,1.0,0.25,0.05494505
32,100974271034,2021-07-12,0,4.45,4.6,-0.0110833227164742,-0.0039240099795113,-0.0110823227164742,0.581898195093973,1,0.00715931,2.495,0.66191011,0.11880952,0.02594445,19,0.904762,0.25,0.05617978
33,100974271034,2021-07-13,0,4.495,4.4,-0.0117580721654969,-0.0116945204902672,-0.0117570721654969,0.581898195093973,1,6.355e-05,2.075,0.53490653,0.09880952,0.02183252,21,1.0,0.25,0.05494505
34,100974271034,2021-07-14,0,4.44,4.5,-0.0057261076737006,-0.0040737180944734,-0.0057251076737006,0.581898195093973,1,0.00165239,2.76,0.75993421,0.13142857,0.02915502,21,1.0,0.35,0.07865169
35,100974271034,2021-07-15,0,4.46,4.5,-0.006310180546951,-0.0047487649010996,-0.006309180546951,0.581898195093973,1,0.00156142,2.17,0.59665736,0.10333333,0.02284505,19,0.904762,0.25,0.05617978
36,100974271034,2021-07-16,0,4.455,4.5,-0.0062556964609496,-0.003377293649327,-0.0062546964609496,0.581898195093973,1,0.0028784,2.005,0.51973551,0.09547619,0.02121379,21,1.0,0.25,0.05494505
37,100974271034,2021-07-19,0,4.15,4.4,0.0002993461810519,0.0021635368195144,0.0003003461810519,0.581898195093973,1,0.00186419,2.005,0.51973551,0.09547619,0.02146597,21,1.0,0.25,0.06024096
38,100974271034,2021-07-20,0,4.155,4.6,0.0034083096770481,0.0258785624859431,0.0034093096770481,0.581898195093973,1,0.02247025,5.74,1.44293104,0.27333333,0.06180135,21,1.0,0.6,0.13333333
39,100974271034,2021-07-21,0,4.36,4.5,0.0039801225486058,0.0042089342360241,0.0039811225486058,0.581898195093973,1,0.00022881,2.29,0.65852107,0.10904762,0.02481758,19,0.904762,0.35,0.08433735
40,100974271034,2021-07-22,0,4.32,4.5,-0.0091423898928155,-0.0005322871184598,-0.0091413898928155,0.581898195093973,1,0.0086101,2.22,0.63525585,0.10571429,0.02412648,19,0.904762,0.35,0.08433735
41,100974271034,2021-07-23,0,4.36,4.5,-0.0129957562620858,0.0068876202892086,-0.0129947562620858,0.581898195093973,1,0.01988338,2.43,0.66914124,0.11571429,0.02635128,21,1.0,0.345,0.08303249
42,100974271034,2021-07-26,0,4.4,4.4,0.0024799758706897,0.01421322531332,0.0024809758706897,0.581898195093973,1,0.01173325,3.455,0.95400472,0.16452381,0.03750774,20,0.952381,0.445,0.10709988
43,100974271034,2021-07-27,0,4.37,4.5,-0.0032445766470592,0.0102107442105136,-0.0032435766470592,0.581898195093973,1,0.01345532,3.285,0.9148907,0.15642857,0.03574973,20,0.952381,0.445,0.10709988
44,100974271034,2021-07-28,0,4.48,4.5,0.0019449437653652,0.0498157211144503,0.0019459437653652,0.581898195093973,1,0.04787078,3.265,0.89242647,0.15547619,0.0354438,21,1.0,0.36,0.08303249
45,100974271034,2021-07-29,0,4.47,4.5,0.0019282377896229,0.0080863986767999,0.0019292377896229,0.581898195093973,1,0.00615816,2.735,0.78531841,0.1302381,0.02980215,20,0.952381,0.445,0.10709988
46,100974271034,2021-07-30,0,4.49,4.5,0.0083566173839068,0.0103641812036606,0.0083576173839068,0.581898195093973,1,0.00200756,2.695,0.76663225,0.12833333,0.02937259,21,1.0,0.345,0.08303249
47,100974271034,2021-08-02,0,4.605,4.8,0.0216158681922293,0.1703227864243233,0.0216168681922293,0.581898195093973,1,0.14870692,4.385,1.11001126,0.20880952,0.04687803,21,1.0,0.49,0.10675381
48,100974271034,2021-08-03,0,4.575,4.6,0.0115827275461464,0.0175033560924157,0.0115837275461464,0.581898195093973,1,0.00592063,1.72,0.50729676,0.08190476,0.01865614,20,0.952381,0.35,0.08433735
49,100974271034,2021-08-04,0,4.59,4.6,0.0023312050584741,0.0274683997215503,0.0023322050584741,0.581898195093973,1,0.02513719,2.05,0.61753542,0.09761905,0.02242824,21,1.0,0.35,0.08433735
50,100974271034,2021-08-05,0,4.59,4.6,0.0050280216073624,0.0062178635008356,0.0050290216073624,0.581898195093973,1,0.00118984,1.61,0.49784536,0.07666667,0.01751942,20,0.952381,0.35,0.08433735
51,100974271034,2021-08-06,0,4.54,4.59,0.0063256083364523,0.0093574262726284,0.0063266083364523,0.581898195093973,1,0.00303182,1.495,0.47236109,0.07119048,0.01627223,20,0.952381,0.35,0.08433735
52,100974271034,2021-08-09,0,4.595,4.54,0.0097931190923042,0.0153508837258069,0.0097941190923042,0.581898195093973,1,0.00555776,1.41,0.45447772,0.06714286,0.01537378,20,0.952381,0.35,0.08433735
53,100974271034,2021-08-10,0,4.59,4.59,0.010151400612836,0.0104065417768566,0.010152400612836,0.581898195093973,1,0.00025514,1.36,0.45171894,0.0647619,0.01483874,19,0.904762,0.35,0.08433735
54,100974271034,2021-08-11,0,4.595,4.59,0.0101694160334131,0.0106268854694682,0.0101704160334131,0.581898195093973,1,0.00045747,1.27,0.44164465,0.06047619,0.01388414,19,0.904762,0.35,0.08433735
55,100974271034,2021-08-12,0,4.6,4.54,0.0134744605416434,0.0164375657222975,0.0134754605416434,0.581898195093973,1,0.00296311,2.36,0.65119122,0.11238095,0.02563858,20,0.952381,0.35,0.08433735
56,100974271034,2021-08-13,0,4.6,4.59,0.0128855486091577,0.0204599316780577,0.0128865486091577,0.581898195093973,1,0.00757438,3.07,0.80669077,0.14619048,0.0329856,21,1.0,0.345,0.08303249
57,100974271034,2021-08-16,0,4.595,4.6,0.0109552847886973,0.0114127542247524,0.0109562847886973,0.581898195093973,1,0.00045747,1.64,0.57231984,0.07809524,0.01806793,21,1.0,0.35,0.08433735
58,100974271034,2021-08-17,0,4.495,4.6,0.0176094060848886,0.062426455027724,0.0176104060848886,0.581898195093973,1,0.04481705,1.395,0.46483868,0.06642857,0.01516421,21,1.0,0.345,0.08303249
59,100974271034,2021-08-18,0,4.44,4.49,0.004915658711843,0.0130122205924651,0.004916658711843,0.581898195093973,1,0.00809656,0.87,0.27009258,0.04142857,0.00928523,18,0.857143,0.16,0.03669725
60,100974271034,2021-08-19,0,4.305,4.44,-0.0036182574550202,0.0024225698866951,-0.0036172574550202,0.581898195093973,1,0.00604083,0.845,0.25607616,0.0402381,0.00903102,18,0.857143,0.135,0.03135889
61,100974271034,2021-08-20,0,4.3,4.45,-0.0082383323107798,0.0150108134013915,-0.0082373323107798,0.581898195093973,1,0.02324915,2.265,0.61479671,0.10785714,0.02407725,19,0.904762,0.3,0.06818182
62,100974271034,2021-08-23,0,4.45,4.15,-0.0383551875673441,0.0321944034323809,-0.0383541875673441,0.581898195093973,1,0.07054959,2.325,0.64060518,0.11071429,0.02466629,19,0.904762,0.3,0.06818182
63,100974271034,2021-08-24,0,4.67,4.49,-0.0303453170576087,0.1282035027705546,-0.0303443170576087,0.581898195093973,1,0.15854882,2.255,0.60462798,0.10738095,0.0239782,21,1.0,0.3,0.06976744
64,100974271034,2021-08-25,0,4.64,4.59,-0.0115203170890383,0.1834333761963929,-0.0115193170890383,0.581898195093973,1,0.19495369,2.455,0.65952635,0.11690476,0.02573789,21,1.0,0.31,0.06638116
65,100974271034,2021-08-26,0,4.58,4.48,-0.0006457691050707,0.1566539695159045,-0.0006447691050707,0.581898195093973,1,0.15729974,2.325,0.60255705,0.11071429,0.02436447,20,0.952381,0.28,0.06306306
66,100974271034,2021-08-27,0,4.53,4.49,0.0050324469095608,0.0197206069581076,0.0050334469095608,0.581898195093973,1,0.01468816,2.625,0.77290038,0.125,0.02732466,20,0.952381,0.445,0.0968444
67,100974271034,2021-08-30,0,4.7,4.45,-0.0045855788821643,-0.000364776779374,-0.0045845788821643,0.581898195093973,1,0.0042208,2.295,0.59997917,0.10928571,0.0240232,19,0.904762,0.25,0.05319149
68,100974271034,2021-08-31,0,4.73,4.7,-0.0104178719765029,-0.0087109789554379,-0.0104168719765029,0.581898195093973,1,0.00170689,1.16,0.37940743,0.0552381,0.01213537,18,0.857143,0.22,0.04710921
69,100974271034,2021-09-01,0,4.64,4.44,-0.0078198373239642,0.0004782900206035,-0.0078188373239642,0.581898195093973,1,0.00829813,2.315,0.60739197,0.1102381,0.02413357,19,0.904762,0.25,0.05319149
70,100974271034,2021-09-02,0,4.605,4.64,-0.0161387216492166,-0.0126693934078791,-0.0161377216492166,0.581898195093973,1,0.00346933,1.25,0.3905765,0.05952381,0.01305698,18,0.857143,0.22,0.04710921
71,100974271034,2021-09-03,0,4.62,4.15,-0.0145782103408404,0.2431529777176401,-0.0145772103408404,0.581898195093973,1,0.25773119,3.09,0.94601797,0.14714286,0.03226129,18,0.857143,0.47,0.1017316
72,100974271034,2021-09-06,0,4.6,4.62,-0.0146518123020624,-0.0145782103408404,-0.0146508123020624,0.581898195093973,1,7.36e-05,1.22,0.38787885,0.05809524,0.01273891,18,0.857143,0.22,0.04710921
73,100974271034,2021-09-07,0,4.625,4.6,-0.0154458593076375,-0.0146518123020624,-0.0154448593076375,0.581898195093973,1,0.00079405,2.13,0.61688735,0.10142857,0.02227187,21,1.0,0.37,0.07922912
74,100974271034,2021-09-08,0,4.66,4.4,-0.0154458593076375,-0.0016057204100303,-0.0154448593076375,0.581898195093973,1,0.01384014,2.55,0.66614563,0.12142857,0.02651532,20,0.952381,0.27,0.05781585
75,100974271034,2021-09-09,0,4.59,4.7,-0.0183882178076539,-0.0165497643161239,-0.0183872178076539,0.581898195093973,1,0.00183845,1.355,0.40462946,0.06452381,0.01412883,19,0.904762,0.22,0.04710921
76,100974271034,2021-09-10,0,4.56,4.44,-0.0207817365342653,-0.0099531695224103,-0.0207807365342653,0.581898195093973,1,0.01082857,1.925,0.55283361,0.09166667,0.02006,20,0.952381,0.275,0.05984766
77,100974271034,2021-09-13,0,4.7,4.3,-0.0178725477532188,-0.0157284398639977,-0.0178715477532188,0.581898195093973,1,0.00214411,2.085,0.63876835,0.09928571,0.02162821,20,0.952381,0.4,0.08510638
78,100974271034,2021-09-14,0,4.71,4.6,-0.0214265395416552,0.0104591162613458,-0.0214255395416552,0.581898195093973,1,0.03188566,2.49,0.69562921,0.11857143,0.02585097,21,1.0,0.31,0.06638116
79,100974271034,2021-09-15,0,4.8,4.67,-0.0133581484641801,-0.008101860375098,-0.0133571484641801,0.581898195093973,1,0.00525629,2.575,0.83879378,0.12261905,0.02735949,18,0.857143,0.49,0.11395349
80,100974271034,2021-09-16,0,4.87,4.55,-0.0092095412900624,-0.0039574916876809,-0.0092085412900624,0.581898195093973,1,0.00525205,2.575,0.83879378,0.12261905,0.02705645,18,0.857143,0.49,0.11395349
81,100974271034,2021-09-17,0,4.695,4.71,-0.0010892751234416,0.0424804331778535,-0.0010882751234416,0.581898195093973,1,0.04356971,2.175,0.7290919,0.10357143,0.02261814,18,0.857143,0.49,0.11395349
82,100974271034,2021-09-20,0,4.575,4.71,0.0012110095572078,0.014916498359325,0.0012120095572078,0.581898195093973,1,0.01370549,1.43,0.42743421,0.06809524,0.01477185,20,0.952381,0.25,0.05617978
83,100974271034,2021-09-21,0,4.5,4.67,-0.0005504518755522,0.0084515221170189,-0.0005494518755522,0.581898195093973,1,0.00900197,1.35,0.38613469,0.06428571,0.01389556,20,0.952381,0.21,0.04585153
84,100974271034,2021-09-22,0,4.515,4.55,-0.011730415095923,-0.0030544773215824,-0.011729415095923,0.581898195093973,1,0.00867594,1.295,0.3771273,0.06166667,0.01334699,20,0.952381,0.21,0.04585153
85,100974271034,2021-09-23,0,4.33,4.71,-0.0143669486401729,-0.0067310339719375,-0.0143659486401729,0.581898195093973,1,0.00763591,1.595,0.52936282,0.07595238,0.01670501,20,0.952381,0.38,0.08775982
86,100974271034,2021-09-24,0,4.45,4.3,-0.0115216687626488,-0.0112047158831196,-0.0115206687626488,0.581898195093973,1,0.00031695,2.465,0.70421943,0.11738095,0.02511811,21,1.0,0.36,0.07610994
87,100974271034,2021-09-27,0,4.34,4.67,-0.0134253164697347,-0.0124095980856592,-0.0134243164697347,0.581898195093973,1,0.00101572,2.635,0.73825808,0.12547619,0.02708014,20,0.952381,0.33,0.07603687
88,100974271034,2021-09-28,0,4.27,4.67,0.0047563587588327,0.0190804876021802,0.0047573587588327,0.581898195093973,1,0.01432413,2.505,0.74102969,0.11928571,0.0259593,21,1.0,0.4,0.09367681
89,100974271034,2021-09-29,0,4.31,4.67,0.0008828361735687,0.0169550660083048,0.0008838361735687,0.581898195093973,1,0.01607223,2.625,0.7123377,0.125,0.02736972,21,1.0,0.36,0.08352668
90,100974271034,2021-09-30,0,4.15,4.45,0.0155492093925555,0.0168905379553535,0.0155502093925555,0.581898195093973,1,0.00134133,3.475,0.89293057,0.16547619,0.03626639,20,0.952381,0.4,0.08213552
91,100974271034,2021-10-01,0,4.31,4.37,0.0199891993708271,0.2274717586998746,0.0199901993708271,0.581898195093973,1,0.20748256,3.65,0.94530418,0.17380952,0.03781852,20,0.952381,0.425,0.09189189
92,100974271034,2021-10-04,0,4.345,4.36,0.0278110011874671,0.047187924126403,0.0278120011874671,0.581898195093973,1,0.01937692,2.885,0.76891157,0.13738095,0.02990108,20,0.952381,0.39,0.08008214
93,100974271034,2021-10-05,0,4.41,4.32,0.0341583013233717,0.0408549511832278,0.0341593013233717,0.581898195093973,1,0.00669665,2.825,0.75948996,0.13452381,0.0293201,20,0.952381,0.39,0.08008214
94,100974271034,2021-10-06,0,4.31,4.36,0.0420435439497488,0.0458518983554507,0.0420445439497488,0.581898195093973,1,0.00380835,2.75,0.75079957,0.13095238,0.02858553,20,0.952381,0.39,0.08008214
95,100974271034,2021-10-07,0,4.5,4.4,0.0383177583852406,0.0444553132556282,0.0383187583852406,0.581898195093973,1,0.00613755,2.69,0.74033776,0.12809524,0.02800874,20,0.952381,0.39,0.08008214
96,100974271034,2021-10-08,0,4.56,4.31,0.01465833222164,0.0415347703951532,0.01465933222164,0.581898195093973,1,0.02687644,2.51,0.64892218,0.11952381,0.02651233,20,0.952381,0.295,0.06448087
97,100974271034,2021-10-11,0,4.545,4.5,0.0074695415265601,0.0190778555891879,0.0074705415265601,0.581898195093973,1,0.01160831,2.455,0.64274801,0.11690476,0.02593953,20,0.952381,0.295,0.06448087
98,100974271034,2021-10-12,0,4.5,4.5,0.0027107785461922,0.0199285770647126,0.0027117785461922,0.581898195093973,1,0.0172178,3.055,0.80307223,0.14547619,0.03240746,19,0.904762,0.37,0.08222222
99,100974271034,2021-10-13,0,4.46,4.56,-0.0039607933457828,0.0066894293969584,-0.0039597933457828,0.581898195093973,1,0.01065022,3.035,0.80032806,0.14452381,0.03226192,19,0.904762,0.37,0.08222222
100,100974271034,2021-10-14,0,4.42,4.55,0.0010977857356006,0.0047143807732236,0.0010987857356006,0.581898195093973,1,0.0036166,2.925,0.7744837,0.13928571,0.03128153,19,0.904762,0.37,0.08222222
101,100974271034,2021-10-15,0,4.465,4.57,0.0134236117743395,0.0343466023643333,0.0134246117743395,0.581898195093973,1,0.02092299,1.87,0.48481955,0.08904762,0.02013037,20,0.952381,0.19,0.04449649
102,100974271034,2021-10-18,0,4.36,4.46,0.0107735787402684,0.0129558525290573,0.0107745787402684,0.581898195093973,1,0.00218227,2.875,0.76284009,0.13690476,0.03093258,19,0.904762,0.37,0.08222222
103,100974271034,2021-10-19,0,4.415,4.42,0.017961121978424,0.0538709376114234,0.017962121978424,0.581898195093973,1,0.03590982,2.655,0.72892043,0.12642857,0.02864459,19,0.904762,0.37,0.08222222
104,100974271034,2021-10-20,0,4.44,4.47,0.0308985944971113,0.0310919803675278,0.0308995944971113,0.581898195093973,1,0.00019339,2.315,0.62874876,0.1102381,0.025051,19,0.904762,0.26,0.05895692
105,100974271034,2021-10-21,0,4.45,4.41,0.0315230601663038,0.0346382024088778,0.0315240601663038,0.581898195093973,1,0.00311514,1.75,0.48435524,0.08333333,0.01896562,20,0.952381,0.25,0.05482456
106,100974271034,2021-10-22,0,4.42,4.37,0.0229766331650332,0.2602909466505607,0.0229776331650332,0.581898195093973,1,0.23731431,3.63,0.98214052,0.17285714,0.03899169,18,0.857143,0.41,0.08991228
107,100974271034,2021-10-25,0,4.38,4.37,0.0160549305646212,0.0338182257875301,0.0160559305646212,0.581898195093973,1,0.0177633,2.62,0.71944423,0.1247619,0.02862605,20,0.952381,0.32,0.07710843
108,100974271034,2021-10-26,0,4.5,4.45,0.0179365752022124,0.0222556346439363,0.0179375752022124,0.581898195093973,1,0.00431906,1.88,0.53516353,0.08952381,0.02031236,19,0.904762,0.26,0.05895692
109,100974271034,2021-10-27,0,4.48,4.5,0.020078543169376,0.1524446810260476,0.020079543169376,0.581898195093973,1,0.13236614,3.13,0.91159201,0.14904762,0.03344861,18,0.857143,0.395,0.08690869
110,100974271034,2021-10-28,0,4.446,4.4,0.0195476838426504,0.0198899461546961,0.0195486838426504,0.581898195093973,1,0.00034226,1.806,0.52126385,0.086,0.01943948,19,0.904762,0.26,0.05895692
111,100974271034,2021-10-29,0,4.38,4.4,0.0209191744835059,0.0303410626881956,0.0209201744835059,0.581898195093973,1,0.00942189,1.926,0.55210144,0.09171429,0.02060064,19,0.904762,0.26,0.05895692
112,100974271034,2021-11-01,0,4.455,4.5,0.0230586168623871,0.0247734248731819,0.0230596168623871,0.581898195093973,1,0.00171481,1.741,0.50044081,0.08290476,0.01860302,19,0.904762,0.26,0.05895692
113,100974271034,2021-11-02,0,4.46,4.4,0.0136183680402384,0.039216114609351,0.0136193680402384,0.581898195093973,1,0.02559775,1.766,0.50280811,0.08409524,0.01886005,19,0.904762,0.26,0.05895692
114,100974271034,2021-11-03,0,4.47,4.4,0.0030908384311223,0.0100003436932114,0.0030918384311223,0.581898195093973,1,0.00690951,1.576,0.43602294,0.07504762,0.01679829,19,0.904762,0.235,0.05170517
115,100974271034,2021-11-04,0,4.44,4.5,0.0034717183878481,0.0552964506186524,0.0034727183878481,0.581898195093973,1,0.05182473,1.426,0.39295801,0.06790476,0.01525771,19,0.904762,0.17,0.03777778
116,100974271034,2021-11-05,0,4.42,4.5,0.0028458257488146,0.0225016482675431,0.0028468257488146,0.581898195093973,1,0.01965582,1.336,0.36320242,0.06361905,0.01432065,19,0.904762,0.165,0.03630363
117,100974271034,2021-11-08,0,4.42,4.2,-0.0090455008213679,0.0092942470349656,-0.0090445008213679,0.581898195093973,1,0.01833975,1.546,0.42451855,0.07361905,0.0165864,19,0.904762,0.22,0.04977376
118,100974271034,2021-11-09,0,4.45,4.4,-0.0012019753177534,0.0196917656698243,-0.0012009753177534,0.581898195093973,1,0.02089374,1.649,0.47253677,0.07852381,0.0176864,20,0.952381,0.265,0.06002265
119,100974271034,2021-11-10,0,4.57,4.42,-0.011432615767986,0.0210150185652541,-0.011431615767986,0.581898195093973,1,0.03244763,1.629,0.46571558,0.07757143,0.01745045,20,0.952381,0.265,0.06002265
120,100974271034,2021-11-11,0,4.525,4.48,-0.0104030875030415,0.0047998864661774,-0.0104020875030415,0.581898195093973,1,0.01520297,1.544,0.45531967,0.07352381,0.01654104,21,1.0,0.315,0.07054871
121,100974271034,2021-11-12,0,4.535,4.38,-0.011870046194028,-0.0062206182559432,-0.011869046194028,0.581898195093973,1,0.00564943,1.491,0.40427837,0.071,0.01594497,20,0.952381,0.17,0.03881279
122,100974271034,2021-11-15,0,4.52,4.38,-0.0080885557170163,0.1037101366847815,-0.0080875557170163,0.581898195093973,1,0.11179869,1.766,0.50021595,0.08409524,0.01888152,20,0.952381,0.265,0.06002265
123,100974271034,2021-11-16,0,4.525,4.45,-0.0165389567608193,0.0053481726483506,-0.0165379567608193,0.581898195093973,1,0.02188713,1.369,0.35488167,0.06519048,0.01460712,21,1.0,0.18,0.04109589
124,100974271034,2021-11-17,0,4.64,4.46,-0.0220292819619524,0.0061767812906005,-0.0220282819619524,0.581898195093973,1,0.02820606,1.474,0.39078895,0.07019048,0.01564548,21,1.0,0.18,0.04109589
125,100974271034,2021-11-18,0,4.68,4.64,-0.0223860464649852,-0.0176470684520492,-0.0223850464649852,0.581898195093973,1,0.00473898,0.904,0.25182534,0.04304762,0.00955769,21,1.0,0.12,0.02666667
126,100974271034,2021-11-19,0,4.685,4.68,-0.0163736873268656,-0.0158998466545873,-0.0163726873268656,0.581898195093973,1,0.00047384,0.899,0.25167638,0.04280952,0.0095015,21,1.0,0.12,0.02666667
127,100974271034,2021-11-22,0,4.745,4.52,-0.0070898284169676,-0.0060579435020678,-0.0070888284169676,0.581898195093973,1,0.00103188,1.646,0.42657473,0.07838095,0.01717116,21,1.0,0.225,0.04741834
128,100974271034,2021-11-23,0,4.56,4.74,-0.0113515105286521,-0.0069960633637632,-0.0113505105286521,0.581898195093973,1,0.00435545,1.074,0.31219545,0.05114286,0.01127544,21,1.0,0.18,0.03947368
129,100974271034,2021-11-24,0,4.585,4.62,-0.022838177585535,-0.0223060346761328,-0.022837177585535,0.581898195093973,1,0.00053214,1.989,0.50069052,0.09471429,0.02103102,21,1.0,0.22,0.05022831
130,100974271034,2021-11-25,0,4.665,4.59,-0.0286952450439502,-0.0261577560200315,-0.0286942450439502,0.581898195093973,1,0.00253749,1.034,0.29818786,0.0492381,0.01081824,21,1.0,0.18,0.03947368
131,100974271034,2021-11-26,0,4.4,4.59,-0.0282954184086918,-0.016966460374954,-0.0282944184086918,0.581898195093973,1,0.01132896,1.91,0.49869831,0.09095238,0.0202134,21,1.0,0.22,0.05022831
132,100974271034,2021-11-29,0,4.56,4.56,-0.0217890192253414,-0.0213491892148265,-0.0217880192253414,0.581898195093973,1,0.00043983,1.69,0.44754888,0.08047619,0.01782157,20,0.952381,0.19,0.04318182
133,100974271034,2021-11-30,0,4.515,4.7,-0.0218976824535844,-0.0165728626247205,-0.0218966824535844,0.581898195093973,1,0.00532482,1.73,0.4620606,0.08238095,0.01822285,20,0.952381,0.19,0.04318182
134,100974271034,2021-12-01,0,4.605,4.56,-0.0225869490003246,-0.0192428977497588,-0.0225859490003246,0.581898195093973,1,0.00334405,1.725,0.44410021,0.08214286,0.01803423,21,1.0,0.19,0.04318182
135,100974271034,2021-12-02,0,4.52,4.61,-0.0219358818695046,-0.0203498079796837,-0.0219348818695046,0.581898195093973,1,0.00158607,1.485,0.43866274,0.07071429,0.01557771,21,1.0,0.26,0.05909091
136,100974271034,2021-12-03,0,4.48,4.87,-0.0167487113700347,-0.0165222731568326,-0.0167477113700347,0.581898195093973,1,0.00022644,2.295,0.65797036,0.10928571,0.02416053,20,0.952381,0.39,0.08705357
137,100974271034,2021-12-06,0,4.4,4.27,-0.0080779358181466,-0.0004667406710336,-0.0080769358181466,0.581898195093973,1,0.0076112,2.495,0.67225367,0.11880952,0.02625164,21,1.0,0.285,0.06334842
138,100974271034,2021-12-07,0,4.46,4.46,-0.0043644552264762,-0.0023192428231769,-0.0043634552264762,0.581898195093973,1,0.00204521,2.525,0.72327381,0.1202381,0.02604625,20,0.952381,0.385,0.08113804
139,100974271034,2021-12-08,0,4.52,4.52,-0.0051138286027492,-0.0047675202239698,-0.0051128286027492,0.581898195093973,1,0.00034631,2.225,0.5928111,0.10595238,0.0232892,19,0.904762,0.34,0.07727273
140,100974271034,2021-12-09,0,4.5,4.48,-0.0068313754499422,-0.00585952764162,-0.0068303754499422,0.581898195093973,1,0.00097185,2.115,0.57872705,0.10071429,0.02214625,19,0.904762,0.34,0.07727273
141,100974271034,2021-12-10,0,4.485,4.5,-0.0061402613417401,-0.0005955294400227,-0.0061392613417401,0.581898195093973,1,0.00554473,2.245,0.5991035,0.10690476,0.02347129,20,0.952381,0.28,0.06363636
142,100974271034,2021-12-13,0,4.53,4.5,-0.0080264678956516,-0.0073514504581716,-0.0080254678956516,0.581898195093973,1,0.00067502,2.01,0.56462377,0.09571429,0.02105157,19,0.904762,0.34,0.07727273
143,100974271034,2021-12-14,0,4.445,4.5,-0.0111427438062492,-0.0095762094934008,-0.0111417438062492,0.581898195093973,1,0.00156653,1.995,0.56296092,0.095,0.02090332,19,0.904762,0.34,0.07727273
144,100974271034,2021-12-15,0,4.395,4.5,-0.0132355018717215,-0.0111525602396649,-0.0132345018717215,0.581898195093973,1,0.00208294,2.055,0.57089841,0.09785714,0.02156742,19,0.904762,0.34,0.07727273
145,100974271034,2021-12-16,0,4.65,4.5,-0.0222617021209017,-0.0187940710657427,-0.0222607021209017,0.581898195093973,1,0.00346763,2.095,0.57993534,0.0997619,0.02197462,19,0.904762,0.34,0.07727273
146,100974271034,2021-12-17,0,4.72,4.5,-0.0222461791337625,-0.0198425549746125,-0.0222451791337625,0.581898195093973,1,0.00240362,2.165,0.60185131,0.10309524,0.0226679,19,0.904762,0.34,0.07727273
147,100974271034,2021-12-20,0,4.64,4.4,-0.013944324213355,-0.0090773706197586,-0.013943324213355,0.581898195093973,1,0.00486695,2.22,0.60811183,0.10571429,0.02301734,19,0.904762,0.245,0.05320304
148,100974271034,2021-12-21,0,4.705,4.6,-0.0166088721071903,-0.0117175613529362,-0.0166078721071903,0.581898195093973,1,0.00489131,1.77,0.4874423,0.08428571,0.01869953,21,1.0,0.22,0.04867257
149,100974271034,2021-12-22,0,4.585,4.6,-0.0025742038156714,0.0004842924267991,-0.0025732038156714,0.581898195093973,1,0.0030585,1.755,0.48674942,0.08357143,0.01854204,21,1.0,0.22,0.04867257
150,100974271034,2021-12-23,0,4.63,4.6,0.0052331227423796,0.0087262456692103,0.0052341227423796,0.581898195093973,1,0.00349312,2.94,0.72055534,0.14,0.03099959,21,1.0,0.27,0.06136364
151,100974271034,2021-12-24,0,4.656000000000001,4.5,0.0112083345271858,0.017374782239709,0.0112093345271858,0.581898195093973,1,0.00616645,2.301,0.59144822,0.10957143,0.02417287,21,1.0,0.245,0.05454545
152,100974271034,2021-12-27,0,4.52,4.7,0.0059464552775142,0.0089631519759991,0.0059474552775142,0.581898195093973,1,0.0030167,2.221,0.60150727,0.1057619,0.02311163,19,0.904762,0.305,0.06482465
153,100974271034,2021-12-28,0,4.52,4.5,0.001284317184976,0.004153214884754,0.001285317184976,0.581898195093973,1,0.0028689,1.421,0.41989403,0.06766667,0.0148488,21,1.0,0.256,0.05498282
154,100974271034,2021-12-29,0,4.52,4.4,-0.0018511087482545,0.0003304165956092,-0.0018501087482545,0.581898195093973,1,0.00218153,1.936,0.50078538,0.09219048,0.02022025,21,1.0,0.225,0.04885993
155,100974271034,2021-12-30,0,4.52,4.52,-0.0058606326042674,-0.00153196428907,-0.0058596326042674,0.581898195093973,1,0.00432867,1.681,0.52778878,0.08004762,0.01753094,19,0.904762,0.32,0.06779661
156,100974271034,2021-12-31,0,4.59,4.52,-0.0162331002212282,-0.0121272534384656,-0.0162321002212282,0.581898195093973,1,0.00410585,1.271,0.39020636,0.06052381,0.01324265,19,0.904762,0.25,0.05376344
157,100974271034,2022-01-03,0,4.62,4.52,-0.013515875193796,-0.0125279740087118,-0.013514875193796,0.581898195093973,1,0.0009879,1.711,0.52579559,0.08147619,0.01780072,19,0.904762,0.32,0.06779661
158,100974271034,2022-01-04,0,4.63,4.46,-0.0196805872070182,-0.0161297466745217,-0.0196795872070182,0.581898195093973,1,0.00355084,1.661,0.49209857,0.07909524,0.01728108,20,0.952381,0.256,0.05498282
159,100974271034,2022-01-05,0,4.595,4.52,-0.0220766131653341,-0.0209730092423478,-0.0220756131653341,0.581898195093973,1,0.0011036,1.726,0.49768062,0.08219048,0.01795155,20,0.952381,0.256,0.05498282
160,100974271034,2022-01-06,0,4.590999999999999,4.59,-0.0273231215055179,-0.023797193192953,-0.0273221215055179,0.581898195093973,1,0.00352593,1.107,0.37321174,0.05271429,0.01146411,19,0.904762,0.25,0.05376344
161,100974271034,2022-01-07,0,4.535,4.59,-0.0296607541288294,-0.0287136604347644,-0.0296597541288294,0.581898195093973,1,0.00094709,1.142,0.37671209,0.05438095,0.01182998,19,0.904762,0.25,0.05376344
162,100974271034,2022-01-10,0,4.55,4.59,-0.0334834660596592,-0.030923305571749,-0.0334824660596592,0.581898195093973,1,0.00256016,1.595,0.50379262,0.07595238,0.01651286,19,0.904762,0.32,0.06779661
163,100974271034,2022-01-11,0,4.64,4.5,-0.0329526067329335,-0.0189213023430812,-0.0329516067329335,0.581898195093973,1,0.0140313,1.987,0.50701775,0.09461905,0.02063097,21,1.0,0.22,0.04661017
164,100974271034,2022-01-12,0,4.71,4.7,-0.0332101217983731,-0.0166474167064159,-0.0332091217983731,0.581898195093973,1,0.01656271,2.052,0.55051067,0.09771429,0.021332,19,0.904762,0.24,0.05172414
165,100974271034,2022-01-13,0,4.7,4.59,-0.0267090427303127,-0.0153726392059815,-0.0267080427303127,0.581898195093973,1,0.0113364,1.957,0.5226251,0.09319048,0.02022535,19,0.904762,0.24,0.05172414
166,100974271034,2022-01-14,0,4.655,4.63,-0.0215693787495151,-0.0013374199580781,-0.0215683787495151,0.581898195093973,1,0.02023196,1.932,0.52082819,0.092,0.01996906,19,0.904762,0.24,0.05172414
167,100974271034,2022-01-17,0,4.775,4.66,-0.0149120695096152,-0.0011578464757023,-0.0149110695096152,0.581898195093973,1,0.01375422,2.027,0.53299812,0.09652381,0.02091413,19,0.904762,0.24,0.05172414
168,100974271034,2022-01-18,0,4.77,4.57,-0.0117932439774783,0.0023336241510267,-0.0117922439774783,0.581898195093973,1,0.01412687,1.895,0.56289164,0.0902381,0.01949203,19,0.904762,0.305,0.06482465
169,100974271034,2022-01-19,0,4.97,4.5,-0.0103336502461069,-0.0007983670535408,-0.0103326502461069,0.581898195093973,1,0.00953528,2.06,0.6668748,0.09809524,0.02090835,19,0.904762,0.47,0.0945674
170,100974271034,2022-01-20,0,4.98,4.97,-0.0155193621630332,-0.0139535544505659,-0.0155183621630332,0.581898195093973,1,0.00156581,1.057,0.34049523,0.05033333,0.01073809,19,0.904762,0.2,0.04024145
171,100974271034,2022-01-21,0,4.86,4.5,-0.012469192998077,0.0024009907880843,-0.012468192998077,0.581898195093973,1,0.01487018,2.223,0.7049234,0.10585714,0.02227243,20,0.952381,0.41,0.08232932
172,100974271034,2022-01-24,0,4.76,4.51,-0.0077273550779983,-0.0044164621833921,-0.0077263550779983,0.581898195093973,1,0.00331089,2.429,0.7466465,0.11566667,0.02432343,20,0.952381,0.41,0.08232932
173,100974271034,2022-01-25,0,4.7,4.86,-0.0017358272397751,0.0025038285490997,-0.0017348272397751,0.581898195093973,1,0.00423966,2.009,0.53293621,0.09566667,0.02021578,19,0.904762,0.22,0.04621849
174,100974271034,2022-01-26,0,4.8,4.86,-0.0005573729857214,0.0027448048544444,-0.0005563729857214,0.581898195093973,1,0.00330218,2.269,0.62860242,0.10804762,0.02278258,20,0.952381,0.31,0.06237425
175,100974271034,2022-01-27,0,4.735,4.86,0.0004204979986666,0.0009598726342899,0.0004214979986666,0.581898195093973,1,0.00053937,2.556,0.66874958,0.12171429,0.02565782,21,1.0,0.32,0.06425703
176,100974271034,2022-01-28,0,4.7,4.74,-0.0035718355414529,-0.0014194314066387,-0.0035708355414529,0.581898195093973,1,0.0021524,1.256,0.35060804,0.05980952,0.01258487,21,1.0,0.2,0.04024145
177,100974271034,2022-01-31,0,4.78,4.8,-0.0036507287217808,-0.0010657042103128,-0.0036497287217808,0.581898195093973,1,0.00258502,2.104,0.60964416,0.10019048,0.0210321,20,0.952381,0.31,0.06237425
178,100974271034,2022-02-01,0,5.0,4.78,-0.0096386874865972,-0.0037241173076489,-0.0096376874865972,0.581898195093973,1,0.00591457,1.456,0.4146396,0.06933333,0.01444165,21,1.0,0.22,0.044
179,100974271034,2022-02-02,0,5.03,4.87,-0.0009667565216539,-0.0003831331602771,-0.0009657565216539,0.581898195093973,1,0.00058362,3.286,0.86793202,0.15647619,0.03267258,19,0.904762,0.36,0.07243461
180,100974271034,2022-02-03,0,4.965,4.7,-0.0013438613753678,0.0012940474653146,-0.0013428613753678,0.581898195093973,1,0.00263791,3.256,0.85819928,0.15504762,0.03215702,19,0.904762,0.36,0.07243461
181,100974271034,2022-02-04,0,5.03,4.41,0.0154204517371775,0.0187604769843029,0.0154214517371775,0.581898195093973,1,0.00334003,6.695,1.82434235,0.31880952,0.06542702,20,0.952381,0.85,0.17
182,100974271034,2022-02-07,0,4.95,4.31,0.0201178234134739,0.0278069972276168,0.0201188234134739,0.581898195093973,1,0.00768917,7.25,1.93147612,0.3452381,0.0706913,20,0.952381,0.85,0.17
183,100974271034,2022-02-08,0,4.86,4.95,0.0127405976821745,0.0199934411430204,0.0127415976821745,0.581898195093973,1,0.00725284,1.66,0.43634848,0.07904762,0.01630576,21,1.0,0.22,0.044
184,100974271034,2022-02-09,0,4.87,4.95,0.0074118711244476,0.0076266902210978,0.0074128711244476,0.581898195093973,1,0.00021482,2.42,0.64815122,0.1152381,0.02372285,20,0.952381,0.3,0.06
185,100974271034,2022-02-10,0,4.815,4.16,0.0130703364984416,0.209374012999723,0.0130713364984416,0.581898195093973,1,0.19630368,5.435,1.66238533,0.25880952,0.05305288,20,0.952381,0.805,0.16213494
186,100974271034,2022-02-11,0,4.755,4.95,0.0125104490761279,0.0145092120672648,0.0125114490761279,0.581898195093973,1,0.00199876,3.43,0.85325846,0.16333333,0.03349551,21,1.0,0.32,0.06425703
187,100974271034,2022-02-14,0,4.595,4.82,0.0135398282560798,0.0136530877070653,0.0135408282560798,0.581898195093973,1,0.00011326,2.53,0.67360968,0.12047619,0.02486312,20,0.952381,0.3,0.06
188,100974271034,2022-02-15,0,4.645,4.76,0.0080684811485791,0.0089237217306753,0.0080694811485791,0.581898195093973,1,0.00085524,2.57,0.6792275,0.12238095,0.02529412,20,0.952381,0.3,0.06
189,100974271034,2022-02-16,0,4.64,4.64,-0.0084599926166942,-0.0020161972871922,-0.0084589926166942,0.581898195093973,1,0.0064438,1.67,0.4467102,0.07952381,0.01643251,20,0.952381,0.22,0.044
190,100974271034,2022-02-17,0,4.585,5.0,-0.0006782346410537,0.0026048328437444,-0.0006772346410537,0.581898195093973,1,0.00328307,3.295,0.89166978,0.15690476,0.03255781,20,0.952381,0.415,0.09051254
191,100974271034,2022-02-18,0,4.67,4.86,0.0116930592052404,0.0144312392265576,0.0116940592052404,0.581898195093973,1,0.00273818,3.865,1.01836879,0.18404762,0.03864062,20,0.952381,0.435,0.09466812
192,100974271034,2022-02-21,0,4.6,4.59,0.0068755778601265,0.0116642477555106,0.0068765778601265,0.581898195093973,1,0.00478867,2.095,0.60288888,0.0997619,0.02078349,20,0.952381,0.3,0.06
193,100974271034,2022-02-22,0,4.6,4.64,0.0154924824069499,0.0185969043183718,0.0154934824069499,0.581898195093973,1,0.00310442,4.255,1.16399098,0.20261905,0.04158825,21,1.0,0.44,0.08747515
194,100974271034,2022-02-23,0,4.685,4.6,0.0015757199280748,0.0048878701977708,0.0015767199280748,0.581898195093973,1,0.00331215,1.47,0.39115214,0.07,0.0146121,19,0.904762,0.22,0.044
195,100974271034,2022-02-24,0,4.2,4.59,0.0028627645850841,0.00306248333967,0.0028637645850841,0.581898195093973,1,0.00019972,4.02,1.00324474,0.19142857,0.04045802,21,1.0,0.39,0.09285714
196,100974271034,2022-02-25,0,4.53,4.52,0.0107189655182274,0.0120714851465505,0.0107199655182274,0.581898195093973,1,0.00135252,5.135,1.40821696,0.24452381,0.05078186,21,1.0,0.58,0.116
197,100974271034,2022-02-28,0,4.3,4.47,0.0329190204187138,0.2038790096820207,0.0329200204187138,0.581898195093973,1,0.17095999,4.635,1.26010912,0.22071429,0.04680773,21,1.0,0.52,0.11666667
198,100974271034,2022-03-01,0,4.16,4.39,0.0568247008725538,0.2242263176560019,0.0568257008725538,0.581898195093973,1,0.16740162,5.245,1.461908,0.2497619,0.05242297,21,1.0,0.82,0.16302187
199,100974271034,2022-03-02,0,4.06,4.7,0.0754572067805698,0.1945163984960929,0.0754582067805698,0.581898195093973,1,0.11905919,5.475,1.44179576,0.26071429,0.05757419,21,1.0,0.64,0.15763547
200,100974271034,2022-03-03,0,4.15,4.08,0.082150062952636,0.2189993808467341,0.082151062952636,0.581898195093973,1,0.13684932,5.435,1.58536273,0.25880952,0.05780625,21,1.0,0.82,0.1952381
201,100974271034,2022-03-04,0,3.92,4.06,0.0846206807776673,0.2143209790012465,0.0846216807776673,0.581898195093973,1,0.1297003,5.01,1.49397122,0.23857143,0.05198116,21,1.0,0.88,0.1749503
202,100974271034,2022-03-07,0,4.118,4.18,0.0920701696082253,0.2386433563994924,0.0920711696082253,0.581898195093973,1,0.14657319,6.092,1.88962801,0.29009524,0.06723932,21,1.0,1.07,0.27295918
203,100974271034,2022-03-08,0,3.67,4.15,0.1611562037224048,0.2550118733943561,0.1611572037224048,0.581898195093973,1,0.09385567,5.342,1.32421826,0.25438095,0.05875837,20,0.952381,0.58,0.13488372
204,100974271034,2022-03-09,0,3.92,4.36,0.1986171192545328,0.2251087411703502,0.1986181192545328,0.581898195093973,1,0.02649162,5.632,1.70199706,0.26819048,0.06326812,21,1.0,0.92,0.2506812
205,100974271034,2022-03-10,0,3.8,3.7,0.2119045969810589,0.2239061966485072,0.2119055969810589,0.581898195093973,1,0.0120016,5.362,1.46094969,0.25533333,0.06057565,21,1.0,0.71,0.19346049
206,100974271034,2022-03-11,0,3.84,3.8,0.2155342342754737,0.2198768583666475,0.2155352342754737,0.581898195093973,1,0.00434262,3.233,0.92683817,0.15395238,0.03712575,19,0.904762,0.48,0.1226158
207,100974271034,2022-03-14,0,3.925,3.84,0.169767939211895,0.2130739160711813,0.169768939211895,0.581898195093973,1,0.04330598,3.253,0.92845517,0.15490476,0.03750604,19,0.904762,0.48,0.1226158
208,100974271034,2022-03-15,0,4.165,3.8,0.1904033477390152,0.2150811715083403,0.1904043477390152,0.581898195093973,1,0.02467782,3.543,1.07614544,0.16871429,0.0413904,20,0.952381,0.48,0.13079019
209,100974271034,2022-03-16,0,4.355,4.62,0.2313657908353535,0.2319093910390894,0.2313667908353535,0.581898195093973,1,0.0005436,5.513,1.68072871,0.26252381,0.06452448,21,1.0,0.96,0.26158038
210,100974271034,2022-03-17,0,4.145,4.19,0.2268780658291433,0.2843610860049803,0.2268790658291433,0.581898195093973,1,0.05748302,5.142,1.47433171,0.24485714,0.05911991,21,1.0,0.752,0.18261292
211,100974271034,2022-03-18,0,4.24,4.15,0.2473511900602116,0.3013526723816511,0.2473521900602116,0.581898195093973,1,0.05400148,6.133,1.67437421,0.29204762,0.07117122,21,1.0,0.88,0.23157895
212,100974271034,2022-03-21,0,4.365,4.24,0.2449384859245003,0.2509224073859306,0.2449394859245003,0.581898195093973,1,0.00598392,3.778,0.99611947,0.17990476,0.04373536,20,0.952381,0.48,0.1226158
213,100974271034,2022-03-22,0,4.39,3.67,0.2570102106016704,0.2851574389222768,0.2570112106016704,0.581898195093973,1,0.02814723,6.222,1.71605186,0.29628571,0.0711696,21,1.0,0.722,0.19073569
214,100974271034,2022-03-23,0,4.28,4.24,0.248694417987159,0.2531042225494577,0.248695417987159,0.581898195093973,1,0.0044098,4.278,1.2234435,0.20371429,0.0498153,20,0.952381,0.515,0.13079019
215,100974271034,2022-03-24,0,4.1,4.39,0.2500686186543082,0.2507535324514448,0.2500696186543082,0.581898195093973,1,0.00068491,3.867,1.0110633,0.18414286,0.04459826,21,1.0,0.435,0.09988519
216,100974271034,2022-03-25,0,4.275,4.1,0.2513849375883546,0.2578414801615679,0.2513859375883546,0.581898195093973,1,0.00645654,3.638,0.90871007,0.1732381,0.04229377,21,1.0,0.45,0.1226158
217,100974271034,2022-03-28,0,4.29,4.28,0.2562341019235109,0.2564426292306409,0.2562351019235109,0.581898195093973,1,0.00020853,3.318,0.84673136,0.158,0.03893583,21,1.0,0.45,0.1226158
218,100974271034,2022-03-29,0,4.4,4.29,0.2578783184278357,0.2594011620051691,0.2578793184278357,0.581898195093973,1,0.00152284,3.198,0.82228584,0.15228571,0.03757924,21,1.0,0.45,0.1226158
219,100974271034,2022-03-30,0,4.42,4.29,0.2586419286576332,0.2589315272803227,0.2586429286576331,0.581898195093973,1,0.0002896,3.292,0.87193692,0.1567619,0.03800751,21,1.0,0.435,0.09988519
220,100974271034,2022-03-31,0,4.445,4.29,0.2534952637338399,0.2565357401355131,0.2534962637338399,0.581898195093973,1,0.00304048,3.883,1.08597376,0.18490476,0.04504052,20,0.952381,0.515,0.13079019
221,100974271034,2022-04-01,0,4.4,4.4,0.2608386443764048,0.2678531418006482,0.2608396443764048,0.581898195093973,1,0.0070145,3.733,1.0755645,0.1777619,0.04331935,19,0.904762,0.515,0.13079019
222,100974271034,2022-04-04,0,4.42,4.4,0.2719387110728839,0.2727603883922264,0.2719397110728839,0.581898195093973,1,0.00082168,2.753,0.76777536,0.13109524,0.03221701,21,1.0,0.45,0.1226158
223,100974271034,2022-04-05,0,4.385,4.42,0.2756255413202406,0.2765492960096953,0.2756265413202406,0.581898195093973,1,0.00092375,2.59,0.74263046,0.12333333,0.03030749,21,1.0,0.45,0.1226158
224,100974271034,2022-04-06,0,4.3,4.27,0.2798799612170519,0.3075248249692188,0.2798809612170518,0.581898195093973,1,0.02764486,5.14,1.43655839,0.2447619,0.05810332,21,1.0,0.75,0.16968326
225,100974271034,2022-04-07,0,4.28,4.3,0.2743534235310264,0.2760485038096897,0.2743544235310263,0.581898195093973,1,0.00169508,2.0,0.54313902,0.0952381,0.02265091,21,1.0,0.245,0.05882353
226,100974271034,2022-04-08,0,4.3,4.39,0.2547050335002466,0.2732473227469966,0.2547060335002465,0.581898195093973,1,0.01854229,3.03,0.89721792,0.14428571,0.03386268,19,0.904762,0.515,0.11825488
227,100974271034,2022-04-11,0,4.35,4.3,0.2523234365289017,0.2586018781616741,0.2523244365289017,0.581898195093973,1,0.00627844,2.91,0.88238314,0.13857143,0.03230189,19,0.904762,0.515,0.11825488
228,100974271034,2022-04-12,0,4.35,4.28,0.2462543352421769,0.2517977988363608,0.2462553352421769,0.581898195093973,1,0.00554346,2.975,0.88514123,0.14166667,0.03300751,19,0.904762,0.515,0.11825488
229,100974271034,2022-04-13,0,4.38,4.22,0.2692742091461533,0.3425617247981292,0.2692752091461532,0.581898195093973,1,0.07328752,6.53,1.70233663,0.31095238,0.07182512,21,1.0,0.715,0.16305587
230,100974271034,2022-04-14,0,4.46,4.35,0.2600641466086925,0.2610700249829559,0.2600651466086924,0.581898195093973,1,0.00100588,2.285,0.63523618,0.10880952,0.02524744,19,0.904762,0.3,0.06818182
231,100974271034,2022-04-15,0,4.368,4.46,0.2488374730893497,0.2505360486298467,0.2488384730893497,0.581898195093973,1,0.00169858,1.372,0.38231401,0.06533333,0.01516868,20,0.952381,0.18,0.04390244
232,100974271034,2022-04-18,0,4.381600000000001,4.35,0.2434551882121877,0.2495439270040882,0.2434561882121877,0.581898195093973,1,0.00608874,2.5196,0.73452199,0.11998095,0.02745388,21,1.0,0.445,0.10194731
233,100974271034,2022-04-19,0,4.495,4.38,0.2436815666955843,0.2457135685269732,0.2436825666955843,0.581898195093973,1,0.002032,1.2736,0.36592152,0.06064762,0.01402629,20,0.952381,0.18,0.04390244
234,100974271034,2022-04-20,0,4.57,4.38,0.2406417530377403,0.242929485954691,0.2406427530377403,0.581898195093973,1,0.00228773,2.1796,0.58798177,0.10379048,0.02362028,21,1.0,0.345,0.0776153
235,100974271034,2022-04-21,0,4.63,4.35,0.2445459477649885,0.2542921106321497,0.2445469477649886,0.581898195093973,1,0.00974616,2.5536,0.7005302,0.1216,0.02756688,21,1.0,0.285,0.0649943
236,100974271034,2022-04-22,0,4.565,4.49,0.2382213482458362,0.2423690029655688,0.2382223482458362,0.581898195093973,1,0.00414765,2.0046,0.5696065,0.09545714,0.02155494,19,0.904762,0.3,0.06818182
237,100974271034,2022-04-25,0,4.565,4.57,0.219211300126053,0.229351857089451,0.219212300126053,0.581898195093973,1,0.01014056,0.9886,0.2685583,0.04707619,0.01061799,20,0.952381,0.115,0.02558398
238,100974271034,2022-04-26,0,4.5,4.57,0.2278491229742651,0.2296016125033285,0.2278501229742651,0.581898195093973,1,0.00175249,1.0486,0.27735097,0.04993333,0.01124773,20,0.952381,0.115,0.02558398
239,100974271034,2022-04-27,0,4.27,4.57,0.2303880257001821,0.232685932173403,0.2303890257001821,0.581898195093973,1,0.00229791,2.0146,0.57275785,0.09593333,0.02168963,19,0.904762,0.3,0.07025761
240,100974271034,2022-04-28,0,4.26,4.38,0.2180174293965347,0.2318858797572181,0.2180184293965347,0.581898195093973,1,0.01386845,2.6154,0.71776567,0.12454286,0.02793044,20,0.952381,0.33,0.0712743
241,100974271034,2022-04-29,0,4.195,4.46,0.2139056731323116,0.2363507028159606,0.2139066731323116,0.581898195093973,1,0.02244503,2.7954,0.76038645,0.13311429,0.03002795,20,0.952381,0.33,0.0712743
242,100974271034,2022-05-02,0,4.30625,4.63,0.2315498087693263,0.2364789001221776,0.2315508087693263,0.581898195093973,1,0.00492909,3.25835,0.84479916,0.15515952,0.03530557,21,1.0,0.375,0.08939213
243,100974271034,2022-05-03,0,3.97,4.31,0.2163901041487283,0.21976685325323,0.2163911041487283,0.581898195093973,1,0.00337675,1.57485,0.4949875,0.07499286,0.01748507,20,0.952381,0.34,0.08564232
244,100974271034,2022-05-04,0,3.98,3.97,0.1770482604121421,0.1860905735000531,0.1770492604121421,0.581898195093973,1,0.00904231,1.54985,0.4938498,0.07380238,0.01722464,20,0.952381,0.34,0.08564232
245,100974271034,2022-05-05,0,4.02,4.31,0.1833022628450055,0.2106946696451558,0.1833032628450055,0.581898195093973,1,0.02739241,3.00585,0.82294631,0.14313571,0.03358168,21,1.0,0.31,0.07304786
246,100974271034,2022-05-06,0,3.86,4.37,0.1814221109390027,0.2240350456180529,0.1814231109390027,0.581898195093973,1,0.04261293,3.52335,1.02842045,0.16777857,0.03999727,21,1.0,0.51,0.13212435
247,100974271034,2022-05-09,0,3.725,3.86,0.1657145808722701,0.1939045636204345,0.1657155808722701,0.581898195093973,1,0.02818998,1.75485,0.52954001,0.08356429,0.01995741,20,0.952381,0.34,0.08564232
248,100974271034,2022-05-10,0,3.71,3.86,0.1667878519850897,0.1979707925452795,0.1667888519850897,0.581898195093973,1,0.03118294,2.71165,0.73881975,0.12912619,0.03111305,21,1.0,0.33,0.08291457
249,100974271034,2022-05-11,0,3.9,3.86,0.1618645577961129,0.1673244886155902,0.1618655577961129,0.581898195093973,1,0.00545993,3.17085,0.86888758,0.15099286,0.03624121,21,1.0,0.31,0.08355795
250,100974271034,2022-05-12,0,3.75,3.9,0.1448028649184212,0.1606067928356754,0.1448038649184212,0.581898195093973,1,0.01580393,2.02485,0.57940713,0.09642143,0.02343693,21,1.0,0.34,0.08564232
251,100974271034,2022-05-13,0,3.845,3.9,0.1446684055498298,0.1538752940950845,0.1446694055498298,0.581898195093973,1,0.00920689,2.79665,0.75324606,0.13317381,0.03245198,21,1.0,0.33,0.08291457
252,100974271034,2022-05-16,0,3.93,4.36,0.1543557993081531,0.1821573359074325,0.1543567993081531,0.581898195093973,1,0.02780154,3.30465,0.8758194,0.15736429,0.03842768,21,1.0,0.43,0.10941476
253,100974271034,2022-05-17,0,3.98,4.36,0.1597529942007894,0.1820418458075484,0.1597539942007894,0.581898195093973,1,0.02228885,2.80625,0.74218533,0.13363095,0.03292893,21,1.0,0.38,0.09547739
254,100974271034,2022-05-18,0,4.02,4.4,0.1695793419174725,0.182986515482548,0.1695803419174725,0.581898195093973,1,0.01340717,2.70125,0.84449042,0.12863095,0.03157058,21,1.0,0.41,0.10604027
255,100974271034,2022-05-19,0,3.8,4.1,0.1784059603610291,0.1965020903470729,0.1784069603610291,0.581898195093973,1,0.01809613,2.93125,0.89345625,0.13958333,0.03460059,21,1.0,0.41,0.10604027
256,100974271034,2022-05-20,0,3.725,3.8,0.1721871453069448,0.1738246606276846,0.1721881453069448,0.581898195093973,1,0.00163752,2.10625,0.60119802,0.10029762,0.02523084,21,1.0,0.34,0.08564232
257,100974271034,2022-05-23,0,3.74,3.7,0.1654209812319273,0.1805358116766289,0.1654219812319273,0.581898195093973,1,0.01511483,2.08125,0.5990109,0.09910714,0.02506209,21,1.0,0.34,0.08564232365
366,AU3CB0228823,2021-10-26,0,68.56121019999999,68.339264,0.0198406306930797,0.0202235803008079,0.0198416306930797,0.0212459038218706,1,0.00038295,4.72038957,1.26538791,0.22478046,0.00330486,21,1.0,0.55168951,0.00807313
372,AU3CB0228823,2021-11-03,0,67.703935,68.468498,0.0264252146840773,0.0270863827317953,0.0264262146840773,0.0270863833614913,1,0.00066117,5.93941274,1.70175502,0.28282918,0.00414991,21,1.0,0.88415936,0.01293044
375,AU3CB0228823,2021-11-08,0,67.4985612,67.703934,0.0242170867676218,0.0261885710060596,0.0242180867676218,0.0270863833614913,1,0.00197148,6.81441592,1.98190013,0.324496,0.00476814,21,1.0,1.0672375,0.01581234
376,AU3CB0228823,2021-11-09,0,67.55456260000001,67.742905,0.0249901123690517,0.0257048215717077,0.0249911123690517,0.0270863833614913,1,0.00071471,10.84489709,2.85736802,0.51642367,0.00758081,21,1.0,1.36685951,0.0200019
377,AU3CB0228823,2021-11-10,0,66.883129605,68.367516,0.0223181831599123,0.0227260310202837,0.0223191831599124,0.0270863833614913,1,0.00040785,14.94178062,3.78947049,0.71151336,0.01046765,21,1.0,1.4843864,0.02219373
381,AU3CB0228823,2021-11-16,0,67.70952100000001,67.241295,0.026081254656655,0.0276842545717954,0.026082254656655,0.0285402331574962,1,0.001603,6.55425112,1.78228694,0.3121072,0.00460375,21,1.0,0.88415936,0.01293044
384,AU3CB0228823,2021-11-19,0,67.12096,67.398247,0.0328453773609702,0.0329542718827724,0.0328463773609702,0.0329542708025738,0,0.00010889,6.52971289,1.79287929,0.31093871,0.00459392,21,1.0,0.88415936,0.01293044
385,AU3CB0228823,2021-11-22,0,67.10009657,67.120956,0.0305662461747974,0.032812014222145,0.0305672461747974,0.0329542708025738,1,0.00224577,6.23244722,1.76455311,0.2967832,0.00438705,21,1.0,0.88415936,0.01293044
386,AU3CB0228823,2021-11-23,0,67.16569137,67.398247,0.0324569308755841,0.0329542718827724,0.0324579308755841,0.0329542708025738,0,0.00049734,9.92982631,2.54181412,0.47284887,0.00700652,21,1.0,1.0672375,0.01581234
387,AU3CB0228823,2021-11-24,0,67.2322391,67.054443,0.029269659006297,0.0299305990338325,0.029270659006297,0.0329542708025738,1,0.00066094,11.73284963,3.20057539,0.55870713,0.00829335,21,1.0,1.5182752,0.02270832
388,AU3CB0228823,2021-11-25,0,67.265080945,67.232239,0.0295856292169822,0.029671773314476,0.0295866292169822,0.0329542708025738,1,8.614e-05,5.98077483,1.74260697,0.2847988,0.00421417,21,1.0,0.88415936,0.01293044
390,AU3CB0228823,2021-11-29,0,66.37489422,67.232239,0.0316635970384822,0.0316937416791915,0.0316645970384822,0.0334124971878628,1,3.014e-05,9.39720658,2.39702798,0.44748603,0.00664476,21,1.0,0.85734478,0.0129167
391,AU3CB0228823,2021-11-30,0,66.46976688,66.374893,0.0287559574926382,0.0309368055313825,0.0287569574926382,0.0334124971878628,1,0.00218085,5.25293578,1.62639335,0.2501398,0.00372228,21,1.0,0.91258878,0.01374901
392,AU3CB0228823,2021-12-01,0,65.915532774,66.374893,0.0296201377893907,0.031112803146243,0.0296211377893907,0.0334124971878628,1,0.00149267,8.12593265,2.1869806,0.38694917,0.00576499,21,1.0,0.89018878,0.01341153
397,AU3CB0228823,2021-12-08,0,66.17783955,65.433334,0.0332990939684406,0.0380140654742717,0.0333000939684406,0.0428920755738343,1,0.00471497,5.96159517,1.79977958,0.28388548,0.0042691,21,1.0,0.91258878,0.01374901
398,AU3CB0228823,2021-12-09,0,66.464596,66.177841,0.0330851686672319,0.0342719815671443,0.0330861686672319,0.0428920755738343,1,0.00118681,5.57691478,1.69428731,0.26556737,0.0039965,21,1.0,0.91258878,0.01374901
399,AU3CB0228823,2021-12-10,0,66.54063151999999,66.177841,0.0308407635718673,0.0336588472127914,0.0308417635718673,0.0428920755738343,1,0.00281808,9.36346028,2.5221022,0.44587906,0.00670243,21,1.0,1.031262,0.01551596
400,AU3CB0228823,2021-12-13,0,66.6727272,65.433334,0.0363870359034061,0.0381314232945442,0.0363880359034061,0.0428920755738343,1,0.00174439,14.33368764,3.66759196,0.68255655,0.01027195,21,1.0,1.44997533,0.02202355
402,AU3CB0228823,2021-12-15,0,66.4066413,66.672729,0.0357869451135442,0.0381363667547702,0.0357879451135442,0.0428920755738343,1,0.00234942,8.78693178,2.3911975,0.41842532,0.0063019,21,1.0,1.031262,0.01551596
401,AU3CB0228823,2021-12-14,0,66.53159155,66.469765,0.0374435117972933,0.039296843111515,0.0374445117972933,0.0428920755738343,1,0.00185333,16.9869183,4.52753659,0.80890087,0.01221661,21,1.0,1.91146288,0.02932203
403,AU3CB0228823,2021-12-16,0,66.63360374999999,66.531593,0.0337866616780864,0.0368064865469932,0.0337876616780864,0.0428920755738343,1,0.00301982,8.42466358,2.34790902,0.40117446,0.00604826,21,1.0,1.031262,0.01551596
404,AU3CB0228823,2021-12-17,0,66.42393764,66.633606,0.0327973466204857,0.0351421758532524,0.0327983466204857,0.0428920755738343,1,0.00234483,4.9609341,1.58064581,0.23623496,0.0035688,21,1.0,0.91258878,0.01374901
405,AU3CB0228823,2021-12-20,0,66.52000515,66.423935,0.0325756904462081,0.0329833142459392,0.0325766904462081,0.0428920755738343,1,0.00040762,4.77971725,1.55909671,0.22760558,0.00344086,21,1.0,0.91258878,0.01374901
406,AU3CB0228823,2021-12-21,0,66.18265063000001,66.633606,0.0328590679710668,0.0333471447229385,0.0328600679710668,0.0428920755738343,1,0.00048808,10.11155269,2.86879283,0.48150251,0.00727166,21,1.0,1.37195023,0.02081376
407,AU3CB0228823,2021-12-22,0,66.62847,66.423935,0.0324835076955966,0.0338046513497829,0.0324845076955966,0.0428920755738343,1,0.00132114,10.08353206,2.86665742,0.48016819,0.00725297,21,1.0,1.37195023,0.02081376
408,AU3CB0228823,2021-12-23,0,66.9715932,66.520004,0.0327344638049,0.0344138108193874,0.0327354638049,0.0428920755738343,1,0.00167935,10.42383816,2.89987476,0.49637325,0.00749524,21,1.0,1.37195023,0.02081376
409,AU3CB0228823,2021-12-24,0,67.24669158,66.469765,0.0342623553078672,0.0366877950727939,0.0342633553078672,0.0428920755738343,1,0.00242544,22.72065745,5.31711862,1.08193607,0.01633541,21,1.0,1.77054023,0.02686074
410,AU3CB0228823,2021-12-27,0,67.226681445,67.246689,0.029075200848809,0.0342623553078672,0.029076200848809,0.0428920755738343,1,0.00518715,5.99287091,1.71067553,0.28537481,0.00430761,21,1.0,0.91258878,0.01374901
411,AU3CB0228823,2021-12-28,0,67.256170065,67.226685,0.027253668990217,0.0283824215318846,0.027254668990217,0.0428920755738343,1,0.00112875,5.10976719,1.44722557,0.24332225,0.00367377,21,1.0,0.74450555,0.01125007
412,AU3CB0228823,2021-12-29,0,67.252493,67.246689,0.0273181333301765,0.0392071356995452,0.0273191333301765,0.0428920755738343,1,0.011889,10.4370302,2.92757796,0.49700144,0.00749021,21,1.0,1.37195023,0.02081376
413,AU3CB0228823,2021-12-30,0,67.22674911,67.256172,0.0273301894955304,0.0308407145240028,0.0273311894955304,0.0428920755738343,1,0.00351053,6.93946224,2.10597441,0.33045058,0.00498103,21,1.0,1.031262,0.01551596
414,AU3CB0228823,2021-12-31,0,67.36774525,67.256172,0.028248047959692,0.0306032294535413,0.028249047959692,0.0428920755738343,1,0.00235518,8.639332,2.53221857,0.41139676,0.00618931,21,1.0,1.275959,0.01919757
416,AU3CB0228823,2022-01-04,0,66.86884576,67.195366,0.02480041965002,0.0252075852377883,0.02480141965002,0.0428920755738343,1,0.00040717,4.40308849,1.23450103,0.20967088,0.00315027,21,1.0,0.74450555,0.01125007
415,AU3CB0228823,2022-01-03,0,67.19536314000001,67.256172,0.0286324937719447,0.0300132192057644,0.0286334937719447,0.0428920755738343,1,0.00138073,9.77762722,2.90293091,0.4656013,0.00699908,21,1.0,1.35199452,0.02031833
417,AU3CB0228823,2022-01-05,0,67.23046041,66.868843,0.0252057590404181,0.0257335883277193,0.0252067590404181,0.0428920755738343,1,0.00052783,4.5200061,1.26288636,0.21523839,0.00322832,21,1.0,0.74450555,0.01125007
418,AU3CB0228823,2022-01-06,0,66.836381445,67.230461,0.0246917095847605,0.024959542766322,0.0246927095847605,0.0428920755738343,1,0.00026783,4.1695801,1.09356853,0.19855143,0.00297337,21,1.0,0.445822,0.00669116
419,AU3CB0228823,2022-01-07,0,66.40009855000001,66.83638,0.0226897360461373,0.0246917095847605,0.0226907360461373,0.0428920755738343,1,0.00200197,4.31910655,1.14193047,0.20567174,0.00308081,21,1.0,0.445822,0.00669116
420,AU3CB0228823,2022-01-10,0,66.2055645,66.868843,0.0249669994947884,0.0353340971837227,0.0249679994947884,0.0428920755738343,1,0.0103671,8.05963222,2.38795189,0.38379201,0.00574346,21,1.0,1.2393932,0.01858921
421,AU3CB0228823,2022-01-11,0,66.35750886,66.400101,0.0256504430802193,0.027275700971979,0.0256514430802193,0.0428920755738343,1,0.00162526,4.80161134,1.60950176,0.22864816,0.00342704,21,1.0,0.83036245,0.01250544
422,AU3CB0228823,2022-01-12,0,66.495087125,66.357506,0.0266734136184357,0.026927412848357,0.0266744136184357,0.0428920755738343,1,0.000254,4.45390487,1.15789277,0.21209071,0.00317852,21,1.0,0.445822,0.00669116
423,AU3CB0228823,2022-01-13,0,66.72487525000001,66.495087,0.0260017853591581,0.0284766187347217,0.0260027853591581,0.0428920755738343,1,0.00247483,4.55874142,1.17384214,0.21708292,0.00325291,21,1.0,0.445822,0.00669116
432,AU3CB0228823,2022-01-26,0,65.781142,66.138054,0.0335698025064394,0.0350473225116729,0.0335708025064394,0.0428920755738343,1,0.00147752,7.31302965,2.0690016,0.34823951,0.00524141,21,1.0,0.9898015,0.01495043
424,AU3CB0228823,2022-01-14,0,66.50412175,65.188637,0.0291569991097537,0.0389577807709304,0.0291579991097537,0.0428920755738343,1,0.00980078,9.28732577,2.65048156,0.44225361,0.00663629,21,1.0,1.31548475,0.0197805
425,AU3CB0228823,2022-01-17,0,66.06201684,66.177841,0.0291569991097537,0.0381547860555382,0.0291579991097537,0.0428920755738343,1,0.00899779,8.50433152,2.50181838,0.40496817,0.00607324,21,1.0,1.53623825,0.02302347
426,AU3CB0228823,2022-01-18,0,65.932982325,66.177841,0.0309577294959094,0.0375417939662803,0.0309587294959094,0.0428920755738343,1,0.00658406,8.05168708,2.29240646,0.38341367,0.00575531,21,1.0,1.31548475,0.0197805
427,AU3CB0228823,2022-01-19,0,66.13805642000001,66.177841,0.0298519127234219,0.0384554982262908,0.0298529127234219,0.0428920755738343,1,0.00860359,7.61409849,2.10498173,0.36257612,0.0054409,21,1.0,0.88738445,0.0133642
428,AU3CB0228823,2022-01-20,0,66.2413712,66.4646,0.0301650006557872,0.0390194366010433,0.0301660006557872,0.0428920755738343,1,0.00885444,7.58266429,2.10141046,0.36107925,0.00541937,21,1.0,0.88738445,0.0133642
429,AU3CB0228823,2022-01-21,0,66.518542532,66.062019,0.0302703178627221,0.0313317212315031,0.0302713178627221,0.0428920755738343,1,0.0010614,7.28495645,2.07216644,0.34690269,0.00521297,21,1.0,1.21146155,0.01824488
430,AU3CB0228823,2022-01-24,0,66.0564751665,66.241371,0.0316489483341862,0.0335751486400826,0.0316499483341862,0.0428920755738343,1,0.0019262,5.38638675,1.63880273,0.25649461,0.00386165,21,1.0,0.83036245,0.01250544
431,AU3CB0228823,2022-01-25,0,65.65639900000001,65.932983,0.0325231388617058,0.036931846314975,0.0325241388617058,0.0428920755738343,1,0.00440871,8.02963972,2.30343897,0.3823638,0.00574312,21,1.0,1.07352207,0.01596169
433,AU3CB0228823,2022-01-27,0,65.7794725,65.656403,0.0305803894641556,0.0325146343582875,0.0305813894641556,0.0428920755738343,1,0.00193424,6.35655274,1.85851783,0.30269299,0.00456968,21,1.0,0.86214,0.01313109
434,AU3CB0228823,2022-01-28,0,65.61242336,65.779472,0.0287457617471668,0.0294316831661507,0.0287467617471668,0.0428920755738343,1,0.00068592,5.07877971,1.25407449,0.24184665,0.0036419,21,1.0,0.46206383,0.00699498
435,AU3CB0228823,2022-01-31,0,65.276838,65.612427,0.0285727531207365,0.0287457617471668,0.0285737531207365,0.0428920755738343,1,0.00017301,5.27336946,1.29052005,0.25111283,0.00378704,21,1.0,0.46206383,0.00699498
436,AU3CB0228823,2022-02-01,0,65.52240135,66.518539,0.0294184974518261,0.0296696075694958,0.0294194974518261,0.0428920755738343,1,0.00025111,11.14120054,2.90703268,0.53053336,0.00803052,21,1.0,1.0211815,0.01542441
437,AU3CB0228823,2022-02-02,0,65.90290313999999,65.656403,0.02889202436564,0.02969758661508,0.02889302436564,0.0428920755738343,1,0.00080556,9.78518356,2.56108895,0.46596112,0.00705465,21,1.0,1.241701,0.01902208
441,AU3CB0228823,2022-02-08,0,64.299429,66.374893,0.0414674279075181,0.0417462438344955,0.0414684279075181,0.0428920755738343,1,0.00027882,34.57759578,8.05896976,1.64655218,0.02511665,21,1.0,3.309342,0.05172614
442,AU3CB0228823,2022-02-09,0,64.65286201,64.299431,0.0383680656723062,0.0385763421654701,0.0383690656723062,0.0428920755738343,1,0.00020828,6.46155168,1.67476477,0.30769294,0.00470458,21,1.0,0.893237,0.01381609
443,AU3CB0228823,2022-02-10,0,64.65658665,67.232239,0.0403459320836129,0.0408001467585563,0.0403469320836129,0.0428920755738343,1,0.00045421,40.7976781,9.26875278,1.94274658,0.02969771,21,1.0,3.142815,0.04912326
444,AU3CB0228823,2022-02-11,0,64.4861952,67.398247,0.0403826567408916,0.0414033904671669,0.0403836567408916,0.0428920755738343,1,0.00102073,48.31247315,10.83181424,2.30059396,0.03519724,21,1.0,3.05665599,0.04727797
438,AU3CB0228823,2022-02-03,0,65.545177405,65.902901,0.0282265388149187,0.02889202436564,0.0282275388149187,0.0428920755738343,1,0.00066549,5.39663904,1.31582423,0.25698281,0.00388952,21,1.0,0.46206383,0.00699498
445,AU3CB0228823,2022-02-14,0,64.556046865,64.486198,0.039633322974259,0.0399766415357589,0.0396343229742591,0.0428920755738343,1,0.00034332,6.11739137,1.64872652,0.29130435,0.00446408,21,1.0,0.893237,0.01381609
446,AU3CB0228823,2022-02-15,0,64.62514656,64.556046,0.0377081035805601,0.0377701632678508,0.0377091035805601,0.0428920755738343,1,6.206e-05,5.74438877,1.58984868,0.27354232,0.00419632,21,1.0,0.893237,0.01381609
447,AU3CB0228823,2022-02-16,0,64.65480824999999,64.652863,0.0402677121683065,0.0404114089906215,0.0402687121683065,0.0428920755738343,1,0.0001437,10.82379909,3.03641506,0.515419,0.00793928,21,1.0,1.298699,0.0202991
439,AU3CB0228823,2022-02-04,0,64.651937,65.545174,0.028026829516523,0.0290378255816905,0.028027829516523,0.0428920755738343,1,0.001011,5.89579648,1.54076833,0.28075221,0.00426665,21,1.0,0.893237,0.01381609
448,AU3CB0228823,2022-02-17,0,65.02098975,64.654808,0.0365698268793869,0.0402926094830036,0.0365708268793869,0.0428920755738343,1,0.00372278,5.80612368,1.61365493,0.27648208,0.0042455,21,1.0,0.893237,0.01381609
449,AU3CB0228823,2022-02-18,0,64.97356724999999,64.556046,0.0369637814779295,0.0377606600522995,0.0369647814779295,0.0428920755738343,1,0.00079688,9.95007312,2.92733872,0.47381301,0.00730027,21,1.0,1.603472,0.02493758
440,AU3CB0228823,2022-02-07,0,63.978141,66.4646,0.0293307357711175,0.0302738127168623,0.0293317357711175,0.0428920755738343,1,0.00094308,17.59267275,4.49081549,0.83774632,0.01275559,21,1.0,2.486459,0.0388642
450,AU3CB0228823,2022-02-21,0,65.132901585,64.486198,0.0383303831600589,0.0403242334723472,0.0383313831600589,0.0428920755738343,1,0.00199385,13.59502203,3.52027473,0.647382,0.00998137,21,1.0,1.634286,0.02554444
451,AU3CB0228823,2022-02-22,0,65.13150906000001,64.486198,0.0401389406996601,0.0408320315182209,0.0401399406996601,0.0428920755738343,1,0.00069309,15.03971285,3.89225043,0.7161768,0.0110496,21,1.0,1.801331,0.02815541
453,AU3CB0228823,2022-02-24,0,65.64855410999999,65.396782,0.0389628562047522,0.0417705588042736,0.0389638562047522,0.0432731863349174,1,0.0028077,5.16395393,1.51283127,0.24590257,0.0037873,21,1.0,0.893237,0.01381609
454,AU3CB0228823,2022-02-25,0,65.6537168,65.648552,0.0360026392610162,0.0364987254142761,0.0360036392610162,0.0432731863349174,1,0.00049609,5.16744823,1.51283917,0.24606896,0.00378984,21,1.0,0.893237,0.01381609
463,AU3CB0228823,2022-03-10,0,67.26025105,67.565308,0.0386441514406528,0.0418589003384113,0.0386451514406528,0.0432731863349174,1,0.00321475,21.67818193,6.20965514,1.03229438,0.01534934,21,1.0,3.5768997,0.05128952
466,AU3CB0228823,2022-03-15,0,66.894513875,67.938934,0.0430610658313179,0.0435596890747547,0.0430620658313179,0.0450639322901733,1,0.00049862,9.85298543,2.83281087,0.46918978,0.00693905,21,1.0,1.5134537,0.02170156
467,AU3CB0228823,2022-03-16,0,66.70055109100001,67.938934,0.0449007535904979,0.0450639314949512,0.0449017535904979,0.0450639322901733,1,0.00016318,15.83030194,4.35612917,0.7538239,0.01118054,21,1.0,2.1740747,0.03117428
455,AU3CB0228823,2022-02-28,0,66.16248299,65.653717,0.0343712489234618,0.035661602430752,0.0343722489234618,0.0432731863349174,1,0.00129035,5.50916558,1.58733107,0.26234122,0.00403477,21,1.0,0.893237,0.01381609
456,AU3CB0228823,2022-03-01,0,66.93052365,66.162483,0.0326547742069608,0.0345263882587547,0.0326557742069608,0.0432731863349174,1,0.00187161,5.94161723,1.73115175,0.28293415,0.0043364,21,1.0,0.893237,0.01381609
457,AU3CB0228823,2022-03-02,0,67.173287335,66.930527,0.031568092129427,0.0320470110013614,0.031569092129427,0.0432731863349174,1,0.00047892,5.93881622,1.73075666,0.28280077,0.00433003,21,1.0,0.893237,0.01381609
458,AU3CB0228823,2022-03-03,0,67.5653049,65.131508,0.0340264090155763,0.036221812995585,0.0340274090155763,0.0432731863349174,1,0.0021954,21.55341843,5.48427654,1.02635326,0.01565494,21,1.0,2.4337969,0.0360214
459,AU3CB0228823,2022-03-04,0,68.22592968000001,67.565308,0.0299016398614766,0.0337734938356705,0.0299026398614766,0.0432731863349174,1,0.00387185,6.25323006,1.82012901,0.29777286,0.00453258,21,1.0,0.893237,0.01381609
460,AU3CB0228823,2022-03-07,0,69.7393827,68.225929,0.0310595308827775,0.0329166332981367,0.0310605308827775,0.0432731863349174,1,0.0018571,6.87344676,2.19215405,0.32730699,0.00490808,21,1.0,1.5134537,0.02170156
469,AU3CB0228823,2022-03-18,0,67.57955231999999,67.162521,0.0451736036403623,0.045935932546854,0.0451746036403623,0.0461043174666745,1,0.00076233,10.46100715,2.88271197,0.4981432,0.00735799,21,1.0,1.5134537,0.02170156
461,AU3CB0228823,2022-03-08,0,68.8113924,69.73938,0.0320482254039476,0.0338835557960667,0.0320492254039476,0.0432731863349174,1,0.00183533,7.12763636,2.28313307,0.33941126,0.00504876,21,1.0,1.5134537,0.02170156
470,AU3CB0228823,2022-03-21,0,67.90751475,67.579552,0.0444989219828504,0.0459973514080047,0.0444999219828504,0.0461043174666745,1,0.00149843,10.74154915,2.9009204,0.51150234,0.00755321,21,1.0,1.5134537,0.02170156
462,AU3CB0228823,2022-03-09,0,68.05000150000001,67.226746,0.0350138934262005,0.0400166132735197,0.0350148934262005,0.0432731863349174,1,0.00500272,22.77351365,5.64664045,1.08445303,0.01642522,21,1.0,2.4832107,0.03560701
471,AU3CB0228823,2022-03-22,0,67.54889492,67.907516,0.0419916452907429,0.0423604696989059,0.0419926452907429,0.0461043174666745,1,0.00036882,10.94083264,2.91865718,0.52099203,0.00768953,21,1.0,1.5134537,0.02170156
472,AU3CB0228823,2022-03-23,0,68.03997516,67.548897,0.041961346147706,0.0423604696989059,0.041962346147706,0.0461043174666745,1,0.00039912,11.43051586,2.95968167,0.54431028,0.0080322,21,1.0,1.5134537,0.02170156
481,AU3CB0228823,2022-04-05,0,68.36511616,67.705574,0.0402748955444934,0.0426624454557895,0.0402758955444934,0.0461043174666745,1,0.00238755,11.65893592,3.02032419,0.55518742,0.00820908,21,1.0,1.47300212,0.02201977
473,AU3CB0228823,2022-03-24,0,68.36881407999999,68.039978,0.0382256567806429,0.0420290536967977,0.0382266567806429,0.0461043174666745,1,0.0038034,11.4940815,2.96605467,0.54733721,0.00806808,21,1.0,1.5134537,0.02170156
474,AU3CB0228823,2022-03-25,0,68.15472825,68.368813,0.0373927710173705,0.0377487330802349,0.0373937710173705,0.0461043174666745,1,0.00035596,11.45639414,2.96309355,0.54554258,0.00803503,21,1.0,1.5134537,0.02170156
475,AU3CB0228823,2022-03-28,0,68.17576062,67.265083,0.0384798720023094,0.0400688729493044,0.0384808720023094,0.0461043174666745,1,0.001589,16.8447201,4.2050317,0.80212953,0.01181386,21,1.0,1.8127627,0.02599339
476,AU3CB0228823,2022-03-29,0,67.74608309999999,68.175758,0.0362885147804726,0.0409935616217527,0.0362895147804726,0.0461043174666745,1,0.00470505,11.39316687,2.95061292,0.54253176,0.00798182,21,1.0,1.5134537,0.02170156
477,AU3CB0228823,2022-03-30,0,67.4460084,67.232239,0.0386199993249786,0.0439187302556352,0.0386209993249786,0.0461043174666745,1,0.00529873,12.40430839,3.16919961,0.59068135,0.00868491,21,1.0,1.3612467,0.01951905
478,AU3CB0228823,2022-03-31,0,67.06219956,67.446007,0.0374890586576997,0.0388534179250625,0.0374900586576997,0.0461043174666745,1,0.00136436,11.06625093,2.88004381,0.52696433,0.00774768,21,1.0,1.5134537,0.02170156
479,AU3CB0228823,2022-04-01,0,67.386372,67.100098,0.0371128309441437,0.0397808120305466,0.0371138309441437,0.0461043174666745,1,0.00266798,11.02627634,3.08028611,0.52506078,0.00772748,21,1.0,1.50895108,0.02207075
480,AU3CB0228823,2022-04-04,0,67.8094843,67.230461,0.0395224304238988,0.0410890564268891,0.0395234304238988,0.0461043174666745,1,0.00156663,21.14760256,5.88784977,1.00702869,0.01475258,21,1.0,3.5615417,0.0510693
482,AU3CB0228823,2022-04-06,0,69.04283468999999,68.36512,0.0385408403883438,0.0393088791841461,0.0385418403883438,0.0461043174666745,1,0.00076804,9.5527932,2.36748372,0.45489491,0.00671536,21,1.0,1.04442013,0.01561294
483,AU3CB0228823,2022-04-07,0,68.5033052,68.36512,0.038034025681778,0.0384578566761322,0.038035025681778,0.0461043174666745,1,0.00042383,12.9336559,3.50499097,0.61588838,0.00910033,21,1.0,1.55114295,0.02306181
484,AU3CB0228823,2022-04-08,0,68.483756055,68.503304,0.0376748383871268,0.0386909206521219,0.0376758383871268,0.0461043174666745,1,0.00101608,8.56072249,2.16633854,0.40765345,0.00601207,21,1.0,1.04442013,0.01561294
485,AU3CB0228823,2022-04-11,0,68.13859248,68.483757,0.0348644696835546,0.0358725841259839,0.0348654696835546,0.0461043174666745,1,0.00100811,8.04231283,2.01653189,0.38296728,0.00564964,21,1.0,1.04442013,0.01561294
486,AU3CB0228823,2022-04-12,0,67.98855267,68.138596,0.0361612695325589,0.0372019014396705,0.0361622695325589,0.0461043174666745,1,0.00104063,8.00746453,2.01363575,0.38130783,0.00562514,21,1.0,1.04442013,0.01561294
487,AU3CB0228823,2022-04-13,0,69.015811066,68.138596,0.0362842295323915,0.0376260912056113,0.0362852295323915,0.0461043174666745,1,0.00134186,11.69690313,3.0597334,0.55699539,0.00819548,21,1.0,1.23838291,0.01856631
498,AU3CB0228823,2022-04-28,0,66.459741135,68.36512,0.0409426663038329,0.044164516031742,0.0409436663038329,0.0461043174666745,1,0.00322185,17.82841896,4.72527822,0.84897233,0.01256178,21,1.0,1.90537887,0.02866967
488,AU3CB0228823,2022-04-14,0,68.38923129999999,67.062202,0.0372395370856827,0.0449954529899115,0.0372405370856827,0.0461043174666745,1,0.00775592,12.97745405,3.77323788,0.617974,0.00906863,21,1.0,1.83186525,0.02697588
490,AU3CB0228823,2022-04-18,0,68.2776776952,69.042831,0.0347772380230358,0.0391177639649259,0.0347782380230358,0.0461043174666745,1,0.00434053,12.22101699,3.40119541,0.58195319,0.00852834,21,1.0,1.62943607,0.02360961
489,AU3CB0228823,2022-04-15,0,68.330109416,68.389229,0.0349396172325968,0.0357707646344862,0.0349406172325968,0.0461043174666745,1,0.00083115,8.02005979,2.04064264,0.38190761,0.00560191,21,1.0,1.02725507,0.01488434
491,AU3CB0228823,2022-04-19,0,67.94195848,68.36512,0.0350498367708516,0.0435356716823021,0.0350508367708516,0.0461043174666745,1,0.00848583,11.9315168,3.40447656,0.56816747,0.00832382,21,1.0,1.56980407,0.02274557
492,AU3CB0228823,2022-04-20,0,68.12149105499999,67.941956,0.0319244944556535,0.0329618905915616,0.0319254944556535,0.0461043174666745,1,0.0010374,7.48413152,1.97530472,0.35638722,0.00522263,21,1.0,1.02725507,0.01488434
493,AU3CB0228823,2022-04-21,0,68.02224207,67.941956,0.0312972397226507,0.0325192122134221,0.0312982397226507,0.0461043174666745,1,0.00122197,10.22595258,2.68980978,0.48695012,0.00713732,21,1.0,1.23334869,0.01786353
494,AU3CB0228823,2022-04-22,0,67.0632343,68.12149,0.031015707666868,0.031078217167842,0.031016707666868,0.0461043174666745,1,6.251e-05,10.4642912,2.7717716,0.49829958,0.00731767,21,1.0,1.23334869,0.01786353
501,AU3CB0228823,2022-05-03,0,65.54958048,66.450912,0.044172384190291,0.0448619499802589,0.044173384190291,0.0493105589189131,1,0.00068957,12.28439286,3.40936507,0.58497109,0.00867953,21,1.0,1.97077807,0.02983701
502,AU3CB0228823,2022-05-04,0,65.74396784999999,66.450912,0.0456392130461777,0.0476489923894405,0.0456402130461777,0.0493105589189131,1,0.00200978,14.67494633,3.98388063,0.69880697,0.01039885,21,1.0,2.07002807,0.03133963
495,AU3CB0228823,2022-04-25,0,66.05146192500001,68.483757,0.0294974923270042,0.0348899711896567,0.0294984923270042,0.0461043174666745,1,0.00539248,13.98607534,4.15866394,0.66600359,0.00982291,21,1.0,2.43229507,0.03682424
496,AU3CB0228823,2022-04-26,0,66.32807964,68.138596,0.0349500875898935,0.0363587436408532,0.0349510875898935,0.0461043174666745,1,0.00140866,15.74465608,4.5353895,0.74974553,0.01108646,21,1.0,2.43229507,0.03682424
497,AU3CB0228823,2022-04-27,0,66.29565766,66.328079,0.0371602352886746,0.0378597261247027,0.0371612352886746,0.0461043174666745,1,0.00069949,8.3784937,2.31353261,0.39897589,0.00588535,21,1.0,1.02725507,0.01531791
503,AU3CB0228823,2022-05-05,0,66.70966505,65.743965,0.0431564462058794,0.0439045391976833,0.0431574462058794,0.0493105589189131,1,0.00074809,7.94831424,2.34887665,0.37849115,0.00562716,21,1.0,1.02725507,0.01531791
504,AU3CB0228823,2022-05-06,0,65.93693809999999,66.709663,0.0443629946400167,0.0446038171648979,0.0443639946400167,0.0493105589189131,1,0.00024082,8.18151334,2.41313845,0.38959587,0.00581017,21,1.0,1.02725507,0.01531791
507,AU3CB0228823,2022-05-11,0,64.41617286,64.480049,0.0486198953604363,0.0502230077981948,0.0486208953604363,0.0510207113353072,1,0.00160311,9.18751773,2.61708516,0.43750084,0.006568,21,1.0,1.02725507,0.01531791
509,AU3CB0228823,2022-05-13,0,65.141131,64.863747,0.0452272429376524,0.0466954261064529,0.0452282429376524,0.0510207113353072,1,0.00146818,8.25864128,2.38296987,0.39326863,0.00595429,21,1.0,1.01177007,0.01531791
508,AU3CB0228823,2022-05-12,0,64.86374731,65.656403,0.0477786110902607,0.0505212545394897,0.0477796110902607,0.0510207113353072,1,0.00274264,15.58808862,4.15918733,0.74228993,0.01118558,21,1.0,2.0384891,0.03161426
510,AU3CB0228823,2022-05-16,0,65.7252099,65.27684,0.0459044263946686,0.0474756993353366,0.0459054263946686,0.0510207113353072,1,0.00157127,12.64334082,3.30212766,0.60206385,0.00908424,21,1.0,1.36497014,0.02118987
511,AU3CB0228823,2022-05-17,0,65.52401633999999,65.725212,0.0450447525451266,0.0453523360192775,0.0450457525451266,0.0510207113353072,1,0.00030758,8.93236695,2.46047382,0.42535081,0.00644592,21,1.0,1.01177007,0.01531791
512,AU3CB0228823,2022-05-18,0,65.52081392999999,65.902901,0.0456417025568289,0.0475736819207668,0.0456427025568289,0.0510207113353072,1,0.00193198,10.87161705,2.95416059,0.51769605,0.00785615,21,1.0,1.36497014,0.02118987
515,AU3CB0228823,2022-05-23,0,65.82080988999999,65.653717,0.0546529521228518,0.0573402494192123,0.0546539521228518,0.0586948761592859,1,0.0026873,14.71921813,4.09745767,0.70091515,0.01062746,21,1.0,2.05680205,0.03083214
518,AU3CB0258465,2021-05-31,0,67.49189918,68.93297,0.0307215208735119,0.0317561216652393,0.0307225208735119,0.123695683788911,1,0.0010346,23.97827975,6.17306962,1.14182285,0.01678399,21,1.0,2.12508834,0.03143771
519,AU3CB0258465,2021-06-01,0,67.56808755,67.4919,0.0303382243716238,0.0315569788217544,0.0303392243716238,0.123695683788911,1,0.00121875,3.25920747,0.96266247,0.15520036,0.0022761,21,1.0,0.57247328,0.0083656
520,AU3CB0258465,2021-06-02,0,67.7779654,69.243141,0.03096552331801,0.0321020148694515,0.03096652331801,0.123695683788911,1,0.00113649,22.34103217,5.47641406,1.06385867,0.01557654,21,1.0,1.81635813,0.02630065
523,AU3CB0258465,2021-06-07,0,67.91446318500002,67.777962,0.0319349790014712,0.034366637468338,0.0319359790014712,0.123695683788911,1,0.00243166,5.38583931,1.56762892,0.25646854,0.00376574,21,1.0,0.6947838,0.01016263
524,AU3CB0258465,2021-06-08,0,67.9324817,67.914467,0.0305013934669814,0.0324167199432849,0.0305023934669814,0.123695683788911,1,0.00191533,3.56129947,1.0322579,0.16958569,0.00249676,21,1.0,0.57247328,0.0083656
525,AU3CB0258465,2021-06-09,0,67.87429356,67.93248,0.0304342228097757,0.0333710834383964,0.0304352228097757,0.123695683788911,1,0.00293686,3.61774778,1.03389507,0.1722737,0.00253638,21,1.0,0.57247328,0.0083656
526,AU3CB0258465,2021-06-10,0,67.7500065,67.93248,0.0307219187510822,0.0333710834383964,0.0307229187510822,0.123695683788911,1,0.00264916,5.09922695,1.43326424,0.24282033,0.00357502,21,1.0,0.6377038,0.00932771
527,AU3CB0258465,2021-06-11,0,67.95558366499999,67.750008,0.0290408075928989,0.0300968457013368,0.0290418075928989,0.123695683788911,1,0.00105604,3.31805385,0.89199943,0.15800256,0.00233004,21,1.0,0.45935419,0.00676372
529,AU3CB0258465,2021-06-15,0,67.89438105,67.750008,0.0264641296700142,0.0265058688819408,0.0264651296700142,0.123695683788911,1,4.174e-05,4.08936412,1.17348865,0.19473162,0.00287195,21,1.0,0.6878098,0.01015186
528,AU3CB0258465,2021-06-14,0,67.95131288500001,67.750008,0.0278193820067612,0.0299483332782983,0.0278203820067612,0.123695683788911,1,0.00212895,4.11456842,1.13946269,0.19593183,0.0028908,21,1.0,0.5922898,0.00874201
530,AU3CB0258465,2021-06-16,0,67.65809977500001,67.87429,0.0265630626895861,0.030555322766304,0.0265640626895861,0.123695683788911,1,0.00399226,6.74957963,1.85519817,0.32140855,0.00474014,21,1.0,0.94316248,0.01385758
531,AU3CB0258465,2021-06-17,0,67.680789,67.87429,0.0263987170560989,0.0310593768954277,0.0263997170560989,0.123695683788911,1,0.00466066,7.28614086,2.07161257,0.34695909,0.00512077,21,1.0,1.2521498,0.01848134
532,AU3CB0258465,2021-06-18,0,67.4905634,67.894379,0.0293576428655955,0.0338135436177253,0.0293586428655955,0.123695683788911,1,0.0044559,3.98052637,1.06197641,0.18954887,0.00279855,21,1.0,0.4544616,0.00669409
533,AU3CB0258465,2021-06-21,0,67.20813006600001,67.490562,0.0283705090642752,0.0307002328336238,0.0283715090642752,0.123695683788911,1,0.00232972,3.14666193,0.87047778,0.14984104,0.00221447,21,1.0,0.45935419,0.00676372
535,AU3CB0258465,2021-06-23,0,67.37364274,67.87429,0.0283590192344528,0.0298124477267265,0.0283600192344528,0.123695683788911,1,0.00145343,8.64398029,2.46507816,0.41161811,0.00608872,21,1.0,1.40746834,0.02082152
534,AU3CB0258465,2021-06-22,0,67.33192336,67.680786,0.0280223123234518,0.029286591336131,0.0280233123234518,0.123695683788911,1,0.00126428,4.0408955,1.07924893,0.1924236,0.00284579,21,1.0,0.44996593,0.00669511
538,AU3CB0258465,2021-06-28,0,67.62356604,67.87429,0.0301335572531054,0.0364870093762874,0.0301345572531054,0.123695683788911,1,0.00635345,7.9222517,2.39859601,0.37725008,0.00558234,21,1.0,1.51237082,0.02240818
539,AU3CB0258465,2021-06-29,0,67.48928239,67.87429,0.03100793613406,0.0341963954269886,0.03100893613406,0.123695683788911,1,0.00318846,7.67333131,2.25705126,0.36539673,0.00540458,21,1.0,1.43618245,0.02125534
540,AU3CB0258465,2021-06-30,0,67.16266254,67.489281,0.0311780428926035,0.0340869762003421,0.0311790428926035,0.123695683788911,1,0.00290893,3.06730848,0.86021355,0.14606231,0.00216115,21,1.0,0.45935419,0.00676372
543,AU3CB0258465,2021-07-05,0,67.4645401675,67.87429,0.0325551031590476,0.0343764089047908,0.0325561031590476,0.123695683788911,1,0.00182131,8.05203761,2.1483233,0.38343036,0.00567591,21,1.0,1.08980881,0.01604679
545,AU3CB0258465,2021-07-07,0,67.41811755,67.162666,0.0336495596108266,0.0336923822760582,0.0336505596108266,0.123695683788911,1,4.282e-05,5.44092438,1.4978875,0.25909164,0.00384208,21,1.0,0.74317893,0.01105787
548,AU3CB0258465,2021-07-12,0,67.17807,66.755074,0.0338886813927191,0.0341132283210754,0.0338896813927191,0.123695683788911,1,0.00022455,3.99851244,1.1884366,0.19040535,0.00283108,21,1.0,0.77055655,0.01154304
537,AU3CB0258465,2021-06-25,0,67.58916615000001,67.373642,0.0253363831279571,0.0256724485260087,0.0253373831279571,0.123695683788911,1,0.00033607,4.61622272,1.12619694,0.21982013,0.00325047,21,1.0,0.4773727,0.00703272
536,AU3CB0258465,2021-06-24,0,67.55024205000001,67.20813,0.0253363831279571,0.0276321300649384,0.0253373831279571,0.123695683788911,1,0.00229575,3.97793301,1.04752283,0.18942538,0.00279849,21,1.0,0.4773727,0.00702716
553,AU3CB0258465,2021-07-19,0,66.57401628,68.932968,0.0394066701075231,0.0452286303043365,0.0394076701075231,0.123695683788911,1,0.00582196,46.16786629,10.27507607,2.19846982,0.03269855,21,1.0,3.08583355,0.0462262
554,AU3CB0258465,2021-07-20,0,66.25416885,68.932968,0.0412010637036564,0.0420362837612628,0.0412020637036564,0.123695683788911,1,0.00083522,47.12182751,10.48129312,2.24389655,0.03340222,21,1.0,2.96005555,0.04434203
556,AU3CB0258465,2021-07-22,0,66.34371599999999,68.932968,0.0383324081044356,0.040919404476881,0.0383334081044356,0.123695683788911,1,0.002587,49.21054356,11.01182631,2.34335922,0.03495138,21,1.0,3.39401715,0.05122722
555,AU3CB0258465,2021-07-21,0,66.27313405,68.932968,0.0387020233181717,0.0432026013731956,0.0387030233181717,0.123695683788911,1,0.00450058,48.18061682,10.74023768,2.29431509,0.0341863,21,1.0,3.07416972,0.04617672
541,AU3CB0258465,2021-07-01,0,67.24323686,67.489281,0.0269731788948403,0.0270775137445088,0.0269741788948403,0.123695683788911,1,0.00010433,4.49819095,1.13892131,0.21419957,0.00317091,21,1.0,0.4773727,0.00703272
557,AU3CB0258465,2021-07-23,0,66.701162045,68.932968,0.0409896374885767,0.0438864678144454,0.0409906374885767,0.123695683788911,1,0.00289683,50.05962356,11.22732441,2.3837916,0.03557916,21,1.0,3.46771715,0.05233961
558,AU3CB0258465,2021-07-26,0,66.61634535,66.701164,0.0395703437940187,0.0435402207076549,0.0395713437940187,0.123695683788911,1,0.00396988,4.5995886,1.30406567,0.21902803,0.00327019,21,1.0,0.77055655,0.01154304
560,AU3CB0258465,2021-07-28,0,66.36344663000001,68.932968,0.0416429130504405,0.0479249730706214,0.0416439130504405,0.123695683788911,1,0.00628206,53.18611216,11.9452577,2.53267201,0.0378882,21,1.0,3.62107695,0.05463869
561,AU3CB0258465,2021-07-29,0,66.29538190000001,66.616348,0.0397605759097748,0.0426684692502021,0.0397615759097748,0.123695683788911,1,0.00290789,8.47930794,2.11610827,0.40377657,0.00604572,21,1.0,1.01474415,0.01531593
562,AU3CB0258465,2021-07-30,0,66.23127647999999,66.616348,0.039848681812839,0.0470231994986534,0.039849681812839,0.123695683788911,1,0.00717452,8.92218244,2.26445047,0.42486583,0.00636509,21,1.0,0.99787615,0.01506133
563,AU3CB0258465,2021-08-02,0,65.87667144,66.616348,0.0389210264185496,0.0483434125781059,0.0389220264185496,0.123695683788911,1,0.00942239,7.70369198,2.13175662,0.36684248,0.00550942,21,1.0,0.97891095,0.01477086
564,AU3CB0258465,2021-08-03,0,65.95411647,68.932968,0.0401000419992781,0.0441699288785457,0.0401010419992781,0.123695683788911,1,0.00406989,57.74478225,12.91863595,2.74975154,0.04127492,21,1.0,3.4265041,0.05168541
566,AU3CB0258465,2021-08-05,0,66.322593415,66.325203,0.0415353607271518,0.0463340058922767,0.0415363607271518,0.123695683788911,1,0.00479865,4.26681733,1.27685122,0.20318178,0.00304984,21,1.0,0.77055655,0.01154304
565,AU3CB0258465,2021-08-04,0,66.32520436,65.954117,0.0423767531535095,0.0436338186264038,0.0423777531535095,0.123695683788911,1,0.00125707,4.4530622,1.29073942,0.21205058,0.00318136,21,1.0,0.77055655,0.01154304
567,AU3CB0258465,2021-08-06,0,66.50390916,66.322594,0.0386042245520204,0.0442600399255752,0.0386052245520204,0.123695683788911,1,0.00565582,4.34062596,1.28517181,0.20669647,0.00310386,21,1.0,0.77055655,0.01154304
568,AU3CB0258465,2021-08-09,0,66.36402645,66.363449,0.0389934285960298,0.0444981344044208,0.0389944285960298,0.123695683788911,1,0.00550471,8.79343355,2.40843571,0.41873493,0.00630021,21,1.0,1.27145815,0.01919061
569,AU3CB0258465,2021-08-10,0,66.36310519999999,66.364029,0.0291628644585157,0.0354700454313401,0.0291638644585157,0.123695683788911,1,0.00630718,3.28787676,0.94791915,0.15656556,0.00235538,21,1.0,0.3926998,0.00587204
570,AU3CB0258465,2021-08-11,0,66.6066401,65.876671,0.0306397543481004,0.0337093689812558,0.0306407543481004,0.123695683788911,1,0.00306961,6.13693723,1.63614024,0.29223511,0.00439101,21,1.0,0.7299691,0.0109594
571,AU3CB0258465,2021-08-12,0,66.71015249999999,66.606644,0.0300813482418964,0.0301798051679115,0.0300823482418964,0.123695683788911,1,9.846e-05,3.42340456,0.97132278,0.16301926,0.00245351,21,1.0,0.3926998,0.00587204
573,AU3CB0258465,2021-08-16,0,66.42431800000001,66.503906,0.0244571546612572,0.0341111490660233,0.0244581546612572,0.123695683788911,1,0.00965399,5.78372525,1.55311355,0.27541549,0.00414557,21,1.0,0.6525231,0.00979667
572,AU3CB0258465,2021-08-13,0,66.49646739,65.876671,0.0271090004309543,0.0342493364775568,0.0271100004309543,0.123695683788911,1,0.00714034,5.40540727,1.4673852,0.25740035,0.00387839,21,1.0,0.61989653,0.00939891
574,AU3CB0258465,2021-08-17,0,66.2769205,65.876671,0.0220929036054944,0.0289528686109513,0.0220939036054944,0.123695683788911,1,0.00685997,5.41969337,1.41693376,0.25808064,0.00388615,21,1.0,0.62723816,0.0094316
575,AU3CB0258465,2021-08-18,0,65.90803877500001,66.496468,0.0214371867358336,0.0285744360062524,0.0214381867358336,0.123695683788911,1,0.00713725,4.6497694,1.38327455,0.22141759,0.00333576,21,1.0,0.63569965,0.0095427
576,AU3CB0258465,2021-08-19,0,65.73930867,65.876671,0.0180489134823893,0.0267209885326768,0.0180499134823893,0.123695683788911,1,0.00867208,4.19044634,1.15674405,0.19954506,0.00300538,21,1.0,0.48735545,0.00734367
577,AU3CB0258465,2021-08-20,0,65.12844154999999,65.739311,0.0182993759925667,0.0284714942222203,0.0183003759925667,0.123695683788911,1,0.01017212,6.01824404,1.64141479,0.28658305,0.00432377,21,1.0,0.8334815,0.01249407
578,AU3CB0258465,2021-08-23,0,64.92756442000001,65.128441,0.0192491522410814,0.0376084616672072,0.0192501522410814,0.123695683788911,1,0.01835931,7.97549261,2.44842208,0.37978536,0.00574576,21,1.0,1.57151053,0.02382733
580,AU3CB0258465,2021-08-25,0,65.561515035,64.927567,0.0236151677317815,0.029654500390525,0.0236161677317815,0.123695683788911,1,0.00603933,7.46580123,1.92535544,0.35551434,0.00537687,21,1.0,0.7299691,0.0109594
579,AU3CB0258465,2021-08-24,0,65.2646232,64.927567,0.0227464193871964,0.0300503994433814,0.0227474193871964,0.123695683788911,1,0.00730398,5.85760362,1.62498009,0.27893351,0.00421657,21,1.0,0.7299691,0.0109594
581,AU3CB0258465,2021-08-26,0,65.69467413699999,64.927567,0.0226345827972086,0.0418951699855844,0.0226355827972086,0.123695683788911,1,0.01926059,8.28760808,2.23845471,0.394648,0.00598563,21,1.0,1.0984828,0.01683121
582,AU3CB0258465,2021-08-27,0,65.425968,66.325203,0.0252445660174836,0.0449918532228996,0.0252455660174836,0.123695683788911,1,0.01974729,8.95147666,2.33573886,0.42626079,0.00646164,21,1.0,0.899235,0.01374431
584,AU3CB0258465,2021-08-31,0,65.66407197000001,65.922165,0.026024322309744,0.0279874002911291,0.026025322309744,0.123695683788911,1,0.00196308,4.69299103,1.23342383,0.22347576,0.00339568,21,1.0,0.61086945,0.00937946
585,AU3CB0258465,2021-09-01,0,65.84493513,65.66407,0.0253938620783662,0.0255809956887035,0.0253948620783662,0.123695683788911,1,0.00018713,4.79641069,1.24420607,0.22840051,0.00347057,21,1.0,0.61086945,0.00937946
583,AU3CB0258465,2021-08-30,0,65.92216341,66.616348,0.0278218554496103,0.0327927931487968,0.0278228554496103,0.123695683788911,1,0.00497094,10.80495273,2.67466826,0.51452156,0.00778582,21,1.0,1.2438668,0.01874335
587,AU3CB0258465,2021-09-03,0,66.17934904,65.844933,0.0236963427384283,0.0255792909341996,0.0236973427384283,0.123695683788911,1,0.00188295,6.85976291,1.799073,0.32665538,0.0049666,21,1.0,0.81174658,0.01250234
586,AU3CB0258465,2021-09-02,0,66.09947353999999,65.844933,0.0236366241817779,0.0253938620783662,0.0236376241817779,0.123695683788911,1,0.00175724,4.67986387,1.21455086,0.22285066,0.00338752,21,1.0,0.61086945,0.00937946
588,AU3CB0258465,2021-09-06,0,66.52214135,66.179352,0.022957625273133,0.0237201403979626,0.022958625273133,0.123695683788911,1,0.00076252,4.91860552,1.25145383,0.23421931,0.00355867,21,1.0,0.61086945,0.00937946
589,AU3CB0258465,2021-09-07,0,66.52008468000001,66.522141,0.0209728805563615,0.0233049306002236,0.0209738805563615,0.123695683788911,1,0.00233205,4.78078229,1.24361354,0.2276563,0.00345977,21,1.0,0.61086945,0.00937946
590,AU3CB0258465,2021-09-08,0,66.2399226,66.520088,0.0205288541399272,0.0216535859342862,0.0205298541399272,0.123695683788911,1,0.00112473,5.06002389,1.27478093,0.24095352,0.00366052,21,1.0,0.61086945,0.00937946
591,AU3CB0258465,2021-09-09,0,66.12139950000001,66.239922,0.0176014751324449,0.0202114335279466,0.0176024751324449,0.123695683788911,1,0.00260996,4.93501229,1.256903,0.23500059,0.00357177,21,1.0,0.61086945,0.00937946
592,AU3CB0258465,2021-09-10,0,66.15945443999999,66.121399,0.0175550588906002,0.0177070882366909,0.0175560588906002,0.123695683788911,1,0.00015203,4.86955923,1.25321162,0.23188377,0.00352527,21,1.0,0.61086945,0.00937946
594,AU3CB0258465,2021-09-14,0,66.2188175,66.239922,0.017661550126239,0.0204509379794524,0.017662550126239,0.123695683788911,1,0.00278939,10.72619079,2.88005627,0.51077099,0.00777019,21,1.0,1.34935958,0.02078254
593,AU3CB0258465,2021-09-13,0,66.17043647999999,66.159454,0.0176153609517277,0.0176188729472841,0.0176163609517277,0.123695683788911,1,3.51e-06,4.6668571,1.23490844,0.22223129,0.00338015,21,1.0,0.61086945,0.00937946
595,AU3CB0258465,2021-09-15,0,65.78061360000001,65.694672,0.0181252120608877,0.0332390237474204,0.0181262120608877,0.123695683788911,1,0.01511381,12.33837022,3.10551498,0.58754144,0.00893261,21,1.0,1.09617735,0.01647838
596,AU3CB0258465,2021-09-16,0,65.9038599,65.780617,0.0164668179798578,0.0170228537473853,0.0164678179798578,0.123695683788911,1,0.00055604,4.68825917,1.25361291,0.22325044,0.00339707,21,1.0,0.61086945,0.00937946
597,AU3CB0258465,2021-09-17,0,65.7538882,65.780617,0.0170562657190777,0.0235046668584875,0.0170572657190777,0.123695683788911,1,0.0064484,6.356383,1.64783038,0.3026849,0.00460028,21,1.0,0.77959345,0.01197009
598,AU3CB0258465,2021-09-20,0,65.69561943000001,65.903862,0.017875108593761,0.0224822525024589,0.017876108593761,0.123695683788911,1,0.00460714,6.03304912,1.59357925,0.28728805,0.00436515,21,1.0,0.81174658,0.01250234
599,AU3CB0258465,2021-09-21,0,65.6645808,65.903862,0.0188732345836663,0.0214831015565935,0.0188742345836663,0.123695683788911,1,0.00260987,6.8603109,1.75221079,0.32668147,0.00495492,21,1.0,0.76710714,0.01167685
600,AU3CB0258465,2021-09-22,0,65.35553349999999,65.264626,0.0201406476910597,0.0258559289982845,0.0201416476910597,0.123695683788911,1,0.00571528,7.34738368,2.0841555,0.34987541,0.00531708,21,1.0,1.03421896,0.01577479
601,AU3CB0258465,2021-09-23,0,65.5537398,65.561516,0.0226344477577817,0.0256911940128331,0.0226354477577817,0.123695683788911,1,0.00305675,6.32094091,1.80946284,0.30099719,0.00457155,21,1.0,0.869412,0.01328849
602,AU3CB0258465,2021-09-24,0,65.8423315,65.694672,0.0224123411211152,0.0250553189077713,0.0224133411211152,0.123695683788911,1,0.00264298,5.79982555,1.68780901,0.27618217,0.00419358,21,1.0,0.869412,0.01328849
603,AU3CB0258465,2021-09-27,0,65.61476116,65.425964,0.0223461960049144,0.0247553596550276,0.0223471960049144,0.123695683788911,1,0.00240916,5.11921071,1.45892646,0.24377194,0.00369781,21,1.0,0.7370138,0.01122392
604,AU3CB0258465,2021-09-28,0,65.91901500000002,65.614761,0.0219658501093884,0.022086185206584,0.0219668501093884,0.123695683788911,1,0.00012034,3.74273424,0.99043355,0.17822544,0.00270497,21,1.0,0.4382054,0.00666162
605,AU3CB0258465,2021-09-29,0,65.60392080000001,65.614761,0.0203296992805919,0.0214243998555758,0.0203306992805919,0.123695683788911,1,0.0010947,4.59555855,1.23732811,0.21883612,0.0033153,21,1.0,0.4868015,0.00739344
606,AU3CB0258465,2021-09-30,0,65.4826536,65.844933,0.020073827700354,0.0236202886881022,0.020074827700354,0.123695683788911,1,0.00354646,4.91389482,1.45281464,0.23399499,0.00355077,21,1.0,0.7370138,0.01122392
607,AU3CB0258465,2021-10-01,0,66.07128447,65.482651,0.0194097284049135,0.0196690896654461,0.0194107284049135,0.123695683788911,1,0.00025936,4.07422861,1.13018678,0.19401089,0.00294477,21,1.0,0.58863347,0.00890907
608,AU3CB0258465,2021-10-04,0,66.340888418,66.071281,0.0196312613203312,0.0197747027696921,0.0196322613203312,0.123695683788911,1,0.00014344,4.26395899,1.15915054,0.20304567,0.00308081,21,1.0,0.58863347,0.00890907
609,AU3CB0258465,2021-10-05,0,66.37334626,66.340889,0.0171021244452259,0.0193265682222129,0.0171031244452259,0.123695683788911,1,0.00222444,3.9536269,1.10778108,0.18826795,0.00285872,21,1.0,0.58863347,0.00890907
610,AU3CB0258465,2021-10-06,0,66.4031421,66.373344,0.0148083195810351,0.0155888779137288,0.0148093195810351,0.123695683788911,1,0.00078056,3.98136868,1.10817986,0.18958898,0.00287862,21,1.0,0.58863347,0.00890907
611,AU3CB0258465,2021-10-07,0,66.52027032,66.239922,0.0161903346696489,0.0223764089413505,0.0161913346696489,0.123695683788911,1,0.00618607,4.98325888,1.46309171,0.23729804,0.00359933,21,1.0,0.7370138,0.01122392
612,AU3CB0258465,2021-10-08,0,66.79035938999999,66.520271,0.0163194142505733,0.0164692527263979,0.0163204142505733,0.123695683788911,1,0.00014984,3.96989449,1.10552632,0.18904259,0.00286826,21,1.0,0.58863347,0.00890907
613,AU3CB0258465,2021-10-11,0,66.52213645,66.159454,0.0172247730638898,0.0224888154580956,0.0172257730638898,0.123695683788911,1,0.00526404,4.97895966,1.4768053,0.23709332,0.00359006,21,1.0,0.7370138,0.01122392
614,AU3CB0258465,2021-10-12,0,67.06323753000001,66.522133,0.0172054757073308,0.0173282838358659,0.0172064757073308,0.123695683788911,1,0.00012281,4.73018365,1.25910963,0.22524684,0.00340919,21,1.0,0.58863347,0.00890907
615,AU3CB0258465,2021-10-13,0,67.0587687,67.06324,0.0165260735714426,0.0179819451542462,0.0165270735714426,0.123695683788911,1,0.00145587,4.68627045,1.25818759,0.22315574,0.00337757,21,1.0,0.58863347,0.00890907
616,AU3CB0258465,2021-10-14,0,67.11526598,67.058769,0.0170710984329267,0.0172559233102862,0.0170720984329267,0.123695683788911,1,0.00018482,4.30456203,1.18076413,0.20497914,0.00310043,21,1.0,0.58863347,0.00890907
617,AU3CB0258465,2021-10-15,0,67.4125608,67.06324,0.0169897348424157,0.01747026498951,0.0169907348424157,0.123695683788911,1,0.00048053,7.08323195,1.81567535,0.33729676,0.0050852,21,1.0,0.89069526,0.01341947
621,AU3CB0258465,2021-10-21,0,67.72012000000001,67.308113,0.0123941300149434,0.012458966146425,0.0123951300149434,0.123695683788911,1,6.484e-05,6.62525942,1.75857005,0.31548854,0.00473744,21,1.0,0.89069526,0.01341947
626,AU3CB0258465,2021-10-28,0,67.1550941,67.659798,0.0116573408241608,0.0121738772460879,0.0116583408241608,0.123695683788911,1,0.00051654,4.65843093,1.29027743,0.22183004,0.0033131,21,1.0,0.58863347,0.00890907
631,AU3CB0258465,2021-11-04,0,67.220924168,67.072334,0.0220255760029394,0.0220893900596233,0.0220265760029394,0.123695683788911,1,6.381e-05,5.18880401,1.46350618,0.24708591,0.00367326,21,1.0,0.67039256,0.00989218
628,AU3CB0258465,2021-11-01,0,67.76993356,67.659798,0.0177581914383211,0.0221126085880804,0.0177591914383211,0.123695683788911,1,0.00435442,6.7350922,1.81943084,0.32071868,0.00479023,21,1.0,0.89069526,0.01341947
620,AU3CB0258465,2021-10-20,0,67.4687024,67.308113,0.0118501962050299,0.0128694413830919,0.0118511962050299,0.123695683788911,1,0.00101925,5.60252358,1.55606173,0.26678684,0.00401581,21,1.0,0.85823742,0.01293678
624,AU3CB0258465,2021-10-26,0,67.6930936,67.41256,0.0119174011719957,0.0137211890972909,0.0119184011719957,0.123695683788911,1,0.00180379,13.15495547,3.2159716,0.62642645,0.00936477,21,1.0,1.18643939,0.01776363
622,AU3CB0258465,2021-10-22,0,67.38365238,67.41256,0.0114364698760953,0.012462448831408,0.0114374698760953,0.123695683788911,1,0.00102598,9.34630612,2.44966093,0.4450622,0.00666269,21,1.0,1.03761932,0.01559854
623,AU3CB0258465,2021-10-25,0,67.38710293,67.468704,0.0114364698760953,0.011786382148346,0.0114374698760953,0.123695683788911,1,0.00034991,6.64351917,1.76442226,0.31635806,0.00474461,21,1.0,0.89069526,0.01341947
627,AU3CB0258465,2021-10-29,0,67.09953949999999,67.693092,0.0125543668409657,0.017403070372831,0.0125553668409657,0.123695683788911,1,0.0048487,6.77722711,1.82246674,0.3227251,0.00482259,21,1.0,0.89069526,0.01341947
619,AU3CB0258465,2021-10-19,0,67.12736517,67.308113,0.0107576196845612,0.0117768648626232,0.0107586196845612,0.123695683788911,1,0.00101925,4.55556342,1.21864308,0.21693159,0.00327265,21,1.0,0.58863347,0.00890907
625,AU3CB0258465,2021-10-27,0,67.65979490000001,67.468704,0.0122741316406529,0.0181571740163072,0.0122751316406529,0.123695683788911,1,0.00588304,9.75838421,2.50689977,0.46468496,0.00694452,21,1.0,1.03761932,0.01559854
618,AU3CB0258465,2021-10-18,0,67.30811397000001,67.41256,0.0120442181011914,0.0145722996377056,0.0120452181011914,0.123695683788911,1,0.00252808,4.43308716,1.20657232,0.21109939,0.00318667,21,1.0,0.58863347,0.00890907
630,AU3CB0258465,2021-11-03,0,67.0723313,67.15509,0.0221411306523677,0.0224697554989365,0.0221421306523677,0.123695683788911,1,0.00032862,6.72539068,1.86054238,0.3202567,0.00477454,21,1.0,0.9204911,0.01386216
629,AU3CB0258465,2021-11-02,0,67.7333392,67.15509,0.0202356560601669,0.0222737003952743,0.0202366560601669,0.123695683788911,1,0.00203804,6.57637298,1.76112983,0.31316062,0.00466777,21,1.0,0.89069526,0.01341947
637,AU3CB0258465,2021-11-12,0,66.4115536,66.343719,0.018937047507072,0.0209273625490687,0.018938047507072,0.123695683788911,1,0.00199032,5.74930535,1.65411635,0.27377645,0.00406539,21,1.0,1.01485956,0.01497507
632,AU3CB0258465,2021-11-05,0,67.03161349999999,67.109299,0.021367089966856,0.0222775534890933,0.021368089966856,0.123695683788911,1,0.00091046,7.37647739,2.13749254,0.35126083,0.00523298,21,1.0,1.13595955,0.01707641
634,AU3CB0258465,2021-11-09,0,66.89908750000001,67.109299,0.0202659068093187,0.0211563543175446,0.0202669068093187,0.123695683788911,1,0.00089045,5.87555847,1.56474714,0.2797885,0.00416123,21,1.0,0.83114147,0.0123934
633,AU3CB0258465,2021-11-08,0,66.79991559999999,67.031616,0.0199743209010154,0.0204799829336924,0.0199753209010154,0.123695683788911,1,0.00050566,5.2226012,1.46448209,0.2486953,0.0036965,21,1.0,0.67039256,0.00989218
635,AU3CB0258465,2021-11-10,0,66.38322574499999,66.876213,0.0192830856964495,0.0198638428817546,0.0192840856964495,0.123695683788911,1,0.00058076,5.83389191,1.50415198,0.27780438,0.00413338,21,1.0,0.6141179,0.00907656
636,AU3CB0258465,2021-11-11,0,66.60336044,66.383224,0.0188517360320956,0.0188810217688854,0.0188527360320956,0.123695683788911,1,2.929e-05,5.24396801,1.45064007,0.24971276,0.00371513,21,1.0,0.67039256,0.00989218
639,AU3CB0258465,2021-11-16,0,67.289944,66.616348,0.0216689519772449,0.0229696017841717,0.0216699519772449,0.123695683788911,1,0.00130065,6.06563564,1.75945023,0.28883979,0.00428982,21,1.0,1.01485956,0.01497507
640,AU3CB0258465,2021-11-17,0,67.25663307,67.289948,0.0196482167130684,0.021547532123435,0.0196492167130684,0.123695683788911,1,0.00189932,5.70849922,1.55190844,0.2718333,0.00404762,21,1.0,0.67039256,0.00989218
638,AU3CB0258465,2021-11-15,0,66.76262851999999,66.411552,0.01891129191374,0.0190553015007067,0.01891229191374,0.123695683788911,1,0.00014401,5.43306115,1.4740507,0.2587172,0.00385298,21,1.0,0.67039256,0.00989218
641,AU3CB0258465,2021-11-18,0,66.9599463,66.363449,0.0201700543739719,0.0233427585676669,0.0201710543739719,0.123695683788911,1,0.0031727,6.80625258,1.90830369,0.32410727,0.00481543,21,1.0,1.01485956,0.01497507
644,AU3CB0258465,2021-11-23,0,66.87319007,65.876671,0.0205854001658982,0.0222799117684547,0.0205864001658982,0.123695683788911,1,0.00169451,7.72506101,2.15809766,0.36786005,0.00547856,21,1.0,1.01485956,0.01497507
642,AU3CB0258465,2021-11-19,0,66.71520000000001,66.959946,0.020298106581799,0.0218675221121737,0.020299106581799,0.123695683788911,1,0.00156942,5.65717552,1.54162914,0.26938931,0.0040156,21,1.0,0.67039256,0.00989218
645,AU3CB0258465,2021-11-24,0,66.8613686,66.231277,0.022913427925739,0.0266865085825175,0.022914427925739,0.123695683788911,1,0.00377308,8.00174045,2.02241323,0.38103526,0.00568275,21,1.0,0.946225,0.01406191
643,AU3CB0258465,2021-11-22,0,66.77303867,66.231277,0.020298106581799,0.024650617133241,0.020299106581799,0.123695683788911,1,0.00435251,7.06996787,1.94445543,0.33666514,0.00501022,21,1.0,1.01485956,0.01497507
646,AU3CB0258465,2021-11-25,0,66.89836925,66.363449,0.0230760246747916,0.0236245964656612,0.0230770246747916,0.123695683788911,1,0.00054857,7.88963175,2.38377143,0.37569675,0.00562538,21,1.0,1.3217834,0.01990291
652,AU3CB0258465,2021-12-03,0,65.29061279999999,65.406784,0.0206593855191047,0.0207576164493146,0.0206603855191047,0.123695683788911,1,9.823e-05,4.86199085,1.3922816,0.23152337,0.0034844,21,1.0,0.80671078,0.01224133
647,AU3CB0258465,2021-11-26,0,66.7072763,66.861366,0.021897270604408,0.0225545894926375,0.021898270604408,0.123695683788911,1,0.00065732,7.36950885,1.95864813,0.35092899,0.00523025,21,1.0,0.878392,0.01305384
651,AU3CB0258465,2021-12-02,0,65.406784734,65.523453,0.0217520699179979,0.0218585135812419,0.0217530699179979,0.123695683788911,1,0.00010644,4.89440982,1.39536065,0.23306713,0.00350493,21,1.0,0.80671078,0.01224133
650,AU3CB0258465,2021-12-01,0,65.52345352799999,65.973717,0.0229110433252106,0.0249928870398034,0.0229120433252106,0.123695683788911,1,0.00208184,5.43874725,1.53959358,0.25898796,0.00388928,21,1.0,0.80671078,0.01224133
648,AU3CB0258465,2021-11-29,0,65.90056422,66.616348,0.0232786742881036,0.025343145124832,0.0232796742881036,0.123695683788911,1,0.00206447,7.94381683,2.23332369,0.37827699,0.00567021,21,1.0,1.03489526,0.01558971
649,AU3CB0258465,2021-11-30,0,65.97371439999999,66.29538,0.024990750332327,0.026542105027942,0.024991750332327,0.123695683788911,1,0.00155135,8.33030607,2.0182273,0.39668124,0.00594089,21,1.0,0.6977454,0.01050639
653,AU3CB0258465,2021-12-06,0,64.70602532000001,65.290611,0.02078626440997,0.0223202591100825,0.02078726440997,0.123695683788911,1,0.00153399,5.25726603,1.49811548,0.250346,0.00378013,21,1.0,0.80671078,0.01224133
654,AU3CB0258465,2021-12-07,0,64.99920505,65.561516,0.0222751205255191,0.0236150999793431,0.0222761205255191,0.123695683788911,1,0.00133998,8.97770788,2.24519927,0.4275099,0.00643414,21,1.0,0.964741,0.01433708
655,AU3CB0258465,2021-12-08,0,65.7378605,65.561516,0.0235495231317063,0.0237572958221851,0.0235505231317063,0.123695683788911,1,0.00020777,8.45228661,2.3215086,0.40248984,0.00604762,21,1.0,1.335827,0.01985181
656,AU3CB0258465,2021-12-09,0,65.811108,65.737862,0.0208285252054041,0.0239589033195865,0.0208295252054041,0.123695683788911,1,0.00313038,5.51561743,1.59738781,0.26264845,0.00397718,21,1.0,0.80671078,0.01224133
657,AU3CB0258465,2021-12-10,0,65.89082807999999,65.922165,0.0247246894323312,0.0253919260650059,0.0247256894323312,0.123695683788911,1,0.00066724,8.44180962,2.18152043,0.40199093,0.00605644,21,1.0,0.964741,0.01433708
674,AU3CB0258465,2022-01-04,0,66.20037375999999,67.058769,0.0248253214604382,0.0266328097407915,0.0248263214604382,0.123695683788911,1,0.00180749,5.5387289,1.60845044,0.263749,0.00399822,21,1.0,0.85839524,0.01296662
675,AU3CB0258465,2022-01-05,0,66.69195474,66.200371,0.0212420973772257,0.0234454392804494,0.0212430973772257,0.123695683788911,1,0.00220334,4.1993146,1.20653217,0.19996736,0.00302548,21,1.0,0.7386535,0.01123635
676,AU3CB0258465,2022-01-06,0,66.2947245,66.691956,0.0207692850455213,0.0209727090085325,0.0207702850455213,0.123695683788911,1,0.00020342,3.8578926,1.03339428,0.18370917,0.00277575,21,1.0,0.49158374,0.00737096
677,AU3CB0258465,2022-01-07,0,65.84906565,66.200371,0.0231314860551193,0.0247834094093903,0.0231324860551193,0.123695683788911,1,0.00165192,5.42344762,1.65427454,0.25825941,0.00390347,21,1.0,0.8991462,0.01353179
678,AU3CB0258465,2022-01-10,0,65.64701579999999,65.849068,0.0215131591641743,0.0227803954597901,0.0215141591641743,0.123695683788911,1,0.00126724,4.35264007,1.13825323,0.20726857,0.00313398,21,1.0,0.49158374,0.00737096
680,AU3CB0258465,2022-01-12,0,65.89508662499999,65.35553,0.0240370951396497,0.0254763716704625,0.0240380951396497,0.123695683788911,1,0.00143928,5.34764818,1.52177796,0.25464991,0.00384155,21,1.0,0.91133774,0.01366488
683,AU3CB0258465,2022-01-17,0,65.56877604,65.932175,0.0243354270385593,0.0248598355660542,0.0243364270385593,0.123695683788911,1,0.00052441,4.43193652,1.16079071,0.2110446,0.00319238,21,1.0,0.49158374,0.00737096
679,AU3CB0258465,2022-01-11,0,65.77390799999999,65.664581,0.0228229991257106,0.0229530564734532,0.0228239991257106,0.123695683788911,1,0.00013006,5.38366146,1.53491613,0.25636483,0.00386792,21,1.0,0.91133774,0.01366488
682,AU3CB0258465,2022-01-14,0,65.93217175,65.895088,0.0225711840410726,0.0260703829847633,0.0225721840410726,0.123695683788911,1,0.0034992,5.08962797,1.57192928,0.24236324,0.00366792,21,1.0,0.84289035,0.01280034
684,AU3CB0258465,2022-01-18,0,65.47170262499999,65.842331,0.0254377270131919,0.029487278010263,0.0254387270131919,0.123695683788911,1,0.00404955,5.4621641,1.53308702,0.26010305,0.00392752,21,1.0,0.6313842,0.00949788
712,AU3CB0258465,2022-02-25,0,65.8760473,65.842896,0.027994540368086,0.0297300790797938,0.0279955403680861,0.123695683788911,1,0.00173554,5.49236836,1.44626079,0.26154135,0.00403505,21,1.0,0.7168404,0.01111651
711,AU3CB0258465,2022-02-24,0,65.84289219,65.63916,0.030077778853489,0.0329695342245709,0.030078778853489,0.123695683788911,1,0.00289176,5.46321856,1.44588633,0.26015326,0.00401399,21,1.0,0.7168404,0.01111651
713,AU3CB0258465,2022-02-28,0,66.228350515,65.876045,0.0277302930135843,0.028581917360069,0.0277312930135843,0.123695683788911,1,0.00085162,5.64371363,1.47492522,0.26874827,0.00414175,21,1.0,0.7168404,0.01111651
714,AU3CB0258465,2022-03-01,0,66.79204425,66.228348,0.0271720814019498,0.0277185890445699,0.0271730814019498,0.123695683788911,1,0.00054651,5.83690483,1.53488888,0.27794785,0.00427179,21,1.0,0.7168404,0.01111651
716,AU3CB0258465,2022-03-03,0,67.5587429,66.476318,0.0297343686759101,0.0326664621151357,0.0297353686759101,0.123695683788911,1,0.00293209,16.51101955,4.30004538,0.78623903,0.01206278,21,1.0,2.145441,0.0336127
715,AU3CB0258465,2022-03-02,0,67.23818024,66.228348,0.0279091370815001,0.0280714255826344,0.0279101370815001,0.123695683788911,1,0.00016229,9.28408641,2.63144254,0.44209935,0.0067704,21,1.0,1.37285,0.02150849
717,AU3CB0258465,2022-03-04,0,68.22062663999999,67.238182,0.0279273071688503,0.02797361231008,0.0279283071688503,0.123695683788911,1,4.631e-05,10.36428514,2.84727369,0.49353739,0.00751008,21,1.0,1.37285,0.02150849
719,AU3CB0258465,2022-03-08,0,69.15297600000001,67.558746,0.0316721334878856,0.0370611556111231,0.0316731334878856,0.123695683788911,1,0.00538902,15.63504615,4.45106286,0.74452601,0.01109775,21,1.0,2.6575777,0.03802202
718,AU3CB0258465,2022-03-07,0,69.8957597,67.238182,0.0304803299277388,0.0313587464646044,0.0304813299277388,0.123695683788911,1,0.00087842,15.71933815,4.4819446,0.74853991,0.01125222,21,1.0,2.6575777,0.03802202
720,AU3CB0258465,2022-03-09,0,68.367745995,67.720123,0.0325268932814808,0.0327635481347562,0.0325278932814808,0.123695683788911,1,0.00023665,19.8283406,4.98817589,0.9442067,0.014218,21,1.0,2.7683947,0.03960748
735,AU3CB0258465,2022-03-30,0,68.76287400000001,69.150795,0.0412114850738513,0.0429308061308739,0.0412124850738513,0.123695683788911,1,0.00171932,11.05711546,2.9375068,0.52652931,0.00768968,21,1.0,1.6751327,0.02396616
737,AU3CB0258465,2022-04-01,0,68.69350524,68.306145,0.0418646925651096,0.0441782694228585,0.0418656925651096,0.123695683788911,1,0.00231358,11.13450596,2.94716766,0.53021457,0.0077347,21,1.0,1.6751327,0.02396616
742,AU3CB0258465,2022-04-08,0,69.68344988000001,69.708702,0.0431881241955231,0.0446536492038618,0.0431891241955231,0.123695683788911,1,0.00146553,8.81509333,2.27076477,0.41976635,0.00611189,21,1.0,1.05785977,0.01572742
743,AU3CB0258465,2022-04-11,0,69.26452232,69.683449,0.0338941741984773,0.0368383404178501,0.0338951741984773,0.123695683788911,1,0.00294417,8.40228192,2.1540854,0.40010866,0.00582147,21,1.0,1.05785977,0.01572742
744,AU3CB0258465,2022-04-12,0,69.053568295,69.683449,0.0320160914479808,0.0335704632741458,0.0320170914479808,0.123695683788911,1,0.00155437,13.62029618,3.41851501,0.64858553,0.00943982,21,1.0,1.3865532,0.01971639
745,AU3CB0258465,2022-04-13,0,69.721539966,69.264519,0.0302001863682893,0.0328528438401597,0.0302011863682893,0.123695683788911,1,0.00265266,12.86722837,3.22967463,0.61272516,0.00889526,21,1.0,1.3865532,0.01971639
746,AU3CB0258465,2022-04-14,0,69.2036371,70.324913,0.0318312015281502,0.0446057519684255,0.0318322015281502,0.123695683788911,1,0.01277455,16.68412136,4.62576558,0.79448197,0.01147833,21,1.0,2.26689142,0.0326908
747,AU3CB0258465,2022-04-15,0,69.31135771999999,69.559608,0.0318312015281502,0.0416418695749773,0.0318322015281502,0.123695683788911,1,0.00981067,15.6497825,4.46540754,0.74522774,0.01076793,21,1.0,2.42155206,0.03484345
748,AU3CB0258465,2022-04-18,0,69.21523492,70.324913,0.0317333445928803,0.037232209534213,0.0317343445928803,0.123695683788911,1,0.00549886,15.5866743,4.44924964,0.74222259,0.01070985,21,1.0,2.42155206,0.03484345
749,AU3CB0258465,2022-04-19,0,68.95932742,69.311356,0.0305480623251609,0.0321213731785893,0.0305490623251609,0.123695683788911,1,0.00157331,10.37995962,2.72480071,0.49428379,0.00713398,21,1.0,1.3865532,0.01971639
750,AU3CB0258465,2022-04-20,0,69.231045255,69.203636,0.0310241653763922,0.0315132243156808,0.0310251653763922,0.123695683788911,1,0.00048906,15.18872648,4.08326599,0.72327269,0.01043523,21,1.0,2.0187702,0.02870633
751,AU3CB0258465,2022-04-21,0,69.25178703,68.959328,0.0312286406469491,0.0341098226042109,0.0312296406469491,0.123695683788911,1,0.00288118,9.89375601,2.68227308,0.47113124,0.00679491,21,1.0,1.3865532,0.01971639
753,AU3CB0258465,2022-04-25,0,67.365003375,68.396896,0.0295553168058247,0.030288696765134,0.0295563168058247,0.123695683788911,1,0.00073338,8.42524146,2.22403362,0.40120197,0.00581532,21,1.0,1.03189262,0.01531793
752,AU3CB0258465,2022-04-22,0,68.3968965,69.251785,0.0302577869376879,0.0312188597820482,0.0302587869376879,0.123695683788911,1,0.00096107,7.42965796,1.97049271,0.35379324,0.00511082,21,1.0,0.8548885,0.01249894
754,AU3CB0258465,2022-04-26,0,67.49143045,69.203636,0.0316424166588259,0.0339836769718694,0.0316434166588259,0.123695683788911,1,0.00234126,14.61762433,4.16123741,0.69607735,0.01012795,21,1.0,2.35653862,0.03498164
755,AU3CB0258465,2022-04-27,0,67.4888379,67.491432,0.0295192091697979,0.0298943750585919,0.0295202091697979,0.123695683788911,1,0.00037517,8.08864305,2.19720625,0.38517348,0.00558612,21,1.0,1.03189262,0.01531793
756,AU3CB0258465,2022-04-28,0,67.80608847,67.488838,0.0300973484029589,0.0306571319032697,0.0300983484029589,0.123695683788911,1,0.00055978,8.01797252,2.18583633,0.38180822,0.00554028,21,1.0,1.03189262,0.01531793
757,AU3CB0258465,2022-04-29,0,67.92556549999999,67.806091,0.0296306359338687,0.0309852692164928,0.0296316359338687,0.123695683788911,1,0.00135463,7.68072162,2.14092422,0.36574865,0.00530564,21,1.0,1.03189262,0.01531793
758,AU3CB0258465,2022-05-02,0,67.281985995,67.488838,0.0317673642592298,0.0345498704954904,0.0317683642592298,0.123695683788911,1,0.00278251,13.07327174,3.86897619,0.62253675,0.00907197,21,1.0,1.86604562,0.02770052
759,AU3CB0258465,2022-05-03,0,67.04050212000001,67.925568,0.0325292468095306,0.0350986600353912,0.0325302468095306,0.123695683788911,1,0.00256941,11.71723557,3.27850918,0.5579636,0.00813944,21,1.0,1.88678162,0.02800834
760,AU3CB0258465,2022-05-04,0,67.32804605,67.281982,0.032253948090738,0.0343859440947227,0.032254948090738,0.123695683788911,1,0.002132,10.89719482,3.1623736,0.51891404,0.00757911,21,1.0,1.88678162,0.02800834
761,AU3CB0258465,2022-05-05,0,68.215007875,67.040504,0.0348690005568038,0.03607497658281,0.0348700005568038,0.123695683788911,1,0.00120598,10.68514549,3.07531078,0.50881645,0.00746012,21,1.0,1.88678162,0.02800834
762,AU3CB0258465,2022-05-06,0,67.4383523,67.328049,0.0327009246031176,0.032740544734403,0.0327019246031176,0.123695683788911,1,3.962e-05,10.64635729,3.0736745,0.50696939,0.00743616,21,1.0,1.88678162,0.02800834
763,AU3CB0258465,2022-05-09,0,66.78300991500001,68.693504,0.0408136452922001,0.0410862958285488,0.0408146452922001,0.123695683788911,1,0.00027265,26.05073299,6.305956,1.24051109,0.01820652,21,1.0,2.45755988,0.03665784
812,AU3SG0001985,2021-07-20,0,64.201505947908,64.333908,0.0396302430832097,0.042480215106603,0.0396312430832097,0.0509975289379222,1,0.00284997,6.94180816,1.93099841,0.33056229,0.00521994,21,1.0,1.10344284,0.01751055
813,AU3SG0001985,2021-07-21,0,63.6290518674,64.201508,0.0387010691189093,0.0399466539509531,0.0387020691189093,0.0509975289379222,1,0.00124558,7.40314782,2.01099826,0.35253085,0.0055632,21,1.0,1.10344284,0.01751055
815,AU3SG0001985,2021-07-23,0,63.97956080536,63.629051,0.0393093828083841,0.0397126011074409,0.0393103828083841,0.0509975289379222,1,0.00040322,8.3685866,2.02110941,0.39850412,0.00627358,21,1.0,0.76320144,0.01200883
816,AU3SG0001985,2021-07-26,0,64.05141674628001,63.805557,0.0386885056965979,0.0395137329471143,0.0386895056965979,0.0509975289379222,1,0.00082523,8.5890967,2.0358506,0.4090046,0.00643698,21,1.0,0.76320144,0.01200883
817,AU3SG0001985,2021-07-27,0,64.19272375349999,63.979561,0.0359482205867854,0.038187771696233,0.0359492205867854,0.0509975289379222,1,0.00223955,8.41177135,2.00938923,0.40056054,0.00629997,21,1.0,0.76320144,0.01200883
818,AU3SG0001985,2021-07-28,0,64.08152530806001,64.192726,0.0360093840785242,0.0368490498702952,0.0360103840785242,0.0509975289379222,1,0.00083967,6.25077727,1.80786525,0.29765606,0.00467759,21,1.0,1.10344284,0.01751055
819,AU3SG0001985,2021-07-29,0,64.0875514004,64.192726,0.0363067122806743,0.0371624152312747,0.0363077122806743,0.0509975289379222,1,0.0008557,7.69960756,1.92062475,0.36664798,0.0057566,21,1.0,0.76320144,0.01200883
820,AU3SG0001985,2021-07-30,0,63.81446804376,64.087555,0.0374113493021992,0.037673294289679,0.0374123493021992,0.0509975289379222,1,0.00026194,6.40983418,1.8246869,0.3052302,0.00479454,21,1.0,1.10344284,0.01751055
821,AU3SG0001985,2021-08-02,0,63.47280269778,63.979561,0.0382273517678758,0.0393187400491442,0.0382283517678758,0.0509975289379222,1,0.00109139,10.27322983,2.8630853,0.48920142,0.00766488,21,1.0,1.50878804,0.02353094
822,AU3SG0001985,2021-08-03,0,64.00147830958,63.814468,0.0373164005124694,0.0385962069577624,0.0373174005124694,0.0509975289379222,1,0.00127981,7.9886231,1.97377893,0.38041062,0.00596628,21,1.0,0.76320144,0.01200883
823,AU3SG0001985,2021-08-04,0,64.22395959880001,63.472801,0.0373164005124694,0.0381081179159361,0.0373174005124694,0.0509975289379222,1,0.00079172,7.97658025,1.96915364,0.37983715,0.00595138,21,1.0,0.7511586,0.01169592
824,AU3SG0001985,2021-08-05,0,64.17544610402,63.814468,0.0369887388692045,0.0370529769434816,0.0369897388692045,0.0509975289379222,1,6.424e-05,7.58122125,2.291303,0.36101054,0.00564044,21,1.0,1.32917704,0.02072974
825,AU3SG0001985,2021-08-06,0,63.873845982960006,63.814468,0.0376245034092351,0.0383623118782403,0.0376255034092351,0.0509975289379222,1,0.00073781,6.38968421,1.76269604,0.30427068,0.00476148,21,1.0,0.82786655,0.01296707
826,AU3SG0001985,2021-08-09,0,63.8987057052,63.873844,0.0338921582214655,0.0369409898758363,0.0338931582214655,0.0509975289379222,1,0.00304883,5.26150645,1.42262844,0.25054793,0.00392153,21,1.0,0.65941826,0.01035595
767,AU3CB0258465,2022-05-13,0,66.230783,65.914101,0.0433875026669706,0.0436384171564719,0.0433885026669706,0.123695683788911,1,0.00025091,8.17023738,2.35536158,0.38905892,0.00577046,21,1.0,1.03189262,0.01531793
768,AU3CB0258465,2022-05-16,0,66.8040408,65.914101,0.0409551413347601,0.0430437101455334,0.0409561413347601,0.123695683788911,1,0.00208857,13.4595098,3.84924965,0.64092904,0.0095475,21,1.0,1.88678162,0.02800834
769,AU3CB0258465,2022-05-17,0,66.683807325,66.230782,0.0398757978758905,0.0408253902391036,0.0398767978758905,0.123695683788911,1,0.00094959,13.90093621,3.87579931,0.66194934,0.00986303,21,1.0,1.88678162,0.02800834
770,AU3CB0258465,2022-05-18,0,66.60901247,65.914101,0.0437280056579363,0.045105885516547,0.0437290056579363,0.123695683788911,1,0.00137788,17.65277385,4.89113021,0.84060828,0.01257435,21,1.0,2.4450865,0.03717636
827,AU3SG0001985,2021-08-10,0,63.8478109528,63.814468,0.0336987783861021,0.0399366926955303,0.0336997783861021,0.0509975289379222,1,0.00623791,6.07345665,1.90039915,0.28921222,0.0045222,21,1.0,1.18563295,0.01846737
828,AU3SG0001985,2021-08-11,0,64.02428803420001,63.847813,0.0313980796742224,0.0316945346628038,0.0313990796742224,0.0509975289379222,1,0.00029645,4.67124183,1.2640177,0.22244009,0.00347899,21,1.0,0.57245613,0.00899677
829,AU3SG0001985,2021-08-12,0,64.2386941775,64.223961,0.0305515371529041,0.0408753691867813,0.0305525371529041,0.0509975289379222,1,0.01032383,5.32023582,1.77360905,0.25334456,0.00395584,21,1.0,1.31803382,0.02048739
771,AU3CB0258465,2022-05-19,0,66.48385444499999,66.609009,0.0378898300418294,0.0422358601837075,0.0378908300418294,0.123695683788911,1,0.00434603,8.33221131,2.39831319,0.39677197,0.00590432,21,1.0,1.03189262,0.01531793
830,AU3SG0001985,2021-08-13,0,63.95084631153,64.175446,0.0309136142716778,0.0394955670727534,0.0309146142716778,0.0509975289379222,1,0.00858195,5.03407413,1.71325914,0.23971782,0.00374361,21,1.0,1.31803382,0.02048739
831,AU3SG0001985,2021-08-16,0,64.157154433,63.950848,0.0291495035074547,0.0310458180722037,0.0291505035074547,0.0509975289379222,1,0.00189631,4.55274312,1.22630839,0.21679729,0.00338944,21,1.0,0.57245613,0.00899677
772,AU3CB0258465,2022-05-20,0,66.63686265,66.483856,0.0404358027858395,0.0421116796772672,0.0404368027858395,0.123695683788911,1,0.00167588,8.46447993,2.40309949,0.40307047,0.0059994,21,1.0,1.03189262,0.01531793
773,AU3CB0258465,2022-05-23,0,66.84774107,66.483856,0.0416428646360534,0.0442447687241559,0.0416438646360534,0.123695683788911,1,0.0026019,13.19320165,3.78516948,0.6282477,0.00938897,21,1.0,1.88678162,0.02800834
832,AU3SG0001985,2021-08-17,0,64.23120904199999,64.157158,0.02978790852212,0.0306767812426557,0.02978890852212,0.0509975289379222,1,0.00088887,4.13662634,1.12652178,0.19698221,0.00308152,21,1.0,0.57245613,0.00899677
833,AU3SG0001985,2021-08-18,0,63.78417181100001,63.847813,0.0307727968840053,0.0311198356994704,0.0307737968840053,0.0509975289379222,1,0.00034704,3.59370657,1.01984078,0.17112888,0.00267648,21,1.0,0.5067583,0.00798387
834,AU3SG0001985,2021-08-19,0,64.07032028520999,64.024284,0.0287487662618748,0.0307177951622033,0.0287497662618748,0.0509975289379222,1,0.00196903,3.52776899,1.01471987,0.167989,0.0026269,21,1.0,0.5067583,0.00798387
835,AU3SG0001985,2021-08-20,0,63.46846538336,64.238693,0.0287487662618748,0.0288939314386717,0.0287497662618748,0.0509975289379222,1,0.00014517,4.16329916,1.26679264,0.19825234,0.00310425,21,1.0,0.77022762,0.0121356
836,AU3SG0001985,2021-08-23,0,63.01581188218,63.468464,0.0288750274450645,0.0295919496365599,0.0288760274450645,0.0509975289379222,1,0.00071692,4.86895101,1.3081397,0.23185481,0.00363369,21,1.0,0.60185462,0.00948273
837,AU3SG0001985,2021-08-24,0,62.97891999462001,64.00148,0.0318026248462825,0.0396802269460664,0.0318036248462825,0.0509975289379222,1,0.0078776,6.98065036,1.94790079,0.33241192,0.00521421,21,1.0,1.02256001,0.01623654
838,AU3SG0001985,2021-08-25,0,62.91298116821999,64.223961,0.034949080267256,0.0421937916571194,0.034950080267256,0.0509975289379222,1,0.00724471,7.65225144,2.25924332,0.36439293,0.00573219,21,1.0,1.31097983,0.02083799
839,AU3SG0001985,2021-08-26,0,62.910031114953,64.175446,0.0410295577425907,0.0412924605731644,0.0410305577425907,0.0509975289379222,1,0.0002629,8.41931702,2.54108308,0.40091986,0.00631971,21,1.0,1.31097983,0.02083799
840,AU3SG0001985,2021-08-27,0,62.7353367624,64.00148,0.0422976543190076,0.0425071069393978,0.0422986543190076,0.0509975289379222,1,0.00020945,10.16550725,2.86678469,0.48407177,0.00762803,21,1.0,1.26614324,0.0201823
849,AU3SG0001985,2021-09-09,0,62.9077575087,62.900917,0.0427360427421209,0.0433011983878393,0.0427370427421209,0.0509975289379222,1,0.00056516,5.74445699,1.70035015,0.27354557,0.00432322,21,1.0,1.05450812,0.01673402
852,AU3SG0001985,2021-09-14,0,63.497240000000005,63.037285,0.0436067123463352,0.0443770209251952,0.0436077123463352,0.0509975289379222,1,0.00077031,5.94437196,1.73441229,0.28306533,0.00447914,21,1.0,1.05450812,0.01673402
855,AU3SG0001985,2021-09-17,0,62.360411,62.507118,0.0418993324439571,0.0459130443102586,0.0419003324439571,0.0509975289379222,1,0.00401371,6.28998251,1.74175231,0.29952298,0.0047509,21,1.0,0.8342184,0.01331277
856,AU3SG0001985,2021-09-20,0,62.91767286000001,62.507118,0.0446176164047242,0.0461613907505985,0.0446186164047242,0.0509975289379222,1,0.00154377,6.78407297,1.99407142,0.32305109,0.00513489,21,1.0,1.05450812,0.01673402
857,AU3SG0001985,2021-09-21,0,62.48658345999999,62.360413,0.043655757600052,0.043886846816743,0.043656757600052,0.0509975289379222,1,0.00023109,5.85573531,1.69713065,0.27884454,0.00443418,21,1.0,0.99011931,0.0158401
858,AU3SG0001985,2021-09-22,0,62.52979799999999,62.507118,0.0427967811467244,0.0440196784274366,0.0427977811467244,0.0509975289379222,1,0.0012229,7.55955221,2.09878999,0.35997868,0.00572184,21,1.0,1.15733883,0.01839587
862,AU3SG0001985,2021-09-28,0,61.3517325,61.357006,0.0415976143389035,0.0432782162391062,0.0415986143389035,0.0509975289379222,1,0.0016806,6.91409003,1.9060738,0.32924238,0.00526244,21,1.0,0.9951324,0.0161719
865,AU3SG0001985,2021-10-01,0,61.58855169,61.039051,0.0406833403163714,0.043775907232481,0.0406843403163714,0.0509975289379222,1,0.00309257,6.72473579,1.87753396,0.32022551,0.00513614,21,1.0,0.9951324,0.0161719
866,AU3SG0001985,2021-10-04,0,61.879715954,61.588551,0.0407141932556123,0.0411050702909751,0.0407151932556123,0.0509975289379222,1,0.00039088,6.63741373,1.86189645,0.31606732,0.00507325,21,1.0,0.9951324,0.0161719
867,AU3SG0001985,2021-10-05,0,61.33860722000001,61.879715,0.0414941775066612,0.042199063536225,0.0414951775066612,0.0509975289379222,1,0.00070489,6.82817198,1.90701631,0.32515105,0.00522919,21,1.0,0.9951324,0.0161719
868,AU3SG0001985,2021-10-06,0,61.4402004,61.338608,0.0424142756354765,0.042925520948854,0.0424152756354765,0.0509975289379222,1,0.00051125,6.67030213,1.89201257,0.31763343,0.0051115,21,1.0,0.9951324,0.0161719
869,AU3SG0001985,2021-10-07,0,61.244694210000006,61.338608,0.0438488889284412,0.045779355638968,0.0438498889284412,0.0509975289379222,1,0.00193047,7.92392346,2.15575932,0.37732969,0.00608276,21,1.0,0.99011931,0.0158401
870,AU3SG0001985,2021-10-08,0,61.35832387215,61.338608,0.0424142756354765,0.0452022015869037,0.0424152756354765,0.0509975289379222,1,0.00278793,9.52021334,2.69617448,0.45334349,0.0073246,21,1.0,1.3830064,0.02247524
871,AU3SG0001985,2021-10-11,0,60.813777969,61.338608,0.0428708695850392,0.046799594337834,0.0428718695850392,0.0509975289379222,1,0.00392872,10.80890782,2.82946621,0.5147099,0.0083319,21,1.0,1.1780645,0.01920181
873,AU3SG0001985,2021-10-13,0,62.126433600000006,60.813778,0.0447123171797953,0.0461611967941869,0.0447133171797953,0.0509975289379222,1,0.00144888,9.39688224,2.53790897,0.44747058,0.00723232,21,1.0,1.3126556,0.02112878
874,AU3SG0001985,2021-10-14,0,62.15057856000001,61.758446,0.0449762394964846,0.0459482480875644,0.0449772394964846,0.0509975289379222,1,0.00097201,9.5226554,2.55417356,0.45345978,0.00733036,21,1.0,1.3126556,0.02112878
878,AU3SG0001985,2021-10-20,0,61.5078728,62.339252,0.0447093715184867,0.0476008291801647,0.0447103715184867,0.0509975289379222,1,0.00289146,11.57482921,3.07599758,0.55118234,0.00894199,21,1.0,1.3830064,0.02247524
881,AU3SG0001985,2021-10-25,0,61.97125010551999,62.150578,0.04467112948340212,0.04797630997280074,0.04467212948340212,0.05099752893792228,1,0.00330518,12.17055625,3.39627096,0.5795503,0.00941416,21,1.0,1.666523,0.02720803
891,AU3SG0001985,2021-11-08,0,61.53342790879999,61.466431,0.04044286775826907,0.04189890664629701,0.040443867758269074,0.05099752893792228,1,0.00145604,7.36126604,2.00761345,0.35053648,0.00567217,21,1.0,0.8990526,0.01442193
893,AU3SG0001985,2021-11-10,0,60.86517436454999,61.644745,0.03769130590566828,0.04000658321929493,0.03769230590566828,0.05099752893792228,1,0.00231528,7.00899812,1.84020836,0.33376182,0.00541775,21,1.0,0.77957064,0.01280816
892,AU3SG0001985,2021-11-09,0,61.6447466348,60.904305,0.04000658321929493,0.04071512485997821,0.04000758321929493,0.05099752893792228,1,0.00070854,7.87643464,2.12791391,0.37506832,0.00606775,21,1.0,0.8990526,0.01442193
894,AU3SG0001985,2021-11-11,0,60.97797365984,60.865173,0.03722110008512306,0.037526512126161995,0.03722210008512306,0.05099752893792228,1,0.00030541,6.75381118,1.80656468,0.32161006,0.00522378,21,1.0,0.77957064,0.01280816
900,AU3SG0001985,2021-11-19,0,61.68475648,61.644745,0.04028932001814943,0.04055532871715431,0.04029032001814943,0.05099752893792228,1,0.00026601,6.38778072,1.88147229,0.30418003,0.0049524,21,1.0,1.01423984,0.01661847
901,AU3SG0001985,2021-11-22,0,61.29263332868,60.865173,0.03741053144142742,0.041993750486522555,0.03741153144142742,0.05099752893792228,1,0.00458322,6.78769818,1.92922308,0.32322372,0.00526325,21,1.0,1.01423984,0.01661847
903,AU3SG0001985,2021-11-24,0,61.1487915272,61.03088,0.038498661653266174,0.03994239914360403,0.038499661653266175,0.05099752893792228,1,0.00144374,6.62545418,1.91537421,0.31549782,0.00514086,21,1.0,1.01423984,0.01661847
902,AU3SG0001985,2021-11-23,0,61.08778500006,60.977974,0.03813059420204963,0.04320435372935627,0.03813159420204963,0.05099752893792228,1,0.00507376,6.74232529,1.92610439,0.32106311,0.00522961,21,1.0,1.01423984,0.01661847
904,AU3SG0001985,2021-11-25,0,61.41116413224,61.444595,0.03944291907756595,0.04340594178773013,0.03944391907756595,0.05099752893792228,1,0.00396302,6.46589397,1.90591984,0.30789971,0.00501891,21,1.0,1.01423984,0.01661847
905,AU3SG0001985,2021-11-26,0,62.3468143451,61.507687,0.03837753227124445,0.043711969856245064,0.03837853227124445,0.05099752893792228,1,0.00533444,6.69160697,1.99007235,0.31864795,0.00518459,21,1.0,1.01423984,0.01661847
907,AU3SG0001985,2021-11-30,0,61.83579013743999,61.627365,0.03455373849465725,0.03706256241724106,0.034554738494657254,0.05099752893792228,1,0.00250882,6.40396916,1.85857981,0.30495091,0.0049555,21,1.0,1.01423984,0.01661847
908,AU3SG0001985,2021-12-01,0,61.201464328836,61.684757,0.034481944859780685,0.03683268144917769,0.034482944859780686,0.05099752893792228,1,0.00235074,6.52048792,1.88503783,0.31049942,0.00505004,21,1.0,1.01423984,0.01661847
912,AU3SG0001985,2021-12-07,0,61.0624708564,61.411163,0.03903230058345784,0.04082165428121895,0.03903330058345784,0.05099752893792228,1,0.00178935,7.18297233,2.01367545,0.3420463,0.00556294,21,1.0,1.01423984,0.01661847
909,AU3SG0001985,2021-12-02,0,61.49672147718,61.292633,0.03458200931090534,0.03584522446046287,0.03458300931090534,0.05099752893792228,1,0.00126322,6.55581403,1.88852826,0.31218162,0.00507753,21,1.0,1.01423984,0.01661847
910,AU3SG0001985,2021-12-03,0,61.91564787743,61.496723,0.034613919627784026,0.034710924985753844,0.03461491962778403,0.05099752893792228,1,9.701e-05,7.08843831,2.04846458,0.33754468,0.00548769,21,1.0,0.9973237,0.01625643
911,AU3SG0001985,2021-12-06,0,61.45283055856001,61.730904,0.036356937489897614,0.036985303773283525,0.036357937489897615,0.05099752893792228,1,0.00062837,6.88335724,1.83646943,0.32777892,0.00533774,21,1.0,0.9897627,0.01613319
913,AU3SG0001985,2021-12-08,0,61.7856679837,61.411163,0.037788510082644285,0.03885422525470854,0.037789510082644286,0.05099752893792228,1,0.00106572,7.21267815,1.85298382,0.34346086,0.00558253,21,1.0,0.90221935,0.01447098
915,AU3SG0001985,2021-12-10,0,62.22775891199999,62.346813,0.03672464636368636,0.03822528849382656,0.03672564636368636,0.05099752893792228,1,0.00150064,7.29144937,2.06578676,0.34721187,0.00562802,21,1.0,1.31593435,0.02110668
916,AU3SG0001985,2021-12-13,0,62.704109047040006,62.146259,0.028631078117441904,0.033450761136748886,0.028632078117441905,0.05099752893792228,1,0.00481968,7.72364755,2.10208442,0.36779274,0.00597075,21,1.0,1.13778767,0.01859086
917,AU3SG0001985,2021-12-14,0,62.5083776344,62.146259,0.02564050904353377,0.02932709054761931,0.02564150904353377,0.05099752893792228,1,0.00368658,7.25752981,2.0479625,0.34559666,0.00559294,21,1.0,0.97188998,0.01573002
918,AU3SG0001985,2021-12-15,0,62.4005240895,61.709145,0.02444173665301917,0.026280782835388025,0.02444273665301917,0.05099752893792228,1,0.00183905,7.44904147,2.23553647,0.35471626,0.00573313,21,1.0,1.30776335,0.02097562
919,AU3SG0001985,2021-12-16,0,62.7403834485,62.400524,0.02454966254746742,0.02464089869267227,0.02455066254746742,0.05099752893792228,1,9.124e-05,7.91940257,2.10408078,0.37711441,0.00610515,21,1.0,0.9973237,0.01625643
921,AU3SG0001985,2021-12-20,0,62.86360767520001,62.692081,0.025068624593207973,0.02555717711662198,0.025069624593207974,0.05099752893792228,1,0.00048855,8.04621923,2.11053257,0.3831533,0.00619994,21,1.0,0.9973237,0.01625643
920,AU3SG0001985,2021-12-17,0,62.692083278720006,61.678345,0.025068624593207973,0.03154589420180209,0.025069624593207974,0.05099752893792228,1,0.00647727,7.96925746,2.46001383,0.37948845,0.00610526,21,1.0,1.30776335,0.02097562
924,AU3SG0001985,2021-12-23,0,62.8026564036,62.400654,0.0269077367544121,0.02927146527677195,0.0269087367544121,0.05099752893792228,1,0.00236373,8.96498253,2.28334795,0.42690393,0.00689297,21,1.0,0.9973237,0.01625643
922,AU3SG0001985,2021-12-21,0,62.04476255554001,61.971249,0.02691854671475155,0.03440670891131172,0.026919546714751552,0.05099752893792228,1,0.00748816,8.55334454,2.6635958,0.40730212,0.0065371,21,1.0,1.30776335,0.02097562
925,AU3SG0001985,2021-12-24,0,63.2539078938,62.802658,0.028455119747128776,0.02967994589643721,0.028456119747128777,0.05099752893792228,1,0.00122483,9.15386029,2.3126749,0.43589811,0.00702923,21,1.0,0.9973237,0.01625643
926,AU3SG0001985,2021-12-27,0,63.23508586395,63.253906,0.02901342083319777,0.02967994589643721,0.02901442083319777,0.05099752893792228,1,0.00066653,8.23702909,2.11503568,0.39223948,0.00632877,21,1.0,0.9973237,0.01625643
923,AU3SG0001985,2021-12-22,0,62.4006556536,62.044762,0.02651159588697889,0.028594560674044284,0.02651259588697889,0.05099752893792228,1,0.00208296,8.62398766,2.24850925,0.41066608,0.00663566,21,1.0,0.9973237,0.01625643
927,AU3SG0001985,2021-12-28,0,63.262823592150006,63.235085,0.028303398478688527,0.029083540405996672,0.028304398478688528,0.05099752893792228,1,0.00078014,7.26744398,1.86533933,0.34606876,0.00557554,21,1.0,0.81884644,0.01319767
928,AU3SG0001985,2021-12-29,0,63.0870833362,63.235085,0.028373518051487433,0.02874236369109487,0.028374518051487434,0.05099752893792228,1,0.00036885,9.05667579,2.35643767,0.43127028,0.00692333,21,1.0,0.98300604,0.01584332
929,AU3SG0001985,2021-12-30,0,62.88704174349,63.262825,0.027213875876112965,0.027724955319762074,0.027214875876112966,0.05099752893792228,1,0.00051108,9.28443238,2.38161702,0.44211583,0.0070927,21,1.0,0.98300604,0.01584332
930,AU3SG0001985,2021-12-31,0,63.01916725,63.262825,0.027810209531596145,0.028827329827723357,0.027811209531596146,0.05099752893792228,1,0.00101712,9.20082913,2.54406348,0.43813472,0.0070025,21,1.0,1.20914589,0.01911575
931,AU3SG0001985,2022-01-03,0,62.730119375700006,63.235085,0.03017894939440821,0.030721536442667174,0.030179949394408212,0.05099752893792228,1,0.00054259,11.14039812,3.00855416,0.53049515,0.0084807,21,1.0,1.44590863,0.02313144
932,AU3SG0001985,2022-01-04,0,61.81441373616,61.351734,0.033316672767668754,0.033836657262473605,0.033317672767668755,0.05099752893792228,1,0.00051998,15.36859402,4.03444288,0.73183781,0.01172849,21,1.0,1.84030814,0.03013812
933,AU3SG0001985,2022-01-05,0,62.067767101920005,61.814415,0.031302595615880786,0.03197723737172962,0.03130359561588079,0.05099752893792228,1,0.00067464,6.54547339,1.8127299,0.31168921,0.0049968,21,1.0,0.91570426,0.01481377
934,AU3SG0001985,2022-01-06,0,61.3056522879,62.067768,0.03062095810871106,0.030838675718225454,0.030621958108711062,0.05099752893792228,1,0.00021772,6.58439012,1.82860419,0.31354239,0.00503139,21,1.0,0.91570426,0.01481377
935,AU3SG0001985,2022-01-07,0,60.7866052846,61.039051,0.03768531750207856,0.039010638227281555,0.03768631750207856,0.05099752893792228,1,0.00132532,11.61667301,3.08976269,0.55317491,0.00883692,21,1.0,1.48450325,0.02355638
937,AU3SG0001985,2022-01-11,0,60.83179342344,60.539909,0.040749393012064816,0.04262031852957828,0.04075039301206482,0.05099752893792228,1,0.00187093,6.72357651,1.85246399,0.32017031,0.00515989,21,1.0,0.91570426,0.01481377
938,AU3SG0001985,2022-01-12,0,61.14508879775,60.831795,0.0337724961197868,0.039329541934486234,0.0337734961197868,0.05099752893792228,1,0.00555705,6.84113894,1.86854624,0.32576852,0.00525477,21,1.0,0.91570426,0.01481377
939,AU3SG0001985,2022-01-13,0,61.32795730798,60.539909,0.03903125357547314,0.044448201866581626,0.039032253575473144,0.05099752893792228,1,0.00541695,8.30920688,2.17753771,0.39567652,0.00638838,21,1.0,0.85325389,0.01348935
940,AU3SG0001985,2022-01-14,0,61.006567583,61.327957,0.03452033825136207,0.03685706901130858,0.03452133825136207,0.05099752893792228,1,0.00233673,6.89768531,1.87111216,0.32846121,0.00530738,21,1.0,0.91570426,0.01481377
941,AU3SG0001985,2022-01-17,0,60.41499334828,61.440201,0.03893761384674169,0.041092281945128324,0.03893861384674169,0.05099752893792228,1,0.00215467,9.2484609,2.38494755,0.4404029,0.00711518,21,1.0,1.02520765,0.01696942
942,AU3SG0001985,2022-01-18,0,60.02185547547,61.244694,0.03982377765046851,0.04056458223384768,0.03982477765046851,0.05099752893792228,1,0.0007408,10.38078175,2.67864059,0.49432294,0.00801676,21,1.0,1.22283852,0.02037322
943,AU3SG0001985,2022-01-19,0,60.106656694,60.021854,0.03900360072056236,0.03931224083435167,0.03900460072056236,0.05099752893792228,1,0.00030864,6.92852834,1.81947995,0.32992992,0.00535766,21,1.0,0.91570426,0.01481377
944,AU3SG0001985,2022-01-20,0,60.37502353544,60.106655,0.037763346016146816,0.03900360072056236,0.03776434601614682,0.05099752893792228,1,0.00124025,6.84100322,1.80440258,0.32576206,0.00529774,21,1.0,0.91570426,0.01481377
945,AU3SG0001985,2022-01-21,0,60.86304245684,60.375023,0.03870658489573825,0.045130554573025734,0.03870758489573825,0.05099752893792228,1,0.00642397,6.92702027,1.82549329,0.32985811,0.00537475,21,1.0,0.91570426,0.01481377
946,AU3SG0001985,2022-01-24,0,60.592073889735,60.863041,0.04388309804260367,0.046269916768065196,0.043884098042603674,0.05099752893792228,1,0.00238682,6.74673749,1.78947547,0.32127321,0.00524799,21,1.0,0.91570426,0.01481377
947,AU3SG0001985,2022-01-25,0,59.7971020124,60.592075,0.04092838704614245,0.04271393782219751,0.04092938704614245,0.05099752893792228,1,0.00178555,7.52289034,1.95802204,0.35823287,0.00586689,21,1.0,0.91570426,0.01481377
948,AU3SG0001985,2022-01-26,0,59.910712719200006,59.797104,0.03569481461493626,0.037777650086836555,0.03569581461493626,0.05099752893792228,1,0.00208284,7.60876047,1.96111902,0.36232193,0.00593631,21,1.0,0.91570426,0.01481377
950,AU3SG0001985,2022-01-28,0,59.9593101844,59.910713,0.028715741254483774,0.036250786967438775,0.028716741254483775,0.05099752893792228,1,0.00753505,11.37387333,3.04915519,0.54161302,0.0089125,21,1.0,1.28116272,0.0210764
949,AU3SG0001985,2022-01-27,0,59.90979535449999,59.910713,0.029358611390997803,0.034030455420982146,0.029359611390997804,0.05099752893792228,1,0.00467184,7.43393645,1.953229,0.35399697,0.00580439,21,1.0,0.91570426,0.01481377
951,AU3SG0001985,2022-01-31,0,59.7032197884,59.797104,0.03042923997740562,0.030620818333095882,0.03043023997740562,0.05099752893792228,1,0.00019158,10.85243279,3.13028297,0.51678251,0.00842594,21,1.0,1.91634138,0.03054898
953,AU3SG0001985,2022-02-02,0,60.42587052168,59.813084,0.029056686521017824,0.03109459895536285,0.029057686521017825,0.05099752893792228,1,0.00203791,6.92527211,1.81416018,0.32977486,0.0054422,21,1.0,0.79497299,0.01329451
954,AU3SG0001985,2022-02-03,0,60.07764903762,60.425869,0.03409624349260267,0.034649234502321484,0.03409724349260267,0.05099752893792228,1,0.00055299,7.02013997,1.82982158,0.33429238,0.00552383,21,1.0,0.79497299,0.01329451
952,AU3SG0001985,2022-02-01,0,59.8130821344,59.70322,0.028717434516504315,0.0312794212386344,0.028718434516504316,0.05099752893792228,1,0.00256199,8.35657655,2.37184986,0.39793222,0.00651864,21,1.0,1.2539891,0.02020355
957,AU3SG0001985,2022-02-08,0,57.8935037592,58.078819,0.027600800680929995,0.030367580616189476,0.027601800680929996,0.05099752893792228,1,0.00276678,9.94101992,3.32962694,0.4733819,0.00794781,21,1.0,2.34704847,0.04041143
956,AU3SG0001985,2022-02-07,0,58.078820532,58.79171,0.03439721720044769,0.044029027446759475,0.03439821720044769,0.05099752893792228,1,0.00963181,7.50361757,1.99434078,0.35731512,0.00594427,21,1.0,0.91151053,0.01550407
973,AU3SG0001985,2022-03-02,0,60.45539641372,60.50621,0.04443697377102542,0.04612626864443868,0.04443797377102542,0.05099752893792228,1,0.00168929,7.34225989,2.28864501,0.34963142,0.00592104,21,1.0,1.28593853,0.02187279
974,AU3SG0001985,2022-03-03,0,60.7163643888,60.50621,0.044817906765473564,0.047287854690540906,0.044818906765473565,0.05099752893792228,1,0.00246995,11.52318022,3.65211798,0.54872287,0.00930544,21,1.0,1.99882747,0.03441577
975,AU3SG0001985,2022-03-04,0,61.71655016352,60.716366,0.03296377269339259,0.04201270067100462,0.03296477269339259,0.05099752893792228,1,0.00904893,7.64240696,2.4103122,0.36392414,0.00613852,21,1.0,1.28593853,0.02187279
976,AU3SG0001985,2022-03-07,0,62.7914873196,61.716549,0.032149371920697355,0.03478534927949351,0.032150371920697356,0.05099752893792228,1,0.00263598,7.43140676,2.30466036,0.35387651,0.00591216,21,1.0,1.18308727,0.01955315
977,AU3SG0001985,2022-03-08,0,61.264525944000006,62.791489,0.025713602295943015,0.03394275135425807,0.025714602295943016,0.05099752893792228,1,0.00822915,8.24548034,2.67111665,0.39264192,0.00651452,21,1.0,1.52696306,0.0249241
978,AU3SG0001985,2022-03-09,0,60.48862141564,61.264526,0.021980322389171903,0.0327355158876863,0.021981322389171904,0.05099752893792228,1,0.01075519,8.83606969,2.77534689,0.42076522,0.00697291,21,1.0,1.52696306,0.0249241
979,AU3SG0001985,2022-03-10,0,59.4228499217,60.488621,0.016373654132914254,0.0221526349252788,0.016374654132914255,0.05099752893792228,1,0.00577898,9.3899091,2.92853962,0.44713853,0.00740959,21,1.0,1.52696306,0.0249241
980,AU3SG0001985,2022-03-11,0,60.21651766767,59.422852,0.015394817691475665,0.021373143139694534,0.015395817691475664,0.05099752893792228,1,0.00597833,9.77760249,3.00689807,0.46560012,0.00770391,21,1.0,1.52696306,0.0249241
981,AU3SG0001985,2022-03-14,0,59.53181921203,60.216518,0.012164697029120103,0.017561750257397462,0.012165697029120102,0.05099752893792228,1,0.00539705,10.42910772,3.08369042,0.49662418,0.00822432,21,1.0,1.52696306,0.0249241
967,AU3SG0001985,2022-02-22,0,58.44446455674,58.394352,0.044642410473132665,0.045118851575688505,0.044643410473132666,0.05099752893792228,1,0.00047644,6.4663878,2.03523977,0.30792323,0.00522575,21,1.0,1.28593853,0.02187279
982,AU3SG0001985,2022-03-15,0,58.9154950167,59.531818,0.014409547969565348,0.014572736113139308,0.014410547969565347,0.05099752893792228,1,0.00016319,10.99816974,3.14432299,0.52372237,0.00868368,21,1.0,1.52696306,0.0249241
983,AU3SG0001985,2022-03-16,0,58.344388099333,60.216518,0.014921810886147463,0.02116787556218525,0.014922810886147463,0.05099752893792228,1,0.00624606,21.20560905,5.94394162,1.00979091,0.01680712,21,1.0,3.36863908,0.05668929
984,AU3SG0001985,2022-03-17,0,58.904313414,58.344387,0.012643910227071484,0.012662568042694066,0.012644910227071484,0.05099752893792228,1,1.866e-05,11.88889699,3.23781887,0.56613795,0.00940452,21,1.0,1.52696306,0.0249241
985,AU3SG0001985,2022-03-18,0,59.20106895423999,58.904312,0.016612102915118162,0.01774812775568678,0.016613102915118163,0.05099752893792228,1,0.00113602,11.72164475,3.21810988,0.55817356,0.00926429,21,1.0,1.52696306,0.0249241
986,AU3SG0001985,2022-03-21,0,58.90661512442,59.201069,0.016765322203284493,0.0174640010785961,0.016766322203284494,0.05099752893792228,1,0.00069868,11.93674074,3.23057837,0.56841623,0.00943742,21,1.0,1.52696306,0.0249241
987,AU3SG0001985,2022-03-22,0,58.30681421168,57.966274,0.023966881719279867,0.03329629968344274,0.023967881719279868,0.05099752893792228,1,0.00932942,20.88223208,5.71215121,0.994392,0.01659607,21,1.0,2.88169332,0.04589306
988,AU3SG0001985,2022-03-23,0,58.98743750439,58.013535,0.02399378799431502,0.03225497680177253,0.02399478799431502,0.05099752893792228,1,0.00826119,19.29403015,5.19738187,0.91876334,0.01529474,21,1.0,2.88169332,0.04589306
989,AU3SG0001985,2022-03-24,0,59.17248233109999,58.987438,0.022614712021723066,0.02320857550969499,0.022615712021723067,0.05099752893792228,1,0.00059386,13.06378528,3.35395521,0.62208501,0.01035,21,1.0,1.52696306,0.0249241
990,AU3SG0001985,2022-03-25,0,58.735047137,59.172482,0.024723519973004985,0.02528754321959571,0.024724519973004986,0.05099752893792228,1,0.00056402,13.30458396,3.37664019,0.63355162,0.01054531,21,1.0,1.52696306,0.0249241
991,AU3SG0001985,2022-03-28,0,59.00715873954,57.966274,0.026082358400232934,0.0312312335232029,0.026083358400232935,0.05099752893792228,1,0.00514888,17.30883266,4.43865841,0.82423013,0.01376923,21,1.0,1.92844632,0.03071191
992,AU3SG0001985,2022-03-29,0,58.50231761759999,58.013535,0.029107897615758806,0.05082814552442125,0.029108897615758807,0.05099752893792228,1,0.02172025,16.11417063,4.13601391,0.76734146,0.01281577,21,1.0,1.92844632,0.03071191
993,AU3SG0001985,2022-03-30,0,58.4699042868,58.078819,0.03157072337206127,0.036943514061290934,0.031571723372061274,0.05099752893792228,1,0.00537279,17.37010571,4.76338459,0.82714789,0.0139516,21,1.0,2.2476869,0.03852447
994,AU3SG0001985,2022-03-31,0,58.16573404,57.893505,0.034780645141548154,0.03869281870744941,0.034781645141548155,0.05099752893792228,1,0.00391217,17.55782216,4.77040869,0.83608677,0.0141079,21,1.0,2.2476869,0.03852447
995,AU3SG0001985,2022-04-01,0,58.1774018218,58.405437,0.03518198810680399,0.046913434383481833,0.03518298810680399,0.05099752893792228,1,0.01173145,17.67042673,4.77446069,0.84144889,0.01420402,21,1.0,2.2476869,0.03852447
996,AU3SG0001985,2022-04-04,0,58.51840456219999,58.177402,0.03839892732422209,0.03852597692315405,0.038399927324222094,0.05099752893792228,1,0.00012705,11.62962629,3.01753653,0.55379173,0.00927177,21,1.0,1.52696306,0.0249241
997,AU3SG0001985,2022-04-05,0,58.71860734344,58.721149,0.03777273509280961,0.0378422577411489,0.03777373509280961,0.05099752893792228,1,6.952e-05,11.87059323,3.15431359,0.56526634,0.00953467,21,1.0,1.36308033,0.02303571
998,AU3SG0001985,2022-04-06,0,59.2114157178,58.721149,0.03368536895514564,0.035313472690408146,0.033686368955145644,0.05099752893792228,1,0.0016281,12.4408501,3.26552235,0.59242143,0.01003096,21,1.0,1.30756395,0.02208683
999,AU3SG0001985,2022-04-07,0,58.6395350662,59.211414,0.028581632639220138,0.031377377107613263,0.02858263263922014,0.05099752893792228,1,0.00279574,9.51670732,2.37199806,0.45317654,0.00768197,21,1.0,1.06577108,0.01793537
1000,AU3SG0001985,2022-04-08,0,58.4208206395,59.211414,0.031380154011645046,0.03410573341146837,0.03138115401164505,0.05099752893792228,1,0.00272558,9.85377599,2.76400464,0.46922743,0.00798711,21,1.0,1.30102298,0.02208287
1001,AU3SG0001985,2022-04-11,0,57.99278054836,58.420822,0.027726310763551507,0.03028905422110721,0.02772731076355151,0.05099752893792228,1,0.00256274,8.30402539,2.02278437,0.39542978,0.00673002,21,1.0,0.68469879,0.01153841
1002,AU3SG0001985,2022-04-12,0,57.6837341265,57.992779,0.02154542933456198,0.02328553918701887,0.02154642933456198,0.05099752893792228,1,0.00174011,7.92837147,1.92830312,0.3775415,0.00643746,21,1.0,0.6806215,0.01153841
1005,AU3SG0001985,2022-04-15,0,58.04492989201599,58.721149,0.02847097712250268,0.028996622644590655,0.02847197712250268,0.05099752893792228,1,0.00052565,13.61516051,3.59229168,0.64834098,0.01106068,21,1.0,1.50626979,0.02583351
1007,AU3SG0001985,2022-04-19,0,57.23331451999999,57.992779,0.029975029506213127,0.03055422221512478,0.029976029506213128,0.05099752893792228,1,0.00057919,10.84420119,2.95277026,0.51639053,0.00886669,21,1.0,1.41112657,0.02441383
1006,AU3SG0001985,2022-04-18,0,57.95166743649919,57.992779,0.029919253217366062,0.03042561326855962,0.029920253217366063,0.05099752893792228,1,0.00050636,10.54159341,2.59723243,0.50198064,0.00859426,21,1.0,1.03487487,0.0179405
1004,AU3SG0001985,2022-04-14,0,57.800287428,57.683735,0.03315033063309866,0.03379847456321987,0.03315133063309866,0.05099752893792228,1,0.00064814,19.20336656,5.77081069,0.91444603,0.01555517,21,1.0,4.24241686,0.07222973
1008,AU3SG0001985,2022-04-20,0,57.66194004316,57.233315,0.029028725352298116,0.03162511352118984,0.029029725352298117,0.05099752893792228,1,0.00259639,8.26974604,2.13310669,0.39379743,0.00675037,21,1.0,0.95570893,0.01629806
1009,AU3SG0001985,2022-04-21,0,57.4526289816,59.323124,0.03042608361405787,0.03201991997587031,0.03042708361405787,0.05099752893792228,1,0.00159384,15.86463813,4.17344282,0.75545896,0.01297084,21,1.0,1.87049502,0.03255717
1012,AU3SG0001985,2022-04-26,0,56.5027764467,55.875961,0.03312227841751623,0.03624479291836202,0.03312327841751623,0.05099752893792228,1,0.00312251,9.10733006,2.34009532,0.43368238,0.00751393,21,1.0,0.95570893,0.01629806
1011,AU3SG0001985,2022-04-25,0,55.8759601818,56.731865,0.03590651693733803,0.047238954835504464,0.035907516937338034,0.05099752893792228,1,0.01133244,19.70763496,6.24631336,0.93845881,0.01616298,21,1.0,4.08459407,0.06965608
1013,AU3SG0001985,2022-04-27,0,56.40475919084,55.875961,0.03516005342188882,0.03544083407647313,0.03516105342188882,0.05099752893792228,1,0.00028078,11.10113816,2.8739923,0.52862563,0.00917737,21,1.0,1.57666882,0.0282173
1015,AU3SG0001985,2022-04-29,0,55.8464293566,56.056721,0.037649689606828886,0.04078402618677161,0.03765068960682889,0.05099752893792228,1,0.00313434,8.92224899,2.30273096,0.424869,0.0073853,21,1.0,0.95570893,0.01629806
1018,AU3SG0001985,2022-05-04,0,54.4949846321,54.525055,0.024150546907760227,0.03490930296773157,0.024151546907760228,0.05099752893792228,1,0.01075876,9.72081765,2.48741569,0.46289608,0.00811057,21,1.0,0.95570893,0.01730284
1014,AU3SG0001985,2022-04-28,0,56.05671947403,55.875961,0.03698785150101034,0.03907127263662986,0.03698885150101034,0.05099752893792228,1,0.00208342,10.58846126,2.72633241,0.50421244,0.00871723,21,1.0,1.40201372,0.0236781
1019,AU3SG0001985,2022-05-05,0,54.8157345848,56.404758,0.02441691615774905,0.030362656691133482,0.02441791615774905,0.05099752893792228,1,0.00594574,11.03071341,3.01205724,0.52527207,0.0092888,21,1.0,1.58902342,0.02898845
1020,AU3SG0001985,2022-05-06,0,54.0056587246,54.494984,0.02805290501505048,0.035394775190527195,0.028053905015050482,0.05099752893792228,1,0.00734187,12.93633117,3.31005025,0.61601577,0.01092766,21,1.0,1.57666882,0.0282173
1022,AU3SG0001985,2022-05-10,0,53.05483953714,54.494984,0.028112553841292517,0.03348524751462252,0.028113553841292518,0.05099752893792228,1,0.00537269,19.56942749,4.99878821,0.9318775,0.01677403,21,1.0,1.87970134,0.03447408
1021,AU3SG0001985,2022-05-09,0,53.459056868450006,56.404758,0.02643908153745548,0.028845389530383212,0.02644008153745548,0.05099752893792228,1,0.00240631,14.63502675,4.70908913,0.69690604,0.01257265,21,1.0,2.94570113,0.055102
1016,AU3SG0001985,2022-05-02,0,54.89656132358999,55.846428,0.03565701224328725,0.03794447988764158,0.035658012243287254,0.05099752893792228,1,0.00228747,11.24369337,2.92636436,0.53541397,0.00929543,21,1.0,1.40201372,0.0236781
1017,AU3SG0001985,2022-05-03,0,54.5250566556,54.896561,0.03865860410547691,0.045279484758213126,0.03865960410547691,0.05099752893792228,1,0.00662088,10.90619515,2.86337899,0.51934263,0.00904293,21,1.0,1.40201372,0.0236781
1023,AU3SG0001985,2022-05-11,0,52.750254258720005,56.502777,0.033734862981668244,0.03375408668546794,0.033735862981668245,0.05099752893792228,1,1.922e-05,42.46485857,10.61789904,2.02213612,0.03677589,21,1.0,3.75252274,0.07113753
1024,AU3SG0001985,2022-05-12,0,53.55644695298,54.896561,0.03195923983668954,0.03635520743521636,0.03196023983668954,0.05099752893792228,1,0.00439597,37.16271369,9.02687401,1.76965303,0.03218623,21,1.0,3.09617374,0.05869495
1076,AU3SG0002199,2021-07-28,0,64.25928353871001,64.307678,0.03657207708783408,0.0387483415008728,0.03657307708783408,0.04884681665856845,1,0.00217626,6.64997207,1.75732951,0.31666534,0.00495085,21,1.0,0.75695643,0.01180599
1077,AU3SG0002199,2021-07-29,0,64.27378102200001,64.393211,0.03281832531271083,0.03796339382378144,0.03281932531271083,0.04884681665856845,1,0.00514507,6.31927322,1.70289593,0.30091777,0.00469945,21,1.0,0.75695643,0.01180599
1078,AU3SG0002199,2021-07-30,0,64.04846618868,64.273781,0.029242573390612,0.0292576417501296,0.029243573390612,0.04884681665856845,1,1.507e-05,6.33835211,1.77998116,0.30182629,0.00471119,21,1.0,1.09789287,0.01730251
1026,AU3SG0001985,2022-05-16,0,54.4378593024,53.828426,0.02949627543525497,0.032740797344823436,0.02949727543525497,0.05099752893792228,1,0.00324452,9.73466253,2.45412437,0.46355536,0.00840492,21,1.0,0.94986668,0.01730284
1025,AU3SG0001985,2022-05-13,0,53.82842616400001,53.556446,0.0324721371467124,0.03315740223382679,0.0324731371467124,0.05099752893792228,1,0.00068527,9.36987012,2.38980472,0.44618429,0.00807252,21,1.0,0.94986668,0.01730284
1079,AU3SG0002199,2021-08-02,0,63.70554800679,64.393211,0.029855276555895892,0.03249950163065043,0.029856276555895893,0.04884681665856845,1,0.00264423,7.97095241,2.41694928,0.37956916,0.00591084,21,1.0,1.19139638,0.01845675
1080,AU3SG0002199,2021-08-03,0,64.09125923658,64.04847,0.02992169824699731,0.03170836700028036,0.029922698246997313,0.04884681665856845,1,0.00178667,6.25705234,1.73032361,0.29795487,0.00464896,21,1.0,0.75695643,0.01180599
1081,AU3SG0002199,2021-08-04,0,64.42079572936,64.273781,0.03246365977000553,0.033867085066709615,0.03246465977000553,0.04884681665856845,1,0.00140343,7.06402953,2.1808821,0.33638236,0.00523575,21,1.0,1.19139638,0.01845675
1082,AU3SG0002199,2021-08-05,0,64.39907826026,64.393211,0.035305869906167964,0.03764757013546607,0.035306869906167965,0.04884681665856845,1,0.0023417,7.36941012,2.13286038,0.35092429,0.00546707,21,1.0,1.13117038,0.01752375
1028,AU3SG0001985,2022-05-18,0,54.05931716042,53.781841,0.028473690105264758,0.035983132342913594,0.02847469010526476,0.05099752893792228,1,0.00750944,9.85654073,2.45058147,0.46935908,0.00855587,21,1.0,0.94986668,0.01730284
1029,AU3SG0001985,2022-05-19,0,54.56363011953,54.059319,0.02205490569620463,0.026248319711445568,0.02205590569620463,0.05099752893792228,1,0.00419341,9.93222681,2.46494621,0.47296318,0.00864202,21,1.0,0.94986668,0.01730284
1030,AU3SG0001985,2022-05-20,0,54.7492837527,54.563629,0.02010771110994102,0.02292540026130035,0.02010871110994102,0.05099752893792228,1,0.00281769,9.90856854,2.46305005,0.4718366,0.00863001,21,1.0,0.94986668,0.01730284
1083,AU3SG0002199,2021-08-06,0,64.17739021512,64.04847,0.03366633879539871,0.04048113972827533,0.03366733879539871,0.04884681665856845,1,0.0068148,6.02471114,1.55517828,0.28689101,0.00447127,21,1.0,0.74197512,0.01155818
1031,AU3SG0001985,2022-05-23,0,54.5825547806,54.749283,0.018857739872538467,0.019260137524279027,0.018858739872538468,0.05099752893792228,1,0.0004024,9.35453259,2.36112534,0.44545393,0.00817048,21,1.0,0.94986668,0.01730284
1085,AU3SG0002199,2021-08-10,0,64.0951108168,64.04847,0.03397358729310352,0.04540542120358316,0.03397458729310352,0.04884681665856845,1,0.01143183,5.26276434,1.53403036,0.25060783,0.00390504,21,1.0,0.76713112,0.01191996
1084,AU3SG0002199,2021-08-09,0,64.0905974205,64.177391,0.03352459503210055,0.03352607436154825,0.03352559503210055,0.04884681665856845,1,1.48e-06,4.97116926,1.29064377,0.23672235,0.00368758,21,1.0,0.65603846,0.01023319
1086,AU3SG0002199,2021-08-11,0,64.2781230676,64.095108,0.03273951901520093,0.03483539336881312,0.03274051901520093,0.04884681665856845,1,0.00209587,4.39198049,1.12099969,0.20914193,0.00325687,21,1.0,0.39860828,0.00621162
1087,AU3SG0002199,2021-08-12,0,64.4875619325,64.420799,0.03474046121634062,0.037095096589830005,0.03474146121634062,0.04884681665856845,1,0.00235464,5.15581535,1.62888352,0.24551502,0.00382056,21,1.0,1.11719644,0.01730209
1088,AU3SG0002199,2021-08-13,0,64.23686037089,64.487564,0.03330872650504301,0.035092234859378596,0.03330972650504301,0.04884681665856845,1,0.00178351,4.32576172,1.09845313,0.20598865,0.00320823,21,1.0,0.39860828,0.00621162
1089,AU3SG0002199,2021-08-16,0,64.38053183800001,64.177391,0.031279341543512106,0.03170782433860577,0.03128034154351211,0.04884681665856845,1,0.00042848,4.59850272,1.50763243,0.21897632,0.00340879,21,1.0,1.11719644,0.01730209
1090,AU3SG0002199,2021-08-17,0,64.36019683100001,64.380531,0.03135153881161597,0.03164799380019734,0.03135253881161597,0.04884681665856845,1,0.00029645,3.7847944,0.98900332,0.1802283,0.00280822,21,1.0,0.39860828,0.00621162
1091,AU3SG0002199,2021-08-18,0,63.883962109950005,64.360199,0.03129531978049327,0.03186064815712114,0.03129631978049327,0.04884681665856845,1,0.00056533,3.86242301,1.02276125,0.18392491,0.00286741,21,1.0,0.47623689,0.00745472
1092,AU3SG0002199,2021-08-19,0,64.07944904576999,64.090599,0.028476778482814952,0.029071268378287236,0.028477778482814953,0.04884681665856845,1,0.00059449,3.66707932,1.10884408,0.17462282,0.00271852,21,1.0,0.78201493,0.0121266
1027,AU3SG0001985,2022-05-17,0,53.78184091422,52.750256,0.03483222157348778,0.03764813139265091,0.03483322157348778,0.05099752893792228,1,0.00281591,11.84208817,3.12854319,0.56390896,0.01028388,21,1.0,1.6876033,0.03100054
1093,AU3SG0002199,2021-08-20,0,63.48854750706,63.705547,0.027504468927699702,0.03466814281042774,0.027505468927699703,0.04884681665856845,1,0.00716367,5.11514566,1.49600525,0.24357836,0.00379471,21,1.0,0.82095402,0.01277277
1094,AU3SG0002199,2021-08-23,0,63.07255347945,63.705547,0.030774185656683058,0.034706401470814684,0.03077518565668306,0.04884681665856845,1,0.00393222,6.08380766,1.63418748,0.28970513,0.00452741,21,1.0,0.7179702,0.01116461
1095,AU3SG0002199,2021-08-24,0,63.07513745148,64.393211,0.03336256356551328,0.038781842726000576,0.03336356356551328,0.04884681665856845,1,0.00541928,9.64742738,2.98530614,0.4594013,0.00719319,21,1.0,1.31807355,0.02089688
1096,AU3SG0002199,2021-08-25,0,63.18977603396999,63.705547,0.03141801993589915,0.03247835900569317,0.03141901993589915,0.04884681665856845,1,0.00106034,9.14967613,2.43599435,0.43569886,0.00683225,21,1.0,1.20122752,0.01904517
1097,AU3SG0002199,2021-08-26,0,63.260402504294,63.189777,0.0319503885611107,0.03198832273920404,0.031951388561110704,0.04884681665856845,1,3.793e-05,4.30632829,1.20405553,0.20506325,0.00320958,21,1.0,0.59090549,0.00930728
1098,AU3SG0002199,2021-08-27,0,63.0419806656,63.58971,0.037421878472563314,0.04247236218799691,0.037422878472563315,0.04884681665856845,1,0.00505048,11.87051633,3.26987708,0.56526268,0.00881321,21,1.0,1.36961784,0.02127379
1107,AU3SG0002199,2021-09-09,0,63.1225921222,63.037422,0.03915505019161366,0.03938427358578744,0.03915605019161366,0.04884681665856845,1,0.00022922,5.33069603,1.41781403,0.25384267,0.00399622,21,1.0,0.66594368,0.01045307
1109,AU3SG0002199,2021-09-13,0,63.21308112,63.242336,0.039115400197740936,0.03971745565338122,0.03911640019774094,0.04884681665856845,1,0.00060206,5.01954996,1.38516186,0.23902619,0.00376792,21,1.0,0.66594368,0.01045307
1108,AU3SG0002199,2021-09-10,0,63.24233560736,63.037422,0.03956330655616674,0.03983217994421323,0.03956430655616674,0.04884681665856845,1,0.00026887,5.61249899,1.62762502,0.26726186,0.00421772,21,1.0,1.00689952,0.01596415
1110,AU3SG0002199,2021-09-14,0,63.668079000000006,63.58971,0.03956330655616674,0.04034448934496544,0.03956430655616674,0.04884681665856845,1,0.00078118,7.66096751,2.23211153,0.36480798,0.00574747,21,1.0,1.25404183,0.01948474
1106,AU3SG0002199,2021-09-08,0,63.03742081572,63.223007,0.03942392357966015,0.03942606028713656,0.039424923579660154,0.04884681665856845,1,2.14e-06,5.42854098,1.42703791,0.25850195,0.00406756,21,1.0,0.66594368,0.01045307
1112,AU3SG0002199,2021-09-16,0,62.89343667000001,62.937592,0.03710624680034631,0.03944097087930827,0.037107246800346314,0.04884681665856845,1,0.00233472,5.60895039,1.55351308,0.26709288,0.00421805,21,1.0,0.730488,0.01160655
1111,AU3SG0002199,2021-09-15,0,62.937591000000005,63.213081,0.036376034686879645,0.03654979265762357,0.036377034686879646,0.04884681665856845,1,0.00017376,6.13259149,1.69886234,0.29202817,0.00461174,21,1.0,1.00689952,0.01596415
1113,AU3SG0002199,2021-09-17,0,62.7526811,62.893436,0.03641898931778546,0.041454282850710185,0.036419989317785464,0.04884681665856845,1,0.00503529,5.55421724,1.54757851,0.26448654,0.00417959,21,1.0,0.730488,0.01160655
1115,AU3SG0002199,2021-09-21,0,62.89574907,63.086689,0.03874952024369231,0.040371077230186264,0.03875052024369231,0.04884681665856845,1,0.00162156,5.07226505,1.42154769,0.24153643,0.00381899,21,1.0,0.730488,0.01160655
1116,AU3SG0002199,2021-09-22,0,62.7787832,62.893436,0.039179122103603206,0.03921634223879813,0.03918012210360321,0.04884681665856845,1,3.722e-05,6.23514549,1.75353542,0.29691169,0.00469625,21,1.0,0.88967697,0.01407944
1121,AU3SG0002199,2021-09-29,0,61.8745662,62.033993,0.036614749259170985,0.038779360099503724,0.036615749259170986,0.04884681665856845,1,0.00216461,5.06767381,1.38908572,0.2413178,0.00383923,21,1.0,0.730488,0.01160655
1119,AU3SG0002199,2021-09-27,0,61.99083774,62.334587,0.0376398403920946,0.03945117196086547,0.0376408403920946,0.04884681665856845,1,0.00181133,6.01501489,1.60623695,0.28642928,0.0045457,21,1.0,0.730488,0.01160655
1117,AU3SG0002199,2021-09-23,0,62.1125304,62.778782,0.03783550868836154,0.038656046471107326,0.03783650868836154,0.04884681665856845,1,0.00082054,5.73825796,1.5701023,0.27325038,0.00433016,21,1.0,0.730488,0.01160655
1129,AU3SG0002199,2021-10-11,0,61.7265213327,62.174,0.04160510008029411,0.04500666069018463,0.04160610008029411,0.04884681665856845,1,0.00340156,5.64751853,1.54956152,0.26892945,0.00430658,21,1.0,0.730488,0.01160655
1134,AU3SG0002199,2021-10-18,0,62.84740941,63.115726,0.041339922911107496,0.044794737635915655,0.0413409229111075,0.04884681665856845,1,0.00345481,5.90539552,1.56649758,0.28120931,0.00450987,21,1.0,0.78302813,0.01252654
1135,AU3SG0002199,2021-10-19,0,62.55864947898001,63.115726,0.03972136652697858,0.041822132217538235,0.03972236652697858,0.04884681665856845,1,0.00210077,5.63124157,1.69314889,0.26815436,0.00429502,21,1.0,1.10666384,0.01763043
1136,AU3SG0002199,2021-10-20,0,62.4753272,62.558651,0.03926017954400576,0.039973483488068756,0.039261179544005764,0.04884681665856845,1,0.0007133,5.75253002,1.54797277,0.27393,0.0043965,21,1.0,0.78302813,0.01252654
1137,AU3SG0002199,2021-10-21,0,62.64038560000001,62.558651,0.037909109701610745,0.04228200287858089,0.037910109701610746,0.04884681665856845,1,0.00437289,7.6156663,2.24270533,0.36265078,0.00580333,21,1.0,1.23895754,0.01969651
1138,AU3SG0002199,2021-10-22,0,62.60150167788,62.475327,0.03799206528470783,0.038332345465246026,0.03799306528470783,0.04884681665856845,1,0.00034028,6.71950672,1.87888357,0.31997651,0.00512537,21,1.0,1.04356484,0.01662519
1139,AU3SG0002199,2021-10-25,0,62.7708683889,62.640385,0.037674860548610585,0.03798886954281161,0.037675860548610586,0.04884681665856845,1,0.00031401,6.40579361,1.83027836,0.30503779,0.00488503,21,1.0,1.04356484,0.01662519
1140,AU3SG0002199,2021-10-26,0,62.89757427320001,62.601501,0.03896769518456266,0.03920222483968753,0.03896869518456266,0.04884681665856845,1,0.00023453,6.58017462,1.85007277,0.31334165,0.0050157,21,1.0,1.04356484,0.01662519
1141,AU3SG0002199,2021-10-27,0,63.09091461960001,63.115726,0.04044836840116983,0.04326434518613889,0.04044936840116983,0.04884681665856845,1,0.00281598,9.02742375,2.67629458,0.42987732,0.00688868,21,1.0,1.423269,0.02308125
1142,AU3SG0002199,2021-10-28,0,62.5084478644,62.475327,0.03933940972276428,0.039870350716319114,0.03934040972276428,0.04884681665856845,1,0.00053094,8.25735591,2.35795398,0.39320742,0.00628961,21,1.0,1.115362,0.0180879
1143,AU3SG0002199,2021-10-29,0,61.9073656485,62.475327,0.038148525675014894,0.038195245534721985,0.038149525675014895,0.04884681665856845,1,4.672e-05,7.45474827,2.02267559,0.35498801,0.00567097,21,1.0,0.940416,0.01489987
1144,AU3SG0002199,2021-11-01,0,62.47389257335999,61.907364,0.03768323835954312,0.03782103565734567,0.03768423835954312,0.04884681665856845,1,0.0001378,5.87420849,1.5872072,0.27972421,0.00447991,21,1.0,0.78302813,0.01252654
1145,AU3SG0002199,2021-11-02,0,62.74936412309,61.874565,0.04048476494957351,0.04141333572973008,0.04048576494957351,0.04884681665856845,1,0.00092857,12.33911025,3.33855718,0.58757668,0.00941755,21,1.0,1.49648567,0.0242438
1146,AU3SG0002199,2021-11-03,0,62.2901434038,61.663422,0.03785485776499761,0.037988273534066176,0.037855857764997614,0.04884681665856845,1,0.00013342,5.74149755,1.62294224,0.27340465,0.00437404,21,1.0,0.84612713,0.01353597
1148,AU3SG0002199,2021-11-05,0,62.683645759,62.525101,0.0404054696874286,0.04180827554031723,0.0404064696874286,0.04884681665856845,1,0.00140281,10.31623004,2.85771163,0.49124905,0.00786155,21,1.0,1.49648567,0.0242438
1147,AU3SG0002199,2021-11-04,0,62.688527860864006,62.290142,0.03785485776499761,0.03800334189358378,0.037855857764997614,0.04884681665856845,1,0.00014848,6.23249753,1.64331136,0.2967856,0.00475023,21,1.0,0.78302813,0.01252654
1150,AU3SG0002199,2021-11-09,0,62.2329531628,62.188267,0.04018644895569711,0.04037572625158778,0.04018744895569711,0.04884681665856845,1,0.00018928,6.15106909,1.6527718,0.29290805,0.00468513,21,1.0,0.78302813,0.01252654
1151,AU3SG0002199,2021-11-10,0,61.47429894982999,62.232952,0.03961651082663592,0.03996330146078561,0.03961751082663592,0.04884681665856845,1,0.00034679,6.12669401,1.64136408,0.29174733,0.00467629,21,1.0,0.75865305,0.01234098
1176,AU3SG0002199,2021-12-15,0,62.3234350494,62.355236,0.03269858773119567,0.035299628278104886,0.03269958773119567,0.055831703931468774,1,0.00260104,6.43882189,1.75769539,0.30661057,0.00496413,21,1.0,0.94782776,0.01542279
1177,AU3SG0002199,2021-12-16,0,62.58935912399999,62.323437,0.03356748151124238,0.03423918147864843,0.03356848151124238,0.055831703931468774,1,0.0006717,6.53005981,1.76909386,0.31095523,0.00503255,21,1.0,0.94782776,0.01542279
1174,AU3SG0002199,2021-12-13,0,62.59186411248,62.194061,0.04184912598411571,0.04911282885663836,0.041850125984115714,0.055831703931468774,1,0.0072637,6.65589595,1.77541969,0.31694743,0.00513302,21,1.0,0.94782776,0.01542279
1178,AU3SG0002199,2021-12-17,0,62.489994121280006,62.589359,0.03239756487605856,0.033651571683133846,0.032398564876058564,0.055831703931468774,1,0.00125401,6.46040652,1.76380252,0.30763841,0.00497837,21,1.0,0.94782776,0.01542279
1179,AU3SG0002199,2021-12-20,0,62.6407281428,62.323437,0.03264708627482541,0.03513209178264684,0.03264808627482541,0.055831703931468774,1,0.00248501,7.91837741,2.39582912,0.37706559,0.00608804,21,1.0,1.15834914,0.01882308
1182,AU3SG0002199,2021-12-23,0,62.6644040718,62.589359,0.032885370557190576,0.03326095809088358,0.032886370557190577,0.055831703931468774,1,0.00037559,9.77732162,2.65469394,0.46558674,0.00750489,21,1.0,1.31952224,0.02116137
1181,AU3SG0002199,2021-12-22,0,62.270879414,61.855171,0.03297009817645114,0.03359689115259593,0.03297109817645114,0.055831703931468774,1,0.00062679,7.35876553,1.95158567,0.35041741,0.00566496,21,1.0,0.94782776,0.01542279
1183,AU3SG0002199,2021-12-24,0,63.11609165256,62.664406,0.032637374724512475,0.032885370557190576,0.032638374724512476,0.055831703931468774,1,0.000248,7.95233653,2.03100588,0.37868269,0.00611061,21,1.0,0.94782776,0.01542279
1184,AU3SG0002199,2021-12-27,0,63.09731063174,62.50845,0.033738351403783076,0.03684616117014567,0.03373935140378308,0.055831703931468774,1,0.00310781,9.96472234,2.71635278,0.47451059,0.00767702,21,1.0,1.27391587,0.02079822
1185,AU3SG0002199,2021-12-28,0,63.12498792558,63.090916,0.03434710587068367,0.040842071782108705,0.03434810587068367,0.055831703931468774,1,0.00649497,8.86681001,2.35634381,0.42222905,0.00682543,21,1.0,1.13959865,0.01867101
1186,AU3SG0002199,2021-12-29,0,62.9099503802,62.50845,0.034385736054188605,0.0388060418489998,0.034386736054188606,0.055831703931468774,1,0.00442031,9.18035863,2.3886865,0.43715993,0.00706156,21,1.0,1.13959865,0.01867101
1187,AU3SG0002199,2021-12-30,0,62.78571381204,62.475327,0.03421883482084934,0.04013101886611949,0.034219834820849344,0.055831703931468774,1,0.00591218,8.35982797,2.37915606,0.39808705,0.00642493,21,1.0,1.37460945,0.02238625
1188,AU3SG0002199,2021-12-31,0,62.9173675,62.785713,0.03225709316547249,0.0327821851574282,0.03225809316547249,0.055831703931468774,1,0.00052509,5.85499055,1.5707976,0.27880907,0.0044838,21,1.0,0.78555727,0.01269995
1189,AU3SG0002199,2022-01-03,0,62.64635360355,62.601501,0.03299961616518019,0.038624842275719946,0.03300061616518019,0.055831703931468774,1,0.00562523,6.88972417,1.91713317,0.3280821,0.00528053,21,1.0,1.05987453,0.0172971
1190,AU3SG0002199,2022-01-04,0,61.93430578096,62.77087,0.03198685279563685,0.03844742186836735,0.03198785279563685,0.055831703931468774,1,0.00646057,6.66641386,1.80330399,0.31744828,0.00510006,21,1.0,0.95512365,0.0156486
1191,AU3SG0002199,2022-01-05,0,62.15903980386,61.934307,0.025172629819537162,0.02914454411270704,0.025173629819537163,0.055831703931468774,1,0.00397191,6.11226725,1.66725576,0.29106035,0.00467157,21,1.0,0.78555727,0.01269995
1192,AU3SG0002199,2022-01-06,0,61.500241508040006,61.4743,0.036128607798208666,0.03940712624412589,0.03612960779820867,0.055831703931468774,1,0.00327852,8.80441924,2.41809571,0.41925806,0.00670625,21,1.0,1.18994663,0.01885891
1193,AU3SG0002199,2022-01-07,0,60.974136555,61.50024,0.035643653917715255,0.036128607798208666,0.035644653917715256,0.055831703931468774,1,0.00048495,6.41030049,1.7213232,0.3052524,0.00490892,21,1.0,0.78555727,0.01269995
1199,AU3SG0002199,2022-01-17,0,60.60059037592,61.141125,0.0462478052660853,0.05446882568108004,0.046248805266085304,0.055831703931468774,1,0.00822102,6.80500345,1.77852802,0.32404778,0.00524165,21,1.0,0.78555727,0.01269995
1200,AU3SG0002199,2022-01-18,0,60.28601077107,60.60059,0.03976950481367121,0.04945434323910137,0.03977050481367121,0.055831703931468774,1,0.00968484,6.96884854,1.79983366,0.33184993,0.00537554,21,1.0,0.78555727,0.01269995
1201,AU3SG0002199,2022-01-19,0,60.46193635560001,60.60059,0.03933904505784946,0.05271817341773907,0.03934004505784946,0.055831703931468774,1,0.01337913,9.86514774,2.6607666,0.46976894,0.00761981,21,1.0,1.18490244,0.01943287
1202,AU3SG0002199,2022-01-20,0,60.63855529592,60.286011,0.04057311532571097,0.04065719787004167,0.04057411532571097,0.055831703931468774,1,8.408e-05,9.84784345,2.65841652,0.46894493,0.00761384,21,1.0,1.18490244,0.01943287
1203,AU3SG0002199,2022-01-21,0,61.082690111352,60.638554,0.038186296600249456,0.0398289987538361,0.03818729660024946,0.055831703931468774,1,0.0016427,6.17073654,1.59813184,0.2938446,0.00477734,21,1.0,0.71204922,0.01149685
1204,AU3SG0002199,2022-01-24,0,60.737091998013,61.082691,0.04239129426021011,0.04246845991456641,0.042392294260210114,0.055831703931468774,1,7.717e-05,6.06464989,1.5714465,0.28879285,0.00470751,21,1.0,0.71204922,0.01149685
1205,AU3SG0002199,2022-01-25,0,60.025472150800006,61.456295,0.043330552667577224,0.046532679861996995,0.043331552667577225,0.055831703931468774,1,0.00320213,14.44872632,3.80176973,0.68803459,0.01128516,21,1.0,1.667029,0.02744664
1206,AU3SG0002199,2022-01-26,0,60.139516746400005,60.025471,0.03807277352398899,0.04065552831681241,0.03807377352398899,0.055831703931468774,1,0.00258275,6.8438532,1.72850601,0.32589777,0.0053273,21,1.0,0.71204922,0.01185528
1207,AU3SG0002199,2022-01-27,0,60.12257913549999,60.461937,0.04416700458183274,0.04491475476873883,0.04416800458183274,0.055831703931468774,1,0.00074775,15.97331412,4.27858532,0.76063401,0.01243229,21,1.0,2.14282497,0.0352586
1208,AU3SG0002199,2022-01-28,0,60.1401274749,60.122578,0.037034057278523325,0.03780461772335081,0.037035057278523326,0.055831703931468774,1,0.00077056,6.53906373,1.71074592,0.31138399,0.00509761,21,1.0,0.71204922,0.01185528
1209,AU3SG0002199,2022-01-31,0,59.8770214083,60.139515,0.03805170662593691,0.03979575722286997,0.03805270662593691,0.055831703931468774,1,0.00174405,13.10069986,3.3126517,0.62384285,0.01024203,21,1.0,1.38449797,0.02278089
1210,AU3SG0002199,2022-02-01,0,59.9841164349,59.877022,0.039572225877837895,0.039780230194061954,0.039573225877837896,0.055831703931468774,1,0.000208,6.50659886,1.70779559,0.30983804,0.00508623,21,1.0,0.71204922,0.01185528
1212,AU3SG0002199,2022-02-03,0,60.24702924188,59.877022,0.04017876932071517,0.0422998709672036,0.040179769320715174,0.055831703931468774,1,0.0021211,9.27546243,2.46216243,0.44168869,0.00727585,21,1.0,1.18490244,0.01943287
1213,AU3SG0002199,2022-02-04,0,59.1420809196,59.984116,0.04172354017816935,0.042406531757971024,0.04172454017816935,0.055831703931468774,1,0.00068299,11.8441976,3.05382607,0.56400941,0.00932338,21,1.0,1.38449797,0.02278089
1215,AU3SG0002199,2022-02-08,0,58.4925732108,58.455482,0.02832318086524184,0.039127294432575566,0.02832418086524184,0.055831703931468774,1,0.01080411,6.88794749,1.92836783,0.3279975,0.00545694,21,1.0,1.10494708,0.01868293
1216,AU3SG0002199,2022-02-09,0,58.89606187124,59.142082,0.028460678474497493,0.034478373174113626,0.028461678474497494,0.055831703931468774,1,0.00601769,6.88258961,1.8272834,0.32774236,0.00544058,21,1.0,0.79667911,0.01304263
1218,AU3SG0002199,2022-02-11,0,58.4849875456,58.455482,0.042199157251389334,0.0424115521832423,0.042200157251389335,0.055831703931468774,1,0.00021239,7.89642085,2.28234464,0.37602004,0.00626412,21,1.0,1.41609753,0.02354663
1219,AU3SG0002199,2022-02-14,0,58.59262432159,58.455482,0.04127619043646951,0.05305434407408802,0.04127719043646951,0.055831703931468774,1,0.01177815,6.36553631,1.76106043,0.30312078,0.00505958,21,1.0,0.79667911,0.01304263
1225,AU3SG0002199,2022-02-22,0,58.95384277248001,58.455135,0.04001100970636252,0.05209252970825615,0.04001200970636252,0.055831703931468774,1,0.01208152,5.74535814,1.66400835,0.27358848,0.00461755,21,1.0,0.73494108,0.0124267
1226,AU3SG0002199,2022-02-23,0,59.17113729296,58.953842,0.03661547467476032,0.05085746086871625,0.03661647467476032,0.055831703931468774,1,0.01424199,4.71802301,1.4573471,0.22466776,0.00379026,21,1.0,0.73494108,0.0124267
1227,AU3SG0002199,2022-02-24,0,59.44380332562,59.171139,0.034595537006959526,0.03492300161185774,0.03459653700695953,0.055831703931468774,1,0.00032746,5.37951801,1.68795145,0.25616752,0.00432634,21,1.0,1.10494708,0.01868293
1232,AU3SG0002199,2022-03-03,0,61.405663773,61.074272,0.03526601311090947,0.041465504274994854,0.03526701311090947,0.055831703931468774,1,0.00619949,6.37228706,2.00080539,0.30344224,0.00509709,21,1.0,1.10494708,0.01868293
1233,AU3SG0002199,2022-03-04,0,62.330434714080006,61.405663,0.03214704014587697,0.03307078959892893,0.03214804014587697,0.055831703931468774,1,0.00092375,6.99152102,2.1829044,0.33292957,0.0055621,21,1.0,1.10494708,0.01868293
1234,AU3SG0002199,2022-03-07,0,63.5929881145,61.074272,0.0343143827087743,0.04190988175526482,0.0343153827087743,0.055831703931468774,1,0.0075955,16.54247176,4.97007626,0.78773675,0.01303232,21,1.0,2.51871611,0.03960682
1235,AU3SG0002199,2022-03-08,0,62.3045606712,63.592987,0.031513967268547785,0.03312255633987617,0.031514967268547786,0.055831703931468774,1,0.00160859,7.66249312,2.51272473,0.36488062,0.00597124,21,1.0,1.28842633,0.02067949
1236,AU3SG0002199,2022-03-09,0,61.41947808633,62.304562,0.02324003805799762,0.02694510914173813,0.023241038057997623,0.055831703931468774,1,0.00370507,8.59894773,2.66623876,0.4094737,0.00669928,21,1.0,1.28842633,0.02067949
1237,AU3SG0002199,2022-03-10,0,60.5541374609,61.419479,0.023142022743888692,0.026472902381748264,0.023143022743888693,0.055831703931468774,1,0.00333088,9.0608004,2.77395779,0.43146669,0.00705355,21,1.0,1.28842633,0.02067949
1228,AU3SG0002199,2022-02-25,0,59.441780237,59.443802,0.04228197541162795,0.04417351429785248,0.042282975411627954,0.055831703931468774,1,0.00189154,5.2333178,1.53067023,0.24920561,0.00421021,21,1.0,0.73494108,0.0124267
1238,AU3SG0002199,2022-03-11,0,61.41369580647,60.554138,0.01883500983378883,0.025249871421088907,0.01883600983378883,0.055831703931468774,1,0.00641486,9.62725188,2.88925079,0.45844057,0.00748186,21,1.0,1.28842633,0.02067949
1239,AU3SG0002199,2022-03-14,0,60.77106657347,61.413696,0.019169106415812112,0.02094804642907562,0.019170106415812113,0.055831703931468774,1,0.00177894,10.15191385,2.9575034,0.48342447,0.00788936,21,1.0,1.28842633,0.02067949
1240,AU3SG0002199,2022-03-15,0,60.03797269435,60.771065,0.019225042546611056,0.02095101693402043,0.019226042546611057,0.055831703931468774,1,0.00172597,10.77737083,3.04510515,0.51320813,0.00838334,21,1.0,1.28842633,0.02067949
1241,AU3SG0002199,2022-03-16,0,59.64731542010501,60.554138,0.022662686793343344,0.025927074645925887,0.022663686793343345,0.055831703931468774,1,0.00326439,23.56735972,6.24806895,1.12225522,0.01837349,21,1.0,2.54257711,0.03998204
1242,AU3SG0002199,2022-03-17,0,60.16982420562,59.647316,0.017981281534222723,0.01820035093528115,0.017982281534222724,0.055831703931468774,1,0.00021907,11.54431973,3.11115929,0.54972951,0.00898962,21,1.0,1.28842633,0.02067949
1231,AU3SG0002199,2022-03-02,0,61.07427320071,59.968403,0.041465504274994854,0.0464883093484067,0.041466504274994855,0.055831703931468774,1,0.00502281,9.7559098,2.82088717,0.46456713,0.00777105,21,1.0,1.60863137,0.02634923
1243,AU3SG0002199,2022-03-18,0,60.45024286144,61.413696,0.023501229020288204,0.0259033348620688,0.023502229020288205,0.055831703931468774,1,0.00240211,28.10210634,7.51775091,1.33819554,0.02190498,21,1.0,3.62458511,0.05699662
1245,AU3SG0002199,2022-03-22,0,59.83712662964,59.142082,0.021230337606465265,0.031839363386873695,0.021231337606465266,0.055831703931468774,1,0.01060903,20.75035164,5.75940733,0.98811198,0.01624358,21,1.0,2.95443411,0.04645849
1244,AU3SG0002199,2022-03-21,0,60.33972484904,60.450241,0.02408126783880428,0.024453022203389227,0.02408226783880428,0.055831703931468774,1,0.00037175,11.40159001,3.08989089,0.54293286,0.00886645,21,1.0,1.28842633,0.02067949
1247,AU3SG0002199,2022-03-24,0,60.77112045932999,60.537777,0.01708635987216317,0.017553792197543324,0.01708735987216317,0.055831703931468774,1,0.00046743,12.44072107,3.20592744,0.59241529,0.00968009,21,1.0,1.28842633,0.02067949
1246,AU3SG0002199,2022-03-23,0,60.5377783881,59.837128,0.01729303964022245,0.020422613081847632,0.017294039640222452,0.055831703931468774,1,0.00312957,12.4246729,3.20479934,0.59165109,0.00967212,21,1.0,1.28842633,0.02067949
1248,AU3SG0002199,2022-03-25,0,60.34813652275,59.142082,0.01522358275271092,0.033221908414926164,0.01522458275271092,0.055831703931468774,1,0.01799833,13.42964934,4.56312677,0.63950711,0.01040078,21,1.0,2.99239811,0.04705547
1249,AU3SG0002199,2022-03-28,0,60.70825179738,60.348137,0.015069224408218134,0.01589010781595036,0.015070224408218133,0.055831703931468774,1,0.00082088,12.94913525,3.24225542,0.61662549,0.01007628,21,1.0,1.28842633,0.02067949
1250,AU3SG0002199,2022-03-29,0,60.145843908,60.247028,0.016815974298222715,0.032891166786611394,0.016816974298222716,0.055831703931468774,1,0.01607519,12.88655613,3.76064081,0.61364553,0.00999747,21,1.0,2.32599711,0.03657631
1251,AU3SG0002199,2022-03-30,0,60.06046929239999,60.145844,0.0181171422476858,0.019142157802682518,0.018118142247685803,0.055831703931468774,1,0.00102502,11.98828721,3.06394167,0.57087082,0.00932711,21,1.0,1.28842633,0.02067949
1252,AU3SG0002199,2022-03-31,0,59.74301192,59.877022,0.02101309204908337,0.03261765216070369,0.02101409204908337,0.055831703931468774,1,0.01160456,11.56201373,3.29631956,0.55057208,0.00902678,21,1.0,1.49380958,0.02504404
1253,AU3SG0002199,2022-04-01,0,59.845399908980006,59.877022,0.021818194625948764,0.03518681999895324,0.021819194625948765,0.055831703931468774,1,0.01336863,10.29554601,3.2369649,0.4902641,0.0080597,21,1.0,1.78930758,0.02999812
1254,AU3SG0002199,2022-04-04,0,60.18026917,59.984116,0.02425716763506095,0.03236130371063151,0.024258167635060952,0.055831703931468774,1,0.00810414,10.17577889,3.22747769,0.4845609,0.00797355,21,1.0,1.78930758,0.02999812
1255,AU3SG0002199,2022-04-05,0,60.36693433496,60.552567,0.028490512494061333,0.034982544514000506,0.028491512494061334,0.055831703931468774,1,0.00649203,8.70273044,2.77486012,0.41441574,0.00687795,21,1.0,1.78930758,0.02999812
1256,AU3SG0002199,2022-04-06,0,61.00294501889999,60.247028,0.03256461203960353,0.03714733604227986,0.03256561203960353,0.055831703931468774,1,0.00458272,9.31312579,2.87229571,0.44348218,0.00735679,21,1.0,1.78930758,0.02999812
1257,AU3SG0002199,2022-04-07,0,60.3088384976,61.002945,0.0318049109641774,0.03512636656504126,0.031805910964177404,0.055831703931468774,1,0.00332146,9.54369418,2.35142943,0.45446163,0.0075199,21,1.0,0.86534154,0.01429038
1258,AU3SG0002199,2022-04-08,0,60.19930804129001,60.308838,0.03079316436952827,0.03213818398448773,0.03079416436952827,0.055831703931468774,1,0.00134502,8.7878826,2.18915536,0.4184706,0.00692604,21,1.0,0.85955781,0.01399619
1259,AU3SG0002199,2022-04-11,0,59.67601487736,60.199306,0.030966252144976468,0.03196734133810202,0.03096725214497647,0.055831703931468774,1,0.00100109,8.45161592,2.08023921,0.4024579,0.00667712,21,1.0,0.73309231,0.01221048
1260,AU3SG0002199,2022-04-12,0,59.40887813074,59.676014,0.03166398085059275,0.03359352298752398,0.03166498085059275,0.055831703931468774,1,0.00192954,8.07612236,1.99644288,0.38457726,0.00638769,21,1.0,0.73309231,0.01221048
1261,AU3SG0002199,2022-04-13,0,60.364593067164,59.408878,0.0339536413342413,0.03508385610098293,0.0339546413342413,0.055831703931468774,1,0.00113021,8.29874512,2.08848058,0.39517834,0.00656016,21,1.0,0.95571507,0.01583238
1262,AU3SG0002199,2022-04-14,0,59.65986990339999,60.364594,0.03283091714476074,0.03365447340267858,0.03283191714476074,0.055831703931468774,1,0.00082356,8.61281364,2.16927992,0.41013398,0.00681078,21,1.0,0.95571507,0.01583238
1263,AU3SG0002199,2022-04-15,0,59.79739911083199,59.142082,0.03343623045965124,0.03547802337939197,0.03343723045965124,0.055831703931468774,1,0.00204179,11.31208091,2.88992463,0.53867052,0.00895764,21,1.0,1.23729109,0.02067479
1264,AU3SG0002199,2022-04-18,0,59.6984080330064,59.142082,0.03485773982926623,0.03639284453077603,0.03485873982926623,0.055831703931468774,1,0.0015351,11.95795346,2.89001535,0.56942636,0.00946914,21,1.0,1.08848648,0.01803679
1266,AU3SG0002199,2022-04-20,0,59.50468354906,59.142082,0.03375623447676592,0.03457824390824473,0.03375723447676592,0.055831703931468774,1,0.00082201,10.735845,2.84902396,0.51123071,0.00853233,21,1.0,1.29077909,0.02146082
1265,AU3SG0002199,2022-04-19,0,59.09542037999999,59.698406,0.03221512316445238,0.035013090614241175,0.03221612316445238,0.055831703931468774,1,0.00279797,8.53887412,2.17582545,0.40661305,0.00676351,21,1.0,0.95571507,0.01583238
1267,AU3SG0002199,2022-04-21,0,59.34157094454,59.504684,0.026431947308032226,0.030451119160425692,0.026432947308032227,0.055831703931468774,1,0.00401917,7.90800097,2.04567886,0.37657147,0.00627081,21,1.0,0.95571507,0.01583238
1268,AU3SG0002199,2022-04-22,0,58.5989389116,59.341572,0.018917438589859933,0.030839657489501345,0.018918438589859934,0.055831703931468774,1,0.01192222,8.41729059,2.16375986,0.40082336,0.00669145,21,1.0,0.95571507,0.01583238
1269,AU3SG0002199,2022-04-25,0,57.7148660181,58.598938,0.02336631880624664,0.02410086281919374,0.02336731880624664,0.055831703931468774,1,0.00073454,8.8783771,2.2988091,0.42277986,0.00708711,21,1.0,0.95571507,0.01583238
1270,AU3SG0002199,2022-04-26,0,58.24783347894,58.592625,0.025814896437859586,0.0327393545408725,0.025815896437859587,0.055831703931468774,1,0.00692446,11.11634957,2.75268148,0.52934998,0.00887019,21,1.0,1.01211055,0.01700892
1271,AU3SG0002199,2022-04-27,0,58.09876509268,58.455135,0.03270553357176492,0.03389499288615982,0.03270653357176492,0.055831703931468774,1,0.00118946,11.01797338,2.73814916,0.5246654,0.00880225,21,1.0,1.01211055,0.01700892
1272,AU3SG0002199,2022-04-28,0,57.870269247660005,58.46386,0.03257967073771169,0.03414426846426565,0.03258067073771169,0.055831703931468774,1,0.0015646,11.38602243,2.79265854,0.54219154,0.00911187,21,1.0,1.01211055,0.01700892
1273,AU3SG0002199,2022-04-29,0,57.7265160448,57.87027,0.03276604211967914,0.03409296837842771,0.03276704211967914,0.055831703931468774,1,0.00132693,8.60730552,2.26044666,0.40987169,0.00690314,21,1.0,0.95571507,0.01583238
1274,AU3SG0002199,2022-05-02,0,56.97114024126,57.726517,0.02871700492714296,0.03405007039607007,0.02871800492714296,0.055831703931468774,1,0.00533307,9.26029337,2.38111942,0.44096635,0.00745305,21,1.0,0.95571507,0.01583238
1275,AU3SG0002199,2022-05-03,0,56.60013789288001,56.971142,0.022297004300077326,0.027871936318139192,0.022298004300077327,0.055831703931468774,1,0.00557493,9.2964303,2.38646972,0.44268716,0.00750021,21,1.0,0.95571507,0.01583238
1276,AU3SG0002199,2022-05-04,0,56.61667994805,56.60014,0.02124307972856703,0.022663699949761446,0.021244079728567032,0.055831703931468774,1,0.00142062,9.12630292,2.37921554,0.43458585,0.00736687,21,1.0,0.95571507,0.01583238
1277,AU3SG0002199,2022-05-05,0,57.04041071959999,56.60014,0.019288654403552697,0.02614979914165931,0.019289654403552698,0.055831703931468774,1,0.00686114,11.80964839,3.08879297,0.56236421,0.00962674,21,1.0,1.62670598,0.02818522
1279,AU3SG0002199,2022-05-09,0,55.72948591369,56.234806,0.022889047260123356,0.024662741223191918,0.022890047260123357,0.055831703931468774,1,0.00177369,9.4213096,2.41790573,0.44863379,0.0077034,21,1.0,0.95571507,0.01583238
1281,AU3SG0002199,2022-05-11,0,55.0369650204,55.189198,0.02392610757568064,0.02544558026528873,0.02392710757568064,0.055831703931468774,1,0.00151947,9.3234016,2.41167096,0.4439715,0.00766961,21,1.0,0.95571507,0.01583238
1280,AU3SG0002199,2022-05-10,0,55.18919898241,55.729485,0.01931860087424568,0.021160120557042642,0.019319600874245682,0.055831703931468774,1,0.00184152,9.43830449,2.42164066,0.44944307,0.00775201,21,1.0,0.95571507,0.01583238
1283,AU3SG0002199,2022-05-13,0,55.914562270000005,55.036964,0.020392479010573013,0.029632044819368618,0.020393479010573014,0.055831703931468774,1,0.00923957,8.80334482,2.28486512,0.4192069,0.00734263,21,1.0,0.88407198,0.01569534
1285,AU3SG0002199,2022-05-17,0,55.9898331588,56.555222,0.026884219270628455,0.02899698134436107,0.026885219270628456,0.055831703931468774,1,0.00211276,9.51008902,2.36188682,0.45286138,0.00793468,21,1.0,0.88407198,0.01531792
1284,AU3SG0002199,2022-05-16,0,56.555220708,55.729485,0.026548035871570605,0.035026639270788355,0.026549035871570606,0.055831703931468774,1,0.0084786,14.66016013,3.87089612,0.69810286,0.01224554,21,1.0,1.57971498,0.0287028
1286,AU3SG0002199,2022-05-18,0,56.26970228593999,55.989834,0.01849503148611958,0.03271252403170205,0.01849603148611958,0.055831703931468774,1,0.01421749,9.06551905,2.3365903,0.43169138,0.00758973,21,1.0,0.88719409,0.01591965
1287,AU3SG0002199,2022-05-19,0,56.59858905399,55.036964,0.02690323325751501,0.03158400933324732,0.026904233257515012,0.055831703931468774,1,0.00468078,12.40932421,3.3874456,0.5909202,0.01042486,21,1.0,1.56162505,0.02759124
1288,AU3SG0002199,2022-05-20,0,56.77519332735,56.598591,0.0239997331534943,0.026021274948757677,0.0240007331534943,0.055831703931468774,1,0.00202154,8.24534738,2.11034541,0.39263559,0.00693782,21,1.0,0.80560136,0.01432567
1289,AU3SG0002199,2022-05-23,0,56.6656115179,56.775192,0.026091103238036227,0.027652724370661876,0.026092103238036228,0.055831703931468774,1,0.00156162,8.48703186,2.16771785,0.40414437,0.00714067,21,1.0,0.88407198,0.01531792
1290,BE0974271034,2021-05-27,0,4.6,4.6,0.11712118240634439,0.11803504742269817,0.1171221824063444,0.5793881973229614,1,0.00091387,1.545,0.42470578,0.07357143,0.01499514,20,0.952381,0.21,0.04487179
1291,BE0974271034,2021-05-28,0,4.57,4.6,0.12069773789793016,0.13020182718377785,0.12069873789793016,0.5793881973229614,1,0.00950409,1.525,0.42281793,0.07261905,0.01483626,20,0.952381,0.21,0.04487179
1292,BE0974271034,2021-05-31,0,4.565,4.57,0.11803638745412197,0.12337793813294068,0.11803738745412197,0.5793881973229614,1,0.00534155,1.48,0.41988094,0.07047619,0.01441694,20,0.952381,0.21,0.04487179
1294,BE0974271034,2021-06-02,0,4.65,4.61,0.10173770356076016,0.12719671939145918,0.10173870356076016,0.5793881973229614,1,0.02545902,3.54,0.93048375,0.16857143,0.03548085,20,0.952381,0.38,0.08119658
1293,BE0974271034,2021-06-01,0,4.55,4.57,0.12897655896241994,0.13106933702001888,0.12897755896241994,0.5793881973229614,1,0.00209278,1.46,0.41844952,0.06952381,0.01424982,20,0.952381,0.21,0.04487179
1295,BE0974271034,2021-06-03,0,4.66,4.6,0.10325517495528892,0.10660423159346381,0.10325617495528892,0.5793881973229614,1,0.00334906,3.53,0.92978492,0.16809524,0.0354442,20,0.952381,0.38,0.08119658
1296,BE0974271034,2021-06-04,0,4.6,4.6,0.09911740063800575,0.10901547296295241,0.09911840063800575,0.5793881973229614,1,0.00989807,3.5,0.92930081,0.16666667,0.03516243,19,0.904762,0.38,0.08119658
1297,BE0974271034,2021-06-07,0,4.6,4.57,0.09665710719871927,0.10847211445762443,0.09665810719871927,0.5793881973229614,1,0.01181501,3.48,0.92843955,0.16571429,0.03500151,19,0.904762,0.38,0.08119658
1298,BE0974271034,2021-06-08,0,4.59,4.57,0.09665710719871927,0.10734369947868437,0.09665810719871927,0.5793881973229614,1,0.01068659,3.35,0.91646058,0.15952381,0.03383538,19,0.904762,0.38,0.08119658
1299,BE0974271034,2021-06-09,0,4.54,4.57,0.0972117120944302,0.11166258895136483,0.0972127120944302,0.5793881973229614,1,0.01445088,3.71,1.04134528,0.17666667,0.0376097,19,0.904762,0.52,0.11111111
1300,BE0974271034,2021-06-10,0,4.7,4.55,0.094075238197735,0.10717614920913564,0.094076238197735,0.5793881973229614,1,0.01310091,3.8,1.05038088,0.18095238,0.03855803,19,0.904762,0.52,0.11111111
1301,BE0974271034,2021-06-11,0,4.75,4.65,0.10063085299960067,0.10776714472305163,0.10063185299960067,0.5793881973229614,1,0.00713629,3.695,1.03502415,0.17595238,0.03760228,19,0.904762,0.52,0.11111111
1302,BE0974271034,2021-06-14,0,4.72,4.66,0.10001258932142769,0.10446922613010075,0.10001358932142769,0.5793881973229614,1,0.00445664,3.665,1.032848,0.17452381,0.03735726,19,0.904762,0.52,0.11111111
1303,BE0974271034,2021-06-15,0,4.815,4.6,0.09625258079837773,0.10620338067068336,0.09625358079837773,0.5793881973229614,1,0.0099508,3.7,1.03951912,0.17619048,0.03773071,19,0.904762,0.52,0.11111111
1304,BE0974271034,2021-06-16,0,4.685,4.82,0.084465270420791,0.09490056183963226,0.084466270420791,0.5793881973229614,1,0.01043529,1.35,0.40037482,0.06428571,0.01374565,19,0.904762,0.21,0.04487179
1305,BE0974271034,2021-06-17,0,4.75,4.68,0.07836616587758018,0.08132163129967662,0.07836716587758018,0.5793881973229614,1,0.00295547,1.21,0.34799425,0.05761905,0.01231065,19,0.904762,0.16,0.03404255
1306,BE0974271034,2021-06-18,0,4.565,4.75,0.07856802148561422,0.08485094297227815,0.07856902148561422,0.5793881973229614,1,0.00628292,1.355,0.3920778,0.06452381,0.0138369,19,0.904762,0.185,0.04052574
1307,BE0974271034,2021-06-21,0,4.47,4.57,0.06877804953268778,0.07030241624804166,0.06877904953268778,0.5793881973229614,1,0.00152437,1.385,0.39852854,0.06595238,0.01418535,19,0.904762,0.185,0.04052574
1308,BE0974271034,2021-06-22,0,4.56,4.7,0.06075527856058593,0.08760532710664304,0.06075627856058593,0.5793881973229614,1,0.02685005,2.89,0.8475848,0.13761905,0.02973655,19,0.904762,0.44,0.09565217
1309,BE0974271034,2021-06-23,0,4.48,4.56,0.06636530605075291,0.0696472199410302,0.06636630605075292,0.5793881973229614,1,0.00328191,1.29,0.37094474,0.06142857,0.01327686,19,0.904762,0.185,0.04052574
1310,BE0974271034,2021-06-24,0,4.535,4.48,0.055218275957149905,0.05805160032509515,0.055219275957149906,0.5793881973229614,1,0.00283332,1.335,0.37486664,0.06357143,0.01375086,19,0.904762,0.185,0.04052574
1312,BE0974271034,2021-06-28,0,4.605,5.05,0.05725270524693649,0.09322203331312004,0.057253705246936494,0.5793881973229614,1,0.03596933,4.13,1.08882965,0.19666667,0.04280211,19,0.904762,0.5,0.11086475
1313,BE0974271034,2021-06-29,0,4.45,4.47,0.053625453820122126,0.059419549381014895,0.05362645382012213,0.5793881973229614,1,0.0057941,2.505,0.7022286,0.11928571,0.02596854,20,0.952381,0.34,0.07589286
1314,BE0974271034,2021-06-30,0,4.535,4.47,0.04958376417393933,0.05422810283240845,0.04958476417393933,0.5793881973229614,1,0.00464434,2.45,0.6542553,0.11666667,0.02538112,19,0.904762,0.285,0.06284454
1315,BE0974271034,2021-07-01,0,4.51,4.75,0.05042134209401308,0.07796307174467834,0.050422342094013084,0.5793881973229614,1,0.02754173,2.9,0.77849213,0.13809524,0.02999539,21,1.0,0.38,0.08154506
1316,BE0974271034,2021-07-02,0,4.59,4.72,0.059707779280451616,0.06916796485349205,0.05970877928045162,0.5793881973229614,1,0.00946019,2.65,0.69177308,0.12619048,0.02746098,21,1.0,0.29,0.06304348
1317,BE0974271034,2021-07-05,0,4.56,4.54,0.06725495473938255,0.09085295286830526,0.06725595473938255,0.5793881973229614,1,0.023598,2.62,0.85319986,0.1247619,0.02723526,20,0.952381,0.5,0.11013216
1318,BE0974271034,2021-07-06,0,4.74,4.7,0.07016163324646041,0.09338321298399331,0.07016263324646041,0.5793881973229614,1,0.02322158,2.26,0.75468536,0.10761905,0.02349632,20,0.952381,0.5,0.11013216
1319,BE0974271034,2021-07-07,0,4.655,4.75,0.06568115813754197,0.09362989076486233,0.06568215813754197,0.5793881973229614,1,0.02794873,1.955,0.64697372,0.09309524,0.02031833,20,0.952381,0.5,0.11013216
1320,BE0974271034,2021-07-08,0,4.505,4.72,0.06720961637324174,0.08591340955149449,0.06721061637324174,0.5793881973229614,1,0.01870379,1.67,0.46346521,0.07952381,0.01734655,20,0.952381,0.215,0.04772475
1321,BE0974271034,2021-07-09,0,4.54,4.82,0.07006143067905259,0.08128830207703844,0.07006243067905259,0.5793881973229614,1,0.01122687,1.76,0.50705029,0.08380952,0.01835838,20,0.952381,0.28,0.06167401
1322,BE0974271034,2021-07-12,0,4.495,4.7,0.06569730116779521,0.07555303071281326,0.06569830116779521,0.5793881973229614,1,0.00985573,2.585,0.68104699,0.12309524,0.02678473,20,0.952381,0.28,0.0625
1323,BE0974271034,2021-07-13,0,4.6,4.75,0.06968345297392203,0.0734462139658939,0.06968445297392203,0.5793881973229614,1,0.00376276,2.465,0.64298134,0.11738095,0.02561355,20,0.952381,0.28,0.0625
1324,BE0974271034,2021-07-14,0,4.49,4.45,0.071866113343424,0.07387600427518588,0.07186711334342401,0.5793881973229614,1,0.00200989,2.31,0.64676116,0.11,0.02407673,21,1.0,0.285,0.06284454
1326,BE0974271034,2021-07-16,0,4.49,4.7,0.06322701404797387,0.06760102116848973,0.06322801404797387,0.5793881973229614,1,0.00437401,3.66,1.05157025,0.17428571,0.03855134,20,0.952381,0.57,0.12751678
1325,BE0974271034,2021-07-15,0,4.465,4.54,0.06917452894337248,0.088835173254714,0.06917552894337248,0.5793881973229614,1,0.01966064,3.7,1.06028298,0.17619048,0.03883043,20,0.952381,0.57,0.12751678
1328,BE0974271034,2021-07-20,0,4.15,4.49,0.06344654516292705,0.07029013521898572,0.06344754516292705,0.5793881973229614,1,0.00684359,2.305,0.74059098,0.1097619,0.02484945,19,0.904762,0.43,0.10311751
1327,BE0974271034,2021-07-19,0,4.17,4.6,0.06130075571991818,0.07674509211308661,0.06130175571991818,0.5793881973229614,1,0.01544434,2.315,0.74523486,0.1102381,0.02467669,19,0.904762,0.43,0.10311751
1329,BE0974271034,2021-07-21,0,4.37,4.47,0.05975659698526996,0.07281830404775,0.05975759698526996,0.5793881973229614,1,0.01306171,2.285,0.7376144,0.10880952,0.024686,19,0.904762,0.43,0.10311751
1330,BE0974271034,2021-07-22,0,4.37,4.51,0.04579372746098987,0.04786415897717539,0.04579472746098987,0.5793881973229614,1,0.00207043,2.455,0.73100958,0.11690476,0.0265921,21,1.0,0.44,0.10551559
1331,BE0974271034,2021-07-23,0,4.4,4.17,0.021159389630862308,0.05009114461774786,0.02116038963086231,0.5793881973229614,1,0.02893175,2.33,0.7329734,0.11095238,0.02524538,19,0.904762,0.43,0.10311751
1332,BE0974271034,2021-07-26,0,4.41,4.47,0.056834132989796435,0.23714207808653945,0.056835132989796436,0.5793881973229614,1,0.18030795,3.62,1.29713145,0.17238095,0.03857655,20,0.952381,1.11,0.24611973
1333,BE0974271034,2021-07-27,0,4.42,4.49,0.04985597754514417,0.05668233892730053,0.04985697754514417,0.5793881973229614,1,0.00682636,3.155,0.95693521,0.1502381,0.03428286,20,0.952381,0.57,0.13669065
1334,BE0974271034,2021-07-28,0,4.48,4.41,0.04866872135008978,0.05477237676637788,0.04866972135008978,0.5793881973229614,1,0.00610366,2.275,0.66356989,0.10833333,0.02462678,19,0.904762,0.34,0.08192771
1336,BE0974271034,2021-07-30,0,4.52,4.49,0.040343035513672534,0.17791093095693764,0.040344035513672535,0.5793881973229614,1,0.1375679,2.25,0.67178866,0.10714286,0.02437653,20,0.952381,0.43,0.10311751
1335,BE0974271034,2021-07-29,0,4.48,4.48,0.027048564209789353,0.028416920635538738,0.027049564209789354,0.5793881973229614,1,0.00136836,1.56,0.50537115,0.07428571,0.01670525,19,0.904762,0.32,0.07673861
1337,BE0974271034,2021-08-02,0,4.625,4.49,0.04187390453943118,0.054487103488311955,0.04187490453943118,0.5793881973229614,1,0.0126132,2.655,0.7808489,0.12642857,0.02890423,21,1.0,0.36,0.08674699
1338,BE0974271034,2021-08-03,0,4.635,4.74,0.06476626189427606,0.176727541531033,0.06476726189427606,0.5793881973229614,1,0.11196128,4.06,1.05822965,0.19333333,0.04269297,20,0.952381,0.46,0.09704641
1340,BE0974271034,2021-08-05,0,4.61,4.49,0.06884184683942879,0.07774583141193465,0.06884284683942879,0.5793881973229614,1,0.00890398,3.005,0.79594284,0.14309524,0.03243531,20,0.952381,0.38,0.09156627
1339,BE0974271034,2021-08-04,0,4.54,4.64,0.06419332132666432,0.06505491160498333,0.06419432132666432,0.5793881973229614,1,0.00086159,1.51,0.48800615,0.07190476,0.01624799,19,0.904762,0.32,0.07673861
1341,BE0974271034,2021-08-06,0,4.59,4.61,0.06462456958232088,0.06839093817247319,0.06462556958232088,0.5793881973229614,1,0.00376637,1.36,0.46065171,0.0647619,0.01467063,19,0.904762,0.32,0.07673861
1342,BE0974271034,2021-08-09,0,4.64,4.49,0.07385145767822711,0.08325567185567512,0.07385245767822711,0.5793881973229614,1,0.00940421,2.67,0.72904047,0.12714286,0.028869,20,0.952381,0.38,0.09156627
1343,BE0974271034,2021-08-10,0,4.645,4.64,0.06334024931019065,0.06731338169996164,0.06334124931019065,0.5793881973229614,1,0.00397313,1.34,0.46021734,0.06380952,0.01444364,19,0.904762,0.32,0.07673861
1344,BE0974271034,2021-08-11,0,4.63,4.15,0.07137836078734232,0.1875404432046124,0.07137936078734232,0.5793881973229614,1,0.11616208,2.45,0.7788453,0.11666667,0.02615336,18,0.857143,0.48,0.10367171
1345,BE0974271034,2021-08-12,0,4.62,4.7,0.07797543563308529,0.15792298257477802,0.07797643563308529,0.5793881973229614,1,0.07994755,3.37,0.87863531,0.16047619,0.03561534,20,0.952381,0.36,0.07929515
1346,BE0974271034,2021-08-13,0,4.645,4.74,0.08159063416336859,0.15118846697686344,0.08159163416336859,0.5793881973229614,1,0.06959783,3.35,0.87624198,0.15952381,0.03536278,20,0.952381,0.36,0.07929515
1347,BE0974271034,2021-08-16,0,4.575,4.64,0.0749755749887509,0.07973403513831237,0.0749765749887509,0.5793881973229614,1,0.00475846,1.185,0.43774993,0.05642857,0.01279834,19,0.904762,0.32,0.07673861
1348,BE0974271034,2021-08-17,0,4.525,4.57,0.06574348755885846,0.06706316732583147,0.06574448755885846,0.5793881973229614,1,0.00131968,0.91,0.30207615,0.04333333,0.00961768,19,0.904762,0.22,0.05034325
1349,BE0974271034,2021-08-18,0,4.48,4.53,0.06042315700942568,0.06411118957197945,0.06042415700942568,0.5793881973229614,1,0.00368803,0.94,0.30553232,0.0447619,0.00991966,19,0.904762,0.22,0.05034325
1350,BE0974271034,2021-08-19,0,4.355,4.48,0.035110517981656146,0.04169646446010614,0.03511151798165615,0.5793881973229614,1,0.00658595,0.845,0.24611989,0.0402381,0.00888915,19,0.904762,0.125,0.02870264
1351,BE0974271034,2021-08-20,0,4.26,4.49,0.031396758122973295,0.05278338888343076,0.031397758122973296,0.5793881973229614,1,0.02138663,1.675,0.46666369,0.0797619,0.01774815,19,0.904762,0.23,0.05399061
1352,BE0974271034,2021-08-23,0,4.44,4.17,-0.033118805642039006,0.0517630836179832,-0.033117805642039005,0.5793881973229614,1,0.08488189,1.775,0.51163952,0.08452381,0.01880407,19,0.904762,0.27,0.06081081
1353,BE0974271034,2021-08-24,0,4.72,4.45,0.028457314515261185,0.05866939251182048,0.028458314515261186,0.5793881973229614,1,0.03021208,2.395,0.6246399,0.11404762,0.02522752,19,0.904762,0.27,0.05868545
1354,BE0974271034,2021-08-25,0,4.66,4.53,0.037471587368557116,0.061392911292049074,0.03747258736855712,0.5793881973229614,1,0.02392132,2.395,0.6246399,0.11404762,0.02515539,19,0.904762,0.27,0.05868545
1355,BE0974271034,2021-08-26,0,4.62,4.51,0.05164478762464631,0.06070308115270037,0.05164578762464631,0.5793881973229614,1,0.00905829,2.335,0.61104419,0.11119048,0.02448221,19,0.904762,0.27,0.05868545
1356,BE0974271034,2021-08-27,0,4.53,4.75,0.05556758022624406,0.06768668401047799,0.05556858022624406,0.5793881973229614,1,0.0121191,2.295,0.70659394,0.10928571,0.02441371,20,0.952381,0.44,0.10328638
1357,BE0974271034,2021-08-30,0,4.72,4.75,0.036167410694451785,0.04723832753324763,0.036168410694451786,0.5793881973229614,1,0.01107092,2.115,0.60817349,0.10071429,0.02240687,20,0.952381,0.28,0.0657277
1358,BE0974271034,2021-08-31,0,4.7,4.82,0.03436148933534624,0.05796186407928587,0.03436248933534624,0.5793881973229614,1,0.02360037,2.52,0.69796132,0.12,0.02658531,20,0.952381,0.34,0.07981221
1359,BE0974271034,2021-09-01,0,4.63,4.72,0.03560737327506205,0.037489884444815595,0.03560837327506205,0.5793881973229614,1,0.00188251,2.335,0.71674612,0.11119048,0.02468446,21,1.0,0.39,0.0915493
1360,BE0974271034,2021-09-02,0,4.66,4.72,0.03439998829795845,0.05554807417185999,0.03440098829795845,0.5793881973229614,1,0.02114809,2.355,0.66874883,0.11214286,0.02476103,20,0.952381,0.3,0.06807512
1361,BE0974271034,2021-09-03,0,4.665,4.82,0.032547749995126614,0.051583589008611215,0.032548749995126615,0.5793881973229614,1,0.01903584,2.23,0.62677747,0.10619048,0.02345096,20,0.952381,0.3,0.06807512
1362,BE0974271034,2021-09-06,0,4.64,4.82,0.03439903137711297,0.04902834201315913,0.03440003137711297,0.5793881973229614,1,0.01462931,2.23,0.60228731,0.10619048,0.02339238,20,0.952381,0.31,0.07276995
1363,BE0974271034,2021-09-07,0,4.57,4.6,0.03437804437462177,0.04626197087862317,0.03437904437462177,0.5793881973229614,1,0.01188393,2.42,0.62052397,0.1152381,0.02521532,20,0.952381,0.27,0.05868545
1365,BE0974271034,2021-09-09,0,4.67,4.47,0.032243302241606014,0.04792060742014923,0.032244302241606015,0.5793881973229614,1,0.01567731,2.51,0.63651394,0.11952381,0.02613557,20,0.952381,0.27,0.05868545
1364,BE0974271034,2021-09-08,0,4.605,4.49,0.032579632307707475,0.043051068224951396,0.032580632307707476,0.5793881973229614,1,0.01047144,2.36,0.60634149,0.11238095,0.02461046,20,0.952381,0.27,0.05868545
1366,BE0974271034,2021-09-10,0,4.61,4.64,0.031080701809558898,0.04012708375281273,0.0310817018095589,0.5793881973229614,1,0.00904638,2.41,0.73644416,0.1147619,0.02501142,20,0.952381,0.405,0.08852459
1367,BE0974271034,2021-09-13,0,4.8,4.61,0.025342278203245923,0.025584722539827295,0.025343278203245924,0.5793881973229614,1,0.00024244,2.645,0.70301138,0.12595238,0.02775498,20,0.952381,0.34,0.07981221
1368,BE0974271034,2021-09-14,0,4.74,4.5,0.022739243752538652,0.03884202955314862,0.022740243752538653,0.5793881973229614,1,0.01610279,2.32,0.68176242,0.11047619,0.02389979,20,0.952381,0.375,0.08287293
1369,BE0974271034,2021-09-15,0,4.75,4.7,0.0038076172743460547,0.00470628632381949,0.003808617274346055,0.5793881973229614,1,0.00089867,2.685,0.77341774,0.12785714,0.02798742,20,0.952381,0.36,0.07792208
1370,BE0974271034,2021-09-16,0,4.81,4.7,-0.0046534427785424465,0.010094331634383145,-0.004652442778542446,0.5793881973229614,1,0.01474777,2.775,0.95575886,0.13214286,0.02937072,20,0.952381,0.63,0.14788732
1371,BE0974271034,2021-09-17,0,4.7,4.8,-0.002266491108057551,0.08686321253264076,-0.002265491108057551,0.5793881973229614,1,0.0891297,2.34,0.7982794,0.11142857,0.02453402,20,0.952381,0.63,0.14788732
1372,BE0974271034,2021-09-20,0,4.575,4.7,-0.002466409294805256,0.016528922046754192,-0.0024654092948052557,0.5793881973229614,1,0.01899533,1.835,0.50593972,0.08738095,0.01879283,20,0.952381,0.26,0.05416667
1373,BE0974271034,2021-09-21,0,4.43,4.8,-0.005003674719302759,0.0018532030340956836,-0.005002674719302759,0.5793881973229614,1,0.00685688,1.965,0.57902936,0.09357143,0.02019604,20,0.952381,0.37,0.08352144
1374,BE0974271034,2021-09-22,0,4.525,4.5,-0.005843175249358138,-0.005262768189788258,-0.005842175249358138,0.5793881973229614,1,0.00058041,1.37,0.37376463,0.0652381,0.01406605,20,0.952381,0.17,0.03837472
1375,BE0974271034,2021-09-23,0,4.305,4.5,-0.013846738422506442,-0.013403161340328118,-0.013845738422506443,0.5793881973229614,1,0.00044358,1.505,0.41728288,0.07166667,0.01560989,20,0.952381,0.195,0.04529617
1376,BE0974271034,2021-09-24,0,4.555,4.6,-0.007278152072001092,-0.0060869301770772434,-0.007277152072001092,0.5793881973229614,1,0.00119122,2.13,0.60104076,0.10142857,0.02206752,21,1.0,0.37,0.08352144
1377,BE0974271034,2021-09-27,0,4.305,4.8,0.0016416195061091108,0.007617988806218446,0.0016426195061091107,0.5793881973229614,1,0.00597637,3.175,0.9407311,0.15119048,0.03341824,19,0.904762,0.495,0.11498258
1378,BE0974271034,2021-09-28,0,4.215,4.2,0.00808020364547492,0.030000278015734825,0.008081203645474919,0.5793881973229614,1,0.02192007,2.46,0.64436015,0.11714286,0.02535705,21,1.0,0.31,0.06444906
1379,BE0974271034,2021-09-29,0,4.46,4.4,0.031387687630025564,0.04864784953257022,0.031388687630025565,0.5793881973229614,1,0.01726016,2.64,0.71693793,0.12571429,0.02743878,21,1.0,0.355,0.07793633
1380,BE0974271034,2021-09-30,0,4.2,4.7,0.06132371430935011,0.08618135116428763,0.06132471430935011,0.5793881973229614,1,0.02485764,4.29,1.17571255,0.20428571,0.04589484,21,1.0,0.585,0.13879004
1394,BE0974271034,2021-10-20,0,4.5,4.45,0.0715121770223517,0.09004215893779469,0.0715131770223517,0.5793881973229614,1,0.01852998,2.1,0.61322916,0.1,0.02273739,20,0.952381,0.385,0.09134045
1393,BE0974271034,2021-10-19,0,4.415,4.49,0.08129865027154694,0.11067686254057041,0.08129965027154694,0.5793881973229614,1,0.02937821,2.32,0.66816914,0.11047619,0.02511058,20,0.952381,0.385,0.09134045
1395,BE0974271034,2021-10-21,0,4.405,4.41,0.05810504487065444,0.058788147571083284,0.05810604487065444,0.5793881973229614,1,0.0006831,2.03,0.60864604,0.09666667,0.02200218,20,0.952381,0.385,0.09134045
1396,BE0974271034,2021-10-22,0,4.38,4.5,0.04809601829856165,0.13860333790412596,0.04809701829856165,0.5793881973229614,1,0.09050732,2.055,0.61304568,0.09785714,0.02225598,20,0.952381,0.385,0.09134045
1398,BE0974271034,2021-10-26,0,4.45,4.38,0.052291966543255165,0.14541902456485784,0.052292966543255166,0.5793881973229614,1,0.09312706,2.09,0.61506097,0.09952381,0.02264319,20,0.952381,0.385,0.09134045
1397,BE0974271034,2021-10-25,0,4.435,4.41,0.04925797674564095,0.14856836600745973,0.04925897674564095,0.5793881973229614,1,0.09931039,2.025,0.6110851,0.09642857,0.02194943,20,0.952381,0.385,0.09134045
1399,BE0974271034,2021-10-27,0,4.59,4.43,0.04374869849534023,0.05109749289023572,0.04374969849534023,0.5793881973229614,1,0.00734879,1.865,0.50564315,0.08880952,0.01995356,20,0.952381,0.205,0.04772992
1400,BE0974271034,2021-10-28,0,4.545,4.45,0.03624181526725306,0.15031785345982274,0.03624281526725306,0.5793881973229614,1,0.11407604,1.8,0.48897853,0.08571429,0.0192406,20,0.952381,0.205,0.04772992
1401,BE0974271034,2021-10-29,0,4.37,4.59,0.0290530636228257,0.2513497478168136,0.029054063622825702,0.5793881973229614,1,0.22229668,2.56,0.74639132,0.12190476,0.02736948,20,0.952381,0.4,0.08695652
1402,BE0974271034,2021-11-01,0,4.505,4.55,0.028580261071885826,0.0394206677315282,0.028581261071885827,0.5793881973229614,1,0.01084041,1.86,0.49749372,0.08857143,0.0198407,21,1.0,0.22,0.05034325
1403,BE0974271034,2021-11-02,0,4.41,4.61,0.0332894511349278,0.13110929780916822,0.033290451134927804,0.5793881973229614,1,0.09781985,1.95,0.59354865,0.09285714,0.02089605,20,0.952381,0.335,0.07469342
1404,BE0974271034,2021-11-03,0,4.45,4.45,0.048981101949180796,0.17670886679049544,0.0489821019491808,0.5793881973229614,1,0.12772776,2.18,0.63261363,0.10380952,0.02309614,19,0.904762,0.4,0.08695652
1405,BE0974271034,2021-11-04,0,4.415,4.49,0.05516779183491556,0.08535232755884584,0.05516879183491556,0.5793881973229614,1,0.03018454,2.015,0.553647,0.09595238,0.02156679,20,0.952381,0.305,0.06877114
1406,BE0974271034,2021-11-05,0,4.435,4.45,0.0596720285215044,0.0986150504798724,0.0596730285215044,0.5793881973229614,1,0.03894302,1.51,0.44096485,0.07190476,0.0160742,21,1.0,0.22,0.05034325
1407,BE0974271034,2021-11-08,0,4.45,4.45,0.06222149950705869,0.19677084971429376,0.062222499507058694,0.5793881973229614,1,0.13454935,1.74,0.50965675,0.08285714,0.01863118,20,0.952381,0.23,0.05263158
1408,BE0974271034,2021-11-09,0,4.44,4.41,0.06571277471679338,0.18623719901007213,0.06571377471679338,0.5793881973229614,1,0.12052442,1.71,0.50700099,0.08142857,0.0183236,20,0.952381,0.23,0.05263158
1409,BE0974271034,2021-11-10,0,4.58,4.41,0.05821365895857673,0.07912837561364602,0.058214658958576734,0.5793881973229614,1,0.02091472,1.815,0.46960089,0.08642857,0.01931749,19,0.904762,0.18,0.0396376
1410,BE0974271034,2021-11-11,0,4.48,4.37,0.05150989723142251,0.07918194636129361,0.05151089723142251,0.5793881973229614,1,0.02767205,1.68,0.45738387,0.08,0.01795437,20,0.952381,0.195,0.04426788
1411,BE0974271034,2021-11-12,0,4.515,4.51,0.06745563129841728,0.07419231525883889,0.06745663129841728,0.5793881973229614,1,0.00673668,1.565,0.44138985,0.07452381,0.01671428,20,0.952381,0.195,0.04426788
1413,BE0974271034,2021-11-16,0,4.43,4.45,0.061559249379567485,0.0693409333654778,0.061560249379567486,0.5793881973229614,1,0.00778168,1.505,0.42062454,0.07166667,0.01607455,20,0.952381,0.195,0.04426788
1412,BE0974271034,2021-11-15,0,4.505,4.41,0.06470503881475863,0.06777351600845492,0.06470603881475863,0.5793881973229614,1,0.00306848,1.495,0.42026777,0.07119048,0.01596658,20,0.952381,0.195,0.04426788
1414,BE0974271034,2021-11-17,0,4.655,4.51,0.06294915603343326,0.0643924632926628,0.06295015603343326,0.5793881973229614,1,0.00144331,1.645,0.43281058,0.07833333,0.01745054,20,0.952381,0.18,0.04
1415,BE0974271034,2021-11-18,0,4.6,4.43,0.06015044481946678,0.062287860112819525,0.060151444819466784,0.5793881973229614,1,0.00213742,1.835,0.5120791,0.08738095,0.01943202,20,0.952381,0.245,0.05263158
1416,BE0974271034,2021-11-19,0,4.73,4.45,0.0456530721569718,0.056714414362141016,0.0456540721569718,0.5793881973229614,1,0.01106134,1.9,0.5178803,0.09047619,0.01995318,20,0.952381,0.28,0.05919662
1417,BE0974271034,2021-11-22,0,4.7,4.41,0.028444791850241357,0.036285765215211326,0.028445791850241358,0.5793881973229614,1,0.00784097,2.18,0.5934644,0.10380952,0.02278266,20,0.952381,0.29,0.06170213
1418,BE0974271034,2021-11-23,0,4.565,4.64,0.01462057019458293,0.05093616095390286,0.01462157019458293,0.5793881973229614,1,0.03631559,1.73,0.52086467,0.08238095,0.0183112,20,0.952381,0.3,0.06741573
1419,BE0974271034,2021-11-24,0,4.5,4.64,-0.018509575008127513,0.03532503132627408,-0.018508575008127512,0.5793881973229614,1,0.05383461,1.83,0.53786615,0.08714286,0.01936465,20,0.952381,0.3,0.06741573
1420,BE0974271034,2021-11-25,0,4.63,4.63,-0.018314453623702473,-0.013999018032935946,-0.018313453623702472,0.5793881973229614,1,0.00431544,1.82,0.53777319,0.08666667,0.0192609,19,0.904762,0.3,0.06741573
1421,BE0974271034,2021-11-26,0,4.45,4.45,-0.018526644717644508,-0.010378687772072563,-0.018525644717644507,0.5793881973229614,1,0.00814796,1.955,0.54164103,0.09309524,0.02040554,19,0.904762,0.225,0.04833512
1422,BE0974271034,2021-11-29,0,4.495,4.45,-0.01691426899317975,-0.0023600466459699817,-0.01691326899317975,0.5793881973229614,1,0.01455422,1.76,0.54525224,0.08380952,0.01824682,20,0.952381,0.36,0.07610994
1424,BE0974271034,2021-12-01,0,4.58,4.74,0.039893883048989276,0.04664983753938642,0.03989488304898928,0.5793881973229614,1,0.00675595,2.0,0.55470713,0.0952381,0.02114868,20,0.952381,0.29,0.06546275
1423,BE0974271034,2021-11-30,0,4.805,4.57,0.002951592488527686,0.030320763258945557,0.002952592488527686,0.5793881973229614,1,0.02736917,2.2,0.61733297,0.1047619,0.0231206,19,0.904762,0.3,0.06741573
1425,BE0974271034,2021-12-02,0,4.5,4.47,0.056701454056052654,0.08095270827887094,0.056702454056052655,0.5793881973229614,1,0.02425125,2.26,0.60158125,0.10761905,0.02360446,21,1.0,0.335,0.07587769
1439,BE0974271034,2021-12-22,0,4.645,4.79,0.11341471320926474,0.1387055470774756,0.11341571320926475,0.5793881973229614,1,0.02529083,2.395,0.71321455,0.11404762,0.02491632,18,0.857143,0.35,0.07526882
1440,BE0974271034,2021-12-23,0,4.68,4.64,0.11673043360384197,0.12556609303076918,0.11673143360384197,0.5793881973229614,1,0.00883566,2.365,0.71089732,0.11261905,0.02458258,18,0.857143,0.35,0.07526882
1441,BE0974271034,2021-12-24,0,4.68,4.68,0.11132074248861155,0.11911794362360723,0.11132174248861156,0.5793881973229614,1,0.0077972,2.235,0.69890987,0.10642857,0.02324554,17,0.809524,0.35,0.07526882
1443,BE0974271034,2021-12-28,0,4.59,4.68,0.10271022302270558,0.10816521617286577,0.10271122302270558,0.5793881973229614,1,0.00545499,2.25,0.64579408,0.10714286,0.02342224,21,1.0,0.35,0.07526882
1444,BE0974271034,2021-12-29,0,4.54,4.59,0.09247400758201346,0.09730016697507614,0.09247500758201346,0.5793881973229614,1,0.00482616,1.955,0.55581022,0.09309524,0.02033511,20,0.952381,0.21,0.04651163
1445,BE0974271034,2021-12-30,0,4.53,4.54,0.0866500303965688,0.08735649250303233,0.0866510303965688,0.5793881973229614,1,0.00070646,1.625,0.55957573,0.07738095,0.01699231,17,0.809524,0.35,0.07526882
1446,BE0974271034,2021-12-31,0,4.59,4.54,0.058628518415827904,0.07358437365615662,0.058629518415827905,0.5793881973229614,1,0.01495586,2.015,0.59297976,0.09595238,0.02106008,20,0.952381,0.355,0.07626208
1447,BE0974271034,2022-01-03,0,4.63,4.54,0.03410790052101763,0.04114820879675129,0.03410890052101763,0.5793881973229614,1,0.00704031,1.965,0.56313853,0.09357143,0.02050114,20,0.952381,0.35,0.07526882
1448,BE0974271034,2022-01-04,0,4.73,4.53,0.012115769430105576,0.017331720032436725,0.012116769430105576,0.5793881973229614,1,0.00521595,2.04,0.58438001,0.09714286,0.02117852,20,0.952381,0.35,0.07526882
1449,BE0974271034,2022-01-05,0,4.65,4.45,0.010192787933471089,0.010679538054797839,0.010193787933471088,0.5793881973229614,1,0.00048675,2.475,0.64643252,0.11785714,0.02563659,20,0.952381,0.27,0.05960265
1452,BE0974271034,2022-01-10,0,4.59,4.59,0.001998971478021869,0.016833405466043203,0.001999971478021869,0.5793881973229614,1,0.01483443,2.295,0.62847037,0.10928571,0.02377048,19,0.904762,0.27,0.05960265
1451,BE0974271034,2022-01-07,0,4.57,4.59,0.004874409422903767,0.016216289564926347,0.004875409422903767,0.5793881973229614,1,0.01134188,2.355,0.63132797,0.11214286,0.02440259,20,0.952381,0.27,0.05960265
1450,BE0974271034,2022-01-06,0,4.555,4.65,0.0035310737018326055,0.005254880818956631,0.0035320737018326056,0.5793881973229614,1,0.00172381,1.665,0.55088565,0.07928571,0.01732275,18,0.857143,0.35,0.07526882
1453,BE0974271034,2022-01-11,0,4.7,4.52,-0.006466561676821417,0.007562019587304308,-0.0064655616768214165,0.5793881973229614,1,0.01402858,2.355,0.64263131,0.11214286,0.02435195,19,0.904762,0.27,0.05960265
1454,BE0974271034,2022-01-12,0,4.84,4.6,-0.005013708342861787,-0.0017716238576656626,-0.005012708342861787,0.5793881973229614,1,0.00324208,2.505,0.68005514,0.11928571,0.02578155,19,0.904762,0.27,0.05960265
1455,BE0974271034,2022-01-13,0,4.73,4.66,-0.0075436202487462216,0.06260980466479875,-0.007542620248746221,0.5793881973229614,1,0.07015342,1.785,0.53895733,0.085,0.01829201,20,0.952381,0.33,0.07189542
1456,BE0974271034,2022-01-14,0,4.69,4.66,-0.008498910670456548,0.056446179115534484,-0.008497910670456549,0.5793881973229614,1,0.06494509,1.775,0.53830753,0.08452381,0.01818698,20,0.952381,0.33,0.07189542
1457,BE0974271034,2022-01-17,0,4.8,4.64,0.0006676421635145988,0.04708551711965685,0.0006686421635145988,0.5793881973229614,1,0.04641787,1.87,0.55780821,0.08904762,0.01910935,20,0.952381,0.33,0.07189542
1458,BE0974271034,2022-01-18,0,4.785,4.57,0.015147317338556723,0.029119234800622548,0.015148317338556722,0.5793881973229614,1,0.01397192,2.075,0.59772485,0.09880952,0.02114657,20,0.952381,0.33,0.07189542
1459,BE0974271034,2022-01-19,0,4.92,4.7,0.012466334542820574,0.09421779514829748,0.012467334542820573,0.5793881973229614,1,0.08175146,1.895,0.61876894,0.0902381,0.01921562,19,0.904762,0.385,0.08288482
1460,BE0974271034,2022-01-20,0,5.08,4.57,0.038584859991849026,0.06677245876291407,0.03858585999184903,0.5793881973229614,1,0.0281876,2.02,0.70338467,0.09619048,0.02004938,19,0.904762,0.51,0.1003937
1461,BE0974271034,2022-01-21,0,4.8,4.57,0.04676991145753737,0.07892462637618605,0.046770911457537374,0.5793881973229614,1,0.03215471,2.29,0.63478343,0.10904762,0.02290671,20,0.952381,0.38,0.07480315
1462,BE0974271034,2022-01-24,0,4.65,4.65,0.0889189020442015,0.1048957159671761,0.0889199020442015,0.5793881973229614,1,0.01597681,2.67,0.822952,0.12714286,0.02658941,19,0.904762,0.45,0.08858268
1463,BE0974271034,2022-01-25,0,4.65,4.55,0.11295916927357716,0.1226360540668783,0.11296016927357716,0.5793881973229614,1,0.00967688,2.73,0.82803985,0.13,0.02720208,19,0.904762,0.45,0.08858268
1467,BE0974271034,2022-01-31,0,4.665,4.53,0.12580518392184162,0.1302168778777398,0.12580618392184162,0.5793881973229614,1,0.00441169,3.23,0.82340755,0.15380952,0.03231178,20,0.952381,0.39,0.08315565
1468,BE0974271034,2022-02-01,0,5.03,4.84,0.12437441582301062,0.13777465056152244,0.12437541582301062,0.5793881973229614,1,0.01340023,3.38,0.95681764,0.16095238,0.03346341,19,0.904762,0.49,0.09645669
1497,BE0974271034,2022-03-14,0,3.915,3.66,0.14576139431958338,0.20247384742274602,0.14576239431958338,0.5793881973229614,1,0.05671245,2.855,0.81964932,0.13595238,0.03272898,21,1.0,0.38,0.09134615
1522,BE0974271034,2022-04-18,0,4.3696,4.36,0.23798331150490384,0.23881395804173433,0.23798431150490384,0.5793881973229614,1,0.00083065,1.4166,0.45220699,0.06745714,0.01567804,21,1.0,0.28,0.06829268
1527,BE0974271034,2022-04-25,0,4.56,4.62,0.21835327084405953,0.22719945143226922,0.21835427084405953,0.5793881973229614,1,0.00884618,1.3516,0.40393831,0.0643619,0.0145516,21,1.0,0.24,0.05581395
1528,BE0974271034,2022-04-26,0,4.51,4.56,0.20847574339174504,0.2180679103384832,0.20847674339174505,0.5793881973229614,1,0.00959217,1.1616,0.32873418,0.05531429,0.01242172,21,1.0,0.185,0.04008667
1521,BE0974271034,2022-04-15,0,4.363,4.38,0.24684719950915748,0.26009922303932703,0.24684819950915748,0.5793881973229614,1,0.01325202,2.372,0.71900209,0.11295238,0.02629043,21,1.0,0.39,0.08764045
1523,BE0974271034,2022-04-19,0,4.435,4.32,0.23265779472859177,0.2538093555331801,0.23265879472859177,0.5793881973229614,1,0.02115156,2.5776,0.73961082,0.12274286,0.02820933,21,1.0,0.365,0.08248588
1526,BE0974271034,2022-04-22,0,4.625,4.65,0.2261946449688761,0.23865079633070874,0.2261956449688761,0.5793881973229614,1,0.01245615,1.3316,0.40145505,0.06340952,0.01439419,21,1.0,0.24,0.05581395
1524,BE0974271034,2022-04-20,0,4.615,4.38,0.23685693113719572,0.24119318169631015,0.23685793113719572,0.5793881973229614,1,0.00433625,2.5226,0.71982578,0.12012381,0.0274956,21,1.0,0.365,0.08248588
1525,BE0974271034,2022-04-21,0,4.65,4.32,0.2409357593008302,0.24856027335513228,0.2409367593008302,0.5793881973229614,1,0.00762451,2.7726,0.74531414,0.13202857,0.02998908,21,1.0,0.33,0.07096774
1529,BE0974271034,2022-04-27,0,4.23,4.38,0.2396397106446504,0.243197398114008,0.2396407106446504,0.5793881973229614,1,0.00355769,3.0716,0.84492968,0.14626667,0.03274578,20,0.952381,0.39,0.08387097
1530,BE0974271034,2022-04-28,0,4.22,4.47,0.22858668091189227,0.23391110843266666,0.22858768091189227,0.5793881973229614,1,0.00532443,3.2516,0.87835423,0.1548381,0.03481267,20,0.952381,0.39,0.08387097
1531,BE0974271034,2022-04-29,0,4.235,4.22,0.2199212438608582,0.2312825803378435,0.2199222438608582,0.5793881973229614,1,0.01136134,1.2666,0.40372164,0.06031429,0.01371247,21,1.0,0.28,0.06619385
1532,BE0974271034,2022-05-02,0,4.1,4.43,0.2279544698136322,0.22924339690071655,0.2279554698136322,0.5793881973229614,1,0.00128893,3.2576,0.86220309,0.15512381,0.03526954,21,1.0,0.355,0.0804878
1533,BE0974271034,2022-05-03,0,3.9,4.32,0.21505766786087763,0.22957668146737986,0.21505866786087763,0.5793881973229614,1,0.01451901,3.1376,0.86422113,0.14940952,0.03444386,20,0.952381,0.42,0.10769231
1534,BE0974271034,2022-05-04,0,3.94,4.38,0.1821640086796241,0.22584209787211335,0.1821650086796241,0.5793881973229614,1,0.04367809,3.3626,0.9456496,0.16012381,0.03739453,20,0.952381,0.44,0.11167513
1540,BE0974271034,2022-05-12,0,3.75,3.9,0.1634305861256442,0.16380057413144702,0.1634315861256442,0.5793881973229614,1,0.00036999,1.9466,0.54817074,0.09269524,0.02250811,21,1.0,0.28,0.06619385
1538,BE0974271034,2022-05-10,0,3.69,3.85,0.16662096147984276,0.1696865191083607,0.16662196147984276,0.5793881973229614,1,0.00306556,2.8724,0.77983598,0.13678095,0.03276838,21,1.0,0.34,0.08717949
1539,BE0974271034,2022-05-11,0,3.9,4.11,0.16798692037117754,0.16860322404620526,0.16798792037117755,0.5793881973229614,1,0.0006163,3.3774,0.84486399,0.16082857,0.03813614,21,1.0,0.375,0.08108108
1535,BE0974271034,2022-05-05,0,3.95,3.94,0.1606582494018899,0.16353526092185014,0.16065924940188991,0.5793881973229614,1,0.00287701,1.5216,0.46660064,0.07245714,0.01690726,21,1.0,0.28,0.06619385
1536,BE0974271034,2022-05-06,0,3.85,3.95,0.1651502461248214,0.16944814262267538,0.1651512461248214,0.5793881973229614,1,0.0042979,1.5816,0.47551673,0.07531429,0.01769699,21,1.0,0.28,0.06619385
1537,BE0974271034,2022-05-09,0,3.725,3.85,0.17051684680312695,0.17095978843471635,0.17051784680312695,0.5793881973229614,1,0.00044294,1.6366,0.48666329,0.07793333,0.01852513,21,1.0,0.28,0.06619385
1541,BE0974271034,2022-05-13,0,3.84,4.11,0.15688235978654455,0.18221949907105675,0.15688335978654455,0.5793881973229614,1,0.02533714,2.7924,0.74264807,0.13297143,0.03210649,21,1.0,0.31,0.07328605
1542,BE0974271034,2022-05-16,0,3.88,4.11,0.17005652800203172,0.18076233366632052,0.17005752800203172,0.5793881973229614,1,0.01070581,2.1654,0.63005489,0.10311429,0.02525219,21,1.0,0.32,0.07582938
1544,BE0974271034,2022-05-18,0,4.0,4.14,0.1884510301476691,0.22835787185450168,0.1884520301476691,0.5793881973229614,1,0.03990684,2.275,0.68849473,0.10833333,0.02702941,21,1.0,0.375,0.09433962
1543,BE0974271034,2022-05-17,0,3.975,4.35,0.1873736423267461,0.22037926597511118,0.1873746423267461,0.5793881973229614,1,0.03300562,2.36,0.7106687,0.11238095,0.02777859,21,1.0,0.375,0.09433962
1545,BE0974271034,2022-05-19,0,3.76,4.0,0.1867514381671259,0.19379851681035237,0.1867524381671259,0.5793881973229614,1,0.00704708,1.98,0.56453521,0.09428571,0.02375966,21,1.0,0.28,0.06619385
1546,BE0974271034,2022-05-20,0,3.69,4.0,0.1903086162188998,0.19761682695880314,0.1903096162188998,0.5793881973229614,1,0.00730821,3.19,0.82776808,0.15190476,0.03844041,21,1.0,0.34,0.08717949
1547,BE0974271034,2022-05-23,0,3.725,3.69,0.1873929022212963,0.19624108065556012,0.1873939022212963,0.5793881973229614,1,0.00884818,2.02,0.56797887,0.09619048,0.02444341,21,1.0,0.28,0.06619385
1548,BE0974293251,2021-05-27,0,62.13,61.42,0.0055946522427033,0.05009213862475487,0.0055956522427033,0.3775274361199803,1,0.04449749,30.47,8.84334213,1.45095238,0.02369117,21,1.0,3.68,0.05960479
1549,BE0974293251,2021-05-28,0,62.34,62.13,0.003391602900792851,0.010805914458610249,0.003392602900792851,0.3775274361199803,1,0.00741431,11.99,3.88925443,0.57095238,0.00930521,21,1.0,3.05,0.04940071
1553,BE0974293251,2021-06-03,0,62.82,63.37,0.015690092921131778,0.018443579835373827,0.01569109292113178,0.3775274361199803,1,0.00275349,13.91,4.14640808,0.66238095,0.01070851,21,1.0,3.05,0.04940071
1550,BE0974293251,2021-05-31,0,61.56,62.34,0.016193995905969427,0.019602039208285765,0.016194995905969428,0.3775274361199803,1,0.00340804,12.35,3.9444011,0.58809524,0.00956861,21,1.0,3.05,0.04940071
1551,BE0974293251,2021-06-01,0,62.38,61.56,0.018680391858650704,0.019292855889176147,0.018681391858650705,0.3775274361199803,1,0.00061246,12.84,4.01519613,0.61142857,0.00992895,21,1.0,3.05,0.04940071
1552,BE0974293251,2021-06-02,0,63.37,62.28,0.025527968419579897,0.026021837033504185,0.025528968419579898,0.3775274361199803,1,0.00049387,31.1,8.91407875,1.48095238,0.02394066,21,1.0,3.62,0.05808729
1554,BE0974293251,2021-06-04,0,62.85,63.37,0.02375528083715089,0.039417148216132826,0.02375628083715089,0.3775274361199803,1,0.01566187,14.16,4.21013064,0.67428571,0.01088454,21,1.0,2.59,0.04226501
1555,BE0974293251,2021-06-07,0,64.05,63.37,0.026033599589977738,0.02863751706834191,0.02603459958997774,0.3775274361199803,1,0.00260392,16.39,4.91156798,0.78047619,0.01256242,21,1.0,3.39,0.05460696
1556,BE0974293251,2021-06-08,0,64.7,64.05,0.020153986096460838,0.020388267655411386,0.02015498609646084,0.3775274361199803,1,0.00023428,11.48,2.98362196,0.54666667,0.00877829,21,1.0,1.21,0.01987843
1557,BE0974293251,2021-06-09,0,64.74,63.37,0.028935167591226323,0.0333435961156129,0.028936167591226324,0.3775274361199803,1,0.00440843,18.52,5.47623959,0.88190476,0.01403579,21,1.0,2.99,0.04847601
1558,BE0974293251,2021-06-10,0,64.53,62.85,0.021857770732346498,0.02390845714101221,0.0218587707323465,0.3775274361199803,1,0.00205069,17.19,4.51299236,0.81857143,0.01298615,21,1.0,1.92,0.02965709
1559,BE0974293251,2021-06-11,0,64.56,64.53,0.03225985736015184,0.03402453349967904,0.03226085736015184,0.3775274361199803,1,0.00176468,9.5,2.60207609,0.45238095,0.00722829,21,1.0,1.2,0.01873536
1560,BE0974293251,2021-06-14,0,64.61,63.37,0.03134393859049057,0.03350840419764451,0.03134493859049057,0.3775274361199803,1,0.00216447,25.14,7.00444145,1.19714286,0.01887619,21,1.0,3.26,0.05262308
1561,BE0974293251,2021-06-15,0,65.21,64.61,0.029996599261150617,0.03147917372224484,0.02999759926115062,0.3775274361199803,1,0.00148257,9.38,2.61465103,0.44666667,0.00711324,21,1.0,1.2,0.01873536
1562,BE0974293251,2021-06-16,0,64.21,64.61,0.03231344958518066,0.03291349972715219,0.03231444958518066,0.3775274361199803,1,0.00060005,13.05,3.78313362,0.62142857,0.00983627,21,1.0,1.85,0.02859351
1567,BE0974293251,2021-06-23,0,62.98,63.89,-0.004191978536483994,-0.00154936837761627,-0.004190978536483994,0.3775274361199803,1,0.00264261,11.17,3.17611398,0.53190476,0.00836991,21,1.0,1.6,0.02523659
1565,BE0974293251,2021-06-21,0,63.77,63.4,0.02324992456188268,0.029117965087163723,0.023250924561882682,0.3775274361199803,1,0.00586804,10.51,3.06073521,0.50047619,0.00787693,21,1.0,1.6,0.02523659
1564,BE0974293251,2021-06-18,0,63.4,65.0,0.025748985282437978,0.03152100895014723,0.02574998528243798,0.3775274361199803,1,0.00577202,10.76,3.10090309,0.51238095,0.00807469,21,1.0,1.6,0.02523659
1563,BE0974293251,2021-06-17,0,65.0,65.21,0.034522356082210395,0.034743068488437404,0.034523356082210396,0.3775274361199803,1,0.00022071,12.11,3.6102216,0.57666667,0.00908942,21,1.0,1.85,0.02859351
1566,BE0974293251,2021-06-22,0,63.89,63.77,0.008054844632856557,0.027718801997511786,0.008055844632856557,0.3775274361199803,1,0.01966396,10.61,3.06302138,0.5052381,0.00795107,21,1.0,1.6,0.02523659
1568,BE0974293251,2021-06-24,0,63.31,63.77,0.005034850630311901,0.008921641501158938,0.005035850630311901,0.3775274361199803,1,0.00388679,14.99,4.13641149,0.71380952,0.01119076,21,1.0,1.89,0.0291937
1569,BE0974293251,2021-06-25,0,63.08,63.77,0.008048637942992556,0.021458424588274766,0.008049637942992556,0.3775274361199803,1,0.01340979,17.9,4.86672374,0.85238095,0.01335968,21,1.0,2.02,0.03207367
1570,BE0974293251,2021-06-28,0,62.06,63.08,0.003417731198993701,0.007336121536181209,0.0034187311989937012,0.3775274361199803,1,0.00391839,12.32,3.34687914,0.58666667,0.00924535,21,1.0,1.6,0.02523659
1571,BE0974293251,2021-06-29,0,61.5,63.08,0.010156236923304559,0.011627436375570472,0.010157236923304558,0.3775274361199803,1,0.0014712,15.1,4.15764356,0.71904762,0.01132772,21,1.0,1.85,0.02859351
1572,BE0974293251,2021-06-30,0,60.81,63.08,0.016569550768692563,0.021079404029483512,0.016570550768692564,0.3775274361199803,1,0.00450985,19.43,5.14426866,0.9252381,0.01463509,21,1.0,2.27,0.03732939
1573,BE0974293251,2021-07-01,0,60.98,60.81,0.015076086438439502,0.018191072372883126,0.015077086438439502,0.3775274361199803,1,0.00311499,11.15,3.12398784,0.53095238,0.00837878,21,1.0,1.6,0.02523659
1574,BE0974293251,2021-07-02,0,60.31,60.98,0.0032351474517151573,0.006405027866673998,0.0032361474517151574,0.3775274361199803,1,0.00316988,11.27,3.1473322,0.53666667,0.00849088,21,1.0,1.6,0.02523659
1575,BE0974293251,2021-07-05,0,60.44,60.31,-0.007904186846937375,0.01003333714229436,-0.007903186846937376,0.3775274361199803,1,0.01793752,11.37,3.14987301,0.54142857,0.00857057,21,1.0,1.6,0.02523659
1576,BE0974293251,2021-07-06,0,59.44,60.44,-0.005511745304830431,0.002102781705600177,-0.005510745304830431,0.3775274361199803,1,0.00761453,11.17,3.07923692,0.53190476,0.00847954,21,1.0,1.6,0.02523659
1577,BE0974293251,2021-07-07,0,59.78,62.82,0.027534906546739037,0.02918590381581554,0.02753590654673904,0.3775274361199803,1,0.001651,44.64,10.92008242,2.12571429,0.03374508,21,1.0,3.93,0.06611709
1580,BE0974293251,2021-07-12,0,58.57,60.31,0.023661617161499754,0.04537634879419573,0.023662617161499755,0.3775274361199803,1,0.02171473,36.01,8.65355996,1.7147619,0.02801306,21,1.0,3.08,0.05064956
1579,BE0974293251,2021-07-09,0,58.88,60.31,0.027914209853407344,0.04052868702559317,0.027915209853407345,0.3775274361199803,1,0.01261448,30.16,7.34992517,1.43619048,0.02335597,21,1.0,2.77,0.04592936
1583,BE0974293251,2021-07-15,0,58.2,58.83,0.023163951704461096,0.047276787078195895,0.023164951704461097,0.3775274361199803,1,0.02411284,14.03,3.59192149,0.66809524,0.01091749,21,1.0,1.58,0.02569106
1584,BE0974293251,2021-07-16,0,58.32,58.77,0.005478840926332026,0.029381726946960875,0.005479840926332026,0.3775274361199803,1,0.02390289,14.27,3.61390371,0.67952381,0.01113108,21,1.0,1.58,0.02569106
1585,BE0974293251,2021-07-19,0,56.0,58.2,0.013854847518151884,0.05911244241686678,0.013855847518151884,0.3775274361199803,1,0.04525759,15.66,4.15261363,0.74571429,0.01239344,21,1.0,2.2,0.03928571
1600,BE0974293251,2021-08-09,0,51.81,52.49,0.011771959779798566,0.015789026753028745,0.011772959779798566,0.3775274361199803,1,0.00401707,13.05,4.71977754,0.62142857,0.01122675,21,1.0,3.27,0.05961714
1601,BE0974293251,2021-08-10,0,52.09,51.81,-0.009350897562943519,-0.004105577543339302,-0.00934989756294352,0.3775274361199803,1,0.00524532,13.02,4.71790208,0.62,0.01123068,21,1.0,3.27,0.05961714
1603,BE0974293251,2021-08-12,0,52.46,52.49,-0.004812870783010802,0.011660094910911916,-0.004811870783010802,0.3775274361199803,1,0.01647297,34.6,10.99660857,1.64761905,0.03037152,21,1.0,5.71,0.10894867
1602,BE0974293251,2021-08-11,0,52.21,52.09,-0.010197146203364791,-0.00885979615789614,-0.010196146203364792,0.3775274361199803,1,0.00133735,12.88,4.7122606,0.61333333,0.01112967,21,1.0,3.27,0.05961714
1604,BE0974293251,2021-08-13,0,52.67,54.46,0.009019950196947733,0.03892927719208084,0.009020950196947732,0.3775274361199803,1,0.02990933,59.23,15.17694633,2.82047619,0.05036925,20,0.952381,5.95,0.10230399
1605,BE0974293251,2021-08-16,0,52.65,54.56,0.0183251222884114,0.03953536798559415,0.018326122288411403,0.3775274361199803,1,0.02121025,54.17,14.20215125,2.57952381,0.04620445,20,0.952381,5.24,0.09009629
1606,BE0974293251,2021-08-17,0,52.55,52.65,0.008181029118280883,0.013631204203839455,0.008182029118280882,0.3775274361199803,1,0.00545018,10.39,4.07395385,0.4947619,0.00906941,21,1.0,3.27,0.05961714
1607,BE0974293251,2021-08-18,0,52.38,52.65,0.00630531291477646,0.007002192100910791,0.00630631291477646,0.3775274361199803,1,0.00069688,18.55,6.74451629,0.88333333,0.01629364,21,1.0,4.72,0.08838951
1608,BE0974293251,2021-08-19,0,50.85,52.38,-0.004403920524247411,0.007536545973896851,-0.0044029205242474105,0.3775274361199803,1,0.01194047,10.05,4.06611608,0.47857143,0.0089705,21,1.0,3.27,0.05961714
1609,BE0974293251,2021-08-20,0,51.31,50.85,0.0022535146393891543,0.0064219657721859445,0.0022545146393891545,0.3775274361199803,1,0.00416845,10.35,4.08892406,0.49285714,0.00926578,21,1.0,3.27,0.05961714
1610,BE0974293251,2021-08-23,0,51.65,54.02,0.019537041833514932,0.05562959855060816,0.019538041833514933,0.3775274361199803,1,0.03609256,39.32,12.05971807,1.87238095,0.03417059,20,0.952381,6.04,0.10376224
1611,BE0974293251,2021-08-24,0,51.67,53.56,0.014742943057775132,0.04381919137091865,0.01474394305777513,0.3775274361199803,1,0.02907625,38.25,10.61761273,1.82142857,0.03383804,20,0.952381,5.92,0.10185822
1612,BE0974293251,2021-08-25,0,51.57,54.83,0.01021002512284412,0.051613402969429185,0.010211025122844119,0.3775274361199803,1,0.04140338,27.25,8.27673245,1.29761905,0.02425102,20,0.952381,5.69,0.09790089
1613,BE0974293251,2021-08-26,0,51.67,50.85,0.012929479092297953,0.05039859392141738,0.012930479092297952,0.3775274361199803,1,0.03746911,15.82,4.34016129,0.75333333,0.01430647,21,1.0,2.68,0.04886053
1614,BE0974293251,2021-08-27,0,51.72,51.57,0.0022495095017609074,0.056860794778528456,0.0022505095017609075,0.3775274361199803,1,0.05461129,15.54,5.75633564,0.74,0.01411495,20,0.952381,4.72,0.08838951
1615,BE0974293251,2021-08-30,0,51.86,51.67,-0.02387851141596198,0.022705482546634417,-0.02387751141596198,0.3775274361199803,1,0.04658399,11.01,3.30046966,0.52428571,0.01008038,20,0.952381,1.77,0.03343166
1616,BE0974293251,2021-08-31,0,51.99,51.67,-0.03718251719681013,0.003819546723915559,-0.03718151719681013,0.3775274361199803,1,0.04100206,12.96,3.92219326,0.61714286,0.01188527,21,1.0,2.44,0.046556
1617,BE0974293251,2021-09-01,0,52.44,51.86,-0.05793089725068972,-0.0327076711025622,-0.05792989725068972,0.3775274361199803,1,0.02522323,9.1,2.68130565,0.43333333,0.00836696,20,0.952381,1.7,0.03343166
1618,BE0974293251,2021-09-02,0,51.14,51.99,-0.05844898388166791,-0.055346738471838484,-0.05844798388166791,0.3775274361199803,1,0.00310225,9.12,2.68756395,0.43428571,0.008402,20,0.952381,1.7,0.03343166
1619,BE0974293251,2021-09-03,0,50.29,51.99,-0.06834754177527347,-0.007720248759874461,-0.06834654177527347,0.3775274361199803,1,0.06062729,20.04,5.78383956,0.95428571,0.01845309,20,0.952381,3.16,0.06115734
1620,BE0974293251,2021-09-06,0,50.25,51.14,-0.07141104663422576,-0.06865448770322696,-0.07141004663422576,0.3775274361199803,1,0.00275656,11.91,3.54681547,0.56714286,0.0110544,20,0.952381,2.15,0.04275204
1621,BE0974293251,2021-09-07,0,50.21,50.25,-0.07154122215400444,-0.021351265045448247,-0.07154022215400443,0.3775274361199803,1,0.05018996,11.7,3.23715925,0.55714286,0.01080638,21,1.0,1.61,0.03166175
1622,BE0974293251,2021-09-08,0,49.7,50.21,-0.0727623717019025,0.005424265483748743,-0.0727613717019025,0.3775274361199803,1,0.07818664,15.39,4.09889009,0.73285714,0.01416184,21,1.0,2.47,0.0471554
1623,BE0974293251,2021-09-09,0,48.925,51.67,-0.05999593263444533,-0.013187286125208385,-0.05999493263444533,0.3775274361199803,1,0.04680865,19.045,5.0687893,0.90690476,0.01774169,21,1.0,2.745,0.05610629
1624,BE0974293251,2021-09-10,0,48.75,48.92,-0.06335729557809586,-0.0243945648143178,-0.06335629557809586,0.3775274361199803,1,0.03896273,11.675,3.41893624,0.55595238,0.01083995,20,0.952381,1.7,0.03343166
1625,BE0974293251,2021-09-13,0,49.47,48.75,-0.056600519651498996,0.02054768240375864,-0.056599519651498995,0.3775274361199803,1,0.0771482,15.425,3.78768069,0.73452381,0.01432336,21,1.0,1.59,0.03067847
1626,BE0974293251,2021-09-14,0,48.64,48.75,-0.05322560249221819,0.020556659013968956,-0.053224602492218186,0.3775274361199803,1,0.07378226,14.995,3.92988868,0.71404762,0.01395758,21,1.0,2.13,0.04235434
1627,BE0974293251,2021-09-15,0,48.175,48.64,-0.041377120825413706,0.05875402966339002,-0.041376120825413705,0.3775274361199803,1,0.10013115,18.05,5.20401287,0.85952381,0.01686888,21,1.0,2.47,0.0471554
1628,BE0974293251,2021-09-16,0,48.405,48.17,-0.029260284388366132,0.030367632097768174,-0.02925928438836613,0.3775274361199803,1,0.05962792,15.305,4.19136911,0.72880952,0.01439224,21,1.0,2.56,0.05251282
1629,BE0974293251,2021-09-17,0,48.995,48.17,-0.027680377922176688,0.01963683686447423,-0.027679377922176687,0.3775274361199803,1,0.04731721,12.42,3.65041094,0.59142857,0.01181967,20,0.952381,2.15,0.04275204
1630,BE0974293251,2021-09-20,0,48.85,48.4,-0.033571067188695604,-0.017604243975433042,-0.0335700671886956,0.3775274361199803,1,0.01596682,11.46,3.20582283,0.54571429,0.01092332,20,0.952381,1.3,0.02688116
1631,BE0974293251,2021-09-21,0,49.325,48.17,-0.03718930602456769,-0.013278364528210579,-0.03718830602456769,0.3775274361199803,1,0.02391094,13.685,3.76827878,0.65166667,0.01301532,21,1.0,1.59,0.03121893
1632,BE0974293251,2021-09-22,0,49.99,48.17,-0.036593933822578265,0.054657900996548575,-0.036592933822578264,0.3775274361199803,1,0.09125183,18.655,5.28798875,0.88833333,0.01774051,21,1.0,2.675,0.05552673
1633,BE0974293251,2021-09-23,0,49.995,48.17,-0.03588093469483251,0.06373868152743517,-0.035879934694832506,0.3775274361199803,1,0.09961962,23.78,6.67965942,1.13238095,0.02264675,21,1.0,3.8,0.07778915
1634,BE0974293251,2021-09-24,0,49.555,48.17,-0.03252747969457867,0.04128616846168259,-0.03252647969457867,0.3775274361199803,1,0.07381365,17.455,5.08433624,0.83119048,0.01663419,21,1.0,3.135,0.06355803
1635,BE0974293251,2021-09-27,0,50.65,48.17,-0.02819781606872837,0.08233845647649017,-0.02819681606872837,0.3775274361199803,1,0.11053627,22.235,6.05709295,1.05880952,0.02112705,21,1.0,2.675,0.05350535
1639,BE0974293251,2021-10-01,0,48.695,49.72,-0.01923927557164378,0.04098511746138794,-0.01923827557164378,0.3775274361199803,1,0.06022439,13.605,3.50981837,0.64785714,0.01309619,21,1.0,1.59,0.03180636
1638,BE0974293251,2021-09-30,0,49.145,49.72,-0.022248691333904707,-0.021447558705172946,-0.022247691333904706,0.3775274361199803,1,0.00080113,10.84,2.82973497,0.51619048,0.01039043,21,1.0,1.3,0.02542041
1640,BE0974293251,2021-10-04,0,48.585,48.69,-0.026816205768168434,-0.01723293988141644,-0.026815205768168433,0.3775274361199803,1,0.00958327,9.25,2.41100601,0.44047619,0.00892294,21,1.0,1.09,0.02152024
1641,BE0974293251,2021-10-05,0,48.36,48.58,-0.04365211568615475,-0.03552546828095795,-0.04365111568615475,0.3775274361199803,1,0.00812665,9.43,2.42069205,0.44904762,0.00910166,21,1.0,1.09,0.02152024
1637,BE0974293251,2021-09-29,0,49.72,48.17,-0.021447558705172946,0.024106300942338246,-0.021446558705172945,0.3775274361199803,1,0.04555386,17.195,4.63509169,0.81880952,0.01640662,21,1.0,2.095,0.04227626
1642,BE0974293251,2021-10-06,0,47.52,48.36,-0.04117778921550939,-0.037694512849425356,-0.041176789215509386,0.3775274361199803,1,0.00348328,10.23,2.56198165,0.48714286,0.00990548,21,1.0,1.09,0.02152024
1636,BE0974293251,2021-09-28,0,50.34,51.67,-0.02719509580843844,0.05186436808442694,-0.02719409580843844,0.3775274361199803,1,0.07905946,19.755,5.58470903,0.94071429,0.01879132,21,1.0,2.765,0.05605677
1644,BE0974293251,2021-10-08,0,47.515,47.52,-0.007436333993715505,0.05072176027424247,-0.0074353339937155045,0.3775274361199803,1,0.05815809,11.735,3.05353484,0.55880952,0.01139462,21,1.0,1.645,0.0337817
1643,BE0974293251,2021-10-07,0,47.895,47.52,-0.030287004437663398,-0.0223584513236192,-0.030286004437663397,0.3775274361199803,1,0.00792855,10.095,2.53855766,0.48071429,0.00978967,21,1.0,1.09,0.02152024
1645,BE0974293251,2021-10-11,0,47.345,47.51,-0.005613286024079029,0.028719165764649706,-0.005612286024079029,0.3775274361199803,1,0.03433245,9.32,2.45672546,0.44380952,0.00902737,21,1.0,1.155,0.02341612
1646,BE0974293251,2021-10-12,0,47.0,47.51,-0.011178833767857667,0.011068379761112395,-0.011177833767857668,0.3775274361199803,1,0.02224721,13.57,3.37555921,0.64619048,0.01321265,21,1.0,1.295,0.02688116
1647,BE0974293251,2021-10-13,0,48.035,47.35,-0.00018780024811710315,0.01821669592565462,-0.00018680024811710316,0.3775274361199803,1,0.0184045,13.075,3.256244,0.62261905,0.01271743,21,1.0,1.55,0.03117458
1648,BE0974293251,2021-10-14,0,48.695,48.69,-0.006554941401215943,0.07692614865487422,-0.006553941401215943,0.3775274361199803,1,0.08348109,29.565,7.73854153,1.40785714,0.02904311,21,1.0,3.135,0.06597916
1649,BE0974293251,2021-10-15,0,47.91,47.0,0.005793522212878957,0.07235020640303316,0.005794522212878957,0.3775274361199803,1,0.06655668,15.9,4.40207905,0.75714286,0.01541545,21,1.0,2.01,0.03968411
1650,BE0974293251,2021-10-18,0,47.675,47.91,0.00771742408062059,0.010411956829785893,0.00771842408062059,0.3775274361199803,1,0.00269453,9.925,2.54260201,0.47261905,0.00969226,21,1.0,1.09,0.02154679
1651,BE0974293251,2021-10-19,0,47.715,48.695,0.025634962744855397,0.047382116200988304,0.025635962744855398,0.3775274361199803,1,0.02174715,18.87,4.88369737,0.89857143,0.01826641,21,1.0,1.825,0.03650365
1653,BE0974293251,2021-10-21,0,48.195,50.34,0.02873436434734954,0.11127643928618007,0.02873536434734954,0.3775274361199803,1,0.08254207,20.86,5.47856277,0.99333333,0.02029403,21,1.0,2.48,0.04896347
1654,BE0974293251,2021-10-22,0,48.23,47.0,0.02572298785071279,0.07777471185696201,0.025723987850712792,0.3775274361199803,1,0.05205172,16.815,4.80756955,0.80071429,0.01665657,21,1.0,2.625,0.05501415
1655,BE0974293251,2021-10-25,0,48.535,48.695,0.02619453945959333,0.08945114818817347,0.026195539459593332,0.3775274361199803,1,0.06325661,17.915,4.84630014,0.85309524,0.01765615,21,1.0,2.085,0.0435191
1656,BE0974293251,2021-10-26,0,49.335,48.23,0.029426352841095578,0.032215307666191934,0.02942735284109558,0.3775274361199803,1,0.00278895,14.59,3.68892938,0.6947619,0.01431611,21,1.0,1.695,0.0348085
1657,BE0974293251,2021-10-27,0,49.36,49.335,0.026371610758447087,0.027219296567426644,0.026372610758447088,0.3775274361199803,1,0.00084769,9.535,2.51344883,0.45404762,0.00938904,21,1.0,1.035,0.02154679
1660,BE0974293251,2021-11-01,0,52.2,54.46,-0.0019803572088030984,0.028955277577107377,-0.0019793572088030982,0.3775274361199803,1,0.03093563,22.28,7.30330062,1.06095238,0.02094326,21,1.0,5.125,0.09410577
1659,BE0974293251,2021-10-29,0,52.77,54.46,0.006216012262561588,0.033826150069541726,0.006217012262561588,0.3775274361199803,1,0.02761014,15.13,5.87098799,0.72047619,0.01422249,21,1.0,5.1,0.09364671
1661,BE0974293251,2021-11-02,0,51.94,54.46,0.014758127733569059,0.031749940426246986,0.014759127733569058,0.3775274361199803,1,0.01699181,27.695,8.5517849,1.31880952,0.02600174,21,1.0,5.925,0.10879545
1662,BE0974293251,2021-11-03,0,52.15,51.94,0.008289166559189789,0.014416442437086934,0.008290166559189788,0.3775274361199803,1,0.00612728,15.39,5.8854609,0.73285714,0.01440811,21,1.0,5.1,0.09364671
1664,BE0974293251,2021-11-05,0,52.45,51.5,0.009678838527529418,0.011067314662687178,0.009679838527529417,0.3775274361199803,1,0.00138848,15.775,5.9259957,0.75119048,0.01465703,21,1.0,5.1,0.09364671
1663,BE0974293251,2021-11-04,0,51.5,51.94,0.010204451966059926,0.013484640011994247,0.010205451966059926,0.3775274361199803,1,0.00328019,21.645,7.25751163,1.03071429,0.02021579,21,1.0,5.125,0.09410577
1665,BE0974293251,2021-11-08,0,51.89,49.335,0.017058665640869903,0.04367989721772445,0.017059665640869904,0.3775274361199803,1,0.02662123,47.325,13.13577463,2.25357143,0.04408475,21,1.0,6.55,0.12027176
1666,BE0974293251,2021-11-09,0,51.81,52.45,0.013591792421385095,0.014667494617342632,0.013592792421385095,0.3775274361199803,1,0.0010757,21.95,7.26628516,1.0452381,0.02040875,21,1.0,5.125,0.09410577
1668,BE0974293251,2021-11-11,0,52.43,52.47,0.007445963746390013,0.013451526256291582,0.007446963746390013,0.3775274361199803,1,0.00600556,15.18,5.87413398,0.72285714,0.01394734,21,1.0,5.1,0.09364671
1667,BE0974293251,2021-11-10,0,52.47,51.81,0.013451526256291582,0.013570720516675771,0.013452526256291581,0.3775274361199803,1,0.00011919,16.175,5.96448447,0.7702381,0.01493704,21,1.0,5.1,0.09364671
1670,BE0974293251,2021-11-15,0,52.64,51.5,0.018539495293575903,0.026766801695789284,0.018540495293575904,0.3775274361199803,1,0.00822731,39.365,11.68424687,1.87452381,0.03606301,21,1.0,6.745,0.12385237
1669,BE0974293251,2021-11-12,0,52.25,52.43,0.0017952723919550625,0.010245822146961812,0.0017962723919550624,0.3775274361199803,1,0.00845055,14.695,5.83914591,0.6997619,0.01346108,21,1.0,5.1,0.09364671
1671,BE0974293251,2021-11-16,0,53.02,51.89,0.01902079597515112,0.020069785904436005,0.01902179597515112,0.3775274361199803,1,0.00104899,35.45,10.49609451,1.68809524,0.03250608,21,1.0,5.745,0.10549027
1672,BE0974293251,2021-11-17,0,52.51,53.02,0.00952119621327415,0.017991754103792196,0.009522196213274148,0.3775274361199803,1,0.00847056,14.915,5.82916589,0.7102381,0.01356279,21,1.0,5.1,0.09364671
1673,BE0974293251,2021-11-18,0,52.04,52.51,0.006125229560336419,0.009751213053084996,0.006126229560336419,0.3775274361199803,1,0.00362598,14.385,5.76195062,0.685,0.01301536,21,1.0,5.1,0.09364671
1674,BE0974293251,2021-11-19,0,51.86,53.02,0.012788411148952093,0.018069804766299526,0.012789411148952093,0.3775274361199803,1,0.00528139,23.865,8.2540278,1.13642857,0.02170031,21,1.0,5.925,0.10879545
1675,BE0974293251,2021-11-22,0,52.44,53.02,0.01573177922273048,0.017040762894940605,0.015732779222730482,0.3775274361199803,1,0.00130898,27.115,9.17681726,1.29119048,0.02462279,21,1.0,6.23,0.11439589
1676,BE0974293251,2021-11-23,0,52.04,53.02,0.015446757451593714,0.019598547066550797,0.015447757451593713,0.3775274361199803,1,0.00415179,31.26,10.20890298,1.48857143,0.02838363,21,1.0,6.265,0.11503856
1677,BE0974293251,2021-11-24,0,52.38,51.86,0.017793256585339538,0.017931877260468618,0.01779425658533954,0.3775274361199803,1,0.00013862,22.62,8.17355798,1.07714286,0.02045118,20,0.952381,5.925,0.10879545
1678,BE0974293251,2021-11-25,0,54.35,52.44,0.027304753373006287,0.027494428945963836,0.027305753373006288,0.3775274361199803,1,0.00018968,23.4,8.31734633,1.11428571,0.02103449,20,0.952381,5.925,0.10879545
1679,BE0974293251,2021-11-26,0,51.19,50.25,0.02412185120771424,0.028448427545096876,0.024122851207714242,0.3775274361199803,1,0.00432658,18.26,5.5344015,0.86952381,0.01649241,20,0.952381,4.06,0.07470101
1680,BE0974293251,2021-11-29,0,50.84,49.145,0.02706233409335631,0.02855424624172414,0.02706333409335631,0.3775274361199803,1,0.00149191,55.88,13.01794915,2.66095238,0.05081816,21,1.0,4.235,0.08045213
1681,BE0974293251,2021-11-30,0,49.255,51.86,-3.403900855896147e-06,0.01930435738864073,-2.4039008558961467e-06,0.3775274361199803,1,0.01930776,14.355,4.61030639,0.68357143,0.01317762,20,0.952381,2.78,0.05288803
1682,BE0974293251,2021-12-01,0,49.755,51.99,0.004980120750683099,0.022978821233614076,0.004981120750683099,0.3775274361199803,1,0.0179987,15.45,4.99505255,0.73571429,0.01427151,20,0.952381,2.78,0.05288803
1683,BE0974293251,2021-12-02,0,49.91,50.84,0.001314292612774406,0.01753709891039047,0.001315292612774406,0.3775274361199803,1,0.01622281,17.91,6.2809434,0.85285714,0.01670641,20,0.952381,5.095,0.10344127
1684,BE0974293251,2021-12-03,0,49.76,49.91,0.020731557480872954,0.02622454308881053,0.020732557480872955,0.3775274361199803,1,0.00549299,13.59,4.4622584,0.64714286,0.01249877,21,1.0,3.16,0.06173081
1686,BE0974293251,2021-12-07,0,52.13,51.72,0.008392992987731543,0.02696526865905742,0.008393992987731542,0.3775274361199803,1,0.01857228,16.29,4.84397048,0.77571429,0.01516846,20,0.952381,2.055,0.04172165
1688,BE0974293251,2021-12-09,0,50.96,51.14,0.018918989721432137,0.022439958194885364,0.018919989721432138,0.3775274361199803,1,0.00352097,18.68,5.85494236,0.88952381,0.01733655,20,0.952381,3.5,0.06439742
1687,BE0974293251,2021-12-08,0,50.9,51.86,0.01845191500230947,0.0343835408345579,0.018452915002309472,0.3775274361199803,1,0.01593163,15.66,4.67520588,0.74571429,0.0146052,20,0.952381,2.055,0.04172165
1689,BE0974293251,2021-12-10,0,51.04,52.44,0.013142590931322407,0.025406959085772503,0.013143590931322406,0.3775274361199803,1,0.01226437,17.46,4.95034847,0.83142857,0.01630207,20,0.952381,2.055,0.04172165
1690,BE0974293251,2021-12-13,0,50.86,50.9,0.014290161276033386,0.015233745131660365,0.014291161276033386,0.3775274361199803,1,0.00094358,23.49,7.21880877,1.11857143,0.02189517,20,0.952381,5.095,0.10344127
1691,BE0974293251,2021-12-14,0,51.55,50.96,0.014290161276033386,0.017809385065176476,0.014291161276033386,0.3775274361199803,1,0.00351922,23.91,7.24088392,1.13857143,0.02228639,20,0.952381,5.095,0.10344127
1692,BE0974293251,2021-12-15,0,50.83,50.21,0.005193490303568008,0.012283561579915963,0.005194490303568008,0.3775274361199803,1,0.00709007,18.61,5.19679228,0.88619048,0.01740219,21,1.0,2.395,0.04862451
1693,BE0974293251,2021-12-16,0,52.39,50.83,-0.013145178640750519,-0.00962778420118522,-0.01314417864075052,0.3775274361199803,1,0.00351739,16.73,5.27758941,0.79666667,0.01544119,21,1.0,3.16,0.06173081
1694,BE0974293251,2021-12-17,0,53.16,51.86,-0.013842523967235088,0.0341122941050476,-0.013841523967235089,0.3775274361199803,1,0.04795482,21.95,6.57882588,1.0452381,0.02057317,21,1.0,2.955,0.05999391
1695,BE0974293251,2021-12-20,0,52.0,51.99,-0.007812441504059242,0.02501021118263417,-0.007811441504059242,0.3775274361199803,1,0.03282265,20.74,6.46472351,0.98761905,0.01946209,21,1.0,2.955,0.05999391
1696,BE0974293251,2021-12-21,0,52.99,52.44,0.008414939051973373,0.02183485724160715,0.008415939051973373,0.3775274361199803,1,0.01341992,21.26,6.48800817,1.01238095,0.0199291,21,1.0,2.955,0.05999391
1697,BE0974293251,2021-12-22,0,52.93,51.14,0.015604043167296935,0.032572584141415895,0.015605043167296934,0.3775274361199803,1,0.01696854,22.84,6.72712792,1.08761905,0.02134734,21,1.0,2.955,0.05999391
1698,BE0974293251,2021-12-23,0,53.66,52.93,0.012439321001322789,0.01782422882276959,0.012440321001322788,0.3775274361199803,1,0.00538491,18.47,5.5174949,0.87952381,0.01698751,21,1.0,3.16,0.06173081
1700,BE0974293251,2021-12-27,0,53.45,52.07,-0.0006438510923170017,0.031704517255626195,-0.0006428510923170016,0.3775274361199803,1,0.03234837,40.072,11.49324158,1.90819048,0.03715502,21,1.0,4.71,0.0913676
1702,BE0974293251,2021-12-29,0,52.92,53.25,-0.008885364060196795,-0.007404754789819369,-0.008884364060196796,0.3775274361199803,1,0.00148061,12.565,3.78297832,0.59833333,0.01150028,21,1.0,2.28,0.04381245
1701,BE0974293251,2021-12-28,0,53.25,51.81,-0.0010635065504827769,0.004978735277264546,-0.001062506550482777,0.3775274361199803,1,0.00604224,40.035,10.01338479,1.90642857,0.03699765,21,1.0,4.41,0.0845962
1703,BE0974293251,2021-12-30,0,53.48,52.43,0.0028090587906172493,0.00444579978530709,0.0028100587906172494,0.3775274361199803,1,0.00163674,37.56,9.67106251,1.78857143,0.03451124,21,1.0,4.41,0.0845962
1699,BE0974293251,2021-12-24,0,53.24,51.86,0.0137514052201183,0.015320883177215004,0.013752405220118299,0.3775274361199803,1,0.00156948,30.22,7.56965323,1.43904762,0.02814619,21,1.0,2.995,0.06080601
1725,BE0974293251,2022-01-31,0,55.72,52.38,0.010199359658308734,0.022325264757979368,0.010200359658308733,0.3775274361199803,1,0.01212591,102.95,23.39263773,4.90238095,0.08542507,21,1.0,7.17,0.12156663
1724,BE0974293251,2022-01-28,0,56.02,56.73,0.011649831631268693,0.02506970055707437,0.011650831631268692,0.3775274361199803,1,0.01341987,73.01,17.88584636,3.47666667,0.06059393,21,1.0,6.28,0.10549303
1726,BE0974293251,2022-02-01,0,56.43,56.02,0.009901132619451953,0.04805779964634894,0.009902132619451953,0.3775274361199803,1,0.03815667,23.66,6.33905356,1.12666667,0.01973319,21,1.0,3.2,0.05676778
1727,BE0974293251,2022-02-02,0,56.36,56.02,0.011145169711133864,0.06332040924611619,0.011146169711133863,0.3775274361199803,1,0.05217524,27.99,6.87759406,1.33285714,0.02326061,21,1.0,3.06,0.05140265
1728,BE0974293251,2022-02-03,0,54.47,56.02,0.030831482476682284,0.05190507657061797,0.030832482476682285,0.3775274361199803,1,0.02107359,28.64,7.33471199,1.36380952,0.0238094,21,1.0,2.89,0.04854695
1729,BE0974293251,2022-02-04,0,53.23,56.02,0.041702041800402684,0.04495890698701154,0.041703041800402685,0.3775274361199803,1,0.00325687,36.73,9.33718908,1.74904762,0.03073147,21,1.0,3.5,0.06223609
1730,BE0974293251,2022-02-07,0,53.79,53.23,0.035214192068884584,0.0413439236460512,0.035215192068884585,0.3775274361199803,1,0.00612973,15.85,4.36615391,0.7547619,0.01336092,21,1.0,1.89,0.034698
1731,BE0974293251,2022-02-08,0,54.54,54.47,0.0394347447506089,0.039579810177849485,0.0394357447506089,0.3775274361199803,1,0.00014507,29.95,7.47778711,1.42619048,0.02518199,21,1.0,3.2,0.06011648
1732,BE0974293251,2022-02-09,0,53.93,56.02,0.04139586574655306,0.06220123521405389,0.04139686574655306,0.3775274361199803,1,0.02080537,50.68,11.92960184,2.41333333,0.04269023,21,1.0,4.0,0.07195191
1744,BE0974293251,2022-02-25,0,58.25,54.38,0.046564752551561464,0.05046585719673281,0.046565752551561465,0.3775274361199803,1,0.0039011,20.57,6.02621772,0.97952381,0.01762375,21,1.0,3.87,0.06643777
1745,BE0974293251,2022-02-28,0,55.14,55.87,0.04721138165468325,0.06068938624184625,0.04721238165468325,0.3775274361199803,1,0.013478,34.36,8.95312236,1.63619048,0.02975318,20,0.952381,4.07,0.07566462
1751,BE0974293251,2022-03-08,0,48.5,48.96,0.019907892571968615,0.05395341815813282,0.019908892571968616,0.3775274361199803,1,0.03404553,24.31,6.99534845,1.15761905,0.02133192,21,1.0,3.87,0.06643777
1750,BE0974293251,2022-03-07,0,48.96,50.69,0.033659685754329934,0.07519600049338275,0.033660685754329935,0.3775274361199803,1,0.04153631,24.41,7.00263522,1.16238095,0.02137603,21,1.0,3.87,0.06643777
1752,BE0974293251,2022-03-09,0,51.79,48.5,0.012769674656745807,0.027882927307244957,0.012770674656745806,0.3775274361199803,1,0.01511325,26.85,7.69392618,1.27857143,0.02370213,21,1.0,3.87,0.06643777
1753,BE0974293251,2022-03-10,0,50.79,51.79,0.005022210755827039,0.02020107803374822,0.005023210755827039,0.3775274361199803,1,0.01517887,27.24,7.73462346,1.29714286,0.02410108,21,1.0,3.87,0.06643777
1754,BE0974293251,2022-03-11,0,51.62,54.35,0.004227941575030288,0.06415251524097988,0.004228941575030288,0.3775274361199803,1,0.05992457,49.99,12.99053886,2.38047619,0.04399657,20,0.952381,5.82,0.09991416
1756,BE0974293251,2022-03-15,0,52.24,52.29,0.04458390967772236,0.04480648315010027,0.04458490967772236,0.3775274361199803,1,0.00022257,25.35,7.42084227,1.20714286,0.02256155,21,1.0,3.87,0.06643777
1755,BE0974293251,2022-03-14,0,52.29,51.19,0.041840531775719676,0.06487741971713729,0.04184153177571968,0.3775274361199803,1,0.02303689,49.69,12.96163956,2.36619048,0.04380485,20,0.952381,5.82,0.09991416
1757,BE0974293251,2022-03-16,0,54.02,54.35,0.05100822258871446,0.05682315066258661,0.05100922258871446,0.3775274361199803,1,0.00581493,42.38,12.03212367,2.01809524,0.03754289,21,1.0,6.36,0.10918455
1760,BE0974293251,2022-03-21,0,54.5,54.83,0.043861840971263166,0.0540550474093825,0.04386284097126317,0.3775274361199803,1,0.01019321,26.06,7.56240702,1.24095238,0.02324047,21,1.0,3.87,0.06643777
1762,BE0974293251,2022-03-23,0,53.35,53.25,0.049254554618192274,0.05356430546224061,0.049255554618192275,0.3775274361199803,1,0.00430975,39.72,13.24899996,1.89142857,0.03480679,21,1.0,8.34,0.14317597
1761,BE0974293251,2022-03-22,0,54.44,52.92,0.04815051371104406,0.052652760450682096,0.048151513711044064,0.3775274361199803,1,0.00450225,44.01,12.37787946,2.09571429,0.03895609,21,1.0,6.21,0.10660944
1763,BE0974293251,2022-03-24,0,53.28,53.35,0.04801427700944253,0.04902866477268054,0.04801527700944253,0.3775274361199803,1,0.00101439,25.08,7.46948459,1.19428571,0.02241136,21,1.0,3.87,0.06643777
1764,BE0974293251,2022-03-25,0,53.97,53.28,0.045474852918780256,0.04941436358813623,0.04547585291878026,0.3775274361199803,1,0.00393951,24.99,7.4606233,1.19,0.02233714,21,1.0,3.87,0.06643777
1765,BE0974293251,2022-03-28,0,54.22,53.97,0.04550728932501821,0.050793691977499396,0.045508289325018214,0.3775274361199803,1,0.0052864,21.37,6.38329852,1.01761905,0.019393,21,1.0,3.29,0.06352578
1771,BE0974293251,2022-04-05,0,55.87,56.73,0.050676828057655124,0.052238863700630425,0.050677828057655125,0.3775274361199803,1,0.00156204,16.97,4.52487569,0.80809524,0.01515239,21,1.0,2.36,0.04865979
1772,BE0974293251,2022-04-06,0,54.77,55.87,0.033896456568256746,0.03470358701388539,0.03389745656825675,0.3775274361199803,1,0.00080713,17.39,5.05035642,0.82809524,0.01543124,21,1.0,3.29,0.06352578
1773,BE0974293251,2022-04-07,0,53.29,54.77,0.039248280535777676,0.041580548032377616,0.03924928053577768,0.3775274361199803,1,0.00233227,15.58,4.10760271,0.74190476,0.01372871,21,1.0,1.78,0.03295076
1776,BE0974293251,2022-04-12,0,53.97,50.69,0.0406040565245385,0.043783775266551105,0.0406050565245385,0.3775274361199803,1,0.00317972,25.4,6.71595116,1.20952381,0.0222595,21,1.0,3.28,0.0607745
1775,BE0974293251,2022-04-11,0,53.92,53.29,0.03826864234582261,0.039219325280853264,0.03826964234582261,0.3775274361199803,1,0.00095068,23.56,5.82441413,1.12190476,0.0206805,21,1.0,2.58,0.04841434
1774,BE0974293251,2022-04-08,0,54.37,57.9,0.041128671211797974,0.0639527883959316,0.041129671211797975,0.3775274361199803,1,0.02282412,22.91,6.39655376,1.09095238,0.02013621,21,1.0,3.53,0.06492551
1777,BE0974293251,2022-04-13,0,53.96,58.25,0.03490225483846836,0.053148216378223374,0.03490325483846836,0.3775274361199803,1,0.01824596,18.32,6.06954694,0.87238095,0.01610424,19,0.904762,4.29,0.07950334
1778,BE0974293251,2022-04-14,0,54.61,55.14,0.031469991714217674,0.04193595784176706,0.031470991714217675,0.3775274361199803,1,0.01046597,16.85,5.75502389,0.80238095,0.01480338,19,0.904762,4.29,0.07950334
1779,BE0974293251,2022-04-15,0,54.166,52.72,0.029273143914466084,0.0721664365383718,0.029274143914466085,0.3775274361199803,1,0.04289329,16.546,5.66998377,0.78790476,0.01453053,19,0.904762,4.29,0.07950334
1780,BE0974293251,2022-04-18,0,54.12519999999999,53.02,0.029954923768517744,0.07608580848777394,0.029955923768517745,0.3775274361199803,1,0.04613088,16.0512,5.55069212,0.76434286,0.0141133,19,0.904762,4.29,0.07950334
1781,BE0974293251,2022-04-19,0,54.58,52.35,0.0294128644038618,0.07903601615884431,0.0294138644038618,0.3775274361199803,1,0.04962315,16.4212,5.68537449,0.7819619,0.01443373,19,0.904762,4.29,0.07950334
1782,BE0974293251,2022-04-20,0,56.99,50.69,0.036656157037561005,0.05578906287505174,0.036657157037561006,0.3775274361199803,1,0.01913291,22.6912,8.4860228,1.08053333,0.01967157,19,0.904762,6.3,0.11054571
1784,BE0974293251,2022-04-22,0,55.52,52.72,0.056856061598652585,0.06418703461524004,0.056857061598652586,0.3775274361199803,1,0.00733097,28.4788,7.36844808,1.35613333,0.02468302,21,1.0,2.8,0.05043228
1783,BE0974293251,2022-04-21,0,57.52,56.99,0.03528680958314649,0.03761424565807949,0.03528780958314649,0.3775274361199803,1,0.00232744,14.9788,4.21967333,0.71327619,0.01293381,21,1.0,2.41,0.04228812
1787,BE0974293251,2022-04-27,0,54.83,54.39,0.04041155224379841,0.041066860037588464,0.04041255224379841,0.3775274361199803,1,0.00065531,26.7208,7.13515964,1.27241905,0.0231417,21,1.0,3.14,0.05892287
1785,BE0974293251,2022-04-25,0,54.76,52.72,0.04781523410305517,0.04863570259968483,0.04781623410305517,0.3775274361199803,1,0.00082047,27.0088,6.89746207,1.28613333,0.02344058,21,1.0,2.61,0.04822668
1786,BE0974293251,2022-04-26,0,54.99,53.02,0.047404810598606774,0.05258812575740935,0.047405810598606775,0.3775274361199803,1,0.00518332,26.7688,6.82435221,1.27470476,0.02320558,21,1.0,2.61,0.04822668
1790,BE0974293251,2022-05-02,0,53.68,55.4,0.030083618717094578,0.03601039579808177,0.03008461871709458,0.3775274361199803,1,0.00592678,16.6588,4.72519238,0.79327619,0.01439682,21,1.0,2.41,0.04228812
1788,BE0974293251,2022-04-28,0,54.46,54.83,0.020981840348731833,0.03328658021077085,0.020982840348731834,0.3775274361199803,1,0.01230474,15.6288,4.45478878,0.74422857,0.01348594,21,1.0,2.41,0.04228812
1789,BE0974293251,2022-04-29,0,55.4,54.46,0.03240281311829234,0.03716988102064528,0.03240381311829234,0.3775274361199803,1,0.00476707,15.6288,4.45478878,0.74422857,0.01346897,21,1.0,2.41,0.04228812
1791,BE0974293251,2022-05-03,0,54.19,52.72,0.020769569313792046,0.046214268331855664,0.020770569313792047,0.3775274361199803,1,0.0254447,18.9888,5.22595666,0.90422857,0.01648459,21,1.0,2.85,0.05144404
1792,BE0974293251,2022-05-04,0,53.81,53.02,0.02462606756889827,0.03048628314240401,0.02462706756889827,0.3775274361199803,1,0.00586022,19.2188,5.25558018,0.91518095,0.0167064,21,1.0,2.85,0.05144404
1793,BE0974293251,2022-05-05,0,54.32,53.81,0.014919662539285712,0.017792986452541168,0.014920662539285711,0.3775274361199803,1,0.00287332,15.1788,4.4468689,0.7228,0.01316362,21,1.0,2.41,0.04228812
1794,BE0974293251,2022-05-06,0,52.09,56.99,-0.0009156825565500966,0.014261430062936054,-0.0009146825565500966,0.3775274361199803,1,0.01517711,18.9388,6.18839454,0.90184762,0.0166272,20,0.952381,4.9,0.09406796
1796,BE0974293251,2022-05-10,0,51.86,54.61,-0.016900788837943,-0.015588711993350927,-0.016899788837943,0.3775274361199803,1,0.00131208,23.9892,7.09347665,1.14234286,0.02110164,20,0.952381,3.3,0.05970149
1795,BE0974293251,2022-05-09,0,50.92,53.96,-0.018328495415756207,-0.009974402320235068,-0.018327495415756206,0.3775274361199803,1,0.00835409,21.3392,6.53948859,1.01615238,0.01866484,20,0.952381,3.3,0.05970149
1797,BE0974293251,2022-05-11,0,52.77,51.86,-0.017767084600960447,-0.004565745859183754,-0.017766084600960446,0.3775274361199803,1,0.01320134,17.3688,4.92608801,0.82708571,0.01527074,21,1.0,2.41,0.04281052
1798,BE0974293251,2022-05-12,0,52.29,51.86,-0.013117690964035447,-0.004565745859183754,-0.013116690964035447,0.3775274361199803,1,0.00855195,23.3508,6.97376993,1.11194286,0.02048945,21,1.0,3.4,0.06677141
1799,BE0974293251,2022-05-13,0,53.48,50.69,-0.011562130598297944,0.00293157591211028,-0.011561130598297945,0.3775274361199803,1,0.01449371,26.8512,9.17786767,1.27862857,0.0238847,21,1.0,6.16,0.11825686
1801,BE0974293251,2022-05-17,0,54.44,54.08,-0.026234958648195604,-0.02356477049499929,-0.026233958648195603,0.3775274361199803,1,0.00267019,18.85,5.07746984,0.89761905,0.0166053,21,1.0,2.41,0.04281052
1800,BE0974293251,2022-05-16,0,54.08,53.48,-0.02356477049499929,-0.012171841418501271,-0.02356377049499929,0.3775274361199803,1,0.01139293,18.5348,5.06488964,0.88260952,0.01632982,21,1.0,2.41,0.04281052
1802,BE0974293251,2022-05-18,0,53.5,54.44,-0.0265746450984319,-0.02048711148685779,-0.026573645098431898,0.3775274361199803,1,0.00608753,19.34,5.14410342,0.92095238,0.01704936,21,1.0,2.41,0.04281052
1803,BE0974293251,2022-05-19,0,51.07,53.5,-0.025018555481574015,-0.022648331961152835,-0.025017555481574014,0.3775274361199803,1,0.00237022,19.36,5.15350366,0.92190476,0.01730144,21,1.0,2.43,0.04758175
1804,BE0974293251,2022-05-20,0,51.21,51.07,-0.03080072540665053,-0.024460197580755745,-0.03079972540665053,0.3775274361199803,1,0.00634053,18.97,5.12808931,0.90333333,0.01699285,21,1.0,2.43,0.04758175
1805,BE0974293251,2022-05-23,0,51.92,51.21,-0.04588975672629046,-0.04410632872439499,-0.04588875672629046,0.3775274361199803,1,0.00178343,17.68,4.77508115,0.84190476,0.01592865,21,1.0,2.43,0.04758175
1806,BE0974303357,2021-05-27,0,2.6,2.773,0.13653551240917117,0.20280688526274968,0.13653651240917117,0.7716165954733141,1,0.06627137,5.47332,1.39968293,0.26063429,0.09258239,20,0.952381,0.51,0.17525773
1808,BE0974303357,2021-05-31,0,2.64,2.72,0.18122997630132504,0.26869871315401445,0.18123097630132504,0.7716165954733141,1,0.08746874,1.95232,0.5014193,0.09296762,0.03387064,21,1.0,0.22,0.08461538
1809,BE0974303357,2021-06-01,0,2.685,2.795,0.19340982059500306,0.20345733312341974,0.19341082059500306,0.7716165954733141,1,0.01004751,1.72828,0.43337854,0.08229905,0.02998106,20,0.952381,0.195,0.075
1810,BE0974303357,2021-06-02,0,2.655,2.685,0.18408807422269333,0.1850418372655731,0.18408907422269333,0.7716165954733141,1,0.00095376,1.04,0.27892651,0.04952381,0.01788997,20,0.952381,0.11,0.03780069
1807,BE0974303357,2021-05-28,0,2.645,2.776,0.18189823565247107,0.18660506132907134,0.18189923565247107,0.7716165954733141,1,0.00470683,5.27432,1.36651869,0.2511581,0.08938809,20,0.952381,0.51,0.17525773
1813,BE0974303357,2021-06-07,0,2.7,2.655,0.19028557732453422,0.2003068693248344,0.19028657732453422,0.7716165954733141,1,0.01002129,1.37,0.34820971,0.0652381,0.02379694,21,1.0,0.13,0.05
1814,BE0974303357,2021-06-08,0,2.735,2.685,0.18909984949141234,0.20403690381177403,0.18910084949141234,0.7716165954733141,1,0.01493705,1.32,0.33726844,0.06285714,0.02296681,21,1.0,0.13,0.05
1815,BE0974303357,2021-06-09,0,2.71,2.75,0.17863604399914887,0.19595777125638672,0.17863704399914887,0.7716165954733141,1,0.01732173,1.27,0.32749046,0.06047619,0.02214451,21,1.0,0.13,0.05
1816,BE0974303357,2021-06-10,0,2.7,2.7,0.17863604399914887,0.19023651484098342,0.17863704399914887,0.7716165954733141,1,0.01160047,1.16,0.30846394,0.0552381,0.02034448,20,0.952381,0.13,0.05
1817,BE0974303357,2021-06-11,0,2.715,2.735,0.18830302617836328,0.2015102925778549,0.18830402617836328,0.7716165954733141,1,0.01320727,1.1,0.29857997,0.05238095,0.01937251,20,0.952381,0.13,0.05
1820,BE0974303357,2021-06-16,0,2.655,2.715,0.17552513291480953,0.1844092510731553,0.17552613291480954,0.7716165954733141,1,0.00888412,1.01,0.27613403,0.04809524,0.01792511,20,0.952381,0.13,0.05
1818,BE0974303357,2021-06-14,0,2.73,2.71,0.18685223160324835,0.18794681742094135,0.18685323160324835,0.7716165954733141,1,0.00109459,1.11,0.29908193,0.05285714,0.0195519,20,0.952381,0.13,0.05
1811,BE0974303357,2021-06-03,0,2.685,2.655,0.18437079934431788,0.18881693344302264,0.18437179934431788,0.7716165954733141,1,0.00444613,0.98,0.26570661,0.04666667,0.01693908,20,0.952381,0.11,0.03780069
1812,BE0974303357,2021-06-04,0,2.75,2.655,0.18172091425990528,0.18246365495040448,0.18172191425990528,0.7716165954733141,1,0.00074274,1.295,0.33559648,0.06166667,0.02236457,20,0.952381,0.14,0.05384615
1819,BE0974303357,2021-06-15,0,2.725,2.7,0.1933680937221689,0.19632415987061616,0.1933690937221689,0.7716165954733141,1,0.00295607,1.055,0.28926631,0.0502381,0.01863788,20,0.952381,0.13,0.05
1821,BE0974303357,2021-06-17,0,2.655,2.73,0.18192626813282964,0.18238895637930966,0.18192726813282964,0.7716165954733141,1,0.00046269,1.005,0.27472714,0.04785714,0.01786972,20,0.952381,0.13,0.05
1822,BE0974303357,2021-06-18,0,2.66,2.73,0.16870777805541765,0.1692478905643594,0.16870877805541765,0.7716165954733141,1,0.00054011,1.115,0.31689904,0.05309524,0.01986594,21,1.0,0.195,0.075
1824,BE0974303357,2021-06-22,0,2.7,2.685,0.15150580215536744,0.15226931429060175,0.15150680215536744,0.7716165954733141,1,0.00076351,0.64,0.17578396,0.03047619,0.0113711,20,0.952381,0.08,0.03076923
1823,BE0974303357,2021-06-21,0,2.685,2.75,0.16251483860766436,0.16274982450028933,0.16251583860766436,0.7716165954733141,1,0.00023499,1.85,0.53665631,0.08809524,0.03301282,20,0.952381,0.31,0.11923077
1825,BE0974303357,2021-06-23,0,2.605,2.72,0.1443865461994679,0.18200705665032504,0.1443875461994679,0.7716165954733141,1,0.03762051,2.446,0.59007966,0.11647619,0.04356357,21,1.0,0.255,0.0960452
1826,BE0974303357,2021-06-24,0,2.61,2.685,0.13883504926986456,0.1447159514576572,0.13883604926986456,0.7716165954733141,1,0.0058809,1.805,0.52742298,0.08595238,0.03230392,20,0.952381,0.26,0.1
1827,BE0974303357,2021-06-25,0,2.615,2.605,0.10734739817349175,0.11529491405926309,0.10734839817349175,0.7716165954733141,1,0.00794752,0.745,0.21005952,0.03547619,0.01329375,20,0.952381,0.095,0.03454545
1828,BE0974303357,2021-06-28,0,2.555,2.715,0.09362518216682031,0.12566357459942448,0.09362618216682031,0.7716165954733141,1,0.03203839,1.525,0.41433682,0.07261905,0.02734867,19,0.904762,0.17,0.06439394
1829,BE0974303357,2021-06-29,0,2.485,2.73,0.11415600285571799,0.12378636180706247,0.11415700285571799,0.7716165954733141,1,0.00963036,1.6,0.45033321,0.07619048,0.02897712,19,0.904762,0.245,0.09859155
1830,BE0974303357,2021-06-30,0,2.46,2.485,0.08388759441578296,0.08412907086265026,0.08388859441578296,0.7716165954733141,1,0.00024148,0.655,0.18688232,0.03119048,0.01183001,20,0.952381,0.095,0.03646833
1831,BE0974303357,2021-07-01,0,2.415,2.46,0.05555175817520296,0.062479309069089786,0.055552758175202964,0.7716165954733141,1,0.00692755,0.67,0.18986838,0.03190476,0.01217926,20,0.952381,0.095,0.03646833
1832,BE0974303357,2021-07-02,0,2.445,2.415,0.043621805528373,0.05086803197714233,0.043622805528373,0.7716165954733141,1,0.00724623,0.67,0.18986838,0.03190476,0.01223148,20,0.952381,0.095,0.03646833
1833,BE0974303357,2021-07-05,0,2.37,2.66,0.037140826438124476,0.12286977677659783,0.03714182643812448,0.7716165954733141,1,0.08572895,2.28,0.64772679,0.10857143,0.04297022,19,0.904762,0.29,0.12236287
1834,BE0974303357,2021-07-06,0,2.44,2.415,0.04458217758816593,0.06671583306859381,0.044583177588165934,0.7716165954733141,1,0.02213366,1.27,0.33143627,0.06047619,0.02370555,20,0.952381,0.155,0.06300813
1835,BE0974303357,2021-07-07,0,2.535,2.7,0.05466651869476883,0.1170210990899633,0.05466751869476883,0.7716165954733141,1,0.06235458,2.59,0.705514,0.12333333,0.04908856,19,0.904762,0.29,0.12236287
1836,BE0974303357,2021-07-08,0,2.41,2.535,0.03885385481681237,0.04820898045885419,0.03885485481681237,0.7716165954733141,1,0.00935513,0.86,0.25029982,0.04095238,0.01630289,20,0.952381,0.125,0.05186722
1837,BE0974303357,2021-07-09,0,2.49,2.41,0.0442744465281958,0.0477692452229265,0.0442754465281958,0.7716165954733141,1,0.0034948,0.93,0.26258332,0.04428571,0.01765645,20,0.952381,0.125,0.05186722
1838,BE0974303357,2021-07-12,0,2.49,2.49,0.05967514798911308,0.06204285676511336,0.05967614798911308,0.7716165954733141,1,0.00236771,0.915,0.26215453,0.04357143,0.01739337,19,0.904762,0.125,0.05186722
1839,BE0974303357,2021-07-13,0,2.51,2.555,0.08010538905986292,0.14294646201474914,0.08010638905986292,0.7716165954733141,1,0.06284107,2.825,0.73896888,0.13452381,0.05410115,19,0.904762,0.29,0.12236287
1840,BE0974303357,2021-07-14,0,2.49,2.485,0.08246386667085198,0.10315114060200539,0.08246486667085198,0.7716165954733141,1,0.02068727,2.745,0.73408106,0.13071429,0.05271141,19,0.904762,0.29,0.12236287
1841,BE0974303357,2021-07-15,0,2.49,2.51,0.08923427166419222,0.09293899246076424,0.08923527166419222,0.7716165954733141,1,0.00370472,1.1,0.30903074,0.05238095,0.02074301,20,0.952381,0.165,0.06508876
1842,BE0974303357,2021-07-16,0,2.535,2.69,0.10143951933516272,0.11954457552024465,0.10144051933516272,0.7716165954733141,1,0.01810506,2.314,0.6250584,0.11019048,0.04288311,21,1.0,0.33,0.12406015
1843,BE0974303357,2021-07-19,0,2.355,2.54,0.09861387323525202,0.10017652067504938,0.09861487323525202,0.7716165954733141,1,0.00156265,1.09,0.31717503,0.05190476,0.02104735,19,0.904762,0.185,0.07855626
1844,BE0974303357,2021-07-20,0,2.31,2.36,0.09972271390872875,0.12190296105683615,0.09972371390872875,0.7716165954733141,1,0.02218025,1.115,0.32011717,0.05309524,0.02163468,19,0.904762,0.185,0.07855626
1845,BE0974303357,2021-07-21,0,2.455,2.31,0.0923390393032944,0.0944758057222398,0.0923400393032944,0.7716165954733141,1,0.00213677,1.245,0.3511054,0.05928571,0.02418266,19,0.904762,0.185,0.07855626
1846,BE0974303357,2021-07-22,0,2.45,2.45,0.11870031113238175,0.12122437373973381,0.11870131113238175,0.7716165954733141,1,0.00252406,1.15,0.33800888,0.0547619,0.02244607,18,0.857143,0.185,0.07855626
1847,BE0974303357,2021-07-23,0,2.44,2.38,0.1389071387457098,0.1788109867242654,0.1389081387457098,0.7716165954733141,1,0.03990385,1.839,0.59809113,0.08757143,0.0352257,20,0.952381,0.385,0.14722753
1848,BE0974303357,2021-07-26,0,2.45,2.45,0.12123855716702031,0.12442633018326392,0.12123955716702031,0.7716165954733141,1,0.00318777,1.43,0.41874813,0.06809524,0.02794925,19,0.904762,0.23,0.0995671
1849,BE0974303357,2021-07-27,0,2.5,2.38,0.1361904729732875,0.19373226463870843,0.13619147297328751,0.7716165954733141,1,0.05754179,1.369,0.40170014,0.06519048,0.02671981,20,0.952381,0.26,0.10462777
1850,BE0974303357,2021-07-28,0,2.5,2.5,0.1275679426111415,0.13720618999910128,0.1275689426111415,0.7716165954733141,1,0.00963825,1.08,0.32924155,0.05142857,0.02114607,17,0.809524,0.185,0.07855626
1851,BE0974303357,2021-07-29,0,2.47,2.5,0.1225899834902411,0.1231857912376054,0.1225909834902411,0.7716165954733141,1,0.00059581,1.085,0.32965891,0.05166667,0.0212405,17,0.809524,0.185,0.07855626
1852,BE0974303357,2021-07-30,0,2.475,2.5,0.12992372494149904,0.15564618041606587,0.12992472494149904,0.7716165954733141,1,0.02572246,2.395,0.65785637,0.11404762,0.04668046,20,0.952381,0.285,0.12025316
1853,BE0974303357,2021-08-02,0,2.475,2.8,0.11557927244263261,0.12654009825580154,0.11558027244263261,0.7716165954733141,1,0.01096083,2.12,0.6596878,0.10095238,0.04101912,20,0.952381,0.33,0.13360324
1854,BE0974303357,2021-08-03,0,2.42,2.5,0.08451964440310893,0.09872066861349074,0.08452064440310893,0.7716165954733141,1,0.01420102,1.065,0.32829103,0.05071429,0.02079816,17,0.809524,0.185,0.07855626
1855,BE0974303357,2021-08-04,0,2.48,2.4,0.07957405586839285,0.08451964440310893,0.07957505586839285,0.7716165954733141,1,0.00494559,1.075,0.33056769,0.05119048,0.02096814,17,0.809524,0.185,0.07855626
1856,BE0974303357,2021-08-05,0,2.465,2.5,0.0776108387606401,0.08472800170242398,0.0776118387606401,0.7716165954733141,1,0.00711716,1.205,0.34040417,0.05738095,0.02361929,18,0.857143,0.18,0.07792208
1857,BE0974303357,2021-08-06,0,2.43,2.5,0.06830396251454297,0.07053706017510777,0.06830496251454297,0.7716165954733141,1,0.0022331,0.96,0.30124741,0.04571429,0.01876161,17,0.809524,0.185,0.07855626
1858,BE0974303357,2021-08-09,0,2.42,2.5,0.06649179703161695,0.06936739111732317,0.06649279703161695,0.7716165954733141,1,0.00287559,1.225,0.34507246,0.05833333,0.0240348,18,0.857143,0.18,0.07792208
1859,BE0974303357,2021-08-10,0,2.51,2.5,0.05935700330383418,0.0672073970866117,0.05935800330383418,0.7716165954733141,1,0.00785039,1.19,0.34227182,0.05666667,0.02336393,18,0.857143,0.18,0.07792208
1860,BE0974303357,2021-08-11,0,2.52,2.5,0.058409762594271226,0.058896857990078925,0.05841076259427123,0.7716165954733141,1,0.0004871,1.28,0.35376546,0.06095238,0.02511407,20,0.952381,0.18,0.07792208
1861,BE0974303357,2021-08-12,0,2.51,2.5,0.03351763108962378,0.04718249918614691,0.03351863108962378,0.7716165954733141,1,0.01366487,1.0,0.31072496,0.04761905,0.01951784,18,0.857143,0.185,0.07855626
1862,BE0974303357,2021-08-13,0,2.55,2.4,0.03535450016173592,0.055874340157495525,0.03535550016173592,0.7716165954733141,1,0.02051984,1.46,0.42655598,0.06952381,0.0282063,20,0.952381,0.235,0.09270217
1863,BE0974303357,2021-08-16,0,2.58,2.5,0.049331067343492095,0.05454552673868728,0.049332067343492096,0.7716165954733141,1,0.00521446,1.085,0.32159757,0.05166667,0.0210828,19,0.904762,0.185,0.07855626
1864,BE0974303357,2021-08-17,0,2.495,2.6,0.0518707171265846,0.06619602703712943,0.0518717171265846,0.7716165954733141,1,0.01432531,1.315,0.36017357,0.06261905,0.02530446,19,0.904762,0.15,0.06060606
1865,BE0974303357,2021-08-18,0,2.435,2.51,0.05039757722984137,0.06328706261531498,0.05039857722984137,0.7716165954733141,1,0.01288949,1.24,0.32703211,0.05904762,0.0238208,21,1.0,0.15,0.05882353
1866,BE0974303357,2021-08-19,0,2.4,2.43,0.06544545370021375,0.0745993739634297,0.06544645370021375,0.7716165954733141,1,0.00915392,0.895,0.24622145,0.04261905,0.01717361,19,0.904762,0.11,0.0438247
1867,BE0974303357,2021-08-20,0,2.38,2.4,0.05719655971732004,0.07007139290909797,0.05719755971732004,0.7716165954733141,1,0.01287483,0.915,0.24703239,0.04357143,0.01757377,20,0.952381,0.11,0.0438247
1868,BE0974303357,2021-08-23,0,2.445,2.38,0.051847144955994226,0.06335933751088511,0.05184814495599423,0.7716165954733141,1,0.01151219,0.97,0.25524498,0.04619048,0.01864456,20,0.952381,0.11,0.0438247
1870,BE0974303357,2021-08-25,0,2.445,2.43,0.05903862509487245,0.059591098982840734,0.05903962509487245,0.7716165954733141,1,0.00055247,0.935,0.25074888,0.04452381,0.01798592,20,0.952381,0.11,0.0438247
1871,BE0974303357,2021-08-26,0,2.44,2.43,0.06042978738973811,0.06109107830787044,0.06043078738973811,0.7716165954733141,1,0.00066129,1.165,0.31028213,0.05547619,0.02252058,21,1.0,0.145,0.05954825
1869,BE0974303357,2021-08-24,0,2.43,2.44,0.05785613885635772,0.0726727648274101,0.05785713885635772,0.7716165954733141,1,0.01481663,0.99,0.26410225,0.04714286,0.01909093,21,1.0,0.12,0.048
1872,BE0974303357,2021-08-27,0,2.44,2.44,0.061018106569251884,0.06705952642484164,0.061019106569251885,0.7716165954733141,1,0.00604142,0.905,0.24894779,0.04309524,0.01740755,19,0.904762,0.11,0.0438247
1873,BE0974303357,2021-08-30,0,2.575,2.44,0.06172641531488677,0.06610669811675567,0.06172741531488677,0.7716165954733141,1,0.00438028,1.015,0.28209041,0.04833333,0.01942308,19,0.904762,0.135,0.05242718
1874,BE0974303357,2021-08-31,0,2.6,2.44,0.062467931379687584,0.06286864228884961,0.062468931379687585,0.7716165954733141,1,0.00040071,1.38,0.37141621,0.06571429,0.02640715,20,0.952381,0.16,0.06153846
1875,BE0974303357,2021-09-01,0,2.585,2.47,0.06214227885679305,0.06214994462711147,0.06214327885679305,0.7716165954733141,1,7.67e-06,1.145,0.32569157,0.05452381,0.02183009,20,0.952381,0.14,0.05833333
1876,BE0974303357,2021-09-02,0,2.595,2.77,0.06059213286940954,0.07099672313332833,0.06059313286940954,0.7716165954733141,1,0.01040459,1.16,0.33391616,0.0552381,0.02200552,20,0.952381,0.175,0.06769826
1877,BE0974303357,2021-09-03,0,2.63,2.77,0.05972016907725704,0.07214903874482641,0.05972116907725704,0.7716165954733141,1,0.01242887,1.235,0.35619517,0.05880952,0.0232847,20,0.952381,0.175,0.06769826
1878,BE0974303357,2021-09-06,0,2.63,2.49,0.05956165428058032,0.06469291057879786,0.05956265428058032,0.7716165954733141,1,0.00513126,2.355,0.61941505,0.11214286,0.04474687,20,0.952381,0.28,0.11570248
1879,BE0974303357,2021-09-07,0,2.63,2.49,0.05434310608277891,0.06504209345143376,0.05434410608277891,0.7716165954733141,1,0.01069899,2.215,0.56997807,0.10547619,0.04177208,20,0.952381,0.19,0.07597536
1880,BE0974303357,2021-09-08,0,2.63,2.63,0.06236325988629098,0.06576782546086837,0.06236425988629098,0.7716165954733141,1,0.00340457,1.035,0.32569157,0.04928571,0.01961173,18,0.857143,0.16,0.06153846
1881,BE0974303357,2021-09-09,0,2.6,2.63,0.05777964739822508,0.059929766038976616,0.05778064739822508,0.7716165954733141,1,0.00215012,0.675,0.22265444,0.03214286,0.01275256,16,0.761905,0.135,0.05242718
1883,BE0974303357,2021-09-13,0,2.665,2.6,0.061083203847957096,0.06112684887532925,0.0610842038479571,0.7716165954733141,1,4.365e-05,1.02,0.31480152,0.04857143,0.01923371,18,0.857143,0.16,0.06153846
1882,BE0974303357,2021-09-10,0,2.56,2.31,0.06297813215492837,0.08248434457258724,0.06297913215492837,0.7716165954733141,1,0.01950621,2.235,0.59031771,0.10642857,0.04183691,20,0.952381,0.25,0.09765625
1884,BE0974303357,2021-09-14,0,2.68,2.66,0.064684548681389,0.06479706562286636,0.064685548681389,0.7716165954733141,1,0.00011252,0.7,0.23151674,0.03333333,0.01312816,16,0.761905,0.135,0.05242718
1885,BE0974303357,2021-09-15,0,2.67,2.8,0.07027975858804413,0.07309371331058294,0.07028075858804413,0.7716165954733141,1,0.00281395,2.295,0.59872782,0.10928571,0.04214962,20,0.952381,0.225,0.0859375
1886,BE0974303357,2021-09-16,0,2.68,2.89,0.07350719061837918,0.08254337226423719,0.07350819061837918,0.7716165954733141,1,0.00903618,2.36,0.59527305,0.11238095,0.04353449,21,1.0,0.27,0.10546875
1887,BE0974303357,2021-09-17,0,2.63,2.67,0.059480043224453334,0.06516678541580029,0.059481043224453335,0.7716165954733141,1,0.00568674,0.87,0.28222332,0.04142857,0.01607516,17,0.809524,0.16,0.06153846
1888,BE0974303357,2021-09-20,0,2.67,2.63,0.052483972009077916,0.052761523448607114,0.05248497200907792,0.7716165954733141,1,0.00027755,0.6,0.20627651,0.02857143,0.0110279,16,0.761905,0.135,0.05242718
1889,BE0974303357,2021-09-21,0,2.705,2.66,0.05023187432719349,0.05103711231205658,0.05023287432719349,0.7716165954733141,1,0.00080524,1.78,0.48790368,0.0847619,0.0326966,21,1.0,0.195,0.07572816
1891,BE0974303357,2021-09-23,0,2.555,2.71,0.048181745587738696,0.04846238485826625,0.0481827455877387,0.7716165954733141,1,0.00028064,0.71,0.25169426,0.03380952,0.01295454,16,0.761905,0.155,0.06066536
1890,BE0974303357,2021-09-22,0,2.71,2.7,0.04454768840560016,0.04846238485826625,0.04454868840560016,0.7716165954733141,1,0.0039147,0.57,0.19887182,0.02714286,0.01035785,16,0.761905,0.135,0.05242718
1892,BE0974303357,2021-09-24,0,2.5,2.48,0.059269268464176524,0.07468626410069588,0.059270268464176525,0.7716165954733141,1,0.015417,1.68,0.4531556,0.08,0.03087937,20,0.952381,0.24,0.09836066
1893,BE0974303357,2021-09-27,0,2.5,2.46,0.0634813791559184,0.06922795478416802,0.0634823791559184,0.7716165954733141,1,0.00574658,1.48,0.38645828,0.07047619,0.02695743,20,0.952381,0.165,0.06382979
1894,BE0974303357,2021-09-28,0,2.41,2.5,0.0596809019602716,0.06939422450671927,0.0596819019602716,0.7716165954733141,1,0.00971332,0.725,0.23837995,0.03452381,0.01337917,17,0.809524,0.155,0.06066536
1895,BE0974303357,2021-09-29,0,2.42,2.41,0.045818878872376956,0.055037513057052775,0.04581987887237696,0.7716165954733141,1,0.00921863,0.715,0.23774987,0.03404762,0.01320964,17,0.809524,0.155,0.06066536
1897,BE0974303357,2021-10-01,0,2.485,2.38,0.04359460934443361,0.046672572249421486,0.043595609344433614,0.7716165954733141,1,0.00307796,0.84,0.26248809,0.04,0.01565396,17,0.809524,0.155,0.06066536
1898,BE0974303357,2021-10-04,0,2.54,2.68,0.06315981177197515,0.10770525709434675,0.06316081177197515,0.7716165954733141,1,0.04454545,2.27,0.66189123,0.10809524,0.04326171,17,0.809524,0.31,0.12863071
1896,BE0974303357,2021-09-30,0,2.38,2.42,0.04618072292430342,0.04909241309650036,0.04618172292430342,0.7716165954733141,1,0.00291169,0.74,0.24062419,0.0352381,0.01373364,17,0.809524,0.155,0.06066536
1899,BE0974303357,2021-10-05,0,2.56,2.54,0.05529464356261153,0.06278480523288668,0.05529564356261153,0.7716165954733141,1,0.00749016,0.89,0.26832816,0.04238095,0.01660766,18,0.857143,0.155,0.06066536
1900,BE0974303357,2021-10-06,0,2.555,2.56,0.051330993896768984,0.05743779892842687,0.051331993896768985,0.7716165954733141,1,0.00610681,0.895,0.26837474,0.04261905,0.01670085,19,0.904762,0.155,0.06066536
1901,BE0974303357,2021-10-07,0,2.615,2.49,0.05120290044180264,0.05733276863064386,0.05120390044180264,0.7716165954733141,1,0.00612987,1.14,0.34095454,0.05428571,0.02089777,18,0.857143,0.16,0.0625
1902,BE0974303357,2021-10-08,0,2.625,2.51,0.05517879198284545,0.06412661153060585,0.05517979198284545,0.7716165954733141,1,0.00894782,1.125,0.33552198,0.05357143,0.02060299,18,0.857143,0.16,0.0625
1903,BE0974303357,2021-10-11,0,2.59,2.49,0.05581950233521616,0.05660844652304693,0.05582050233521616,0.7716165954733141,1,0.00078894,1.065,0.31140809,0.05071429,0.01946537,18,0.857143,0.15,0.05859375
1904,BE0974303357,2021-10-12,0,2.55,2.62,0.05581950233521616,0.06262925442894537,0.05582050233521616,0.7716165954733141,1,0.00680975,1.45,0.39629534,0.06904762,0.02708664,20,0.952381,0.21,0.084
1905,BE0974303357,2021-10-13,0,2.565,2.62,0.0556578793493317,0.06397439432588525,0.055658879349331704,0.7716165954733141,1,0.00831651,1.905,0.48925964,0.09071429,0.03581783,20,0.952381,0.21,0.084
1906,BE0974303357,2021-10-14,0,2.57,2.36,0.052250709952199374,0.0589193437224297,0.052251709952199375,0.7716165954733141,1,0.00666863,1.305,0.37957213,0.06214286,0.02396157,18,0.857143,0.21,0.08171206
1907,BE0974303357,2021-10-15,0,2.59,2.63,0.055345149424135896,0.0795917080183939,0.0553461494241359,0.7716165954733141,1,0.02424656,1.685,0.48350284,0.0802381,0.03075398,20,0.952381,0.21,0.07984791
1908,BE0974303357,2021-10-18,0,2.59,2.59,0.053036862936970096,0.057342540514319404,0.0530378629369701,0.7716165954733141,1,0.00430568,0.795,0.2481431,0.03785714,0.01495146,18,0.857143,0.155,0.06066536
1909,BE0974303357,2021-10-19,0,2.63,2.59,0.06044939687211965,0.0629842834214662,0.06045039687211965,0.7716165954733141,1,0.00253489,0.795,0.2481431,0.03785714,0.01496231,18,0.857143,0.155,0.06066536
1910,BE0974303357,2021-10-20,0,2.64,2.6,0.0826380101353558,0.09616381081424408,0.0826390101353558,0.7716165954733141,1,0.0135258,1.21,0.3647602,0.05761905,0.0222983,19,0.904762,0.2,0.07380074
1911,BE0974303357,2021-10-21,0,2.59,2.56,0.08231136043396552,0.08818923257051464,0.08231236043396552,0.7716165954733141,1,0.00587787,1.04,0.30651264,0.04952381,0.01933555,19,0.904762,0.175,0.06692161
1913,BE0974303357,2021-10-25,0,2.645,2.68,0.06978018341707025,0.0755237361362036,0.06978118341707025,0.7716165954733141,1,0.00574355,1.04,0.30207615,0.04952381,0.01926091,19,0.904762,0.175,0.06692161
1912,BE0974303357,2021-10-22,0,2.61,2.66,0.06903296429893345,0.07732837454981446,0.06903396429893345,0.7716165954733141,1,0.00829541,1.085,0.31052375,0.05166667,0.0201546,19,0.904762,0.175,0.06692161
1914,BE0974303357,2021-10-26,0,2.67,2.67,0.06859860616824927,0.07623689090006122,0.06859960616824927,0.7716165954733141,1,0.00763828,1.03,0.30191058,0.04904762,0.01907044,18,0.857143,0.175,0.06692161
1915,BE0974303357,2021-10-27,0,2.7,2.7,0.0858559194830252,0.1089078151843969,0.0858569194830252,0.7716165954733141,1,0.0230519,0.85,0.22416512,0.04047619,0.01581979,19,0.904762,0.1,0.03937008
1916,BE0974303357,2021-10-28,0,2.643,2.63,0.07818084308250833,0.08564426435380514,0.07818184308250833,0.7716165954733141,1,0.00746342,1.023,0.30152778,0.04871429,0.01886867,18,0.857143,0.175,0.06692161
1917,BE0974303357,2021-10-29,0,2.7,2.71,0.10376800901376501,0.11273322722870288,0.10376900901376501,0.7716165954733141,1,0.00896522,1.017,0.26191411,0.04842857,0.0187123,21,1.0,0.12,0.046875
1918,BE0974303357,2021-11-01,0,2.78,2.7,0.11287724078243964,0.11341077676757946,0.11287824078243965,0.7716165954733141,1,0.00053354,1.088,0.31015158,0.05180952,0.01990578,19,0.904762,0.175,0.06692161
1919,BE0974303357,2021-11-02,0,2.795,2.71,0.10716110284763705,0.11389736678891912,0.10716210284763705,0.7716165954733141,1,0.00673626,1.063,0.30219034,0.05061905,0.01929171,19,0.904762,0.175,0.06692161
1934,BE0974303357,2021-11-23,0,2.94,2.96,0.10492607359659639,0.1258831466101791,0.10492707359659639,0.7716165954733141,1,0.02095707,0.632,0.18807977,0.03009524,0.01073117,18,0.857143,0.11,0.03832753
1935,BE0974303357,2021-11-24,0,3.0,2.94,0.0869199262191638,0.10232848072226115,0.08692092621916381,0.7716165954733141,1,0.01540855,0.662,0.1951256,0.03152381,0.01114851,18,0.857143,0.11,0.03832753
1936,BE0974303357,2021-11-25,0,3.045,3.0,0.08924553423128848,0.09074874804755945,0.08924653423128848,0.7716165954733141,1,0.00150321,0.677,0.19798737,0.0322381,0.01132314,18,0.857143,0.11,0.03832753
1937,BE0974303357,2021-11-26,0,2.92,3.0,0.09628513535189748,0.09700010510537872,0.09628613535189748,0.7716165954733141,1,0.00071497,1.04,0.29129023,0.04952381,0.01721488,20,0.952381,0.14,0.05035971
1939,BE0974303357,2021-11-30,0,2.915,2.92,0.09793139611239417,0.10062288288491446,0.09793239611239417,0.7716165954733141,1,0.00269149,1.005,0.2743629,0.04785714,0.01651269,21,1.0,0.11,0.03832753
1938,BE0974303357,2021-11-29,0,2.95,2.96,0.095186505060672,0.14566750791035457,0.095187505060672,0.7716165954733141,1,0.050481,1.61,0.4111569,0.07666667,0.02670711,20,0.952381,0.165,0.05418719
1940,BE0974303357,2021-12-01,0,2.945,3.0,0.09465968988876396,0.11508556844944318,0.09466068988876396,0.7716165954733141,1,0.02042588,1.425,0.37077621,0.06785714,0.02347709,20,0.952381,0.165,0.05418719
1941,BE0974303357,2021-12-02,0,2.915,2.94,0.11700295075579425,0.1291696308966357,0.11700395075579426,0.7716165954733141,1,0.01216668,1.68,0.4236744,0.08,0.02764556,21,1.0,0.205,0.06732348
1942,BE0974303357,2021-12-03,0,2.93,2.91,0.10169028899380787,0.10233236541967748,0.10169128899380787,0.7716165954733141,1,0.00064208,0.715,0.21534855,0.03404762,0.01165849,19,0.904762,0.13,0.04452055
1943,BE0974303357,2021-12-06,0,2.9,2.93,0.09895651010714411,0.09907719362190971,0.09895751010714411,0.7716165954733141,1,0.00012068,0.735,0.21719807,0.035,0.01197919,19,0.904762,0.13,0.04452055
1944,BE0974303357,2021-12-07,0,2.9,2.9,0.10005193852140755,0.10040759259453975,0.10005293852140755,0.7716165954733141,1,0.00035565,0.735,0.21719807,0.035,0.01197919,19,0.904762,0.13,0.04452055
1945,BE0974303357,2021-12-08,0,2.905,2.9,0.10103051000146189,0.10695197046358924,0.10103151000146189,0.7716165954733141,1,0.00592146,0.73,0.21702534,0.0347619,0.01188862,19,0.904762,0.13,0.04452055
1946,BE0974303357,2021-12-09,0,2.91,2.9,0.10575649131757738,0.10706238816295058,0.10575749131757738,0.7716165954733141,1,0.0013059,0.63,0.18734994,0.03,0.01022714,19,0.904762,0.13,0.04452055
1947,BE0974303357,2021-12-10,0,3.0,2.91,0.09193907405738243,0.09866546281206952,0.09194007405738243,0.7716165954733141,1,0.00672639,0.72,0.2078461,0.03428571,0.01165571,20,0.952381,0.13,0.04452055
1948,BE0974303357,2021-12-13,0,3.03,3.0,0.07530403501956298,0.08917273202348812,0.07530503501956298,0.7716165954733141,1,0.0138687,0.735,0.2094636,0.035,0.011877,20,0.952381,0.13,0.04452055
1949,BE0974303357,2021-12-14,0,3.025,3.0,0.07406420031905409,0.08359443557343635,0.07406520031905409,0.7716165954733141,1,0.00953024,0.89,0.26019224,0.04238095,0.01429038,21,1.0,0.12,0.03960396
1950,BE0974303357,2021-12-15,0,3.045,3.03,0.07163989290866388,0.08317762557436438,0.07164089290866388,0.7716165954733141,1,0.01153773,0.73,0.2092845,0.0347619,0.01177124,20,0.952381,0.13,0.04452055
1951,BE0974303357,2021-12-16,0,3.18,3.03,0.07802177365360255,0.08526133719162786,0.07802277365360255,0.7716165954733141,1,0.00723956,0.99,0.29698485,0.04714286,0.01569213,21,1.0,0.15,0.04716981
1952,BE0974303357,2021-12-17,0,3.18,3.18,0.06708647036182538,0.07400851409192175,0.06708747036182539,0.7716165954733141,1,0.00692204,0.8,0.24103942,0.03809524,0.01272873,19,0.904762,0.13,0.04452055
1953,BE0974303357,2021-12-20,0,3.135,3.03,0.06965709047980573,0.07051763310967527,0.06965809047980573,0.7716165954733141,1,0.00086054,1.845,0.51305458,0.08785714,0.02890188,19,0.904762,0.27,0.08490566
1954,BE0974303357,2021-12-21,0,3.155,3.03,0.07208742673299062,0.07235734976078202,0.07208842673299062,0.7716165954733141,1,0.00026992,1.855,0.5153882,0.08833333,0.02894158,19,0.904762,0.27,0.08490566
1955,BE0974303357,2021-12-22,0,3.075,3.15,0.05589947183439205,0.056192995363560774,0.05590047183439205,0.7716165954733141,1,0.00029352,0.84,0.24969982,0.04,0.01325206,19,0.904762,0.13,0.04452055
1956,BE0974303357,2021-12-23,0,3.07,3.08,0.0498542615846824,0.05380342177760752,0.0498552615846824,0.7716165954733141,1,0.00394916,0.79,0.24259019,0.03761905,0.01245479,19,0.904762,0.13,0.04452055
1957,BE0974303357,2021-12-24,0,3.123,3.18,0.042597400332976626,0.043571845720990814,0.04259840033297663,0.7716165954733141,1,0.00097445,1.672,0.48194813,0.07961905,0.02595801,19,0.904762,0.27,0.08490566
1958,BE0974303357,2021-12-27,0,3.05,3.12,0.042399192429652996,0.04440606149650115,0.042400192429653,0.7716165954733141,1,0.00200687,0.738,0.21825215,0.03514286,0.01153206,19,0.904762,0.13,0.0408805
1959,BE0974303357,2021-12-28,0,3.08,3.05,0.05149529463729608,0.05446911470152407,0.05149629463729608,0.7716165954733141,1,0.00297382,0.738,0.21825215,0.03514286,0.01151162,19,0.904762,0.13,0.0408805
1960,BE0974303357,2021-12-29,0,3.06,3.08,0.05346070275499914,0.05585826174215042,0.05346170275499914,0.7716165954733141,1,0.00239756,0.723,0.21635388,0.03442857,0.0112511,19,0.904762,0.13,0.0408805
1961,BE0974303357,2021-12-30,0,3.09,3.06,0.046344178479947706,0.04759265811336867,0.04634517847994771,0.7716165954733141,1,0.00124848,0.718,0.21560148,0.03419048,0.01114749,19,0.904762,0.13,0.0408805
1962,BE0974303357,2021-12-31,0,3.1,3.06,0.05090018479233545,0.05107514752439617,0.05090118479233545,0.7716165954733141,1,0.00017496,0.973,0.28913492,0.04633333,0.01502311,21,1.0,0.15,0.04716981
1963,BE0974303357,2022-01-03,0,3.175,3.06,0.04909953242595427,0.049163889378923076,0.049100532425954274,0.7716165954733141,1,6.436e-05,1.352,0.36414832,0.06438095,0.02087317,21,1.0,0.15,0.04716981
1964,BE0974303357,2022-01-04,0,3.18,3.1,0.041654347593781865,0.04579324521930613,0.041655347593781866,0.7716165954733141,1,0.0041389,1.118,0.31148676,0.0532381,0.01716919,21,1.0,0.15,0.04716981
1965,BE0974303357,2022-01-05,0,3.13,3.18,0.04250086958618943,0.046099744533558404,0.04250186958618943,0.7716165954733141,1,0.00359887,0.788,0.22996521,0.03752381,0.01211034,20,0.952381,0.13,0.0408805
1966,BE0974303357,2022-01-06,0,3.135,3.13,0.0488019987203247,0.053915157350724996,0.0488029987203247,0.7716165954733141,1,0.00511316,0.788,0.22996521,0.03752381,0.01210433,20,0.952381,0.13,0.0408805
1967,BE0974303357,2022-01-07,0,3.13,3.13,0.04659245570766238,0.051526229048684744,0.04659345570766238,0.7716165954733141,1,0.00493377,0.778,0.22974769,0.03704762,0.01194069,19,0.904762,0.13,0.0408805
1968,BE0974303357,2022-01-10,0,3.125,3.13,0.04110164159706811,0.05436058920640484,0.04110264159706811,0.7716165954733141,1,0.01325895,0.693,0.21144503,0.033,0.01058831,19,0.904762,0.13,0.0408805
1969,BE0974303357,2022-01-11,0,3.2,3.12,0.037203933312745525,0.03839102591386917,0.037204933312745526,0.7716165954733141,1,0.00118709,0.743,0.22407365,0.03538095,0.01130731,19,0.904762,0.13,0.0408805
1970,BE0974303357,2022-01-12,0,3.3,3.2,0.03893638885417421,0.044331742574815064,0.038937388854174214,0.7716165954733141,1,0.00539535,0.838,0.24532428,0.03990476,0.0126716,19,0.904762,0.13,0.0408805
1971,BE0974303357,2022-01-13,0,3.33,3.2,0.047539859470132645,0.048525184685837025,0.047540859470132646,0.7716165954733141,1,0.00098533,1.283,0.35860703,0.06109524,0.01919599,20,0.952381,0.18,0.05454545
1972,BE0974303357,2022-01-14,0,3.34,3.3,0.039172399677070355,0.0644936108769868,0.039173399677070356,0.7716165954733141,1,0.02532121,1.173,0.32817526,0.05585714,0.0175201,20,0.952381,0.18,0.05454545
1973,BE0974303357,2022-01-17,0,3.45,3.06,0.060106014612145424,0.08788112472192655,0.060107014612145425,0.7716165954733141,1,0.02777511,2.973,0.79320804,0.14157143,0.04417347,20,0.952381,0.39,0.11304348
1974,BE0974303357,2022-01-18,0,3.45,3.09,0.062018177888328224,0.06419116919572102,0.062019177888328225,0.7716165954733141,1,0.00217299,3.138,0.84897232,0.14942857,0.04618046,20,0.952381,0.39,0.11304348
1975,BE0974303357,2022-01-19,0,3.66,3.45,0.059518408942677924,0.06295163822377468,0.059519408942677925,0.7716165954733141,1,0.00343323,0.983,0.31242439,0.04680952,0.01425158,19,0.904762,0.21,0.05737705
1976,BE0974303357,2022-01-20,0,3.64,3.45,0.06750609732632071,0.07182578098146365,0.06750709732632071,0.7716165954733141,1,0.00431968,1.548,0.43797717,0.07371429,0.02205328,20,0.952381,0.21,0.05737705
1977,BE0974303357,2022-01-21,0,3.6,2.94,0.07514917484515342,0.07657345924116614,0.07515017484515342,0.7716165954733141,1,0.00142428,7.818,1.83654676,0.37228571,0.11240795,21,1.0,0.73,0.20054945
1978,BE0974303357,2022-01-24,0,3.625,2.94,0.0881840887139283,0.09528318241808842,0.0881850887139283,0.7716165954733141,1,0.00709909,8.32,1.95253681,0.39619048,0.11860604,21,1.0,0.74,0.20218579
1980,BE0974303357,2022-01-26,0,3.87,3.75,0.09519557730961353,0.10351430131957715,0.09519657730961353,0.7716165954733141,1,0.00831872,1.08,0.34234486,0.05142857,0.01481668,19,0.904762,0.21,0.05737705
1981,BE0974303357,2022-01-27,0,3.8,3.75,0.09827069553783987,0.10641348144700734,0.09827169553783988,0.7716165954733141,1,0.00814279,1.88,0.52230259,0.08952381,0.02566862,20,0.952381,0.25,0.06459948
1982,BE0974303357,2022-01-28,0,3.775,3.75,0.1005971342841273,0.10371387733871819,0.1005981342841273,0.7716165954733141,1,0.00311674,2.485,0.66409713,0.11833333,0.03380813,21,1.0,0.32,0.08743169
1983,BE0974303357,2022-01-31,0,3.79,3.8,0.10237585872247527,0.10346243891454625,0.10237685872247528,0.7716165954733141,1,0.00108658,1.935,0.52936282,0.09214286,0.02622408,20,0.952381,0.25,0.06459948
1988,BE0974303357,2022-02-07,0,3.785,3.8,0.1014204375843995,0.11149844319337339,0.1014214375843995,0.7716165954733141,1,0.01007801,1.3,0.38046025,0.06190476,0.01710074,20,0.952381,0.21,0.05737705
1989,BE0974303357,2022-02-08,0,3.695,3.66,0.10563740785130786,0.10837804339022356,0.10563840785130786,0.7716165954733141,1,0.00274064,2.55,0.6680943,0.12142857,0.0338312,21,1.0,0.32,0.08743169
1992,BE0974303357,2022-02-11,0,3.74,3.64,0.11011469710974715,0.11976066266433963,0.11011569710974715,0.7716165954733141,1,0.00964597,1.32,0.38379682,0.06285714,0.01698058,20,0.952381,0.21,0.05737705
2002,BE0974303357,2022-02-25,0,4.03,3.76,0.12232995345064587,0.17934493944110413,0.12233095345064587,0.7716165954733141,1,0.05701499,2.925,0.77583826,0.13928571,0.03620563,20,0.952381,0.35,0.0862069
2003,BE0974303357,2022-02-28,0,3.95,3.85,0.10617383392991611,0.16254210377688255,0.10617483392991611,0.7716165954733141,1,0.05636827,2.82,0.75940766,0.13428571,0.03474205,20,0.952381,0.33,0.08312343
2031,BE0974303357,2022-04-07,0,3.41,3.44,0.28260612502809856,0.31725900316397904,0.28260712502809854,0.7716165954733141,1,0.03465288,4.082,1.19935983,0.19438095,0.05645151,20,0.952381,0.64,0.19219219
2032,BE0974303357,2022-04-08,0,3.445,3.41,0.20528830916853344,0.6494570245917994,0.20528930916853344,0.7716165954733141,1,0.44416872,3.477,1.014933,0.16557143,0.0477833,20,0.952381,0.5,0.14534884
2033,BE0974303357,2022-04-11,0,3.44,3.26,0.19740457083686247,0.2768606979508006,0.19740557083686247,0.7716165954733141,1,0.07945613,3.172,0.90954054,0.15104762,0.04381479,20,0.952381,0.5,0.14534884
2034,BE0974303357,2022-04-12,0,3.45,3.41,0.1946210245422349,0.37568878723314475,0.1946220245422349,0.7716165954733141,1,0.18106776,3.097,0.90312734,0.14747619,0.04287677,20,0.952381,0.5,0.14534884
2036,BE0974303357,2022-04-14,0,3.52,3.45,0.1900047598544554,0.19175046464891296,0.1900057598544554,0.7716165954733141,1,0.0017457,1.928,0.5914254,0.09180952,0.02663359,21,1.0,0.39,0.10985915
2035,BE0974303357,2022-04-13,0,3.515,3.45,0.18874834375006652,0.19655115553754554,0.18874934375006652,0.7716165954733141,1,0.00780281,1.898,0.5381301,0.09038095,0.02608712,20,0.952381,0.29,0.07945205
2038,BE0974303357,2022-04-18,0,3.4798,3.47,0.19174842135378053,0.19647923996200473,0.19174942135378054,0.7716165954733141,1,0.00473082,1.4238,0.42201427,0.0678,0.0200349,19,0.904762,0.21,0.06086957
