query_index,col_item,col_timestamp,col_rating
16199,GR0124036709,2021-05-27,106.32
13877,FR0013480613,2021-05-27,95.186623
8201,ES0000012G00,2021-05-27,90.212189
3041,DE0001102457,2021-05-27,104.96785
15683,GR0118020685,2021-05-27,109.95
2783,DE0001102325,2021-05-27,106.10157
15425,GR0118019679,2021-05-27,108.8
8975,ES0173516115,2021-05-27,11.07
17231,GRC1441197B3,2021-05-27,98.1
5879,DE000A0DEN75,2021-05-27,98.073532
15941,GR0124035693,2021-05-27,124.4
6395,DE000A0H08Q4,2021-05-27,66.15
3557,DE0005552004,2021-05-27,48.53
3299,DE0002635307,2021-05-27,44.6
2064,CH0198251305,2021-05-27,28.95
0,100974271034,2021-05-27,4.7
1290,BE0974271034,2021-05-27,4.6
3815,DE0005557508,2021-05-27,17.186
1806,BE0974303357,2021-05-27,2.773
14909,GR0114031561,2021-05-27,110.09
4847,DE0006599905,2021-05-27,147.6
5105,DE0007100000,2021-05-27,76.36
4589,DE0006047004,2021-05-27,74.42
6137,DE000A0H0728,2021-05-27,18.793
4331,DE0005933956,2021-05-27,41.115
13619,FR0013176526,2021-05-27,26.5
11555,FR0000125007,2021-05-27,54.98
12845,FR0007054358,2021-05-27,39.345
12587,FR0000133308,2021-05-27,10.344
7169,DE000BAY0017,2021-05-27,53.1
5621,DE0008404005,2021-05-27,213.45
17489,GRC1451184D4,2021-05-27,104.1
10007,FI0009000681,2021-05-27,4.106
6911,DE000BASF111,2021-05-27,69.12
8459,ES0113900J37,2021-05-27,3.3745
14135,GB00B15KXV33,2021-05-27,4.8928537
10523,FR0000120271,2021-05-27,39.0
7943,ES0000012F43,2021-05-27,102.162827
13103,FR0010315770,2021-05-27,242.05
11813,FR0000125486,2021-05-27,93.68
11297,FR0000121014,2021-05-27,640.6
11039,FR0000120628,2021-05-27,22.22
12329,FR0000131906,2021-05-27,32.315
10265,FI0009003305,2021-05-27,38.9
10781,FR0000120578,2021-05-27,88.66
12071,FR0000131104,2021-05-27,54.65
5363,DE0007164600,2021-05-27,115.0
1548,BE0974293251,2021-05-27,61.42
6653,DE000A0H08R2,2021-05-27,21.0
4073,DE0005933931,2021-05-27,131.16
8717,ES0144580Y14,2021-05-27,11.47
7685,ES0000012A89,2021-05-27,109.456345
9233,ES0178430E18,2021-05-27,4.139
9751,EU000A1U9985,2021-05-31,100.801292
9491,EU000A1G0D39,2021-05-27,101.538086
2354,CY0109232112,2021-07-12,0.12
518,AU3CB0258465,2021-05-31,68.26279
16200,GR0124036709,2021-05-28,106.32
798,AU3SG0001985,2021-06-30,62.317405
16715,GR0128016731,2021-05-27,108.76
13878,FR0013480613,2021-05-28,94.141411
8202,ES0000012G00,2021-05-28,89.312569
15684,GR0118020685,2021-05-28,109.49
3042,DE0001102457,2021-05-28,104.728928
15426,GR0118019679,2021-05-28,108.49
2355,CY0109232112,2021-07-13,0.12
2784,DE0001102325,2021-05-28,106.066437
17232,GRC1441197B3,2021-05-28,97.4
802,AU3SG0001985,2021-07-06,63.086777
8976,ES0173516115,2021-05-28,10.86
5880,DE000A0DEN75,2021-05-28,98.073532
15942,GR0124035693,2021-05-28,124.4
7944,ES0000012F43,2021-05-28,102.65937
6396,DE000A0H08Q4,2021-05-28,66.17
16201,GR0124036709,2021-05-31,106.32
3558,DE0005552004,2021-05-28,49.26
3300,DE0002635307,2021-05-28,44.685
2065,CH0198251305,2021-05-28,29.1
7428,ES00000121G2,2021-05-28,114.133926
3816,DE0005557508,2021-05-28,16.59
1,100974271034,2021-05-28,4.7
1291,BE0974271034,2021-05-28,4.6
4590,DE0006047004,2021-05-28,75.4
6138,DE000A0H0728,2021-05-28,19.264
5106,DE0007100000,2021-05-28,77.42
4848,DE0006599905,2021-05-28,147.6
17490,GRC1451184D4,2021-05-28,104.4
13620,FR0013176526,2021-05-28,25.82
11556,FR0000125007,2021-05-28,54.6
10008,FI0009000681,2021-05-28,4.12
12846,FR0007054358,2021-05-28,39.75
4332,DE0005933956,2021-05-28,40.185
8460,ES0113900J37,2021-05-28,3.3585
7170,DE000BAY0017,2021-05-28,53.46
10524,FR0000120271,2021-05-28,38.47
10782,FR0000120578,2021-05-28,86.87
5622,DE0008404005,2021-05-28,217.1
12330,FR0000131906,2021-05-28,34.21
12588,FR0000133308,2021-05-28,10.344
6912,DE000BASF111,2021-05-28,66.72
11814,FR0000125486,2021-05-28,92.84
13104,FR0010315770,2021-05-28,242.89
11298,FR0000121014,2021-05-28,648.4
11040,FR0000120628,2021-05-28,23.045
10266,FI0009003305,2021-05-28,39.0
7686,ES0000012A89,2021-05-28,109.251999
1807,BE0974303357,2021-05-28,2.776
12072,FR0000131104,2021-05-28,50.67
5364,DE0007164600,2021-05-28,114.68
6654,DE000A0H08R2,2021-05-28,21.29
4074,DE0005933931,2021-05-28,131.0
8718,ES0144580Y14,2021-05-28,11.31
1549,BE0974293251,2021-05-28,62.13
14136,GB00B15KXV33,2021-05-28,4.9025769
9492,EU000A1G0D39,2021-05-28,101.538086
9234,ES0178430E18,2021-05-28,4.044
16716,GR0128016731,2021-05-28,109.27
803,AU3SG0001985,2021-07-07,63.086777
519,AU3CB0258465,2021-06-01,67.4919
14741,GB00BN7CG237,2021-09-30,22.22966
16581,GR0124037715,2021-11-17,95.76
375,AU3CB0228823,2021-11-08,67.703934
19176,GRC4951193D4,2021-05-27,100.0
2356,CY0109232112,2021-07-14,0.12
13879,FR0013480613,2021-05-31,94.141411
15685,GR0118020685,2021-05-31,110.2
8203,ES0000012G00,2021-05-31,89.267906
16202,GR0124036709,2021-06-01,106.42
15427,GR0118019679,2021-05-31,108.48
3043,DE0001102457,2021-05-31,104.825409
804,AU3SG0001985,2021-07-08,63.553345
17233,GRC1441197B3,2021-05-31,98.4
2785,DE0001102325,2021-05-31,106.043488
7945,ES0000012F43,2021-05-31,102.65937
8977,ES0173516115,2021-05-31,10.96
15943,GR0124035693,2021-05-31,124.4
5881,DE000A0DEN75,2021-05-31,98.093506
19916,GRC813119AD1,2021-05-27,100.2
6397,DE000A0H08Q4,2021-05-31,66.85
3301,DE0002635307,2021-05-31,44.685
2066,CH0198251305,2021-05-31,29.6
3559,DE0005552004,2021-05-31,48.61
20174,GRC815117CD9,2021-05-27,100.0
3817,DE0005557508,2021-05-31,17.05
17491,GRC1451184D4,2021-05-31,104.4
2,100974271034,2021-05-31,5.0
4591,DE0006047004,2021-05-31,73.42
1292,BE0974271034,2021-05-31,4.57
5107,DE0007100000,2021-05-31,75.08
13621,FR0013176526,2021-05-31,27.27
6139,DE000A0H0728,2021-05-31,19.2
11557,FR0000125007,2021-05-31,55.14
4849,DE0006599905,2021-05-31,144.9
10009,FI0009000681,2021-05-31,4.28
12847,FR0007054358,2021-05-31,39.865
8461,ES0113900J37,2021-05-31,3.4505
10783,FR0000120578,2021-05-31,87.96
12331,FR0000131906,2021-05-31,33.685
4333,DE0005933956,2021-05-31,40.735
7687,ES0000012A89,2021-05-31,108.529518
10525,FR0000120271,2021-05-31,38.045
11815,FR0000125486,2021-05-31,92.84
13105,FR0010315770,2021-05-31,243.82
11299,FR0000121014,2021-05-31,625.0
11041,FR0000120628,2021-05-31,22.935
5623,DE0008404005,2021-05-31,216.9
12589,FR0000133308,2021-05-31,10.234
6913,DE000BASF111,2021-05-31,66.72
10267,FI0009003305,2021-05-31,39.0
1808,BE0974303357,2021-05-31,2.72
12073,FR0000131104,2021-05-31,56.48
5365,DE0007164600,2021-05-31,115.58
6655,DE000A0H08R2,2021-05-31,21.39
4075,DE0005933931,2021-05-31,131.74
8719,ES0144580Y14,2021-05-31,11.27
1550,BE0974293251,2021-05-31,62.34
805,AU3SG0001985,2021-07-09,63.553345
376,AU3CB0228823,2021-11-09,68.132774
14137,GB00B15KXV33,2021-05-31,4.9412832
16203,GR0124036709,2021-06-02,106.42
9235,ES0178430E18,2021-05-31,4.032
9493,EU000A1G0D39,2021-05-31,101.538086
520,AU3CB0258465,2021-06-02,68.703181
15686,GR0118020685,2021-06-01,110.2
19177,GRC4951193D4,2021-05-28,100.1
13880,FR0013480613,2021-06-01,94.354576
8204,ES0000012G00,2021-06-01,89.267906
9753,EU000A1U9985,2021-06-02,100.801292
15428,GR0118019679,2021-06-01,108.55
3044,DE0001102457,2021-06-01,104.312614
17234,GRC1441197B3,2021-06-01,98.8
7946,ES0000012F43,2021-06-01,102.764122
2786,DE0001102325,2021-06-01,106.00882
20432,GRC8161185B1,2021-05-27,103.0
19917,GRC813119AD1,2021-05-28,100.1
8978,ES0173516115,2021-06-01,10.92
15944,GR0124035693,2021-06-01,124.4
5882,DE000A0DEN75,2021-06-01,98.093506
7179,DE000BAY0017,2021-06-10,52.9
14742,GB00BN7CG237,2021-10-01,22.222551
6398,DE000A0H08Q4,2021-06-01,66.85
806,AU3SG0001985,2021-07-12,63.583176
7430,ES00000121G2,2021-06-01,114.106651
16204,GR0124036709,2021-06-03,106.75
16717,GR0128016731,2021-05-31,110.4
3302,DE0002635307,2021-06-01,44.76
20175,GRC815117CD9,2021-05-28,100.3
2067,CH0198251305,2021-06-01,29.29
17492,GRC1451184D4,2021-06-01,104.3
3560,DE0005552004,2021-06-01,47.05
3818,DE0005557508,2021-06-01,16.564
3,100974271034,2021-06-01,4.6
11558,FR0000125007,2021-06-01,54.94
5108,DE0007100000,2021-06-01,76.36
4592,DE0006047004,2021-06-01,74.66
13622,FR0013176526,2021-06-01,26.75
6140,DE000A0H0728,2021-06-01,19.364
1293,BE0974271034,2021-06-01,4.57
10010,FI0009000681,2021-06-01,4.248
4850,DE0006599905,2021-06-01,147.6
12848,FR0007054358,2021-06-01,39.785
7688,ES0000012A89,2021-06-01,109.212021
10784,FR0000120578,2021-06-01,86.97
12332,FR0000131906,2021-06-01,33.74
377,AU3CB0228823,2021-11-10,67.56792
8462,ES0113900J37,2021-06-01,3.424
11300,FR0000121014,2021-06-01,612.3
4334,DE0005933956,2021-06-01,40.98
10526,FR0000120271,2021-06-01,37.905
13106,FR0010315770,2021-06-01,242.2
11816,FR0000125486,2021-06-01,93.4
11042,FR0000120628,2021-06-01,22.445
12590,FR0000133308,2021-06-01,10.41
5624,DE0008404005,2021-06-01,216.85
10268,FI0009003305,2021-06-01,38.1
12074,FR0000131104,2021-06-01,55.4
6914,DE000BASF111,2021-06-01,66.72
1809,BE0974303357,2021-06-01,2.795
6656,DE000A0H08R2,2021-06-01,21.39
5366,DE0007164600,2021-06-01,113.64
8720,ES0144580Y14,2021-06-01,10.995
4076,DE0005933931,2021-06-01,131.28
14912,GR0114031561,2021-06-01,110.09
15687,GR0118020685,2021-06-02,109.28
13881,FR0013480613,2021-06-02,94.354576
1551,BE0974293251,2021-06-01,61.56
8205,ES0000012G00,2021-06-02,89.267906
19178,GRC4951193D4,2021-05-31,100.2
14138,GB00B15KXV33,2021-06-01,4.8861504
15360,GR0114032577,2022-02-22,94.2
9236,ES0178430E18,2021-06-01,4.139
14743,GB00BN7CG237,2021-10-04,21.287514
15429,GR0118019679,2021-06-02,108.28
9494,EU000A1G0D39,2021-06-01,101.538086
523,AU3CB0258465,2021-06-07,67.777962
3045,DE0001102457,2021-06-02,104.755379
7947,ES0000012F43,2021-06-02,102.75956
9754,EU000A1U9985,2021-06-03,100.801292
17235,GRC1441197B3,2021-06-02,97.5
16205,GR0124036709,2021-06-04,106.75
19918,GRC813119AD1,2021-05-31,100.1
2787,DE0001102325,2021-06-02,106.004181
20433,GRC8161185B1,2021-05-28,102.0
15945,GR0124035693,2021-06-02,124.7
8979,ES0173516115,2021-06-02,11.04
807,AU3SG0001985,2021-07-13,62.679137
5883,DE000A0DEN75,2021-06-02,98.230278
7431,ES00000121G2,2021-06-02,114.106651
6399,DE000A0H08Q4,2021-06-02,66.85
19637,GRC5091217D9,2022-04-25,92.28547
17493,GRC1451184D4,2021-06-02,104.5
15688,GR0118020685,2021-06-03,110.2
20176,GRC815117CD9,2021-05-31,100.3
3303,DE0002635307,2021-06-02,44.6
15361,GR0114032577,2022-02-23,94.06
3561,DE0005552004,2021-06-02,46.27
2068,CH0198251305,2021-06-02,28.95
3819,DE0005557508,2021-06-02,16.564
7182,DE000BAY0017,2021-06-15,53.27
14744,GB00BN7CG237,2021-10-05,21.287514
11559,FR0000125007,2021-06-02,54.6
13882,FR0013480613,2021-06-03,94.354576
13623,FR0013176526,2021-06-02,27.42
5109,DE0007100000,2021-06-02,77.75
4,100974271034,2021-06-02,4.7
4593,DE0006047004,2021-06-02,76.06
10011,FI0009000681,2021-06-02,4.2525
12849,FR0007054358,2021-06-02,40.12
1294,BE0974271034,2021-06-02,4.61
7689,ES0000012A89,2021-06-02,109.276947
4851,DE0006599905,2021-06-02,146.6
14913,GR0114031561,2021-06-02,110.28
8206,ES0000012G00,2021-06-03,89.698906
10785,FR0000120578,2021-06-02,85.86
12333,FR0000131906,2021-06-02,34.02
6141,DE000A0H0728,2021-06-02,19.512
12591,FR0000133308,2021-06-02,10.448
11301,FR0000121014,2021-06-02,610.2
10527,FR0000120271,2021-06-02,38.82
8463,ES0113900J37,2021-06-02,3.478
13107,FR0010315770,2021-06-02,242.2
11817,FR0000125486,2021-06-02,93.96
11043,FR0000120628,2021-06-02,22.545
12075,FR0000131104,2021-06-02,55.6
4335,DE0005933956,2021-06-02,41.005
10269,FI0009003305,2021-06-02,38.5
5625,DE0008404005,2021-06-02,214.3
1810,BE0974303357,2021-06-02,2.685
6657,DE000A0H08R2,2021-06-02,21.22
6915,DE000BASF111,2021-06-02,67.92
8721,ES0144580Y14,2021-06-02,11.55
5367,DE0007164600,2021-06-02,114.92
19858,GRC5211214B5,2022-03-03,98.5
19179,GRC4951193D4,2021-06-01,99.1
1552,BE0974293251,2021-06-02,62.28
16206,GR0124036709,2021-06-07,106.61
4078,DE0005933931,2021-06-03,132.32
15430,GR0118019679,2021-06-03,108.82
7948,ES0000012F43,2021-06-03,102.882187
3046,DE0001102457,2021-06-03,104.278862
9237,ES0178430E18,2021-06-02,3.865
19638,GRC5091217D9,2022-04-26,92.28547
14139,GB00B15KXV33,2021-06-02,4.9660875
17236,GRC1441197B3,2021-06-03,98.1
524,AU3CB0258465,2021-06-08,67.914467
19919,GRC813119AD1,2021-06-01,100.6
808,AU3SG0001985,2021-07-14,63.583176
9755,EU000A1U9985,2021-06-04,100.800804
15946,GR0124035693,2021-06-03,124.7
8980,ES0173516115,2021-06-03,11.31
9495,EU000A1G0D39,2021-06-02,101.538086
20434,GRC8161185B1,2021-05-31,102.3
20690,GRC8171186B7,2021-05-27,98.0
7432,ES00000121G2,2021-06-03,114.106651
5884,DE000A0DEN75,2021-06-03,98.025902
6400,DE000A0H08Q4,2021-06-03,66.85
19639,GRC5091217D9,2022-04-27,92.0817
16718,GR0128016731,2021-06-01,110.4
13883,FR0013480613,2021-06-04,94.105713
16207,GR0124036709,2021-06-08,106.61
15362,GR0114032577,2022-02-24,94.4
8207,ES0000012G00,2021-06-04,87.043854
17494,GRC1451184D4,2021-06-03,104.7
20177,GRC815117CD9,2021-06-01,100.3
14914,GR0114031561,2021-06-03,110.28
809,AU3SG0001985,2021-07-15,63.583176
3304,DE0002635307,2021-06-03,45.12
3562,DE0005552004,2021-06-03,55.71
2069,CH0198251305,2021-06-03,28.95
3820,DE0005557508,2021-06-03,17.26
7183,DE000BAY0017,2021-06-16,53.56
11560,FR0000125007,2021-06-03,55.14
5110,DE0007100000,2021-06-03,76.43
10012,FI0009000681,2021-06-03,4.28
5,100974271034,2021-06-03,4.7
4594,DE0006047004,2021-06-03,76.64
7690,ES0000012A89,2021-06-03,109.251999
12850,FR0007054358,2021-06-03,40.275
4852,DE0006599905,2021-06-03,146.5
1295,BE0974271034,2021-06-03,4.6
15689,GR0118020685,2021-06-04,109.28
12592,FR0000133308,2021-06-03,10.56
10786,FR0000120578,2021-06-03,85.51
12334,FR0000131906,2021-06-03,34.58
19860,GRC5211214B5,2022-03-07,96.0
11302,FR0000121014,2021-06-03,661.0
8464,ES0113900J37,2021-06-03,3.478
13108,FR0010315770,2021-06-03,243.93
19180,GRC4951193D4,2021-06-02,100.2
10528,FR0000120271,2021-06-03,38.277
12076,FR0000131104,2021-06-03,55.6
11818,FR0000125486,2021-06-03,93.87
11044,FR0000120628,2021-06-03,22.805
6142,DE000A0H0728,2021-06-03,19.2
4336,DE0005933956,2021-06-03,41.105
6658,DE000A0H08R2,2021-06-03,21.43
10270,FI0009003305,2021-06-03,38.7
5626,DE0008404005,2021-06-03,216.5
8722,ES0144580Y14,2021-06-03,10.775
6916,DE000BASF111,2021-06-03,68.07
5368,DE0007164600,2021-06-03,113.64
15431,GR0118019679,2021-06-04,108.84
7949,ES0000012F43,2021-06-04,102.783463
1553,BE0974293251,2021-06-03,63.37
13624,FR0013176526,2021-06-03,25.83
4079,DE0005933931,2021-06-04,131.5
19640,GRC5091217D9,2022-04-28,92.3997
3047,DE0001102457,2021-06-04,104.798012
19920,GRC813119AD1,2021-06-02,100.5
17237,GRC1441197B3,2021-06-04,97.9
525,AU3CB0258465,2021-06-09,67.93248
810,AU3SG0001985,2021-07-16,63.940254
9238,ES0178430E18,2021-06-03,3.865
14140,GB00B15KXV33,2021-06-03,4.8173275
15947,GR0124035693,2021-06-04,124.8
1811,BE0974303357,2021-06-03,2.655
8981,ES0173516115,2021-06-04,11.31
15363,GR0114032577,2022-02-25,94.37
20435,GRC8161185B1,2021-06-01,103.0
16208,GR0124036709,2021-06-09,106.64
20691,GRC8171186B7,2021-05-28,98.5
19070,GRC4261213D5,2021-12-27,98.3045
5885,DE000A0DEN75,2021-06-04,98.230278
14748,GB00BN7CG237,2021-10-11,20.864683
13884,FR0013480613,2021-06-07,94.395805
19641,GRC5091217D9,2022-04-29,92.3997
6401,DE000A0H08Q4,2021-06-04,67.07
7433,ES00000121G2,2021-06-04,114.080528
8208,ES0000012G00,2021-06-07,89.457642
14915,GR0114031561,2021-06-04,110.27
15690,GR0118020685,2021-06-07,110.2
811,AU3SG0001985,2021-07-19,64.093941
17495,GRC1451184D4,2021-06-04,104.7
20178,GRC815117CD9,2021-06-02,100.3
3563,DE0005552004,2021-06-04,46.27
3305,DE0002635307,2021-06-04,45.125
3821,DE0005557508,2021-06-04,17.266
2070,CH0198251305,2021-06-04,29.6
11561,FR0000125007,2021-06-04,54.82
7691,ES0000012A89,2021-06-04,108.529518
7184,DE000BAY0017,2021-06-17,52.98
10013,FI0009000681,2021-06-04,4.28
5111,DE0007100000,2021-06-04,74.38
12851,FR0007054358,2021-06-04,40.185
6,100974271034,2021-06-04,4.6
4595,DE0006047004,2021-06-04,76.54
19181,GRC4951193D4,2021-06-03,100.0
15432,GR0118019679,2021-06-07,108.91
4853,DE0006599905,2021-06-04,148.2
12593,FR0000133308,2021-06-04,10.34
1296,BE0974271034,2021-06-04,4.6
12335,FR0000131906,2021-06-04,34.86
10787,FR0000120578,2021-06-04,85.51
7950,ES0000012F43,2021-06-07,102.926361
11303,FR0000121014,2021-06-04,661.0
12077,FR0000131104,2021-06-04,57.44
6143,DE000A0H0728,2021-06-04,19.512
13109,FR0010315770,2021-06-04,244.36
8465,ES0113900J37,2021-06-04,3.3745
11819,FR0000125486,2021-06-04,92.92
10529,FR0000120271,2021-06-04,39.865
11045,FR0000120628,2021-06-04,23.68
19921,GRC813119AD1,2021-06-03,100.8
6659,DE000A0H08R2,2021-06-04,21.44
19642,GRC5091217D9,2022-05-02,91.9238
3048,DE0001102457,2021-06-07,104.9813
10271,FI0009003305,2021-06-04,39.8
4337,DE0005933956,2021-06-04,41.115
5627,DE0008404005,2021-06-04,220.1
16719,GR0128016731,2021-06-02,110.4
5369,DE0007164600,2021-06-04,114.92
6917,DE000BASF111,2021-06-04,68.23
17238,GRC1441197B3,2021-06-07,97.5
13625,FR0013176526,2021-06-04,28.08
16209,GR0124036709,2021-06-10,106.35
1554,BE0974293251,2021-06-04,63.37
4080,DE0005933931,2021-06-07,131.02
526,AU3CB0258465,2021-06-10,67.93248
8725,ES0144580Y14,2021-06-08,10.798
812,AU3SG0001985,2021-07-20,64.333908
16590,GR0124037715,2021-11-30,95.13
15948,GR0124035693,2021-06-07,124.8
8982,ES0173516115,2021-06-07,11.39
9239,ES0178430E18,2021-06-04,3.875
13885,FR0013480613,2021-06-08,94.395805
20436,GRC8161185B1,2021-06-02,102.0
14141,GB00B15KXV33,2021-06-04,4.6771241
5886,DE000A0DEN75,2021-06-07,97.970581
20692,GRC8171186B7,2021-05-31,98.0
19071,GRC4261213D5,2021-12-28,98.5894
15365,GR0114032577,2022-03-01,94.38
8209,ES0000012G00,2021-06-08,89.395752
2790,DE0001102325,2021-06-07,105.9823
7434,ES00000121G2,2021-06-07,114.080528
19643,GRC5091217D9,2022-05-03,92.4595
9757,EU000A1U9985,2021-06-08,100.796402
6402,DE000A0H08Q4,2021-06-07,66.69
15691,GR0118020685,2021-06-08,109.56
14916,GR0114031561,2021-06-07,110.2
1812,BE0974303357,2021-06-04,2.655
813,AU3SG0001985,2021-07-21,64.201508
1058,AU3SG0002199,2021-07-02,63.598658
17496,GRC1451184D4,2021-06-07,104.5
15433,GR0118019679,2021-06-08,108.86
16210,GR0124036709,2021-06-11,106.94
20179,GRC815117CD9,2021-06-03,100.3
7951,ES0000012F43,2021-06-08,102.926361
3306,DE0002635307,2021-06-07,45.345
19182,GRC4951193D4,2021-06-04,98.6
3822,DE0005557508,2021-06-07,17.266
3564,DE0005552004,2021-06-07,46.27
2071,CH0198251305,2021-06-07,29.45
7692,ES0000012A89,2021-06-07,109.340706
11562,FR0000125007,2021-06-07,54.6
5112,DE0007100000,2021-06-07,74.04
10014,FI0009000681,2021-06-07,4.511
12852,FR0007054358,2021-06-07,40.3
7185,DE000BAY0017,2021-06-18,53.62
12594,FR0000133308,2021-06-07,10.23
7,100974271034,2021-06-07,4.7
3049,DE0001102457,2021-06-08,104.887383
4596,DE0006047004,2021-06-07,76.54
4854,DE0006599905,2021-06-07,147.0
19644,GRC5091217D9,2022-05-04,91.8
15366,GR0114032577,2022-03-02,94.38
17239,GRC1441197B3,2021-06-08,98.0
1297,BE0974271034,2021-06-07,4.57
12336,FR0000131906,2021-06-07,34.18
10788,FR0000120578,2021-06-07,85.86
6144,DE000A0H0728,2021-06-07,19.576
11304,FR0000121014,2021-06-07,654.3
12078,FR0000131104,2021-06-07,57.11
8466,ES0113900J37,2021-06-07,3.475
13110,FR0010315770,2021-06-07,245.05
11820,FR0000125486,2021-06-07,92.92
11046,FR0000120628,2021-06-07,22.79
10530,FR0000120271,2021-06-07,39.865
6660,DE000A0H08R2,2021-06-07,21.31
10272,FI0009003305,2021-06-07,38.5
527,AU3CB0258465,2021-06-11,67.750008
4338,DE0005933956,2021-06-07,41.21
5370,DE0007164600,2021-06-07,114.1
6918,DE000BASF111,2021-06-07,68.67
5628,DE0008404005,2021-06-07,218.35
13626,FR0013176526,2021-06-07,28.18
1555,BE0974293251,2021-06-07,63.37
814,AU3SG0001985,2021-07-22,63.843739
15949,GR0124035693,2021-06-08,124.59
13886,FR0013480613,2021-06-09,94.863091
16720,GR0128016731,2021-06-03,108.06
9504,EU000A1G0D39,2021-06-15,101.564919
8726,ES0144580Y14,2021-06-09,10.782
8983,ES0173516115,2021-06-08,11.24
19072,GRC4261213D5,2021-12-29,98.5894
20948,GRF000011004,2021-05-27,4.1637
8210,ES0000012G00,2021-06-09,90.327621
4083,DE0005933931,2021-06-10,132.24
20437,GRC8161185B1,2021-06-03,102.0
7435,ES00000121G2,2021-06-08,114.072189
5887,DE000A0DEN75,2021-06-08,97.95002
15692,GR0118020685,2021-06-09,109.6
2791,DE0001102325,2021-06-08,105.9823
15367,GR0114032577,2022-03-03,94.38
19645,GRC5091217D9,2022-05-05,91.8
20693,GRC8171186B7,2021-06-01,97.5
9240,ES0178430E18,2021-06-07,3.868
14142,GB00B15KXV33,2021-06-07,4.0931533
16211,GR0124036709,2021-06-14,107.5
6403,DE000A0H08Q4,2021-06-08,67.36
14917,GR0114031561,2021-06-08,110.2
14749,GB00BN7CG237,2021-10-12,20.700886
15434,GR0118019679,2021-06-09,108.79
815,AU3SG0001985,2021-07-23,63.629051
7952,ES0000012F43,2021-06-09,103.077904
1813,BE0974303357,2021-06-07,2.655
17497,GRC1451184D4,2021-06-08,104.8
19183,GRC4951193D4,2021-06-07,99.0
380,AU3CB0228823,2021-11-15,68.138331
3050,DE0001102457,2021-06-09,104.99427
20180,GRC815117CD9,2021-06-04,100.0
3307,DE0002635307,2021-06-08,45.415
17240,GRC1441197B3,2021-06-09,98.0
3823,DE0005557508,2021-06-08,17.26
3565,DE0005552004,2021-06-08,46.27
15368,GR0114032577,2022-03-04,95.2
7693,ES0000012A89,2021-06-08,109.331184
2072,CH0198251305,2021-06-08,28.95
19646,GRC5091217D9,2022-05-06,92.4595
12595,FR0000133308,2021-06-08,10.53
10015,FI0009000681,2021-06-08,4.15
5113,DE0007100000,2021-06-08,79.56
12853,FR0007054358,2021-06-08,40.355
7186,DE000BAY0017,2021-06-21,52.91
8,100974271034,2021-06-08,4.7
4597,DE0006047004,2021-06-08,75.7
4855,DE0006599905,2021-06-08,147.0
528,AU3CB0258465,2021-06-14,67.750008
12337,FR0000131906,2021-06-08,34.51
10789,FR0000120578,2021-06-08,86.18
1298,BE0974271034,2021-06-08,4.57
11563,FR0000125007,2021-06-08,55.7
6145,DE000A0H0728,2021-06-08,19.62
12079,FR0000131104,2021-06-08,57.11
11305,FR0000121014,2021-06-08,657.3
13887,FR0013480613,2021-06-10,95.574898
13111,FR0010315770,2021-06-08,244.79
8467,ES0113900J37,2021-06-08,3.424
11821,FR0000125486,2021-06-08,93.74
11047,FR0000120628,2021-06-08,22.85
10531,FR0000120271,2021-06-08,36.905
10273,FI0009003305,2021-06-08,38.5
6661,DE000A0H08R2,2021-06-08,21.22
5371,DE0007164600,2021-06-08,114.54
5629,DE0008404005,2021-06-08,217.75
4339,DE0005933956,2021-06-08,41.405
6919,DE000BASF111,2021-06-08,67.92
13627,FR0013176526,2021-06-08,28.22
15950,GR0124035693,2021-06-09,124.8
8211,ES0000012G00,2021-06-10,91.092186
816,AU3SG0001985,2021-07-26,63.805557
8984,ES0173516115,2021-06-09,11.29
16212,GR0124036709,2021-06-15,107.5
1556,BE0974293251,2021-06-08,64.05
20438,GRC8161185B1,2021-06-04,103.0
9505,EU000A1G0D39,2021-06-16,101.538086
5888,DE000A0DEN75,2021-06-09,98.230278
15369,GR0114032577,2022-03-07,95.49
20949,GRF000011004,2021-05-28,4.1546
19647,GRC5091217D9,2022-05-09,92.4583
4084,DE0005933931,2021-06-11,132.32
20694,GRC8171186B7,2021-06-02,98.0
6404,DE000A0H08Q4,2021-06-09,67.36
14918,GR0114031561,2021-06-09,110.2
9241,ES0178430E18,2021-06-08,3.836
8730,ES0144580Y14,2021-06-15,10.255
15435,GR0118019679,2021-06-10,108.65
7953,ES0000012F43,2021-06-10,102.923485
14143,GB00B15KXV33,2021-06-08,4.8297837
817,AU3SG0001985,2021-07-27,63.979561
19184,GRC4951193D4,2021-06-08,100.0
3051,DE0001102457,2021-06-10,105.230537
17498,GRC1451184D4,2021-06-09,104.8
1814,BE0974303357,2021-06-08,2.685
17241,GRC1441197B3,2021-06-10,98.0
3308,DE0002635307,2021-06-09,45.535
3566,DE0005552004,2021-06-09,45.67
3824,DE0005557508,2021-06-09,17.49
529,AU3CB0258465,2021-06-15,67.750008
7694,ES0000012A89,2021-06-09,109.331184
20181,GRC815117CD9,2021-06-07,100.0
2073,CH0198251305,2021-06-09,29.72
13888,FR0013480613,2021-06-11,94.850792
16213,GR0124036709,2021-06-16,107.71
12596,FR0000133308,2021-06-09,10.5
19861,GRC5211214B5,2022-03-08,98.4
10016,FI0009000681,2021-06-09,4.6005
5114,DE0007100000,2021-06-09,79.56
12854,FR0007054358,2021-06-09,40.355
9,100974271034,2021-06-09,4.6
4598,DE0006047004,2021-06-09,75.86
7187,DE000BAY0017,2021-06-22,52.33
4856,DE0006599905,2021-06-09,147.0
10790,FR0000120578,2021-06-09,85.33
1299,BE0974271034,2021-06-09,4.57
6146,DE000A0H0728,2021-06-09,19.62
12338,FR0000131906,2021-06-09,34.51
381,AU3CB0228823,2021-11-16,67.868555
8212,ES0000012G00,2021-06-11,90.625412
11306,FR0000121014,2021-06-09,657.3
11564,FR0000125007,2021-06-09,57.7
12080,FR0000131104,2021-06-09,56.24
15951,GR0124035693,2021-06-10,124.7
13112,FR0010315770,2021-06-09,245.03
8468,ES0113900J37,2021-06-09,3.3985
11822,FR0000125486,2021-06-09,93.35
11048,FR0000120628,2021-06-09,22.805
10532,FR0000120271,2021-06-09,37.845
6662,DE000A0H08R2,2021-06-09,21.62
10274,FI0009003305,2021-06-09,38.4
5372,DE0007164600,2021-06-09,114.04
8985,ES0173516115,2021-06-10,11.26
13628,FR0013176526,2021-06-09,27.6
5630,DE0008404005,2021-06-09,218.2
6920,DE000BASF111,2021-06-09,68.12
4340,DE0005933956,2021-06-09,41.82
818,AU3SG0001985,2021-07-28,64.192726
1557,BE0974293251,2021-06-09,63.37
5889,DE000A0DEN75,2021-06-10,97.865341
20439,GRC8161185B1,2021-06-07,103.0
2793,DE0001102325,2021-06-10,105.9823
20695,GRC8171186B7,2021-06-03,98.0
4085,DE0005933931,2021-06-14,132.64
20950,GRF000011004,2021-05-31,4.1991
7438,ES00000121G2,2021-06-11,114.216461
7954,ES0000012F43,2021-06-11,103.362175
15436,GR0118019679,2021-06-11,108.86
6405,DE000A0H08Q4,2021-06-10,67.11
19073,GRC4261213D5,2021-12-30,98.14662
9242,ES0178430E18,2021-06-09,3.78
8731,ES0144580Y14,2021-06-16,10.825
16214,GR0124036709,2021-06-17,107.67
3052,DE0001102457,2021-06-11,105.230537
19185,GRC4951193D4,2021-06-09,100.5
14144,GB00B15KXV33,2021-06-09,4.0768433
17242,GRC1441197B3,2021-06-11,98.2
819,AU3SG0001985,2021-07-29,64.192726
17499,GRC1451184D4,2021-06-10,104.8
16721,GR0128016731,2021-06-04,110.4
13889,FR0013480613,2021-06-14,95.6241
1815,BE0974303357,2021-06-09,2.75
530,AU3CB0258465,2021-06-16,67.87429
3309,DE0002635307,2021-06-10,45.49
7695,ES0000012A89,2021-06-10,109.340706
8213,ES0000012G00,2021-06-14,90.625412
3825,DE0005557508,2021-06-10,17.356
3567,DE0005552004,2021-06-10,45.44
2074,CH0198251305,2021-06-10,30.07
20182,GRC815117CD9,2021-06-08,100.0
10017,FI0009000681,2021-06-10,4.577
5115,DE0007100000,2021-06-10,79.32
12855,FR0007054358,2021-06-10,40.3
12597,FR0000133308,2021-06-10,10.22
10,100974271034,2021-06-10,4.6
4599,DE0006047004,2021-06-10,74.06
15952,GR0124035693,2021-06-11,124.75
4857,DE0006599905,2021-06-10,146.4
17935,GRC419120AD7,2021-08-04,101.52
7188,DE000BAY0017,2021-06-23,51.36
10791,FR0000120578,2021-06-10,86.5
6147,DE000A0H0728,2021-06-10,19.956
12339,FR0000131906,2021-06-10,34.18
1300,BE0974271034,2021-06-10,4.55
8986,ES0173516115,2021-06-11,11.29
11307,FR0000121014,2021-06-10,657.3
12081,FR0000131104,2021-06-10,56.23
13113,FR0010315770,2021-06-10,245.39
11823,FR0000125486,2021-06-10,93.4
8469,ES0113900J37,2021-06-10,3.461
11049,FR0000120628,2021-06-10,22.835
10533,FR0000120271,2021-06-10,40.015
6663,DE000A0H08R2,2021-06-10,21.39
10275,FI0009003305,2021-06-10,38.5
5373,DE0007164600,2021-06-10,113.58
13629,FR0013176526,2021-06-10,27.7
5631,DE0008404005,2021-06-10,217.5
6921,DE000BASF111,2021-06-10,68.61
4341,DE0005933956,2021-06-10,41.73
820,AU3SG0001985,2021-07-30,64.087555
19649,GRC5091217D9,2022-05-11,89.89602
5890,DE000A0DEN75,2021-06-11,97.878593
20440,GRC8161185B1,2021-06-08,101.8
11565,FR0000125007,2021-06-10,52.87
1558,BE0974293251,2021-06-10,62.85
7955,ES0000012F43,2021-06-14,103.663483
7439,ES00000121G2,2021-06-14,114.072189
16215,GR0124036709,2021-06-18,106.27
15437,GR0118019679,2021-06-14,109.34
20696,GRC8171186B7,2021-06-04,98.7
6406,DE000A0H08Q4,2021-06-11,68.09
4086,DE0005933931,2021-06-15,133.24
2794,DE0001102325,2021-06-11,105.966843
20951,GRF000011004,2021-06-01,4.0851
3053,DE0001102457,2021-06-14,105.320709
13890,FR0013480613,2021-06-15,95.6241
17243,GRC1441197B3,2021-06-14,98.5
19186,GRC4951193D4,2021-06-10,100.0
8732,ES0144580Y14,2021-06-17,10.82
9243,ES0178430E18,2021-06-10,3.967
531,AU3CB0258465,2021-06-17,67.782814
14145,GB00B15KXV33,2021-06-10,4.2201744
821,AU3SG0001985,2021-08-02,63.979561
17500,GRC1451184D4,2021-06-11,104.8
8214,ES0000012G00,2021-06-15,90.756805
1816,BE0974303357,2021-06-10,2.7
7696,ES0000012A89,2021-06-11,109.331184
3310,DE0002635307,2021-06-11,45.59
3826,DE0005557508,2021-06-11,17.672
3568,DE0005552004,2021-06-11,46.27
17936,GRC419120AD7,2021-08-05,101.52
15953,GR0124035693,2021-06-14,125.44
2075,CH0198251305,2021-06-11,30.07
10018,FI0009000681,2021-06-11,4.11
20183,GRC815117CD9,2021-06-09,100.0
12598,FR0000133308,2021-06-11,10.45
19650,GRC5091217D9,2022-05-12,92.38619
12856,FR0007054358,2021-06-11,40.345
5116,DE0007100000,2021-06-11,76.43
8987,ES0173516115,2021-06-14,11.21
11,100974271034,2021-06-11,4.6
4600,DE0006047004,2021-06-11,76.54
4858,DE0006599905,2021-06-11,155.7
7189,DE000BAY0017,2021-06-24,50.6
6148,DE000A0H0728,2021-06-11,19.956
10792,FR0000120578,2021-06-11,85.06
16216,GR0124036709,2021-06-21,106.64
12340,FR0000131906,2021-06-11,34.47
1301,BE0974271034,2021-06-11,4.65
12082,FR0000131104,2021-06-11,55.4
11308,FR0000121014,2021-06-11,657.7
13114,FR0010315770,2021-06-11,246.03
11824,FR0000125486,2021-06-11,92.84
8470,ES0113900J37,2021-06-11,3.381
11050,FR0000120628,2021-06-11,22.805
6664,DE000A0H08R2,2021-06-11,21.26
10534,FR0000120271,2021-06-11,38.915
16722,GR0128016731,2021-06-07,110.4
13630,FR0013176526,2021-06-11,27.01
10276,FI0009003305,2021-06-11,38.2
5374,DE0007164600,2021-06-11,114.52
7956,ES0000012F43,2021-06-15,103.465118
5632,DE0008404005,2021-06-11,218.3
6922,DE000BASF111,2021-06-11,68.61
15438,GR0118019679,2021-06-15,109.22
5891,DE000A0DEN75,2021-06-14,97.868927
4342,DE0005933956,2021-06-11,41.77
16591,GR0124037715,2021-12-01,95.13
822,AU3SG0001985,2021-08-03,63.814468
20441,GRC8161185B1,2021-06-09,101.8
1559,BE0974293251,2021-06-11,64.53
20697,GRC8171186B7,2021-06-07,98.0
6407,DE000A0H08Q4,2021-06-14,68.08
13891,FR0013480613,2021-06-16,94.850792
3054,DE0001102457,2021-06-15,105.320709
4087,DE0005933931,2021-06-16,133.16
17244,GRC1441197B3,2021-06-15,99.4
19187,GRC4951193D4,2021-06-11,100.0
2795,DE0001102325,2021-06-14,105.966843
11566,FR0000125007,2021-06-11,56.64
8215,ES0000012G00,2021-06-16,90.625412
14921,GR0114031561,2021-06-14,110.09
9508,EU000A1G0D39,2021-06-21,101.519966
532,AU3CB0258465,2021-06-18,67.568085
20952,GRF000011004,2021-06-02,3.8841
17937,GRC419120AD7,2021-08-06,101.5158
8733,ES0144580Y14,2021-06-18,10.825
17501,GRC1451184D4,2021-06-14,104.8
9244,ES0178430E18,2021-06-11,4.165
823,AU3SG0001985,2021-08-04,63.472801
16217,GR0124036709,2021-06-22,106.57
14146,GB00B15KXV33,2021-06-11,4.9784056
15954,GR0124035693,2021-06-15,125.52
7697,ES0000012A89,2021-06-14,109.91256
3311,DE0002635307,2021-06-14,45.87
3569,DE0005552004,2021-06-14,56.97
3827,DE0005557508,2021-06-14,17.794
8988,ES0173516115,2021-06-15,11.35
2076,CH0198251305,2021-06-14,30.04
12599,FR0000133308,2021-06-14,10.45
10019,FI0009000681,2021-06-14,4.512
12857,FR0007054358,2021-06-14,40.64
5117,DE0007100000,2021-06-14,78.25
20184,GRC815117CD9,2021-06-10,100.0
16723,GR0128016731,2021-06-08,109.98
12,100974271034,2021-06-14,4.5
4601,DE0006047004,2021-06-14,74.82
4859,DE0006599905,2021-06-14,155.0
6149,DE000A0H0728,2021-06-14,19.956
1817,BE0974303357,2021-06-11,2.735
10793,FR0000120578,2021-06-14,88.9
7957,ES0000012F43,2021-06-16,103.344101
7190,DE000BAY0017,2021-06-25,51.43
12341,FR0000131906,2021-06-14,34.47
1302,BE0974271034,2021-06-14,4.66
11309,FR0000121014,2021-06-14,668.1
12083,FR0000131104,2021-06-14,56.32
13115,FR0010315770,2021-06-14,247.76
15440,GR0118019679,2021-06-17,109.41
13631,FR0013176526,2021-06-14,27.7
8471,ES0113900J37,2021-06-14,3.4345
11051,FR0000120628,2021-06-14,22.405
5892,DE000A0DEN75,2021-06-15,97.938385
6665,DE000A0H08R2,2021-06-14,22.0
10535,FR0000120271,2021-06-14,39.82
11825,FR0000125486,2021-06-14,93.42
5375,DE0007164600,2021-06-14,115.12
10277,FI0009003305,2021-06-14,38.5
20442,GRC8161185B1,2021-06-10,103.0
6923,DE000BASF111,2021-06-14,67.64
5633,DE0008404005,2021-06-14,217.1
4343,DE0005933956,2021-06-14,42.13
13892,FR0013480613,2021-06-17,94.169334
824,AU3SG0001985,2021-08-05,63.814468
3055,DE0001102457,2021-06-16,105.079124
20698,GRC8171186B7,2021-06-08,98.0
6408,DE000A0H08Q4,2021-06-15,69.11
1560,BE0974293251,2021-06-14,63.37
17245,GRC1441197B3,2021-06-16,98.5
16592,GR0124037715,2021-12-02,95.45
8216,ES0000012G00,2021-06-17,90.625412
19188,GRC4951193D4,2021-06-14,100.7
4088,DE0005933931,2021-06-17,133.0
16218,GR0124036709,2021-06-23,106.89
14922,GR0114031561,2021-06-15,110.3
2796,DE0001102325,2021-06-15,105.942162
533,AU3CB0258465,2021-06-21,67.490562
9509,EU000A1G0D39,2021-06-22,101.490746
20953,GRF000011004,2021-06-03,4.2175
17502,GRC1451184D4,2021-06-15,104.8425
8735,ES0144580Y14,2021-06-22,10.82
11567,FR0000125007,2021-06-14,56.76
15955,GR0124035693,2021-06-16,124.75
9245,ES0178430E18,2021-06-14,4.165
825,AU3SG0001985,2021-08-06,63.814468
14147,GB00B15KXV33,2021-06-14,5.1275924
8989,ES0173516115,2021-06-16,11.47
7698,ES0000012A89,2021-06-15,109.770851
3312,DE0002635307,2021-06-15,45.88
3570,DE0005552004,2021-06-15,56.49
3828,DE0005557508,2021-06-15,17.736
7958,ES0000012F43,2021-06-17,103.465118
2077,CH0198251305,2021-06-15,30.31
10020,FI0009000681,2021-06-15,4.529
12858,FR0007054358,2021-06-15,40.345
5118,DE0007100000,2021-06-15,78.25
20185,GRC815117CD9,2021-06-11,100.0
13,100974271034,2021-06-15,4.6
15441,GR0118019679,2021-06-18,109.3
12601,FR0000133308,2021-06-16,10.23
6150,DE000A0H0728,2021-06-15,19.462
4860,DE0006599905,2021-06-15,154.1
4602,DE0006047004,2021-06-15,74.84
10794,FR0000120578,2021-06-15,88.89
17939,GRC419120AD7,2021-08-10,101.6667
12342,FR0000131906,2021-06-15,36.835
7191,DE000BAY0017,2021-06-28,51.73
13893,FR0013480613,2021-06-18,94.169334
5893,DE000A0DEN75,2021-06-16,97.938385
1303,BE0974271034,2021-06-15,4.6
11310,FR0000121014,2021-06-15,672.6
12084,FR0000131104,2021-06-15,56.32
13632,FR0013176526,2021-06-15,27.6
13116,FR0010315770,2021-06-15,247.76
11052,FR0000120628,2021-06-15,22.475
20443,GRC8161185B1,2021-06-11,103.0
8472,ES0113900J37,2021-06-15,3.4375
6666,DE000A0H08R2,2021-06-15,22.01
10536,FR0000120271,2021-06-15,39.04
11826,FR0000125486,2021-06-15,96.01
16219,GR0124036709,2021-06-24,106.86
5376,DE0007164600,2021-06-15,116.32
10278,FI0009003305,2021-06-15,38.9
3056,DE0001102457,2021-06-17,105.149597
5634,DE0008404005,2021-06-15,217.1
6924,DE000BASF111,2021-06-15,67.43
4344,DE0005933956,2021-06-15,42.13
8217,ES0000012G00,2021-06-18,90.031105
17246,GRC1441197B3,2021-06-17,98.2
6409,DE000A0H08Q4,2021-06-16,69.73
20699,GRC8171186B7,2021-06-09,97.5
826,AU3SG0001985,2021-08-09,63.873844
19189,GRC4951193D4,2021-06-15,99.2
1561,BE0974293251,2021-06-15,64.61
14923,GR0114031561,2021-06-16,110.3
534,AU3CB0258465,2021-06-22,67.658096
2797,DE0001102325,2021-06-16,105.92572
4089,DE0005933931,2021-06-18,132.08
9510,EU000A1G0D39,2021-06-23,101.48716
17503,GRC1451184D4,2021-06-16,104.8425
15956,GR0124035693,2021-06-17,125.37
19863,GRC5211214B5,2022-03-10,97.0
20954,GRF000011004,2021-06-04,3.9237
17125,GR0138017836,2021-12-27,97.9
17940,GRC419120AD7,2021-08-11,101.8027
8736,ES0144580Y14,2021-06-23,10.845
7959,ES0000012F43,2021-06-18,103.663483
8990,ES0173516115,2021-06-17,11.27
1818,BE0974303357,2021-06-14,2.71
9246,ES0178430E18,2021-06-15,4.127
7699,ES0000012A89,2021-06-16,109.731262
827,AU3SG0001985,2021-08-10,63.814468
1059,AU3SG0002199,2021-07-05,63.445302
3313,DE0002635307,2021-06-16,45.88
3571,DE0005552004,2021-06-16,56.51
14148,GB00B15KXV33,2021-06-15,4.8741293
15442,GR0118019679,2021-06-21,109.3
3829,DE0005557508,2021-06-16,17.736
13894,FR0013480613,2021-06-21,95.494995
16220,GR0124036709,2021-06-25,106.86
2078,CH0198251305,2021-06-16,30.8
10021,FI0009000681,2021-06-16,4.501
12859,FR0007054358,2021-06-16,40.345
11568,FR0000125007,2021-06-15,52.09
5119,DE0007100000,2021-06-16,78.92
12602,FR0000133308,2021-06-17,10.23
6151,DE000A0H0728,2021-06-16,19.018
14,100974271034,2021-06-16,4.8
4861,DE0006599905,2021-06-16,153.6
4603,DE0006047004,2021-06-16,73.42
5894,DE000A0DEN75,2021-06-17,98.276711
20186,GRC815117CD9,2021-06-14,100.0
10795,FR0000120578,2021-06-16,88.86
12343,FR0000131906,2021-06-16,34.47
7192,DE000BAY0017,2021-06-29,51.55
8218,ES0000012G00,2021-06-21,90.391754
3057,DE0001102457,2021-06-18,105.057732
1304,BE0974271034,2021-06-16,4.82
12085,FR0000131104,2021-06-16,56.47
11311,FR0000121014,2021-06-16,677.8
20444,GRC8161185B1,2021-06-14,103.0
13633,FR0013176526,2021-06-16,28.0
17247,GRC1441197B3,2021-06-18,98.3
13117,FR0010315770,2021-06-16,247.73
17941,GRC419120AD7,2021-08-12,101.5269
6667,DE000A0H08R2,2021-06-16,22.09
11053,FR0000120628,2021-06-16,22.745
8473,ES0113900J37,2021-06-16,3.426
11827,FR0000125486,2021-06-16,92.84
10537,FR0000120271,2021-06-16,40.915
5377,DE0007164600,2021-06-16,115.1
10279,FI0009003305,2021-06-16,40.3
6410,DE000A0H08Q4,2021-06-17,69.33
6925,DE000BASF111,2021-06-16,67.12
5635,DE0008404005,2021-06-16,219.3
4345,DE0005933956,2021-06-16,42.13
20700,GRC8171186B7,2021-06-10,97.5
19190,GRC4951193D4,2021-06-16,99.1
1060,AU3SG0002199,2021-07-06,63.58971
14924,GR0114031561,2021-06-17,110.3
535,AU3CB0258465,2021-06-23,67.20813
2798,DE0001102325,2021-06-17,105.925018
19864,GRC5211214B5,2022-03-11,96.4
7443,ES00000121G2,2021-06-18,114.03524
19074,GRC4261213D5,2021-12-31,98.15844
16593,GR0124037715,2021-12-03,95.45
828,AU3SG0001985,2021-08-11,63.847813
1562,BE0974293251,2021-06-16,64.61
4090,DE0005933931,2021-06-21,132.24
9511,EU000A1G0D39,2021-06-24,101.48716
15957,GR0124035693,2021-06-18,124.75
17942,GRC419120AD7,2021-08-13,101.454
17504,GRC1451184D4,2021-06-17,104.8425
7960,ES0000012F43,2021-06-21,102.85714
16221,GR0124036709,2021-06-28,106.87
8991,ES0173516115,2021-06-18,11.47
13895,FR0013480613,2021-06-22,95.494995
20955,GRF000011004,2021-06-07,4.2308
15443,GR0118019679,2021-06-22,109.35
7700,ES0000012A89,2021-06-17,109.772163
1061,AU3SG0002199,2021-07-07,64.11628
3314,DE0002635307,2021-06-17,45.425
3572,DE0005552004,2021-06-17,57.09
9247,ES0178430E18,2021-06-16,4.165
3830,DE0005557508,2021-06-17,17.728
2079,CH0198251305,2021-06-17,30.4
14149,GB00B15KXV33,2021-06-16,3.9045545
829,AU3SG0001985,2021-08-12,64.223961
8219,ES0000012G00,2021-06-22,90.242416
10022,FI0009000681,2021-06-17,4.529
12860,FR0007054358,2021-06-17,40.81
5895,DE000A0DEN75,2021-06-18,98.199158
5120,DE0007100000,2021-06-17,78.35
12603,FR0000133308,2021-06-18,10.23
3058,DE0001102457,2021-06-21,105.110725
6152,DE000A0H0728,2021-06-17,19.353
8740,ES0144580Y14,2021-06-29,10.47
15,100974271034,2021-06-17,4.8
4862,DE0006599905,2021-06-17,155.0
4604,DE0006047004,2021-06-17,74.36
17248,GRC1441197B3,2021-06-21,98.2
10796,FR0000120578,2021-06-17,88.89
12344,FR0000131906,2021-06-17,34.86
17943,GRC419120AD7,2021-08-16,101.55
20445,GRC8161185B1,2021-06-15,102.1
7193,DE000BAY0017,2021-06-30,53.49
1305,BE0974271034,2021-06-17,4.68
13634,FR0013176526,2021-06-17,28.0
11312,FR0000121014,2021-06-17,677.8
12086,FR0000131104,2021-06-17,56.34
11569,FR0000125007,2021-06-16,56.63
6668,DE000A0H08R2,2021-06-17,21.95
13118,FR0010315770,2021-06-17,247.73
11054,FR0000120628,2021-06-17,22.885
8474,ES0113900J37,2021-06-17,3.426
19191,GRC4951193D4,2021-06-17,99.9
11828,FR0000125486,2021-06-17,95.81
10538,FR0000120271,2021-06-17,40.885
6411,DE000A0H08Q4,2021-06-18,66.23
536,AU3CB0258465,2021-06-24,67.331924
14925,GR0114031561,2021-06-18,110.3
5378,DE0007164600,2021-06-17,118.78
1819,BE0974303357,2021-06-15,2.7
10280,FI0009003305,2021-06-17,39.5
20701,GRC8171186B7,2021-06-11,98.5
2799,DE0001102325,2021-06-18,105.925018
1062,AU3SG0002199,2021-07-08,63.957798
5636,DE0008404005,2021-06-17,221.4
6926,DE000BASF111,2021-06-17,66.1
4346,DE0005933956,2021-06-17,41.885
16222,GR0124036709,2021-06-29,106.13
1563,BE0974293251,2021-06-17,65.21
4091,DE0005933931,2021-06-22,133.3
9512,EU000A1G0D39,2021-06-25,101.478104
830,AU3SG0001985,2021-08-13,64.175446
7961,ES0000012F43,2021-06-22,102.85714
20192,GRC815117CD9,2021-06-22,100.0
15958,GR0124035693,2021-06-21,125.26
17944,GRC419120AD7,2021-08-17,101.55
13896,FR0013480613,2021-06-23,95.064766
17505,GRC1451184D4,2021-06-18,104.8425
8992,ES0173516115,2021-06-21,10.74
15444,GR0118019679,2021-06-23,109.1
384,AU3CB0228823,2021-11-19,67.398247
1063,AU3SG0002199,2021-07-09,64.55072
20956,GRF000011004,2021-06-08,4.0724
8220,ES0000012G00,2021-06-23,90.242416
7701,ES0000012A89,2021-06-18,109.536476
3315,DE0002635307,2021-06-18,45.59
3573,DE0005552004,2021-06-18,56.97
3831,DE0005557508,2021-06-18,17.794
3059,DE0001102457,2021-06-22,104.322296
5896,DE000A0DEN75,2021-06-21,98.230278
2080,CH0198251305,2021-06-18,30.8
9248,ES0178430E18,2021-06-17,4.08
17249,GRC1441197B3,2021-06-22,98.2
10023,FI0009000681,2021-06-18,4.388
12861,FR0007054358,2021-06-18,40.81
12604,FR0000133308,2021-06-21,10.35
17945,GRC419120AD7,2021-08-18,101.82
5121,DE0007100000,2021-06-18,78.35
14150,GB00B15KXV33,2021-06-17,5.2959933
6153,DE000A0H0728,2021-06-18,19.353
8741,ES0144580Y14,2021-06-30,10.355
16,100974271034,2021-06-18,4.8
4605,DE0006047004,2021-06-18,73.44
20446,GRC8161185B1,2021-06-16,102.1
4863,DE0006599905,2021-06-18,154.1
831,AU3SG0001985,2021-08-16,63.950848
10797,FR0000120578,2021-06-18,88.86
12345,FR0000131906,2021-06-18,36.745
537,AU3CB0258465,2021-06-25,67.568085
19192,GRC4951193D4,2021-06-18,99.9
7194,DE000BAY0017,2021-07-01,53.21
13635,FR0013176526,2021-06-18,28.88
14926,GR0114031561,2021-06-21,110.27
1064,AU3SG0002199,2021-07-12,63.452827
1306,BE0974271034,2021-06-18,4.75
16223,GR0124036709,2021-06-30,106.93
12087,FR0000131104,2021-06-18,57.0
11313,FR0000121014,2021-06-18,682.3
6412,DE000A0H08Q4,2021-06-21,66.55
6669,DE000A0H08R2,2021-06-18,21.95
13119,FR0010315770,2021-06-18,248.32
11055,FR0000120628,2021-06-18,23.005
8475,ES0113900J37,2021-06-18,3.364
20702,GRC8171186B7,2021-06-14,98.0
11829,FR0000125486,2021-06-18,93.74
10539,FR0000120271,2021-06-18,40.915
1820,BE0974303357,2021-06-16,2.715
5379,DE0007164600,2021-06-18,117.82
10281,FI0009003305,2021-06-18,39.3
7445,ES00000121G2,2021-06-22,113.844345
6927,DE000BASF111,2021-06-18,66.24
5637,DE0008404005,2021-06-18,221.4
4347,DE0005933956,2021-06-18,41.885
7962,ES0000012F43,2021-06-23,102.855881
13897,FR0013480613,2021-06-24,94.802719
11570,FR0000125007,2021-06-17,56.33
15959,GR0124035693,2021-06-22,125.23
1564,BE0974293251,2021-06-18,65.0
17946,GRC419120AD7,2021-08-19,101.61
9513,EU000A1G0D39,2021-06-28,101.471863
4092,DE0005933931,2021-06-23,132.86
15445,GR0118019679,2021-06-24,109.1
8993,ES0173516115,2021-06-22,10.77
1065,AU3SG0002199,2021-07-13,64.108864
17506,GRC1451184D4,2021-06-21,104.8425
832,AU3SG0001985,2021-08-17,64.157158
20193,GRC815117CD9,2021-06-23,98.4
8221,ES0000012G00,2021-06-24,89.814346
385,AU3CB0228823,2021-11-22,67.120956
7702,ES0000012A89,2021-06-21,109.088013
3060,DE0001102457,2021-06-23,104.772049
17250,GRC1441197B3,2021-06-23,98.6
20957,GRF000011004,2021-06-09,4.0259
15693,GR0118020685,2021-06-10,109.6
5897,DE000A0DEN75,2021-06-22,98.230278
3316,DE0002635307,2021-06-21,45.59
3574,DE0005552004,2021-06-21,48.16
16224,GR0124036709,2021-07-01,106.81
3832,DE0005557508,2021-06-21,17.74
2081,CH0198251305,2021-06-21,30.99
17947,GRC419120AD7,2021-08-20,102.0
10024,FI0009000681,2021-06-21,4.376
12605,FR0000133308,2021-06-22,10.45
12862,FR0007054358,2021-06-21,40.12
9249,ES0178430E18,2021-06-18,4.032
19865,GRC5211214B5,2022-03-14,96.4
14151,GB00B15KXV33,2021-06-18,5.2936139
5122,DE0007100000,2021-06-21,78.25
6154,DE000A0H0728,2021-06-21,19.47
20447,GRC8161185B1,2021-06-17,102.0
538,AU3CB0258465,2021-06-28,67.914467
1066,AU3SG0002199,2021-07-14,64.55072
17,100974271034,2021-06-21,4.7
14927,GR0114031561,2021-06-22,110.4
19193,GRC4951193D4,2021-06-21,100.0
8742,ES0144580Y14,2021-07-01,10.345
4606,DE0006047004,2021-06-21,71.7
4864,DE0006599905,2021-06-21,152.0
10798,FR0000120578,2021-06-21,88.58
12346,FR0000131906,2021-06-21,36.745
6413,DE000A0H08Q4,2021-06-22,64.23
13636,FR0013176526,2021-06-21,26.45
2801,DE0001102325,2021-06-22,105.848419
7195,DE000BAY0017,2021-07-02,51.9
1307,BE0974271034,2021-06-21,4.57
12088,FR0000131104,2021-06-21,56.24
11314,FR0000121014,2021-06-21,681.1
833,AU3SG0001985,2021-08-18,63.847813
20703,GRC8171186B7,2021-06-15,98.0
6670,DE000A0H08R2,2021-06-21,21.95
13120,FR0010315770,2021-06-21,248.46
8476,ES0113900J37,2021-06-21,3.364
11056,FR0000120628,2021-06-21,22.845
7963,ES0000012F43,2021-06-24,102.637451
11830,FR0000125486,2021-06-21,96.01
13898,FR0013480613,2021-06-25,94.903526
1821,BE0974303357,2021-06-17,2.73
10540,FR0000120271,2021-06-21,39.535
5380,DE0007164600,2021-06-21,117.82
10282,FI0009003305,2021-06-21,39.5
5638,DE0008404005,2021-06-21,217.6
6928,DE000BASF111,2021-06-21,66.24
4348,DE0005933956,2021-06-21,41.885
15960,GR0124035693,2021-06-23,124.83
15446,GR0118019679,2021-06-25,109.19
17948,GRC419120AD7,2021-08-23,101.55
1565,BE0974293251,2021-06-21,63.4
8994,ES0173516115,2021-06-23,10.82
1067,AU3SG0002199,2021-07-15,64.356842
8222,ES0000012G00,2021-06-25,90.140511
9514,EU000A1G0D39,2021-06-29,101.468956
4093,DE0005933931,2021-06-24,132.24
16724,GR0128016731,2021-06-09,108.96
17507,GRC1451184D4,2021-06-22,105.4734
16225,GR0124036709,2021-07-02,106.31
15694,GR0118020685,2021-06-11,110.3
3061,DE0001102457,2021-06-24,104.879936
11571,FR0000125007,2021-06-18,56.38
834,AU3SG0001985,2021-08-19,64.024284
17251,GRC1441197B3,2021-06-24,98.6
20194,GRC815117CD9,2021-06-24,100.0
7703,ES0000012A89,2021-06-22,109.316589
5898,DE000A0DEN75,2021-06-23,98.230278
3317,DE0002635307,2021-06-22,45.59
3575,DE0005552004,2021-06-22,46.39
3833,DE0005557508,2021-06-22,17.834
17949,GRC419120AD7,2021-08-24,101.7
20958,GRF000011004,2021-06-10,4.2313
539,AU3CB0258465,2021-06-29,67.20813
2082,CH0198251305,2021-06-22,30.5
1068,AU3SG0002199,2021-07-16,63.452827
10025,FI0009000681,2021-06-22,4.347
12606,FR0000133308,2021-06-23,10.49
20448,GRC8161185B1,2021-06-18,102.1
19194,GRC4951193D4,2021-06-22,100.0
12863,FR0007054358,2021-06-22,40.345
14928,GR0114031561,2021-06-23,110.26
14152,GB00B15KXV33,2021-06-21,5.2959933
6155,DE000A0H0728,2021-06-22,19.47
5123,DE0007100000,2021-06-22,78.35
9250,ES0178430E18,2021-06-21,3.966
18,100974271034,2021-06-22,4.5
4607,DE0006047004,2021-06-22,73.62
8743,ES0144580Y14,2021-07-02,10.455
10799,FR0000120578,2021-06-22,86.87
4865,DE0006599905,2021-06-22,153.9
2802,DE0001102325,2021-06-23,105.834053
13899,FR0013480613,2021-06-28,95.016075
12347,FR0000131906,2021-06-22,35.28
6414,DE000A0H08Q4,2021-06-23,68.53
7964,ES0000012F43,2021-06-25,102.923485
16595,GR0124037715,2021-12-07,94.92
13637,FR0013176526,2021-06-22,27.34
20704,GRC8171186B7,2021-06-16,97.6
7196,DE000BAY0017,2021-07-05,51.58
1308,BE0974271034,2021-06-22,4.7
12089,FR0000131104,2021-06-22,56.24
11315,FR0000121014,2021-06-22,680.1
6671,DE000A0H08R2,2021-06-22,22.02
13121,FR0010315770,2021-06-22,248.46
8477,ES0113900J37,2021-06-22,3.364
11057,FR0000120628,2021-06-22,22.435
11831,FR0000125486,2021-06-22,94.02
7447,ES00000121G2,2021-06-24,113.799789
10541,FR0000120271,2021-06-22,39.73
1822,BE0974303357,2021-06-18,2.73
5381,DE0007164600,2021-06-22,117.82
15961,GR0124035693,2021-06-24,124.75
15447,GR0118019679,2021-06-28,109.05
10283,FI0009003305,2021-06-22,39.4
835,AU3SG0001985,2021-08-20,64.238693
8223,ES0000012G00,2021-06-28,90.140511
6929,DE000BASF111,2021-06-22,64.65
5639,DE0008404005,2021-06-22,217.6
4349,DE0005933956,2021-06-22,41.885
19866,GRC5211214B5,2022-03-15,96.4356
17950,GRC419120AD7,2021-08-25,101.7
16725,GR0128016731,2021-06-10,109.89
16226,GR0124036709,2021-07-05,107.0
1069,AU3SG0002199,2021-07-19,64.524551
8995,ES0173516115,2021-06-24,10.85
1566,BE0974293251,2021-06-22,63.77
17508,GRC1451184D4,2021-06-23,105.4583
3062,DE0001102457,2021-06-25,104.927948
17252,GRC1441197B3,2021-06-25,98.2
7704,ES0000012A89,2021-06-23,109.316589
5899,DE000A0DEN75,2021-06-24,98.230278
20195,GRC815117CD9,2021-06-25,100.0
540,AU3CB0258465,2021-06-30,67.489281
17951,GRC419120AD7,2021-08-26,101.55
1070,AU3SG0002199,2021-07-20,64.356842
3318,DE0002635307,2021-06-23,45.535
3576,DE0005552004,2021-06-23,56.97
3834,DE0005557508,2021-06-23,17.74
836,AU3SG0001985,2021-08-23,63.468464
19195,GRC4951193D4,2021-06-23,100.2
14929,GR0114031561,2021-06-24,110.26
13900,FR0013480613,2021-06-29,94.454102
2083,CH0198251305,2021-06-23,30.5
20449,GRC8161185B1,2021-06-21,102.4
12607,FR0000133308,2021-06-24,9.92
10026,FI0009000681,2021-06-23,4.334
7965,ES0000012F43,2021-06-28,102.900085
12864,FR0007054358,2021-06-23,40.12
2803,DE0001102325,2021-06-24,105.834053
4099,DE0005933931,2021-07-02,131.3
14153,GB00B15KXV33,2021-06-22,5.4490342
6156,DE000A0H0728,2021-06-23,19.47
20959,GRF000011004,2021-06-11,4.2616
5124,DE0007100000,2021-06-23,78.25
6415,DE000A0H08Q4,2021-06-24,68.79
19,100974271034,2021-06-23,4.7
4608,DE0006047004,2021-06-23,74.42
10800,FR0000120578,2021-06-23,87.73
4866,DE0006599905,2021-06-23,157.1
12348,FR0000131906,2021-06-23,35.91
9251,ES0178430E18,2021-06-22,3.982
13638,FR0013176526,2021-06-23,27.09
20705,GRC8171186B7,2021-06-17,98.5
16227,GR0124036709,2021-07-06,105.95
15448,GR0118019679,2021-06-29,109.05
8745,ES0144580Y14,2021-07-06,10.875
8224,ES0000012G00,2021-06-29,88.663315
12090,FR0000131104,2021-06-23,56.24
1309,BE0974271034,2021-06-23,4.56
11316,FR0000121014,2021-06-23,681.1
7197,DE000BAY0017,2021-07-06,51.73
15962,GR0124035693,2021-06-25,124.97
6672,DE000A0H08R2,2021-06-23,21.95
16726,GR0128016731,2021-06-11,109.89
13122,FR0010315770,2021-06-23,248.32
8478,ES0113900J37,2021-06-23,3.364
11058,FR0000120628,2021-06-23,23.15
11832,FR0000125486,2021-06-23,94.29
11572,FR0000125007,2021-06-21,56.38
10542,FR0000120271,2021-06-23,39.96
5382,DE0007164600,2021-06-23,117.82
10284,FI0009003305,2021-06-23,39.2
21206,GRF000014008,2021-05-27,10.6853
1071,AU3SG0002199,2021-07-21,64.524551
8996,ES0173516115,2021-06-25,11.1
17952,GRC419120AD7,2021-08-27,101.55
6930,DE000BASF111,2021-06-23,64.65
5640,DE0008404005,2021-06-23,216.2
4350,DE0005933956,2021-06-23,41.885
837,AU3SG0001985,2021-08-24,64.00148
3063,DE0001102457,2021-06-28,104.879936
17509,GRC1451184D4,2021-06-24,105.4734
1567,BE0974293251,2021-06-23,63.89
17253,GRC1441197B3,2021-06-28,99.2
1823,BE0974303357,2021-06-21,2.75
5900,DE000A0DEN75,2021-06-25,98.230278
541,AU3CB0258465,2021-07-01,67.489281
13901,FR0013480613,2021-06-30,94.454102
7705,ES0000012A89,2021-06-24,109.261711
14930,GR0114031561,2021-06-25,110.34
1072,AU3SG0002199,2021-07-22,63.452827
19196,GRC4951193D4,2021-06-24,100.1
7966,ES0000012F43,2021-06-29,102.637451
17953,GRC419120AD7,2021-08-30,101.57
3319,DE0002635307,2021-06-24,45.59
3577,DE0005552004,2021-06-24,46.39
3835,DE0005557508,2021-06-24,17.94
20450,GRC8161185B1,2021-06-22,102.1
2804,DE0001102325,2021-06-25,105.807304
16228,GR0124036709,2021-07-07,106.82
12608,FR0000133308,2021-06-25,9.66
2084,CH0198251305,2021-06-24,30.8
10027,FI0009000681,2021-06-24,4.333
20196,GRC815117CD9,2021-06-28,97.0
12865,FR0007054358,2021-06-24,40.12
6157,DE000A0H0728,2021-06-24,19.364
6416,DE000A0H08Q4,2021-06-25,68.79
8225,ES0000012G00,2021-06-30,89.509544
5125,DE0007100000,2021-06-24,78.25
14154,GB00B15KXV33,2021-06-23,5.3741946
15449,GR0118019679,2021-06-30,109.05
838,AU3SG0001985,2021-08-25,64.223961
10801,FR0000120578,2021-06-24,88.22
4609,DE0006047004,2021-06-24,75.22
20,100974271034,2021-06-24,4.8
4867,DE0006599905,2021-06-24,155.5
386,AU3CB0228823,2021-11-23,67.890791
20960,GRF000011004,2021-06-14,3.8266
12349,FR0000131906,2021-06-24,35.2
20706,GRC8171186B7,2021-06-18,99.4
4101,DE0005933931,2021-07-06,132.88
15963,GR0124035693,2021-06-28,124.82
13639,FR0013176526,2021-06-24,25.22
7449,ES00000121G2,2021-06-28,113.694061
9252,ES0178430E18,2021-06-23,3.982
8746,ES0144580Y14,2021-07-07,10.475
12091,FR0000131104,2021-06-24,51.88
1310,BE0974271034,2021-06-24,4.48
11317,FR0000121014,2021-06-24,682.3
7198,DE000BAY0017,2021-07-07,50.93
19867,GRC5211214B5,2022-03-16,96.4356
6673,DE000A0H08R2,2021-06-24,22.09
8997,ES0173516115,2021-06-28,11.06
13123,FR0010315770,2021-06-24,248.32
11059,FR0000120628,2021-06-24,22.84
11833,FR0000125486,2021-06-24,94.17
8479,ES0113900J37,2021-06-24,3.4425
1073,AU3SG0002199,2021-07-23,64.524551
10543,FR0000120271,2021-06-24,40.205
5383,DE0007164600,2021-06-24,115.36
21207,GRF000014008,2021-05-28,10.6678
10285,FI0009003305,2021-06-24,39.8
17954,GRC419120AD7,2021-08-31,101.9
3064,DE0001102457,2021-06-29,104.927948
5641,DE0008404005,2021-06-24,214.2
4351,DE0005933956,2021-06-24,41.77
6931,DE000BASF111,2021-06-24,66.78
17254,GRC1441197B3,2021-06-29,99.0
17510,GRC1451184D4,2021-06-25,105.45
1568,BE0974293251,2021-06-24,63.77
13902,FR0013480613,2021-07-01,93.017693
16727,GR0128016731,2021-06-14,109.98
839,AU3SG0001985,2021-08-26,64.175446
5901,DE000A0DEN75,2021-06-28,98.025902
11573,FR0000125007,2021-06-22,56.82
1824,BE0974303357,2021-06-22,2.685
16229,GR0124036709,2021-07-08,106.89
7967,ES0000012F43,2021-06-30,102.838402
14931,GR0114031561,2021-06-28,110.26
7706,ES0000012A89,2021-06-25,109.387253
19197,GRC4951193D4,2021-06-25,99.1
543,AU3CB0258465,2021-07-05,67.87429
1074,AU3SG0002199,2021-07-26,63.064476
8226,ES0000012G00,2021-07-01,90.458733
20451,GRC8161185B1,2021-06-23,102.7
17955,GRC419120AD7,2021-09-01,101.72
3320,DE0002635307,2021-06-25,45.59
3578,DE0005552004,2021-06-25,56.49
3836,DE0005557508,2021-06-25,17.94
12609,FR0000133308,2021-06-28,9.62
15450,GR0118019679,2021-07-01,109.19
2085,CH0198251305,2021-06-25,31.17
6417,DE000A0H08Q4,2021-06-28,68.2
10028,FI0009000681,2021-06-25,4.29
12866,FR0007054358,2021-06-25,40.12
6158,DE000A0H0728,2021-06-25,19.176
14155,GB00B15KXV33,2021-06-24,5.5082064
5126,DE0007100000,2021-06-25,78.92
15964,GR0124035693,2021-06-29,124.78
7450,ES00000121G2,2021-06-29,113.691513
20197,GRC815117CD9,2021-06-29,97.0
10802,FR0000120578,2021-06-25,87.73
20707,GRC8171186B7,2021-06-21,99.4
4610,DE0006047004,2021-06-25,74.0
21,100974271034,2021-06-25,4.5
4868,DE0006599905,2021-06-25,157.7
9517,EU000A1G0D39,2021-07-02,101.464752
12350,FR0000131906,2021-06-25,35.2
4102,DE0005933931,2021-07-07,133.42
13640,FR0013176526,2021-06-25,27.04
20961,GRF000011004,2021-06-15,4.1737
8998,ES0173516115,2021-06-29,11.06
12092,FR0000131104,2021-06-25,55.4
11318,FR0000121014,2021-06-25,687.3
1311,BE0974271034,2021-06-25,4.82
7199,DE000BAY0017,2021-07-08,51.1
9253,ES0178430E18,2021-06-24,3.838
840,AU3SG0001985,2021-08-27,64.00148
6674,DE000A0H08R2,2021-06-25,21.93
1075,AU3SG0002199,2021-07-27,64.376076
13124,FR0010315770,2021-06-25,251.92
3065,DE0001102457,2021-06-30,104.927948
21208,GRF000014008,2021-05-31,10.6678
11060,FR0000120628,2021-06-25,21.73
11834,FR0000125486,2021-06-25,93.91
8748,ES0144580Y14,2021-07-09,10.57
8480,ES0113900J37,2021-06-25,3.2755
5384,DE0007164600,2021-06-25,116.74
10544,FR0000120271,2021-06-25,39.44
17255,GRC1441197B3,2021-06-30,98.1
10286,FI0009003305,2021-06-25,38.9
17956,GRC419120AD7,2021-09-02,101.7
13903,FR0013480613,2021-07-02,95.44651
5642,DE0008404005,2021-06-25,214.7
4352,DE0005933956,2021-06-25,41.77
6932,DE000BASF111,2021-06-25,67.12
16728,GR0128016731,2021-06-15,112.44
16230,GR0124036709,2021-07-09,107.7
17511,GRC1451184D4,2021-06-28,105.45
7968,ES0000012F43,2021-07-01,103.144508
1569,BE0974293251,2021-06-25,63.77
5902,DE000A0DEN75,2021-06-29,98.025902
14932,GR0114031561,2021-06-29,110.26
19198,GRC4951193D4,2021-06-28,100.1
1825,BE0974303357,2021-06-23,2.72
8227,ES0000012G00,2021-07-02,90.836533
7707,ES0000012A89,2021-06-28,109.296349
1076,AU3SG0002199,2021-07-28,64.307678
15451,GR0118019679,2021-07-02,108.3
20452,GRC8161185B1,2021-06-24,102.1
3321,DE0002635307,2021-06-28,45.43
3579,DE0005552004,2021-06-28,56.51
3837,DE0005557508,2021-06-28,17.79
12610,FR0000133308,2021-06-29,9.61
17957,GRC419120AD7,2021-09-03,101.7
6418,DE000A0H08Q4,2021-06-29,68.35
2086,CH0198251305,2021-06-28,31.05
10029,FI0009000681,2021-06-28,4.333
15965,GR0124035693,2021-06-30,125.09
6159,DE000A0H0728,2021-06-28,19.512
12867,FR0007054358,2021-06-28,40.12
7452,ES00000121G2,2021-07-01,113.684677
14156,GB00B15KXV33,2021-06-25,5.5077548
5127,DE0007100000,2021-06-28,79.23
544,AU3CB0258465,2021-07-06,67.045677
20708,GRC8171186B7,2021-06-22,98.7
10803,FR0000120578,2021-06-28,87.12
4611,DE0006047004,2021-06-28,75.06
22,100974271034,2021-06-28,4.5
4869,DE0006599905,2021-06-28,158.4
12351,FR0000131906,2021-06-28,35.26
8999,ES0173516115,2021-06-30,10.68
13641,FR0013176526,2021-06-28,27.04
4103,DE0005933931,2021-07-08,133.54
3066,DE0001102457,2021-07-01,104.772049
11574,FR0000125007,2021-06-23,56.38
20962,GRF000011004,2021-06-16,4.2726
12093,FR0000131104,2021-06-28,54.46
11319,FR0000121014,2021-06-28,681.1
20200,GRC815117CD9,2021-07-02,100.0
16231,GR0124036709,2021-07-12,107.76
1312,BE0974271034,2021-06-28,5.05
17256,GRC1441197B3,2021-07-01,98.4
13904,FR0013480613,2021-07-05,94.466919
7200,DE000BAY0017,2021-07-09,51.1
21209,GRF000014008,2021-06-01,10.6678
1077,AU3SG0002199,2021-07-29,64.393211
6675,DE000A0H08R2,2021-06-28,21.95
16729,GR0128016731,2021-06-16,112.41
13125,FR0010315770,2021-06-28,249.67
9254,ES0178430E18,2021-06-25,3.838
8749,ES0144580Y14,2021-07-12,10.68
11061,FR0000120628,2021-06-28,22.61
11835,FR0000125486,2021-06-28,95.64
8481,ES0113900J37,2021-06-28,3.2755
5385,DE0007164600,2021-06-28,117.54
10545,FR0000120271,2021-06-28,38.745
10287,FI0009003305,2021-06-28,39.2
7969,ES0000012F43,2021-07-02,103.266998
5643,DE0008404005,2021-06-28,214.8
6933,DE000BASF111,2021-06-28,65.3
4353,DE0005933956,2021-06-28,41.885
17512,GRC1451184D4,2021-06-29,105.45
17958,GRC419120AD7,2021-09-06,101.7
14933,GR0114031561,2021-06-30,110.21
8228,ES0000012G00,2021-07-05,90.836533
5903,DE000A0DEN75,2021-06-30,97.994316
19199,GRC4951193D4,2021-06-29,99.6
1570,BE0974293251,2021-06-28,63.08
15452,GR0118019679,2021-07-05,109.2
1826,BE0974303357,2021-06-24,2.685
7708,ES0000012A89,2021-06-29,109.298615
1078,AU3SG0002199,2021-07-30,64.273781
20453,GRC8161185B1,2021-06-25,102.5
6419,DE000A0H08Q4,2021-06-30,69.18
3580,DE0005552004,2021-06-29,56.49
7453,ES00000121G2,2021-07-02,113.701767
15966,GR0124035693,2021-07-01,124.72
3838,DE0005557508,2021-06-29,17.728
3322,DE0002635307,2021-06-29,45.425
12611,FR0000133308,2021-06-30,9.57
2087,CH0198251305,2021-06-29,31.1
10030,FI0009000681,2021-06-29,4.376
6160,DE000A0H0728,2021-06-29,19.576
12868,FR0007054358,2021-06-29,40.12
14157,GB00B15KXV33,2021-06-28,5.5467887
16232,GR0124036709,2021-07-13,107.76
20709,GRC8171186B7,2021-06-23,99.4
5128,DE0007100000,2021-06-29,78.35
9000,ES0173516115,2021-07-01,10.55
3067,DE0001102457,2021-07-02,104.40303
13905,FR0013480613,2021-07-06,96.181419
10804,FR0000120578,2021-06-29,86.87
17959,GRC419120AD7,2021-09-07,101.7
4612,DE0006047004,2021-06-29,73.16
23,100974271034,2021-06-29,4.8
4870,DE0006599905,2021-06-29,158.4
12352,FR0000131906,2021-06-29,35.26
16730,GR0128016731,2021-06-17,112.5
13642,FR0013176526,2021-06-29,27.04
17257,GRC1441197B3,2021-07-02,98.2
4104,DE0005933931,2021-07-09,132.86
21210,GRF000014008,2021-06-02,10.6678
12094,FR0000131104,2021-06-29,53.2
11320,FR0000121014,2021-06-29,687.3
9519,EU000A1G0D39,2021-07-06,101.485146
1313,BE0974271034,2021-06-29,4.47
1079,AU3SG0002199,2021-08-02,64.393211
20963,GRF000011004,2021-06-17,4.2616
7201,DE000BAY0017,2021-07-12,50.64
6676,DE000A0H08R2,2021-06-29,22.01
7970,ES0000012F43,2021-07-05,103.486397
13126,FR0010315770,2021-06-29,252.22
20202,GRC815117CD9,2021-07-06,100.0
11062,FR0000120628,2021-06-29,22.755
8750,ES0144580Y14,2021-07-13,10.21
11836,FR0000125486,2021-06-29,90.77
8482,ES0113900J37,2021-06-29,3.2755
9255,ES0178430E18,2021-06-28,3.93
5386,DE0007164600,2021-06-29,118.48
10546,FR0000120271,2021-06-29,38.785
545,AU3CB0258465,2021-07-07,67.162666
10288,FI0009003305,2021-06-29,39.2
8229,ES0000012G00,2021-07-06,90.242416
17513,GRC1451184D4,2021-06-30,105.45
14934,GR0114031561,2021-07-01,110.28
5644,DE0008404005,2021-06-29,214.5
6934,DE000BASF111,2021-06-29,66.77
4354,DE0005933956,2021-06-29,41.77
5904,DE000A0DEN75,2021-07-01,98.025902
11575,FR0000125007,2021-06-24,56.31
19200,GRC4951193D4,2021-06-30,99.0
15453,GR0118019679,2021-07-06,108.7
1571,BE0974293251,2021-06-29,63.08
19868,GRC5211214B5,2022-03-17,96.9999
7709,ES0000012A89,2021-06-30,109.390114
1827,BE0974303357,2021-06-25,2.605
17960,GRC419120AD7,2021-09-08,101.7
20454,GRC8161185B1,2021-06-28,101.9
1080,AU3SG0002199,2021-08-03,64.04847
7454,ES00000121G2,2021-07-05,113.684677
15967,GR0124035693,2021-07-02,125.09
16233,GR0124036709,2021-07-14,107.76
6420,DE000A0H08Q4,2021-07-01,69.52
12612,FR0000133308,2021-07-01,9.56
3839,DE0005557508,2021-06-30,17.956
3323,DE0002635307,2021-06-30,45.245
13906,FR0013480613,2021-07-07,97.522377
2088,CH0198251305,2021-06-30,30.8
10031,FI0009000681,2021-06-30,4.444
3068,DE0001102457,2021-07-05,105.128662
16731,GR0128016731,2021-06-18,112.24
6161,DE000A0H0728,2021-06-30,19.303
9001,ES0173516115,2021-07-02,10.73
12869,FR0007054358,2021-06-30,40.61
20710,GRC8171186B7,2021-06-24,99.4
14158,GB00B15KXV33,2021-06-29,5.5077548
17258,GRC1441197B3,2021-07-05,98.4
5129,DE0007100000,2021-06-30,76.22
10805,FR0000120578,2021-06-30,89.11
4613,DE0006047004,2021-06-30,73.16
24,100974271034,2021-06-30,4.8
12353,FR0000131906,2021-06-30,35.26
4871,DE0006599905,2021-06-30,161.2
13643,FR0013176526,2021-06-30,27.04
7971,ES0000012F43,2021-07-06,103.274727
21211,GRF000014008,2021-06-03,10.6782
3581,DE0005552004,2021-06-30,56.49
9520,EU000A1G0D39,2021-07-07,101.488655
8230,ES0000012G00,2021-07-07,90.391754
11321,FR0000121014,2021-06-30,681.1
12095,FR0000131104,2021-06-30,53.57
1314,BE0974271034,2021-06-30,4.47
17961,GRC419120AD7,2021-09-09,101.5
1081,AU3SG0002199,2021-08-04,64.273781
7202,DE000BAY0017,2021-07-13,51.04
20964,GRF000011004,2021-06-18,4.279
6677,DE000A0H08R2,2021-06-30,22.01
20203,GRC815117CD9,2021-07-07,97.0
13127,FR0010315770,2021-06-30,250.14
11063,FR0000120628,2021-06-30,21.98
11837,FR0000125486,2021-06-30,93.26
8483,ES0113900J37,2021-06-30,3.2625
2808,DE0001102325,2021-07-01,105.780914
10547,FR0000120271,2021-06-30,38.605
14935,GR0114031561,2021-07-02,110.26
5387,DE0007164600,2021-06-30,119.6
10289,FI0009003305,2021-06-30,39.8
9256,ES0178430E18,2021-06-29,3.846
17514,GRC1451184D4,2021-07-01,104.4
8752,ES0144580Y14,2021-07-15,10.3
5905,DE000A0DEN75,2021-07-02,98.113693
15454,GR0118019679,2021-07-07,109.19
19201,GRC4951193D4,2021-07-01,99.0
5645,DE0008404005,2021-06-30,214.5
6935,DE000BASF111,2021-06-30,67.12
4355,DE0005933956,2021-06-30,41.885
11576,FR0000125007,2021-06-25,56.77
548,AU3CB0258465,2021-07-12,66.755074
16234,GR0124036709,2021-07-15,107.8
1572,BE0974293251,2021-06-30,63.08
391,AU3CB0228823,2021-11-30,66.374893
7710,ES0000012A89,2021-07-01,109.467224
4110,DE0005933931,2021-07-19,132.24
15968,GR0124035693,2021-07-05,124.72
1828,BE0974303357,2021-06-28,2.715
13907,FR0013480613,2021-07-08,98.448326
6421,DE000A0H08Q4,2021-07-02,68.53
1082,AU3SG0002199,2021-08-05,64.393211
16732,GR0128016731,2021-06-21,112.21
17962,GRC419120AD7,2021-09-10,101.7
3069,DE0001102457,2021-07-06,105.239395
12613,FR0000133308,2021-07-02,9.61
3840,DE0005557508,2021-07-01,17.944
3324,DE0002635307,2021-07-01,45.245
9002,ES0173516115,2021-07-05,10.55
17259,GRC1441197B3,2021-07-06,98.3
2089,CH0198251305,2021-07-01,30.99
10032,FI0009000681,2021-07-01,3.34
6162,DE000A0H0728,2021-07-01,19.697
20711,GRC8171186B7,2021-06-25,95.8
12870,FR0007054358,2021-07-01,40.295
14159,GB00B15KXV33,2021-06-30,5.5139184
7972,ES0000012F43,2021-07-07,102.729729
5130,DE0007100000,2021-07-01,77.83
8231,ES0000012G00,2021-07-08,90.031105
10806,FR0000120578,2021-07-01,84.35
4614,DE0006047004,2021-07-01,77.18
25,100974271034,2021-07-01,4.5
12354,FR0000131906,2021-07-01,34.085
4872,DE0006599905,2021-07-01,161.2
13644,FR0013176526,2021-07-01,27.04
21212,GRF000014008,2021-06-04,10.6858
9521,EU000A1G0D39,2021-07-08,101.535492
11322,FR0000121014,2021-07-01,687.3
12096,FR0000131104,2021-07-01,53.48
2809,DE0001102325,2021-07-02,105.792877
1315,BE0974271034,2021-07-01,4.75
14936,GR0114031561,2021-07-05,110.17
20204,GRC815117CD9,2021-07-08,100.0
7203,DE000BAY0017,2021-07-14,50.6
6678,DE000A0H08R2,2021-07-01,21.86
15455,GR0118019679,2021-07-08,109.38
3582,DE0005552004,2021-07-01,56.49
20965,GRF000011004,2021-06-21,4.2726
1083,AU3SG0002199,2021-08-06,64.04847
13128,FR0010315770,2021-07-01,251.92
11064,FR0000120628,2021-07-01,21.385
392,AU3CB0228823,2021-12-01,66.374893
17963,GRC419120AD7,2021-09-13,101.5
11838,FR0000125486,2021-07-01,89.99
8484,ES0113900J37,2021-07-01,3.2755
19202,GRC4951193D4,2021-07-02,100.0
17515,GRC1451184D4,2021-07-02,104.72
10548,FR0000120271,2021-07-01,40.25
5906,DE000A0DEN75,2021-07-05,97.736542
16235,GR0124036709,2021-07-16,107.8
5388,DE0007164600,2021-07-01,118.58
10290,FI0009003305,2021-07-01,38.8
8753,ES0144580Y14,2021-07-16,10.23
9257,ES0178430E18,2021-06-30,3.782
6936,DE000BASF111,2021-07-01,67.44
5646,DE0008404005,2021-07-01,211.2
4356,DE0005933956,2021-07-01,41.885
11577,FR0000125007,2021-06-28,55.93
13908,FR0013480613,2021-07-09,98.510185
15969,GR0124035693,2021-07-06,125.11
16733,GR0128016731,2021-06-22,110.67
7711,ES0000012A89,2021-07-02,109.550087
1573,BE0974293251,2021-07-01,60.81
4111,DE0005933931,2021-07-20,132.24
7456,ES00000121G2,2021-07-07,113.68161
3070,DE0001102457,2021-07-07,104.647461
1829,BE0974303357,2021-06-29,2.73
6422,DE000A0H08Q4,2021-07-05,69.72
9003,ES0173516115,2021-07-06,10.73
17260,GRC1441197B3,2021-07-07,98.4
1084,AU3SG0002199,2021-08-09,64.177391
12614,FR0000133308,2021-07-05,9.66
3325,DE0002635307,2021-07-02,45.245
3841,DE0005557508,2021-07-02,17.88
7973,ES0000012F43,2021-07-08,103.700577
17964,GRC419120AD7,2021-09-14,101.6
8232,ES0000012G00,2021-07-09,90.378853
2090,CH0198251305,2021-07-02,31.05
20712,GRC8171186B7,2021-06-28,98.4
10033,FI0009000681,2021-07-02,4.06
6163,DE000A0H0728,2021-07-02,19.62
12871,FR0007054358,2021-07-02,40.12
14160,GB00B15KXV33,2021-07-01,5.5075111
5131,DE0007100000,2021-07-02,76.22
10807,FR0000120578,2021-07-02,89.11
4615,DE0006047004,2021-07-02,77.04
26,100974271034,2021-07-02,4.6
13645,FR0013176526,2021-07-02,26.87
21213,GRF000014008,2021-06-07,10.7003
4873,DE0006599905,2021-07-02,163.3
12355,FR0000131906,2021-07-02,34.075
16236,GR0124036709,2021-07-19,108.08
14937,GR0114031561,2021-07-06,110.17
15456,GR0118019679,2021-07-09,109.51
2810,DE0001102325,2021-07-05,105.780914
9522,EU000A1G0D39,2021-07-09,101.509247
12097,FR0000131104,2021-07-02,54.1
11323,FR0000121014,2021-07-02,682.3
1316,BE0974271034,2021-07-02,4.72
19203,GRC4951193D4,2021-07-05,100.0
3583,DE0005552004,2021-07-02,56.49
6679,DE000A0H08R2,2021-07-02,22.01
5907,DE000A0DEN75,2021-07-06,97.715172
7204,DE000BAY0017,2021-07-15,50.6
13129,FR0010315770,2021-07-02,252.33
20966,GRF000011004,2021-06-22,4.2616
11065,FR0000120628,2021-07-02,21.69
17516,GRC1451184D4,2021-07-05,105.2167
11839,FR0000125486,2021-07-02,91.34
1085,AU3SG0002199,2021-08-10,64.04847
8485,ES0113900J37,2021-07-02,3.2755
10549,FR0000120271,2021-07-02,38.76
13909,FR0013480613,2021-07-12,95.688316
5389,DE0007164600,2021-07-02,116.64
10291,FI0009003305,2021-07-02,39.2
17965,GRC419120AD7,2021-09-15,101.5
8754,ES0144580Y14,2021-07-19,10.295
16734,GR0128016731,2021-06-23,111.26
9258,ES0178430E18,2021-07-01,3.941
11578,FR0000125007,2021-06-29,56.19
5647,DE0008404005,2021-07-02,216.9
4357,DE0005933956,2021-07-02,41.885
14751,GB00BN7CG237,2021-10-14,20.898317
20205,GRC815117CD9,2021-07-09,99.5
15970,GR0124035693,2021-07-07,125.02
6938,DE000BASF111,2021-07-05,67.33
3071,DE0001102457,2021-07-08,104.772049
7712,ES0000012A89,2021-07-05,109.550087
7458,ES00000121G2,2021-07-09,113.628281
6423,DE000A0H08Q4,2021-07-06,69.72
1574,BE0974293251,2021-07-02,60.98
4112,DE0005933931,2021-07-21,132.46
17261,GRC1441197B3,2021-07-08,98.0
1830,BE0974303357,2021-06-30,2.485
7974,ES0000012F43,2021-07-09,103.439064
8233,ES0000012G00,2021-07-12,90.242416
9004,ES0173516115,2021-07-07,10.38
553,AU3CB0258465,2021-07-19,66.755074
12615,FR0000133308,2021-07-06,9.6
3326,DE0002635307,2021-07-05,45.415
3842,DE0005557508,2021-07-05,17.88
1086,AU3SG0002199,2021-08-11,64.095108
20713,GRC8171186B7,2021-06-29,97.7
2091,CH0198251305,2021-07-05,30.73
10034,FI0009000681,2021-07-05,4.55
6164,DE000A0H0728,2021-07-05,19.956
16237,GR0124036709,2021-07-20,106.87
14161,GB00B15KXV33,2021-07-02,5.6465631
17966,GRC419120AD7,2021-09-16,101.4
12872,FR0007054358,2021-07-05,40.12
5132,DE0007100000,2021-07-05,76.26
15457,GR0118019679,2021-07-12,109.38
21214,GRF000014008,2021-06-08,10.69
10808,FR0000120578,2021-07-05,88.36
14938,GR0114031561,2021-07-07,110.13
4616,DE0006047004,2021-07-05,71.76
2811,DE0001102325,2021-07-06,105.766541
13646,FR0013176526,2021-07-05,26.21
27,100974271034,2021-07-05,4.6
4874,DE0006599905,2021-07-05,163.3
12356,FR0000131906,2021-07-05,35.105
9523,EU000A1G0D39,2021-07-12,101.509247
19204,GRC4951193D4,2021-07-06,100.0
13910,FR0013480613,2021-07-13,97.716782
11324,FR0000121014,2021-07-05,682.3
12098,FR0000131104,2021-07-05,54.46
5908,DE000A0DEN75,2021-07-07,97.736542
1317,BE0974271034,2021-07-05,4.54
16735,GR0128016731,2021-06-24,111.33
6680,DE000A0H08R2,2021-07-05,21.86
17517,GRC1451184D4,2021-07-06,104.6875
7205,DE000BAY0017,2021-07-16,50.62
13130,FR0010315770,2021-07-05,255.67
11066,FR0000120628,2021-07-05,21.69
20967,GRF000011004,2021-06-23,4.2616
3584,DE0005552004,2021-07-05,56.51
11840,FR0000125486,2021-07-05,91.34
8486,ES0113900J37,2021-07-05,3.2755
10550,FR0000120271,2021-07-05,38.76
5390,DE0007164600,2021-07-05,118.88
1087,AU3SG0002199,2021-08-12,64.420799
10292,FI0009003305,2021-07-05,39.2
8755,ES0144580Y14,2021-07-20,10.39
15971,GR0124035693,2021-07-08,124.43
11579,FR0000125007,2021-06-30,55.29
3072,DE0001102457,2021-07-09,104.927948
17967,GRC419120AD7,2021-09-17,101.4
5648,DE0008404005,2021-07-05,214.3
4358,DE0005933956,2021-07-05,41.555
7459,ES00000121G2,2021-07-12,113.595146
9259,ES0178430E18,2021-07-02,3.836
8234,ES0000012G00,2021-07-13,92.093857
7975,ES0000012F43,2021-07-12,103.607422
17262,GRC1441197B3,2021-07-09,98.0
7713,ES0000012A89,2021-07-06,109.558723
6424,DE000A0H08Q4,2021-07-07,69.67
9005,ES0173516115,2021-07-08,10.73
6940,DE000BASF111,2021-07-07,66.21
1575,BE0974293251,2021-07-05,60.31
4113,DE0005933931,2021-07-22,132.18
1831,BE0974303357,2021-07-01,2.46
16238,GR0124036709,2021-07-21,108.06
12616,FR0000133308,2021-07-07,9.79
20206,GRC815117CD9,2021-07-12,99.5
3327,DE0002635307,2021-07-06,45.245
3843,DE0005557508,2021-07-06,17.85
20714,GRC8171186B7,2021-06-30,98.6
2092,CH0198251305,2021-07-06,30.55
15458,GR0118019679,2021-07-13,109.41
10035,FI0009000681,2021-07-06,4.11
6165,DE000A0H0728,2021-07-06,19.462
14162,GB00B15KXV33,2021-07-05,5.5139184
1088,AU3SG0002199,2021-08-13,64.487564
12873,FR0007054358,2021-07-06,40.285
14939,GR0114031561,2021-07-08,110.26
2812,DE0001102325,2021-07-07,105.807304
21215,GRF000014008,2021-06-09,10.7082
5133,DE0007100000,2021-07-06,76.22
13911,FR0013480613,2021-07-14,94.903526
10809,FR0000120578,2021-07-06,88.46
17968,GRC419120AD7,2021-09-20,101.4
13647,FR0013176526,2021-07-06,25.79
4617,DE0006047004,2021-07-06,72.44
28,100974271034,2021-07-06,4.8
4875,DE0006599905,2021-07-06,162.6
12357,FR0000131906,2021-07-06,33.635
19205,GRC4951193D4,2021-07-07,100.0
16736,GR0128016731,2021-06-25,111.45
5909,DE000A0DEN75,2021-07-08,97.736542
12099,FR0000131104,2021-07-06,53.2
11325,FR0000121014,2021-07-06,682.3
17518,GRC1451184D4,2021-07-07,104.6875
1318,BE0974271034,2021-07-06,4.7
6681,DE000A0H08R2,2021-07-06,21.93
20968,GRF000011004,2021-06-24,4.2304
3585,DE0005552004,2021-07-06,56.97
7206,DE000BAY0017,2021-07-19,50.47
13131,FR0010315770,2021-07-06,251.92
11067,FR0000120628,2021-07-06,21.905
11841,FR0000125486,2021-07-06,92.92
9524,EU000A1G0D39,2021-07-13,101.464752
15972,GR0124035693,2021-07-09,124.72
8487,ES0113900J37,2021-07-06,3.3545
3073,DE0001102457,2021-07-12,104.879936
10551,FR0000120271,2021-07-06,37.875
8235,ES0000012G00,2021-07-14,90.031105
5391,DE0007164600,2021-07-06,118.32
7460,ES00000121G2,2021-07-13,113.593353
10293,FI0009003305,2021-07-06,39.4
8756,ES0144580Y14,2021-07-21,10.14
7976,ES0000012F43,2021-07-13,102.964249
11580,FR0000125007,2021-07-01,56.06
17263,GRC1441197B3,2021-07-12,97.5
1089,AU3SG0002199,2021-08-16,64.177391
5649,DE0008404005,2021-07-06,214.6
4359,DE0005933956,2021-07-06,41.555
16239,GR0124036709,2021-07-22,108.06
6425,DE000A0H08Q4,2021-07-08,70.05
9006,ES0173516115,2021-07-09,9.73
7714,ES0000012A89,2021-07-07,109.536476
9260,ES0178430E18,2021-07-05,3.964
17969,GRC419120AD7,2021-09-21,101.4
1576,BE0974293251,2021-07-06,60.44
6941,DE000BASF111,2021-07-08,66.55
4114,DE0005933931,2021-07-23,133.1
1832,BE0974303357,2021-07-02,2.415
12617,FR0000133308,2021-07-08,9.87
15459,GR0118019679,2021-07-14,109.35
21464,GRF000022001,2021-05-27,13.5284
20715,GRC8171186B7,2021-07-01,99.5
3844,DE0005557508,2021-07-07,17.79
3328,DE0002635307,2021-07-07,45.05
554,AU3CB0258465,2021-07-20,67.062089
13912,FR0013480613,2021-07-15,98.486023
14940,GR0114031561,2021-07-09,110.17
2093,CH0198251305,2021-07-07,30.99
10036,FI0009000681,2021-07-07,3.34
6166,DE000A0H0728,2021-07-07,19.424
2813,DE0001102325,2021-07-08,105.791283
14163,GB00B15KXV33,2021-07-06,5.6621361
16737,GR0128016731,2021-06-28,111.55
12874,FR0007054358,2021-07-07,39.915
21216,GRF000014008,2021-06-10,10.7274
5134,DE0007100000,2021-07-07,73.22
19206,GRC4951193D4,2021-07-08,99.9
1090,AU3SG0002199,2021-08-17,64.380531
20207,GRC815117CD9,2021-07-13,99.5
10810,FR0000120578,2021-07-07,87.9
13648,FR0013176526,2021-07-07,25.83
4618,DE0006047004,2021-07-07,71.76
29,100974271034,2021-07-07,4.6
4876,DE0006599905,2021-07-07,163.3
12358,FR0000131906,2021-07-07,33.715
5910,DE000A0DEN75,2021-07-09,97.736542
17970,GRC419120AD7,2021-09-22,100.9
8236,ES0000012G00,2021-07-15,92.399925
11326,FR0000121014,2021-07-07,682.3
12100,FR0000131104,2021-07-07,53.57
17519,GRC1451184D4,2021-07-08,104.6875
3074,DE0001102457,2021-07-13,105.614754
15973,GR0124035693,2021-07-12,125.34
7461,ES00000121G2,2021-07-14,113.585197
1319,BE0974271034,2021-07-07,4.75
6682,DE000A0H08R2,2021-07-07,22.0
3586,DE0005552004,2021-07-07,58.47
9525,EU000A1G0D39,2021-07-14,101.535492
20969,GRF000011004,2021-06-25,4.2415
7977,ES0000012F43,2021-07-14,103.910675
13132,FR0010315770,2021-07-07,255.7
7207,DE000BAY0017,2021-07-20,49.43
11068,FR0000120628,2021-07-07,21.98
11842,FR0000125486,2021-07-07,93.4
8488,ES0113900J37,2021-07-07,3.162
17264,GRC1441197B3,2021-07-13,97.2
16240,GR0124036709,2021-07-23,108.06
10552,FR0000120271,2021-07-07,37.67
5392,DE0007164600,2021-07-07,118.22
10294,FI0009003305,2021-07-07,39.0
8757,ES0144580Y14,2021-07-22,10.21
11581,FR0000125007,2021-07-02,56.54
9007,ES0173516115,2021-07-12,9.85
6426,DE000A0H08Q4,2021-07-09,69.52
5650,DE0008404005,2021-07-07,219.1
4360,DE0005933956,2021-07-07,41.055
7715,ES0000012A89,2021-07-08,109.772163
1091,AU3SG0002199,2021-08-18,64.360199
19869,GRC5211214B5,2022-03-18,96.9999
9261,ES0178430E18,2021-07-06,3.912
15460,GR0118019679,2021-07-15,109.41
13913,FR0013480613,2021-07-16,99.220856
6942,DE000BASF111,2021-07-09,67.63
12618,FR0000133308,2021-07-09,9.37
1577,BE0974293251,2021-07-07,62.82
1833,BE0974303357,2021-07-05,2.66
17971,GRC419120AD7,2021-09-23,101.5
16738,GR0128016731,2021-06-29,111.55
20716,GRC8171186B7,2021-07-02,99.5
14941,GR0114031561,2021-07-12,110.24
3845,DE0005557508,2021-07-08,17.944
3329,DE0002635307,2021-07-08,45.245
2814,DE0001102325,2021-07-09,105.766541
2094,CH0198251305,2021-07-08,30.71
6167,DE000A0H0728,2021-07-08,19.664
4116,DE0005933931,2021-07-27,132.58
10037,FI0009000681,2021-07-08,4.61
397,AU3CB0228823,2021-12-08,65.433334
14164,GB00B15KXV33,2021-07-07,5.5139184
21217,GRF000014008,2021-06-11,10.7384
19207,GRC4951193D4,2021-07-09,99.2
12875,FR0007054358,2021-07-08,40.185
5135,DE0007100000,2021-07-08,73.79
10811,FR0000120578,2021-07-08,86.9
13649,FR0013176526,2021-07-08,25.79
5911,DE000A0DEN75,2021-07-12,97.850372
4619,DE0006047004,2021-07-08,76.64
555,AU3CB0258465,2021-07-21,66.422223
21465,GRF000022001,2021-05-28,13.5221
8237,ES0000012G00,2021-07-16,92.847107
12359,FR0000131906,2021-07-08,33.265
30,100974271034,2021-07-08,4.6
4877,DE0006599905,2021-07-08,165.6
19870,GRC5211214B5,2022-03-21,97.0
3075,DE0001102457,2021-07-14,105.551231
1092,AU3SG0002199,2021-08-19,64.090599
7462,ES00000121G2,2021-07-15,113.581665
7978,ES0000012F43,2021-07-15,103.949837
15974,GR0124035693,2021-07-13,124.83
16241,GR0124036709,2021-07-26,108.15
17520,GRC1451184D4,2021-07-09,104.3
11327,FR0000121014,2021-07-08,682.3
12101,FR0000131104,2021-07-08,50.68
17265,GRC1441197B3,2021-07-14,97.2
9526,EU000A1G0D39,2021-07-15,101.464752
3587,DE0005552004,2021-07-08,56.51
1320,BE0974271034,2021-07-08,4.72
6683,DE000A0H08R2,2021-07-08,21.93
13133,FR0010315770,2021-07-08,255.28
20970,GRF000011004,2021-06-28,4.2453
11069,FR0000120628,2021-07-08,21.615
7208,DE000BAY0017,2021-07-21,49.43
17972,GRC419120AD7,2021-09-24,101.6
11843,FR0000125486,2021-07-08,91.8
8489,ES0113900J37,2021-07-08,3.3545
10553,FR0000120271,2021-07-08,37.67
5393,DE0007164600,2021-07-08,118.48
9008,ES0173516115,2021-07-13,9.73
398,AU3CB0228823,2021-12-09,66.177841
10295,FI0009003305,2021-07-08,39.4
20208,GRC815117CD9,2021-07-14,99.5
8758,ES0144580Y14,2021-07-23,10.3
11582,FR0000125007,2021-07-05,56.54
6427,DE000A0H08Q4,2021-07-12,68.97
13914,FR0013480613,2021-07-19,99.852524
15461,GR0118019679,2021-07-16,109.45
7716,ES0000012A89,2021-07-09,109.536476
5651,DE0008404005,2021-07-08,214.6
4361,DE0005933956,2021-07-08,41.885
19871,GRC5211214B5,2022-03-22,98.1718
16739,GR0128016731,2021-06-30,111.25
9262,ES0178430E18,2021-07-07,3.812
14942,GR0114031561,2021-07-13,110.28
12619,FR0000133308,2021-07-12,9.48
1093,AU3SG0002199,2021-08-20,63.705547
6943,DE000BASF111,2021-07-12,69.12
2815,DE0001102325,2021-07-12,105.75605
1834,BE0974303357,2021-07-06,2.415
20717,GRC8171186B7,2021-07-05,100.4
1578,BE0974293251,2021-07-08,60.98
3846,DE0005557508,2021-07-09,17.972
3330,DE0002635307,2021-07-09,45.31
19208,GRC4951193D4,2021-07-12,99.1
6168,DE000A0H0728,2021-07-09,19.566
10038,FI0009000681,2021-07-09,4.106
2095,CH0198251305,2021-07-09,30.73
21218,GRF000014008,2021-06-14,10.7274
8238,ES0000012G00,2021-07-19,93.899445
14165,GB00B15KXV33,2021-07-08,5.5231023
17973,GRC419120AD7,2021-09-27,101.7
4117,DE0005933931,2021-07-28,131.84
399,AU3CB0228823,2021-12-10,65.824982
12876,FR0007054358,2021-07-09,40.205
5912,DE000A0DEN75,2021-07-13,97.847267
5136,DE0007100000,2021-07-09,73.79
16242,GR0124036709,2021-07-27,108.33
3076,DE0001102457,2021-07-15,104.857956
7979,ES0000012F43,2021-07-16,104.314377
7463,ES00000121G2,2021-07-16,113.537697
10812,FR0000120578,2021-07-09,86.77
13650,FR0013176526,2021-07-09,26.19
4620,DE0006047004,2021-07-09,73.2
12360,FR0000131906,2021-07-09,33.43
15975,GR0124035693,2021-07-14,125.47
31,100974271034,2021-07-09,4.6
4878,DE0006599905,2021-07-09,168.6
17266,GRC1441197B3,2021-07-15,97.5
17521,GRC1451184D4,2021-07-12,104.3
11328,FR0000121014,2021-07-09,668.1
12102,FR0000131104,2021-07-09,50.51
9527,EU000A1G0D39,2021-07-16,101.493874
3588,DE0005552004,2021-07-09,57.77
1094,AU3SG0002199,2021-08-23,63.705547
6684,DE000A0H08R2,2021-07-09,21.9
1321,BE0974271034,2021-07-09,4.82
20971,GRF000011004,2021-06-29,4.2304
13134,FR0010315770,2021-07-09,251.73
9009,ES0173516115,2021-07-14,9.85
7209,DE000BAY0017,2021-07-22,50.62
13915,FR0013480613,2021-07-20,99.852524
11070,FR0000120628,2021-07-09,21.56
11844,FR0000125486,2021-07-09,90.5
15462,GR0118019679,2021-07-19,109.1
10554,FR0000120271,2021-07-09,36.86
5394,DE0007164600,2021-07-09,118.32
6428,DE000A0H08Q4,2021-07-13,69.72
16740,GR0128016731,2021-07-01,111.24
11583,FR0000125007,2021-07-06,56.55
400,AU3CB0228823,2021-12-13,67.265083
8759,ES0144580Y14,2021-07-26,10.425
10296,FI0009003305,2021-07-09,39.9
8491,ES0113900J37,2021-07-12,3.1295
7717,ES0000012A89,2021-07-12,109.536476
17974,GRC419120AD7,2021-09-28,101.3
556,AU3CB0258465,2021-07-22,66.254166
5652,DE0008404005,2021-07-09,214.6
20209,GRC815117CD9,2021-07-15,99.5
4362,DE0005933956,2021-07-09,41.42
14943,GR0114031561,2021-07-14,110.3
12620,FR0000133308,2021-07-13,9.59
20718,GRC8171186B7,2021-07-06,99.2
9263,ES0178430E18,2021-07-08,4.06
1835,BE0974303357,2021-07-07,2.7
6944,DE000BASF111,2021-07-13,67.4
8239,ES0000012G00,2021-07-20,94.57486
1579,BE0974293251,2021-07-09,60.31
19209,GRC4951193D4,2021-07-13,99.5
3847,DE0005557508,2021-07-12,17.884
3331,DE0002635307,2021-07-12,45.305
16243,GR0124036709,2021-07-28,108.38
1095,AU3SG0002199,2021-08-24,64.393211
21219,GRF000014008,2021-06-15,10.69
10039,FI0009000681,2021-07-12,4.655
2096,CH0198251305,2021-07-12,30.55
7980,ES0000012F43,2021-07-19,104.314377
6169,DE000A0H0728,2021-07-12,20.338
14166,GB00B15KXV33,2021-07-09,5.4167085
5913,DE000A0DEN75,2021-07-14,97.856262
3077,DE0001102457,2021-07-16,105.773872
12877,FR0007054358,2021-07-12,40.105
401,AU3CB0228823,2021-12-14,66.469765
4118,DE0005933931,2021-07-29,131.88
5137,DE0007100000,2021-07-12,73.23
15976,GR0124035693,2021-07-15,124.83
13651,FR0013176526,2021-07-12,26.5
10813,FR0000120578,2021-07-12,86.8
17267,GRC1441197B3,2021-07-16,97.5
4621,DE0006047004,2021-07-12,74.6
12361,FR0000131906,2021-07-12,32.735
17975,GRC419120AD7,2021-09-29,101.5
4879,DE0006599905,2021-07-12,169.2
32,100974271034,2021-07-12,4.6
19075,GRC4261213D5,2022-01-03,98.62367
17522,GRC1451184D4,2021-07-13,104.0
13916,FR0013480613,2021-07-21,99.852524
9528,EU000A1G0D39,2021-07-19,101.509247
11329,FR0000121014,2021-07-12,639.2
12103,FR0000131104,2021-07-12,50.51
9010,ES0173516115,2021-07-15,9.56
15463,GR0118019679,2021-07-20,109.04
16741,GR0128016731,2021-07-02,111.26
3589,DE0005552004,2021-07-12,57.09
20972,GRF000011004,2021-06-30,4.2416
6685,DE000A0H08R2,2021-07-12,21.92
1322,BE0974271034,2021-07-12,4.7
13135,FR0010315770,2021-07-12,251.73
11071,FR0000120628,2021-07-12,21.285
7210,DE000BAY0017,2021-07-23,49.43
11845,FR0000125486,2021-07-12,90.5
6429,DE000A0H08Q4,2021-07-14,69.5
1096,AU3SG0002199,2021-08-25,63.705547
10555,FR0000120271,2021-07-12,36.895
5395,DE0007164600,2021-07-12,122.76
11584,FR0000125007,2021-07-07,56.65
8760,ES0144580Y14,2021-07-27,10.295
10297,FI0009003305,2021-07-12,41.3
8492,ES0113900J37,2021-07-13,3.139
7718,ES0000012A89,2021-07-13,109.383415
14944,GR0114031561,2021-07-15,110.3
402,AU3CB0228823,2021-12-15,66.672729
5653,DE0008404005,2021-07-12,214.6
8240,ES0000012G00,2021-07-21,94.92215
20210,GRC815117CD9,2021-07-16,99.5
4363,DE0005933956,2021-07-12,41.055
16244,GR0124036709,2021-07-29,108.38
12621,FR0000133308,2021-07-14,9.62
20719,GRC8171186B7,2021-07-07,98.4
17976,GRC419120AD7,2021-09-30,102.0
19210,GRC4951193D4,2021-07-14,99.9
1836,BE0974303357,2021-07-08,2.535
7981,ES0000012F43,2021-07-20,104.005638
6945,DE000BASF111,2021-07-14,67.98
3848,DE0005557508,2021-07-13,17.992
9264,ES0178430E18,2021-07-09,3.724
1580,BE0974293251,2021-07-12,60.31
3332,DE0002635307,2021-07-13,45.065
21220,GRF000014008,2021-06-16,10.6781
3078,DE0001102457,2021-07-19,105.88562
5914,DE000A0DEN75,2021-07-15,97.856262
2817,DE0001102325,2021-07-14,105.73317
10040,FI0009000681,2021-07-13,4.106
2097,CH0198251305,2021-07-13,30.55
6170,DE000A0H0728,2021-07-13,19.85
14167,GB00B15KXV33,2021-07-12,4.8324599
15977,GR0124035693,2021-07-16,124.77
12878,FR0007054358,2021-07-13,40.365
17268,GRC1441197B3,2021-07-19,97.5
7465,ES00000121G2,2021-07-20,113.537697
5138,DE0007100000,2021-07-13,73.23
1097,AU3SG0002199,2021-08-26,63.189777
13917,FR0013480613,2021-07-22,100.439148
13652,FR0013176526,2021-07-13,27.27
10814,FR0000120578,2021-07-13,87.9
403,AU3CB0228823,2021-12-16,66.531593
4119,DE0005933931,2021-07-30,132.44
4622,DE0006047004,2021-07-13,76.6
12362,FR0000131906,2021-07-13,33.015
16742,GR0128016731,2021-07-05,109.27
4880,DE0006599905,2021-07-13,169.6
33,100974271034,2021-07-13,4.4
17523,GRC1451184D4,2021-07-14,103.7
15464,GR0118019679,2021-07-21,109.1
9011,ES0173516115,2021-07-16,9.32
9529,EU000A1G0D39,2021-07-20,101.490929
11330,FR0000121014,2021-07-13,666.0
12104,FR0000131104,2021-07-13,51.91
3590,DE0005552004,2021-07-13,58.62
20973,GRF000011004,2021-07-01,4.2453
17977,GRC419120AD7,2021-10-01,101.6
6686,DE000A0H08R2,2021-07-13,21.66
19872,GRC5211214B5,2022-03-23,96.9999
1323,BE0974271034,2021-07-13,4.75
6430,DE000A0H08Q4,2021-07-15,69.67
13136,FR0010315770,2021-07-13,254.45
11072,FR0000120628,2021-07-13,21.825
7211,DE000BAY0017,2021-07-26,49.43
11846,FR0000125486,2021-07-13,91.74
11585,FR0000125007,2021-07-08,56.41
8241,ES0000012G00,2021-07-22,94.199921
5396,DE0007164600,2021-07-13,124.1
10556,FR0000120271,2021-07-13,36.775
16245,GR0124036709,2021-07-30,108.59
7719,ES0000012A89,2021-07-14,109.383415
10298,FI0009003305,2021-07-13,39.65
8761,ES0144580Y14,2021-07-28,10.13
8493,ES0113900J37,2021-07-14,3.0835
14945,GR0114031561,2021-07-16,110.1
20211,GRC815117CD9,2021-07-19,96.1
1098,AU3SG0002199,2021-08-27,63.58971
404,AU3CB0228823,2021-12-17,66.633606
5654,DE0008404005,2021-07-13,214.6
4364,DE0005933956,2021-07-13,40.46
7982,ES0000012F43,2021-07-21,103.783318
19211,GRC4951193D4,2021-07-15,99.8
12622,FR0000133308,2021-07-15,9.59
20720,GRC8171186B7,2021-07-08,98.4
3079,DE0001102457,2021-07-20,106.235222
1837,BE0974303357,2021-07-09,2.41
3849,DE0005557508,2021-07-14,17.728
21221,GRF000014008,2021-06-17,10.7343
3333,DE0002635307,2021-07-14,45.43
6946,DE000BASF111,2021-07-15,67.43
19873,GRC5211214B5,2022-03-24,97.0
1581,BE0974293251,2021-07-13,60.98
5915,DE000A0DEN75,2021-07-16,97.856262
9265,ES0178430E18,2021-07-12,3.764
13918,FR0013480613,2021-07-23,99.852524
15978,GR0124035693,2021-07-19,125.47
17269,GRC1441197B3,2021-07-20,98.0
10041,FI0009000681,2021-07-14,4.992
2098,CH0198251305,2021-07-14,31.05
17978,GRC419120AD7,2021-10-04,101.8
14168,GB00B15KXV33,2021-07-13,5.2936139
6171,DE000A0H0728,2021-07-14,18.33
12879,FR0007054358,2021-07-14,40.345
16743,GR0128016731,2021-07-06,109.27
2818,DE0001102325,2021-07-15,105.73317
5139,DE0007100000,2021-07-14,72.95
15465,GR0118019679,2021-07-22,109.56
13653,FR0013176526,2021-07-14,24.19
10815,FR0000120578,2021-07-14,88.36
4623,DE0006047004,2021-07-14,75.5
12363,FR0000131906,2021-07-14,32.315
17524,GRC1451184D4,2021-07-15,103.7
9012,ES0173516115,2021-07-19,9.16
34,100974271034,2021-07-14,4.5
4881,DE0006599905,2021-07-14,169.6
4120,DE0005933931,2021-08-02,132.44
405,AU3CB0228823,2021-12-20,66.423935
9530,EU000A1G0D39,2021-07-21,101.490929
11331,FR0000121014,2021-07-14,670.7
3591,DE0005552004,2021-07-14,58.49
12105,FR0000131104,2021-07-14,51.86
8242,ES0000012G00,2021-07-23,95.28463
16246,GR0124036709,2021-08-02,108.06
6431,DE000A0H08Q4,2021-07-16,70.74
20974,GRF000011004,2021-07-02,4.2616
6687,DE000A0H08R2,2021-07-14,21.89
1324,BE0974271034,2021-07-14,4.45
13137,FR0010315770,2021-07-14,255.67
11073,FR0000120628,2021-07-14,21.815
7212,DE000BAY0017,2021-07-27,51.06
11847,FR0000125486,2021-07-14,91.41
11586,FR0000125007,2021-07-09,56.41
5397,DE0007164600,2021-07-14,127.16
7720,ES0000012A89,2021-07-15,109.383415
10557,FR0000120271,2021-07-14,37.19
7983,ES0000012F43,2021-07-22,103.783318
8762,ES0144580Y14,2021-07-29,10.14
10299,FI0009003305,2021-07-14,39.73
8494,ES0113900J37,2021-07-15,3.1295
17979,GRC419120AD7,2021-10-05,101.8
14946,GR0114031561,2021-07-19,110.1
19212,GRC4951193D4,2021-07-16,99.8
1099,AU3SG0002199,2021-08-30,63.717985
20212,GRC815117CD9,2021-07-20,96.1
9783,EU000A1U9985,2021-07-14,100.800804
5655,DE0008404005,2021-07-14,214.6
3080,DE0001102457,2021-07-21,106.235222
20721,GRC8171186B7,2021-07-09,99.2
12623,FR0000133308,2021-07-16,9.53
4365,DE0005933956,2021-07-14,41.28
13919,FR0013480613,2021-07-26,101.24762
406,AU3CB0228823,2021-12-21,66.633606
21222,GRF000014008,2021-06-18,10.6984
17270,GRC1441197B3,2021-07-21,98.3
5916,DE000A0DEN75,2021-07-19,97.799408
1838,BE0974303357,2021-07-12,2.49
15979,GR0124035693,2021-07-20,125.47
16744,GR0128016731,2021-07-07,112.49
3334,DE0002635307,2021-07-15,45.625
3850,DE0005557508,2021-07-15,18.33
6947,DE000BASF111,2021-07-16,67.43
1582,BE0974293251,2021-07-14,60.31
7467,ES00000121G2,2021-07-22,113.537697
10042,FI0009000681,2021-07-15,3.438
2099,CH0198251305,2021-07-15,30.6
9266,ES0178430E18,2021-07-13,3.795
14169,GB00B15KXV33,2021-07-14,4.6743302
15466,GR0118019679,2021-07-23,109.71
12880,FR0007054358,2021-07-15,40.365
6172,DE000A0H0728,2021-07-15,19.006
5140,DE0007100000,2021-07-15,72.03
13654,FR0013176526,2021-07-15,24.3
9013,ES0173516115,2021-07-20,9.16
10816,FR0000120578,2021-07-15,88.46
2819,DE0001102325,2021-07-16,105.720016
4624,DE0006047004,2021-07-15,77.2
17525,GRC1451184D4,2021-07-16,103.75
12364,FR0000131906,2021-07-15,32.36
16247,GR0124036709,2021-08-03,106.87
17980,GRC419120AD7,2021-10-06,101.6
35,100974271034,2021-07-15,4.5
4882,DE0006599905,2021-07-15,171.1
4121,DE0005933931,2021-08-03,131.96
8243,ES0000012G00,2021-07-26,95.28463
9531,EU000A1G0D39,2021-07-22,101.493874
407,AU3CB0228823,2021-12-22,66.423935
6432,DE000A0H08Q4,2021-07-19,69.15
3592,DE0005552004,2021-07-15,58.54
11332,FR0000121014,2021-07-15,671.6
12106,FR0000131104,2021-07-15,52.62
20975,GRF000011004,2021-07-05,4.2126
1100,AU3SG0002199,2021-08-31,63.041981
6688,DE000A0H08R2,2021-07-15,21.66
1325,BE0974271034,2021-07-15,4.54
7984,ES0000012F43,2021-07-23,104.62532
13138,FR0010315770,2021-07-15,255.8
11074,FR0000120628,2021-07-15,21.825
7213,DE000BAY0017,2021-07-28,51.47
11848,FR0000125486,2021-07-15,95.01
11587,FR0000125007,2021-07-12,55.54
14947,GR0114031561,2021-07-20,110.3
7721,ES0000012A89,2021-07-16,109.952736
5398,DE0007164600,2021-07-15,127.16
19213,GRC4951193D4,2021-07-19,98.2
10558,FR0000120271,2021-07-15,37.47
3081,DE0001102457,2021-07-22,106.204262
8763,ES0144580Y14,2021-07-30,10.13
9784,EU000A1U9985,2021-07-15,100.733467
10300,FI0009003305,2021-07-15,39.73
13920,FR0013480613,2021-07-27,101.313568
8495,ES0113900J37,2021-07-16,3.121
20213,GRC815117CD9,2021-07-21,99.5
20722,GRC8171186B7,2021-07-12,98.5
12624,FR0000133308,2021-07-19,9.59
16745,GR0128016731,2021-07-08,112.73
5656,DE0008404005,2021-07-15,211.6
17271,GRC1441197B3,2021-07-22,97.2
4366,DE0005933956,2021-07-15,41.59
15980,GR0124035693,2021-07-21,125.93
5917,DE000A0DEN75,2021-07-20,97.866356
21223,GRF000014008,2021-06-21,10.6984
17981,GRC419120AD7,2021-10-07,101.7
1839,BE0974303357,2021-07-13,2.555
15467,GR0118019679,2021-07-26,109.1
3335,DE0002635307,2021-07-16,45.245
3851,DE0005557508,2021-07-16,18.214
408,AU3CB0228823,2021-12-23,66.520004
6948,DE000BASF111,2021-07-19,66.1
1583,BE0974293251,2021-07-15,58.83
10043,FI0009000681,2021-07-16,3.569
2100,CH0198251305,2021-07-16,30.6
14170,GB00B15KXV33,2021-07-15,4.6743302
16248,GR0124036709,2021-08-04,108.93
12881,FR0007054358,2021-07-16,39.96
9267,ES0178430E18,2021-07-14,3.763
9014,ES0173516115,2021-07-21,8.95
8244,ES0000012G00,2021-07-27,95.773407
6173,DE000A0H0728,2021-07-16,20.062
5141,DE0007100000,2021-07-16,73.21
13655,FR0013176526,2021-07-16,23.86
10817,FR0000120578,2021-07-16,87.9
17526,GRC1451184D4,2021-07-19,103.75
4625,DE0006047004,2021-07-16,76.9
12365,FR0000131906,2021-07-16,32.55
9532,EU000A1G0D39,2021-07-23,101.464752
4883,DE0006599905,2021-07-16,170.6
36,100974271034,2021-07-16,4.5
4122,DE0005933931,2021-08-04,131.96
2820,DE0001102325,2021-07-19,105.720016
6433,DE000A0H08Q4,2021-07-20,70.03
7985,ES0000012F43,2021-07-26,104.772461
3593,DE0005552004,2021-07-16,58.23
11333,FR0000121014,2021-07-16,671.6
20976,GRF000011004,2021-07-06,4.2308
12107,FR0000131104,2021-07-16,52.62
6689,DE000A0H08R2,2021-07-16,21.89
14948,GR0114031561,2021-07-21,110.3
13921,FR0013480613,2021-07-28,101.313568
17982,GRC419120AD7,2021-10-08,101.6
1326,BE0974271034,2021-07-16,4.7
409,AU3CB0228823,2021-12-24,66.469765
13139,FR0010315770,2021-07-16,255.8
11075,FR0000120628,2021-07-16,21.77
19214,GRC4951193D4,2021-07-20,97.2
3082,DE0001102457,2021-07-23,106.204262
11849,FR0000125486,2021-07-16,88.58
558,AU3CB0258465,2021-07-26,66.701164
11588,FR0000125007,2021-07-13,56.06
7214,DE000BAY0017,2021-07-29,51.06
7722,ES0000012A89,2021-07-19,109.977974
16746,GR0128016731,2021-07-09,111.55
5399,DE0007164600,2021-07-16,122.76
10559,FR0000120271,2021-07-16,36.775
8764,ES0144580Y14,2021-08-02,10.14
10301,FI0009003305,2021-07-16,39.91
8496,ES0113900J37,2021-07-19,3.038
17272,GRC1441197B3,2021-07-23,97.0
20723,GRC8171186B7,2021-07-13,98.7
20214,GRC815117CD9,2021-07-22,99.5
15981,GR0124035693,2021-07-22,125.91
5918,DE000A0DEN75,2021-07-21,97.840714
5657,DE0008404005,2021-07-16,209.6
15468,GR0118019679,2021-07-27,109.35
21224,GRF000014008,2021-06-22,10.6914
4367,DE0005933956,2021-07-16,41.28
16249,GR0124036709,2021-08-05,107.56
3852,DE0005557508,2021-07-19,18.214
3336,DE0002635307,2021-07-19,45.39
1840,BE0974303357,2021-07-14,2.485
12625,FR0000133308,2021-07-20,9.37
8245,ES0000012G00,2021-07-28,94.199921
6949,DE000BASF111,2021-07-20,66.24
1101,AU3SG0002199,2021-09-01,63.031484
10044,FI0009000681,2021-07-19,3.435
1584,BE0974293251,2021-07-16,58.77
2101,CH0198251305,2021-07-19,30.27
14171,GB00B15KXV33,2021-07-16,5.5415463
9015,ES0173516115,2021-07-22,9.249
410,AU3CB0228823,2021-12-27,67.246689
12882,FR0007054358,2021-07-19,39.785
6174,DE000A0H0728,2021-07-19,19.364
9268,ES0178430E18,2021-07-15,3.685
5142,DE0007100000,2021-07-19,73.21
13656,FR0013176526,2021-07-19,23.72
17527,GRC1451184D4,2021-07-20,103.75
10818,FR0000120578,2021-07-19,87.87
9533,EU000A1G0D39,2021-07-26,101.464752
7986,ES0000012F43,2021-07-27,104.713989
4626,DE0006047004,2021-07-19,72.4
37,100974271034,2021-07-19,4.4
4884,DE0006599905,2021-07-19,170.2
4123,DE0005933931,2021-08-05,133.54
6434,DE000A0H08Q4,2021-07-21,70.72
13922,FR0013480613,2021-07-29,100.892265
3594,DE0005552004,2021-07-19,58.0
14949,GR0114031561,2021-07-22,110.31
20977,GRF000011004,2021-07-07,4.2126
11334,FR0000121014,2021-07-19,639.2
2821,DE0001102325,2021-07-20,105.720016
16747,GR0128016731,2021-07-12,112.25
12108,FR0000131104,2021-07-19,51.88
3083,DE0001102457,2021-07-26,106.204262
19215,GRC4951193D4,2021-07-21,100.0
6690,DE000A0H08R2,2021-07-19,21.86
1327,BE0974271034,2021-07-19,4.6
13140,FR0010315770,2021-07-19,254.3
11076,FR0000120628,2021-07-19,21.815
7723,ES0000012A89,2021-07-20,109.977974
11589,FR0000125007,2021-07-14,58.2
11850,FR0000125486,2021-07-19,87.47
17273,GRC1441197B3,2021-07-26,97.5
1102,AU3SG0002199,2021-09-02,63.223946
5400,DE0007164600,2021-07-19,123.64
411,AU3CB0228823,2021-12-28,67.226685
10560,FR0000120271,2021-07-19,36.285
12369,FR0000131906,2021-07-22,29.83
8765,ES0144580Y14,2021-08-03,10.21
15982,GR0124035693,2021-07-23,125.84
20724,GRC8171186B7,2021-07-14,98.4
15469,GR0118019679,2021-07-28,109.35
10302,FI0009003305,2021-07-19,40.24
8497,ES0113900J37,2021-07-20,2.9345
16250,GR0124036709,2021-08-06,107.02
5919,DE000A0DEN75,2021-07-22,97.892647
20215,GRC815117CD9,2021-07-23,99.5
21225,GRF000014008,2021-06-23,10.6932
8246,ES0000012G00,2021-07-29,93.789429
5658,DE0008404005,2021-07-19,209.6
4368,DE0005933956,2021-07-19,41.59
7470,ES00000121G2,2021-07-27,113.585197
3853,DE0005557508,2021-07-20,17.836
3337,DE0002635307,2021-07-20,45.05
12626,FR0000133308,2021-07-21,9.37
9016,ES0173516115,2021-07-23,9.191
1841,BE0974303357,2021-07-15,2.51
10045,FI0009000681,2021-07-20,4.786
6950,DE000BASF111,2021-07-21,65.78
14172,GB00B15KXV33,2021-07-19,5.5220137
2102,CH0198251305,2021-07-20,29.58
1585,BE0974293251,2021-07-19,58.2
7987,ES0000012F43,2021-07-28,104.772461
12883,FR0007054358,2021-07-20,39.785
6175,DE000A0H0728,2021-07-20,19.815
13923,FR0013480613,2021-07-30,101.366577
17528,GRC1451184D4,2021-07-21,103.75
5143,DE0007100000,2021-07-20,69.52
10819,FR0000120578,2021-07-20,86.77
13434,FR0010510800,2021-09-07,103.51
9269,ES0178430E18,2021-07-16,3.703
1103,AU3SG0002199,2021-09-03,63.416763
412,AU3CB0228823,2021-12-29,67.246689
4627,DE0006047004,2021-07-20,72.5
6435,DE000A0H08Q4,2021-07-22,71.24
16748,GR0128016731,2021-07-13,108.8
38,100974271034,2021-07-20,4.9
4885,DE0006599905,2021-07-20,169.1
14950,GR0114031561,2021-07-23,110.28
3084,DE0001102457,2021-07-27,106.204262
13657,FR0013176526,2021-07-20,23.18
4124,DE0005933931,2021-08-06,133.82
19216,GRC4951193D4,2021-07-22,99.4
3595,DE0005552004,2021-07-20,57.09
20978,GRF000011004,2021-07-08,4.2334
11335,FR0000121014,2021-07-20,662.5
12109,FR0000131104,2021-07-20,52.15
6691,DE000A0H08R2,2021-07-20,22.0
17274,GRC1441197B3,2021-07-27,97.4
1328,BE0974271034,2021-07-20,4.49
7724,ES0000012A89,2021-07-21,110.36335
16251,GR0124036709,2021-08-09,109.22
13141,FR0010315770,2021-07-20,254.3
11590,FR0000125007,2021-07-15,58.27
11077,FR0000120628,2021-07-20,21.765
15470,GR0118019679,2021-07-29,109.09
2822,DE0001102325,2021-07-21,105.720016
11851,FR0000125486,2021-07-20,87.47
15983,GR0124035693,2021-07-26,125.86
5401,DE0007164600,2021-07-20,118.22
20725,GRC8171186B7,2021-07-15,97.5
8247,ES0000012G00,2021-07-30,95.517097
5920,DE000A0DEN75,2021-07-23,97.744301
10561,FR0000120271,2021-07-20,34.89
8766,ES0144580Y14,2021-08-04,10.365
10303,FI0009003305,2021-07-20,40.02
8498,ES0113900J37,2021-07-21,2.9545
20216,GRC815117CD9,2021-07-26,99.6
21226,GRF000014008,2021-06-24,10.6889
12371,FR0000131906,2021-07-26,31.215
7216,DE000BAY0017,2021-08-02,50.57
413,AU3CB0228823,2021-12-30,67.256172
1104,AU3SG0002199,2021-09-06,63.161968
7471,ES00000121G2,2021-07-28,113.585197
5659,DE0008404005,2021-07-20,214.1
4369,DE0005933956,2021-07-20,41.59
3854,DE0005557508,2021-07-21,17.992
3338,DE0002635307,2021-07-21,45.35
7988,ES0000012F43,2021-07-29,104.777802
1842,BE0974303357,2021-07-16,2.69
13924,FR0013480613,2021-08-02,101.798965
10046,FI0009000681,2021-07-21,4.907
9017,ES0173516115,2021-07-26,8.758
14173,GB00B15KXV33,2021-07-20,5.1570148
6951,DE000BASF111,2021-07-22,65.95
2103,CH0198251305,2021-07-21,29.58
1586,BE0974293251,2021-07-20,58.2
12884,FR0007054358,2021-07-21,40.105
16749,GR0128016731,2021-07-14,112.53
6176,DE000A0H0728,2021-07-21,19.85
17529,GRC1451184D4,2021-07-22,104.4031
12627,FR0000133308,2021-07-22,9.36
13435,FR0010510800,2021-09-08,103.51
5144,DE0007100000,2021-07-21,70.58
10820,FR0000120578,2021-07-21,85.78
14951,GR0114031561,2021-07-26,110.25
6436,DE000A0H08Q4,2021-07-23,71.44
3085,DE0001102457,2021-07-28,106.235222
4628,DE0006047004,2021-07-21,73.6
9270,ES0178430E18,2021-07-19,3.694
39,100974271034,2021-07-21,4.5
4886,DE0006599905,2021-07-21,170.2
559,AU3CB0258465,2021-07-27,66.254166
19217,GRC4951193D4,2021-07-23,99.2
13658,FR0013176526,2021-07-21,23.14
9535,EU000A1G0D39,2021-07-28,101.55027
16252,GR0124036709,2021-08-10,109.2
4125,DE0005933931,2021-08-09,133.78
414,AU3CB0228823,2021-12-31,67.256172
3596,DE0005552004,2021-07-21,58.49
17275,GRC1441197B3,2021-07-28,98.1
20979,GRF000011004,2021-07-09,4.2126
15471,GR0118019679,2021-07-30,109.45
11336,FR0000121014,2021-07-21,645.1
12110,FR0000131104,2021-07-21,51.8
6692,DE000A0H08R2,2021-07-21,21.34
8248,ES0000012G00,2021-08-02,95.846802
15984,GR0124035693,2021-07-27,125.9
7725,ES0000012A89,2021-07-22,110.454681
11591,FR0000125007,2021-07-16,58.69
1329,BE0974271034,2021-07-21,4.47
13142,FR0010315770,2021-07-21,254.3
11078,FR0000120628,2021-07-21,21.62
11852,FR0000125486,2021-07-21,89.3
5921,DE000A0DEN75,2021-07-26,97.880707
20726,GRC8171186B7,2021-07-16,99.0
21722,GRF000023009,2021-05-27,30.2906
5402,DE0007164600,2021-07-21,113.38
10562,FR0000120271,2021-07-21,34.89
8767,ES0144580Y14,2021-08-05,10.425
7472,ES00000121G2,2021-07-29,113.593353
21227,GRF000014008,2021-06-25,10.7108
10304,FI0009003305,2021-07-21,39.63
8499,ES0113900J37,2021-07-22,3.07
20217,GRC815117CD9,2021-07-27,99.6
12372,FR0000131906,2021-07-27,31.54
7989,ES0000012F43,2021-07-30,104.777802
13925,FR0013480613,2021-08-03,102.483566
7217,DE000BAY0017,2021-08-03,50.48
5660,DE0008404005,2021-07-21,204.2
4370,DE0005933956,2021-07-21,40.305
3855,DE0005557508,2021-07-22,18.268
3339,DE0002635307,2021-07-22,45.49
9018,ES0173516115,2021-07-27,9.441
16750,GR0128016731,2021-07-15,112.8
415,AU3CB0228823,2022-01-03,67.256172
1843,BE0974303357,2021-07-19,2.54
10047,FI0009000681,2021-07-22,4.998
14174,GB00B15KXV33,2021-07-21,5.1700702
2104,CH0198251305,2021-07-22,30.31
6952,DE000BASF111,2021-07-23,65.86
1105,AU3SG0002199,2021-09-07,63.415401
12885,FR0007054358,2021-07-22,39.685
6177,DE000A0H0728,2021-07-22,20.068
17530,GRC1451184D4,2021-07-23,104.51
14952,GR0114031561,2021-07-27,110.23
12628,FR0000133308,2021-07-23,9.46
5145,DE0007100000,2021-07-22,70.58
3086,DE0001102457,2021-07-29,105.551231
6437,DE000A0H08Q4,2021-07-26,72.11
16253,GR0124036709,2021-08-11,109.2
10821,FR0000120578,2021-07-22,85.78
19218,GRC4951193D4,2021-07-26,99.9
4629,DE0006047004,2021-07-22,73.2
40,100974271034,2021-07-22,4.5
17276,GRC1441197B3,2021-07-29,98.0
4887,DE0006599905,2021-07-22,167.6
15472,GR0118019679,2021-08-02,109.35
9271,ES0178430E18,2021-07-20,3.691
9536,EU000A1G0D39,2021-07-29,101.55027
8249,ES0000012G00,2021-08-03,95.846802
3597,DE0005552004,2021-07-22,58.54
20980,GRF000011004,2021-07-12,4.2001
4126,DE0005933931,2021-08-10,132.64
15985,GR0124035693,2021-07-28,126.03
11337,FR0000121014,2021-07-22,659.2
1591,BE0974293251,2021-07-27,58.16
12111,FR0000131104,2021-07-22,51.14
6693,DE000A0H08R2,2021-07-22,21.66
7726,ES0000012A89,2021-07-23,110.509392
13659,FR0013176526,2021-07-22,30.51
11592,FR0000125007,2021-07-19,58.32
5922,DE000A0DEN75,2021-07-27,97.885788
1330,BE0974271034,2021-07-22,4.51
416,AU3CB0228823,2022-01-04,67.195366
13143,FR0010315770,2021-07-22,254.3
11079,FR0000120628,2021-07-22,21.765
20727,GRC8171186B7,2021-07-19,97.7
7473,ES00000121G2,2021-07-30,113.522446
11853,FR0000125486,2021-07-22,89.89
21723,GRF000023009,2021-05-28,30.2738
13926,FR0013480613,2021-08-04,102.483566
5403,DE0007164600,2021-07-22,115.02
21228,GRF000014008,2021-06-28,10.7108
7990,ES0000012F43,2021-08-02,104.848236
10563,FR0000120271,2021-07-22,39.34
8768,ES0144580Y14,2021-08-06,10.3
10305,FI0009003305,2021-07-22,40.44
8500,ES0113900J37,2021-07-23,3.0785
12373,FR0000131906,2021-07-28,31.5
16751,GR0128016731,2021-07-16,112.25
20218,GRC815117CD9,2021-07-28,100.0
7218,DE000BAY0017,2021-08-04,51.14
9019,ES0173516115,2021-07-28,9.438
4371,DE0005933956,2021-07-22,41.01
3340,DE0002635307,2021-07-23,45.315
3856,DE0005557508,2021-07-23,18.382
5661,DE0008404005,2021-07-22,205.4
10048,FI0009000681,2021-07-23,4.907
1844,BE0974303357,2021-07-20,2.36
1106,AU3SG0002199,2021-09-08,63.223007
16254,GR0124036709,2021-08-12,109.2
14175,GB00B15KXV33,2021-07-22,5.1700702
2105,CH0198251305,2021-07-23,30.6
14953,GR0114031561,2021-07-28,110.26
2831,DE0001102325,2021-08-03,105.802132
6953,DE000BASF111,2021-07-26,67.95
17531,GRC1451184D4,2021-07-26,103.335
12886,FR0007054358,2021-07-23,40.425
6178,DE000A0H0728,2021-07-23,20.19
3087,DE0001102457,2021-07-30,105.551231
6438,DE000A0H08Q4,2021-07-27,72.0
19219,GRC4951193D4,2021-07-27,100.7
417,AU3CB0228823,2022-01-05,66.868843
5146,DE0007100000,2021-07-23,75.33
8250,ES0000012G00,2021-08-04,96.606316
17277,GRC1441197B3,2021-07-30,97.7
15473,GR0118019679,2021-08-03,108.32
10822,FR0000120578,2021-07-23,87.03
12629,FR0000133308,2021-07-26,9.36
4630,DE0006047004,2021-07-23,73.2
9537,EU000A1G0D39,2021-07-30,101.563179
41,100974271034,2021-07-23,4.5
4888,DE0006599905,2021-07-23,170.5
15986,GR0124035693,2021-07-29,126.08
20981,GRF000011004,2021-07-13,4.2126
3598,DE0005552004,2021-07-23,58.23
9272,ES0178430E18,2021-07-21,3.806
11338,FR0000121014,2021-07-23,660.4
1592,BE0974293251,2021-07-28,58.21
12112,FR0000131104,2021-07-23,49.98
7474,ES00000121G2,2021-08-02,113.507874
13927,FR0013480613,2021-08-05,101.798965
7727,ES0000012A89,2021-07-26,110.454681
4127,DE0005933931,2021-08-11,132.08
5923,DE000A0DEN75,2021-07-28,97.89624
6694,DE000A0H08R2,2021-07-23,21.34
13660,FR0013176526,2021-07-23,22.8
11593,FR0000125007,2021-07-20,55.44
7991,ES0000012F43,2021-08-03,105.076294
20728,GRC8171186B7,2021-07-20,99.4
1331,BE0974271034,2021-07-23,4.17
13144,FR0010315770,2021-07-23,255.59
11080,FR0000120628,2021-07-23,21.77
21724,GRF000023009,2021-05-31,30.0992
11854,FR0000125486,2021-07-23,88.41
16752,GR0128016731,2021-07-19,113.24
1107,AU3SG0002199,2021-09-09,63.037422
21229,GRF000014008,2021-06-29,10.7108
5404,DE0007164600,2021-07-23,118.34
10564,FR0000120271,2021-07-23,35.64
8769,ES0144580Y14,2021-08-09,10.235
10306,FI0009003305,2021-07-23,39.81
8501,ES0113900J37,2021-07-26,3.126
12374,FR0000131906,2021-07-29,32.93
418,AU3CB0228823,2022-01-06,67.230461
9020,ES0173516115,2021-07-29,9.596
20219,GRC815117CD9,2021-07-29,100.0
9790,EU000A1U9985,2021-07-23,100.724625
16255,GR0124036709,2021-08-13,109.23
7219,DE000BAY0017,2021-08-05,49.43
3857,DE0005557508,2021-07-26,18.33
3341,DE0002635307,2021-07-26,45.725
4372,DE0005933956,2021-07-23,41.24
14954,GR0114031561,2021-07-29,110.28
2832,DE0001102325,2021-08-04,105.802132
5662,DE0008404005,2021-07-23,208.8
10049,FI0009000681,2021-07-26,4.957
14176,GB00B15KXV33,2021-07-23,5.4493313
8251,ES0000012G00,2021-08-05,96.606316
1845,BE0974303357,2021-07-21,2.31
2106,CH0198251305,2021-07-26,30.95
3088,DE0001102457,2021-08-02,106.655159
15474,GR0118019679,2021-08-04,109.77
17532,GRC1451184D4,2021-07-27,104.4
17278,GRC1441197B3,2021-08-02,97.7
19220,GRC4951193D4,2021-07-28,100.4
12887,FR0007054358,2021-07-26,40.525
6179,DE000A0H0728,2021-07-26,20.474
6954,DE000BASF111,2021-07-27,66.21
6439,DE000A0H08Q4,2021-07-28,71.44
5147,DE0007100000,2021-07-26,75.01
10823,FR0000120578,2021-07-26,88.73
12630,FR0000133308,2021-07-27,9.46
4631,DE0006047004,2021-07-26,75.1
1108,AU3SG0002199,2021-09-10,63.037422
9538,EU000A1G0D39,2021-08-02,101.563179
15987,GR0124035693,2021-07-30,126.18
4889,DE0006599905,2021-07-26,169.9
42,100974271034,2021-07-26,4.4
13928,FR0013480613,2021-08-06,103.728516
20982,GRF000011004,2021-07-14,4.2001
419,AU3CB0228823,2022-01-07,66.83638
3599,DE0005552004,2021-07-26,58.0
7475,ES00000121G2,2021-08-03,113.507874
7992,ES0000012F43,2021-08-04,105.13063
9273,ES0178430E18,2021-07-22,3.705
5924,DE000A0DEN75,2021-07-29,97.89624
16753,GR0128016731,2021-07-20,108.78
15696,GR0118020685,2021-06-15,109.7
11339,FR0000121014,2021-07-26,674.0
7728,ES0000012A89,2021-07-27,110.509392
12113,FR0000131104,2021-07-26,51.8
1593,BE0974293251,2021-07-29,58.09
13661,FR0013176526,2021-07-26,24.16
6695,DE000A0H08R2,2021-07-26,21.86
20729,GRC8171186B7,2021-07-21,99.5
11594,FR0000125007,2021-07-21,56.11
21725,GRF000023009,2021-06-01,30.3536
1332,BE0974271034,2021-07-26,4.6
21230,GRF000014008,2021-06-30,10.6845
13145,FR0010315770,2021-07-26,258.44
11081,FR0000120628,2021-07-26,21.905
11855,FR0000125486,2021-07-26,90.15
4128,DE0005933931,2021-08-12,134.44
5405,DE0007164600,2021-07-26,115.02
9021,ES0173516115,2021-07-30,9.493
10565,FR0000120271,2021-07-26,35.635
8770,ES0144580Y14,2021-08-10,10.3
9791,EU000A1U9985,2021-07-26,100.728897
10307,FI0009003305,2021-07-26,40.27
8502,ES0113900J37,2021-07-27,3.126
12375,FR0000131906,2021-07-30,33.135
16256,GR0124036709,2021-08-16,109.2
20220,GRC815117CD9,2021-07-30,100.0
14955,GR0114031561,2021-07-30,110.26
8252,ES0000012G00,2021-08-06,95.285446
2833,DE0001102325,2021-08-05,105.802132
1109,AU3SG0002199,2021-09-13,63.242336
3342,DE0002635307,2021-07-27,45.49
3858,DE0005557508,2021-07-27,18.214
15475,GR0118019679,2021-08-05,109.77
3089,DE0001102457,2021-08-03,106.770409
7220,DE000BAY0017,2021-08-06,46.69
4373,DE0005933956,2021-07-26,41.73
17279,GRC1441197B3,2021-08-03,98.1
420,AU3CB0228823,2022-01-10,66.868843
10050,FI0009000681,2021-07-27,4.957
5663,DE0008404005,2021-07-26,207.9
19221,GRC4951193D4,2021-07-29,99.1
14177,GB00B15KXV33,2021-07-26,5.5220137
2107,CH0198251305,2021-07-27,31.58
1846,BE0974303357,2021-07-22,2.45
6440,DE000A0H08Q4,2021-07-29,72.41
17533,GRC1451184D4,2021-07-28,104.3
6180,DE000A0H0728,2021-07-27,20.474
12888,FR0007054358,2021-07-27,39.96
6955,DE000BASF111,2021-07-28,67.12
561,AU3CB0258465,2021-07-29,66.701164
13929,FR0013480613,2021-08-09,102.485687
5148,DE0007100000,2021-07-27,75.3
10824,FR0000120578,2021-07-27,88.67
15988,GR0124035693,2021-08-02,125.36
12631,FR0000133308,2021-07-28,9.66
9539,EU000A1G0D39,2021-08-03,101.598793
4632,DE0006047004,2021-07-27,74.3
15697,GR0118020685,2021-06-16,110.8
7476,ES00000121G2,2021-08-04,113.524971
7993,ES0000012F43,2021-08-05,103.69767
16754,GR0128016731,2021-07-21,107.22
43,100974271034,2021-07-27,4.5
4890,DE0006599905,2021-07-27,173.65
20983,GRF000011004,2021-07-15,4.1986
3600,DE0005552004,2021-07-27,56.83
5925,DE000A0DEN75,2021-07-30,98.03492
7729,ES0000012A89,2021-07-28,110.509392
11340,FR0000121014,2021-07-27,666.0
12114,FR0000131104,2021-07-27,51.71
13662,FR0013176526,2021-07-27,22.8
20730,GRC8171186B7,2021-07-22,99.5
9274,ES0178430E18,2021-07-23,3.71
1594,BE0974293251,2021-07-30,58.16
6696,DE000A0H08R2,2021-07-27,21.88
11595,FR0000125007,2021-07-22,57.22
1110,AU3SG0002199,2021-09-14,63.58971
21726,GRF000023009,2021-06-02,30.3536
21231,GRF000014008,2021-07-01,10.6889
421,AU3CB0228823,2022-01-11,66.400101
1333,BE0974271034,2021-07-27,4.49
11082,FR0000120628,2021-07-27,21.0
13146,FR0010315770,2021-07-27,258.44
11856,FR0000125486,2021-07-27,90.01
9792,EU000A1U9985,2021-07-27,100.724625
9022,ES0173516115,2021-08-02,9.221
4129,DE0005933931,2021-08-13,135.38
5406,DE0007164600,2021-07-27,117.58
8253,ES0000012G00,2021-08-09,95.846802
10566,FR0000120271,2021-07-27,35.64
8771,ES0144580Y14,2021-08-11,10.18
14956,GR0114031561,2021-08-02,110.23
12376,FR0000131906,2021-08-02,36.745
8503,ES0113900J37,2021-07-28,3.126
2834,DE0001102325,2021-08-06,105.782127
10308,FI0009003305,2021-07-27,40.81
15476,GR0118019679,2021-08-06,108.32
3090,DE0001102457,2021-08-04,106.827988
16257,GR0124036709,2021-08-17,109.09
17280,GRC1441197B3,2021-08-04,97.4
20221,GRC815117CD9,2021-08-02,100.0
3343,DE0002635307,2021-07-28,45.51
3859,DE0005557508,2021-07-28,17.778
19222,GRC4951193D4,2021-07-30,99.4
7221,DE000BAY0017,2021-08-09,47.17
4374,DE0005933956,2021-07-27,41.67
13930,FR0013480613,2021-08-10,102.714645
10051,FI0009000681,2021-07-28,4.905
14178,GB00B15KXV33,2021-07-27,5.5220137
6441,DE000A0H08Q4,2021-07-30,73.1
5664,DE0008404005,2021-07-27,209.3
2108,CH0198251305,2021-07-28,31.47
17534,GRC1451184D4,2021-07-29,104.5385
1847,BE0974303357,2021-07-23,2.38
15698,GR0118020685,2021-06-17,110.3
6181,DE000A0H0728,2021-07-28,20.36
12889,FR0007054358,2021-07-28,39.96
15989,GR0124035693,2021-08-03,124.7
6956,DE000BASF111,2021-07-29,66.98
7994,ES0000012F43,2021-08-06,104.397476
16755,GR0128016731,2021-07-22,113.4
7477,ES00000121G2,2021-08-05,113.51992
1111,AU3SG0002199,2021-09-15,63.213081
5149,DE0007100000,2021-07-28,75.3
12632,FR0000133308,2021-07-29,9.66
10825,FR0000120578,2021-07-28,87.15
9540,EU000A1G0D39,2021-08-04,101.598793
422,AU3CB0228823,2022-01-12,66.357506
4633,DE0006047004,2021-07-28,74.76
562,AU3CB0258465,2021-07-30,66.616348
44,100974271034,2021-07-28,4.5
4891,DE0006599905,2021-07-28,171.85
20984,GRF000011004,2021-07-16,4.2011
5926,DE000A0DEN75,2021-08-02,97.847687
3601,DE0005552004,2021-07-28,57.09
7730,ES0000012A89,2021-07-29,110.510918
20731,GRC8171186B7,2021-07-23,99.2
11341,FR0000121014,2021-07-28,670.7
13663,FR0013176526,2021-07-28,23.93
12115,FR0000131104,2021-07-28,51.8
11596,FR0000125007,2021-07-23,57.92
21232,GRF000014008,2021-07-02,10.6889
1595,BE0974293251,2021-08-02,58.12
21727,GRF000023009,2021-06-03,30.1052
6697,DE000A0H08R2,2021-07-28,21.86
9793,EU000A1U9985,2021-07-28,100.73645
8254,ES0000012G00,2021-08-10,96.832832
9275,ES0178430E18,2021-07-26,3.845
9023,ES0173516115,2021-08-03,9.385
1334,BE0974271034,2021-07-28,4.41
11083,FR0000120628,2021-07-28,21.64
13147,FR0010315770,2021-07-28,255.49
11857,FR0000125486,2021-07-28,90.74
4130,DE0005933931,2021-08-16,135.48
14957,GR0114031561,2021-08-03,110.3
16258,GR0124036709,2021-08-18,109.02
5407,DE0007164600,2021-07-28,113.38
2835,DE0001102325,2021-08-09,105.782127
3091,DE0001102457,2021-08-05,106.820717
10567,FR0000120271,2021-07-28,36.45
8772,ES0144580Y14,2021-08-12,10.16
17281,GRC1441197B3,2021-08-05,97.4
12377,FR0000131906,2021-08-03,33.01
8504,ES0113900J37,2021-07-29,3.0595
13931,FR0013480613,2021-08-11,103.308243
1112,AU3SG0002199,2021-09-16,62.937592
423,AU3CB0228823,2022-01-13,66.495087
19223,GRC4951193D4,2021-08-02,98.7
15699,GR0118020685,2021-06-18,110.9
3344,DE0002635307,2021-07-29,45.39
3860,DE0005557508,2021-07-29,17.6
20222,GRC815117CD9,2021-08-03,100.0
10310,FI0009003305,2021-07-29,40.67
6442,DE000A0H08Q4,2021-08-02,72.11
16756,GR0128016731,2021-07-23,113.51
7222,DE000BAY0017,2021-08-10,46.69
10052,FI0009000681,2021-07-29,4.905
4375,DE0005933956,2021-07-28,41.375
7995,ES0000012F43,2021-08-09,103.126656
14179,GB00B15KXV33,2021-07-28,5.5220137
17535,GRC1451184D4,2021-07-30,104.7
15481,GR0118019679,2021-08-13,110.26
2109,CH0198251305,2021-07-29,30.1
5665,DE0008404005,2021-07-28,209.9
15990,GR0124035693,2021-08-04,125.47
7478,ES00000121G2,2021-08-06,113.507874
1848,BE0974303357,2021-07-26,2.45
6182,DE000A0H0728,2021-07-29,20.832
12890,FR0007054358,2021-07-29,39.96
6957,DE000BASF111,2021-07-30,67.13
12633,FR0000133308,2021-07-30,9.31
9541,EU000A1G0D39,2021-08-05,101.598793
5150,DE0007100000,2021-07-29,75.39
563,AU3CB0258465,2021-08-02,66.701164
10826,FR0000120578,2021-07-29,87.87
5927,DE000A0DEN75,2021-08-03,97.880707
45,100974271034,2021-07-29,4.5
4892,DE0006599905,2021-07-29,172.6
20985,GRF000011004,2021-07-19,4.1758
3602,DE0005552004,2021-07-29,58.45
8255,ES0000012G00,2021-08-11,96.832832
7731,ES0000012A89,2021-07-30,110.541656
4636,DE0006047004,2021-08-02,74.76
20732,GRC8171186B7,2021-07-26,98.0
9794,EU000A1U9985,2021-07-29,100.724625
424,AU3CB0228823,2022-01-14,65.188637
13664,FR0013176526,2021-07-29,24.16
1113,AU3SG0002199,2021-09-17,62.893436
11342,FR0000121014,2021-07-29,682.3
21233,GRF000014008,2021-07-05,10.7194
12116,FR0000131104,2021-07-29,51.16
9024,ES0173516115,2021-08-04,9.552
11597,FR0000125007,2021-07-26,58.27
21728,GRF000023009,2021-06-04,30.4075
6698,DE000A0H08R2,2021-07-29,21.88
1596,BE0974293251,2021-08-03,56.6
14958,GR0114031561,2021-08-04,110.4
9276,ES0178430E18,2021-07-27,3.815
3092,DE0001102457,2021-08-06,106.94014
11084,FR0000120628,2021-07-29,21.9
13148,FR0010315770,2021-07-29,257.36
1335,BE0974271034,2021-07-29,4.48
11858,FR0000125486,2021-07-29,90.21
13932,FR0013480613,2021-08-12,102.724785
17282,GRC1441197B3,2021-08-06,97.7061
16259,GR0124036709,2021-08-19,109.2
15700,GR0118020685,2021-06-21,110.7
4131,DE0005933931,2021-08-17,135.28
5408,DE0007164600,2021-07-29,115.02
8773,ES0144580Y14,2021-08-13,10.23
10568,FR0000120271,2021-07-29,36.71
12378,FR0000131906,2021-08-04,32.3
19224,GRC4951193D4,2021-08-03,100.0
8505,ES0113900J37,2021-07-30,3.138
16757,GR0128016731,2021-07-26,108.47
3345,DE0002635307,2021-07-30,45.705
3861,DE0005557508,2021-07-30,17.554
7996,ES0000012F43,2021-08-10,105.089668
6443,DE000A0H08Q4,2021-08-03,73.44
7479,ES00000121G2,2021-08-09,113.469749
15991,GR0124035693,2021-08-05,126.67
10311,FI0009003305,2021-07-30,40.82
20223,GRC815117CD9,2021-08-04,100.0
10053,FI0009000681,2021-07-30,4.12
17536,GRC1451184D4,2021-08-02,104.11
7223,DE000BAY0017,2021-08-11,47.17
14180,GB00B15KXV33,2021-07-29,5.1570148
4376,DE0005933956,2021-07-29,41.375
2110,CH0198251305,2021-07-30,30.85
5666,DE0008404005,2021-07-29,209.9
6183,DE000A0H0728,2021-07-30,20.544
1849,BE0974303357,2021-07-27,2.38
425,AU3CB0228823,2022-01-17,66.177841
12891,FR0007054358,2021-07-30,39.96
9542,EU000A1G0D39,2021-08-06,101.598793
12634,FR0000133308,2021-08-02,9.48
6958,DE000BASF111,2021-08-02,66.33
5151,DE0007100000,2021-07-30,74.76
10827,FR0000120578,2021-07-30,86.77
5928,DE000A0DEN75,2021-08-04,97.799408
19077,GRC4261213D5,2022-01-05,98.71051
15482,GR0118019679,2021-08-16,110.26
8256,ES0000012G00,2021-08-12,96.832832
46,100974271034,2021-07-30,4.5
20986,GRF000011004,2021-07-20,4.1152
4893,DE0006599905,2021-07-30,172.8
9795,EU000A1U9985,2021-07-30,100.724625
3603,DE0005552004,2021-07-30,58.21
7732,ES0000012A89,2021-08-02,110.034294
20733,GRC8171186B7,2021-07-27,98.0
4637,DE0006047004,2021-08-03,74.22
9025,ES0173516115,2021-08-05,9.43
21234,GRF000014008,2021-07-06,10.7455
13665,FR0013176526,2021-07-30,23.93
15701,GR0118020685,2021-06-22,110.7
13933,FR0013480613,2021-08-13,102.836441
11343,FR0000121014,2021-07-30,663.2
14959,GR0114031561,2021-08-05,110.3
21729,GRF000023009,2021-06-07,30.036
12117,FR0000131104,2021-07-30,52.0
11598,FR0000125007,2021-07-27,58.32
3093,DE0001102457,2021-08-09,106.60141
6699,DE000A0H08R2,2021-07-30,21.68
17283,GRC1441197B3,2021-08-09,94.4403
1597,BE0974293251,2021-08-04,52.41
16260,GR0124036709,2021-08-20,109.01
11085,FR0000120628,2021-07-30,21.805
1336,BE0974271034,2021-07-30,4.47
13149,FR0010315770,2021-07-30,257.41
11859,FR0000125486,2021-07-30,88.34
16758,GR0128016731,2021-07-27,114.04
9277,ES0178430E18,2021-07-28,3.845
4132,DE0005933931,2021-08-18,135.0
5409,DE0007164600,2021-07-30,111.48
19225,GRC4951193D4,2021-08-04,99.8
426,AU3CB0228823,2022-01-18,66.177841
2837,DE0001102325,2021-08-11,105.684814
10569,FR0000120271,2021-07-30,36.46
8774,ES0144580Y14,2021-08-16,10.3
12379,FR0000131906,2021-08-05,33.01
8506,ES0113900J37,2021-08-02,3.0875
7480,ES00000121G2,2021-08-10,113.469749
15992,GR0124035693,2021-08-06,125.47
6444,DE000A0H08Q4,2021-08-04,73.44
3346,DE0002635307,2021-08-02,45.735
3862,DE0005557508,2021-08-02,17.992
17537,GRC1451184D4,2021-08-03,104.11
10054,FI0009000681,2021-08-02,4.12
14181,GB00B15KXV33,2021-07-30,5.5220137
7997,ES0000012F43,2021-08-11,105.184128
20224,GRC815117CD9,2021-08-05,100.0
7224,DE000BAY0017,2021-08-12,47.37
10312,FI0009003305,2021-08-02,40.82
2111,CH0198251305,2021-08-02,32.08
4377,DE0005933956,2021-07-30,41.75
6184,DE000A0H0728,2021-08-02,20.544
5667,DE0008404005,2021-07-30,211.1
8257,ES0000012G00,2021-08-13,97.485046
1850,BE0974303357,2021-07-28,2.5
9543,EU000A1G0D39,2021-08-09,101.519966
12635,FR0000133308,2021-08-03,9.46
5929,DE000A0DEN75,2021-08-05,97.880707
12892,FR0007054358,2021-08-02,39.96
6959,DE000BASF111,2021-08-03,66.81
5152,DE0007100000,2021-08-02,75.23
10828,FR0000120578,2021-08-02,87.09
9796,EU000A1U9985,2021-08-02,100.730202
15702,GR0118020685,2021-06-23,110.5
13934,FR0013480613,2021-08-16,102.903419
20987,GRF000011004,2021-07-21,4.1299
47,100974271034,2021-08-02,4.6
4894,DE0006599905,2021-08-02,172.65
3604,DE0005552004,2021-08-02,57.15
9026,ES0173516115,2021-08-06,8.758
427,AU3CB0228823,2022-01-19,66.177841
20734,GRC8171186B7,2021-07-28,98.9
7733,ES0000012A89,2021-08-03,110.088814
14960,GR0114031561,2021-08-06,110.3
21235,GRF000014008,2021-07-07,10.7671
4638,DE0006047004,2021-08-04,74.7
17284,GRC1441197B3,2021-08-10,94.4403
16261,GR0124036709,2021-08-23,109.01
13666,FR0013176526,2021-08-02,22.8
3094,DE0001102457,2021-08-10,106.820717
21730,GRF000023009,2021-06-08,30.4075
16759,GR0128016731,2021-07-28,114.19
11344,FR0000121014,2021-08-02,681.1
11599,FR0000125007,2021-07-28,56.54
12118,FR0000131104,2021-08-02,51.98
6700,DE000A0H08R2,2021-08-02,21.58
1598,BE0974293251,2021-08-05,52.25
19226,GRC4951193D4,2021-08-05,100.0
11086,FR0000120628,2021-08-02,21.825
13150,FR0010315770,2021-08-02,258.44
11860,FR0000125486,2021-08-02,89.21
1337,BE0974271034,2021-08-02,4.54
2838,DE0001102325,2021-08-12,105.684814
4133,DE0005933931,2021-08-19,135.0
7481,ES00000121G2,2021-08-11,113.444252
9278,ES0178430E18,2021-07-29,3.815
5410,DE0007164600,2021-08-02,120.52
12380,FR0000131906,2021-08-06,32.3
10570,FR0000120271,2021-08-02,36.7
8775,ES0144580Y14,2021-08-17,10.16
8507,ES0113900J37,2021-08-03,3.126
6445,DE000A0H08Q4,2021-08-05,69.5
15993,GR0124035693,2021-08-09,124.95
3347,DE0002635307,2021-08-03,46.07
3863,DE0005557508,2021-08-03,17.448
1114,AU3SG0002199,2021-09-20,63.213081
7998,ES0000012F43,2021-08-12,105.067955
13934,FR0013480613,2021-08-16,102.903419
8258,ES0000012G00,2021-08-16,97.485046
564,AU3CB0258465,2021-08-03,65.876671
17538,GRC1451184D4,2021-08-04,104.25
8258,ES0000012G00,2021-08-16,97.485046
16759,GR0128016731,2021-07-28,114.19
10055,FI0009000681,2021-08-03,5.207
14182,GB00B15KXV33,2021-08-02,5.5220137
3094,DE0001102457,2021-08-10,106.820717
428,AU3CB0228823,2022-01-20,66.4646
2112,CH0198251305,2021-08-03,31.98
6185,DE000A0H0728,2021-08-03,20.206
20225,GRC815117CD9,2021-08-06,100.0
5929,DE000A0DEN75,2021-08-05,97.880707
15993,GR0124035693,2021-08-09,126.45
4377,DE0005933956,2021-07-30,41.75
12118,FR0000131104,2021-08-02,51.98
6700,DE000A0H08R2,2021-08-02,21.58
5667,DE0008404005,2021-07-30,211.1
4378,DE0005933956,2021-08-02,41.485
15703,GR0118020685,2021-06-24,110.4
10313,FI0009003305,2021-08-03,40.62
1851,BE0974303357,2021-07-29,2.5
9544,EU000A1G0D39,2021-08-10,101.519966
17538,GRC1451184D4,2021-08-04,103.335
5668,DE0008404005,2021-08-02,204.2
5930,DE000A0DEN75,2021-08-06,97.847687
12892,FR0007054358,2021-08-02,39.96
2112,CH0198251305,2021-08-03,31.98
3347,DE0002635307,2021-08-03,46.07
12636,FR0000133308,2021-08-04,9.52
13666,FR0013176526,2021-08-02,24.16
10055,FI0009000681,2021-08-03,5.207
10828,FR0000120578,2021-08-02,87.09
13935,FR0013480613,2021-08-17,102.977676
9797,EU000A1U9985,2021-08-03,100.739609
7225,DE000BAY0017,2021-08-13,46.69
9026,ES0173516115,2021-08-06,8.758
6445,DE000A0H08Q4,2021-08-05,69.5
5153,DE0007100000,2021-08-03,76.45
10313,FI0009003305,2021-08-03,40.62
10829,FR0000120578,2021-08-03,87.03
6960,DE000BASF111,2021-08-04,65.3
14182,GB00B15KXV33,2021-08-02,5.5220137
3863,DE0005557508,2021-08-03,17.448
12893,FR0007054358,2021-08-03,38.67
5153,DE0007100000,2021-08-03,76.45
1337,BE0974271034,2021-08-02,4.47
11599,FR0000125007,2021-07-28,56.54
47,100974271034,2021-08-02,4.6
10570,FR0000120271,2021-08-02,36.7
1851,BE0974303357,2021-07-29,2.5
11086,FR0000120628,2021-08-02,21.825
4638,DE0006047004,2021-08-04,74.7
9027,ES0173516115,2021-08-09,9.553
20988,GRF000011004,2021-07-22,4.1669
14961,GR0114031561,2021-08-09,110.32
16760,GR0128016731,2021-07-29,114.37
17285,GRC1441197B3,2021-08-11,94.4403
48,100974271034,2021-08-03,4.6
20735,GRC8171186B7,2021-07-29,98.9
4895,DE0006599905,2021-08-03,171.85
3605,DE0005552004,2021-08-03,57.37
7734,ES0000012A89,2021-08-04,110.67939
21236,GRF000014008,2021-07-08,10.7821
3095,DE0001102457,2021-08-11,106.61425
4639,DE0006047004,2021-08-05,75.12
6960,DE000BASF111,2021-08-04,65.3
13667,FR0013176526,2021-08-03,24.62
21731,GRF000023009,2021-06-09,30.3938
12380,FR0000131906,2021-08-06,32.3
11600,FR0000125007,2021-07-29,56.5
11345,FR0000121014,2021-08-03,686.0
12119,FR0000131104,2021-08-03,51.76
1115,AU3SG0002199,2021-09-21,63.086689
19078,GRC4261213D5,2022-01-06,98.47835
19227,GRC4951193D4,2021-08-06,99.8
6701,DE000A0H08R2,2021-08-03,21.82
16262,GR0124036709,2021-08-24,108.51
2839,DE0001102325,2021-08-13,105.649269
7482,ES00000121G2,2021-08-12,113.428345
1599,BE0974293251,2021-08-06,52.41
13151,FR0010315770,2021-08-03,257.07
11861,FR0000125486,2021-08-03,89.14
11087,FR0000120628,2021-08-03,22.865
429,AU3CB0228823,2022-01-21,66.540634
1338,BE0974271034,2021-08-03,4.6
4134,DE0005933931,2021-08-20,133.8
5411,DE0007164600,2021-08-03,113.38
13935,FR0013480613,2021-08-17,102.977676
8259,ES0000012G00,2021-08-17,97.378044
9279,ES0178430E18,2021-07-30,3.853
6446,DE000A0H08Q4,2021-08-06,69.15
12381,FR0000131906,2021-08-09,34.125
8259,ES0000012G00,2021-08-17,97.378044
8776,ES0144580Y14,2021-08-18,10.13
10571,FR0000120271,2021-08-03,39.3
16760,GR0128016731,2021-07-29,114.37
8508,ES0113900J37,2021-08-04,3.103
7999,ES0000012F43,2021-08-13,105.089668
3348,DE0002635307,2021-08-04,45.245
3864,DE0005557508,2021-08-04,17.61
15704,GR0118020685,2021-06-25,110.8
15994,GR0124035693,2021-08-10,126.79
17539,GRC1451184D4,2021-08-05,104.25
7429,ES00000121G2,2021-05-31,114.13353
3095,DE0001102457,2021-08-11,106.61425
13936,FR0013480613,2021-08-18,102.903419
10056,FI0009000681,2021-08-04,4.106
14183,GB00B15KXV33,2021-08-03,5.4562883
5930,DE000A0DEN75,2021-08-06,97.847687
2113,CH0198251305,2021-08-04,31.86
20226,GRC815117CD9,2021-08-09,97.0
5931,DE000A0DEN75,2021-08-09,98.566048
15994,GR0124035693,2021-08-10,126.79
6186,DE000A0H0728,2021-08-04,20.474
9798,EU000A1U9985,2021-08-04,100.724625
12119,FR0000131104,2021-08-03,51.76
9545,EU000A1G0D39,2021-08-11,101.519966
17539,GRC1451184D4,2021-08-05,103.335
6701,DE000A0H08R2,2021-08-03,21.82
4378,DE0005933956,2021-08-02,41.485
12637,FR0000133308,2021-08-05,9.62
9027,ES0173516115,2021-08-09,9.553
7215,DE000BAY0017,2021-07-30,51.2
1852,BE0974303357,2021-07-30,2.5
5668,DE0008404005,2021-08-02,204.2
3348,DE0002635307,2021-08-04,45.245
2113,CH0198251305,2021-08-04,31.86
13667,FR0013176526,2021-08-03,24.62
8775,ES0144580Y14,2021-08-17,10.23
10056,FI0009000681,2021-08-04,4.106
5669,DE0008404005,2021-08-03,209.3
4379,DE0005933956,2021-08-03,41.485
10829,FR0000120578,2021-08-03,87.03
6446,DE000A0H08Q4,2021-08-06,69.15
10314,FI0009003305,2021-08-04,40.82
16761,GR0128016731,2021-07-30,114.43
7226,DE000BAY0017,2021-08-16,47.8
12893,FR0007054358,2021-08-03,38.797
5154,DE0007100000,2021-08-04,75.92
10830,FR0000120578,2021-08-04,85.48
14183,GB00B15KXV33,2021-08-03,5.4562883
12894,FR0007054358,2021-08-04,40.205
14962,GR0114031561,2021-08-10,110.34
3864,DE0005557508,2021-08-04,17.61
17286,GRC1441197B3,2021-08-12,97.1996
6961,DE000BASF111,2021-08-05,66.63
9028,ES0173516115,2021-08-10,8.758
5154,DE0007100000,2021-08-04,75.92
1338,BE0974271034,2021-08-03,4.6
48,100974271034,2021-08-03,4.6
11600,FR0000125007,2021-07-29,56.5
10571,FR0000120271,2021-08-03,39.0
1852,BE0974303357,2021-07-30,2.5
11087,FR0000120628,2021-08-03,22.865
10314,FI0009003305,2021-08-04,40.82
15704,GR0118020685,2021-06-25,110.8
20989,GRF000011004,2021-07-23,4.1758
17286,GRC1441197B3,2021-08-12,97.1996
4639,DE0006047004,2021-08-05,75.12
7999,ES0000012F43,2021-08-13,105.089668
14910,GR0114031561,2021-05-28,110.09
7735,ES0000012A89,2021-08-05,110.202034
6186,DE000A0H0728,2021-08-04,20.474
3606,DE0005552004,2021-08-04,57.54
11345,FR0000121014,2021-08-03,686.0
4896,DE0006599905,2021-08-04,172.35
9279,ES0178430E18,2021-07-30,3.853
5411,DE0007164600,2021-08-03,113.38
11861,FR0000125486,2021-08-03,89.14
13151,FR0010315770,2021-08-03,257.07
16262,GR0124036709,2021-08-24,108.04
6961,DE000BASF111,2021-08-05,66.63
12381,FR0000131906,2021-08-09,34.125
12637,FR0000133308,2021-08-05,9.62
8508,ES0113900J37,2021-08-04,3.103
13936,FR0013480613,2021-08-18,102.903419
8260,ES0000012G00,2021-08-18,97.118362
16761,GR0128016731,2021-07-30,114.43
1115,AU3SG0002199,2021-09-21,63.086689
1599,BE0974293251,2021-08-06,52.41
19228,GRC4951193D4,2021-08-09,99.9
9506,EU000A1G0D39,2021-06-17,101.600754
5931,DE000A0DEN75,2021-08-09,98.566048
15995,GR0124035693,2021-08-11,126.85
9028,ES0173516115,2021-08-10,8.758
17540,GRC1451184D4,2021-08-06,103.335
3096,DE0001102457,2021-08-12,105.129239
12120,FR0000131104,2021-08-04,52.9
6702,DE000A0H08R2,2021-08-04,21.9
3349,DE0002635307,2021-08-05,46.425
6447,DE000A0H08Q4,2021-08-09,69.48
13668,FR0013176526,2021-08-04,24.19
15705,GR0118020685,2021-06-28,110.4
4379,DE0005933956,2021-08-03,41.485
2114,CH0198251305,2021-08-05,32.8
8776,ES0144580Y14,2021-08-18,10.18
10057,FI0009000681,2021-08-05,5.334
10830,FR0000120578,2021-08-04,85.48
5669,DE0008404005,2021-08-03,209.3
12894,FR0007054358,2021-08-04,40.205
7225,DE000BAY0017,2021-08-13,55.74
14184,GB00B15KXV33,2021-08-04,5.4106851
3865,DE0005557508,2021-08-05,17.586
17287,GRC1441197B3,2021-08-13,97.0833
5155,DE0007100000,2021-08-05,76.53
49,100974271034,2021-08-04,4.6
1339,BE0974271034,2021-08-04,4.64
16263,GR0124036709,2021-08-25,108.89
11601,FR0000125007,2021-07-30,56.5
10572,FR0000120271,2021-08-04,36.7
1853,BE0974303357,2021-08-02,2.8
11088,FR0000120628,2021-08-04,23.095
10315,FI0009003305,2021-08-05,41.08
4640,DE0006047004,2021-08-06,73.6
2789,DE0001102325,2021-06-04,105.9823
17932,GRC419120AD7,2021-07-30,101.7373
7736,ES0000012A89,2021-08-06,110.879753
14911,GR0114031561,2021-05-31,110.09
13937,FR0013480613,2021-08-19,102.977676
6187,DE000A0H0728,2021-08-05,20.112
3607,DE0005552004,2021-08-05,57.56
11346,FR0000121014,2021-08-04,695.9
4897,DE0006599905,2021-08-05,174.9
9280,ES0178430E18,2021-08-02,3.905
5412,DE0007164600,2021-08-04,121.92
13152,FR0010315770,2021-08-04,256.67
11862,FR0000125486,2021-08-04,89.55
12382,FR0000131906,2021-08-10,34.295
6962,DE000BASF111,2021-08-06,66.4
16762,GR0128016731,2021-08-02,114.43
8261,ES0000012G00,2021-08-19,97.331184
12638,FR0000133308,2021-08-06,9.66
8509,ES0113900J37,2021-08-05,3.1355
4134,DE0005933931,2021-08-20,133.8
19229,GRC4951193D4,2021-08-10,99.9
1600,BE0974293251,2021-08-09,52.21
8000,ES0000012F43,2021-08-16,103.574112
5932,DE000A0DEN75,2021-08-10,98.566048
15706,GR0118020685,2021-06-29,110.4
9029,ES0173516115,2021-08-11,9.552
3097,DE0001102457,2021-08-13,106.584023
20736,GRC8171186B7,2021-07-30,99.5
16594,GR0124037715,2021-12-06,95.64
17541,GRC1451184D4,2021-08-09,104.0
15996,GR0124035693,2021-08-12,126.66
12121,FR0000131104,2021-08-05,52.01
6448,DE000A0H08Q4,2021-08-10,69.44
16264,GR0124036709,2021-08-26,109.01
6703,DE000A0H08R2,2021-08-05,22.15
3350,DE0002635307,2021-08-06,46.5
13669,FR0013176526,2021-08-05,24.39
8777,ES0144580Y14,2021-08-19,10.43
2115,CH0198251305,2021-08-06,30.99
20990,GRF000011004,2021-07-26,4.1914
17288,GRC1441197B3,2021-08-16,97.1527
10058,FI0009000681,2021-08-06,5.269
10831,FR0000120578,2021-08-05,84.5
1116,AU3SG0002199,2021-09-22,62.893436
4380,DE0005933956,2021-08-04,41.127
21237,GRF000014008,2021-07-09,10.7821
14185,GB00B15KXV33,2021-08-05,5.2909002
3866,DE0005557508,2021-08-06,17.536
5156,DE0007100000,2021-08-06,77.42
13938,FR0013480613,2021-08-20,102.903419
5670,DE0008404005,2021-08-04,206.9
50,100974271034,2021-08-05,4.6
1340,BE0974271034,2021-08-05,4.49
7226,DE000BAY0017,2021-08-16,47.8
11602,FR0000125007,2021-08-02,56.11
12895,FR0007054358,2021-08-05,39.146
1854,BE0974303357,2021-08-03,2.5
10573,FR0000120271,2021-08-05,37.005
14919,GR0114031561,2021-06-10,110.21
11089,FR0000120628,2021-08-05,22.865
16763,GR0128016731,2021-08-03,114.52
10316,FI0009003305,2021-08-06,42.39
4641,DE0006047004,2021-08-09,74.18
8262,ES0000012G00,2021-08-20,97.445656
20227,GRC815117CD9,2021-08-10,98.0
7737,ES0000012A89,2021-08-09,110.64843
6188,DE000A0H0728,2021-08-06,19.588
2792,DE0001102325,2021-06-09,105.966843
3608,DE0005552004,2021-08-06,58.32
11347,FR0000121014,2021-08-05,694.7
9281,ES0178430E18,2021-08-03,3.936
4898,DE0006599905,2021-08-06,175.0
5413,DE0007164600,2021-08-05,123.52
12383,FR0000131906,2021-08-11,34.125
13153,FR0010315770,2021-08-05,257.9
11863,FR0000125486,2021-08-05,90.25
12639,FR0000133308,2021-08-09,9.63
6963,DE000BASF111,2021-08-09,67.02
8510,ES0113900J37,2021-08-06,3.15
19230,GRC4951193D4,2021-08-11,100.0
15707,GR0118020685,2021-06-30,110.3
4135,DE0005933931,2021-08-23,133.9
5933,DE000A0DEN75,2021-08-11,98.403839
1601,BE0974293251,2021-08-10,51.81
16265,GR0124036709,2021-08-27,108.82
3098,DE0001102457,2021-08-16,106.584023
9030,ES0173516115,2021-08-12,9.7
7441,ES00000121G2,2021-06-16,114.031471
20737,GRC8171186B7,2021-08-02,97.5
17542,GRC1451184D4,2021-08-10,104.11
6449,DE000A0H08Q4,2021-08-11,68.53
1117,AU3SG0002199,2021-09-23,62.778782
17289,GRC1441197B3,2021-08-17,97.0
12122,FR0000131104,2021-08-06,52.41
13939,FR0013480613,2021-08-23,103.777321
15997,GR0124035693,2021-08-13,124.8
6704,DE000A0H08R2,2021-08-06,21.34
3351,DE0002635307,2021-08-09,46.67
8778,ES0144580Y14,2021-08-20,10.43
19648,GRC5091217D9,2022-05-10,89.1483
2116,CH0198251305,2021-08-09,32.31
20991,GRF000011004,2021-07-27,4.2069
10059,FI0009000681,2021-08-09,5.25
10832,FR0000120578,2021-08-06,87.58
16764,GR0128016731,2021-08-04,114.85
21238,GRF000014008,2021-07-12,10.775
8263,ES0000012G00,2021-08-23,97.445656
9515,EU000A1G0D39,2021-06-30,101.464752
14186,GB00B15KXV33,2021-08-06,5.3864884
14920,GR0114031561,2021-06-11,110.27
3867,DE0005557508,2021-08-09,17.672
4381,DE0005933956,2021-08-05,41.485
5157,DE0007100000,2021-08-09,76.03
1341,BE0974271034,2021-08-06,4.61
51,100974271034,2021-08-06,4.59
11603,FR0000125007,2021-08-03,58.32
1855,BE0974303357,2021-08-04,2.4
10574,FR0000120271,2021-08-06,37.69
7227,DE000BAY0017,2021-08-17,47.8
4642,DE0006047004,2021-08-10,74.76
8001,ES0000012F43,2021-08-17,105.061378
11090,FR0000120628,2021-08-06,23.005
10317,FI0009003305,2021-08-09,42.52
20228,GRC815117CD9,2021-08-11,100.0
6189,DE000A0H0728,2021-08-09,20.176
7738,ES0000012A89,2021-08-10,110.667862
3609,DE0005552004,2021-08-09,57.63
12897,FR0007054358,2021-08-09,41.165
11348,FR0000121014,2021-08-06,697.4
12384,FR0000131906,2021-08-12,33.885
9282,ES0178430E18,2021-08-04,4.068
4899,DE0006599905,2021-08-09,177.3
12640,FR0000133308,2021-08-10,9.31
5414,DE0007164600,2021-08-06,125.42
2800,DE0001102325,2021-06-21,105.888145
11864,FR0000125486,2021-08-06,90.67
13154,FR0010315770,2021-08-06,258.9
15708,GR0118020685,2021-07-01,110.3
6964,DE000BASF111,2021-08-10,67.02
5673,DE0008404005,2021-08-09,197.9
19231,GRC4951193D4,2021-08-12,99.3
16266,GR0124036709,2021-08-30,107.92
8511,ES0113900J37,2021-08-09,3.2265
5934,DE000A0DEN75,2021-08-12,97.865341
4136,DE0005933931,2021-08-24,135.0
3099,DE0001102457,2021-08-17,106.599739
7442,ES00000121G2,2021-06-17,114.031471
9031,ES0173516115,2021-08-13,8.758
1602,BE0974293251,2021-08-11,52.09
13940,FR0013480613,2021-08-24,103.223343
20738,GRC8171186B7,2021-08-03,98.8
17290,GRC1441197B3,2021-08-18,97.0
560,AU3CB0258465,2021-07-28,66.254166
17543,GRC1451184D4,2021-08-11,104.0
6450,DE000A0H08Q4,2021-08-12,75.27
16765,GR0128016731,2021-08-05,114.52
8264,ES0000012G00,2021-08-24,97.697021
12123,FR0000131104,2021-08-09,54.0
15998,GR0124035693,2021-08-16,126.72
6705,DE000A0H08R2,2021-08-09,21.88
3352,DE0002635307,2021-08-10,46.67
8779,ES0144580Y14,2021-08-23,10.35
14962,GR0114031561,2021-08-10,110.34
2117,CH0198251305,2021-08-10,31.44
21239,GRF000014008,2021-07-13,10.775
10060,FI0009000681,2021-08-10,5.25
10833,FR0000120578,2021-08-09,87.12
20992,GRF000011004,2021-07-28,4.2175
14187,GB00B15KXV33,2021-08-09,5.3017473
3868,DE0005557508,2021-08-10,17.536
4382,DE0005933956,2021-08-06,42.065
5158,DE0007100000,2021-08-10,75.33
1342,BE0974271034,2021-08-09,4.49
52,100974271034,2021-08-09,4.54
11604,FR0000125007,2021-08-04,55.29
13671,FR0013176526,2021-08-09,24.39
1856,BE0974303357,2021-08-05,2.5
10575,FR0000120271,2021-08-09,39.34
15709,GR0118020685,2021-07-02,110.3
4643,DE0006047004,2021-08-11,74.18
10318,FI0009003305,2021-08-10,41.08
20229,GRC815117CD9,2021-08-12,100.0
11091,FR0000120628,2021-08-09,23.705
7228,DE000BAY0017,2021-08-18,47.75
6190,DE000A0H0728,2021-08-10,20.088
3610,DE0005552004,2021-08-10,57.3
12385,FR0000131906,2021-08-13,34.18
12641,FR0000133308,2021-08-11,9.4
11349,FR0000121014,2021-08-09,697.4
7739,ES0000012A89,2021-08-11,110.71563
9283,ES0178430E18,2021-08-05,3.949
4900,DE0006599905,2021-08-10,187.8
5415,DE0007164600,2021-08-09,124.54
12898,FR0007054358,2021-08-10,41.165
16267,GR0124036709,2021-08-31,107.9
11865,FR0000125486,2021-08-09,89.82
13155,FR0010315770,2021-08-09,260.39
6965,DE000BASF111,2021-08-11,67.43
19232,GRC4951193D4,2021-08-13,99.6
5674,DE0008404005,2021-08-10,199.8
5935,DE000A0DEN75,2021-08-13,98.604034
13941,FR0013480613,2021-08-25,103.548981
8512,ES0113900J37,2021-08-10,3.235
9032,ES0173516115,2021-08-16,9.518
4137,DE0005933931,2021-08-25,135.0
17291,GRC1441197B3,2021-08-19,97.5
16766,GR0128016731,2021-08-06,115.2
8265,ES0000012G00,2021-08-25,97.331184
20739,GRC8171186B7,2021-08-04,98.8
1603,BE0974293251,2021-08-12,52.49
17544,GRC1451184D4,2021-08-12,104.0
6451,DE000A0H08Q4,2021-08-13,69.44
3100,DE0001102457,2021-08-18,106.94014
14963,GR0114031561,2021-08-11,110.31
12124,FR0000131104,2021-08-10,54.0
15999,GR0124035693,2021-08-17,126.63
6706,DE000A0H08R2,2021-08-10,22.0
3353,DE0002635307,2021-08-11,46.67
8780,ES0144580Y14,2021-08-24,10.76
21240,GRF000014008,2021-07-14,10.7832
15710,GR0118020685,2021-07-05,110.3
10061,FI0009000681,2021-08-11,5.241
10834,FR0000120578,2021-08-10,87.59
2118,CH0198251305,2021-08-11,31.66
14188,GB00B15KXV33,2021-08-10,5.3017473
3869,DE0005557508,2021-08-11,17.992
4383,DE0005933956,2021-08-09,42.235
20993,GRF000011004,2021-07-29,4.2344
5159,DE0007100000,2021-08-11,74.41
1343,BE0974271034,2021-08-10,4.64
53,100974271034,2021-08-10,4.59
13672,FR0013176526,2021-08-10,25.21
11605,FR0000125007,2021-08-05,57.41
1857,BE0974303357,2021-08-06,2.5
10576,FR0000120271,2021-08-10,37.815
16268,GR0124036709,2021-09-01,107.92
4644,DE0006047004,2021-08-12,75.58
6191,DE000A0H0728,2021-08-11,20.206
20230,GRC815117CD9,2021-08-13,100.0
3611,DE0005552004,2021-08-11,57.3
12386,FR0000131906,2021-08-16,33.665
12642,FR0000133308,2021-08-12,9.45
11092,FR0000120628,2021-08-10,23.77
7740,ES0000012A89,2021-08-12,110.640167
10319,FI0009003305,2021-08-11,42.8
11350,FR0000121014,2021-08-10,697.4
7229,DE000BAY0017,2021-08-19,47.76
9284,ES0178430E18,2021-08-06,3.918
4901,DE0006599905,2021-08-11,180.45
19233,GRC4951193D4,2021-08-16,99.0
5416,DE0007164600,2021-08-10,124.8
12899,FR0007054358,2021-08-11,41.315
11866,FR0000125486,2021-08-10,90.65
13156,FR0010315770,2021-08-10,260.81
6966,DE000BASF111,2021-08-12,67.43
13942,FR0013480613,2021-08-26,103.075577
5936,DE000A0DEN75,2021-08-16,98.79039
5675,DE0008404005,2021-08-11,201.1
9033,ES0173516115,2021-08-17,9.621
16767,GR0128016731,2021-08-09,108.77
8266,ES0000012G00,2021-08-26,97.331184
17292,GRC1441197B3,2021-08-20,97.0
8513,ES0113900J37,2021-08-11,3.2605
4138,DE0005933931,2021-08-26,135.0
20740,GRC8171186B7,2021-08-05,98.5
17545,GRC1451184D4,2021-08-13,104.0
6452,DE000A0H08Q4,2021-08-16,75.03
1604,BE0974293251,2021-08-13,54.46
15711,GR0118020685,2021-07-06,110.3
14964,GR0114031561,2021-08-12,110.27
12125,FR0000131104,2021-08-11,54.02
8002,ES0000012F43,2021-08-18,104.068584
21241,GRF000014008,2021-07-15,10.7495
6707,DE000A0H08R2,2021-08-11,21.925
3354,DE0002635307,2021-08-12,47.185
8781,ES0144580Y14,2021-08-25,10.58
9761,EU000A1U9985,2021-06-14,100.791084
16000,GR0124035693,2021-08-18,126.72
3101,DE0001102457,2021-08-19,106.60141
16269,GR0124036709,2021-09-02,109.01
10062,FI0009000681,2021-08-12,5.155
10835,FR0000120578,2021-08-11,86.57
2119,CH0198251305,2021-08-12,31.75
14750,GB00BN7CG237,2021-10-13,20.864683
14189,GB00B15KXV33,2021-08-11,5.3627105
3870,DE0005557508,2021-08-12,18.382
4384,DE0005933956,2021-08-10,42.43
20994,GRF000011004,2021-07-30,4.2255
5160,DE0007100000,2021-08-12,76.43
1344,BE0974271034,2021-08-11,4.64
54,100974271034,2021-08-11,4.59
13673,FR0013176526,2021-08-11,25.46
11606,FR0000125007,2021-08-06,63.85
10577,FR0000120271,2021-08-11,37.815
1858,BE0974303357,2021-08-09,2.5
9534,EU000A1G0D39,2021-07-27,101.570747
20231,GRC815117CD9,2021-08-16,100.0
4645,DE0006047004,2021-08-13,75.96
6192,DE000A0H0728,2021-08-12,20.474
19234,GRC4951193D4,2021-08-17,100.2
12643,FR0000133308,2021-08-13,9.4
3612,DE0005552004,2021-08-12,57.38
13943,FR0013480613,2021-08-27,100.817001
12387,FR0000131906,2021-08-17,34.475
564,AU3CB0258465,2021-08-03,65.876671
11351,FR0000121014,2021-08-11,701.6
11093,FR0000120628,2021-08-11,23.84
9285,ES0178430E18,2021-08-09,3.918
4902,DE0006599905,2021-08-12,184.3
388,AU3CB0228823,2021-11-25,67.232239
7230,DE000BAY0017,2021-08-20,47.51
5417,DE0007164600,2021-08-11,124.8
12900,FR0007054358,2021-08-12,41.475
10320,FI0009003305,2021-08-12,42.8
11867,FR0000125486,2021-08-11,89.52
13157,FR0010315770,2021-08-11,261.61
16768,GR0128016731,2021-08-10,115.6
8267,ES0000012G00,2021-08-27,97.331184
6967,DE000BASF111,2021-08-13,67.02
2807,DE0001102325,2021-06-30,105.780914
5937,DE000A0DEN75,2021-08-17,98.412125
7741,ES0000012A89,2021-08-13,110.640167
9034,ES0173516115,2021-08-18,9.7
17293,GRC1441197B3,2021-08-23,97.1996
15712,GR0118020685,2021-07-07,110.7
5676,DE0008404005,2021-08-12,201.1
4139,DE0005933931,2021-08-27,135.0
20741,GRC8171186B7,2021-08-06,98.4
6453,DE000A0H08Q4,2021-08-17,67.11
17546,GRC1451184D4,2021-08-16,104.0
8514,ES0113900J37,2021-08-12,3.2605
14965,GR0114031561,2021-08-13,110.21
8003,ES0000012F43,2021-08-19,105.293526
1605,BE0974293251,2021-08-16,56.5
16270,GR0124036709,2021-09-03,109.23
12126,FR0000131104,2021-08-12,54.77
21242,GRF000014008,2021-07-16,10.7832
6708,DE000A0H08R2,2021-08-12,21.955
8782,ES0144580Y14,2021-08-26,10.58
3355,DE0002635307,2021-08-13,46.67
10063,FI0009000681,2021-08-13,5.155
10836,FR0000120578,2021-08-12,86.88
2120,CH0198251305,2021-08-13,31.42
14190,GB00B15KXV33,2021-08-12,5.3099251
3871,DE0005557508,2021-08-13,18.33
16001,GR0124035693,2021-08-19,126.72
4385,DE0005933956,2021-08-11,42.235
13944,FR0013480613,2021-08-30,100.817001
5161,DE0007100000,2021-08-13,75.81
1345,BE0974271034,2021-08-12,4.7
20995,GRF000011004,2021-08-02,4.2162
55,100974271034,2021-08-12,4.54
13674,FR0013176526,2021-08-12,25.21
9543,EU000A1G0D39,2021-08-09,101.519966
11607,FR0000125007,2021-08-09,63.94
10578,FR0000120271,2021-08-12,38.81
1859,BE0974303357,2021-08-10,2.5
19235,GRC4951193D4,2021-08-18,100.0
20232,GRC815117CD9,2021-08-17,100.0
6193,DE000A0H0728,2021-08-13,20.15
4646,DE0006047004,2021-08-16,74.7
19079,GRC4261213D5,2022-01-07,98.62134
16769,GR0128016731,2021-08-11,115.6
12644,FR0000133308,2021-08-16,9.63
8268,ES0000012G00,2021-08-30,97.331184
12388,FR0000131906,2021-08-18,32.475
3613,DE0005552004,2021-08-13,59.04
11352,FR0000121014,2021-08-12,704.8
390,AU3CB0228823,2021-11-29,67.232239
11094,FR0000120628,2021-08-12,23.84
9286,ES0178430E18,2021-08-10,4.011
4903,DE0006599905,2021-08-13,186.1
5418,DE0007164600,2021-08-12,122.22
12901,FR0007054358,2021-08-13,41.475
5938,DE000A0DEN75,2021-08-18,98.82798
17294,GRC1441197B3,2021-08-24,97.0003
15713,GR0118020685,2021-07-08,110.7
11868,FR0000125486,2021-08-12,89.82
7231,DE000BAY0017,2021-08-23,47.8
13158,FR0010315770,2021-08-12,261.79
9035,ES0173516115,2021-08-19,9.744
10321,FI0009003305,2021-08-13,42.8
6968,DE000BASF111,2021-08-16,68.97
2816,DE0001102325,2021-07-13,105.742622
3102,DE0001102457,2021-08-20,104.536794
7742,ES0000012A89,2021-08-16,110.64843
16271,GR0124036709,2021-09-06,108.93
6454,DE000A0H08Q4,2021-08-18,67.75
20742,GRC8171186B7,2021-08-09,99.0
5677,DE0008404005,2021-08-13,201.0
17547,GRC1451184D4,2021-08-17,104.0
4140,DE0005933931,2021-08-30,133.62
14967,GR0114031561,2021-08-17,110.22
8515,ES0113900J37,2021-08-13,3.2955
7455,ES00000121G2,2021-07-06,113.68161
1606,BE0974293251,2021-08-17,52.65
17938,GRC419120AD7,2021-08-09,101.8769
12127,FR0000131104,2021-08-13,54.77
21243,GRF000014008,2021-07-19,10.8121
13945,FR0013480613,2021-08-31,102.485687
3356,DE0002635307,2021-08-16,46.67
8783,ES0144580Y14,2021-08-27,10.45
6709,DE000A0H08R2,2021-08-13,22.37
16002,GR0124035693,2021-08-20,126.58
10064,FI0009000681,2021-08-16,5.269
14191,GB00B15KXV33,2021-08-13,5.3984027
2121,CH0198251305,2021-08-16,31.42
10837,FR0000120578,2021-08-13,86.92
3872,DE0005557508,2021-08-16,18.33
4386,DE0005933956,2021-08-12,42.775
16770,GR0128016731,2021-08-12,115.52
8269,ES0000012G00,2021-08-31,97.689758
19236,GRC4951193D4,2021-08-19,100.1
9544,EU000A1G0D39,2021-08-10,101.519966
5162,DE0007100000,2021-08-16,75.33
1346,BE0974271034,2021-08-13,4.74
13675,FR0013176526,2021-08-13,25.59
56,100974271034,2021-08-13,4.59
20996,GRF000011004,2021-08-03,4.2444
11608,FR0000125007,2021-08-10,64.01
20233,GRC815117CD9,2021-08-18,99.5
6194,DE000A0H0728,2021-08-16,20.36
10579,FR0000120271,2021-08-13,38.16
15714,GR0118020685,2021-07-09,111.1
1860,BE0974303357,2021-08-11,2.5
4647,DE0006047004,2021-08-17,75.76
12645,FR0000133308,2021-08-17,9.6
12389,FR0000131906,2021-08-19,34.47
3614,DE0005552004,2021-08-16,59.1
17295,GRC1441197B3,2021-08-25,98.0108
11353,FR0000121014,2021-08-13,712.0
5939,DE000A0DEN75,2021-08-19,98.83886
9287,ES0178430E18,2021-08-11,4.147
11095,FR0000120628,2021-08-13,23.84
4904,DE0006599905,2021-08-16,184.3
9036,ES0173516115,2021-08-20,9.655
2823,DE0001102325,2021-07-22,105.787674
5419,DE0007164600,2021-08-13,125.4
12902,FR0007054358,2021-08-16,41.71
565,AU3CB0258465,2021-08-04,65.954117
11869,FR0000125486,2021-08-13,91.36
13159,FR0010315770,2021-08-13,262.37
16272,GR0124036709,2021-09-07,106.86
6969,DE000BASF111,2021-08-17,68.27
7232,DE000BAY0017,2021-08-24,46.69
10322,FI0009003305,2021-08-16,42.08
1118,AU3SG0002199,2021-09-24,62.11253
6455,DE000A0H08Q4,2021-08-19,69.44
14968,GR0114031561,2021-08-18,110.26
20743,GRC8171186B7,2021-08-10,98.6
17548,GRC1451184D4,2021-08-18,104.1
4141,DE0005933931,2021-08-31,134.64
5678,DE0008404005,2021-08-16,201.5
13946,FR0013480613,2021-09-01,102.714645
8516,ES0113900J37,2021-08-16,3.2635
1607,BE0974293251,2021-08-18,52.65
21244,GRF000014008,2021-07-20,10.8204
12128,FR0000131104,2021-08-16,54.38
16003,GR0124035693,2021-08-23,126.56
16771,GR0128016731,2021-08-13,115.34
8784,ES0144580Y14,2021-08-30,10.65
6710,DE000A0H08R2,2021-08-16,22.41
3357,DE0002635307,2021-08-17,47.195
8270,ES0000012G00,2021-09-01,97.331184
7743,ES0000012A89,2021-08-17,110.71022
15715,GR0118020685,2021-07-12,111.1
10065,FI0009000681,2021-08-17,5.168
2122,CH0198251305,2021-08-17,31.44
10838,FR0000120578,2021-08-16,88.89
19237,GRC4951193D4,2021-08-20,100.0
14192,GB00B15KXV33,2021-08-16,5.3828893
3873,DE0005557508,2021-08-17,18.69
3103,DE0001102457,2021-08-23,105.715848
9545,EU000A1G0D39,2021-08-11,101.519966
4387,DE0005933956,2021-08-13,42.235
5163,DE0007100000,2021-08-17,75.64
13676,FR0013176526,2021-08-16,25.4
1347,BE0974271034,2021-08-16,4.64
57,100974271034,2021-08-16,4.6
20997,GRF000011004,2021-08-04,4.2294
11609,FR0000125007,2021-08-11,64.26
6195,DE000A0H0728,2021-08-17,20.23
20234,GRC815117CD9,2021-08-19,100.0
10580,FR0000120271,2021-08-16,38.325
1861,BE0974303357,2021-08-12,2.5
17296,GRC1441197B3,2021-08-26,97.39
12646,FR0000133308,2021-08-18,9.62
4648,DE0006047004,2021-08-18,74.96
16273,GR0124036709,2021-09-08,106.42
12390,FR0000131906,2021-08-20,31.505
5940,DE000A0DEN75,2021-08-20,98.860222
3615,DE0005552004,2021-08-17,59.1
1119,AU3SG0002199,2021-09-27,62.334587
9037,ES0173516115,2021-08-23,9.7
11354,FR0000121014,2021-08-16,712.0
9288,ES0178430E18,2021-08-12,4.165
4905,DE0006599905,2021-08-17,184.3
11096,FR0000120628,2021-08-16,23.61
12903,FR0007054358,2021-08-17,41.71
5420,DE0007164600,2021-08-16,125.4
11870,FR0000125486,2021-08-16,89.52
13160,FR0010315770,2021-08-16,262.37
6970,DE000BASF111,2021-08-18,66.1
14969,GR0114031561,2021-08-19,110.27
7233,DE000BAY0017,2021-08-25,48.08
10323,FI0009003305,2021-08-17,43.59
6456,DE000A0H08Q4,2021-08-20,69.44
13947,FR0013480613,2021-09-02,102.807808
17549,GRC1451184D4,2021-08-19,103.8
20744,GRC8171186B7,2021-08-11,100.4
4142,DE0005933931,2021-09-01,134.08
5679,DE0008404005,2021-08-17,200.9
16772,GR0128016731,2021-08-16,114.85
8271,ES0000012G00,2021-09-02,97.331184
16004,GR0124035693,2021-08-24,126.58
15716,GR0118020685,2021-07-13,110.4
21245,GRF000014008,2021-07-21,10.8319
8517,ES0113900J37,2021-08-17,3.2635
1608,BE0974293251,2021-08-19,52.38
12129,FR0000131104,2021-08-17,53.85
8785,ES0144580Y14,2021-08-31,10.45
3358,DE0002635307,2021-08-18,47.195
6711,DE000A0H08R2,2021-08-17,22.365
19238,GRC4951193D4,2021-08-23,99.6
10066,FI0009000681,2021-08-18,5.165
10839,FR0000120578,2021-08-17,88.05
2123,CH0198251305,2021-08-18,31.71
14193,GB00B15KXV33,2021-08-17,5.256608
3874,DE0005557508,2021-08-18,18.678
9546,EU000A1G0D39,2021-08-12,101.555962
16274,GR0124036709,2021-09-09,106.1
4388,DE0005933956,2021-08-16,42.065
17297,GRC1441197B3,2021-08-27,98.1362
5164,DE0007100000,2021-08-18,73.91
13677,FR0013176526,2021-08-17,25.69
1348,BE0974271034,2021-08-17,4.57
58,100974271034,2021-08-17,4.6
6196,DE000A0H0728,2021-08-18,20.126
11610,FR0000125007,2021-08-12,64.46
20998,GRF000011004,2021-08-05,4.2294
12647,FR0000133308,2021-08-19,9.7
5941,DE000A0DEN75,2021-08-23,98.83886
10581,FR0000120271,2021-08-17,37.75
1862,BE0974303357,2021-08-13,2.4
20235,GRC815117CD9,2021-08-20,100.0
9038,ES0173516115,2021-08-24,9.517
4649,DE0006047004,2021-08-19,74.42
12391,FR0000131906,2021-08-23,31.15
3616,DE0005552004,2021-08-18,58.65
11355,FR0000121014,2021-08-17,712.0
9765,EU000A1U9985,2021-06-18,100.782753
9289,ES0178430E18,2021-08-13,3.987
4906,DE0006599905,2021-08-18,184.3
12904,FR0007054358,2021-08-18,41.44
7744,ES0000012A89,2021-08-18,110.71022
11097,FR0000120628,2021-08-17,22.56
5421,DE0007164600,2021-08-17,125.08
14970,GR0114031561,2021-08-20,110.2
13948,FR0013480613,2021-09-03,99.587708
11871,FR0000125486,2021-08-17,91.17
13161,FR0010315770,2021-08-17,261.21
6971,DE000BASF111,2021-08-19,67.72
6457,DE000A0H08Q4,2021-08-23,68.53
10324,FI0009003305,2021-08-18,43.59
17550,GRC1451184D4,2021-08-20,104.0
7234,DE000BAY0017,2021-08-26,46.69
16773,GR0128016731,2021-08-17,114.85
15717,GR0118020685,2021-07-14,111.1
8272,ES0000012G00,2021-09-03,97.485046
20745,GRC8171186B7,2021-08-12,100.4
16005,GR0124035693,2021-08-25,126.6
4143,DE0005933931,2021-09-02,134.08
5680,DE0008404005,2021-08-18,198.6
3104,DE0001102457,2021-08-24,105.652865
21246,GRF000014008,2021-07-22,10.8238
12130,FR0000131104,2021-08-18,55.82
1609,BE0974293251,2021-08-20,50.85
16275,GR0124036709,2021-09-10,106.3
19239,GRC4951193D4,2021-08-24,99.6
2839,DE0001102325,2021-08-13,105.649269
8518,ES0113900J37,2021-08-18,3.1425
8786,ES0144580Y14,2021-09-01,10.49
3359,DE0002635307,2021-08-19,47.05
6712,DE000A0H08R2,2021-08-18,22.375
9547,EU000A1G0D39,2021-08-13,101.591927
7468,ES00000121G2,2021-07-23,113.537697
10067,FI0009000681,2021-08-19,5.157
14194,GB00B15KXV33,2021-08-18,5.2653022
10840,FR0000120578,2021-08-18,89.29
3875,DE0005557508,2021-08-19,18.382
2124,CH0198251305,2021-08-19,31.55
17298,GRC1441197B3,2021-08-30,97.01
4389,DE0005933956,2021-08-17,42.91
13678,FR0013176526,2021-08-18,25.69
5165,DE0007100000,2021-08-19,71.63
1349,BE0974271034,2021-08-18,4.53
59,100974271034,2021-08-18,4.49
5942,DE000A0DEN75,2021-08-24,98.82798
6197,DE000A0H0728,2021-08-19,20.226
20999,GRF000011004,2021-08-06,4.2613
9039,ES0173516115,2021-08-25,9.362
11611,FR0000125007,2021-08-13,64.58
12648,FR0000133308,2021-08-20,9.69
10582,FR0000120271,2021-08-18,37.825
1863,BE0974303357,2021-08-16,2.5
12392,FR0000131906,2021-08-24,31.505
4650,DE0006047004,2021-08-20,71.7
20236,GRC815117CD9,2021-08-23,100.0
3617,DE0005552004,2021-08-19,58.21
13949,FR0013480613,2021-09-06,102.483566
11356,FR0000121014,2021-08-18,663.4
14971,GR0114031561,2021-08-23,110.2
12905,FR0007054358,2021-08-19,41.39
4907,DE0006599905,2021-08-19,180.45
5422,DE0007164600,2021-08-18,126.88
15718,GR0118020685,2021-07-15,110.4
9290,ES0178430E18,2021-08-16,3.93
566,AU3CB0258465,2021-08-05,66.325203
16774,GR0128016731,2021-08-18,114.85
11872,FR0000125486,2021-08-18,91.36
6458,DE000A0H08Q4,2021-08-24,68.53
11098,FR0000120628,2021-08-18,24.445
13162,FR0010315770,2021-08-18,261.61
8273,ES0000012G00,2021-09-06,93.914742
6972,DE000BASF111,2021-08-20,68.97
10325,FI0009003305,2021-08-19,44.13
17551,GRC1451184D4,2021-08-23,104.2
19081,GRC4261213D5,2022-01-11,98.85224
16006,GR0124035693,2021-08-26,126.51
7235,DE000BAY0017,2021-08-27,48.08
20746,GRC8171186B7,2021-08-13,100.4
16276,GR0124036709,2021-09-13,106.42
3105,DE0001102457,2021-08-25,106.635376
4144,DE0005933931,2021-09-03,134.1
21247,GRF000014008,2021-07-23,10.8238
2840,DE0001102325,2021-08-16,105.629364
5681,DE0008404005,2021-08-19,199.0
19240,GRC4951193D4,2021-08-25,99.0
12131,FR0000131104,2021-08-19,57.04
7469,ES00000121G2,2021-07-26,113.540031
1610,BE0974293251,2021-08-23,50.85
8787,ES0144580Y14,2021-09-02,10.49
8519,ES0113900J37,2021-08-19,3.1565
3360,DE0002635307,2021-08-20,46.57
9548,EU000A1G0D39,2021-08-16,101.591927
6713,DE000A0H08R2,2021-08-19,22.495
10068,FI0009000681,2021-08-20,5.165
14195,GB00B15KXV33,2021-08-19,5.2370934
3876,DE0005557508,2021-08-20,18.51
2125,CH0198251305,2021-08-20,30.63
10841,FR0000120578,2021-08-19,88.89
17299,GRC1441197B3,2021-08-31,95.6
429,AU3CB0228823,2022-01-21,66.540634
5943,DE000A0DEN75,2021-08-25,98.82798
4390,DE0005933956,2021-08-18,42.95
9040,ES0173516115,2021-08-26,9.286
13679,FR0013176526,2021-08-19,25.21
13950,FR0013480613,2021-09-07,97.592781
5166,DE0007100000,2021-08-20,72.14
21000,GRF000011004,2021-08-09,4.251
1350,BE0974271034,2021-08-19,4.48
6198,DE000A0H0728,2021-08-20,20.176
60,100974271034,2021-08-19,4.44
12649,FR0000133308,2021-08-23,9.82
11612,FR0000125007,2021-08-16,64.26
15719,GR0118020685,2021-07-16,110.3
10583,FR0000120271,2021-08-19,37.725
12393,FR0000131906,2021-08-25,31.305
1864,BE0974303357,2021-08-17,2.6
4651,DE0006047004,2021-08-23,72.62
14972,GR0114031561,2021-08-24,110.19
3618,DE0005552004,2021-08-20,57.35
20237,GRC815117CD9,2021-08-24,100.0
16775,GR0128016731,2021-08-19,115.48
11357,FR0000121014,2021-08-19,666.0
8274,ES0000012G00,2021-09-07,97.485046
1120,AU3SG0002199,2021-09-28,62.334587
12906,FR0007054358,2021-08-20,40.665
4908,DE0006599905,2021-08-20,187.8
5423,DE0007164600,2021-08-19,126.88
6459,DE000A0H08Q4,2021-08-25,74.87
9291,ES0178430E18,2021-08-17,4.284
11873,FR0000125486,2021-08-19,91.46
11099,FR0000120628,2021-08-19,24.165
13163,FR0010315770,2021-08-19,262.01
16277,GR0124036709,2021-09-14,107.76
17552,GRC1451184D4,2021-08-24,104.3
6973,DE000BASF111,2021-08-23,66.1
16007,GR0124035693,2021-08-27,126.6
10326,FI0009003305,2021-08-20,44.13
9767,EU000A1U9985,2021-06-22,100.767159
3106,DE0001102457,2021-08-26,106.324196
20747,GRC8171186B7,2021-08-16,98.8
2841,DE0001102325,2021-08-17,105.616974
7236,DE000BAY0017,2021-08-30,47.31
430,AU3CB0228823,2022-01-24,66.241371
19241,GRC4951193D4,2021-08-26,99.0
21248,GRF000014008,2021-07-26,10.8526
4145,DE0005933931,2021-09-06,133.64
7481,ES00000121G2,2021-08-11,113.444252
5682,DE0008404005,2021-08-20,199.0
567,AU3CB0258465,2021-08-06,66.322594
12132,FR0000131104,2021-08-20,51.91
19082,GRC4261213D5,2022-01-12,98.54
1611,BE0974293251,2021-08-24,53.56
9549,EU000A1G0D39,2021-08-17,101.591927
8788,ES0144580Y14,2021-09-03,10.62
8004,ES0000012F43,2021-08-20,104.179189
3361,DE0002635307,2021-08-23,46.57
13951,FR0013480613,2021-09-08,98.205116
6714,DE000A0H08R2,2021-08-20,22.495
17300,GRC1441197B3,2021-09-01,97.0
8520,ES0113900J37,2021-08-20,3.1425
14196,GB00B15KXV33,2021-08-20,5.2370934
3877,DE0005557508,2021-08-23,18.734
10069,FI0009000681,2021-08-23,5.157
2126,CH0198251305,2021-08-23,30.66
9041,ES0173516115,2021-08-27,9.362
5944,DE000A0DEN75,2021-08-26,98.82798
10842,FR0000120578,2021-08-20,90.17
15720,GR0118020685,2021-07-19,110.3
1121,AU3SG0002199,2021-09-29,62.033993
4391,DE0005933956,2021-08-19,42.565
13680,FR0013176526,2021-08-20,23.93
21001,GRF000011004,2021-08-10,4.279
16776,GR0128016731,2021-08-20,115.61
5167,DE0007100000,2021-08-23,72.71
6199,DE000A0H0728,2021-08-23,19.855
1351,BE0974271034,2021-08-20,4.49
12650,FR0000133308,2021-08-24,9.79
14973,GR0114031561,2021-08-25,110.15
61,100974271034,2021-08-20,4.45
8275,ES0000012G00,2021-09-08,93.81385
11613,FR0000125007,2021-08-17,64.37
12394,FR0000131906,2021-08-26,30.915
10584,FR0000120271,2021-08-20,36.305
4652,DE0006047004,2021-08-24,73.22
3619,DE0005552004,2021-08-23,56.46
1865,BE0974303357,2021-08-18,2.51
20238,GRC815117CD9,2021-08-25,100.0
11358,FR0000121014,2021-08-20,616.0
16278,GR0124036709,2021-09-15,106.73
19083,GRC4261213D5,2022-01-13,99.08
431,AU3CB0228823,2022-01-25,65.932983
6460,DE000A0H08Q4,2021-08-26,68.53
12907,FR0007054358,2021-08-23,40.665
4909,DE0006599905,2021-08-23,187.8
5424,DE0007164600,2021-08-20,125.94
9292,ES0178430E18,2021-08-18,4.252
16008,GR0124035693,2021-08-30,126.51
17553,GRC1451184D4,2021-08-25,104.3
11874,FR0000125486,2021-08-20,91.17
11100,FR0000120628,2021-08-20,24.165
13164,FR0010315770,2021-08-20,262.01
3107,DE0001102457,2021-08-27,106.29039
6974,DE000BASF111,2021-08-24,67.12
10327,FI0009003305,2021-08-23,44.13
2842,DE0001102325,2021-08-18,105.609535
20748,GRC8171186B7,2021-08-17,99.0
7482,ES00000121G2,2021-08-12,113.428345
19242,GRC4951193D4,2021-08-27,99.0
21249,GRF000014008,2021-07-27,10.849
568,AU3CB0258465,2021-08-09,65.876671
4146,DE0005933931,2021-09-07,135.14
7237,DE000BAY0017,2021-08-31,47.22
13952,FR0013480613,2021-09-09,98.205116
12133,FR0000131104,2021-08-23,52.1
15721,GR0118020685,2021-07-20,110.3
19084,GRC4261213D5,2022-01-14,98.7
5683,DE0008404005,2021-08-23,190.0
9550,EU000A1G0D39,2021-08-18,101.580032
17301,GRC1441197B3,2021-09-02,97.1
8789,ES0144580Y14,2021-09-06,10.56
1612,BE0974293251,2021-08-25,50.85
3362,DE0002635307,2021-08-24,46.57
9042,ES0173516115,2021-08-30,9.664
6715,DE000A0H08R2,2021-08-23,22.465
5945,DE000A0DEN75,2021-08-27,98.82798
16777,GR0128016731,2021-08-23,115.48
14197,GB00B15KXV33,2021-08-23,5.3601289
3878,DE0005557508,2021-08-24,18.824
10070,FI0009000681,2021-08-24,5.165
2127,CH0198251305,2021-08-24,29.88
10843,FR0000120578,2021-08-23,90.73
432,AU3CB0228823,2022-01-26,66.138054
8276,ES0000012G00,2021-09-09,97.379791
8521,ES0113900J37,2021-08-23,3.076
14974,GR0114031561,2021-08-26,110.14
4392,DE0005933956,2021-08-20,42.565
21002,GRF000011004,2021-08-11,4.279
13681,FR0013176526,2021-08-23,24.27
6200,DE000A0H0728,2021-08-24,19.8
12651,FR0000133308,2021-08-25,9.76
5168,DE0007100000,2021-08-24,69.96
1352,BE0974271034,2021-08-23,4.17
16279,GR0124036709,2021-09-16,106.73
62,100974271034,2021-08-23,4.15
11614,FR0000125007,2021-08-18,64.46
12395,FR0000131906,2021-08-27,31.215
3620,DE0005552004,2021-08-24,57.35
10585,FR0000120271,2021-08-23,36.465
4653,DE0006047004,2021-08-25,73.6
1866,BE0974303357,2021-08-19,2.43
11359,FR0000121014,2021-08-23,628.1
20239,GRC815117CD9,2021-08-26,100.0
6461,DE000A0H08Q4,2021-08-27,69.48
16009,GR0124035693,2021-08-31,126.51
12908,FR0007054358,2021-08-24,40.665
4910,DE0006599905,2021-08-24,203.3
5425,DE0007164600,2021-08-23,125.94
9293,ES0178430E18,2021-08-19,4.252
17554,GRC1451184D4,2021-08-26,104.7
2843,DE0001102325,2021-08-19,105.61396
11875,FR0000125486,2021-08-23,90.27
13165,FR0010315770,2021-08-23,260.97
6975,DE000BASF111,2021-08-25,66.1
10328,FI0009003305,2021-08-24,43.74
19243,GRC4951193D4,2021-08-30,99.0
20749,GRC8171186B7,2021-08-18,98.2
569,AU3CB0258465,2021-08-10,66.364029
11101,FR0000120628,2021-08-23,23.99
13953,FR0013480613,2021-09-10,97.580872
15722,GR0118020685,2021-07-21,110.3
21250,GRF000014008,2021-07-28,10.8593
433,AU3CB0228823,2022-01-27,65.656403
7483,ES00000121G2,2021-08-13,113.399826
4147,DE0005933931,2021-09-08,134.2
17302,GRC1441197B3,2021-09-03,96.7
7238,DE000BAY0017,2021-09-01,48.08
16778,GR0128016731,2021-08-24,115.58
12134,FR0000131104,2021-08-24,51.91
9551,EU000A1G0D39,2021-08-19,101.617538
8277,ES0000012G00,2021-09-10,96.259094
5684,DE0008404005,2021-08-24,201.1
9043,ES0173516115,2021-08-31,9.72
5946,DE000A0DEN75,2021-08-30,98.153831
8790,ES0144580Y14,2021-09-07,10.56
3363,DE0002635307,2021-08-25,47.07
1613,BE0974293251,2021-08-26,50.85
16280,GR0124036709,2021-09-17,106.9
6716,DE000A0H08R2,2021-08-24,22.435
14198,GB00B15KXV33,2021-08-24,5.3017473
3879,DE0005557508,2021-08-25,18.734
10071,FI0009000681,2021-08-25,5.151
10844,FR0000120578,2021-08-24,88.22
2128,CH0198251305,2021-08-25,30.71
14975,GR0114031561,2021-08-27,109.77
21003,GRF000011004,2021-08-12,4.2643
4393,DE0005933956,2021-08-23,41.97
8522,ES0113900J37,2021-08-24,3.1215
13682,FR0013176526,2021-08-24,23.86
12652,FR0000133308,2021-08-26,9.82
6201,DE000A0H0728,2021-08-25,20.148
5169,DE0007100000,2021-08-25,69.96
1353,BE0974271034,2021-08-24,4.45
63,100974271034,2021-08-24,4.36
11615,FR0000125007,2021-08-19,63.85
12396,FR0000131906,2021-08-30,31.54
3108,DE0001102457,2021-08-30,106.296844
3621,DE0005552004,2021-08-25,59.69
4654,DE0006047004,2021-08-26,74.18
10586,FR0000120271,2021-08-24,37.08
1867,BE0974303357,2021-08-20,2.4
16010,GR0124035693,2021-09-01,125.74
6462,DE000A0H08Q4,2021-08-30,75.83
20240,GRC815117CD9,2021-08-27,100.0
434,AU3CB0228823,2022-01-28,65.779472
12909,FR0007054358,2021-08-25,41.185
2844,DE0001102325,2021-08-20,105.596878
4911,DE0006599905,2021-08-25,200.8
17555,GRC1451184D4,2021-08-27,104.7
5426,DE0007164600,2021-08-24,126.08
9294,ES0178430E18,2021-08-20,4.137
15723,GR0118020685,2021-07-22,110.3
13954,FR0013480613,2021-09-13,97.499611
570,AU3CB0258465,2021-08-11,66.503906
19244,GRC4951193D4,2021-08-31,100.0
11876,FR0000125486,2021-08-24,90.61
13166,FR0010315770,2021-08-24,259.31
20750,GRC8171186B7,2021-08-19,99.0
6976,DE000BASF111,2021-08-26,66.24
10329,FI0009003305,2021-08-25,43.74
21251,GRF000014008,2021-07-29,10.768
16779,GR0128016731,2021-08-25,115.57
11102,FR0000120628,2021-08-24,24.165
17303,GRC1441197B3,2021-09-06,97.0
19087,GRC4261213D5,2022-01-19,98.24
8278,ES0000012G00,2021-09-13,94.583611
16281,GR0124036709,2021-09-20,106.73
4148,DE0005933931,2021-09-09,132.48
11365,FR0000121014,2021-08-31,625.0
9552,EU000A1G0D39,2021-08-20,101.576065
12135,FR0000131104,2021-08-25,53.34
9044,ES0173516115,2021-09-01,9.715
5947,DE000A0DEN75,2021-08-31,98.855087
7239,DE000BAY0017,2021-09-02,47.38
8791,ES0144580Y14,2021-09-08,10.38
5685,DE0008404005,2021-08-25,199.6
3364,DE0002635307,2021-08-26,47.07
14976,GR0114031561,2021-08-30,109.76
1614,BE0974293251,2021-08-27,51.57
6717,DE000A0H08R2,2021-08-25,22.465
14199,GB00B15KXV33,2021-08-25,5.19171
3880,DE0005557508,2021-08-26,17.728
10072,FI0009000681,2021-08-26,5.151
2129,CH0198251305,2021-08-26,30.6
10845,FR0000120578,2021-08-25,87.73
21004,GRF000011004,2021-08-13,4.2616
435,AU3CB0228823,2022-01-31,65.612427
4394,DE0005933956,2021-08-24,41.97
12653,FR0000133308,2021-08-27,9.69
6202,DE000A0H0728,2021-08-26,20.1
13683,FR0013176526,2021-08-25,23.86
3109,DE0001102457,2021-08-31,106.395592
8523,ES0113900J37,2021-08-25,3.1215
5170,DE0007100000,2021-08-26,72.36
1354,BE0974271034,2021-08-25,4.53
64,100974271034,2021-08-25,4.4
12397,FR0000131906,2021-08-31,31.5
16011,GR0124035693,2021-09-02,124.85
11616,FR0000125007,2021-08-20,62.08
3622,DE0005552004,2021-08-26,59.33
6463,DE000A0H08Q4,2021-08-31,75.97
15724,GR0118020685,2021-07-23,111.2
4655,DE0006047004,2021-08-27,73.44
10587,FR0000120271,2021-08-25,37.24
1868,BE0974303357,2021-08-23,2.38
13955,FR0013480613,2021-09-14,97.288498
2845,DE0001102325,2021-08-23,105.596672
20241,GRC815117CD9,2021-08-30,100.0
12910,FR0007054358,2021-08-26,41.22
571,AU3CB0258465,2021-08-12,66.606644
17556,GRC1451184D4,2021-08-30,104.3
19245,GRC4951193D4,2021-09-01,100.0
4912,DE0006599905,2021-08-26,203.3
5427,DE0007164600,2021-08-25,125.96
9295,ES0178430E18,2021-08-23,4.257
16780,GR0128016731,2021-08-26,115.58
11877,FR0000125486,2021-08-25,90.61
20751,GRC8171186B7,2021-08-20,99.0
13167,FR0010315770,2021-08-25,263.06
8279,ES0000012G00,2021-09-14,94.402
7485,ES00000121G2,2021-08-17,113.370163
16282,GR0124036709,2021-09-21,107.76
17304,GRC1441197B3,2021-09-07,97.1
6977,DE000BASF111,2021-08-27,64.65
10330,FI0009003305,2021-08-26,44.11
21252,GRF000014008,2021-07-30,10.7681
436,AU3CB0228823,2022-02-01,66.518539
9553,EU000A1G0D39,2021-08-23,101.60215
11103,FR0000120628,2021-08-25,24.165
9045,ES0173516115,2021-09-02,9.693
4149,DE0005933931,2021-09-10,132.04
11366,FR0000121014,2021-09-01,626.8
12136,FR0000131104,2021-08-26,54.91
14977,GR0114031561,2021-08-31,109.74
8792,ES0144580Y14,2021-09-09,10.3
7240,DE000BAY0017,2021-09-03,47.67
3365,DE0002635307,2021-08-27,46.73
19089,GRC4261213D5,2022-01-21,98.57
5686,DE0008404005,2021-08-26,200.9
6718,DE000A0H08R2,2021-08-26,22.525
14200,GB00B15KXV33,2021-08-26,5.3017473
1615,BE0974293251,2021-08-30,51.67
3881,DE0005557508,2021-08-27,18.416
3110,DE0001102457,2021-09-01,106.093193
21005,GRF000011004,2021-08-16,4.2646
10073,FI0009000681,2021-08-27,5.2
2130,CH0198251305,2021-08-27,30.61
10846,FR0000120578,2021-08-26,88.04
15725,GR0118020685,2021-07-26,111.2
12654,FR0000133308,2021-08-30,9.68
4395,DE0005933956,2021-08-25,42.41
6203,DE000A0H0728,2021-08-27,20.226
13684,FR0013176526,2021-08-26,23.95
16012,GR0124035693,2021-09-03,126.58
5171,DE0007100000,2021-08-27,71.02
13956,FR0013480613,2021-09-15,96.770683
1355,BE0974271034,2021-08-26,4.51
65,100974271034,2021-08-26,4.43
8524,ES0113900J37,2021-08-26,3.114
8005,ES0000012F43,2021-08-23,105.325119
12398,FR0000131906,2021-09-01,31.45
6464,DE000A0H08Q4,2021-09-01,75.83
2846,DE0001102325,2021-08-24,105.596672
11617,FR0000125007,2021-08-23,63.94
3623,DE0005552004,2021-08-27,59.33
4656,DE0006047004,2021-08-30,73.38
10588,FR0000120271,2021-08-26,37.335
572,AU3CB0258465,2021-08-13,66.231277
1869,BE0974303357,2021-08-24,2.44
16781,GR0128016731,2021-08-27,112.25
19246,GRC4951193D4,2021-09-02,99.5
17557,GRC1451184D4,2021-08-31,104.5
20242,GRC815117CD9,2021-08-31,100.0
16283,GR0124036709,2021-09-22,107.12
437,AU3CB0228823,2022-02-02,65.656403
12911,FR0007054358,2021-08-27,41.125
8280,ES0000012G00,2021-09-15,94.963997
4913,DE0006599905,2021-08-27,199.2
7486,ES00000121G2,2021-08-18,113.357399
9296,ES0178430E18,2021-08-24,4.252
5428,DE0007164600,2021-08-26,125.96
17305,GRC1441197B3,2021-09-08,97.2
19090,GRC4261213D5,2022-01-24,98.83
20752,GRC8171186B7,2021-08-23,97.5
11878,FR0000125486,2021-08-26,90.27
21253,GRF000014008,2021-08-02,10.75292
13168,FR0010315770,2021-08-26,261.21
10331,FI0009003305,2021-08-27,43.87
6978,DE000BASF111,2021-08-30,65.95
9046,ES0173516115,2021-09-03,9.904
9554,EU000A1G0D39,2021-08-24,101.553032
11104,FR0000120628,2021-08-26,23.925
14978,GR0114031561,2021-09-01,109.83
4150,DE0005933931,2021-09-13,132.04
11367,FR0000121014,2021-09-02,646.8
12137,FR0000131104,2021-08-27,53.67
15726,GR0118020685,2021-07-27,111.2
3111,DE0001102457,2021-09-02,106.395592
8793,ES0144580Y14,2021-09-10,10.27
3366,DE0002635307,2021-08-30,47.03
6719,DE000A0H08R2,2021-08-27,22.355
5687,DE0008404005,2021-08-27,198.1
14201,GB00B15KXV33,2021-08-27,5.2975087
13957,FR0013480613,2021-09-16,95.255348
3882,DE0005557508,2021-08-30,18.466
7241,DE000BAY0017,2021-09-06,47.08
21006,GRF000011004,2021-08-17,4.2623
19091,GRC4261213D5,2022-01-25,98.25
1616,BE0974293251,2021-08-31,50.85
10074,FI0009000681,2021-08-30,5.164
10847,FR0000120578,2021-08-27,87.6
2131,CH0198251305,2021-08-30,30.65
16013,GR0124035693,2021-09-06,124.6
6204,DE000A0H0728,2021-08-30,20.418
4396,DE0005933956,2021-08-26,42.42
13685,FR0013176526,2021-08-27,24.3
438,AU3CB0228823,2022-02-03,65.902901
21732,GRF000023009,2021-06-10,30.4622
12655,FR0000133308,2021-08-31,9.31
5172,DE0007100000,2021-08-30,71.25
1356,BE0974271034,2021-08-27,4.75
6465,DE000A0H08Q4,2021-09-02,77.22
573,AU3CB0258465,2021-08-16,66.364029
12399,FR0000131906,2021-09-02,30.95
66,100974271034,2021-08-27,4.49
16284,GR0124036709,2021-09-23,107.2
2847,DE0001102325,2021-08-25,105.568275
3624,DE0005552004,2021-08-30,59.14
7745,ES0000012A89,2021-08-19,108.915648
8525,ES0113900J37,2021-08-27,3.156
11618,FR0000125007,2021-08-24,63.73
8281,ES0000012G00,2021-09-16,93.952003
4657,DE0006047004,2021-08-31,74.04
19247,GRC4951193D4,2021-09-03,98.7
10589,FR0000120271,2021-08-27,37.31
1870,BE0974303357,2021-08-25,2.43
17558,GRC1451184D4,2021-09-01,104.5
17306,GRC1441197B3,2021-09-09,96.8
12912,FR0007054358,2021-08-30,41.345
20243,GRC815117CD9,2021-09-01,100.0
4914,DE0006599905,2021-08-30,199.2
9297,ES0178430E18,2021-08-25,4.257
7489,ES00000121G2,2021-08-23,113.31723
5429,DE0007164600,2021-08-27,124.96
20753,GRC8171186B7,2021-08-24,97.5
19092,GRC4261213D5,2022-01-26,98.51
21254,GRF000014008,2021-08-03,10.7686
11879,FR0000125486,2021-08-27,90.96
13169,FR0010315770,2021-08-27,262.4
10332,FI0009003305,2021-08-30,43.65
6979,DE000BASF111,2021-08-31,65.86
9047,ES0173516115,2021-09-06,9.72
9555,EU000A1G0D39,2021-08-25,101.571686
15727,GR0118020685,2021-07-28,111.2
14979,GR0114031561,2021-09-02,109.74
8006,ES0000012F43,2021-08-24,105.184502
439,AU3CB0228823,2022-02-04,65.545174
3112,DE0001102457,2021-09-03,106.296844
4151,DE0005933931,2021-09-14,132.5
11105,FR0000120628,2021-08-27,24.04
12138,FR0000131104,2021-08-30,50.72
11368,FR0000121014,2021-09-03,647.0
13958,FR0013480613,2021-09-17,94.788628
8794,ES0144580Y14,2021-09-13,10.07
3367,DE0002635307,2021-08-31,46.905
16014,GR0124035693,2021-09-07,124.95
21007,GRF000011004,2021-08-18,4.2415
6720,DE000A0H08R2,2021-08-30,22.42
14202,GB00B15KXV33,2021-08-30,5.3970571
3883,DE0005557508,2021-08-31,18.38
5688,DE0008404005,2021-08-30,199.1
19093,GRC4261213D5,2022-01-27,98.7573
1617,BE0974293251,2021-09-01,51.99
10075,FI0009000681,2021-08-31,5.2
16285,GR0124036709,2021-09-24,107.2
10848,FR0000120578,2021-08-30,88.18
9773,EU000A1U9985,2021-06-30,100.788033
2132,CH0198251305,2021-08-31,30.65
7242,DE000BAY0017,2021-09-07,47.22
574,AU3CB0258465,2021-08-17,66.496468
6205,DE000A0H0728,2021-08-31,20.832
21733,GRF000023009,2021-06-11,30.5644
4397,DE0005933956,2021-08-27,41.97
13686,FR0013176526,2021-08-30,24.16
8282,ES0000012G00,2021-09-17,94.402
6466,DE000A0H08Q4,2021-09-03,78.21
5173,DE0007100000,2021-08-31,71.62
12656,FR0000133308,2021-09-01,9.62
1357,BE0974271034,2021-08-30,4.75
12400,FR0000131906,2021-09-03,30.675
19248,GRC4951193D4,2021-09-06,99.0
67,100974271034,2021-08-30,4.45
3625,DE0005552004,2021-08-31,59.05
11619,FR0000125007,2021-08-25,59.03
8526,ES0113900J37,2021-08-30,3.156
4658,DE0006047004,2021-09-01,73.86
17307,GRC1441197B3,2021-09-10,96.8
17559,GRC1451184D4,2021-09-02,104.0
10590,FR0000120271,2021-08-30,37.75
1871,BE0974303357,2021-08-26,2.43
7490,ES00000121G2,2021-08-24,113.275452
2848,DE0001102325,2021-08-26,105.54332
12913,FR0007054358,2021-08-31,41.42
20244,GRC815117CD9,2021-09-02,100.0
4915,DE0006599905,2021-08-31,198.75
9298,ES0178430E18,2021-08-26,4.252
20754,GRC8171186B7,2021-08-25,97.6
5430,DE0007164600,2021-08-30,125.96
440,AU3CB0228823,2022-02-07,64.651939
15728,GR0118020685,2021-07-29,111.2
21255,GRF000014008,2021-08-04,10.69844
19094,GRC4261213D5,2022-01-28,98.7573
9048,ES0173516115,2021-09-07,9.362
11880,FR0000125486,2021-08-30,90.89
14980,GR0114031561,2021-09-03,109.64
13170,FR0010315770,2021-08-30,262.01
10333,FI0009003305,2021-08-31,43.65
9556,EU000A1G0D39,2021-08-26,101.563087
6980,DE000BASF111,2021-09-01,65.3
13959,FR0013480613,2021-09-20,95.005203
8007,ES0000012F43,2021-08-25,105.116302
3113,DE0001102457,2021-09-06,106.110588
12139,FR0000131104,2021-08-31,51.14
4152,DE0005933931,2021-09-15,133.06
11369,FR0000121014,2021-09-06,634.9
11106,FR0000120628,2021-08-30,24.065
16286,GR0124036709,2021-09-27,107.22
16015,GR0124035693,2021-09-08,124.6
8795,ES0144580Y14,2021-09-14,10.21
3368,DE0002635307,2021-09-01,47.045
21008,GRF000011004,2021-08-19,4.2304
575,AU3CB0258465,2021-08-18,65.876671
8283,ES0000012G00,2021-09-20,96.606316
14203,GB00B15KXV33,2021-08-31,5.3970571
6721,DE000A0H08R2,2021-08-31,22.525
3884,DE0005557508,2021-09-01,18.38
5689,DE0008404005,2021-08-31,199.1
10076,FI0009000681,2021-09-01,5.172
10849,FR0000120578,2021-08-31,88.06
2133,CH0198251305,2021-09-01,30.62
19095,GRC4261213D5,2022-01-31,98.2501
1618,BE0974293251,2021-09-02,50.85
21734,GRF000023009,2021-06-14,30.5644
6206,DE000A0H0728,2021-09-01,20.544
4398,DE0005933956,2021-08-30,42.59
6467,DE000A0H08Q4,2021-09-06,78.43
13687,FR0013176526,2021-08-31,23.85
7243,DE000BAY0017,2021-09-08,47.08
19249,GRC4951193D4,2021-09-07,99.4
5174,DE0007100000,2021-09-01,71.33
12401,FR0000131906,2021-09-06,30.675
1358,BE0974271034,2021-08-31,4.82
17308,GRC1441197B3,2021-09-13,97.0
68,100974271034,2021-08-31,4.7
3626,DE0005552004,2021-09-01,59.87
7491,ES00000121G2,2021-08-25,113.257462
11620,FR0000125007,2021-08-26,62.37
2849,DE0001102325,2021-08-27,105.516418
17560,GRC1451184D4,2021-09-03,104.0
4659,DE0006047004,2021-09-02,72.06
15729,GR0118020685,2021-07-30,110.4
10591,FR0000120271,2021-08-31,37.665
8527,ES0113900J37,2021-08-31,3.123
1872,BE0974303357,2021-08-27,2.44
12914,FR0007054358,2021-09-01,41.36
20755,GRC8171186B7,2021-08-26,97.6
9299,ES0178430E18,2021-08-27,4.257
4916,DE0006599905,2021-09-01,187.8
20245,GRC815117CD9,2021-09-03,100.0
5431,DE0007164600,2021-08-31,126.5
21256,GRF000014008,2021-08-05,10.6914
13960,FR0013480613,2021-09-21,95.743515
9049,ES0173516115,2021-09-08,9.286
14981,GR0114031561,2021-09-06,109.59
8008,ES0000012F43,2021-08-26,104.640388
3114,DE0001102457,2021-09-07,105.976212
9557,EU000A1G0D39,2021-08-27,101.548149
11881,FR0000125486,2021-08-31,91.73
10334,FI0009003305,2021-09-01,44.11
13171,FR0010315770,2021-08-31,264.47
12662,FR0000133308,2021-09-09,9.55
6981,DE000BASF111,2021-09-02,65.81
16287,GR0124036709,2021-09-28,106.87
16016,GR0124035693,2021-09-09,123.99
12140,FR0000131104,2021-09-01,53.67
8284,ES0000012G00,2021-09-21,94.566002
11370,FR0000121014,2021-09-07,648.7
4153,DE0005933931,2021-09-16,132.98
576,AU3CB0258465,2021-08-19,65.876671
11107,FR0000120628,2021-08-31,23.955
8796,ES0144580Y14,2021-09-15,10.14
21009,GRF000011004,2021-08-20,4.2416
3369,DE0002635307,2021-09-02,47.065
14204,GB00B15KXV33,2021-09-01,5.3997216
6722,DE000A0H08R2,2021-09-01,22.42
3885,DE0005557508,2021-09-02,18.088
19874,GRC5211214B5,2022-03-25,97.0
19096,GRC4261213D5,2022-02-01,98.3045
21735,GRF000023009,2021-06-15,30.1734
10077,FI0009000681,2021-09-02,5.092
6468,DE000A0H08Q4,2021-09-07,78.43
10850,FR0000120578,2021-09-01,87.62
19250,GRC4951193D4,2021-09-08,99.1
2134,CH0198251305,2021-09-02,30.91
6207,DE000A0H0728,2021-09-02,20.374
5690,DE0008404005,2021-09-01,198.6
1619,BE0974293251,2021-09-03,51.14
4399,DE0005933956,2021-08-31,42.245
13688,FR0013176526,2021-09-01,24.08
15730,GR0118020685,2021-08-02,111.1
7492,ES00000121G2,2021-08-26,113.190521
5175,DE0007100000,2021-09-02,71.33
17309,GRC1441197B3,2021-09-14,96.8
12402,FR0000131906,2021-09-07,30.155
7244,DE000BAY0017,2021-09-09,46.53
2850,DE0001102325,2021-08-30,105.50946
1359,BE0974271034,2021-09-01,4.72
69,100974271034,2021-09-01,4.44
3627,DE0005552004,2021-09-02,59.33
17561,GRC1451184D4,2021-09-06,104.0
11621,FR0000125007,2021-08-27,62.66
4660,DE0006047004,2021-09-03,74.0
10592,FR0000120271,2021-09-01,37.665
13961,FR0013480613,2021-09-22,95.162437
1873,BE0974303357,2021-08-30,2.44
8528,ES0113900J37,2021-09-01,3.1275
12915,FR0007054358,2021-09-02,41.345
20756,GRC8171186B7,2021-08-27,97.6
8009,ES0000012F43,2021-08-27,104.549629
14982,GR0114031561,2021-09-07,109.59
9050,ES0173516115,2021-09-09,9.362
21257,GRF000014008,2021-08-06,10.6733
9300,ES0178430E18,2021-08-30,4.276
3115,DE0001102457,2021-09-08,105.652473
4917,DE0006599905,2021-09-02,202.3
16288,GR0124036709,2021-09-29,106.4
5432,DE0007164600,2021-09-01,126.74
20246,GRC815117CD9,2021-09-06,100.0
9558,EU000A1G0D39,2021-08-30,101.549126
11882,FR0000125486,2021-09-01,90.61
10335,FI0009003305,2021-09-02,43.74
13172,FR0010315770,2021-09-01,263.92
8285,ES0000012G00,2021-09-22,94.637001
6982,DE000BASF111,2021-09-03,65.3
16017,GR0124035693,2021-09-10,124.12
12663,FR0000133308,2021-09-10,9.31
577,AU3CB0258465,2021-08-20,65.739311
12141,FR0000131104,2021-09-02,53.67
11371,FR0000121014,2021-09-08,648.7
4154,DE0005933931,2021-09-17,133.28
11108,FR0000120628,2021-09-01,23.78
21010,GRF000011004,2021-08-23,4.2453
15731,GR0118020685,2021-08-03,111.5
8797,ES0144580Y14,2021-09-16,9.5
3370,DE0002635307,2021-09-03,46.835
1122,AU3SG0002199,2021-09-30,63.460532
14205,GB00B15KXV33,2021-09-02,5.3997216
19251,GRC4951193D4,2021-09-09,99.1
3886,DE0005557508,2021-09-03,17.938
6723,DE000A0H08R2,2021-09-02,21.885
6469,DE000A0H08Q4,2021-09-08,78.21
7493,ES00000121G2,2021-08-27,113.129738
10078,FI0009000681,2021-09-03,5.15
6208,DE000A0H0728,2021-09-03,20.23
2135,CH0198251305,2021-09-03,30.91
17310,GRC1441197B3,2021-09-15,96.7
2851,DE0001102325,2021-08-31,105.50946
7746,ES0000012A89,2021-08-20,109.866312
5691,DE0008404005,2021-09-02,199.1
4400,DE0005933956,2021-09-01,42.59
13689,FR0013176526,2021-09-02,23.91
1620,BE0974293251,2021-09-06,51.14
10851,FR0000120578,2021-09-02,87.9
12403,FR0000131906,2021-09-08,29.735
5176,DE0007100000,2021-09-03,70.55
13962,FR0013480613,2021-09-23,98.391998
19097,GRC4261213D5,2022-02-02,98.5811
21980,GRF000024007,2021-05-27,8.3121
1360,BE0974271034,2021-09-02,4.72
70,100974271034,2021-09-02,4.64
3628,DE0005552004,2021-09-03,57.09
7245,DE000BAY0017,2021-09-10,47.67
17562,GRC1451184D4,2021-09-07,104.0
21738,GRF000023009,2021-06-18,30.6651
11622,FR0000125007,2021-08-30,62.65
4661,DE0006047004,2021-09-06,72.06
8010,ES0000012F43,2021-08-30,104.645561
16289,GR0124036709,2021-09-30,106.4
10593,FR0000120271,2021-09-02,37.1
1874,BE0974303357,2021-08-31,2.44
14983,GR0114031561,2021-09-08,109.58
3116,DE0001102457,2021-09-09,105.66951
20757,GRC8171186B7,2021-08-30,97.6
9051,ES0173516115,2021-09-10,9.362
12916,FR0007054358,2021-09-03,41.125
8529,ES0113900J37,2021-09-02,3.1275
21258,GRF000014008,2021-08-09,10.8836
9301,ES0178430E18,2021-08-31,4.276
4918,DE0006599905,2021-09-03,202.3
8286,ES0000012G00,2021-09-23,94.961998
5433,DE0007164600,2021-09-02,126.76
9559,EU000A1G0D39,2021-08-31,101.548149
20247,GRC815117CD9,2021-09-07,100.0
578,AU3CB0258465,2021-08-23,65.128441
16018,GR0124035693,2021-09-13,124.06
10336,FI0009003305,2021-09-03,44.07
11883,FR0000125486,2021-09-02,91.73
13173,FR0010315770,2021-09-02,257.07
6983,DE000BASF111,2021-09-06,65.86
15732,GR0118020685,2021-08-04,111.5
16782,GR0128016731,2021-08-30,110.12
12664,FR0000133308,2021-09-13,9.43
12142,FR0000131104,2021-09-03,51.92
11372,FR0000121014,2021-09-09,653.0
4155,DE0005933931,2021-09-20,131.88
21011,GRF000011004,2021-08-24,4.2468
7494,ES00000121G2,2021-08-30,113.136398
19252,GRC4951193D4,2021-09-10,99.5
11109,FR0000120628,2021-09-02,23.86
8798,ES0144580Y14,2021-09-17,10.43
3371,DE0002635307,2021-09-06,46.9
6470,DE000A0H08Q4,2021-09-09,78.21
14206,GB00B15KXV33,2021-09-03,5.3970571
17311,GRC1441197B3,2021-09-16,97.0
3887,DE0005557508,2021-09-06,17.728
6724,DE000A0H08R2,2021-09-03,22.095
13963,FR0013480613,2021-09-24,98.391998
10079,FI0009000681,2021-09-06,5.12
6209,DE000A0H0728,2021-09-06,20.092
2136,CH0198251305,2021-09-06,30.55
4401,DE0005933956,2021-09-02,42.59
5692,DE0008404005,2021-09-03,199.1
16290,GR0124036709,2021-10-01,106.4
21981,GRF000024007,2021-05-28,8.302
1621,BE0974293251,2021-09-07,50.25
10852,FR0000120578,2021-09-03,88.2
12404,FR0000131906,2021-09-09,29.49
5177,DE0007100000,2021-09-06,70.17
8011,ES0000012F43,2021-08-31,104.790253
1361,BE0974271034,2021-09-03,4.82
17563,GRC1451184D4,2021-09-08,104.3
71,100974271034,2021-09-03,4.73
3629,DE0005552004,2021-09-06,57.6
11623,FR0000125007,2021-08-31,62.0
3117,DE0001102457,2021-09-10,105.892479
7246,DE000BAY0017,2021-09-13,47.54
21739,GRF000023009,2021-06-21,30.5828
19098,GRC4261213D5,2022-02-03,98.1562
4662,DE0006047004,2021-09-07,71.86
9052,ES0173516115,2021-09-13,9.45
14984,GR0114031561,2021-09-09,109.48
10594,FR0000120271,2021-09-03,37.2
8287,ES0000012G00,2021-09-24,94.637001
20758,GRC8171186B7,2021-08-31,97.6
1875,BE0974303357,2021-09-01,2.47
21259,GRF000014008,2021-08-10,10.8836
12917,FR0007054358,2021-09-06,41.31
8530,ES0113900J37,2021-09-03,3.121
9560,EU000A1G0D39,2021-09-01,101.52243
9302,ES0178430E18,2021-09-01,4.181
4919,DE0006599905,2021-09-06,206.1
13694,FR0013176526,2021-09-09,22.2
20248,GRC815117CD9,2021-09-08,99.5
5434,DE0007164600,2021-09-03,125.38
579,AU3CB0258465,2021-08-24,64.927567
15733,GR0118020685,2021-08-05,111.5
16019,GR0124035693,2021-09-14,125.02
10337,FI0009003305,2021-09-06,44.07
11884,FR0000125486,2021-09-03,92.98
13174,FR0010315770,2021-09-03,264.4
6984,DE000BASF111,2021-09-07,65.45
12143,FR0000131104,2021-09-06,53.87
12665,FR0000133308,2021-09-14,9.42
19253,GRC4951193D4,2021-09-13,99.5
11373,FR0000121014,2021-09-10,648.7
21012,GRF000011004,2021-08-25,4.2621
13964,FR0013480613,2021-09-27,98.656998
4156,DE0005933931,2021-09-21,129.56
19099,GRC4261213D5,2022-02-04,97.8286
17312,GRC1441197B3,2021-09-17,97.2
6471,DE000A0H08Q4,2021-09-10,78.21
8799,ES0144580Y14,2021-09-20,9.35
11110,FR0000120628,2021-09-03,24.065
3372,DE0002635307,2021-09-07,47.29
14207,GB00B15KXV33,2021-09-06,5.494194
16291,GR0124036709,2021-10-04,106.4
3888,DE0005557508,2021-09-07,17.968
6725,DE000A0H08R2,2021-09-06,21.94
6210,DE000A0H0728,2021-09-07,20.494
8012,ES0000012F43,2021-09-01,104.790253
10080,FI0009000681,2021-09-07,5.17
2137,CH0198251305,2021-09-07,30.27
4402,DE0005933956,2021-09-03,42.89
21982,GRF000024007,2021-05-31,8.2754
5693,DE0008404005,2021-09-06,199.1
12405,FR0000131906,2021-09-10,29.35
10853,FR0000120578,2021-09-06,88.33
1622,BE0974293251,2021-09-08,50.21
3118,DE0001102457,2021-09-13,105.747414
5178,DE0007100000,2021-09-07,70.15
17564,GRC1451184D4,2021-09-09,104.0
1362,BE0974271034,2021-09-06,4.82
8288,ES0000012G00,2021-09-27,93.975998
3630,DE0005552004,2021-09-07,59.59
72,100974271034,2021-09-06,4.62
21740,GRF000023009,2021-06-22,30.6821
9053,ES0173516115,2021-09-14,9.783
11624,FR0000125007,2021-09-01,62.66
14985,GR0114031561,2021-09-10,109.48
4663,DE0006047004,2021-09-08,71.08
7247,DE000BAY0017,2021-09-14,47.78
20759,GRC8171186B7,2021-09-01,98.5
15734,GR0118020685,2021-08-06,110.6
10595,FR0000120271,2021-09-06,37.7
21260,GRF000014008,2021-08-11,10.8877
1876,BE0974303357,2021-09-02,2.77
580,AU3CB0258465,2021-08-25,64.927567
9561,EU000A1G0D39,2021-09-02,101.52243
12918,FR0007054358,2021-09-07,40.665
16020,GR0124035693,2021-09-15,124.8
20249,GRC815117CD9,2021-09-09,99.5
9303,ES0178430E18,2021-09-02,4.257
4920,DE0006599905,2021-09-07,206.1
8531,ES0113900J37,2021-09-06,3.1395
5435,DE0007164600,2021-09-06,125.44
13695,FR0013176526,2021-09-10,22.19
10338,FI0009003305,2021-09-07,43.95
13965,FR0013480613,2021-09-28,98.391998
11885,FR0000125486,2021-09-06,93.3
13175,FR0010315770,2021-09-06,264.4
6985,DE000BASF111,2021-09-08,65.18
19254,GRC4951193D4,2021-09-14,98.5
16292,GR0124036709,2021-10-05,106.4
17313,GRC1441197B3,2021-09-20,96.9
12144,FR0000131104,2021-09-07,56.6
19100,GRC4261213D5,2022-02-07,97.8286
21013,GRF000011004,2021-08-26,4.2241
11374,FR0000121014,2021-09-13,658.4
6472,DE000A0H08Q4,2021-09-13,78.21
4157,DE0005933931,2021-09-22,131.08
12666,FR0000133308,2021-09-15,9.31
8013,ES0000012F43,2021-09-02,104.790253
14208,GB00B15KXV33,2021-09-07,5.359272
3373,DE0002635307,2021-09-08,47.03
3889,DE0005557508,2021-09-08,17.962
11111,FR0000120628,2021-09-06,24.065
6726,DE000A0H08R2,2021-09-07,22.05
6211,DE000A0H0728,2021-09-08,20.33
8800,ES0144580Y14,2021-09-21,9.26
7747,ES0000012A89,2021-08-23,108.905309
10081,FI0009000681,2021-09-08,5.12
3119,DE0001102457,2021-09-14,105.747414
8289,ES0000012G00,2021-09-28,96.606316
2138,CH0198251305,2021-09-08,30.3
4403,DE0005933956,2021-09-06,42.595
17565,GRC1451184D4,2021-09-10,104.6
10854,FR0000120578,2021-09-07,87.8
5694,DE0008404005,2021-09-07,199.2
2854,DE0001102325,2021-09-03,105.436943
5179,DE0007100000,2021-09-08,70.33
1623,BE0974293251,2021-09-09,52.55
1363,BE0974271034,2021-09-07,4.6
9054,ES0173516115,2021-09-15,9.515
3631,DE0005552004,2021-09-08,58.32
73,100974271034,2021-09-07,4.6
21741,GRF000023009,2021-06-23,30.5177
11625,FR0000125007,2021-09-02,61.39
581,AU3CB0258465,2021-08-26,64.927567
20760,GRC8171186B7,2021-09-02,97.4
4664,DE0006047004,2021-09-09,70.04
12408,FR0000131906,2021-09-15,29.83
21261,GRF000014008,2021-08-12,10.8877
19101,GRC4261213D5,2022-02-08,97.62
10596,FR0000120271,2021-09-07,39.0
16021,GR0124035693,2021-09-16,124.43
1877,BE0974303357,2021-09-03,2.77
7248,DE000BAY0017,2021-09-15,47.78
9562,EU000A1G0D39,2021-09-03,101.490746
12919,FR0007054358,2021-09-08,41.675
20250,GRC815117CD9,2021-09-10,100.0
9304,ES0178430E18,2021-09-03,4.194
4921,DE0006599905,2021-09-08,206.1
13966,FR0013480613,2021-09-29,98.391998
5436,DE0007164600,2021-09-07,125.38
8532,ES0113900J37,2021-09-07,3.1395
16293,GR0124036709,2021-10-06,106.5
13696,FR0013176526,2021-09-13,22.19
10339,FI0009003305,2021-09-08,43.87
17314,GRC1441197B3,2021-09-21,97.5
19255,GRC4951193D4,2021-09-15,98.5
11886,FR0000125486,2021-09-07,90.98
13176,FR0010315770,2021-09-07,265.65
6986,DE000BASF111,2021-09-09,64.65
12145,FR0000131104,2021-09-08,54.33
8014,ES0000012F43,2021-09-03,104.645561
21014,GRF000011004,2021-08-27,4.2041
6473,DE000A0H08Q4,2021-09-14,78.21
11375,FR0000121014,2021-09-14,651.2
4158,DE0005933931,2021-09-23,131.72
19102,GRC4261213D5,2022-02-09,97.62
8290,ES0000012G00,2021-09-29,93.044998
12667,FR0000133308,2021-09-16,9.37
14209,GB00B15KXV33,2021-09-08,5.5139184
3374,DE0002635307,2021-09-09,46.575
3890,DE0005557508,2021-09-09,18.0
3120,DE0001102457,2021-09-15,105.733002
11112,FR0000120628,2021-09-07,23.59
6727,DE000A0H08R2,2021-09-08,22.05
6212,DE000A0H0728,2021-09-09,20.518
8801,ES0144580Y14,2021-09-22,9.33
2855,DE0001102325,2021-09-06,105.412132
10082,FI0009000681,2021-09-09,5.05
2139,CH0198251305,2021-09-09,29.88
4404,DE0005933956,2021-09-07,42.37
17566,GRC1451184D4,2021-09-13,104.3
9055,ES0173516115,2021-09-16,10.002
10855,FR0000120578,2021-09-08,87.09
5180,DE0007100000,2021-09-09,68.69
5695,DE0008404005,2021-09-08,197.6
1364,BE0974271034,2021-09-08,4.49
1624,BE0974293251,2021-09-10,49.7
582,AU3CB0258465,2021-08-27,64.927567
21742,GRF000023009,2021-06-24,30.5177
3632,DE0005552004,2021-09-09,58.21
74,100974271034,2021-09-08,4.5
20761,GRC8171186B7,2021-09-03,98.5
11626,FR0000125007,2021-09-03,61.39
16022,GR0124035693,2021-09-17,124.73
21262,GRF000014008,2021-08-13,10.8856
4665,DE0006047004,2021-09-10,69.14
12409,FR0000131906,2021-09-16,29.605
9563,EU000A1G0D39,2021-09-06,101.478104
13967,FR0013480613,2021-09-30,98.391998
10597,FR0000120271,2021-09-08,37.6
16294,GR0124036709,2021-10-07,106.51
1878,BE0974303357,2021-09-06,2.49
12920,FR0007054358,2021-09-09,41.19
7249,DE000BAY0017,2021-09-16,46.53
20251,GRC815117CD9,2021-09-13,99.5
9305,ES0178430E18,2021-09-06,4.194
4922,DE0006599905,2021-09-09,199.8
14987,GR0114031561,2021-09-14,109.48
5437,DE0007164600,2021-09-08,125.96
14752,GB00BN7CG237,2021-10-15,20.79756
17315,GRC1441197B3,2021-09-22,97.1
19256,GRC4951193D4,2021-09-16,98.9
8533,ES0113900J37,2021-09-08,3.1355
8015,ES0000012F43,2021-09-06,104.431458
10340,FI0009003305,2021-09-09,44.04
13697,FR0013176526,2021-09-14,22.74
11887,FR0000125486,2021-09-08,91.27
13177,FR0010315770,2021-09-08,263.84
8291,ES0000012G00,2021-09-30,92.582001
6987,DE000BASF111,2021-09-10,64.5
21015,GRF000011004,2021-08-30,4.2241
12146,FR0000131104,2021-09-09,53.5
6474,DE000A0H08Q4,2021-09-15,78.21
3121,DE0001102457,2021-09-16,105.537003
11376,FR0000121014,2021-09-15,651.2
4159,DE0005933931,2021-09-24,132.86
14210,GB00B15KXV33,2021-09-09,5.5139184
2856,DE0001102325,2021-09-07,105.39724
3375,DE0002635307,2021-09-10,46.33
3891,DE0005557508,2021-09-10,17.74
7498,ES00000121G2,2021-09-03,113.077843
12668,FR0000133308,2021-09-17,9.37
6728,DE000A0H08R2,2021-09-09,21.94
6213,DE000A0H0728,2021-09-10,20.512
11113,FR0000120628,2021-09-08,23.765
8802,ES0144580Y14,2021-09-23,9.25
10083,FI0009000681,2021-09-10,5.07
9056,ES0173516115,2021-09-17,10.002
17567,GRC1451184D4,2021-09-14,104.8
2140,CH0198251305,2021-09-10,30.27
4405,DE0005933956,2021-09-08,42.805
10856,FR0000120578,2021-09-09,86.77
21743,GRF000023009,2021-06-25,30.5477
5181,DE0007100000,2021-09-10,70.33
1365,BE0974271034,2021-09-09,4.47
16295,GR0124036709,2021-10-08,106.51
13968,FR0013480613,2021-10-01,97.586998
3633,DE0005552004,2021-09-10,57.84
16023,GR0124035693,2021-09-20,124.45
5696,DE0008404005,2021-09-09,197.3
1625,BE0974293251,2021-09-13,48.75
75,100974271034,2021-09-09,4.7
20762,GRC8171186B7,2021-09-06,97.5
583,AU3CB0258465,2021-08-30,64.927567
21263,GRF000014008,2021-08-16,10.8856
11627,FR0000125007,2021-09-06,61.39
12410,FR0000131906,2021-09-17,29.605
4666,DE0006047004,2021-09-13,68.54
9564,EU000A1G0D39,2021-09-07,101.478104
10598,FR0000120271,2021-09-09,37.7
1879,BE0974303357,2021-09-07,2.49
20252,GRC815117CD9,2021-09-14,100.0
12921,FR0007054358,2021-09-10,41.19
17316,GRC1441197B3,2021-09-23,96.7
14988,GR0114031561,2021-09-15,109.48
9306,ES0178430E18,2021-09-07,4.194
8016,ES0000012F43,2021-09-07,104.431458
7250,DE000BAY0017,2021-09-17,45.53
19257,GRC4951193D4,2021-09-17,99.3
4923,DE0006599905,2021-09-10,204.0
5438,DE0007164600,2021-09-09,126.38
8292,ES0000012G00,2021-10-01,92.582001
8534,ES0113900J37,2021-09-09,3.2265
10341,FI0009003305,2021-09-10,44.07
13698,FR0013176526,2021-09-15,22.74
11888,FR0000125486,2021-09-09,90.8
3122,DE0001102457,2021-09-17,105.509003
21016,GRF000011004,2021-08-31,4.2688
6475,DE000A0H08Q4,2021-09-16,78.58
13178,FR0010315770,2021-09-09,264.4
12147,FR0000131104,2021-09-10,53.74
6988,DE000BASF111,2021-09-13,64.42
2857,DE0001102325,2021-09-08,105.360718
7499,ES00000121G2,2021-09-06,113.077843
11377,FR0000121014,2021-09-16,648.4
4160,DE0005933931,2021-09-27,131.96
14211,GB00B15KXV33,2021-09-10,5.4101086
3376,DE0002635307,2021-09-13,46.73
3892,DE0005557508,2021-09-13,17.31
6729,DE000A0H08R2,2021-09-10,21.66
6214,DE000A0H0728,2021-09-13,20.562
9057,ES0173516115,2021-09-20,10.044
11114,FR0000120628,2021-09-09,23.765
17568,GRC1451184D4,2021-09-15,104.8
16296,GR0124036709,2021-10-11,106.45
8803,ES0144580Y14,2021-09-24,9.25
13969,FR0013480613,2021-10-04,91.316582
10084,FI0009000681,2021-09-13,5.019
2141,CH0198251305,2021-09-13,29.31
4406,DE0005933956,2021-09-09,43.11
12669,FR0000133308,2021-09-20,9.31
16024,GR0124035693,2021-09-21,124.64
21744,GRF000023009,2021-06-28,30.5031
10857,FR0000120578,2021-09-10,83.31
584,AU3CB0258465,2021-08-31,65.922165
5182,DE0007100000,2021-09-13,68.77
3634,DE0005552004,2021-09-13,58.02
1366,BE0974271034,2021-09-10,4.64
20763,GRC8171186B7,2021-09-07,97.5
1626,BE0974293251,2021-09-14,48.75
76,100974271034,2021-09-10,4.44
5697,DE0008404005,2021-09-10,199.1
21264,GRF000014008,2021-08-17,10.8856
9565,EU000A1G0D39,2021-09-08,101.471863
11628,FR0000125007,2021-09-07,61.2
12411,FR0000131906,2021-09-20,28.755
4667,DE0006047004,2021-09-14,69.88
17317,GRC1441197B3,2021-09-24,97.5
8017,ES0000012F43,2021-09-08,104.130493
10599,FR0000120271,2021-09-10,36.9
20253,GRC815117CD9,2021-09-15,100.0
1880,BE0974303357,2021-09-08,2.63
19258,GRC4951193D4,2021-09-20,99.5
8293,ES0000012G00,2021-10-04,92.467003
12922,FR0007054358,2021-09-13,41.13
7748,ES0000012A89,2021-08-24,110.686165
9307,ES0178430E18,2021-09-08,4.123
19110,GRC4261213D5,2022-02-21,96.6191
4924,DE0006599905,2021-09-13,204.0
5439,DE0007164600,2021-09-10,125.96
7251,DE000BAY0017,2021-09-20,45.76
3123,DE0001102457,2021-09-20,105.509003
10342,FI0009003305,2021-09-13,43.76
8535,ES0113900J37,2021-09-10,3.235
13699,FR0013176526,2021-09-16,22.72
6476,DE000A0H08Q4,2021-09-17,77.22
21017,GRF000011004,2021-09-01,4.2688
11889,FR0000125486,2021-09-10,90.89
12148,FR0000131104,2021-09-13,53.74
13179,FR0010315770,2021-09-10,263.82
6989,DE000BASF111,2021-09-14,65.6
16297,GR0124036709,2021-10-12,105.71
11378,FR0000121014,2021-09-17,621.2
9782,EU000A1U9985,2021-07-13,100.842384
13970,FR0013480613,2021-10-05,91.252808
14212,GB00B15KXV33,2021-09-13,5.6465631
4161,DE0005933931,2021-09-28,131.84
9058,ES0173516115,2021-09-21,9.979
3377,DE0002635307,2021-09-14,46.47
3893,DE0005557508,2021-09-14,17.524
6215,DE000A0H0728,2021-09-14,20.126
6730,DE000A0H08R2,2021-09-13,21.66
17569,GRC1451184D4,2021-09-16,104.8
11115,FR0000120628,2021-09-10,23.86
16025,GR0124035693,2021-09-22,124.09
8804,ES0144580Y14,2021-09-27,10.14
585,AU3CB0258465,2021-09-01,65.66407
10085,FI0009000681,2021-09-14,4.949
4407,DE0005933956,2021-09-10,42.805
21745,GRF000023009,2021-06-29,30.5283
10858,FR0000120578,2021-09-13,81.87
2143,CH0198251305,2021-09-15,30.6
20764,GRC8171186B7,2021-09-08,97.5
5183,DE0007100000,2021-09-14,73.07
3635,DE0005552004,2021-09-14,59.59
12670,FR0000133308,2021-09-21,9.27
1367,BE0974271034,2021-09-13,4.61
21265,GRF000014008,2021-08-18,10.8856
77,100974271034,2021-09-13,4.3
9566,EU000A1G0D39,2021-09-09,101.468956
5698,DE0008404005,2021-09-13,199.1
1627,BE0974293251,2021-09-15,48.64
8018,ES0000012F43,2021-09-09,104.130493
17318,GRC1441197B3,2021-09-27,97.2
11629,FR0000125007,2021-09-08,61.2
8294,ES0000012G00,2021-10-05,92.083
4668,DE0006047004,2021-09-15,69.88
19259,GRC4951193D4,2021-09-21,99.5
20254,GRC815117CD9,2021-09-16,100.0
10600,FR0000120271,2021-09-13,37.8
1881,BE0974303357,2021-09-09,2.63
7749,ES0000012A89,2021-08-25,110.613312
12923,FR0007054358,2021-09-14,41.125
12414,FR0000131906,2021-09-23,29.195
9308,ES0178430E18,2021-09-09,4.208
3124,DE0001102457,2021-09-21,105.509003
4925,DE0006599905,2021-09-14,202.3
5440,DE0007164600,2021-09-13,125.96
7252,DE000BAY0017,2021-09-21,45.01
16298,GR0124036709,2021-10-13,106.0
6477,DE000A0H08Q4,2021-09-20,78.21
10343,FI0009003305,2021-09-14,43.95
21018,GRF000011004,2021-09-02,4.2634
13700,FR0013176526,2021-09-17,21.46
13971,FR0013480613,2021-10-06,98.334
7501,ES00000121G2,2021-09-08,113.021484
8536,ES0113900J37,2021-09-13,3.114
12149,FR0000131104,2021-09-14,54.02
13180,FR0010315770,2021-09-13,262.52
6990,DE000BASF111,2021-09-15,65.53
9059,ES0173516115,2021-09-22,10.242
11379,FR0000121014,2021-09-20,612.3
14213,GB00B15KXV33,2021-09-14,5.5139184
4162,DE0005933931,2021-09-29,131.88
3894,DE0005557508,2021-09-15,17.422
3378,DE0002635307,2021-09-15,46.425
586,AU3CB0258465,2021-09-02,65.844933
6216,DE000A0H0728,2021-09-15,20.76
16026,GR0124035693,2021-09-23,124.09
17570,GRC1451184D4,2021-09-17,104.8
6731,DE000A0H08R2,2021-09-14,21.885
11116,FR0000120628,2021-09-13,23.86
4408,DE0005933956,2021-09-13,42.455
10086,FI0009000681,2021-09-15,4.916
21746,GRF000023009,2021-06-30,30.5283
8019,ES0000012F43,2021-09-10,104.607208
20765,GRC8171186B7,2021-09-09,97.5
2144,CH0198251305,2021-09-16,28.84
8295,ES0000012G00,2021-10-06,91.663002
10859,FR0000120578,2021-09-14,81.87
21266,GRF000014008,2021-08-19,10.8943
5184,DE0007100000,2021-09-15,71.82
17319,GRC1441197B3,2021-09-28,97.0
3636,DE0005552004,2021-09-15,59.25
9567,EU000A1G0D39,2021-09-10,101.485146
1368,BE0974271034,2021-09-14,4.5
12671,FR0000133308,2021-09-22,9.35
78,100974271034,2021-09-14,4.6
8805,ES0144580Y14,2021-09-28,10.14
1628,BE0974293251,2021-09-16,51.67
5699,DE0008404005,2021-09-14,199.1
11630,FR0000125007,2021-09-09,61.39
4669,DE0006047004,2021-09-16,69.18
20255,GRC815117CD9,2021-09-17,100.0
19260,GRC4951193D4,2021-09-22,99.9
10601,FR0000120271,2021-09-14,37.71
7750,ES0000012A89,2021-08-26,110.29834
1882,BE0974303357,2021-09-10,2.31
3125,DE0001102457,2021-09-22,105.537003
12924,FR0007054358,2021-09-15,41.125
16299,GR0124036709,2021-10-14,105.66
12415,FR0000131906,2021-09-24,30.02
9309,ES0178430E18,2021-09-10,4.208
13972,FR0013480613,2021-10-07,94.598961
4926,DE0006599905,2021-09-15,202.3
5441,DE0007164600,2021-09-14,122.94
7502,ES00000121G2,2021-09-09,113.00589
6478,DE000A0H08Q4,2021-09-21,77.29
21019,GRF000011004,2021-09-03,4.2717
7253,DE000BAY0017,2021-09-22,45.01
10344,FI0009003305,2021-09-15,43.87
13701,FR0013176526,2021-09-20,22.74
12150,FR0000131104,2021-09-15,53.39
8537,ES0113900J37,2021-09-14,3.2
9060,ES0173516115,2021-09-23,10.472
6991,DE000BASF111,2021-09-16,64.42
13181,FR0010315770,2021-09-14,261.79
587,AU3CB0258465,2021-09-03,65.844933
9786,EU000A1U9985,2021-07-19,100.728752
14214,GB00B15KXV33,2021-09-15,5.6974373
11380,FR0000121014,2021-09-21,610.2
16027,GR0124035693,2021-09-24,123.75
3895,DE0005557508,2021-09-16,17.422
3379,DE0002635307,2021-09-16,46.425
17571,GRC1451184D4,2021-09-20,104.8
4163,DE0005933931,2021-09-30,131.08
6217,DE000A0H0728,2021-09-16,21.156
11891,FR0000125486,2021-09-14,90.74
6732,DE000A0H08R2,2021-09-15,21.48
8020,ES0000012F43,2021-09-13,104.351257
8296,ES0000012G00,2021-10-07,94.637001
4409,DE0005933956,2021-09-14,42.575
21747,GRF000023009,2021-07-01,30.5283
10087,FI0009000681,2021-09-16,4.787
11117,FR0000120628,2021-09-14,23.225
17320,GRC1441197B3,2021-09-29,97.0
20766,GRC8171186B7,2021-09-10,97.5
21267,GRF000014008,2021-08-20,10.8836
10860,FR0000120578,2021-09-15,81.87
9568,EU000A1G0D39,2021-09-13,101.485146
5185,DE0007100000,2021-09-16,68.22
3637,DE0005552004,2021-09-16,58.32
12672,FR0000133308,2021-09-23,9.35
1369,BE0974271034,2021-09-15,4.7
79,100974271034,2021-09-15,4.67
16300,GR0124036709,2021-10-15,105.66
1629,BE0974293251,2021-09-17,48.17
5700,DE0008404005,2021-09-15,199.1
11631,FR0000125007,2021-09-10,61.24
8806,ES0144580Y14,2021-09-29,8.98
3126,DE0001102457,2021-09-23,105.587997
2147,CH0198251305,2021-09-21,28.69
20256,GRC815117CD9,2021-09-20,100.0
19261,GRC4951193D4,2021-09-23,99.5
13973,FR0013480613,2021-10-08,94.598961
4670,DE0006047004,2021-09-17,68.54
7751,ES0000012A89,2021-08-27,110.238235
10602,FR0000120271,2021-09-15,37.35
1883,BE0974303357,2021-09-13,2.6
12925,FR0007054358,2021-09-16,41.345
12416,FR0000131906,2021-09-27,30.73
9310,ES0178430E18,2021-09-13,4.123
4927,DE0006599905,2021-09-16,199.6
6479,DE000A0H08Q4,2021-09-22,76.96
5442,DE0007164600,2021-09-15,123.0
21020,GRF000011004,2021-09-06,4.2181
10345,FI0009003305,2021-09-16,43.71
9061,ES0173516115,2021-09-24,10.688
588,AU3CB0258465,2021-09-06,66.179352
7254,DE000BAY0017,2021-09-23,46.62
12151,FR0000131104,2021-09-16,54.02
16028,GR0124035693,2021-09-27,123.5
8538,ES0113900J37,2021-09-15,3.156
13182,FR0010315770,2021-09-15,261.79
6992,DE000BASF111,2021-09-17,65.33
8297,ES0000012G00,2021-10-08,91.690002
8021,ES0000012F43,2021-09-14,104.130493
14215,GB00B15KXV33,2021-09-16,5.6974373
13702,FR0013176526,2021-09-21,20.89
11381,FR0000121014,2021-09-22,618.7
17572,GRC1451184D4,2021-09-21,104.8
3896,DE0005557508,2021-09-17,17.484
3380,DE0002635307,2021-09-17,46.3
4164,DE0005933931,2021-10-01,132.86
6218,DE000A0H0728,2021-09-17,21.156
6733,DE000A0H08R2,2021-09-16,21.62
11892,FR0000125486,2021-09-15,88.97
17321,GRC1441197B3,2021-09-30,97.0
21748,GRF000023009,2021-07-02,30.5031
4410,DE0005933956,2021-09-15,42.59
10088,FI0009000681,2021-09-17,4.813
20767,GRC8171186B7,2021-09-13,97.5
11118,FR0000120628,2021-09-15,23.48
21268,GRF000014008,2021-08-23,10.8836
16301,GR0124036709,2021-10-18,105.66
9569,EU000A1G0D39,2021-09-14,101.509247
10861,FR0000120578,2021-09-16,88.9
3638,DE0005552004,2021-09-17,57.84
5186,DE0007100000,2021-09-17,68.22
1370,BE0974271034,2021-09-16,4.7
80,100974271034,2021-09-16,4.55
13974,FR0013480613,2021-10-11,94.490555
3127,DE0001102457,2021-09-24,105.587997
12673,FR0000133308,2021-09-24,9.27
1630,BE0974293251,2021-09-20,48.99
8807,ES0144580Y14,2021-09-30,8.93
11632,FR0000125007,2021-09-13,61.57
5701,DE0008404005,2021-09-16,192.8
19262,GRC4951193D4,2021-09-24,100.0
20257,GRC815117CD9,2021-09-21,99.5
2148,CH0198251305,2021-09-22,29.37
7752,ES0000012A89,2021-08-30,110.298767
4671,DE0006047004,2021-09-20,68.7
10603,FR0000120271,2021-09-16,38.69
1884,BE0974303357,2021-09-14,2.66
12926,FR0007054358,2021-09-17,41.115
12417,FR0000131906,2021-09-28,31.51
9311,ES0178430E18,2021-09-14,4.15
6480,DE000A0H08Q4,2021-09-23,76.96
4928,DE0006599905,2021-09-17,203.3
21021,GRF000011004,2021-09-07,4.2621
5443,DE0007164600,2021-09-16,122.48
589,AU3CB0258465,2021-09-07,66.522141
9062,ES0173516115,2021-09-27,10.72
8298,ES0000012G00,2021-10-11,91.381851
16029,GR0124035693,2021-09-28,123.56
10346,FI0009003305,2021-09-17,43.72
8022,ES0000012F43,2021-09-15,105.266197
12152,FR0000131104,2021-09-17,51.18
7255,DE000BAY0017,2021-09-24,46.53
13183,FR0010315770,2021-09-16,261.79
6993,DE000BASF111,2021-09-20,63.56
14216,GB00B15KXV33,2021-09-17,5.6974373
17573,GRC1451184D4,2021-09-22,104.0
8539,ES0113900J37,2021-09-16,3.089
13703,FR0013176526,2021-09-22,20.87
11382,FR0000121014,2021-09-23,636.0
17322,GRC1441197B3,2021-10-01,97.9
9788,EU000A1U9985,2021-07-21,100.728752
3897,DE0005557508,2021-09-20,17.672
16302,GR0124036709,2021-10-19,105.75
3381,DE0002635307,2021-09-20,46.3
6219,DE000A0H0728,2021-09-20,20.944
6734,DE000A0H08R2,2021-09-17,21.48
21749,GRF000023009,2021-07-05,30.5031
11893,FR0000125486,2021-09-16,88.82
4411,DE0005933956,2021-09-16,42.245
20768,GRC8171186B7,2021-09-14,97.5
13975,FR0013480613,2021-10-12,94.490555
10089,FI0009000681,2021-09-20,4.813
21269,GRF000014008,2021-08-24,10.8988
9570,EU000A1G0D39,2021-09-15,101.454002
3128,DE0001102457,2021-09-27,105.153999
11119,FR0000120628,2021-09-16,23.255
10862,FR0000120578,2021-09-17,81.67
3639,DE0005552004,2021-09-20,58.32
5187,DE0007100000,2021-09-20,71.13
12674,FR0000133308,2021-09-27,9.33
81,100974271034,2021-09-17,4.71
1371,BE0974271034,2021-09-17,4.8
19263,GRC4951193D4,2021-09-27,99.4
4165,DE0005933931,2021-10-04,128.78
8808,ES0144580Y14,2021-10-01,8.68
11633,FR0000125007,2021-09-14,61.0
20258,GRC815117CD9,2021-09-22,99.5
1631,BE0974293251,2021-09-21,48.4
7753,ES0000012A89,2021-08-31,110.394325
5702,DE0008404005,2021-09-17,199.1
4672,DE0006047004,2021-09-21,63.84
10604,FR0000120271,2021-09-17,39.05
12418,FR0000131906,2021-09-29,30.945
1885,BE0974303357,2021-09-15,2.8
12927,FR0007054358,2021-09-20,40.735
2150,CH0198251305,2021-09-24,29.28
6481,DE000A0H08Q4,2021-09-24,77.44
590,AU3CB0258465,2021-09-08,66.520088
9312,ES0178430E18,2021-09-15,4.208
8299,ES0000012G00,2021-10-12,91.690002
4929,DE0006599905,2021-09-20,199.8
21022,GRF000011004,2021-09-08,4.2536
9063,ES0173516115,2021-09-28,10.242
8023,ES0000012F43,2021-09-16,105.228638
7505,ES00000121G2,2021-09-14,112.952003
16030,GR0124035693,2021-09-29,125.26
5444,DE0007164600,2021-09-17,125.68
10347,FI0009003305,2021-09-20,43.99
12153,FR0000131104,2021-09-20,53.54
16303,GR0124036709,2021-10-20,105.65
17323,GRC1441197B3,2021-10-04,98.2
17574,GRC1451184D4,2021-09-23,104.0
9789,EU000A1U9985,2021-07-22,100.724625
14217,GB00B15KXV33,2021-09-20,5.5231023
7256,DE000BAY0017,2021-09-27,47.54
6994,DE000BASF111,2021-09-21,61.71
13184,FR0010315770,2021-09-17,260.97
11383,FR0000121014,2021-09-24,643.3
6220,DE000A0H0728,2021-09-21,21.156
3898,DE0005557508,2021-09-21,17.802
8540,ES0113900J37,2021-09-17,3.091
13976,FR0013480613,2021-10-13,93.539001
3382,DE0002635307,2021-09-21,45.35
21750,GRF000023009,2021-07-06,30.5031
6735,DE000A0H08R2,2021-09-20,21.45
3129,DE0001102457,2021-09-28,104.968002
11894,FR0000125486,2021-09-17,90.78
20769,GRC8171186B7,2021-09-15,97.6
9571,EU000A1G0D39,2021-09-16,101.448997
21270,GRF000014008,2021-08-25,10.8881
14994,GR0114031561,2021-09-23,109.48
4412,DE0005933956,2021-09-17,42.205
13704,FR0013176526,2021-09-23,24.19
10090,FI0009000681,2021-09-21,4.787
11120,FR0000120628,2021-09-17,23.26
10863,FR0000120578,2021-09-20,81.55
19264,GRC4951193D4,2021-09-28,99.5
5188,DE0007100000,2021-09-21,68.85
12675,FR0000133308,2021-09-28,9.33
1372,BE0974271034,2021-09-20,4.7
82,100974271034,2021-09-20,4.71
2863,DE0001102325,2021-09-16,105.596878
20259,GRC815117CD9,2021-09-23,99.5
8809,ES0144580Y14,2021-10-04,8.73
7754,ES0000012A89,2021-09-01,110.140251
11634,FR0000125007,2021-09-15,61.06
1632,BE0974293251,2021-09-22,51.67
5703,DE0008404005,2021-09-20,199.1
8300,ES0000012G00,2021-10-13,91.381851
4673,DE0006047004,2021-09-22,68.7
591,AU3CB0258465,2021-09-09,66.239922
10605,FR0000120271,2021-09-20,37.26
12419,FR0000131906,2021-09-30,28.125
12928,FR0007054358,2021-09-21,41.125
1886,BE0974303357,2021-09-16,2.89
6482,DE000A0H08Q4,2021-09-27,78.66
8024,ES0000012F43,2021-09-17,105.236786
7506,ES00000121G2,2021-09-15,112.917
9064,ES0173516115,2021-09-29,11.022
9313,ES0178430E18,2021-09-16,4.149
16031,GR0124035693,2021-09-30,125.47
21023,GRF000011004,2021-09-09,4.2689
4930,DE0006599905,2021-09-21,194.9
2151,CH0198251305,2021-09-27,29.7
5445,DE0007164600,2021-09-20,121.92
17324,GRC1441197B3,2021-10-05,97.9
10348,FI0009003305,2021-09-21,44.22
12154,FR0000131104,2021-09-21,51.15
13977,FR0013480613,2021-10-14,93.539001
9798,EU000A1U9985,2021-08-04,100.741142
17575,GRC1451184D4,2021-09-24,104.0
14753,GB00BN7CG237,2021-10-18,21.434219
14218,GB00B15KXV33,2021-09-21,5.4988389
11384,FR0000121014,2021-09-27,654.1
13185,FR0010315770,2021-09-20,261.21
6995,DE000BASF111,2021-09-22,63.56
6221,DE000A0H0728,2021-09-22,21.156
16304,GR0124036709,2021-10-21,105.17
3130,DE0001102457,2021-09-29,104.751999
3899,DE0005557508,2021-09-22,17.672
7257,DE000BAY0017,2021-09-28,47.48
3383,DE0002635307,2021-09-22,45.415
21751,GRF000023009,2021-07-07,30.5031
8541,ES0113900J37,2021-09-20,3.062
14995,GR0114031561,2021-09-24,109.41
4166,DE0005933931,2021-10-05,129.07
20770,GRC8171186B7,2021-09-16,99.4
9572,EU000A1G0D39,2021-09-17,101.436996
6736,DE000A0H08R2,2021-09-21,21.065
21271,GRF000014008,2021-08-26,10.8871
11895,FR0000125486,2021-09-20,90.98
4413,DE0005933956,2021-09-20,42.89
13705,FR0013176526,2021-09-24,23.26
10091,FI0009000681,2021-09-22,4.813
19265,GRC4951193D4,2021-09-29,99.1
11121,FR0000120628,2021-09-20,23.26
10864,FR0000120578,2021-09-21,81.55
12676,FR0000133308,2021-09-29,9.33
5189,DE0007100000,2021-09-22,68.22
83,100974271034,2021-09-21,4.67
1373,BE0974271034,2021-09-21,4.2
8301,ES0000012G00,2021-10-14,91.690002
14754,GB00BN7CG237,2021-10-19,20.562565
7755,ES0000012A89,2021-09-02,110.140251
20260,GRC815117CD9,2021-09-24,99.5
592,AU3CB0258465,2021-09-10,66.121399
8810,ES0144580Y14,2021-10-05,8.64
11635,FR0000125007,2021-09-16,60.48
8025,ES0000012F43,2021-09-20,105.228638
1633,BE0974293251,2021-09-23,48.17
7507,ES00000121G2,2021-09-16,112.869003
4674,DE0006047004,2021-09-23,68.7
6483,DE000A0H08Q4,2021-09-28,77.66
16032,GR0124035693,2021-10-01,124.09
12420,FR0000131906,2021-10-01,30.945
9065,ES0173516115,2021-09-30,10.846
10606,FR0000120271,2021-09-21,37.85
12929,FR0007054358,2021-09-22,41.345
1887,BE0974303357,2021-09-17,2.67
21024,GRF000011004,2021-09-10,4.2453
9314,ES0178430E18,2021-09-17,4.141
13978,FR0013480613,2021-10-15,96.806999
5706,DE0008404005,2021-09-23,191.4
4931,DE0006599905,2021-09-22,194.9
17325,GRC1441197B3,2021-10-06,98.2
5446,DE0007164600,2021-09-21,120.84
2152,CH0198251305,2021-09-28,29.06
9799,EU000A1U9985,2021-08-05,100.729401
10349,FI0009003305,2021-09-22,43.87
12155,FR0000131104,2021-09-22,51.36
14755,GB00BN7CG237,2021-10-20,20.253052
17576,GRC1451184D4,2021-09-27,104.1
3131,DE0001102457,2021-09-30,104.871002
14219,GB00B15KXV33,2021-09-22,5.64676
6222,DE000A0H0728,2021-09-23,20.84
3900,DE0005557508,2021-09-23,17.536
11385,FR0000121014,2021-09-28,639.7
21752,GRF000023009,2021-07-08,30.7146
6996,DE000BASF111,2021-09-23,63.62
13186,FR0010315770,2021-09-21,262.0
3384,DE0002635307,2021-09-23,45.58
9573,EU000A1G0D39,2021-09-20,101.422997
20771,GRC8171186B7,2021-09-17,98.0
7258,DE000BAY0017,2021-09-29,47.215
21272,GRF000014008,2021-08-27,10.8484
8542,ES0113900J37,2021-09-21,2.894
19266,GRC4951193D4,2021-09-30,99.5
6737,DE000A0H08R2,2021-09-22,21.455
4414,DE0005933956,2021-09-21,42.905
11896,FR0000125486,2021-09-21,86.8
10092,FI0009000681,2021-09-23,4.77
8302,ES0000012G00,2021-10-15,91.472
12677,FR0000133308,2021-09-30,9.4
10865,FR0000120578,2021-09-22,82.23
11122,FR0000120628,2021-09-21,22.57
593,AU3CB0258465,2021-09-13,66.159454
8026,ES0000012F43,2021-09-21,105.236786
84,100974271034,2021-09-22,4.55
1374,BE0974271034,2021-09-22,4.5
7756,ES0000012A89,2021-09-03,110.250122
5190,DE0007100000,2021-09-23,68.85
20261,GRC815117CD9,2021-09-27,99.5
13706,FR0013176526,2021-09-27,20.87
8811,ES0144580Y14,2021-10-06,8.64
11636,FR0000125007,2021-09-17,61.43
16033,GR0124035693,2021-10-04,124.15
6484,DE000A0H08Q4,2021-09-29,76.46
1634,BE0974293251,2021-09-24,48.17
9066,ES0173516115,2021-10-01,11.298
4675,DE0006047004,2021-09-24,65.94
13979,FR0013480613,2021-10-18,96.154999
12421,FR0000131906,2021-10-04,31.39
10607,FR0000120271,2021-09-22,38.72
12930,FR0007054358,2021-09-23,41.445
1888,BE0974303357,2021-09-20,2.63
17326,GRC1441197B3,2021-10-07,98.5
21025,GRF000011004,2021-09-13,4.2334
9315,ES0178430E18,2021-09-20,4.161
16305,GR0124036709,2021-10-22,104.88
4932,DE0006599905,2021-09-23,200.9
5707,DE0008404005,2021-09-24,191.4
9800,EU000A1U9985,2021-08-06,100.724625
5447,DE0007164600,2021-09-22,121.92
3132,DE0001102457,2021-10-01,104.871002
12156,FR0000131104,2021-09-23,53.16
2153,CH0198251305,2021-09-29,28.11
10350,FI0009003305,2021-09-23,43.82
17577,GRC1451184D4,2021-09-28,104.2
14220,GB00B15KXV33,2021-09-23,5.6317501
6223,DE000A0H0728,2021-09-24,20.176
21753,GRF000023009,2021-07-09,30.5492
3901,DE0005557508,2021-09-24,17.94
11386,FR0000121014,2021-09-29,640.6
9574,EU000A1G0D39,2021-09-21,101.422997
6997,DE000BASF111,2021-09-24,63.92
3385,DE0002635307,2021-09-24,45.625
20772,GRC8171186B7,2021-09-20,98.6
13187,FR0010315770,2021-09-22,262.0
8303,ES0000012G00,2021-10-18,92.083
21273,GRF000014008,2021-08-30,10.8371
19267,GRC4951193D4,2021-10-01,100.0
7259,DE000BAY0017,2021-09-30,47.495
6738,DE000A0H08R2,2021-09-23,21.45
4415,DE0005933956,2021-09-22,41.59
8543,ES0113900J37,2021-09-22,3.114
11897,FR0000125486,2021-09-22,86.8
10093,FI0009000681,2021-09-24,4.801
8027,ES0000012F43,2021-09-22,105.228638
594,AU3CB0258465,2021-09-14,66.239922
12678,FR0000133308,2021-10-01,9.4
7757,ES0000012A89,2021-09-06,110.394325
10866,FR0000120578,2021-09-23,81.55
11123,FR0000120628,2021-09-22,22.695
85,100974271034,2021-09-23,4.71
1375,BE0974271034,2021-09-23,4.5
20262,GRC815117CD9,2021-09-28,99.5
5191,DE0007100000,2021-09-24,68.69
13980,FR0013480613,2021-10-19,96.807999
13707,FR0013176526,2021-09-28,24.08
16034,GR0124035693,2021-10-05,125.6
9067,ES0173516115,2021-10-04,11.318
6485,DE000A0H08Q4,2021-09-30,73.03
11637,FR0000125007,2021-09-20,61.17
1635,BE0974293251,2021-09-27,48.17
17327,GRC1441197B3,2021-10-08,98.8
8812,ES0144580Y14,2021-10-07,8.64
12422,FR0000131906,2021-10-05,30.895
12931,FR0007054358,2021-09-24,41.36
21026,GRF000011004,2021-09-14,4.2453
10608,FR0000120271,2021-09-23,39.34
1889,BE0974303357,2021-09-21,2.66
9316,ES0178430E18,2021-09-21,4.15
9801,EU000A1U9985,2021-08-09,100.733376
3133,DE0001102457,2021-10-04,104.871002
4933,DE0006599905,2021-09-24,197.6
4676,DE0006047004,2021-09-27,63.84
16306,GR0124036709,2021-10-25,104.65
5708,DE0008404005,2021-09-27,192.5
5448,DE0007164600,2021-09-23,123.52
16783,GR0128016731,2021-08-31,110.02
17578,GRC1451184D4,2021-09-29,104.2
12157,FR0000131104,2021-09-24,54.8
10351,FI0009003305,2021-09-24,43.58
2154,CH0198251305,2021-09-30,28.22
8304,ES0000012G00,2021-10-19,91.472
19111,GRC4261213D5,2022-02-22,96.6191
14221,GB00B15KXV33,2021-09-24,5.7047024
21754,GRF000023009,2021-07-12,30.5177
6224,DE000A0H0728,2021-09-27,21.122
9575,EU000A1G0D39,2021-09-22,101.423
19268,GRC4951193D4,2021-10-04,99.4
3902,DE0005557508,2021-09-27,17.884
20773,GRC8171186B7,2021-09-21,98.6
21274,GRF000014008,2021-08-31,10.8476
3386,DE0002635307,2021-09-27,45.64
11387,FR0000121014,2021-09-30,617.9
6998,DE000BASF111,2021-09-27,63.62
13188,FR0010315770,2021-09-23,260.08
8028,ES0000012F43,2021-09-23,104.5
595,AU3CB0258465,2021-09-15,66.099472
14998,GR0114031561,2021-09-29,109.11
4416,DE0005933956,2021-09-23,41.89
6739,DE000A0H08R2,2021-09-24,21.48
10094,FI0009000681,2021-09-27,4.805
11898,FR0000125486,2021-09-23,88.16
8544,ES0113900J37,2021-09-23,2.9935
7260,DE000BAY0017,2021-10-01,47.665
13981,FR0013480613,2021-10-20,96.807999
12679,FR0000133308,2021-10-04,9.4
16035,GR0124035693,2021-10-06,124.09
7758,ES0000012A89,2021-09-07,110.230576
86,100974271034,2021-09-24,4.3
1376,BE0974271034,2021-09-24,4.6
20263,GRC815117CD9,2021-09-29,99.5
11124,FR0000120628,2021-09-23,22.875
5192,DE0007100000,2021-09-27,68.22
9068,ES0173516115,2021-10-05,11.636
13708,FR0013176526,2021-09-29,24.16
6486,DE000A0H08Q4,2021-10-01,72.14
7510,ES00000121G2,2021-09-21,112.791
17328,GRC1441197B3,2021-10-11,97.5
11638,FR0000125007,2021-09-21,61.38
10867,FR0000120578,2021-09-24,82.86
1636,BE0974293251,2021-09-28,48.17
12423,FR0000131906,2021-10-06,31.225
21027,GRF000011004,2021-09-15,4.2334
3134,DE0001102457,2021-10-05,104.871002
12932,FR0007054358,2021-09-27,40.895
10609,FR0000120271,2021-09-24,37.85
9802,EU000A1U9985,2021-08-10,100.733376
1890,BE0974303357,2021-09-22,2.7
9317,ES0178430E18,2021-09-22,4.123
8813,ES0144580Y14,2021-10-08,9.3
4934,DE0006599905,2021-09-27,206.1
8305,ES0000012G00,2021-10-20,92.825935
5709,DE0008404005,2021-09-28,193.6
5449,DE0007164600,2021-09-24,122.84
12158,FR0000131104,2021-09-27,53.9
17579,GRC1451184D4,2021-09-30,104.0
10352,FI0009003305,2021-09-27,43.09
16307,GR0124036709,2021-10-26,104.89
4677,DE0006047004,2021-09-28,63.84
19269,GRC4951193D4,2021-10-05,98.9
21755,GRF000023009,2021-07-13,30.5177
14222,GB00B15KXV33,2021-09-27,5.5220137
2155,CH0198251305,2021-10-01,28.02
8029,ES0000012F43,2021-09-24,104.019997
9576,EU000A1G0D39,2021-09-23,101.42
6225,DE000A0H0728,2021-09-28,21.545
20774,GRC8171186B7,2021-09-22,98.6
596,AU3CB0258465,2021-09-16,65.780617
3903,DE0005557508,2021-09-28,17.566
21275,GRF000014008,2021-09-01,10.857
3387,DE0002635307,2021-09-28,44.91
11388,FR0000121014,2021-10-01,620.1
13982,FR0013480613,2021-10-21,95.730003
6999,DE000BASF111,2021-09-28,65.33
14999,GR0114031561,2021-09-30,109.06
13189,FR0010315770,2021-09-24,262.68
4417,DE0005933956,2021-09-24,42.32
10095,FI0009000681,2021-09-28,4.916
6740,DE000A0H08R2,2021-09-27,21.48
11899,FR0000125486,2021-09-24,89.15
12680,FR0000133308,2021-10-05,9.35
16036,GR0124035693,2021-10-07,124.15
8545,ES0113900J37,2021-09-24,3.043
7261,DE000BAY0017,2021-10-04,47.375
7759,ES0000012A89,2021-09-08,110.171921
9069,ES0173516115,2021-10-06,11.662
17329,GRC1441197B3,2021-10-12,97.8
20264,GRC815117CD9,2021-09-30,99.5
87,100974271034,2021-09-27,4.67
1377,BE0974271034,2021-09-27,4.8
6487,DE000A0H08Q4,2021-10-04,71.59
5193,DE0007100000,2021-09-28,77.58
11125,FR0000120628,2021-09-24,23.38
13709,FR0013176526,2021-09-30,24.16
11639,FR0000125007,2021-09-22,61.26
3135,DE0001102457,2021-10-06,104.903999
2868,DE0001102325,2021-09-23,105.287003
21028,GRF000011004,2021-09-16,4.2241
9803,EU000A1U9985,2021-08-11,100.729477
12424,FR0000131906,2021-10-07,30.015
1637,BE0974293251,2021-09-29,48.17
12933,FR0007054358,2021-09-28,41.195
10610,FR0000120271,2021-09-27,39.69
8306,ES0000012G00,2021-10-21,93.100601
10868,FR0000120578,2021-09-27,82.02
1891,BE0974303357,2021-09-23,2.71
9318,ES0178430E18,2021-09-23,4.052
16308,GR0124036709,2021-10-27,104.96
8814,ES0144580Y14,2021-10-11,10.43
4935,DE0006599905,2021-09-28,206.1
5450,DE0007164600,2021-09-27,121.92
17580,GRC1451184D4,2021-10-01,103.9
5710,DE0008404005,2021-09-29,195.9
12159,FR0000131104,2021-09-28,57.0
8030,ES0000012F43,2021-09-27,103.788002
19270,GRC4951193D4,2021-10-06,98.9
10353,FI0009003305,2021-09-28,44.22
597,AU3CB0258465,2021-09-17,65.780617
21756,GRF000023009,2021-07-14,30.5177
13983,FR0013480613,2021-10-22,95.999001
4678,DE0006047004,2021-09-29,67.52
9577,EU000A1G0D39,2021-09-24,101.381
6226,DE000A0H0728,2021-09-29,21.626
20775,GRC8171186B7,2021-09-23,98.6
21276,GRF000014008,2021-09-02,10.8185
3904,DE0005557508,2021-09-29,17.412
14223,GB00B15KXV33,2021-09-28,5.197418
2156,CH0198251305,2021-10-04,28.22
3388,DE0002635307,2021-09-29,45.735
11389,FR0000121014,2021-10-04,619.1
7000,DE000BASF111,2021-09-29,65.33
15000,GR0114031561,2021-10-01,109.05
13190,FR0010315770,2021-09-27,261.95
16037,GR0124035693,2021-10-08,124.13
4418,DE0005933956,2021-09-27,42.035
10096,FI0009000681,2021-09-29,4.71
12681,FR0000133308,2021-10-06,9.28
11900,FR0000125486,2021-09-27,90.21
17330,GRC1441197B3,2021-10-13,97.2
6741,DE000A0H08R2,2021-09-28,21.26
9070,ES0173516115,2021-10-07,10.842
7760,ES0000012A89,2021-09-09,110.298767
8546,ES0113900J37,2021-09-27,3.126
20265,GRC815117CD9,2021-10-01,99.5
6488,DE000A0H08Q4,2021-10-05,69.65
7262,DE000BAY0017,2021-10-05,46.74
88,100974271034,2021-09-28,4.67
1378,BE0974271034,2021-09-28,4.2
3136,DE0001102457,2021-10-07,104.975998
5194,DE0007100000,2021-09-29,77.42
13710,FR0013176526,2021-10-01,24.25
11126,FR0000120628,2021-09-27,23.38
8307,ES0000012G00,2021-10-22,92.212997
11640,FR0000125007,2021-09-23,61.38
9804,EU000A1U9985,2021-08-12,100.729477
16309,GR0124036709,2021-10-28,104.65
4168,DE0005933931,2021-10-07,135.18
21029,GRF000011004,2021-09-17,4.2041
12425,FR0000131906,2021-10-08,31.225
2869,DE0001102325,2021-09-24,105.224998
1638,BE0974293251,2021-09-30,49.72
12934,FR0007054358,2021-09-29,41.445
1123,AU3SG0002199,2021-10-01,61.874565
10611,FR0000120271,2021-09-28,41.06
10869,FR0000120578,2021-09-28,81.35
1892,BE0974303357,2021-09-24,2.48
8031,ES0000012F43,2021-09-28,103.758003
9319,ES0178430E18,2021-09-24,4.073
13984,FR0013480613,2021-10-25,95.730003
4936,DE0006599905,2021-09-29,186.1
598,AU3CB0258465,2021-09-20,65.903862
19271,GRC4951193D4,2021-10-07,99.5
17581,GRC1451184D4,2021-10-04,103.5
5451,DE0007164600,2021-09-28,121.3
12160,FR0000131104,2021-09-29,56.1
5711,DE0008404005,2021-09-30,194.9
21757,GRF000023009,2021-07-15,30.6651
10354,FI0009003305,2021-09-29,43.09
8815,ES0144580Y14,2021-10-12,8.64
20776,GRC8171186B7,2021-09-24,99.0
21277,GRF000014008,2021-09-03,10.8143
9578,EU000A1G0D39,2021-09-27,101.381
6227,DE000A0H0728,2021-09-30,21.538
3905,DE0005557508,2021-09-30,17.496
15001,GR0114031561,2021-10-04,109.06
3389,DE0002635307,2021-09-30,44.985
4679,DE0006047004,2021-09-30,63.84
16038,GR0124035693,2021-10-11,124.86
14224,GB00B15KXV33,2021-09-29,5.8409752
11390,FR0000121014,2021-10-05,621.1
7001,DE000BASF111,2021-09-30,65.54
13191,FR0010315770,2021-09-28,256.93
17331,GRC1441197B3,2021-10-14,97.2
4419,DE0005933956,2021-09-28,43.11
2157,CH0198251305,2021-10-05,28.02
10097,FI0009000681,2021-09-30,4.734
9071,ES0173516115,2021-10-08,11.5
12682,FR0000133308,2021-10-07,9.36
11901,FR0000125486,2021-09-28,89.26
7761,ES0000012A89,2021-09-10,110.394325
3137,DE0001102457,2021-10-08,104.698997
6489,DE000A0H08Q4,2021-10-06,71.07
20266,GRC815117CD9,2021-10-04,99.5
6742,DE000A0H08R2,2021-09-29,21.26
8308,ES0000012G00,2021-10-25,92.212997
8547,ES0113900J37,2021-09-28,3.1555
89,100974271034,2021-09-29,4.67
1379,BE0974271034,2021-09-29,4.4
5195,DE0007100000,2021-09-30,77.03
13711,FR0013176526,2021-10-04,23.85
7263,DE000BAY0017,2021-10-06,46.285
11127,FR0000120628,2021-09-28,23.505
9805,EU000A1U9985,2021-08-13,100.729477
21030,GRF000011004,2021-09-20,4.2126
8032,ES0000012F43,2021-09-29,103.490997
12426,FR0000131906,2021-10-11,30.015
13985,FR0013480613,2021-10-26,96.202675
12935,FR0007054358,2021-09-30,41.0
1639,BE0974293251,2021-10-01,49.72
10870,FR0000120578,2021-09-29,81.71
10612,FR0000120271,2021-09-29,41.6
2870,DE0001102325,2021-09-27,105.218002
1893,BE0974303357,2021-09-27,2.46
599,AU3CB0258465,2021-09-21,65.903862
9320,ES0178430E18,2021-09-27,4.1715
19272,GRC4951193D4,2021-10-08,99.9
17582,GRC1451184D4,2021-10-05,104.2
4937,DE0006599905,2021-09-30,188.4
12161,FR0000131104,2021-09-30,55.3
5452,DE0007164600,2021-09-29,121.92
21758,GRF000023009,2021-07-16,30.7078
5712,DE0008404005,2021-10-01,194.4
10355,FI0009003305,2021-09-30,44.22
20777,GRC8171186B7,2021-09-27,98.6
21278,GRF000014008,2021-09-06,10.857
6228,DE000A0H0728,2021-10-01,21.89
3906,DE0005557508,2021-10-01,17.572
16039,GR0124035693,2021-10-12,123.65
9579,EU000A1G0D39,2021-09-28,101.375
3390,DE0002635307,2021-10-01,45.005
8816,ES0144580Y14,2021-10-13,8.64
17332,GRC1441197B3,2021-10-15,97.2
4680,DE0006047004,2021-10-01,64.68
11391,FR0000121014,2021-10-06,621.1
7002,DE000BASF111,2021-10-01,63.56
9072,ES0173516115,2021-10-11,11.5
13192,FR0010315770,2021-09-29,258.97
14225,GB00B15KXV33,2021-09-30,5.8655315
4420,DE0005933956,2021-09-29,42.455
3138,DE0001102457,2021-10-11,104.524864
8309,ES0000012G00,2021-10-26,92.418793
12683,FR0000133308,2021-10-08,9.4
10098,FI0009000681,2021-10-01,4.71
7762,ES0000012A89,2021-09-13,110.394325
2158,CH0198251305,2021-10-06,28.1
6490,DE000A0H08Q4,2021-10-07,76.46
11902,FR0000125486,2021-09-29,89.21
20267,GRC815117CD9,2021-10-05,99.5
6743,DE000A0H08R2,2021-09-30,21.22
90,100974271034,2021-09-30,4.45
9806,EU000A1U9985,2021-08-16,100.720711
13712,FR0013176526,2021-10-05,23.85
1380,BE0974271034,2021-09-30,4.7
8548,ES0113900J37,2021-09-29,3.1555
5196,DE0007100000,2021-10-01,77.03
13986,FR0013480613,2021-10-27,96.23175
8033,ES0000012F43,2021-09-30,103.57
11128,FR0000120628,2021-09-29,23.88
7264,DE000BAY0017,2021-10-07,46.285
21031,GRF000011004,2021-09-21,4.2396
12427,FR0000131906,2021-10-12,32.51
600,AU3CB0258465,2021-09-22,65.264626
12936,FR0007054358,2021-10-01,39.915
19273,GRC4951193D4,2021-10-11,99.9
1640,BE0974293251,2021-10-04,48.69
10871,FR0000120578,2021-09-30,83.71
10613,FR0000120271,2021-09-30,41.03
1894,BE0974303357,2021-09-28,2.5
9321,ES0178430E18,2021-09-28,4.0725
17583,GRC1451184D4,2021-10-06,104.2
2871,DE0001102325,2021-09-28,105.198997
4938,DE0006599905,2021-10-01,191.6
12162,FR0000131104,2021-10-01,55.4
21759,GRF000023009,2021-07-19,29.8214
5453,DE0007164600,2021-09-30,117.64
20778,GRC8171186B7,2021-09-28,99.7
21279,GRF000014008,2021-09-07,10.8476
5713,DE0008404005,2021-10-04,195.2
10356,FI0009003305,2021-10-01,43.87
16040,GR0124035693,2021-10-13,124.13
6229,DE000A0H0728,2021-10-04,21.89
17333,GRC1441197B3,2021-10-18,97.1
3907,DE0005557508,2021-10-04,17.572
8310,ES0000012G00,2021-10-27,92.212997
3391,DE0002635307,2021-10-04,45.005
8817,ES0144580Y14,2021-10-14,9.36
3139,DE0001102457,2021-10-12,104.321732
4681,DE0006047004,2021-10-04,64.8
9073,ES0173516115,2021-10-12,11.458
11392,FR0000121014,2021-10-07,628.9
7003,DE000BASF111,2021-10-04,65.04
4421,DE0005933956,2021-09-30,41.105
13193,FR0010315770,2021-09-30,259.4
12684,FR0000133308,2021-10-11,9.45
7763,ES0000012A89,2021-09-14,110.394325
6491,DE000A0H08Q4,2021-10-08,71.97
10099,FI0009000681,2021-10-04,4.846
14226,GB00B15KXV33,2021-10-01,4.9328795
13987,FR0013480613,2021-10-28,96.23175
11903,FR0000125486,2021-09-30,89.69
20268,GRC815117CD9,2021-10-06,99.5
2159,CH0198251305,2021-10-07,28.02
9807,EU000A1U9985,2021-08-17,100.728119
8034,ES0000012F43,2021-10-01,103.57
91,100974271034,2021-10-01,4.4
6744,DE000A0H08R2,2021-10-01,21.18
13713,FR0013176526,2021-10-06,23.92
5197,DE0007100000,2021-10-04,76.08
21032,GRF000011004,2021-09-22,4.2126
8549,ES0113900J37,2021-09-30,3.138
601,AU3CB0258465,2021-09-23,65.561516
1381,BE0974271034,2021-10-01,4.6
11129,FR0000120628,2021-09-30,23.595
7265,DE000BAY0017,2021-10-08,47.225
19274,GRC4951193D4,2021-10-12,98.8
12428,FR0000131906,2021-10-13,31.445
7515,ES00000121G2,2021-09-28,112.588997
12937,FR0007054358,2021-10-04,40.185
4169,DE0005933931,2021-10-08,128.74
1641,BE0974293251,2021-10-05,48.58
10614,FR0000120271,2021-10-01,41.03
2872,DE0001102325,2021-09-29,105.191002
1895,BE0974303357,2021-09-29,2.41
17584,GRC1451184D4,2021-10-07,103.7
9322,ES0178430E18,2021-09-29,4.175
10872,FR0000120578,2021-10-01,82.02
21760,GRF000023009,2021-07-20,30.7791
4939,DE0006599905,2021-10-04,187.7
12163,FR0000131104,2021-10-04,54.9
16041,GR0124035693,2021-10-14,124.15
20779,GRC8171186B7,2021-09-29,99.5
21280,GRF000014008,2021-09-08,10.8484
17334,GRC1441197B3,2021-10-19,97.1
8311,ES0000012G00,2021-10-28,94.57486
10357,FI0009003305,2021-10-04,43.87
6230,DE000A0H0728,2021-10-05,21.122
5714,DE0008404005,2021-10-05,195.9
3140,DE0001102457,2021-10-13,104.046997
3908,DE0005557508,2021-10-05,17.572
9074,ES0173516115,2021-10-13,11.458
3392,DE0002635307,2021-10-05,45.085
5456,DE0007164600,2021-10-05,114.7
8818,ES0144580Y14,2021-10-15,9.48
4682,DE0006047004,2021-10-05,64.8
11393,FR0000121014,2021-10-08,637.5
13988,FR0013480613,2021-10-29,98.080063
7004,DE000BASF111,2021-10-05,64.55
4422,DE0005933956,2021-10-01,41.055
6492,DE000A0H08Q4,2021-10-11,76.46
12685,FR0000133308,2021-10-12,9.41
7764,ES0000012A89,2021-09-15,110.058998
8035,ES0000012F43,2021-10-04,103.57
13194,FR0010315770,2021-10-01,260.81
10100,FI0009000681,2021-10-05,4.768
9808,EU000A1U9985,2021-08-18,100.713989
14227,GB00B15KXV33,2021-10-04,6.0175509
11904,FR0000125486,2021-10-01,89.55
20269,GRC815117CD9,2021-10-07,99.5
602,AU3CB0258465,2021-09-24,65.694672
2160,CH0198251305,2021-10-08,28.46
92,100974271034,2021-10-04,4.36
13714,FR0013176526,2021-10-07,23.92
6745,DE000A0H08R2,2021-10-04,21.22
16312,GR0124036709,2021-11-02,102.31
5198,DE0007100000,2021-10-05,77.17
21033,GRF000011004,2021-09-23,4.1977
7516,ES00000121G2,2021-09-29,112.529999
19275,GRC4951193D4,2021-10-13,100.0
11130,FR0000120628,2021-10-01,23.94
8550,ES0113900J37,2021-10-01,3.138
12429,FR0000131906,2021-10-14,30.945
7266,DE000BAY0017,2021-10-11,46.115
12938,FR0007054358,2021-10-05,39.935
17585,GRC1451184D4,2021-10-08,103.4
1642,BE0974293251,2021-10-06,48.36
10615,FR0000120271,2021-10-04,39.81
1896,BE0974303357,2021-09-30,2.42
9323,ES0178430E18,2021-09-30,4.0985
8312,ES0000012G00,2021-10-29,93.889442
16042,GR0124035693,2021-10-15,124.86
21761,GRF000023009,2021-07-21,30.7905
17335,GRC1441197B3,2021-10-20,97.1
20780,GRC8171186B7,2021-09-30,98.4
12164,FR0000131104,2021-10-05,56.2
4940,DE0006599905,2021-10-05,197.1
21281,GRF000014008,2021-09-09,10.857
1385,BE0974271034,2021-10-07,4.5
10873,FR0000120578,2021-10-04,88.86
3141,DE0001102457,2021-10-14,104.046997
10358,FI0009003305,2021-10-05,43.95
6231,DE000A0H0728,2021-10-06,20.91
13989,FR0013480613,2021-11-01,98.080063
9075,ES0173516115,2021-10-14,11.274
5715,DE0008404005,2021-10-06,197.0
3909,DE0005557508,2021-10-06,17.736
3393,DE0002635307,2021-10-06,44.705
8819,ES0144580Y14,2021-10-18,9.36
8036,ES0000012F43,2021-10-05,103.43
4683,DE0006047004,2021-10-06,63.64
11394,FR0000121014,2021-10-11,617.9
6493,DE000A0H08Q4,2021-10-12,75.95
5458,DE0007164600,2021-10-07,115.3
7765,ES0000012A89,2021-09-16,109.991997
12686,FR0000133308,2021-10-13,9.44
4423,DE0005933956,2021-10-04,40.985
7005,DE000BASF111,2021-10-06,64.55
9809,EU000A1U9985,2021-08-19,100.713783
13195,FR0010315770,2021-10-04,260.81
10101,FI0009000681,2021-10-06,4.924
603,AU3CB0258465,2021-09-27,65.425964
7517,ES00000121G2,2021-09-30,112.529999
20270,GRC815117CD9,2021-10-08,97.0
11905,FR0000125486,2021-10-04,90.46
14228,GB00B15KXV33,2021-10-05,5.8235266
93,100974271034,2021-10-05,4.36
13715,FR0013176526,2021-10-08,25.46
21034,GRF000011004,2021-09-24,4.2039
19276,GRC4951193D4,2021-10-14,99.4
5199,DE0007100000,2021-10-06,77.42
2161,CH0198251305,2021-10-11,28.46
6746,DE000A0H08R2,2021-10-05,21.34
11131,FR0000120628,2021-10-04,23.94
8551,ES0113900J37,2021-10-04,3.0875
12430,FR0000131906,2021-10-15,31.225
8313,ES0000012G00,2021-11-01,92.832199
12939,FR0007054358,2021-10-06,40.235
17586,GRC1451184D4,2021-10-11,104.3
7267,DE000BAY0017,2021-10-12,45.53
16043,GR0124035693,2021-10-18,124.86
17336,GRC1441197B3,2021-10-21,97.0
1643,BE0974293251,2021-10-07,47.52
1897,BE0974303357,2021-10-01,2.38
9324,ES0178430E18,2021-10-01,4.072
21762,GRF000023009,2021-07-22,30.1594
3142,DE0001102457,2021-10-15,104.046997
10616,FR0000120271,2021-10-05,37.0
20781,GRC8171186B7,2021-10-01,98.4
21282,GRF000014008,2021-09-10,10.857
13990,FR0013480613,2021-11-02,97.191414
12165,FR0000131104,2021-10-06,54.9
4941,DE0006599905,2021-10-06,183.1
10874,FR0000120578,2021-10-05,82.61
9076,ES0173516115,2021-10-15,11.526
6232,DE000A0H0728,2021-10-07,20.91
10359,FI0009003305,2021-10-06,43.95
8037,ES0000012F43,2021-10-06,103.478996
3910,DE0005557508,2021-10-07,17.392
5716,DE0008404005,2021-10-07,197.0
1387,BE0974271034,2021-10-11,4.6
8820,ES0144580Y14,2021-10-19,9.39
3394,DE0002635307,2021-10-07,45.245
6494,DE000A0H08Q4,2021-10-13,73.58
4684,DE0006047004,2021-10-07,66.12
11395,FR0000121014,2021-10-12,625.5
9810,EU000A1U9985,2021-08-20,100.709969
7766,ES0000012A89,2021-09-17,109.991997
12687,FR0000133308,2021-10-14,9.4
604,AU3CB0258465,2021-09-28,65.614761
5459,DE0007164600,2021-10-08,115.3
4424,DE0005933956,2021-10-05,41.42
15006,GR0114031561,2021-10-11,109.1
7006,DE000BASF111,2021-10-07,61.71
10102,FI0009000681,2021-10-07,4.945
13196,FR0010315770,2021-10-05,260.39
20271,GRC815117CD9,2021-10-11,100.0
11906,FR0000125486,2021-10-05,90.46
19277,GRC4951193D4,2021-10-15,99.5
21035,GRF000011004,2021-09-27,4.2304
13716,FR0013176526,2021-10-11,25.46
94,100974271034,2021-10-06,4.36
14229,GB00B15KXV33,2021-10-06,5.5843095
8314,ES0000012G00,2021-11-02,95.28463
5200,DE0007100000,2021-10-07,76.08
6747,DE000A0H08R2,2021-10-06,21.455
19112,GRC4261213D5,2022-02-23,97.2462
11132,FR0000120628,2021-10-05,23.82
12431,FR0000131906,2021-10-18,32.175
17337,GRC1441197B3,2021-10-22,97.8
16044,GR0124035693,2021-10-19,123.39
8552,ES0113900J37,2021-10-05,3.138
17587,GRC1451184D4,2021-10-12,103.1
12940,FR0007054358,2021-10-07,40.185
13991,FR0013480613,2021-11-03,98.184746
3143,DE0001102457,2021-10-18,104.046997
7268,DE000BAY0017,2021-10-13,47.915
21763,GRF000023009,2021-07-23,30.8209
1898,BE0974303357,2021-10-04,2.68
1644,BE0974293251,2021-10-08,47.52
9325,ES0178430E18,2021-10-04,3.9975
20782,GRC8171186B7,2021-10-04,98.1
2162,CH0198251305,2021-10-12,28.02
21283,GRF000014008,2021-09-13,10.857
8038,ES0000012F43,2021-10-07,103.353996
12166,FR0000131104,2021-10-07,55.4
10617,FR0000120271,2021-10-06,42.54
9077,ES0173516115,2021-10-18,11.526
4942,DE0006599905,2021-10-07,183.1
10875,FR0000120578,2021-10-06,83.46
16314,GR0124036709,2021-11-04,102.34
6233,DE000A0H0728,2021-10-08,20.894
10360,FI0009003305,2021-10-07,43.74
3911,DE0005557508,2021-10-08,17.172
5717,DE0008404005,2021-10-08,196.3
1388,BE0974271034,2021-10-12,4.6
8821,ES0144580Y14,2021-10-20,9.39
605,AU3CB0258465,2021-09-29,65.614761
3395,DE0002635307,2021-10-08,44.91
9811,EU000A1U9985,2021-08-23,100.707718
4685,DE0006047004,2021-10-08,63.64
15007,GR0114031561,2021-10-12,108.92
7767,ES0000012A89,2021-09-20,109.991997
11396,FR0000121014,2021-10-13,648.4
6496,DE000A0H08Q4,2021-10-15,74.22
12688,FR0000133308,2021-10-15,9.48
4425,DE0005933956,2021-10-06,41.28
5460,DE0007164600,2021-10-11,117.2
7007,DE000BASF111,2021-10-08,63.35
10103,FI0009000681,2021-10-08,5.175
13197,FR0010315770,2021-10-06,260.39
19278,GRC4951193D4,2021-10-18,100.0
8315,ES0000012G00,2021-11-03,93.889442
20272,GRC815117CD9,2021-10-12,97.0
11907,FR0000125486,2021-10-06,89.55
21036,GRF000011004,2021-09-28,4.1961
13717,FR0013176526,2021-10-12,25.46
5201,DE0007100000,2021-10-08,74.86
95,100974271034,2021-10-07,4.4
13992,FR0013480613,2021-11-04,98.184746
17338,GRC1441197B3,2021-10-25,97.8
14230,GB00B15KXV33,2021-10-07,5.7832999
16045,GR0124035693,2021-10-20,122.8
3144,DE0001102457,2021-10-19,104.046997
6748,DE000A0H08R2,2021-10-07,21.255
11133,FR0000120628,2021-10-06,23.595
12432,FR0000131906,2021-10-19,32.595
17588,GRC1451184D4,2021-10-13,104.2
12941,FR0007054358,2021-10-08,40.365
8553,ES0113900J37,2021-10-06,3.2925
4170,DE0005933931,2021-10-11,129.37
8039,ES0000012F43,2021-10-08,103.478996
21764,GRF000023009,2021-07-26,30.0786
20783,GRC8171186B7,2021-10-05,99.8
21284,GRF000014008,2021-09-14,10.8011
1899,BE0974303357,2021-10-05,2.54
9326,ES0178430E18,2021-10-05,4.0985
1645,BE0974293251,2021-10-11,47.51
16315,GR0124036709,2021-11-05,102.34
7269,DE000BAY0017,2021-10-14,46.115
9078,ES0173516115,2021-10-19,11.516
12167,FR0000131104,2021-10-08,54.7
4943,DE0006599905,2021-10-08,187.9
10876,FR0000120578,2021-10-07,82.95
6234,DE000A0H0728,2021-10-11,22.34
606,AU3CB0258465,2021-09-30,65.844933
10361,FI0009003305,2021-10-08,43.74
10618,FR0000120271,2021-10-07,40.44
9812,EU000A1U9985,2021-08-24,100.707718
8822,ES0144580Y14,2021-10-21,9.39
3396,DE0002635307,2021-10-11,45.275
5718,DE0008404005,2021-10-11,198.7
6497,DE000A0H08Q4,2021-10-18,74.86
3913,DE0005557508,2021-10-12,16.746
1389,BE0974271034,2021-10-13,4.5
7768,ES0000012A89,2021-09-21,110.013
4686,DE0006047004,2021-10-11,63.64
11397,FR0000121014,2021-10-14,637.5
15008,GR0114031561,2021-10-13,108.92
12689,FR0000133308,2021-10-18,9.51
8316,ES0000012G00,2021-11-04,93.787437
4426,DE0005933956,2021-10-07,41.28
5461,DE0007164600,2021-10-12,116.8
19279,GRC4951193D4,2021-10-19,99.5
10104,FI0009000681,2021-10-11,5.171
7008,DE000BASF111,2021-10-11,63.58
13198,FR0010315770,2021-10-07,260.39
20273,GRC815117CD9,2021-10-13,100.0
13993,FR0013480613,2021-11-05,98.549675
21037,GRF000011004,2021-09-29,4.1996
11908,FR0000125486,2021-10-07,90.91
13718,FR0013176526,2021-10-13,25.85
17339,GRC1441197B3,2021-10-26,98.0
16046,GR0124035693,2021-10-21,122.6
3145,DE0001102457,2021-10-20,104.046997
5202,DE0007100000,2021-10-11,76.08
96,100974271034,2021-10-08,4.4
17589,GRC1451184D4,2021-10-14,103.3
8040,ES0000012F43,2021-10-11,103.431999
12433,FR0000131906,2021-10-20,34.125
14231,GB00B15KXV33,2021-10-08,5.658536
11134,FR0000120628,2021-10-07,23.82
6749,DE000A0H08R2,2021-10-08,21.12
12942,FR0007054358,2021-10-11,40.35
21765,GRF000023009,2021-07-27,30.8532
8554,ES0113900J37,2021-10-07,3.3695
21285,GRF000014008,2021-09-15,10.8116
9079,ES0173516115,2021-10-20,11.522
1900,BE0974303357,2021-10-06,2.56
9327,ES0178430E18,2021-10-06,4.175
20785,GRC8171186B7,2021-10-07,99.2
16316,GR0124036709,2021-11-08,102.34
1646,BE0974293251,2021-10-12,47.51
607,AU3CB0258465,2021-10-01,65.482651
7270,DE000BAY0017,2021-10-15,47.915
10877,FR0000120578,2021-10-08,83.98
6235,DE000A0H0728,2021-10-12,22.634
4944,DE0006599905,2021-10-11,187.9
9813,EU000A1U9985,2021-08-25,100.707718
10362,FI0009003305,2021-10-11,43.74
12168,FR0000131104,2021-10-11,53.6
8317,ES0000012G00,2021-11-05,95.888062
2164,CH0198251305,2021-10-14,28.02
2877,DE0001102325,2021-10-06,105.169998
8823,ES0144580Y14,2021-10-22,9.39
3397,DE0002635307,2021-10-12,45.275
7769,ES0000012A89,2021-09-22,109.950996
3914,DE0005557508,2021-10-13,16.408
5719,DE0008404005,2021-10-12,198.5
15009,GR0114031561,2021-10-14,108.92
6499,DE000A0H08Q4,2021-10-20,75.25
12690,FR0000133308,2021-10-19,9.49
4687,DE0006047004,2021-10-12,63.64
7521,ES00000121G2,2021-10-06,112.529999
11398,FR0000121014,2021-10-15,657.0
19280,GRC4951193D4,2021-10-20,100.0
1390,BE0974271034,2021-10-14,4.38
13994,FR0013480613,2021-11-08,98.549675
4427,DE0005933956,2021-10-08,40.785
5462,DE0007164600,2021-10-13,116.44
10105,FI0009000681,2021-10-12,5.207
7009,DE000BASF111,2021-10-12,64.05
13199,FR0010315770,2021-10-08,262.67
17340,GRC1441197B3,2021-10-27,97.5
21038,GRF000011004,2021-09-30,4.1986
20274,GRC815117CD9,2021-10-14,100.0
10622,FR0000120271,2021-10-13,42.9
3146,DE0001102457,2021-10-21,104.020027
16047,GR0124035693,2021-10-22,122.66
13719,FR0013176526,2021-10-14,25.56
11909,FR0000125486,2021-10-08,90.91
8041,ES0000012F43,2021-10-12,103.062119
5203,DE0007100000,2021-10-12,82.38
97,100974271034,2021-10-11,4.5
1124,AU3SG0002199,2021-10-04,62.222431
17590,GRC1451184D4,2021-10-15,104.1
12434,FR0000131906,2021-10-21,28.125
16317,GR0124036709,2021-11-09,104.07
11135,FR0000120628,2021-10-08,24.21
14232,GB00B15KXV33,2021-10-11,6.2817221
12943,FR0007054358,2021-10-12,40.365
9080,ES0173516115,2021-10-21,11.69
21766,GRF000023009,2021-07-28,30.8532
21286,GRF000014008,2021-09-16,10.8088
6750,DE000A0H08R2,2021-10-11,21.12
608,AU3CB0258465,2021-10-04,66.071281
8555,ES0113900J37,2021-10-08,3.3585
1901,BE0974303357,2021-10-07,2.49
9328,ES0178430E18,2021-10-07,4.061
1647,BE0974293251,2021-10-13,47.35
20787,GRC8171186B7,2021-10-11,98.8
8318,ES0000012G00,2021-11-08,91.976997
6236,DE000A0H0728,2021-10-13,21.545
10878,FR0000120578,2021-10-11,83.98
9814,EU000A1U9985,2021-08-26,100.702927
7271,DE000BAY0017,2021-10-18,47.915
4945,DE0006599905,2021-10-12,183.1
9586,EU000A1G0D39,2021-10-07,101.491
2878,DE0001102325,2021-10-07,105.164001
10363,FI0009003305,2021-10-12,45.18
13995,FR0013480613,2021-11-09,99.410378
7522,ES00000121G2,2021-10-07,112.429001
15010,GR0114031561,2021-10-15,108.92
12169,FR0000131104,2021-10-12,53.8
7770,ES0000012A89,2021-09-23,110.096001
2165,CH0198251305,2021-10-15,28.34
8824,ES0144580Y14,2021-10-25,9.75
3398,DE0002635307,2021-10-13,45.155
3915,DE0005557508,2021-10-14,17.172
19281,GRC4951193D4,2021-10-21,100.1
6500,DE000A0H08Q4,2021-10-21,74.62
12691,FR0000133308,2021-10-20,9.44
5720,DE0008404005,2021-10-13,198.06
4688,DE0006047004,2021-10-13,62.96
11399,FR0000121014,2021-10-18,646.8
4428,DE0005933956,2021-10-11,41.33
1391,BE0974271034,2021-10-15,4.54
5463,DE0007164600,2021-10-14,121.84
17341,GRC1441197B3,2021-10-28,98.0
4171,DE0005933931,2021-10-12,128.86
3147,DE0001102457,2021-10-22,104.176003
10106,FI0009000681,2021-10-13,5.171
7010,DE000BASF111,2021-10-13,64.41
16048,GR0124035693,2021-10-25,122.39
21039,GRF000011004,2021-10-01,4.2011
8042,ES0000012F43,2021-10-13,103.062119
13200,FR0010315770,2021-10-11,261.35
20275,GRC815117CD9,2021-10-15,100.0
13720,FR0013176526,2021-10-15,25.85
10623,FR0000120271,2021-10-14,44.22
16318,GR0124036709,2021-11-10,104.17
5204,DE0007100000,2021-10-13,80.52
98,100974271034,2021-10-12,4.5
17591,GRC1451184D4,2021-10-18,103.6
12435,FR0000131906,2021-10-22,31.355
9081,ES0173516115,2021-10-22,11.452
609,AU3CB0258465,2021-10-05,66.340889
21287,GRF000014008,2021-09-17,10.7795
12944,FR0007054358,2021-10-13,39.785
11136,FR0000120628,2021-10-11,24.19
21767,GRF000023009,2021-07-29,30.7247
14233,GB00B15KXV33,2021-10-12,6.2817221
8319,ES0000012G00,2021-11-09,94.610725
9329,ES0178430E18,2021-10-08,3.9945
1902,BE0974303357,2021-10-08,2.51
8556,ES0113900J37,2021-10-11,3.126
9815,EU000A1U9985,2021-08-27,100.699127
1648,BE0974293251,2021-10-14,48.69
6751,DE000A0H08R2,2021-10-12,21.255
2879,DE0001102325,2021-10-08,105.160004
13996,FR0013480613,2021-11-10,100.439148
6237,DE000A0H0728,2021-10-14,22.394
10879,FR0000120578,2021-10-12,84.7
20789,GRC8171186B7,2021-10-13,98.8
4946,DE0006599905,2021-10-13,183.1
7523,ES00000121G2,2021-10-08,112.384003
7272,DE000BAY0017,2021-10-19,47.925
10364,FI0009003305,2021-10-13,45.6
19282,GRC4951193D4,2021-10-22,99.5
7771,ES0000012A89,2021-09-24,110.096001
6501,DE000A0H08Q4,2021-10-22,75.32
2166,CH0198251305,2021-10-18,30.0
8825,ES0144580Y14,2021-10-26,9.44
3399,DE0002635307,2021-10-14,45.58
3916,DE0005557508,2021-10-15,17.266
12692,FR0000133308,2021-10-21,9.58
12170,FR0000131104,2021-10-13,57.2
17342,GRC1441197B3,2021-10-29,97.8
3148,DE0001102457,2021-10-25,104.176003
5721,DE0008404005,2021-10-14,195.66
11400,FR0000121014,2021-10-19,650.0
8043,ES0000012F43,2021-10-14,103.062119
16049,GR0124035693,2021-10-26,122.61
4689,DE0006047004,2021-10-14,62.74
5464,DE0007164600,2021-10-15,124.96
4429,DE0005933956,2021-10-12,39.815
16319,GR0124036709,2021-11-11,103.83
10107,FI0009000681,2021-10-14,5.207
21040,GRF000011004,2021-10-04,4.1986
1392,BE0974271034,2021-10-18,4.64
7011,DE000BASF111,2021-10-14,65.1
19115,GRC4261213D5,2022-02-28,97.0
13201,FR0010315770,2021-10-12,262.0
20276,GRC815117CD9,2021-10-18,100.0
13721,FR0013176526,2021-10-18,25.69
10624,FR0000120271,2021-10-15,43.7
99,100974271034,2021-10-13,4.56
17592,GRC1451184D4,2021-10-19,103.6
610,AU3CB0258465,2021-10-06,66.373344
4172,DE0005933931,2021-10-13,128.86
9082,ES0173516115,2021-10-25,11.452
8320,ES0000012G00,2021-11-10,96.226059
5206,DE0007100000,2021-10-15,83.12
12436,FR0000131906,2021-10-25,31.355
21288,GRF000014008,2021-09-20,10.8135
11911,FR0000125486,2021-10-12,90.91
12945,FR0007054358,2021-10-14,40.25
21768,GRF000023009,2021-07-30,30.928
11137,FR0000120628,2021-10-12,24.04
13997,FR0013480613,2021-11-11,99.85717
14234,GB00B15KXV33,2021-10-13,6.2817221
9816,EU000A1U9985,2021-08-30,100.696205
9330,ES0178430E18,2021-10-11,4.0255
1903,BE0974303357,2021-10-11,2.49
7524,ES00000121G2,2021-10-11,112.368057
1649,BE0974293251,2021-10-15,49.145
6238,DE000A0H0728,2021-10-15,22.658
20790,GRC8171186B7,2021-10-14,100.0
10880,FR0000120578,2021-10-13,83.51
4947,DE0006599905,2021-10-14,192.2
19283,GRC4951193D4,2021-10-25,99.0
2880,DE0001102325,2021-10-11,105.14019
10365,FI0009003305,2021-10-14,45.6
6502,DE000A0H08Q4,2021-10-25,75.68
7772,ES0000012A89,2021-09-27,110.151001
6752,DE000A0H08R2,2021-10-13,21.321
7273,DE000BAY0017,2021-10-20,46.73
3149,DE0001102457,2021-10-26,104.08149
17343,GRC1441197B3,2021-11-01,97.5
8044,ES0000012F43,2021-10-15,103.062119
8826,ES0144580Y14,2021-10-27,9.89
2167,CH0198251305,2021-10-19,29.75
3400,DE0002635307,2021-10-15,46.235
3917,DE0005557508,2021-10-18,17.356
12693,FR0000133308,2021-10-22,9.61
12171,FR0000131104,2021-10-14,56.4
16050,GR0124035693,2021-10-27,122.61
11401,FR0000121014,2021-10-20,646.0
5722,DE0008404005,2021-10-15,195.66
8560,ES0113900J37,2021-10-15,2.9933
4690,DE0006047004,2021-10-15,62.8
16320,GR0124036709,2021-11-12,102.31
21041,GRF000011004,2021-10-05,4.185
4430,DE0005933956,2021-10-13,40.92
5465,DE0007164600,2021-10-18,125.5
10108,FI0009000681,2021-10-15,5.207
1393,BE0974271034,2021-10-19,4.49
7012,DE000BASF111,2021-10-15,65.91
13202,FR0010315770,2021-10-13,260.28
20277,GRC815117CD9,2021-10-19,100.0
13722,FR0013176526,2021-10-19,24.75
611,AU3CB0258465,2021-10-07,66.239922
8321,ES0000012G00,2021-11-11,95.517097
17593,GRC1451184D4,2021-10-20,103.3
19117,GRC4261213D5,2022-03-02,95.6762
10625,FR0000120271,2021-10-18,43.7
9083,ES0173516115,2021-10-26,11.678
100,100974271034,2021-10-14,4.49
13998,FR0013480613,2021-11-12,99.29921
12437,FR0000131906,2021-10-26,30.955
5207,DE0007100000,2021-10-18,83.12
4173,DE0005933931,2021-10-14,127.68
21289,GRF000014008,2021-09-21,10.8135
21769,GRF000023009,2021-08-02,30.9515
12946,FR0007054358,2021-10-15,40.285
11912,FR0000125486,2021-10-13,90.45
11138,FR0000120628,2021-10-13,24.065
9817,EU000A1U9985,2021-08-31,100.696205
9331,ES0178430E18,2021-10-12,4.0255
1904,BE0974303357,2021-10-12,2.62
14235,GB00B15KXV33,2021-10-14,6.3037237
20791,GRC8171186B7,2021-10-15,100.0
6239,DE000A0H0728,2021-10-18,22.658
2881,DE0001102325,2021-10-12,105.108139
19284,GRC4951193D4,2021-10-26,99.2
1650,BE0974293251,2021-10-18,47.91
10881,FR0000120578,2021-10-14,83.98
8045,ES0000012F43,2021-10-18,103.062119
4948,DE0006599905,2021-10-15,192.2
3150,DE0001102457,2021-10-27,104.08149
17344,GRC1441197B3,2021-11-02,97.7
6503,DE000A0H08Q4,2021-10-26,75.54
7773,ES0000012A89,2021-09-28,110.151001
10366,FI0009003305,2021-10-15,43.74
6753,DE000A0H08R2,2021-10-14,21.095
16321,GR0124036709,2021-11-15,102.74
16051,GR0124035693,2021-10-28,122.61
8827,ES0144580Y14,2021-10-28,9.65
3918,DE0005557508,2021-10-19,16.554
3401,DE0002635307,2021-10-18,45.64
2168,CH0198251305,2021-10-20,29.37
12694,FR0000133308,2021-10-25,9.67
7274,DE000BAY0017,2021-10-21,48.115
12172,FR0000131104,2021-10-15,56.6
11402,FR0000121014,2021-10-21,656.1
5723,DE0008404005,2021-10-18,197.02
4691,DE0006047004,2021-10-18,62.74
21042,GRF000011004,2021-10-06,4.1774
8561,ES0113900J37,2021-10-18,3.281
4431,DE0005933956,2021-10-14,41.34
5466,DE0007164600,2021-10-19,125.06
10109,FI0009000681,2021-10-18,5.28
8322,ES0000012G00,2021-11-12,94.342453
1394,BE0974271034,2021-10-20,4.45
612,AU3CB0258465,2021-10-08,66.520271
7013,DE000BASF111,2021-10-18,64.99
13999,FR0013480613,2021-11-15,99.529701
13203,FR0010315770,2021-10-14,259.5
13723,FR0013176526,2021-10-20,24.86
20278,GRC815117CD9,2021-10-20,100.0
9084,ES0173516115,2021-10-27,11.54
17594,GRC1451184D4,2021-10-21,103.7
101,100974271034,2021-10-15,4.57
19118,GRC4261213D5,2022-03-03,94.5
10626,FR0000120271,2021-10-19,43.35
21290,GRF000014008,2021-09-22,10.7942
12438,FR0000131906,2021-10-27,31.15
5208,DE0007100000,2021-10-19,78.92
21770,GRF000023009,2021-08-03,30.9515
4174,DE0005933931,2021-10-15,131.42
9818,EU000A1U9985,2021-09-01,100.685799
12947,FR0007054358,2021-10-18,39.915
11913,FR0000125486,2021-10-14,89.55
11139,FR0000120628,2021-10-14,24.04
7526,ES00000121G2,2021-10-13,112.323997
19285,GRC4951193D4,2021-10-27,99.3
8046,ES0000012F43,2021-10-19,102.890999
9332,ES0178430E18,2021-10-13,4.067
20792,GRC8171186B7,2021-10-18,99.9
1905,BE0974303357,2021-10-13,2.62
3151,DE0001102457,2021-10-28,104.35347
6240,DE000A0H0728,2021-10-19,22.712
17345,GRC1441197B3,2021-11-03,97.8
14236,GB00B15KXV33,2021-10-15,6.2218168
1651,BE0974293251,2021-10-19,47.0
10882,FR0000120578,2021-10-15,84.7
6504,DE000A0H08Q4,2021-10-27,74.47
4949,DE0006599905,2021-10-18,192.1
7774,ES0000012A89,2021-09-29,110.151001
16052,GR0124035693,2021-10-29,124.86
2882,DE0001102325,2021-10-13,105.071999
16322,GR0124036709,2021-11-16,102.31
10367,FI0009003305,2021-10-18,45.67
8828,ES0144580Y14,2021-10-29,10.05
12695,FR0000133308,2021-10-26,9.6
3402,DE0002635307,2021-10-19,46.29
3919,DE0005557508,2021-10-20,16.426
12173,FR0000131104,2021-10-18,55.8
8323,ES0000012G00,2021-11-15,95.846802
2169,CH0198251305,2021-10-21,29.75
7275,DE000BAY0017,2021-10-22,48.115
6754,DE000A0H08R2,2021-10-15,21.095
11403,FR0000121014,2021-10-22,659.7
21043,GRF000011004,2021-10-07,4.1611
613,AU3CB0258465,2021-10-11,66.159454
4692,DE0006047004,2021-10-19,63.62
5724,DE0008404005,2021-10-19,198.66
14000,FR0013480613,2021-11-16,101.136887
4432,DE0005933956,2021-10-15,41.135
15014,GR0114031561,2021-10-21,108.7
10110,FI0009000681,2021-10-19,5.164
5467,DE0007164600,2021-10-20,125.06
8562,ES0113900J37,2021-10-19,3.3455
1395,BE0974271034,2021-10-21,4.41
7014,DE000BASF111,2021-10-19,64.27
9085,ES0173516115,2021-10-28,10.768
13724,FR0013176526,2021-10-21,23.95
17595,GRC1451184D4,2021-10-22,103.3
13204,FR0010315770,2021-10-15,263.83
20279,GRC815117CD9,2021-10-21,100.0
102,100974271034,2021-10-18,4.36
21291,GRF000014008,2021-09-23,10.7942
12439,FR0000131906,2021-10-28,30.955
21771,GRF000023009,2021-08-04,31.0414
7527,ES00000121G2,2021-10-14,112.275002
9819,EU000A1U9985,2021-09-02,100.681961
5209,DE0007100000,2021-10-20,79.23
4175,DE0005933931,2021-10-18,132.2
12948,FR0007054358,2021-10-19,41.125
8047,ES0000012F43,2021-10-20,103.274727
11914,FR0000125486,2021-10-15,89.46
10628,FR0000120271,2021-10-21,43.8
19286,GRC4951193D4,2021-10-28,100.1
3152,DE0001102457,2021-10-29,104.126122
11140,FR0000120628,2021-10-15,24.065
17346,GRC1441197B3,2021-11-04,97.5
20793,GRC8171186B7,2021-10-19,100.0
9333,ES0178430E18,2021-10-14,3.967
1906,BE0974303357,2021-10-14,2.36
6241,DE000A0H0728,2021-10-20,22.37
2883,DE0001102325,2021-10-14,105.078003
14237,GB00B15KXV33,2021-10-18,6.5155416
6505,DE000A0H08Q4,2021-10-28,74.81
10883,FR0000120578,2021-10-18,83.84
1652,BE0974293251,2021-10-20,49.555
7775,ES0000012A89,2021-09-30,109.443001
4950,DE0006599905,2021-10-19,193.6
8324,ES0000012G00,2021-11-16,95.545547
10368,FI0009003305,2021-10-19,45.43
12696,FR0000133308,2021-10-27,9.44
8829,ES0144580Y14,2021-11-01,10.22
3920,DE0005557508,2021-10-21,16.426
14001,FR0013480613,2021-11-17,98.673073
19119,GRC4261213D5,2022-03-04,94.5
3403,DE0002635307,2021-10-20,46.29
614,AU3CB0258465,2021-10-12,66.522133
12174,FR0000131104,2021-10-19,57.8
6755,DE000A0H08R2,2021-10-18,21.155
21044,GRF000011004,2021-10-08,4.2037
15015,GR0114031561,2021-10-22,108.7
11404,FR0000121014,2021-10-25,667.3
7276,DE000BAY0017,2021-10-25,48.22
4693,DE0006047004,2021-10-20,64.56
2170,CH0198251305,2021-10-22,28.02
4433,DE0005933956,2021-10-18,40.785
5725,DE0008404005,2021-10-20,199.14
10111,FI0009000681,2021-10-20,5.1
5468,DE0007164600,2021-10-21,122.76
9086,ES0173516115,2021-10-29,11.064
1396,BE0974271034,2021-10-22,4.5
8563,ES0113900J37,2021-10-20,3.3455
7015,DE000BASF111,2021-10-20,65.6
13725,FR0013176526,2021-10-22,23.95
17596,GRC1451184D4,2021-10-25,103.7
13205,FR0010315770,2021-10-18,265.8
20280,GRC815117CD9,2021-10-22,100.0
21292,GRF000014008,2021-09-24,10.7755
103,100974271034,2021-10-19,4.42
9820,EU000A1U9985,2021-09-03,100.679787
8048,ES0000012F43,2021-10-21,102.838402
21772,GRF000023009,2021-08-05,30.1175
12440,FR0000131906,2021-10-29,31.175
5210,DE0007100000,2021-10-21,78.35
3153,DE0001102457,2021-11-01,103.671371
4176,DE0005933931,2021-10-19,132.2
19287,GRC4951193D4,2021-10-29,99.6
17347,GRC1441197B3,2021-11-05,97.7
12949,FR0007054358,2021-10-20,41.275
11915,FR0000125486,2021-10-18,90.89
10629,FR0000120271,2021-10-22,44.22
2884,DE0001102325,2021-10-15,105.071999
20794,GRC8171186B7,2021-10-20,100.0
11141,FR0000120628,2021-10-18,24.065
8325,ES0000012G00,2021-11-17,93.916069
6242,DE000A0H0728,2021-10-21,22.712
9334,ES0178430E18,2021-10-15,3.9945
1907,BE0974303357,2021-10-15,2.63
6506,DE000A0H08Q4,2021-10-29,75.03
7776,ES0000012A89,2021-10-01,109.443001
14002,FR0013480613,2021-11-18,101.136887
10884,FR0000120578,2021-10-19,82.66
14238,GB00B15KXV33,2021-10-19,6.5167565
1653,BE0974293251,2021-10-21,47.0
4951,DE0006599905,2021-10-20,194.7
615,AU3CB0258465,2021-10-13,67.06324
10369,FI0009003305,2021-10-20,45.6
12697,FR0000133308,2021-10-28,9.4
8830,ES0144580Y14,2021-11-02,10.22
3921,DE0005557508,2021-10-22,16.53
3404,DE0002635307,2021-10-21,46.455
15016,GR0114031561,2021-10-25,108.68
12175,FR0000131104,2021-10-20,56.5
21045,GRF000011004,2021-10-11,4.1782
19120,GRC4261213D5,2022-03-07,94.5
15486,GR0118019679,2021-08-20,110.18
11405,FR0000121014,2021-10-26,646.8
4694,DE0006047004,2021-10-21,64.56
9087,ES0173516115,2021-11-01,11.466
7277,DE000BAY0017,2021-10-26,48.375
2171,CH0198251305,2021-10-25,29.12
4434,DE0005933956,2021-10-19,41.01
10112,FI0009000681,2021-10-21,5.1
5726,DE0008404005,2021-10-21,198.06
5469,DE0007164600,2021-10-22,123.52
1397,BE0974271034,2021-10-25,4.41
6756,DE000A0H08R2,2021-10-19,20.945
17597,GRC1451184D4,2021-10-26,103.1
7016,DE000BASF111,2021-10-21,65.53
13726,FR0013176526,2021-10-25,24.17
8564,ES0113900J37,2021-10-21,3.36
8049,ES0000012F43,2021-10-22,102.693001
7529,ES00000121G2,2021-10-18,112.279999
13206,FR0010315770,2021-10-19,265.8
9821,EU000A1U9985,2021-09-06,100.676575
20281,GRC815117CD9,2021-10-25,100.0
21293,GRF000014008,2021-09-27,10.8628
21773,GRF000023009,2021-08-06,31.0967
104,100974271034,2021-10-20,4.47
19923,GRC813119AD1,2021-06-07,100.6
12441,FR0000131906,2021-11-01,31.06
3154,DE0001102457,2021-11-02,104.35347
17348,GRC1441197B3,2021-11-08,97.9
19288,GRC4951193D4,2021-11-01,100.2
5211,DE0007100000,2021-10-22,81.47
4177,DE0005933931,2021-10-20,131.46
2885,DE0001102325,2021-10-18,105.074997
8326,ES0000012G00,2021-11-18,92.867859
12950,FR0007054358,2021-10-21,41.33
9592,EU000A1G0D39,2021-10-15,101.267
11916,FR0000125486,2021-10-19,90.89
10630,FR0000120271,2021-10-25,43.81
20795,GRC8171186B7,2021-10-21,100.0
14003,FR0013480613,2021-11-19,99.507866
11142,FR0000120628,2021-10-19,24.065
6507,DE000A0H08Q4,2021-11-01,74.55
6243,DE000A0H0728,2021-10-22,22.34
9335,ES0178430E18,2021-10-18,3.772
1908,BE0974303357,2021-10-18,2.59
616,AU3CB0258465,2021-10-14,67.058769
7777,ES0000012A89,2021-10-04,109.629997
10885,FR0000120578,2021-10-20,84.3
14239,GB00B15KXV33,2021-10-20,6.554667
1654,BE0974293251,2021-10-22,47.0
4952,DE0006599905,2021-10-21,197.8
12698,FR0000133308,2021-10-29,9.43
10370,FI0009003305,2021-10-21,45.7
8831,ES0144580Y14,2021-11-03,10.295
3922,DE0005557508,2021-10-25,16.402
3405,DE0002635307,2021-10-22,46.59
16325,GR0124036709,2021-11-19,102.98
12176,FR0000131104,2021-10-21,56.5
9088,ES0173516115,2021-11-02,9.955
11406,FR0000121014,2021-10-27,659.8
21047,GRF000011004,2021-10-13,4.1782
4695,DE0006047004,2021-10-22,63.62
4435,DE0005933956,2021-10-20,41.965
10113,FI0009000681,2021-10-22,5.142
8050,ES0000012F43,2021-10-25,102.693001
7530,ES00000121G2,2021-10-19,112.179001
1398,BE0974271034,2021-10-26,4.38
7278,DE000BAY0017,2021-10-27,48.72
5727,DE0008404005,2021-10-22,198.6
5470,DE0007164600,2021-10-25,122.58
17598,GRC1451184D4,2021-10-27,103.7
19924,GRC813119AD1,2021-06-08,100.5
13727,FR0013176526,2021-10-26,24.14
9822,EU000A1U9985,2021-09-07,100.699127
16057,GR0124035693,2021-11-05,121.63
7017,DE000BASF111,2021-10-22,63.13
2172,CH0198251305,2021-10-26,29.32
8565,ES0113900J37,2021-10-22,3.3135
21294,GRF000014008,2021-09-28,10.8917
3155,DE0001102457,2021-11-03,104.126122
13207,FR0010315770,2021-10-20,267.25
21774,GRF000023009,2021-08-09,30.9099
17349,GRC1441197B3,2021-11-09,98.1
20282,GRC815117CD9,2021-10-26,100.0
19289,GRC4951193D4,2021-11-02,99.0
105,100974271034,2021-10-21,4.41
8327,ES0000012G00,2021-11-19,92.584
12442,FR0000131906,2021-11-02,31.45
5212,DE0007100000,2021-10-25,81.47
14004,FR0013480613,2021-11-22,99.507866
4178,DE0005933931,2021-10-21,131.56
19121,GRC4261213D5,2022-03-08,94.5
12951,FR0007054358,2021-10-22,41.475
20796,GRC8171186B7,2021-10-22,98.5
11917,FR0000125486,2021-10-20,90.89
10631,FR0000120271,2021-10-26,44.22
6508,DE000A0H08Q4,2021-11-02,74.47
2886,DE0001102325,2021-10-19,104.971001
617,AU3CB0258465,2021-10-15,67.06324
6244,DE000A0H0728,2021-10-25,22.415
11143,FR0000120628,2021-10-20,23.78
9336,ES0178430E18,2021-10-19,3.912
7778,ES0000012A89,2021-10-05,109.598
1909,BE0974303357,2021-10-19,2.59
9593,EU000A1G0D39,2021-10-18,101.267
6757,DE000A0H08R2,2021-10-20,20.77
10886,FR0000120578,2021-10-21,82.95
14240,GB00B15KXV33,2021-10-21,6.5487647
1655,BE0974293251,2021-10-25,48.695
4953,DE0006599905,2021-10-22,203.9
12699,FR0000133308,2021-11-01,9.44
8832,ES0144580Y14,2021-11-04,10.295
10371,FI0009003305,2021-10-22,45.43
3923,DE0005557508,2021-10-26,16.576
3406,DE0002635307,2021-10-25,46.8
12177,FR0000131104,2021-10-22,56.3
9089,ES0173516115,2021-11-03,10.048
8051,ES0000012F43,2021-10-26,102.693001
19925,GRC813119AD1,2021-06-09,100.5
21048,GRF000011004,2021-10-14,4.1816
7531,ES00000121G2,2021-10-20,112.124626
11407,FR0000121014,2021-10-28,665.0
4696,DE0006047004,2021-10-25,62.68
4436,DE0005933956,2021-10-21,42.09
17128,GR0138017836,2021-12-30,97.9
10114,FI0009000681,2021-10-25,5.109
16331,GR0124036709,2021-11-29,106.0
17599,GRC1451184D4,2021-10-28,103.1
1399,BE0974271034,2021-10-27,4.43
5471,DE0007164600,2021-10-26,118.06
9823,EU000A1U9985,2021-09-08,100.667511
5728,DE0008404005,2021-10-25,192.8
3156,DE0001102457,2021-11-04,104.368713
7279,DE000BAY0017,2021-10-28,48.375
8328,ES0000012G00,2021-11-22,95.268707
13728,FR0013176526,2021-10-27,24.11
21295,GRF000014008,2021-09-29,10.8593
2173,CH0198251305,2021-10-27,29.4
7018,DE000BASF111,2021-10-25,62.95
21775,GRF000023009,2021-08-10,31.0414
14005,FR0013480613,2021-11-23,97.154999
13208,FR0010315770,2021-10-21,268.02
8566,ES0113900J37,2021-10-25,3.3135
20283,GRC815117CD9,2021-10-27,100.0
19291,GRC4951193D4,2021-11-04,100.0
106,100974271034,2021-10-22,4.37
12443,FR0000131906,2021-11-03,31.45
16058,GR0124035693,2021-11-08,121.31
5213,DE0007100000,2021-10-26,82.06
4179,DE0005933931,2021-10-22,131.52
20797,GRC8171186B7,2021-10-25,100.0
618,AU3CB0258465,2021-10-18,67.41256
12952,FR0007054358,2021-10-25,41.685
19122,GRC4261213D5,2022-03-09,94.5
6509,DE000A0H08Q4,2021-11-03,77.32
11918,FR0000125486,2021-10-21,91.73
10632,FR0000120271,2021-10-27,43.81
6245,DE000A0H0728,2021-10-26,22.83
7779,ES0000012A89,2021-10-06,109.598
11144,FR0000120628,2021-10-21,23.765
9337,ES0178430E18,2021-10-20,3.8115
1910,BE0974303357,2021-10-20,2.6
10887,FR0000120578,2021-10-22,82.95
14241,GB00B15KXV33,2021-10-22,6.5155416
1656,BE0974293251,2021-10-26,48.23
19926,GRC813119AD1,2021-06-10,100.3
4954,DE0006599905,2021-10-25,203.9
12700,FR0000133308,2021-11-02,9.56
8833,ES0144580Y14,2021-11-05,10.205
8052,ES0000012F43,2021-10-27,103.850487
3924,DE0005557508,2021-10-27,16.32
10372,FI0009003305,2021-10-25,46.5
9090,ES0173516115,2021-11-04,10.72
7532,ES00000121G2,2021-10-21,112.174004
3407,DE0002635307,2021-10-26,47.05
12178,FR0000131104,2021-10-25,56.3
16332,GR0124036709,2021-11-30,103.55
21049,GRF000011004,2021-10-15,4.2175
11408,FR0000121014,2021-10-29,664.3
8329,ES0000012G00,2021-11-23,94.637001
4697,DE0006047004,2021-10-26,64.56
3157,DE0001102457,2021-11-05,104.872414
9824,EU000A1U9985,2021-09-09,100.696205
4437,DE0005933956,2021-10-22,42.13
17600,GRC1451184D4,2021-10-29,103.3
10115,FI0009000681,2021-10-26,5.086
14006,FR0013480613,2021-11-24,97.588158
1400,BE0974271034,2021-10-28,4.45
5472,DE0007164600,2021-10-27,125.46
5729,DE0008404005,2021-10-26,198.86
21296,GRF000014008,2021-09-30,10.73
13729,FR0013176526,2021-10-28,24.0
21776,GRF000023009,2021-08-11,31.111
7280,DE000BAY0017,2021-10-29,47.665
7019,DE000BASF111,2021-10-26,63.37
19292,GRC4951193D4,2021-11-05,99.7
2174,CH0198251305,2021-10-28,28.02
20284,GRC815117CD9,2021-10-28,100.0
13209,FR0010315770,2021-10-22,267.62
107,100974271034,2021-10-25,4.37
8567,ES0113900J37,2021-10-26,3.282
12444,FR0000131906,2021-11-04,30.675
619,AU3CB0258465,2021-10-19,67.308113
5214,DE0007100000,2021-10-27,83.02
20798,GRC8171186B7,2021-10-26,98.5
4180,DE0005933931,2021-10-25,132.04
12953,FR0007054358,2021-10-26,41.685
6510,DE000A0H08Q4,2021-11-04,77.54
16059,GR0124035693,2021-11-09,121.31
2888,DE0001102325,2021-10-21,104.96254
11919,FR0000125486,2021-10-22,90.61
10633,FR0000120271,2021-10-28,44.87
6246,DE000A0H0728,2021-10-27,22.83
7780,ES0000012A89,2021-10-07,109.391998
19927,GRC813119AD1,2021-06-11,100.8
11145,FR0000120628,2021-10-22,23.765
9338,ES0178430E18,2021-10-21,3.8365
1911,BE0974303357,2021-10-21,2.56
8053,ES0000012F43,2021-10-28,103.117165
10888,FR0000120578,2021-10-25,83.95
16333,GR0124036709,2021-12-01,102.75
14242,GB00B15KXV33,2021-10-25,6.5395947
12701,FR0000133308,2021-11-03,9.54
9091,ES0173516115,2021-11-05,10.72
4955,DE0006599905,2021-10-26,202.7
1657,BE0974293251,2021-10-27,49.335
8834,ES0144580Y14,2021-11-08,10.14
3925,DE0005557508,2021-10-28,16.278
10373,FI0009003305,2021-10-26,46.42
12179,FR0000131104,2021-10-26,58.2
3408,DE0002635307,2021-10-27,47.07
14007,FR0013480613,2021-11-25,97.588158
21050,GRF000011004,2021-10-18,4.2297
3158,DE0001102457,2021-11-08,103.671371
11409,FR0000121014,2021-11-01,671.7
9825,EU000A1U9985,2021-09-10,100.676575
17601,GRC1451184D4,2021-11-01,103.3
4698,DE0006047004,2021-10-27,64.56
4438,DE0005933956,2021-10-25,42.13
10116,FI0009000681,2021-10-27,4.933
15020,GR0114031561,2021-10-29,108.68
1401,BE0974271034,2021-10-29,4.59
21297,GRF000014008,2021-10-01,10.7671
5473,DE0007164600,2021-10-28,125.4
13730,FR0013176526,2021-10-29,24.14
5730,DE0008404005,2021-10-27,198.66
21777,GRF000023009,2021-08-12,31.0939
17131,GR0138017836,2022-01-04,97.8
7020,DE000BASF111,2021-10-27,63.79
620,AU3CB0258465,2021-10-20,67.308113
7281,DE000BAY0017,2021-11-01,48.895
108,100974271034,2021-10-26,4.45
13210,FR0010315770,2021-10-25,268.28
20285,GRC815117CD9,2021-10-29,100.0
2175,CH0198251305,2021-10-29,28.26
12445,FR0000131906,2021-11-05,30.11
19295,GRC4951193D4,2021-11-10,99.9
8568,ES0113900J37,2021-10-27,3.3565
20799,GRC8171186B7,2021-10-27,98.5
5215,DE0007100000,2021-10-28,83.28
16060,GR0124035693,2021-11-10,119.98
6511,DE000A0H08Q4,2021-11-05,79.58
19928,GRC813119AD1,2021-06-14,100.4
4181,DE0005933931,2021-10-26,132.52
14756,GB00BN7CG237,2021-10-21,20.201994
12954,FR0007054358,2021-10-27,41.71
22239,GRF000025004,2021-05-28,7.2758
19124,GRC4261213D5,2022-03-11,94.5
11920,FR0000125486,2021-10-25,90.27
6247,DE000A0H0728,2021-10-28,22.512
16334,GR0124036709,2021-12-02,102.53
8054,ES0000012F43,2021-10-29,102.721863
2889,DE0001102325,2021-10-22,104.960999
7781,ES0000012A89,2021-10-08,109.550087
8330,ES0000012G00,2021-11-24,93.975998
10634,FR0000120271,2021-10-29,43.81
9339,ES0178430E18,2021-10-22,3.8365
11146,FR0000120628,2021-10-25,23.645
1912,BE0974303357,2021-10-22,2.66
9092,ES0173516115,2021-11-08,10.81
10889,FR0000120578,2021-10-26,85.53
14243,GB00B15KXV33,2021-10-26,6.6343999
14008,FR0013480613,2021-11-26,95.670998
12702,FR0000133308,2021-11-04,9.52
4956,DE0006599905,2021-10-27,202.7
3926,DE0005557508,2021-10-29,16.06
8835,ES0144580Y14,2021-11-09,10.14
3159,DE0001102457,2021-11-09,105.063896
10374,FI0009003305,2021-10-27,46.89
9596,EU000A1G0D39,2021-10-21,101.268
12180,FR0000131104,2021-10-27,57.6
9826,EU000A1U9985,2021-09-13,100.653954
3409,DE0002635307,2021-10-28,46.995
21051,GRF000011004,2021-10-19,4.2155
11410,FR0000121014,2021-11-02,686.0
15021,GR0114031561,2021-11-01,108.01
17602,GRC1451184D4,2021-11-02,103.3
4699,DE0006047004,2021-10-28,64.56
4439,DE0005933956,2021-10-26,42.15
6759,DE000A0H08R2,2021-10-22,20.965
10117,FI0009000681,2021-10-28,5.034
21298,GRF000014008,2021-10-04,10.73
1402,BE0974271034,2021-11-01,4.55
21778,GRF000023009,2021-08-13,31.111
5474,DE0007164600,2021-10-29,125.78
621,AU3CB0258465,2021-10-21,67.308113
13731,FR0013176526,2021-11-01,23.85
5731,DE0008404005,2021-10-28,198.66
7021,DE000BASF111,2021-10-28,63.44
19929,GRC813119AD1,2021-06-15,100.7
19296,GRC4951193D4,2021-11-11,99.9
1658,BE0974293251,2021-10-28,47.0
16061,GR0124035693,2021-11-11,121.83
109,100974271034,2021-10-27,4.4
7282,DE000BAY0017,2021-11-02,48.895
13211,FR0010315770,2021-10-26,269.81
12446,FR0000131906,2021-11-08,32.54
19125,GRC4261213D5,2022-03-14,94.5753
17132,GR0138017836,2022-01-05,97.8
20286,GRC815117CD9,2021-11-01,100.0
20800,GRC8171186B7,2021-10-28,100.0
16335,GR0124036709,2021-12-03,102.53
6512,DE000A0H08Q4,2021-11-08,79.59
5216,DE0007100000,2021-10-29,83.31
8331,ES0000012G00,2021-11-25,91.810333
8569,ES0113900J37,2021-10-28,3.261
8055,ES0000012F43,2021-11-01,101.889336
4182,DE0005933931,2021-10-27,133.44
12955,FR0007054358,2021-10-28,41.39
2176,CH0198251305,2021-11-01,28.02
7782,ES0000012A89,2021-10-11,109.439003
6248,DE000A0H0728,2021-10-29,22.37
11921,FR0000125486,2021-10-26,90.74
10635,FR0000120271,2021-11-01,43.29
14009,FR0013480613,2021-11-29,99.811707
2890,DE0001102325,2021-10-25,104.94912
9093,ES0173516115,2021-11-09,9.95
9340,ES0178430E18,2021-10-25,3.8365
11147,FR0000120628,2021-10-26,23.93
1913,BE0974303357,2021-10-25,2.68
7535,ES00000121G2,2021-10-26,112.116783
3160,DE0001102457,2021-11-10,105.234833
10890,FR0000120578,2021-10-27,85.65
14244,GB00B15KXV33,2021-10-27,6.6613822
12703,FR0000133308,2021-11-05,9.5
3927,DE0005557508,2021-11-01,16.06
4957,DE0006599905,2021-10-28,199.2
9827,EU000A1U9985,2021-09-14,100.649002
8836,ES0144580Y14,2021-11-10,10.21
10375,FI0009003305,2021-10-28,46.58
12181,FR0000131104,2021-10-28,57.8
21052,GRF000011004,2021-10-20,4.2124
3410,DE0002635307,2021-10-29,46.85
17133,GR0138017836,2022-01-06,98.0
11411,FR0000121014,2021-11-03,684.8
622,AU3CB0258465,2021-10-22,67.41256
17603,GRC1451184D4,2021-11-03,103.0
4700,DE0006047004,2021-10-29,62.68
21299,GRF000014008,2021-10-05,10.7242
4440,DE0005933956,2021-10-27,42.61
10118,FI0009000681,2021-10-29,5.024
19930,GRC813119AD1,2021-06-16,100.7
19126,GRC4261213D5,2022-03-15,94.5753
21779,GRF000023009,2021-08-16,31.0868
1403,BE0974271034,2021-11-02,4.61
5475,DE0007164600,2021-11-01,125.4
13732,FR0013176526,2021-11-02,24.08
16336,GR0124036709,2021-12-06,102.53
6760,DE000A0H08R2,2021-10-25,20.935
19297,GRC4951193D4,2021-11-12,99.9
5732,DE0008404005,2021-10-29,200.55
16062,GR0124035693,2021-11-12,121.83
7022,DE000BASF111,2021-10-29,62.66
110,100974271034,2021-10-28,4.4
1659,BE0974293251,2021-10-29,54.46
12447,FR0000131906,2021-11-09,32.425
20801,GRC8171186B7,2021-10-29,100.0
13212,FR0010315770,2021-10-27,271.8
6513,DE000A0H08Q4,2021-11-09,78.22
8332,ES0000012G00,2021-11-26,93.787437
20287,GRC815117CD9,2021-11-02,100.0
7283,DE000BAY0017,2021-11-03,50.08
5217,DE0007100000,2021-11-01,83.31
14010,FR0013480613,2021-11-30,99.919159
4183,DE0005933931,2021-10-28,133.44
8570,ES0113900J37,2021-10-29,3.3565
12956,FR0007054358,2021-10-29,41.925
8056,ES0000012F43,2021-11-02,101.754372
7783,ES0000012A89,2021-10-12,109.439003
2177,CH0198251305,2021-11-02,28.1
6249,DE000A0H0728,2021-11-01,22.315
11922,FR0000125486,2021-10-27,90.78
10636,FR0000120271,2021-11-02,43.29
9094,ES0173516115,2021-11-10,10.81
3161,DE0001102457,2021-11-11,105.234833
9341,ES0178430E18,2021-10-26,3.8225
1914,BE0974303357,2021-10-26,2.67
11148,FR0000120628,2021-10-27,24.45
17134,GR0138017836,2022-01-07,97.9
10891,FR0000120578,2021-10-28,85.77
12704,FR0000133308,2021-11-08,9.62
14245,GB00B15KXV33,2021-10-28,6.5678086
9828,EU000A1U9985,2021-09-15,100.649
8837,ES0144580Y14,2021-11-11,10.27
4958,DE0006599905,2021-10-29,202.5
21053,GRF000011004,2021-10-21,4.2124
3928,DE0005557508,2021-11-02,16.06
12182,FR0000131104,2021-10-29,57.5
10376,FI0009003305,2021-10-29,46.42
3411,DE0002635307,2021-11-01,47.19
19931,GRC813119AD1,2021-06-17,100.4
623,AU3CB0258465,2021-10-25,67.468704
19127,GRC4261213D5,2022-03-16,94.6733
11412,FR0000121014,2021-11-04,695.9
16337,GR0124036709,2021-12-07,102.75
15023,GR0114031561,2021-11-03,108.01
21300,GRF000014008,2021-10-06,10.7455
4701,DE0006047004,2021-11-01,64.84
4441,DE0005933956,2021-10-28,42.565
21780,GRF000023009,2021-08-17,31.041401
10119,FI0009000681,2021-11-01,4.916
1404,BE0974271034,2021-11-03,4.45
19298,GRC4951193D4,2021-11-15,100.1
13733,FR0013176526,2021-11-03,23.91
5476,DE0007164600,2021-11-02,126.88
17604,GRC1451184D4,2021-11-04,103.0
8333,ES0000012G00,2021-11-29,94.417999
5733,DE0008404005,2021-11-01,196.4
7023,DE000BASF111,2021-11-01,62.26
14011,FR0013480613,2021-12-01,98.391998
20802,GRC8171186B7,2021-11-01,100.0
6514,DE000A0H08Q4,2021-11-10,77.53
111,100974271034,2021-10-29,4.5
12448,FR0000131906,2021-11-10,34.125
1660,BE0974293251,2021-11-01,54.46
6761,DE000A0H08R2,2021-10-26,20.935
16063,GR0124035693,2021-11-15,122.5
8057,ES0000012F43,2021-11-03,102.651001
13213,FR0010315770,2021-10-28,270.47
20288,GRC815117CD9,2021-11-03,100.0
5218,DE0007100000,2021-11-02,77.83
7284,DE000BAY0017,2021-11-04,50.08
4184,DE0005933931,2021-10-29,133.5
12957,FR0007054358,2021-11-01,41.31
7784,ES0000012A89,2021-10-13,109.558723
3162,DE0001102457,2021-11-12,103.671371
8571,ES0113900J37,2021-11-01,3.261
6250,DE000A0H0728,2021-11-02,22.5
2178,CH0198251305,2021-11-03,28.02
9095,ES0173516115,2021-11-11,11.06
11923,FR0000125486,2021-10-28,91.17
10637,FR0000120271,2021-11-03,43.37
19128,GRC4261213D5,2022-03-17,94.5
9342,ES0178430E18,2021-10-27,3.7155
17984,GRC419120AD7,2021-10-12,101.3
1915,BE0974303357,2021-10-27,2.7
11149,FR0000120628,2021-10-28,24.41
12705,FR0000133308,2021-11-09,9.6
14246,GB00B15KXV33,2021-10-29,6.4525189
10892,FR0000120578,2021-10-29,85.99
19932,GRC813119AD1,2021-06-18,100.8
2892,DE0001102325,2021-10-27,104.94912
8838,ES0144580Y14,2021-11-12,10.135
4959,DE0006599905,2021-11-01,205.1
21054,GRF000011004,2021-10-22,4.2271
624,AU3CB0258465,2021-10-26,67.41256
9829,EU000A1U9985,2021-09-16,100.643
16338,GR0124036709,2021-12-08,102.53
10377,FI0009003305,2021-11-01,46.0
3412,DE0002635307,2021-11-02,47.05
3929,DE0005557508,2021-11-03,16.06
16604,GR0124037715,2021-12-20,95.9
15024,GR0114031561,2021-11-04,108.24
21301,GRF000014008,2021-10-07,10.7235
11413,FR0000121014,2021-11-05,697.4
21781,GRF000023009,2021-08-18,31.122101
4702,DE0006047004,2021-11-02,65.1
19299,GRC4951193D4,2021-11-16,100.0
4442,DE0005933956,2021-10-29,42.62
10120,FI0009000681,2021-11-02,4.787
1405,BE0974271034,2021-11-04,4.49
14012,FR0013480613,2021-12-02,101.740311
17605,GRC1451184D4,2021-11-05,103.0
13734,FR0013176526,2021-11-04,23.79
5477,DE0007164600,2021-11-03,126.08
8058,ES0000012F43,2021-11-04,102.651001
12183,FR0000131104,2021-11-01,58.1
6515,DE000A0H08Q4,2021-11-11,77.99
20803,GRC8171186B7,2021-11-02,99.2
5734,DE0008404005,2021-11-02,198.86
7024,DE000BASF111,2021-11-02,63.02
17985,GRC419120AD7,2021-10-13,101.7
12449,FR0000131906,2021-11-11,34.295
112,100974271034,2021-11-01,4.5
1661,BE0974293251,2021-11-02,54.46
13214,FR0010315770,2021-10-29,269.74
20289,GRC815117CD9,2021-11-04,100.0
5219,DE0007100000,2021-11-03,86.88
3163,DE0001102457,2021-11-15,104.919014
8334,ES0000012G00,2021-11-30,93.975998
19129,GRC4261213D5,2022-03-18,95.2422
7785,ES0000012A89,2021-10-14,109.059998
12958,FR0007054358,2021-11-02,40.665
4185,DE0005933931,2021-11-01,135.38
9096,ES0173516115,2021-11-12,10.81
7285,DE000BAY0017,2021-11-05,50.08
6251,DE000A0H0728,2021-11-03,22.5
1125,AU3SG0002199,2021-10-05,62.033993
2179,CH0198251305,2021-11-04,29.73
8572,ES0113900J37,2021-11-02,3.3435
19933,GRC813119AD1,2021-06-21,100.6
11924,FR0000125486,2021-10-29,91.67
10638,FR0000120271,2021-11-04,43.53
7538,ES00000121G2,2021-10-29,111.965279
16339,GR0124036709,2021-12-09,102.44
9343,ES0178430E18,2021-10-28,3.8135
16064,GR0124035693,2021-11-16,121.31
12706,FR0000133308,2021-11-10,9.44
1916,BE0974303357,2021-10-28,2.63
14247,GB00B15KXV33,2021-11-01,6.4556255
625,AU3CB0258465,2021-10-27,67.468704
10893,FR0000120578,2021-11-01,85.77
11150,FR0000120628,2021-10-29,23.765
6762,DE000A0H08R2,2021-10-27,20.685
21055,GRF000011004,2021-10-25,4.2188
8839,ES0144580Y14,2021-11-15,10.15
4960,DE0006599905,2021-11-02,202.3
10378,FI0009003305,2021-11-02,46.58
9830,EU000A1U9985,2021-09-17,100.643
3413,DE0002635307,2021-11-03,47.05
3930,DE0005557508,2021-11-04,16.72
17986,GRC419120AD7,2021-10-14,101.5
21302,GRF000014008,2021-10-08,10.7235
14013,FR0013480613,2021-12-03,102.683449
19300,GRC4951193D4,2021-11-17,100.0
15025,GR0114031561,2021-11-05,108.01
11414,FR0000121014,2021-11-08,708.9
21782,GRF000023009,2021-08-19,31.1171
4703,DE0006047004,2021-11-03,66.14
4443,DE0005933956,2021-11-01,42.775
10121,FI0009000681,2021-11-03,4.916
19130,GRC4261213D5,2022-03-21,95.3318
8059,ES0000012F43,2021-11-05,103.279442
16606,GR0124037715,2021-12-22,95.27
1406,BE0974271034,2021-11-05,4.45
13735,FR0013176526,2021-11-05,26.16
5478,DE0007164600,2021-11-04,125.94
6516,DE000A0H08Q4,2021-11-12,77.68
20804,GRC8171186B7,2021-11-03,99.2
12184,FR0000131104,2021-11-02,57.8
8335,ES0000012G00,2021-12-01,95.8134
5735,DE0008404005,2021-11-03,201.45
7025,DE000BASF111,2021-11-03,62.27
12450,FR0000131906,2021-11-12,33.605
17606,GRC1451184D4,2021-11-08,103.0
113,100974271034,2021-11-02,4.4
1662,BE0974293251,2021-11-03,51.94
19934,GRC813119AD1,2021-06-22,101.1
13215,FR0010315770,2021-11-01,272.25
5220,DE0007100000,2021-11-04,86.88
9097,ES0173516115,2021-11-15,10.88
7786,ES0000012A89,2021-10-15,109.439003
20290,GRC815117CD9,2021-11-05,100.0
3164,DE0001102457,2021-11-16,103.671371
12959,FR0007054358,2021-11-03,40.665
4186,DE0005933931,2021-11-02,134.08
6252,DE000A0H0728,2021-11-04,22.5
7539,ES00000121G2,2021-11-01,111.804474
2180,CH0198251305,2021-11-05,30.31
7286,DE000BAY0017,2021-11-08,49.81
17987,GRC419120AD7,2021-10-15,101.7
8573,ES0113900J37,2021-11-03,3.3435
16607,GR0124037715,2021-12-23,95.0
626,AU3CB0258465,2021-10-28,67.659798
10639,FR0000120271,2021-11-05,43.67
11925,FR0000125486,2021-11-01,90.61
16340,GR0124036709,2021-12-10,103.1
9344,ES0178430E18,2021-10-29,3.741
12707,FR0000133308,2021-11-11,9.83
14248,GB00B15KXV33,2021-11-02,6.5849328
1917,BE0974303357,2021-10-29,2.71
10894,FR0000120578,2021-11-02,88.3
11151,FR0000120628,2021-11-01,23.59
19131,GRC4261213D5,2022-03-22,94.5
21056,GRF000011004,2021-10-26,4.2188
8840,ES0144580Y14,2021-11-16,10.21
14014,FR0013480613,2021-12-06,102.852715
4961,DE0006599905,2021-11-03,202.3
9831,EU000A1U9985,2021-09-20,100.64
10379,FI0009003305,2021-11-03,46.36
3931,DE0005557508,2021-11-05,16.72
19301,GRC4951193D4,2021-11-18,100.3
15026,GR0114031561,2021-11-08,108.01
21303,GRF000014008,2021-10-11,10.6969
2894,DE0001102325,2021-10-29,104.864326
8060,ES0000012F43,2021-11-08,103.700577
21783,GRF000023009,2021-08-20,30.7791
11415,FR0000121014,2021-11-09,697.4
16065,GR0124035693,2021-11-17,120.95
4704,DE0006047004,2021-11-04,65.1
4444,DE0005933956,2021-11-02,43.095
10122,FI0009000681,2021-11-04,4.699
3414,DE0002635307,2021-11-04,47.335
8336,ES0000012G00,2021-12-02,95.319443
13736,FR0013176526,2021-11-08,26.54
1407,BE0974271034,2021-11-08,4.45
6763,DE000A0H08R2,2021-10-28,20.797
6517,DE000A0H08Q4,2021-11-15,78.58
5479,DE0007164600,2021-11-05,126.22
17988,GRC419120AD7,2021-10-18,101.5
20805,GRC8171186B7,2021-11-04,99.2
19935,GRC813119AD1,2021-06-23,101.8
12185,FR0000131104,2021-11-03,59.4
12451,FR0000131906,2021-11-15,33.62
7026,DE000BASF111,2021-11-04,62.64
3165,DE0001102457,2021-11-17,105.063896
114,100974271034,2021-11-03,4.4
5736,DE0008404005,2021-11-04,200.55
9098,ES0173516115,2021-11-16,10.93
1663,BE0974293251,2021-11-04,51.94
7787,ES0000012A89,2021-10-18,109.439003
5221,DE0007100000,2021-11-05,86.72
13216,FR0010315770,2021-11-02,272.95
19132,GRC4261213D5,2022-03-23,95.5696
16341,GR0124036709,2021-12-13,102.75
20291,GRC815117CD9,2021-11-08,100.0
4187,DE0005933931,2021-11-03,135.28
6253,DE000A0H0728,2021-11-05,22.48
627,AU3CB0258465,2021-10-29,67.693092
2181,CH0198251305,2021-11-08,30.05
12960,FR0007054358,2021-11-04,40.41
7287,DE000BAY0017,2021-11-09,49.625
11926,FR0000125486,2021-11-02,93.91
10640,FR0000120271,2021-11-08,43.41
8574,ES0113900J37,2021-11-04,3.31
14015,FR0013480613,2021-12-07,103.108528
12708,FR0000133308,2021-11-12,9.82
9345,ES0178430E18,2021-11-01,3.7645
14249,GB00B15KXV33,2021-11-03,6.5401063
1918,BE0974303357,2021-11-01,2.7
10895,FR0000120578,2021-11-03,85.65
21057,GRF000011004,2021-10-27,4.2182
11152,FR0000120628,2021-11-02,23.765
8841,ES0144580Y14,2021-11-17,10.195
15027,GR0114031561,2021-11-09,108.01
4962,DE0006599905,2021-11-04,205.7
8061,ES0000012F43,2021-11-09,103.850487
17989,GRC419120AD7,2021-10-19,101.6
9832,EU000A1U9985,2021-09-21,100.639
10380,FI0009003305,2021-11-04,46.36
3932,DE0005557508,2021-11-08,16.39
21304,GRF000014008,2021-10-12,10.6969
19303,GRC4951193D4,2021-11-22,100.0
21784,GRF000023009,2021-08-23,31.1357
8337,ES0000012G00,2021-12-03,94.692673
11416,FR0000121014,2021-11-10,701.6
19936,GRC813119AD1,2021-06-24,101.1
4705,DE0006047004,2021-11-05,65.1
4445,DE0005933956,2021-11-03,41.97
10123,FI0009000681,2021-11-05,4.976
19133,GRC4261213D5,2022-03-24,96.1625
13737,FR0013176526,2021-11-09,25.56
16608,GR0124037715,2021-12-24,94.67
6518,DE000A0H08Q4,2021-11-16,77.44
1408,BE0974271034,2021-11-09,4.41
20806,GRC8171186B7,2021-11-05,99.2
5480,DE0007164600,2021-11-08,129.02
3166,DE0001102457,2021-11-18,105.632019
12186,FR0000131104,2021-11-04,59.9
3415,DE0002635307,2021-11-05,47.91
16342,GR0124036709,2021-12-14,102.75
9099,ES0173516115,2021-11-17,10.88
12452,FR0000131906,2021-11-16,33.885
16066,GR0124035693,2021-11-18,124.84
115,100974271034,2021-11-04,4.5
7027,DE000BASF111,2021-11-05,61.94
7788,ES0000012A89,2021-10-19,108.892998
5737,DE0008404005,2021-11-05,201.2
7541,ES00000121G2,2021-11-03,111.947693
628,AU3CB0258465,2021-11-01,67.659798
1664,BE0974293251,2021-11-05,51.5
5222,DE0007100000,2021-11-08,87.43
13217,FR0010315770,2021-11-03,273.91
4188,DE0005933931,2021-11-04,135.86
6254,DE000A0H0728,2021-11-08,22.5
17990,GRC419120AD7,2021-10-20,101.6
14016,FR0013480613,2021-12-08,103.108528
20292,GRC815117CD9,2021-11-09,100.0
2182,CH0198251305,2021-11-09,30.17
12961,FR0007054358,2021-11-05,42.41
10641,FR0000120271,2021-11-09,43.41
11927,FR0000125486,2021-11-03,93.9
12709,FR0000133308,2021-11-15,9.847
7288,DE000BAY0017,2021-11-10,49.81
16609,GR0124037715,2021-12-27,94.8
9346,ES0178430E18,2021-11-02,3.8165
6764,DE000A0H08R2,2021-10-29,20.44
14250,GB00B15KXV33,2021-11-04,6.5401063
8575,ES0113900J37,2021-11-05,3.31
21058,GRF000011004,2021-10-28,4.2182
8062,ES0000012F43,2021-11-10,103.700577
1919,BE0974303357,2021-11-02,2.71
15028,GR0114031561,2021-11-10,108.01
10896,FR0000120578,2021-11-04,90.24
8842,ES0144580Y14,2021-11-18,10.19
11153,FR0000120628,2021-11-03,25.585
8338,ES0000012G00,2021-12-06,94.342453
19304,GRC4951193D4,2021-11-23,100.0
4963,DE0006599905,2021-11-05,202.3
21305,GRF000014008,2021-10-13,10.7253
19937,GRC813119AD1,2021-06-25,101.8
10381,FI0009003305,2021-11-05,46.36
19134,GRC4261213D5,2022-03-25,95.2764
21785,GRF000023009,2021-08-24,31.124599
11417,FR0000121014,2021-11-11,704.8
4706,DE0006047004,2021-11-08,66.14
2896,DE0001102325,2021-11-02,104.95005
17139,GR0138017836,2022-01-14,92.5
4446,DE0005933956,2021-11-04,42.37
16343,GR0124036709,2021-12-15,102.75
10124,FI0009000681,2021-11-08,5.126
6519,DE000A0H08Q4,2021-11-17,78.18
13738,FR0013176526,2021-11-10,27.62
20807,GRC8171186B7,2021-11-08,100.0
17991,GRC419120AD7,2021-10-21,101.4
1409,BE0974271034,2021-11-10,4.41
16610,GR0124037715,2021-12-28,94.7
5481,DE0007164600,2021-11-09,128.42
9100,ES0173516115,2021-11-18,10.38
629,AU3CB0258465,2021-11-02,67.15509
12453,FR0000131906,2021-11-17,34.81
3416,DE0002635307,2021-11-08,47.91
7789,ES0000012A89,2021-10-20,109.558723
116,100974271034,2021-11-05,4.5
14017,FR0013480613,2021-12-09,102.686287
7028,DE000BASF111,2021-11-08,62.15
16067,GR0124035693,2021-11-19,119.98
5738,DE0008404005,2021-11-08,203.15
5223,DE0007100000,2021-11-09,87.43
1665,BE0974293251,2021-11-08,49.335
13218,FR0010315770,2021-11-04,273.91
6255,DE000A0H0728,2021-11-09,22.5
4189,DE0005933931,2021-11-05,135.48
20293,GRC815117CD9,2021-11-10,100.0
2183,CH0198251305,2021-11-10,30.15
8063,ES0000012F43,2021-11-11,103.247742
12710,FR0000133308,2021-11-16,9.862
17609,GRC1451184D4,2021-11-11,103.2
15029,GR0114031561,2021-11-11,108.01
10642,FR0000120271,2021-11-10,43.37
11928,FR0000125486,2021-11-04,92.37
19135,GRC4261213D5,2022-03-28,96.0036
12962,FR0007054358,2021-11-08,41.122
8339,ES0000012G00,2021-12-07,97.360794
14251,GB00B15KXV33,2021-11-05,6.3459091
9347,ES0178430E18,2021-11-03,3.766
21059,GRF000011004,2021-10-29,4.2265
16611,GR0124037715,2021-12-29,94.7
19938,GRC813119AD1,2021-06-28,101.5
7289,DE000BAY0017,2021-11-11,51.48
10897,FR0000120578,2021-11-05,89.69
8576,ES0113900J37,2021-11-08,3.2945
1920,BE0974303357,2021-11-03,2.71
6765,DE000A0H08R2,2021-11-01,20.35
19305,GRC4951193D4,2021-11-24,100.4
15739,GR0118020685,2021-08-13,111.9
8843,ES0144580Y14,2021-11-19,10.18
17992,GRC419120AD7,2021-10-22,101.6
11154,FR0000120628,2021-11-04,25.585
21306,GRF000014008,2021-10-14,10.7322
4964,DE0006599905,2021-11-08,205.7
21786,GRF000023009,2021-08-25,31.1222
10382,FI0009003305,2021-11-08,46.0
16344,GR0124036709,2021-12-16,102.06
11418,FR0000121014,2021-11-12,712.0
9834,EU000A1U9985,2021-09-23,100.636
9607,EU000A1G0D39,2021-11-05,101.274
3934,DE0005557508,2021-11-10,16.61
6520,DE000A0H08Q4,2021-11-18,77.23
4707,DE0006047004,2021-11-09,65.68
10125,FI0009000681,2021-11-09,5.05
20808,GRC8171186B7,2021-11-09,99.2
13739,FR0013176526,2021-11-11,26.54
4447,DE0005933956,2021-11-05,43.706
1410,BE0974271034,2021-11-11,4.37
9101,ES0173516115,2021-11-19,10.05
14018,FR0013480613,2021-12-10,102.379417
630,AU3CB0258465,2021-11-03,67.15509
3168,DE0001102457,2021-11-22,105.503151
16612,GR0124037715,2021-12-30,94.7
5482,DE0007164600,2021-11-10,126.3
15487,GR0118019679,2021-08-23,109.52
7790,ES0000012A89,2021-10-21,109.713318
12454,FR0000131906,2021-11-18,33.665
7543,ES00000121G2,2021-11-05,112.179001
12187,FR0000131104,2021-11-05,59.1
117,100974271034,2021-11-08,4.2
7029,DE000BASF111,2021-11-09,62.2
5739,DE0008404005,2021-11-09,203.2
5224,DE0007100000,2021-11-10,87.17
1666,BE0974293251,2021-11-09,52.45
8064,ES0000012F43,2021-11-12,103.094818
6256,DE000A0H0728,2021-11-10,21.968
17993,GRC419120AD7,2021-10-25,101.6
13219,FR0010315770,2021-11-05,276.76
3417,DE0002635307,2021-11-09,47.905
4190,DE0005933931,2021-11-08,136.08
19136,GRC4261213D5,2022-03-29,95.1
19939,GRC813119AD1,2021-06-29,101.5
20294,GRC815117CD9,2021-11-11,100.0
8340,ES0000012G00,2021-12-08,97.753967
2184,CH0198251305,2021-11-11,30.15
15030,GR0114031561,2021-11-12,108.43
17610,GRC1451184D4,2021-11-12,103.0
12711,FR0000133308,2021-11-17,9.81
21060,GRF000011004,2021-11-01,4.279
10643,FR0000120271,2021-11-11,43.53
11929,FR0000125486,2021-11-05,92.98
14252,GB00B15KXV33,2021-11-08,6.442903
9348,ES0178430E18,2021-11-04,3.752
19306,GRC4951193D4,2021-11-25,99.0
16345,GR0124036709,2021-12-17,102.37
16613,GR0124037715,2021-12-31,95.4
10898,FR0000120578,2021-11-08,88.46
1921,BE0974303357,2021-11-04,2.66
7290,DE000BAY0017,2021-11-12,50.93
12963,FR0007054358,2021-11-09,41.549
8577,ES0113900J37,2021-11-09,3.238
8844,ES0144580Y14,2021-11-22,10.16
21307,GRF000014008,2021-10-15,10.7322
6766,DE000A0H08R2,2021-11-02,20.715
11155,FR0000120628,2021-11-05,24.065
21787,GRF000023009,2021-08-26,31.0109
4965,DE0006599905,2021-11-09,202.3
10383,FI0009003305,2021-11-09,46.36
16071,GR0124035693,2021-11-25,119.7
6521,DE000A0H08Q4,2021-11-19,75.46
14019,FR0013480613,2021-12-13,102.825485
11419,FR0000121014,2021-11-15,709.8
3935,DE0005557508,2021-11-11,16.61
4708,DE0006047004,2021-11-10,65.68
631,AU3CB0258465,2021-11-04,67.072334
20809,GRC8171186B7,2021-11-10,100.0
3169,DE0001102457,2021-11-23,105.265366
10126,FI0009000681,2021-11-10,5.07
9608,EU000A1G0D39,2021-11-08,101.274
9102,ES0173516115,2021-11-22,10.05
13740,FR0013176526,2021-11-12,23.95
17994,GRC419120AD7,2021-10-26,101.3
1411,BE0974271034,2021-11-12,4.51
7544,ES00000121G2,2021-11-08,111.797699
5483,DE0007164600,2021-11-11,125.26
4448,DE0005933956,2021-11-08,42.92
7791,ES0000012A89,2021-10-22,108.697998
16614,GR0124037715,2022-01-03,95.1
12455,FR0000131906,2021-11-19,32.93
19137,GRC4261213D5,2022-03-30,96.106
8065,ES0000012F43,2021-11-15,102.838402
118,100974271034,2021-11-09,4.4
19940,GRC813119AD1,2021-06-30,100.8
8341,ES0000012G00,2021-12-09,96.606316
5225,DE0007100000,2021-11-11,86.72
7030,DE000BASF111,2021-11-10,61.69
5740,DE0008404005,2021-11-10,202.65
6257,DE000A0H0728,2021-11-11,22.33
1667,BE0974293251,2021-11-10,51.81
15031,GR0114031561,2021-11-15,108.43
13220,FR0010315770,2021-11-08,278.19
4191,DE0005933931,2021-11-09,135.96
16346,GR0124036709,2021-12-20,101.71
2185,CH0198251305,2021-11-12,30.32
20295,GRC815117CD9,2021-11-12,100.0
12712,FR0000133308,2021-11-18,9.784
19307,GRC4951193D4,2021-11-26,99.0
21061,GRF000011004,2021-11-02,4.2327
14253,GB00B15KXV33,2021-11-09,6.5153399
3418,DE0002635307,2021-11-10,47.81
11930,FR0000125486,2021-11-08,95.56
10644,FR0000120271,2021-11-12,43.53
9349,ES0178430E18,2021-11-05,3.819
10899,FR0000120578,2021-11-09,88.21
21308,GRF000014008,2021-10-18,10.7136
8845,ES0144580Y14,2021-11-23,10.18
17995,GRC419120AD7,2021-10-27,101.4
16615,GR0124037715,2022-01-04,95.1
21788,GRF000023009,2021-08-27,31.1357
7291,DE000BAY0017,2021-11-15,50.86
8578,ES0113900J37,2021-11-10,3.2945
11156,FR0000120628,2021-11-08,24.065
14020,FR0013480613,2021-12-14,102.836441
12964,FR0007054358,2021-11-10,42.868
4966,DE0006599905,2021-11-10,196.7
10384,FI0009003305,2021-11-10,44.82
6767,DE000A0H08R2,2021-11-03,20.715
632,AU3CB0258465,2021-11-05,67.109299
6522,DE000A0H08Q4,2021-11-22,81.19
3170,DE0001102457,2021-11-24,104.877762
16073,GR0124035693,2021-11-29,119.66
11420,FR0000121014,2021-11-16,709.8
3936,DE0005557508,2021-11-12,16.658
9103,ES0173516115,2021-11-23,9.95
20810,GRC8171186B7,2021-11-11,99.9
1922,BE0974303357,2021-11-05,2.54
7545,ES00000121G2,2021-11-09,112.083275
4709,DE0006047004,2021-11-11,64.38
10127,FI0009000681,2021-11-11,5.05
13741,FR0013176526,2021-11-15,25.56
1412,BE0974271034,2021-11-15,4.41
16784,GR0128016731,2021-09-01,115.59
19138,GRC4261213D5,2022-03-31,95.1
9609,EU000A1G0D39,2021-11-09,101.246
8066,ES0000012F43,2021-11-16,103.12822
8342,ES0000012G00,2021-12-10,96.645805
7792,ES0000012A89,2021-10-25,108.618828
5484,DE0007164600,2021-11-12,123.0
17142,GR0138017836,2022-01-19,92.9
12456,FR0000131906,2021-11-22,32.47
4449,DE0005933956,2021-11-09,44.07
119,100974271034,2021-11-10,4.42
16616,GR0124037715,2022-01-05,95.0
15032,GR0114031561,2021-11-16,108.01
16347,GR0124036709,2021-12-21,101.71
5226,DE0007100000,2021-11-12,86.72
6258,DE000A0H0728,2021-11-12,22.474
5741,DE0008404005,2021-11-11,205.65
17996,GRC419120AD7,2021-10-28,101.4
1668,BE0974293251,2021-11-11,52.47
4192,DE0005933931,2021-11-10,135.98
13221,FR0010315770,2021-11-09,278.19
7031,DE000BASF111,2021-11-11,63.78
19308,GRC4951193D4,2021-11-29,97.4
12713,FR0000133308,2021-11-19,9.679
2186,CH0198251305,2021-11-15,30.15
20296,GRC815117CD9,2021-11-15,100.0
21062,GRF000011004,2021-11-03,4.2342
14254,GB00B15KXV33,2021-11-10,6.5306392
10645,FR0000120271,2021-11-15,42.91
9350,ES0178430E18,2021-11-08,3.766
14021,FR0013480613,2021-12-15,103.437889
11931,FR0000125486,2021-11-09,94.85
21309,GRF000014008,2021-10-19,10.6573
10900,FR0000120578,2021-11-10,88.61
17612,GRC1451184D4,2021-11-16,103.1
8846,ES0144580Y14,2021-11-24,10.16
21789,GRF000023009,2021-08-30,31.0109
3419,DE0002635307,2021-11-11,47.74
633,AU3CB0258465,2021-11-08,67.031616
3171,DE0001102457,2021-11-25,104.773628
11157,FR0000120628,2021-11-09,25.59
7292,DE000BAY0017,2021-11-16,50.3
8579,ES0113900J37,2021-11-11,3.1915
19139,GRC4261213D5,2022-04-01,97.0
16617,GR0124037715,2022-01-06,95.1
4967,DE0006599905,2021-11-11,205.9
10385,FI0009003305,2021-11-11,45.0
16074,GR0124035693,2021-11-30,119.66
6523,DE000A0H08Q4,2021-11-23,77.44
7546,ES00000121G2,2021-11-10,112.116783
12965,FR0007054358,2021-11-11,39.724
9104,ES0173516115,2021-11-24,9.73
3937,DE0005557508,2021-11-15,16.39
11421,FR0000121014,2021-11-17,694.9
8067,ES0000012F43,2021-11-17,103.12822
4710,DE0006047004,2021-11-12,64.84
8343,ES0000012G00,2021-12-13,95.846802
6768,DE000A0H08R2,2021-11-04,20.495
10128,FI0009000681,2021-11-12,5.07
13742,FR0013176526,2021-11-16,24.4
17997,GRC419120AD7,2021-10-29,101.4
1413,BE0974271034,2021-11-16,4.45
13467,FR0010510800,2021-10-22,103.432
9610,EU000A1G0D39,2021-11-10,101.264
16348,GR0124036709,2021-12-22,101.6
1923,BE0974303357,2021-11-08,2.77
5485,DE0007164600,2021-11-15,124.76
7793,ES0000012A89,2021-10-26,108.618828
12457,FR0000131906,2021-11-23,32.35
15033,GR0114031561,2021-11-17,108.4
120,100974271034,2021-11-11,4.48
4450,DE0005933956,2021-11-10,43.677
20814,GRC8171186B7,2021-11-17,99.0
6259,DE000A0H0728,2021-11-15,22.552
5227,DE0007100000,2021-11-15,87.85
16618,GR0124037715,2022-01-07,94.8
19309,GRC4951193D4,2021-11-30,99.4
5742,DE0008404005,2021-11-12,203.5
1669,BE0974293251,2021-11-12,52.43
4193,DE0005933931,2021-11-11,134.38
13222,FR0010315770,2021-11-10,276.64
14022,FR0013480613,2021-12-16,103.081192
12714,FR0000133308,2021-11-22,9.78
2187,CH0198251305,2021-11-16,30.31
21063,GRF000011004,2021-11-04,4.2342
7032,DE000BASF111,2021-11-12,62.43
19140,GRC4261213D5,2022-04-04,96.0042
20297,GRC815117CD9,2021-11-16,100.0
14255,GB00B15KXV33,2021-11-11,6.3906398
21310,GRF000014008,2021-10-20,10.6326
10646,FR0000120271,2021-11-16,43.25
9351,ES0178430E18,2021-11-09,3.766
17613,GRC1451184D4,2021-11-17,103.1
11932,FR0000125486,2021-11-10,93.9
10901,FR0000120578,2021-11-11,89.82
21790,GRF000023009,2021-08-31,30.920099
634,AU3CB0258465,2021-11-09,67.109299
3172,DE0001102457,2021-11-26,104.934387
8847,ES0144580Y14,2021-11-25,10.09
7547,ES00000121G2,2021-11-11,111.797699
17998,GRC419120AD7,2021-11-01,101.3
16075,GR0124035693,2021-12-01,120.14
6524,DE000A0H08Q4,2021-11-24,77.53
11158,FR0000120628,2021-11-10,25.355
9105,ES0173516115,2021-11-25,10.53
4968,DE0006599905,2021-11-12,205.9
10386,FI0009003305,2021-11-12,45.02
8580,ES0113900J37,2021-11-12,3.22
8344,ES0000012G00,2021-12-14,97.753967
7293,DE000BAY0017,2021-11-17,51.14
8068,ES0000012F43,2021-11-18,103.093231
3420,DE0002635307,2021-11-12,47.462
12966,FR0007054358,2021-11-12,43.17
3938,DE0005557508,2021-11-16,16.602
11422,FR0000121014,2021-11-18,729.7
16349,GR0124036709,2021-12-23,102.54
4711,DE0006047004,2021-11-15,65.26
13743,FR0013176526,2021-11-17,24.4
10129,FI0009000681,2021-11-15,5.002
13468,FR0010510800,2021-10-25,103.417
6769,DE000A0H08R2,2021-11-05,20.33
1414,BE0974271034,2021-11-17,4.51
9611,EU000A1G0D39,2021-11-11,101.274
15034,GR0114031561,2021-11-18,108.44
2901,DE0001102325,2021-11-09,105.007034
7794,ES0000012A89,2021-10-27,108.721428
5486,DE0007164600,2021-11-16,126.74
12458,FR0000131906,2021-11-24,31.5
1924,BE0974303357,2021-11-09,2.77
19141,GRC4261213D5,2022-04-05,96.501
121,100974271034,2021-11-12,4.38
19310,GRC4951193D4,2021-12-01,99.8
14023,FR0013480613,2021-12-17,102.82869
6260,DE000A0H0728,2021-11-16,22.5
5228,DE0007100000,2021-11-16,88.8
4451,DE0005933956,2021-11-11,42.513
17999,GRC419120AD7,2021-11-02,101.3
4194,DE0005933931,2021-11-12,136.32
5743,DE0008404005,2021-11-15,204.9
20815,GRC8171186B7,2021-11-18,100.0
1670,BE0974293251,2021-11-15,51.5
13223,FR0010315770,2021-11-11,276.64
21064,GRF000011004,2021-11-05,4.2524
12715,FR0000133308,2021-11-23,9.66
2188,CH0198251305,2021-11-17,30.35
20298,GRC815117CD9,2021-11-17,100.0
16619,GR0124037715,2022-01-10,94.7
635,AU3CB0258465,2021-11-10,66.876213
14256,GB00B15KXV33,2021-11-12,6.5849328
3173,DE0001102457,2021-11-29,106.311081
21311,GRF000014008,2021-10-21,10.6326
17614,GRC1451184D4,2021-11-18,102.6
7548,ES00000121G2,2021-11-12,111.797699
9352,ES0178430E18,2021-11-10,4.0435
10647,FR0000120271,2021-11-17,43.41
21791,GRF000023009,2021-09-01,30.780199
11933,FR0000125486,2021-11-11,95.2
10902,FR0000120578,2021-11-12,89.89
16076,GR0124035693,2021-12-02,120.46
8848,ES0144580Y14,2021-11-26,10.14
8345,ES0000012G00,2021-12-15,98.130798
8069,ES0000012F43,2021-11-19,103.12822
9106,ES0173516115,2021-11-26,10.48
6525,DE000A0H08Q4,2021-11-25,76.96
16350,GR0124036709,2021-12-24,101.75
7033,DE000BASF111,2021-11-15,61.69
10387,FI0009003305,2021-11-15,44.82
4969,DE0006599905,2021-11-15,196.2
11159,FR0000120628,2021-11-11,25.355
8581,ES0113900J37,2021-11-15,3.1855
7294,DE000BAY0017,2021-11-18,47.165
3939,DE0005557508,2021-11-17,16.06
16785,GR0128016731,2021-09-02,109.15
19142,GRC4261213D5,2022-04-06,96.6619
11423,FR0000121014,2021-11-19,690.5
3421,DE0002635307,2021-11-15,48.155
12967,FR0007054358,2021-11-15,42.71
4712,DE0006047004,2021-11-16,64.7
13744,FR0013176526,2021-11-18,29.43
10130,FI0009000681,2021-11-16,4.949
20456,GRC8161185B1,2021-06-30,102.1
15035,GR0114031561,2021-11-19,108.31
1415,BE0974271034,2021-11-18,4.43
18000,GRC419120AD7,2021-11-03,101.3
7795,ES0000012A89,2021-10-28,108.721428
9612,EU000A1G0D39,2021-11-12,101.012
14024,FR0013480613,2021-12-20,102.485687
5487,DE0007164600,2021-11-17,124.38
12459,FR0000131906,2021-11-25,31.15
6770,DE000A0H08R2,2021-11-08,20.495
19311,GRC4951193D4,2021-12-02,99.9
122,100974271034,2021-11-15,4.38
1925,BE0974303357,2021-11-10,2.77
6261,DE000A0H0728,2021-11-17,22.99
5229,DE0007100000,2021-11-17,89.22
20816,GRC8171186B7,2021-11-19,100.1
4195,DE0005933931,2021-11-15,136.38
21065,GRF000011004,2021-11-08,4.2576
5744,DE0008404005,2021-11-16,205.5
12716,FR0000133308,2021-11-24,9.939
4452,DE0005933956,2021-11-12,41.869
636,AU3CB0258465,2021-11-11,66.383224
13224,FR0010315770,2021-11-12,277.86
1671,BE0974293251,2021-11-16,51.89
3174,DE0001102457,2021-11-30,106.130455
9839,EU000A1U9985,2021-09-30,100.622
7549,ES00000121G2,2021-11-15,111.965279
20299,GRC815117CD9,2021-11-18,100.0
2189,CH0198251305,2021-11-18,30.05
8346,ES0000012G00,2021-12-16,98.130798
14257,GB00B15KXV33,2021-11-15,6.4700613
16351,GR0124036709,2021-12-27,102.9
16077,GR0124035693,2021-12-03,120.24
21312,GRF000014008,2021-10-22,10.7384
8070,ES0000012F43,2021-11-22,103.730995
21792,GRF000023009,2021-09-02,30.714899
9353,ES0178430E18,2021-11-11,4.06
10648,FR0000120271,2021-11-18,43.54
10903,FR0000120578,2021-11-15,89.22
19143,GRC4261213D5,2022-04-07,97.0
11934,FR0000125486,2021-11-12,93.9
8849,ES0144580Y14,2021-11-29,9.95
6526,DE000A0H08Q4,2021-11-26,76.96
16786,GR0128016731,2021-09-03,112.25
7034,DE000BASF111,2021-11-16,62.33
18001,GRC419120AD7,2021-11-04,101.5
15488,GR0118019679,2021-08-24,110.18
10388,FI0009003305,2021-11-16,44.68
9109,ES0173516115,2021-12-01,9.32
4970,DE0006599905,2021-11-16,208.3
11160,FR0000120628,2021-11-12,25.59
3940,DE0005557508,2021-11-18,16.744
8582,ES0113900J37,2021-11-16,3.22
15036,GR0114031561,2021-11-22,108.44
11424,FR0000121014,2021-11-22,728.5
7295,DE000BAY0017,2021-11-19,47.165
20457,GRC8161185B1,2021-07-01,103.0
13745,FR0013176526,2021-11-19,29.12
4713,DE0006047004,2021-11-17,65.12
14025,FR0013480613,2021-12-21,103.548981
3422,DE0002635307,2021-11-16,48.395
10131,FI0009000681,2021-11-17,4.94
12968,FR0007054358,2021-11-16,42.152
442,AU3CB0228823,2022-02-09,64.299431
1416,BE0974271034,2021-11-19,4.45
7796,ES0000012A89,2021-10-29,108.917
9613,EU000A1G0D39,2021-11-15,101.173
19312,GRC4951193D4,2021-12-03,99.9
12460,FR0000131906,2021-11-26,31.02
5488,DE0007164600,2021-11-18,125.2
6771,DE000A0H08R2,2021-11-09,20.78
123,100974271034,2021-11-16,4.45
6262,DE000A0H0728,2021-11-18,22.83
5230,DE0007100000,2021-11-18,86.9
637,AU3CB0258465,2021-11-12,66.343719
1926,BE0974303357,2021-11-11,2.77
3175,DE0001102457,2021-12-01,105.446449
7550,ES00000121G2,2021-11-16,111.933266
20817,GRC8171186B7,2021-11-22,99.5
19144,GRC4261213D5,2022-04-08,96.5
8347,ES0000012G00,2021-12-17,96.500427
16352,GR0124036709,2021-12-28,101.71
21066,GRF000011004,2021-11-09,4.2728
4196,DE0005933931,2021-11-16,134.38
12717,FR0000133308,2021-11-25,9.927
8071,ES0000012F43,2021-11-23,103.094818
20300,GRC815117CD9,2021-11-19,100.0
5745,DE0008404005,2021-11-17,206.15
13225,FR0010315770,2021-11-15,279.68
1672,BE0974293251,2021-11-17,53.02
18002,GRC419120AD7,2021-11-05,101.4
2190,CH0198251305,2021-11-19,30.0
16078,GR0124035693,2021-12-06,120.65
4453,DE0005933956,2021-11-15,44.015
14258,GB00B15KXV33,2021-11-16,6.3906398
21793,GRF000023009,2021-09-03,30.763399
9840,EU000A1U9985,2021-10-01,100.617
16787,GR0128016731,2021-09-06,112.52
21313,GRF000014008,2021-10-25,10.6273
9354,ES0178430E18,2021-11-12,3.945
10649,FR0000120271,2021-11-19,43.25
10904,FR0000120578,2021-11-16,89.22
8850,ES0144580Y14,2021-11-30,9.92
11935,FR0000125486,2021-11-15,90.0
15489,GR0118019679,2021-08-25,110.12
6527,DE000A0H08Q4,2021-11-29,77.34
9110,ES0173516115,2021-12-02,10.02
7035,DE000BASF111,2021-11-17,62.85
10389,FI0009003305,2021-11-17,44.63
14026,FR0013480613,2021-12-22,100.631035
15037,GR0114031561,2021-11-23,108.01
4971,DE0006599905,2021-11-17,208.3
20458,GRC8161185B1,2021-07-02,102.0
3941,DE0005557508,2021-11-19,16.554
17143,GR0138017836,2022-01-20,91.6
11161,FR0000120628,2021-11-15,25.78
11425,FR0000121014,2021-11-23,728.3
8583,ES0113900J37,2021-11-17,3.22
13746,FR0013176526,2021-11-22,29.12
3423,DE0002635307,2021-11-17,48.53
7296,DE000BAY0017,2021-11-22,50.47
4714,DE0006047004,2021-11-18,65.36
10132,FI0009000681,2021-11-18,5.002
7797,ES0000012A89,2021-11-01,108.047401
19313,GRC4951193D4,2021-12-06,99.5
1417,BE0974271034,2021-11-22,4.41
19145,GRC4261213D5,2022-04-11,97.0
12969,FR0007054358,2021-11-17,40.615
9614,EU000A1G0D39,2021-11-16,101.274
12461,FR0000131906,2021-11-29,31.31
18003,GRC419120AD7,2021-11-08,101.6
5489,DE0007164600,2021-11-19,127.42
638,AU3CB0258465,2021-11-15,66.411552
2904,DE0001102325,2021-11-12,104.984993
6772,DE000A0H08R2,2021-11-10,20.825
8348,ES0000012G00,2021-12-20,97.379791
7551,ES00000121G2,2021-11-17,111.940155
124,100974271034,2021-11-17,4.46
3176,DE0001102457,2021-12-02,105.23793
16620,GR0124037715,2022-01-11,93.1
16353,GR0124036709,2021-12-29,102.37
6263,DE000A0H0728,2021-11-19,22.288
8072,ES0000012F43,2021-11-24,103.094818
20818,GRC8171186B7,2021-11-23,100.0
5231,DE0007100000,2021-11-19,86.9
19876,GRC5211214B5,2022-03-29,97.0
21067,GRF000011004,2021-11-10,4.2725
12718,FR0000133308,2021-11-26,9.904
16788,GR0128016731,2021-09-07,112.39
4197,DE0005933931,2021-11-17,137.74
16079,GR0124035693,2021-12-07,120.29
20301,GRC815117CD9,2021-11-22,100.0
1927,BE0974303357,2021-11-12,2.66
1673,BE0974293251,2021-11-18,52.51
5746,DE0008404005,2021-11-18,205.45
13226,FR0010315770,2021-11-16,277.61
2191,CH0198251305,2021-11-22,30.0
21794,GRF000023009,2021-09-06,30.7255
14259,GB00B15KXV33,2021-11-17,6.3459091
15490,GR0118019679,2021-08-26,109.99
4454,DE0005933956,2021-11-16,44.275
9355,ES0178430E18,2021-11-15,3.93
6528,DE000A0H08Q4,2021-11-30,77.34
10650,FR0000120271,2021-11-22,41.9
10905,FR0000120578,2021-11-17,88.13
8851,ES0144580Y14,2021-12-01,10.04
11936,FR0000125486,2021-11-16,90.0
14027,FR0013480613,2021-12-23,99.191772
9111,ES0173516115,2021-12-03,9.16
21314,GRF000014008,2021-10-26,10.7133
15038,GR0114031561,2021-11-24,108.4
20459,GRC8161185B1,2021-07-05,102.4
16621,GR0124037715,2022-01-12,92.9
19146,GRC4261213D5,2022-04-12,97.7
10390,FI0009003305,2021-11-18,44.36
4972,DE0006599905,2021-11-18,202.3
3942,DE0005557508,2021-11-22,16.458
18004,GRC419120AD7,2021-11-09,101.3
11426,FR0000121014,2021-11-24,726.1
11162,FR0000120628,2021-11-16,25.755
13747,FR0013176526,2021-11-23,28.48
3424,DE0002635307,2021-11-18,48.57
4715,DE0006047004,2021-11-19,65.94
8584,ES0113900J37,2021-11-18,3.2
10133,FI0009000681,2021-11-19,4.97
19314,GRC4951193D4,2021-12-07,100.0
7036,DE000BASF111,2021-11-18,61.69
7297,DE000BAY0017,2021-11-23,48.175
8349,ES0000012G00,2021-12-21,97.132309
16354,GR0124036709,2021-12-30,102.37
1418,BE0974271034,2021-11-23,4.64
639,AU3CB0258465,2021-11-16,66.616348
12970,FR0007054358,2021-11-18,43.595
2905,DE0001102325,2021-11-15,104.998116
3177,DE0001102457,2021-12-03,105.537888
12462,FR0000131906,2021-11-30,31.38
9615,EU000A1G0D39,2021-11-17,101.221
8073,ES0000012F43,2021-11-25,103.033646
5490,DE0007164600,2021-11-22,123.0
6773,DE000A0H08R2,2021-11-11,20.74
16789,GR0128016731,2021-09-08,111.5
125,100974271034,2021-11-18,4.64
7552,ES00000121G2,2021-11-18,111.95755
6264,DE000A0H0728,2021-11-22,22.472
17144,GR0138017836,2022-01-21,89.6
20819,GRC8171186B7,2021-11-24,100.0
5232,DE0007100000,2021-11-22,89.22
16080,GR0124035693,2021-12-08,120.28
21068,GRF000011004,2021-11-11,4.2671
12719,FR0000133308,2021-11-29,9.666
15491,GR0118019679,2021-08-27,109.42
4198,DE0005933931,2021-11-18,137.96
20302,GRC815117CD9,2021-11-23,100.0
16623,GR0124037715,2022-01-14,93.2
2192,CH0198251305,2021-11-23,29.4
21795,GRF000023009,2021-09-07,30.916599
13227,FR0010315770,2021-11-17,283.29
5747,DE0008404005,2021-11-19,205.35
14028,FR0013480613,2021-12-24,99.587708
14260,GB00B15KXV33,2021-11-18,6.4635477
1674,BE0974293251,2021-11-19,53.02
19147,GRC4261213D5,2022-04-13,97.2
6529,DE000A0H08Q4,2021-12-01,72.14
18005,GRC419120AD7,2021-11-10,101.2
9356,ES0178430E18,2021-11-16,3.945
1929,BE0974303357,2021-11-16,2.85
8852,ES0144580Y14,2021-12-02,9.9
10651,FR0000120271,2021-11-23,43.54
9112,ES0173516115,2021-12-06,10.06
10906,FR0000120578,2021-11-18,90.6
9842,EU000A1U9985,2021-10-05,100.617
4455,DE0005933956,2021-11-17,44.52
15039,GR0114031561,2021-11-25,108.44
11937,FR0000125486,2021-11-17,93.77
21315,GRF000014008,2021-10-27,10.634
20460,GRC8161185B1,2021-07-06,101.7
10391,FI0009003305,2021-11-19,44.82
4973,DE0006599905,2021-11-19,216.7
3943,DE0005557508,2021-11-23,16.748
16355,GR0124036709,2021-12-31,101.75
8350,ES0000012G00,2021-12-22,95.558708
19315,GRC4951193D4,2021-12-08,99.2
11427,FR0000121014,2021-11-25,654.9
13748,FR0013176526,2021-11-24,28.15
3425,DE0002635307,2021-11-19,48.37
11163,FR0000120628,2021-11-17,25.355
4716,DE0006047004,2021-11-22,65.62
16624,GR0124037715,2022-01-17,93.2
10134,FI0009000681,2021-11-22,5.109
3178,DE0001102457,2021-12-06,105.537888
640,AU3CB0258465,2021-11-17,67.289948
8585,ES0113900J37,2021-11-19,3.0835
16790,GR0128016731,2021-09-09,111.0
8074,ES0000012F43,2021-11-26,103.094818
1419,BE0974271034,2021-11-24,4.64
7037,DE000BASF111,2021-11-19,62.64
7298,DE000BAY0017,2021-11-24,48.775
12971,FR0007054358,2021-11-19,43.435
12463,FR0000131906,2021-12-01,30.07
9616,EU000A1G0D39,2021-11-18,101.221
5491,DE0007164600,2021-11-23,122.84
6774,DE000A0H08R2,2021-11-12,20.825
6265,DE000A0H0728,2021-11-23,22.315
126,100974271034,2021-11-19,4.68
16081,GR0124035693,2021-12-09,119.66
15492,GR0118019679,2021-08-30,109.61
20820,GRC8171186B7,2021-11-25,100.0
19148,GRC4261213D5,2022-04-14,96.9
18006,GRC419120AD7,2021-11-11,101.4
5233,DE0007100000,2021-11-23,86.72
21069,GRF000011004,2021-11-12,4.2671
14029,FR0013480613,2021-12-27,98.123001
12720,FR0000133308,2021-11-30,9.604
20303,GRC815117CD9,2021-11-24,99.5
4199,DE0005933931,2021-11-19,137.68
21796,GRF000023009,2021-09-08,31.1222
2193,CH0198251305,2021-11-24,29.0
14261,GB00B15KXV33,2021-11-19,6.4556255
13228,FR0010315770,2021-11-18,283.08
5748,DE0008404005,2021-11-22,204.9
6530,DE000A0H08Q4,2021-12-02,76.38
1675,BE0974293251,2021-11-22,53.02
15040,GR0114031561,2021-11-26,108.5
16625,GR0124037715,2022-01-18,93.4
9113,ES0173516115,2021-12-07,10.27
9357,ES0178430E18,2021-11-17,3.961
8853,ES0144580Y14,2021-12-03,10.02
20461,GRC8161185B1,2021-07-07,101.9
10907,FR0000120578,2021-11-19,88.27
21316,GRF000014008,2021-10-28,10.6639
10652,FR0000120271,2021-11-24,42.91
11938,FR0000125486,2021-11-18,94.63
16356,GR0124036709,2022-01-03,101.75
4456,DE0005933956,2021-11-18,42.732
8351,ES0000012G00,2021-12-23,95.064041
1930,BE0974303357,2021-11-17,2.84
10392,FI0009003305,2021-11-22,44.01
19316,GRC4951193D4,2021-12-09,99.4
3944,DE0005557508,2021-11-24,16.938
4974,DE0006599905,2021-11-22,220.1
16791,GR0128016731,2021-09-10,110.45
3179,DE0001102457,2021-12-07,106.311081
641,AU3CB0258465,2021-11-18,66.363449
8075,ES0000012F43,2021-11-29,103.957512
11428,FR0000121014,2021-11-26,654.9
13749,FR0013176526,2021-11-25,27.67
3426,DE0002635307,2021-11-22,48.37
4717,DE0006047004,2021-11-23,65.36
11164,FR0000120628,2021-11-18,25.565
10135,FI0009000681,2021-11-23,4.982
17619,GRC1451184D4,2021-11-25,103.7
18007,GRC419120AD7,2021-11-12,101.6
19149,GRC4261213D5,2022-04-15,96.7
8586,ES0113900J37,2021-11-22,3.104
1420,BE0974271034,2021-11-25,4.63
15493,GR0118019679,2021-08-31,109.99
12972,FR0007054358,2021-11-22,43.595
12464,FR0000131906,2021-12-02,29.33
7038,DE000BASF111,2021-11-22,62.64
7554,ES00000121G2,2021-11-22,111.933266
16082,GR0124035693,2021-12-10,120.05
7299,DE000BAY0017,2021-11-25,47.685
14030,FR0013480613,2021-12-28,98.558868
5492,DE0007164600,2021-11-24,120.14
9617,EU000A1G0D39,2021-11-19,101.221
6266,DE000A0H0728,2021-11-24,22.888
6775,DE000A0H08R2,2021-11-15,21.08
127,100974271034,2021-11-22,4.52
20821,GRC8171186B7,2021-11-26,100.1
7800,ES0000012A89,2021-11-04,108.624901
21070,GRF000011004,2021-11-15,4.271
5234,DE0007100000,2021-11-24,86.72
12721,FR0000133308,2021-12-01,9.51
20304,GRC815117CD9,2021-11-25,97.0
4200,DE0005933931,2021-11-22,136.74
21797,GRF000023009,2021-09-09,30.5303
15041,GR0114031561,2021-11-29,108.5
2194,CH0198251305,2021-11-25,29.4
6531,DE000A0H08Q4,2021-12-03,76.38
14262,GB00B15KXV33,2021-11-22,6.5395947
9114,ES0173516115,2021-12-08,10.4
13229,FR0010315770,2021-11-19,282.08
16357,GR0124036709,2022-01-04,101.75
1676,BE0974293251,2021-11-23,53.02
5749,DE0008404005,2021-11-23,202.65
20462,GRC8161185B1,2021-07-08,101.5
9358,ES0178430E18,2021-11-18,3.9085
8352,ES0000012G00,2021-12-24,94.186928
8854,ES0144580Y14,2021-12-06,10.02
10908,FR0000120578,2021-11-22,88.9
10653,FR0000120271,2021-11-25,43.25
21317,GRF000014008,2021-10-29,10.6273
16792,GR0128016731,2021-09-13,110.95
11939,FR0000125486,2021-11-19,86.06
18008,GRC419120AD7,2021-11-15,101.4
4457,DE0005933956,2021-11-19,44.37
19317,GRC4951193D4,2021-12-10,99.1
8076,ES0000012F43,2021-11-30,103.957512
19150,GRC4261213D5,2022-04-18,97.1
3180,DE0001102457,2021-12-08,106.204262
642,AU3CB0258465,2021-11-19,66.959946
10393,FI0009003305,2021-11-23,43.95
3945,DE0005557508,2021-11-25,16.748
4975,DE0006599905,2021-11-23,220.8
11429,FR0000121014,2021-11-29,690.5
13750,FR0013176526,2021-11-26,28.4
3427,DE0002635307,2021-11-23,47.995
15494,GR0118019679,2021-09-01,109.42
4718,DE0006047004,2021-11-24,63.28
10136,FI0009000681,2021-11-24,5.142
11165,FR0000120628,2021-11-19,25.565
1933,BE0974303357,2021-11-22,2.92
7555,ES00000121G2,2021-11-23,111.953514
14031,FR0013480613,2021-12-29,99.919159
16083,GR0124035693,2021-12-13,119.0
1421,BE0974271034,2021-11-26,4.45
8587,ES0113900J37,2021-11-23,3.121
12465,FR0000131906,2021-12-03,29.03
7039,DE000BASF111,2021-11-23,62.95
17620,GRC1451184D4,2021-11-26,102.6
2906,DE0001102325,2021-11-16,104.9533
6267,DE000A0H0728,2021-11-25,23.136
12973,FR0007054358,2021-11-23,42.846
20822,GRC8171186B7,2021-11-29,100.1
6776,DE000A0H08R2,2021-11-16,20.975
5493,DE0007164600,2021-11-25,118.98
9618,EU000A1G0D39,2021-11-22,101.299
7300,DE000BAY0017,2021-11-26,47.47
128,100974271034,2021-11-23,4.74
7801,ES0000012A89,2021-11-05,109.095634
21071,GRF000011004,2021-11-16,4.2687
12722,FR0000133308,2021-12-02,9.614
5235,DE0007100000,2021-11-25,86.72
20305,GRC815117CD9,2021-11-26,99.5
16358,GR0124036709,2022-01-05,101.94
21798,GRF000023009,2021-09-10,30.719601
15042,GR0114031561,2021-11-30,108.39
4201,DE0005933931,2021-11-23,137.96
6532,DE000A0H08Q4,2021-12-06,75.09
9115,ES0173516115,2021-12-09,10.4
18009,GRC419120AD7,2021-11-16,101.3
8353,ES0000012G00,2021-12-27,92.624283
2195,CH0198251305,2021-11-26,29.17
20463,GRC8161185B1,2021-07-09,101.9
14263,GB00B15KXV33,2021-11-23,6.4253006
16793,GR0128016731,2021-09-14,110.45
19151,GRC4261213D5,2022-04-19,97.2
13230,FR0010315770,2021-11-22,277.61
16628,GR0124037715,2022-01-21,91.7
1677,BE0974293251,2021-11-24,51.86
5750,DE0008404005,2021-11-24,202.65
9359,ES0178430E18,2021-11-19,3.9
8855,ES0144580Y14,2021-12-07,10.23
10909,FR0000120578,2021-11-23,89.36
8077,ES0000012F43,2021-12-01,103.735855
10654,FR0000120271,2021-11-26,41.9
3181,DE0001102457,2021-12-09,105.38414
643,AU3CB0258465,2021-11-22,66.231277
19318,GRC4951193D4,2021-12-13,99.3
13475,FR0010510800,2021-11-03,103.408
21318,GRF000014008,2021-11-01,10.5752
4458,DE0005933956,2021-11-22,44.37
11940,FR0000125486,2021-11-22,88.21
15495,GR0118019679,2021-09-02,109.1
3946,DE0005557508,2021-11-26,16.61
10394,FI0009003305,2021-11-24,43.27
4976,DE0006599905,2021-11-24,215.3
7556,ES00000121G2,2021-11-24,111.886879
11430,FR0000121014,2021-11-30,626.8
13751,FR0013176526,2021-11-29,25.56
3428,DE0002635307,2021-11-24,47.685
4719,DE0006047004,2021-11-25,63.6
16084,GR0124035693,2021-12-14,119.7
10137,FI0009000681,2021-11-25,5.09
1934,BE0974303357,2021-11-23,2.96
11166,FR0000120628,2021-11-22,25.165
1422,BE0974271034,2021-11-29,4.45
12466,FR0000131906,2021-12-06,28.72
16629,GR0124037715,2022-01-24,91.7
8588,ES0113900J37,2021-11-24,3.1795
20823,GRC8171186B7,2021-11-30,100.1
7040,DE000BASF111,2021-11-24,63.02
16359,GR0124036709,2022-01-06,102.04
6268,DE000A0H0728,2021-11-26,22.856
14037,FR0013480613,2022-01-06,95.073586
6777,DE000A0H08R2,2021-11-17,21.095
9619,EU000A1G0D39,2021-11-23,101.277
18010,GRC419120AD7,2021-11-17,101.3
12974,FR0007054358,2021-11-24,42.47
5494,DE0007164600,2021-11-26,121.02
129,100974271034,2021-11-24,4.62
21072,GRF000011004,2021-11-17,4.2702
7301,DE000BAY0017,2021-11-29,47.8
12723,FR0000133308,2021-12-03,9.614
15043,GR0114031561,2021-12-01,108.52
19152,GRC4261213D5,2022-04-20,96.9
8354,ES0000012G00,2021-12-28,94.387077
5236,DE0007100000,2021-11-26,87.96
20306,GRC815117CD9,2021-11-29,100.0
21799,GRF000023009,2021-09-13,30.728399
16794,GR0128016731,2021-09-15,110.95
9116,ES0173516115,2021-12-10,10.31
6533,DE000A0H08Q4,2021-12-07,77.29
7802,ES0000012A89,2021-11-08,107.875496
4202,DE0005933931,2021-11-24,134.2
20464,GRC8161185B1,2021-07-12,101.5
2196,CH0198251305,2021-11-29,29.13
14264,GB00B15KXV33,2021-11-24,6.5678086
8078,ES0000012F43,2021-12-02,103.705193
13231,FR0010315770,2021-11-23,277.61
1678,BE0974293251,2021-11-25,52.44
3182,DE0001102457,2021-12-10,104.926003
5751,DE0008404005,2021-11-25,202.65
644,AU3CB0258465,2021-11-23,65.876671
8856,ES0144580Y14,2021-12-08,10.23
19319,GRC4951193D4,2021-12-14,99.5
9360,ES0178430E18,2021-11-22,4.1535
10910,FR0000120578,2021-11-24,88.38
10655,FR0000120271,2021-11-29,40.53
15496,GR0118019679,2021-09-03,109.5
16630,GR0124037715,2022-01-25,91.7
7557,ES00000121G2,2021-11-25,111.953514
4459,DE0005933956,2021-11-23,44.015
10395,FI0009003305,2021-11-25,43.15
21319,GRF000014008,2021-11-02,10.57
4977,DE0006599905,2021-11-25,215.7
16085,GR0124035693,2021-12-15,120.66
11941,FR0000125486,2021-11-23,88.78
18011,GRC419120AD7,2021-11-18,101.5
11431,FR0000121014,2021-12-01,694.9
13752,FR0013176526,2021-11-30,25.56
3429,DE0002635307,2021-11-25,47.685
4720,DE0006047004,2021-11-26,64.56
10138,FI0009000681,2021-11-26,5.109
16360,GR0124036709,2022-01-07,101.76
14038,FR0013480613,2022-01-07,94.570969
1935,BE0974303357,2021-11-24,2.94
11167,FR0000120628,2021-11-23,25.165
19153,GRC4261213D5,2022-04-21,97.0
1423,BE0974271034,2021-11-30,4.57
20824,GRC8171186B7,2021-12-01,99.0
12467,FR0000131906,2021-12-07,30.95
6269,DE000A0H0728,2021-11-29,22.028
8355,ES0000012G00,2021-12-29,92.75351
7041,DE000BASF111,2021-11-25,62.01
16795,GR0128016731,2021-09-16,111.85
9620,EU000A1G0D39,2021-11-24,101.277
6778,DE000A0H08R2,2021-11-18,21.095
12975,FR0007054358,2021-11-25,42.41
8589,ES0113900J37,2021-11-25,3.0635
21073,GRF000011004,2021-11-18,4.2361
5495,DE0007164600,2021-11-29,114.7
130,100974271034,2021-11-25,4.59
12724,FR0000133308,2021-12-06,9.219
21800,GRF000023009,2021-09-14,30.7857
9117,ES0173516115,2021-12-13,10.1
5237,DE0007100000,2021-11-29,81.71
7302,DE000BAY0017,2021-11-30,45.55
17622,GRC1451184D4,2021-11-30,103.0
20465,GRC8161185B1,2021-07-13,101.5
16631,GR0124037715,2022-01-26,91.9
6534,DE000A0H08Q4,2021-12-08,77.19
20307,GRC815117CD9,2021-11-30,100.0
7803,ES0000012A89,2021-11-09,109.198593
8079,ES0000012F43,2021-12-03,103.436317
4203,DE0005933931,2021-11-25,133.64
2197,CH0198251305,2021-11-30,28.02
3183,DE0001102457,2021-12-13,105.38414
645,AU3CB0258465,2021-11-24,66.231277
14265,GB00B15KXV33,2021-11-25,6.5395947
19320,GRC4951193D4,2021-12-15,100.3
15497,GR0118019679,2021-09-06,109.42
13232,FR0010315770,2021-11-24,280.97
1679,BE0974293251,2021-11-26,50.25
5752,DE0008404005,2021-11-26,205.65
8857,ES0144580Y14,2021-12-09,10.23
9361,ES0178430E18,2021-11-23,4.2485
10911,FR0000120578,2021-11-25,87.31
18012,GRC419120AD7,2021-11-19,101.4
7558,ES00000121G2,2021-11-26,111.873566
10656,FR0000120271,2021-11-30,41.2
4460,DE0005933956,2021-11-24,43.515
16361,GR0124036709,2022-01-10,101.58
19154,GRC4261213D5,2022-04-22,97.0
16086,GR0124035693,2021-12-16,119.53
10396,FI0009003305,2021-11-26,43.94
14039,FR0013480613,2022-01-10,95.073586
21320,GRF000014008,2021-11-03,10.6289
4978,DE0006599905,2021-11-26,216.0
11942,FR0000125486,2021-11-24,90.58
13753,FR0013176526,2021-12-01,25.54
11432,FR0000121014,2021-12-02,686.6
3430,DE0002635307,2021-11-26,47.755
4721,DE0006047004,2021-11-29,60.76
10139,FI0009000681,2021-11-29,4.918
16796,GR0128016731,2021-09-17,113.14
1936,BE0974303357,2021-11-25,3.0
16632,GR0124037715,2022-01-27,91.7
11168,FR0000120628,2021-11-24,25.395
1424,BE0974271034,2021-12-01,4.74
3955,DE0005557508,2021-12-09,16.07
20825,GRC8171186B7,2021-12-02,100.0
12468,FR0000131906,2021-12-08,29.91
6270,DE000A0H0728,2021-11-30,22.04
9621,EU000A1G0D39,2021-11-25,101.277
6779,DE000A0H08R2,2021-11-19,21.095
21074,GRF000011004,2021-11-19,4.2811
7042,DE000BASF111,2021-11-26,61.52
12976,FR0007054358,2021-11-26,42.56
131,100974271034,2021-11-26,4.59
8356,ES0000012G00,2021-12-30,93.740309
8590,ES0113900J37,2021-11-26,3.0785
12725,FR0000133308,2021-12-07,9.395
9118,ES0173516115,2021-12-14,9.89
9847,EU000A1U9985,2021-10-12,100.596
20466,GRC8161185B1,2021-07-14,101.5
8080,ES0000012F43,2021-12-06,103.964325
21801,GRF000023009,2021-09-15,30.7857
5496,DE0007164600,2021-11-30,115.68
6535,DE000A0H08Q4,2021-12-09,75.95
5238,DE0007100000,2021-11-30,88.42
3184,DE0001102457,2021-12-14,105.38414
646,AU3CB0258465,2021-11-25,66.343719
7303,DE000BAY0017,2021-12-01,44.615
20308,GRC815117CD9,2021-12-01,97.0
18013,GRC419120AD7,2021-11-22,101.4
4204,DE0005933931,2021-11-26,135.0
15498,GR0118019679,2021-09-07,108.94
2198,CH0198251305,2021-12-01,27.33
19321,GRC4951193D4,2021-12-16,99.9
14266,GB00B15KXV33,2021-11-26,6.2343779
15047,GR0114031561,2021-12-07,108.43
7804,ES0000012A89,2021-11-10,108.692993
7559,ES00000121G2,2021-11-29,111.93618
13233,FR0010315770,2021-11-25,283.27
19155,GRC4261213D5,2022-04-25,95.0
8858,ES0144580Y14,2021-12-10,10.01
1680,BE0974293251,2021-11-29,49.145
9362,ES0178430E18,2021-11-24,4.2485
5753,DE0008404005,2021-11-29,199.08
16362,GR0124036709,2022-01-11,100.25
10912,FR0000120578,2021-11-26,84.79
16633,GR0124037715,2022-01-28,91.6
10657,FR0000120271,2021-12-01,43.12
14040,FR0013480613,2022-01-11,94.31971
16087,GR0124035693,2021-12-17,120.3
4461,DE0005933956,2021-11-25,43.365
16797,GR0128016731,2021-09-20,113.14
21321,GRF000014008,2021-11-04,10.6342
10397,FI0009003305,2021-11-29,43.06
4979,DE0006599905,2021-11-29,220.5
13754,FR0013176526,2021-12-02,24.57
11943,FR0000125486,2021-11-25,91.6
11433,FR0000121014,2021-12-03,697.5
3431,DE0002635307,2021-11-29,47.755
4722,DE0006047004,2021-11-30,59.78
10140,FI0009000681,2021-11-30,5.019
1937,BE0974303357,2021-11-26,3.0
11169,FR0000120628,2021-11-25,25.395
20826,GRC8171186B7,2021-12-03,100.1
1425,BE0974271034,2021-12-02,4.47
6271,DE000A0H0728,2021-12-01,22.29
8357,ES0000012G00,2021-12-31,90.766701
12469,FR0000131906,2021-12-09,30.1
8081,ES0000012F43,2021-12-07,104.772461
18014,GRC419120AD7,2021-11-23,101.2
9622,EU000A1G0D39,2021-11-26,101.262
3956,DE0005557508,2021-12-10,16.122
21075,GRF000011004,2021-11-22,4.2811
6780,DE000A0H08R2,2021-11-22,20.95
12977,FR0007054358,2021-11-29,40.54
20467,GRC8161185B1,2021-07-15,101.0
9119,ES0173516115,2021-12-15,10.1
7043,DE000BASF111,2021-11-29,58.29
132,100974271034,2021-11-29,4.56
12726,FR0000133308,2021-12-08,9.277
21802,GRF000023009,2021-09-16,30.820101
9848,EU000A1U9985,2021-10-13,100.596
3185,DE0001102457,2021-12-15,104.745003
6536,DE000A0H08Q4,2021-12-10,76.4
647,AU3CB0258465,2021-11-26,66.861366
16634,GR0124037715,2022-01-31,91.5
8591,ES0113900J37,2021-11-29,3.0835
15499,GR0118019679,2021-09-08,109.99
5239,DE0007100000,2021-12-01,87.96
19156,GRC4261213D5,2022-04-26,95.3
5498,DE0007164600,2021-12-02,114.94
19322,GRC4951193D4,2021-12-17,99.9
15048,GR0114031561,2021-12-08,108.42
20309,GRC815117CD9,2021-12-02,100.0
4205,DE0005933931,2021-11-29,128.0
7304,DE000BAY0017,2021-12-02,44.99
16363,GR0124036709,2022-01-12,101.75
17624,GRC1451184D4,2021-12-02,102.9
2199,CH0198251305,2021-12-02,28.03
14267,GB00B15KXV33,2021-11-29,5.8186569
14041,FR0013480613,2022-01-12,94.846001
8859,ES0144580Y14,2021-12-13,10.23
13234,FR0010315770,2021-11-26,277.61
1681,BE0974293251,2021-11-30,51.86
9363,ES0178430E18,2021-11-25,4.044
10913,FR0000120578,2021-11-29,83.31
7563,ES00000121G2,2021-12-03,111.758118
16798,GR0128016731,2021-09-21,112.53
5754,DE0008404005,2021-11-30,193.94
16088,GR0124035693,2021-12-20,120.3
10658,FR0000120271,2021-12-02,42.4
7805,ES0000012A89,2021-11-11,109.443001
4462,DE0005933956,2021-11-26,43.515
21322,GRF000014008,2021-11-05,10.6851
10398,FI0009003305,2021-11-30,43.09
4980,DE0006599905,2021-11-30,220.1
18015,GRC419120AD7,2021-11-24,101.5
13755,FR0013176526,2021-12-03,26.54
3432,DE0002635307,2021-11-30,46.45
11434,FR0000121014,2021-12-06,685.0
11944,FR0000125486,2021-11-26,91.77
4723,DE0006047004,2021-12-01,59.2
10141,FI0009000681,2021-12-01,4.916
8082,ES0000012F43,2021-12-08,104.23838
1938,BE0974303357,2021-11-29,2.96
1426,BE0974271034,2021-12-03,4.41
11170,FR0000120628,2021-11-26,25.165
20827,GRC8171186B7,2021-12-06,100.1
9623,EU000A1G0D39,2021-11-29,101.117
6272,DE000A0H0728,2021-12-02,23.136
12470,FR0000131906,2021-12-10,32.93
21076,GRF000011004,2021-11-23,4.2236
9120,ES0173516115,2021-12-16,10.06
19157,GRC4261213D5,2022-04-27,95.0
3186,DE0001102457,2021-12-16,104.745003
15500,GR0118019679,2021-09-09,108.6
6781,DE000A0H08R2,2021-11-23,21.245
648,AU3CB0258465,2021-11-29,66.616348
12978,FR0007054358,2021-11-30,40.765
3957,DE0005557508,2021-12-13,15.956
20469,GRC8161185B1,2021-07-19,101.8
7044,DE000BASF111,2021-11-30,58.29
21803,GRF000023009,2021-09-17,30.820101
6537,DE000A0H08Q4,2021-12-13,75.49
133,100974271034,2021-11-30,4.7
12727,FR0000133308,2021-12-09,9.307
15049,GR0114031561,2021-12-09,108.43
19323,GRC4951193D4,2021-12-20,99.7
5240,DE0007100000,2021-12-02,87.71
8592,ES0113900J37,2021-11-30,2.8844
9849,EU000A1U9985,2021-10-14,100.596
5499,DE0007164600,2021-12-03,113.32
8362,ES0000012G00,2022-01-07,89.637054
14042,FR0013480613,2022-01-13,94.490555
4206,DE0005933931,2021-11-30,129.92
20310,GRC815117CD9,2021-12-03,100.0
14268,GB00B15KXV33,2021-11-30,6.5395947
2200,CH0198251305,2021-12-03,28.34
16799,GR0128016731,2021-09-22,112.81
7305,DE000BAY0017,2021-12-03,44.99
7564,ES00000121G2,2021-12-06,111.747849
16089,GR0124035693,2021-12-21,119.0
8860,ES0144580Y14,2021-12-14,10.23
13235,FR0010315770,2021-11-29,274.35
1682,BE0974293251,2021-12-01,51.99
9364,ES0178430E18,2021-11-26,4.0365
10914,FR0000120578,2021-11-30,83.31
18016,GRC419120AD7,2021-11-25,101.1
5755,DE0008404005,2021-12-01,196.04
10659,FR0000120271,2021-12-03,42.03
21323,GRF000014008,2021-11-08,10.6851
4463,DE0005933956,2021-11-29,41.085
7806,ES0000012A89,2021-11-12,107.875496
10399,FI0009003305,2021-12-01,42.36
8083,ES0000012F43,2021-12-09,103.481514
4981,DE0006599905,2021-12-01,218.5
13756,FR0013176526,2021-12-06,26.48
3433,DE0002635307,2021-12-01,45.915
19158,GRC4261213D5,2022-04-28,96.7
11435,FR0000121014,2021-12-07,686.6
11945,FR0000125486,2021-11-29,84.02
10142,FI0009000681,2021-12-02,5.07
15501,GR0118019679,2021-09-10,109.5
1939,BE0974303357,2021-11-30,2.92
4724,DE0006047004,2021-12-02,59.2
3187,DE0001102457,2021-12-17,104.745003
649,AU3CB0258465,2021-11-30,66.29538
1427,BE0974271034,2021-12-06,4.38
9121,ES0173516115,2021-12-17,10.0
11171,FR0000120628,2021-11-29,25.47
21077,GRF000011004,2021-11-24,4.2468
6273,DE000A0H0728,2021-12-03,21.266
20828,GRC8171186B7,2021-12-07,100.0
12471,FR0000131906,2021-12-13,29.79
20470,GRC8161185B1,2021-07-20,101.8
6782,DE000A0H08R2,2021-11-24,20.975
9625,EU000A1G0D39,2021-12-01,101.309
6538,DE000A0H08Q4,2021-12-14,76.74
21804,GRF000023009,2021-09-20,30.820101
12979,FR0007054358,2021-12-01,42.41
12728,FR0000133308,2021-12-10,9.353
134,100974271034,2021-12-01,4.56
7045,DE000BASF111,2021-12-01,62.85
15050,GR0114031561,2021-12-10,108.4
3958,DE0005557508,2021-12-14,15.89
19324,GRC4951193D4,2021-12-21,99.3
14043,FR0013480613,2022-01-14,96.154999
16800,GR0128016731,2021-09-23,112.8
8593,ES0113900J37,2021-12-01,2.75
7565,ES00000121G2,2021-12-07,111.716202
4207,DE0005933931,2021-12-01,129.28
18017,GRC419120AD7,2021-11-26,101.2
20311,GRC815117CD9,2021-12-06,100.0
14269,GB00B15KXV33,2021-12-01,6.5487647
2201,CH0198251305,2021-12-06,27.7
16090,GR0124035693,2021-12-22,119.09
7306,DE000BAY0017,2021-12-06,48.08
17626,GRC1451184D4,2021-12-06,102.7
5243,DE0007100000,2021-12-07,85.8
8861,ES0144580Y14,2021-12-15,10.23
8363,ES0000012G00,2022-01-10,89.637054
13236,FR0010315770,2021-11-30,277.86
5502,DE0007164600,2021-12-08,119.04
9365,ES0178430E18,2021-11-29,4.044
10915,FR0000120578,2021-12-01,87.85
1683,BE0974293251,2021-12-02,50.84
5756,DE0008404005,2021-12-02,199.08
19159,GRC4261213D5,2022-04-29,96.7
10660,FR0000120271,2021-12-06,42.03
21324,GRF000014008,2021-11-09,10.6986
8084,ES0000012F43,2021-12-10,103.481514
4464,DE0005933956,2021-11-30,41.085
16637,GR0124037715,2022-02-03,96.3
10400,FI0009003305,2021-12-02,42.65
15502,GR0118019679,2021-09-13,109.38
13757,FR0013176526,2021-12-07,26.1
4982,DE0006599905,2021-12-02,215.4
3434,DE0002635307,2021-12-02,44.825
3188,DE0001102457,2021-12-20,105.299278
11436,FR0000121014,2021-12-08,725.0
650,AU3CB0258465,2021-12-01,65.973717
10143,FI0009000681,2021-12-03,4.97
7807,ES0000012A89,2021-11-15,107.875496
9122,ES0173516115,2021-12-20,9.94
11946,FR0000125486,2021-11-30,90.15
1940,BE0974303357,2021-12-01,3.0
4725,DE0006047004,2021-12-03,59.2
20471,GRC8161185B1,2021-07-21,102.2
21078,GRF000011004,2021-11-25,4.2468
20829,GRC8171186B7,2021-12-08,100.8
1428,BE0974271034,2021-12-07,4.32
6274,DE000A0H0728,2021-12-06,22.33
16364,GR0124036709,2022-01-13,102.97
14044,FR0013480613,2022-01-17,96.807999
11172,FR0000120628,2021-11-30,24.235
12472,FR0000131906,2021-12-14,29.39
9626,EU000A1G0D39,2021-12-02,101.277
6539,DE000A0H08Q4,2021-12-15,75.01
16801,GR0128016731,2021-09-24,113.24
15051,GR0114031561,2021-12-13,108.36
21805,GRF000023009,2021-09-21,30.820101
6783,DE000A0H08R2,2021-11-25,21.425
19325,GRC4951193D4,2021-12-22,99.8
18018,GRC419120AD7,2021-11-29,101.3
135,100974271034,2021-12-02,4.61
7046,DE000BASF111,2021-12-02,62.95
12980,FR0007054358,2021-12-02,41.268
3959,DE0005557508,2021-12-15,15.89
7566,ES00000121G2,2021-12-08,111.607742
12729,FR0000133308,2021-12-13,9.275
20312,GRC815117CD9,2021-12-07,100.0
16091,GR0124035693,2021-12-23,119.0
8594,ES0113900J37,2021-12-02,2.822
4208,DE0005933931,2021-12-02,135.58
8364,ES0000012G00,2022-01-11,89.369331
2202,CH0198251305,2021-12-07,29.3
17627,GRC1451184D4,2021-12-07,102.5
5244,DE0007100000,2021-12-08,85.8
14271,GB00B15KXV33,2021-12-03,5.5678177
19160,GRC4261213D5,2022-05-02,96.9
8862,ES0144580Y14,2021-12-16,10.19
7307,DE000BAY0017,2021-12-07,44.99
8085,ES0000012F43,2021-12-13,104.120262
10916,FR0000120578,2021-12-02,85.84
9366,ES0178430E18,2021-11-30,3.9615
13237,FR0010315770,2021-12-01,277.61
1684,BE0974293251,2021-12-03,49.91
21325,GRF000014008,2021-11-10,10.7174
5503,DE0007164600,2021-12-09,118.56
5757,DE0008404005,2021-12-03,198.78
10661,FR0000120271,2021-12-07,43.44
15503,GR0118019679,2021-09-14,109.09
4465,DE0005933956,2021-12-01,43.42
3189,DE0001102457,2021-12-21,105.329216
651,AU3CB0258465,2021-12-02,65.523453
10401,FI0009003305,2021-12-03,43.41
13758,FR0013176526,2021-12-08,27.67
3435,DE0002635307,2021-12-03,45.895
4983,DE0006599905,2021-12-03,216.4
11437,FR0000121014,2021-12-09,697.5
18019,GRC419120AD7,2021-11-30,101.1
14045,FR0013480613,2022-01-18,95.663239
9123,ES0173516115,2021-12-21,9.84
7808,ES0000012A89,2021-11-16,108.857826
10144,FI0009000681,2021-12-06,4.919
21079,GRF000011004,2021-11-26,4.1904
15052,GR0114031561,2021-12-14,108.39
1941,BE0974303357,2021-12-02,2.94
20830,GRC8171186B7,2021-12-09,99.7
6275,DE000A0H0728,2021-12-07,22.856
9627,EU000A1G0D39,2021-12-03,101.31
6540,DE000A0H08Q4,2021-12-16,73.39
1429,BE0974271034,2021-12-08,4.41
19326,GRC4951193D4,2021-12-23,99.2
12473,FR0000131906,2021-12-15,29.02
4726,DE0006047004,2021-12-06,63.64
21806,GRF000023009,2021-09-22,30.8437
11173,FR0000120628,2021-12-01,25.395
6784,DE000A0H08R2,2021-11-26,21.315
7567,ES00000121G2,2021-12-09,111.58268
136,100974271034,2021-12-03,4.87
7047,DE000BASF111,2021-12-03,58.04
12981,FR0007054358,2021-12-03,43.435
11949,FR0000125486,2021-12-03,86.74
8365,ES0000012G00,2022-01-12,93.369003
3960,DE0005557508,2021-12-16,15.956
16092,GR0124035693,2021-12-24,118.7
19161,GRC4261213D5,2022-05-03,95.7
12730,FR0000133308,2021-12-14,9.286
8595,ES0113900J37,2021-12-03,2.7925
2203,CH0198251305,2021-12-08,27.7
8086,ES0000012F43,2021-12-14,104.120262
14272,GB00B15KXV33,2021-12-06,5.7092538
5245,DE0007100000,2021-12-09,85.96
8863,ES0144580Y14,2021-12-17,9.8
15504,GR0118019679,2021-09-15,109.19
7308,DE000BAY0017,2021-12-08,44.4
10917,FR0000120578,2021-12-03,84.19
9367,ES0178430E18,2021-12-01,3.909
21326,GRF000014008,2021-11-11,10.6342
20315,GRC815117CD9,2021-12-10,100.0
4209,DE0005933931,2021-12-03,132.82
13238,FR0010315770,2021-12-02,277.61
1685,BE0974293251,2021-12-06,49.91
18020,GRC419120AD7,2021-12-01,101.2
5504,DE0007164600,2021-12-10,117.56
3190,DE0001102457,2021-12-22,105.299278
3641,DE0005552004,2021-09-22,57.76
652,AU3CB0258465,2021-12-03,65.406784
5758,DE0008404005,2021-12-06,198.78
10662,FR0000120271,2021-12-08,43.74
4466,DE0005933956,2021-12-02,41.89
14046,FR0013480613,2022-01-19,96.154999
10402,FI0009003305,2021-12-06,43.9
13759,FR0013176526,2021-12-09,27.32
9124,ES0173516115,2021-12-22,10.08
3436,DE0002635307,2021-12-06,45.87
4984,DE0006599905,2021-12-06,216.4
7809,ES0000012A89,2021-11-17,108.857826
11438,FR0000121014,2021-12-10,697.5
15053,GR0114031561,2021-12-15,108.4
16803,GR0128016731,2021-09-28,113.3
10145,FI0009000681,2021-12-07,5.09
21080,GRF000011004,2021-11-29,4.1904
19327,GRC4951193D4,2021-12-24,99.2
20831,GRC8171186B7,2021-12-10,99.7
9628,EU000A1G0D39,2021-12-06,101.298
6541,DE000A0H08Q4,2021-12-17,75.12
7568,ES00000121G2,2021-12-10,111.59977
1942,BE0974303357,2021-12-03,2.91
6276,DE000A0H0728,2021-12-08,22.856
21807,GRF000023009,2021-09-23,30.8873
1430,BE0974271034,2021-12-09,4.59
20473,GRC8161185B1,2021-07-23,102.6
4727,DE0006047004,2021-12-07,61.08
12474,FR0000131906,2021-12-16,28.865
6785,DE000A0H08R2,2021-11-29,20.555
11174,FR0000120628,2021-12-02,25.395
8366,ES0000012G00,2022-01-13,92.853996
137,100974271034,2021-12-06,4.27
7048,DE000BASF111,2021-12-06,58.44
12982,FR0007054358,2021-12-06,43.025
19162,GRC4261213D5,2022-05-04,97.8
3961,DE0005557508,2021-12-17,16.124
8087,ES0000012F43,2021-12-15,103.705193
16093,GR0124035693,2021-12-27,118.7
12731,FR0000133308,2021-12-15,9.19
11951,FR0000125486,2021-12-07,87.11
2204,CH0198251305,2021-12-09,28.8
15505,GR0118019679,2021-09-16,108.83
18021,GRC419120AD7,2021-12-02,101.2
8596,ES0113900J37,2021-12-06,2.7925
14273,GB00B15KXV33,2021-12-07,5.7431355
17629,GRC1451184D4,2021-12-09,103.3
8864,ES0144580Y14,2021-12-20,9.74
3191,DE0001102457,2021-12-23,104.983414
21327,GRF000014008,2021-11-12,10.6833
653,AU3CB0258465,2021-12-06,65.290611
10918,FR0000120578,2021-12-06,81.55
9368,ES0178430E18,2021-12-02,3.84
13239,FR0010315770,2021-12-03,272.06
1686,BE0974293251,2021-12-07,51.72
20316,GRC815117CD9,2021-12-13,100.0
4467,DE0005933956,2021-12-03,42.32
7309,DE000BAY0017,2021-12-09,45.8
10663,FR0000120271,2021-12-09,43.92
5505,DE0007164600,2021-12-13,117.56
5759,DE0008404005,2021-12-07,201.0
16804,GR0128016731,2021-09-29,112.8
9125,ES0173516115,2021-12-23,10.15
13760,FR0013176526,2021-12-10,27.48
15054,GR0114031561,2021-12-16,108.47
10403,FI0009003305,2021-12-07,44.35
3437,DE0002635307,2021-12-07,46.64
7810,ES0000012A89,2021-11-18,108.929482
7569,ES00000121G2,2021-12-13,111.569595
4985,DE0006599905,2021-12-07,216.4
19328,GRC4951193D4,2021-12-27,99.7
11439,FR0000121014,2021-12-13,734.7
21081,GRF000011004,2021-11-30,4.1515
10146,FI0009000681,2021-12-08,5.259
9629,EU000A1G0D39,2021-12-07,101.306
20832,GRC8171186B7,2021-12-13,99.7
6542,DE000A0H08Q4,2021-12-20,73.98
20474,GRC8161185B1,2021-07-26,102.5
21808,GRF000023009,2021-09-24,30.8264
4210,DE0005933931,2021-12-06,129.89
1943,BE0974303357,2021-12-06,2.93
6277,DE000A0H0728,2021-12-09,21.52
1431,BE0974271034,2021-12-10,4.59
12475,FR0000131906,2021-12-17,29.505
4728,DE0006047004,2021-12-08,61.58
6786,DE000A0H08R2,2021-11-30,20.605
11175,FR0000120628,2021-12-03,25.105
19163,GRC4261213D5,2022-05-05,97.1
8367,ES0000012G00,2022-01-14,90.175179
138,100974271034,2021-12-07,4.46
5248,DE0007100000,2021-12-14,74.2
8088,ES0000012F43,2021-12-16,104.120262
7049,DE000BASF111,2021-12-07,58.04
18022,GRC419120AD7,2021-12-03,101.2
15506,GR0118019679,2021-09-17,108.92
16094,GR0124035693,2021-12-28,119.66
3962,DE0005557508,2021-12-20,16.108
12983,FR0007054358,2021-12-07,43.435
12732,FR0000133308,2021-12-16,9.328
2205,CH0198251305,2021-12-10,29.01
17630,GRC1451184D4,2021-12-10,102.7
3192,DE0001102457,2021-12-24,104.983414
14274,GB00B15KXV33,2021-12-08,6.554667
654,AU3CB0258465,2021-12-07,65.561516
8597,ES0113900J37,2021-12-07,2.7925
11952,FR0000125486,2021-12-08,85.19
8865,ES0144580Y14,2021-12-21,9.8
21328,GRF000014008,2021-11-15,10.6342
16805,GR0128016731,2021-09-30,113.4
10919,FR0000120578,2021-12-07,84.35
9369,ES0178430E18,2021-12-03,3.7385
13240,FR0010315770,2021-12-06,271.42
1687,BE0974293251,2021-12-08,51.86
4468,DE0005933956,2021-12-06,42.035
10664,FR0000120271,2021-12-10,43.92
9126,ES0173516115,2021-12-24,10.37
5760,DE0008404005,2021-12-08,205.05
15055,GR0114031561,2021-12-17,108.45
7310,DE000BAY0017,2021-12-10,47.305
7570,ES00000121G2,2021-12-14,111.523552
5506,DE0007164600,2021-12-14,122.36
13761,FR0013176526,2021-12-13,27.61
7811,ES0000012A89,2021-11-19,109.310295
3438,DE0002635307,2021-12-08,47.555
10404,FI0009003305,2021-12-08,44.94
4986,DE0006599905,2021-12-08,220.2
9630,EU000A1G0D39,2021-12-08,101.306
11440,FR0000121014,2021-12-14,710.0
6543,DE000A0H08Q4,2021-12-21,75.95
20833,GRC8171186B7,2021-12-14,100.0
10147,FI0009000681,2021-12-09,5.165
21809,GRF000023009,2021-09-27,30.928
18023,GRC419120AD7,2021-12-06,101.4
8368,ES0000012G00,2022-01-17,90.320473
6278,DE000A0H0728,2021-12-10,21.414
1944,BE0974303357,2021-12-07,2.9
12476,FR0000131906,2021-12-20,29.505
1432,BE0974271034,2021-12-13,4.6
8089,ES0000012F43,2021-12-17,103.758003
19164,GRC4261213D5,2022-05-06,98.0
6787,DE000A0H08R2,2021-12-01,20.45
4729,DE0006047004,2021-12-09,59.2
11176,FR0000120628,2021-12-06,25.105
15507,GR0118019679,2021-09-20,109.51
139,100974271034,2021-12-08,4.52
5249,DE0007100000,2021-12-15,72.05
7050,DE000BASF111,2021-12-08,61.14
4211,DE0005933931,2021-12-07,130.56
19329,GRC4951193D4,2021-12-28,98.1
3963,DE0005557508,2021-12-21,16.052
16095,GR0124035693,2021-12-29,119.7
3193,DE0001102457,2021-12-27,104.734779
655,AU3CB0258465,2021-12-08,65.561516
12733,FR0000133308,2021-12-17,9.221
12984,FR0007054358,2021-12-08,41.23
16806,GR0128016731,2021-10-01,111.53
2206,CH0198251305,2021-12-13,28.8
14275,GB00B15KXV33,2021-12-09,6.1100521
17632,GRC1451184D4,2021-12-14,102.6
21329,GRF000014008,2021-11-16,10.57
8866,ES0144580Y14,2021-12-22,9.88
11953,FR0000125486,2021-12-09,87.13
20326,GRC815117CD9,2021-12-27,100.0
10920,FR0000120578,2021-12-08,84.19
7571,ES00000121G2,2021-12-15,111.482925
15056,GR0114031561,2021-12-20,108.43
9127,ES0173516115,2021-12-27,10.08
13241,FR0010315770,2021-12-07,271.42
1688,BE0974293251,2021-12-09,51.14
4469,DE0005933956,2021-12-07,41.29
8598,ES0113900J37,2021-12-08,2.75
5761,DE0008404005,2021-12-09,205.05
5507,DE0007164600,2021-12-15,120.14
7812,ES0000012A89,2021-11-22,109.397278
13762,FR0013176526,2021-12-14,27.38
7311,DE000BAY0017,2021-12-13,46.74
3439,DE0002635307,2021-12-09,47.495
14047,FR0013480613,2022-01-20,96.045883
10405,FI0009003305,2021-12-09,43.58
9631,EU000A1G0D39,2021-12-09,101.285
19165,GRC4261213D5,2022-05-09,96.3
6544,DE000A0H08Q4,2021-12-22,75.97
20834,GRC8171186B7,2021-12-15,100.0
4987,DE0006599905,2021-12-09,221.2
11441,FR0000121014,2021-12-15,709.0
10667,FR0000120271,2021-12-15,43.73
21810,GRF000023009,2021-09-28,30.9515
8090,ES0000012F43,2021-12-20,104.276573
10148,FI0009000681,2021-12-10,5.25
9374,ES0178430E18,2021-12-10,3.6955
6279,DE000A0H0728,2021-12-13,21.578
1945,BE0974303357,2021-12-08,2.9
15508,GR0118019679,2021-09-21,109.51
20476,GRC8161185B1,2021-07-28,102.8
12477,FR0000131906,2021-12-21,30.73
1433,BE0974271034,2021-12-14,4.54
6788,DE000A0H08R2,2021-12-02,20.46
11177,FR0000120628,2021-12-07,25.465
140,100974271034,2021-12-09,4.48
4730,DE0006047004,2021-12-10,59.2
5250,DE0007100000,2021-12-16,72.09
16807,GR0128016731,2021-10-04,111.8
3194,DE0001102457,2021-12-28,104.734779
4212,DE0005933931,2021-12-08,133.84
656,AU3CB0258465,2021-12-09,65.737862
16096,GR0124035693,2021-12-30,118.9
3964,DE0005557508,2021-12-22,15.962
19330,GRC4951193D4,2021-12-29,99.1
12734,FR0000133308,2021-12-20,9.305
7051,DE000BASF111,2021-12-09,58.04
12985,FR0007054358,2021-12-09,42.0
2207,CH0198251305,2021-12-14,28.8
8369,ES0000012G00,2022-01-18,94.48679
14276,GB00B15KXV33,2021-12-10,6.0199618
21330,GRF000014008,2021-11-17,10.6656
8867,ES0144580Y14,2021-12-23,9.75
7572,ES00000121G2,2021-12-16,111.456657
17634,GRC1451184D4,2021-12-16,102.7
15057,GR0114031561,2021-12-21,108.36
20327,GRC815117CD9,2021-12-28,100.0
10921,FR0000120578,2021-12-09,84.6
9128,ES0173516115,2021-12-28,10.5
11954,FR0000125486,2021-12-10,87.13
19166,GRC4261213D5,2022-05-10,96.7
13242,FR0010315770,2021-12-08,272.06
4470,DE0005933956,2021-12-08,41.43
1689,BE0974293251,2021-12-10,52.44
8599,ES0113900J37,2021-12-09,2.822
5508,DE0007164600,2021-12-16,122.32
5762,DE0008404005,2021-12-10,200.9
8091,ES0000012F43,2021-12-21,104.167969
9632,EU000A1G0D39,2021-12-10,101.298
13763,FR0013176526,2021-12-15,26.79
6545,DE000A0H08Q4,2021-12-23,75.97
3440,DE0002635307,2021-12-10,47.2
10406,FI0009003305,2021-12-10,44.66
20835,GRC8171186B7,2021-12-16,100.0
7312,DE000BAY0017,2021-12-14,46.525
15509,GR0118019679,2021-09-22,109.51
21811,GRF000023009,2021-09-29,30.661
4988,DE0006599905,2021-12-10,223.7
7813,ES0000012A89,2021-11-23,107.875496
11442,FR0000121014,2021-12-16,701.6
10668,FR0000120271,2021-12-16,43.46
10149,FI0009000681,2021-12-13,5.25
6280,DE000A0H0728,2021-12-14,21.578
9375,ES0178430E18,2021-12-13,3.6955
1946,BE0974303357,2021-12-09,2.9
12478,FR0000131906,2021-12-22,28.125
1434,BE0974271034,2021-12-15,4.43
16808,GR0128016731,2021-10-05,111.61
6789,DE000A0H08R2,2021-12-03,20.495
3195,DE0001102457,2021-12-29,104.634827
657,AU3CB0258465,2021-12-10,65.922165
141,100974271034,2021-12-10,4.5
11178,FR0000120628,2021-12-08,25.395
5251,DE0007100000,2021-12-17,71.02
16097,GR0124035693,2021-12-31,119.7
4731,DE0006047004,2021-12-13,63.64
4213,DE0005933931,2021-12-09,133.3
3965,DE0005557508,2021-12-23,16.07
8370,ES0000012G00,2022-01-19,89.828201
18024,GRC419120AD7,2021-12-07,100.9
12735,FR0000133308,2021-12-21,9.26
7573,ES00000121G2,2021-12-17,111.403923
19333,GRC4951193D4,2022-01-03,100.0
2208,CH0198251305,2021-12-15,28.6
21331,GRF000014008,2021-11-18,10.6562
14277,GB00B15KXV33,2021-12-13,6.0079818
12986,FR0007054358,2021-12-10,41.75
15058,GR0114031561,2021-12-22,108.39
14048,FR0013480613,2022-01-21,94.630943
8868,ES0144580Y14,2021-12-24,9.88
19167,GRC4261213D5,2022-05-11,96.2
9129,ES0173516115,2021-12-29,10.08
10922,FR0000120578,2021-12-10,84.35
7052,DE000BASF111,2021-12-10,58.04
20328,GRC815117CD9,2021-12-29,100.0
17636,GRC1451184D4,2021-12-20,102.9
8092,ES0000012F43,2021-12-22,104.090279
13243,FR0010315770,2021-12-09,277.61
11955,FR0000125486,2021-12-13,87.64
1690,BE0974293251,2021-12-13,50.9
4471,DE0005933956,2021-12-09,41.29
15510,GR0118019679,2021-09-23,109.51
9633,EU000A1G0D39,2021-12-13,101.298
6546,DE000A0H08Q4,2021-12-24,75.8
5509,DE0007164600,2021-12-17,121.24
5763,DE0008404005,2021-12-13,198.58
13764,FR0013176526,2021-12-16,26.31
20836,GRC8171186B7,2021-12-17,100.1
3441,DE0002635307,2021-12-13,47.26
21812,GRF000023009,2021-09-30,30.7165
10407,FI0009003305,2021-12-13,45.09
16809,GR0128016731,2021-10-06,111.37
4989,DE0006599905,2021-12-13,224.1
11443,FR0000121014,2021-12-17,711.9
7313,DE000BAY0017,2021-12-15,46.4
10669,FR0000120271,2021-12-17,44.67
10150,FI0009000681,2021-12-14,5.241
7814,ES0000012A89,2021-11-24,109.391998
6281,DE000A0H0728,2021-12-15,21.612
9376,ES0178430E18,2021-12-14,3.7245
8600,ES0113900J37,2021-12-10,2.7175
3196,DE0001102457,2021-12-30,104.327911
12479,FR0000131906,2021-12-23,30.945
1947,BE0974303357,2021-12-10,2.91
1435,BE0974271034,2021-12-16,4.59
20478,GRC8161185B1,2021-07-30,102.8
6790,DE000A0H08R2,2021-12-06,20.605
16098,GR0124035693,2022-01-03,119.0
18025,GRC419120AD7,2021-12-08,100.7
142,100974271034,2021-12-13,4.5
11179,FR0000120628,2021-12-09,25.395
5252,DE0007100000,2021-12-20,71.02
4214,DE0005933931,2021-12-10,133.3
3966,DE0005557508,2021-12-24,15.462
12736,FR0000133308,2021-12-22,9.344
19334,GRC4951193D4,2022-01-04,99.9
14049,FR0013480613,2022-01-24,95.289597
15059,GR0114031561,2021-12-23,108.4
8371,ES0000012G00,2022-01-20,89.157021
21332,GRF000014008,2021-11-19,10.6788
4732,DE0006047004,2021-12-14,58.9
2209,CH0198251305,2021-12-16,28.95
14278,GB00B15KXV33,2021-12-14,6.0079818
12987,FR0007054358,2021-12-13,41.65
19168,GRC4261213D5,2022-05-12,93.6
9130,ES0173516115,2021-12-30,9.82
8869,ES0144580Y14,2021-12-27,9.9
8093,ES0000012F43,2021-12-23,103.746124
20329,GRC815117CD9,2021-12-30,100.0
10923,FR0000120578,2021-12-13,81.55
15511,GR0118019679,2021-09-24,108.94
7053,DE000BASF111,2021-12-13,60.08
17638,GRC1451184D4,2021-12-22,102.5
4472,DE0005933956,2021-12-10,42.52
16810,GR0128016731,2021-10-07,110.4
13244,FR0010315770,2021-12-10,277.61
9634,EU000A1G0D39,2021-12-14,101.298
1691,BE0974293251,2021-12-14,50.96
6547,DE000A0H08Q4,2021-12-27,76.76
11956,FR0000125486,2021-12-14,88.24
20837,GRC8171186B7,2021-12-20,100.0
5510,DE0007164600,2021-12-20,121.24
13765,FR0013176526,2021-12-17,26.31
3442,DE0002635307,2021-12-14,47.26
21813,GRF000023009,2021-10-01,31.0668
5764,DE0008404005,2021-12-14,202.05
10408,FI0009003305,2021-12-14,45.18
11444,FR0000121014,2021-12-20,713.3
3197,DE0001102457,2021-12-31,104.25396
4990,DE0006599905,2021-12-14,226.1
7815,ES0000012A89,2021-11-25,108.678093
10151,FI0009000681,2021-12-15,5.25
10670,FR0000120271,2021-12-20,43.66
6282,DE000A0H0728,2021-12-16,21.414
7314,DE000BAY0017,2021-12-16,47.215
18026,GRC419120AD7,2021-12-09,100.6
9377,ES0178430E18,2021-12-15,3.855
20479,GRC8161185B1,2021-08-02,102.8
16099,GR0124035693,2022-01-04,118.43
12480,FR0000131906,2021-12-24,29.795
8601,ES0113900J37,2021-12-13,2.701
1436,BE0974271034,2021-12-17,4.42
1948,BE0974303357,2021-12-13,3.0
6791,DE000A0H08R2,2021-12-07,20.78
143,100974271034,2021-12-14,4.5
14050,FR0013480613,2022-01-25,95.588066
5253,DE0007100000,2021-12-21,67.37
11180,FR0000120628,2021-12-10,25.62
19335,GRC4951193D4,2022-01-05,99.9
8372,ES0000012G00,2022-01-21,89.914131
4215,DE0005933931,2021-12-13,132.58
3967,DE0005557508,2021-12-27,15.978
15060,GR0114031561,2021-12-24,108.42
12737,FR0000133308,2021-12-23,9.373
7575,ES00000121G2,2021-12-21,111.403923
21333,GRF000014008,2021-11-22,10.7204
19169,GRC4261213D5,2022-05-13,94.2
2210,CH0198251305,2021-12-17,30.0
9131,ES0173516115,2021-12-31,10.0
8094,ES0000012F43,2021-12-24,103.251534
14279,GB00B15KXV33,2021-12-15,5.9523768
12988,FR0007054358,2021-12-14,41.49
15512,GR0118019679,2021-09-27,108.94
8870,ES0144580Y14,2021-12-28,10.08
16811,GR0128016731,2021-10-08,110.7
20330,GRC815117CD9,2021-12-31,100.0
10924,FR0000120578,2021-12-14,86.44
17639,GRC1451184D4,2021-12-23,103.0
4733,DE0006047004,2021-12-15,58.86
9635,EU000A1G0D39,2021-12-15,101.33
6548,DE000A0H08Q4,2021-12-28,75.95
4473,DE0005933956,2021-12-13,42.6
7054,DE000BASF111,2021-12-14,59.76
13245,FR0010315770,2021-12-13,277.61
1692,BE0974293251,2021-12-15,50.21
20838,GRC8171186B7,2021-12-21,99.8
3198,DE0001102457,2022-01-03,104.253998
21814,GRF000023009,2021-10-04,30.7165
13766,FR0013176526,2021-12-20,26.79
5511,DE0007164600,2021-12-21,120.46
3443,DE0002635307,2021-12-15,46.655
5765,DE0008404005,2021-12-15,201.2
10409,FI0009003305,2021-12-15,43.99
11957,FR0000125486,2021-12-15,83.78
11445,FR0000121014,2021-12-21,697.8
4991,DE0006599905,2021-12-15,217.6
7816,ES0000012A89,2021-11-26,108.796204
10152,FI0009000681,2021-12-16,5.241
6283,DE000A0H0728,2021-12-17,21.598
7315,DE000BAY0017,2021-12-17,47.16
14051,FR0013480613,2022-01-26,95.06913
12481,FR0000131906,2021-12-27,29.77
9378,ES0178430E18,2021-12-16,3.855
1437,BE0974271034,2021-12-20,4.66
18027,GRC419120AD7,2021-12-10,100.6
1949,BE0974303357,2021-12-14,3.0
6792,DE000A0H08R2,2021-12-08,20.74
8373,ES0000012G00,2022-01-24,90.522957
16100,GR0124035693,2022-01-05,118.43
144,100974271034,2021-12-15,4.5
19336,GRC4951193D4,2022-01-06,99.1
5254,DE0007100000,2021-12-22,68.97
15061,GR0114031561,2021-12-27,108.5
7576,ES00000121G2,2021-12-22,111.403923
8602,ES0113900J37,2021-12-14,2.6585
11181,FR0000120628,2021-12-13,25.395
4216,DE0005933931,2021-12-14,132.26
12738,FR0000133308,2021-12-24,9.28
8095,ES0000012F43,2021-12-27,102.920761
19170,GRC4261213D5,2022-05-16,96.9
21334,GRF000014008,2021-11-23,10.6342
15513,GR0118019679,2021-09-28,109.05
10675,FR0000120271,2021-12-27,43.81
9132,ES0173516115,2022-01-03,9.94
9859,EU000A1U9985,2021-10-28,100.569
16812,GR0128016731,2021-10-11,110.3
2211,CH0198251305,2021-12-20,29.32
14280,GB00B15KXV33,2021-12-16,6.0058789
12989,FR0007054358,2021-12-15,41.12
3970,DE0005557508,2021-12-30,16.262
8871,ES0144580Y14,2021-12-29,10.16
20331,GRC815117CD9,2022-01-03,100.0
10925,FR0000120578,2021-12-15,88.3
9636,EU000A1G0D39,2021-12-16,101.315
6549,DE000A0H08Q4,2021-12-29,77.79
3199,DE0001102457,2022-01-04,103.929184
4474,DE0005933956,2021-12-14,42.305
13246,FR0010315770,2021-12-14,277.61
4734,DE0006047004,2021-12-16,58.86
21815,GRF000023009,2021-10-05,30.7165
1693,BE0974293251,2021-12-16,50.83
7055,DE000BASF111,2021-12-15,58.04
13767,FR0013176526,2021-12-21,25.54
3444,DE0002635307,2021-12-16,46.89
5512,DE0007164600,2021-12-22,120.46
14052,FR0013480613,2022-01-27,95.06913
10410,FI0009003305,2021-12-16,43.71
5766,DE0008404005,2021-12-16,199.36
7817,ES0000012A89,2021-11-29,109.221199
11446,FR0000121014,2021-12-22,711.9
4992,DE0006599905,2021-12-16,223.7
6284,DE000A0H0728,2021-12-20,21.578
11958,FR0000125486,2021-12-16,84.73
8374,ES0000012G00,2022-01-25,89.157021
10153,FI0009000681,2021-12-17,5.205
20840,GRC8171186B7,2021-12-23,100.0
12482,FR0000131906,2021-12-28,30.175
16101,GR0124035693,2022-01-06,118.7
1438,BE0974271034,2021-12-21,4.45
20481,GRC8161185B1,2021-08-04,102.2
7316,DE000BAY0017,2021-12-20,46.515
1950,BE0974303357,2021-12-15,3.03
6793,DE000A0H08R2,2021-12-09,20.825
19337,GRC4951193D4,2022-01-07,99.9
19171,GRC4261213D5,2022-05-17,93.4
15062,GR0114031561,2021-12-28,108.45
8096,ES0000012F43,2021-12-28,102.911812
145,100974271034,2021-12-16,4.5
7577,ES00000121G2,2021-12-23,111.403923
16813,GR0128016731,2021-10-12,110.69
5255,DE0007100000,2021-12-23,69.73
15514,GR0118019679,2021-09-29,107.95
11182,FR0000120628,2021-12-14,25.37
8603,ES0113900J37,2021-12-15,2.6865
4217,DE0005933931,2021-12-15,132.26
12739,FR0000133308,2021-12-27,9.384
9133,ES0173516115,2022-01-04,9.84
21335,GRF000014008,2021-11-24,10.6851
10676,FR0000120271,2021-12-28,44.78
14281,GB00B15KXV33,2021-12-17,6.0199618
2212,CH0198251305,2021-12-21,29.32
9383,ES0178430E18,2021-12-23,3.9455
12990,FR0007054358,2021-12-16,41.675
8872,ES0144580Y14,2021-12-30,10.28
20332,GRC815117CD9,2022-01-04,100.0
18028,GRC419120AD7,2021-12-13,101.0
3972,DE0005557508,2022-01-03,16.327
10926,FR0000120578,2021-12-16,85.12
3200,DE0001102457,2022-01-05,103.929184
9637,EU000A1G0D39,2021-12-17,101.315
6550,DE000A0H08Q4,2021-12-30,77.44
4475,DE0005933956,2021-12-15,42.06
14053,FR0013480613,2022-01-28,94.630943
21816,GRF000023009,2021-10-06,30.6199
13247,FR0010315770,2021-12-15,277.16
1694,BE0974293251,2021-12-17,51.86
13768,FR0013176526,2021-12-22,25.54
17641,GRC1451184D4,2021-12-27,102.9
3445,DE0002635307,2021-12-17,46.76
7056,DE000BASF111,2021-12-16,59.62
8375,ES0000012G00,2022-01-26,89.157021
5513,DE0007164600,2021-12-23,121.54
7818,ES0000012A89,2021-11-30,109.150887
10411,FI0009003305,2021-12-17,43.71
19172,GRC4261213D5,2022-05-18,94.0
5767,DE0008404005,2021-12-17,199.62
11447,FR0000121014,2021-12-23,701.5
6285,DE000A0H0728,2021-12-21,21.21
20841,GRC8171186B7,2021-12-24,100.1
4993,DE0006599905,2021-12-17,226.1
11959,FR0000125486,2021-12-17,86.4
10154,FI0009000681,2021-12-20,5.437
16102,GR0124035693,2022-01-07,118.96
4735,DE0006047004,2021-12-17,58.86
12483,FR0000131906,2021-12-29,30.05
19338,GRC4951193D4,2022-01-10,99.1
8097,ES0000012F43,2021-12-29,102.929169
15063,GR0114031561,2021-12-29,108.44
16814,GR0128016731,2021-10-13,110.35
20482,GRC8161185B1,2021-08-05,102.6
1439,BE0974271034,2021-12-22,4.79
7578,ES00000121G2,2021-12-24,111.403549
15515,GR0118019679,2021-09-30,108.39
1951,BE0974303357,2021-12-16,3.03
6794,DE000A0H08R2,2021-12-10,20.88
7317,DE000BAY0017,2021-12-21,45.53
146,100974271034,2021-12-17,4.5
5256,DE0007100000,2021-12-24,69.73
9134,ES0173516115,2022-01-05,10.89
12740,FR0000133308,2021-12-28,9.372
11183,FR0000120628,2021-12-15,25.32
21336,GRF000014008,2021-11-25,10.6342
4218,DE0005933931,2021-12-16,132.58
10677,FR0000120271,2021-12-29,45.26
9861,EU000A1U9985,2021-11-01,100.544
14282,GB00B15KXV33,2021-12-20,5.9523768
2213,CH0198251305,2021-12-22,28.87
9384,ES0178430E18,2021-12-24,3.9085
12991,FR0007054358,2021-12-17,41.19
3201,DE0001102457,2022-01-06,103.962395
8873,ES0144580Y14,2021-12-31,10.03
20333,GRC815117CD9,2022-01-05,100.0
3973,DE0005557508,2022-01-04,16.54
9638,EU000A1G0D39,2021-12-20,101.306
14054,FR0013480613,2022-01-31,95.289597
6551,DE000A0H08Q4,2021-12-31,76.74
10927,FR0000120578,2021-12-17,89.69
8376,ES0000012G00,2022-01-27,88.660316
19173,GRC4261213D5,2022-05-19,93.6
4476,DE0005933956,2021-12-16,42.19
21817,GRF000023009,2021-10-07,30.661
17642,GRC1451184D4,2021-12-28,102.0
13769,FR0013176526,2021-12-23,25.73
13248,FR0010315770,2021-12-16,278.13
1695,BE0974293251,2021-12-20,51.99
3446,DE0002635307,2021-12-20,46.465
7057,DE000BASF111,2021-12-17,59.76
7819,ES0000012A89,2021-12-01,109.310295
5514,DE0007164600,2021-12-24,122.42
18029,GRC419120AD7,2021-12-14,101.9
12188,FR0000131104,2021-11-08,59.5
16815,GR0128016731,2021-10-14,113.14
16103,GR0124035693,2022-01-10,117.39
10412,FI0009003305,2021-12-20,43.56
8098,ES0000012F43,2021-12-30,102.597878
6286,DE000A0H0728,2021-12-22,21.71
11448,FR0000121014,2021-12-24,726.1
5768,DE0008404005,2021-12-20,200.6
4994,DE0006599905,2021-12-20,223.7
15064,GR0114031561,2021-12-30,108.35
15516,GR0118019679,2021-10-01,108.42
7579,ES00000121G2,2021-12-27,111.412643
10155,FI0009000681,2021-12-21,5.34
19339,GRC4951193D4,2022-01-11,99.9
4736,DE0006047004,2021-12-20,58.84
11960,FR0000125486,2021-12-20,86.62
20483,GRC8161185B1,2021-08-06,102.0
20843,GRC8171186B7,2021-12-28,100.0
12484,FR0000131906,2021-12-30,30.175
1440,BE0974271034,2021-12-23,4.64
6795,DE000A0H08R2,2021-12-13,20.825
1952,BE0974303357,2021-12-17,3.18
9135,ES0173516115,2022-01-06,11.17
7318,DE000BAY0017,2021-12-22,45.58
147,100974271034,2021-12-20,4.4
5257,DE0007100000,2021-12-27,70.07
21337,GRF000014008,2021-11-26,10.6851
12741,FR0000133308,2021-12-29,9.437
4219,DE0005933931,2021-12-17,132.58
11184,FR0000120628,2021-12-16,25.755
3202,DE0001102457,2022-01-07,103.761284
10678,FR0000120271,2021-12-30,44.76
14283,GB00B15KXV33,2021-12-21,6.2817221
2214,CH0198251305,2021-12-23,29.6
14055,FR0013480613,2022-02-01,93.127876
12992,FR0007054358,2021-12-20,41.27
9385,ES0178430E18,2021-12-27,3.9015
8874,ES0144580Y14,2022-01-03,10.29
9862,EU000A1U9985,2021-11-02,100.544
19174,GRC4261213D5,2022-05-20,93.6
9639,EU000A1G0D39,2021-12-21,101.285
3974,DE0005557508,2022-01-05,16.572
6552,DE000A0H08Q4,2022-01-03,76.76
8605,ES0113900J37,2021-12-17,2.7665
20334,GRC815117CD9,2022-01-06,100.0
10928,FR0000120578,2021-12-20,87.13
21818,GRF000023009,2021-10-08,30.5769
16816,GR0128016731,2021-10-15,112.25
4477,DE0005933956,2021-12-17,41.905
8099,ES0000012F43,2021-12-31,102.572937
13770,FR0013176526,2021-12-24,26.6
17643,GRC1451184D4,2021-12-29,102.0
3447,DE0002635307,2021-12-21,46.925
13249,FR0010315770,2021-12-17,277.86
7820,ES0000012A89,2021-12-02,108.917
15517,GR0118019679,2021-10-04,108.39
1696,BE0974293251,2021-12-21,52.44
7058,DE000BASF111,2021-12-20,60.2
12189,FR0000131104,2021-11-09,59.4
5515,DE0007164600,2021-12-27,123.24
15065,GR0114031561,2021-12-31,108.4
658,AU3CB0258465,2021-12-13,65.922165
19340,GRC4951193D4,2022-01-12,99.7
10413,FI0009003305,2021-12-21,44.22
6287,DE000A0H0728,2021-12-23,21.808
20484,GRC8161185B1,2021-08-09,102.4
11449,FR0000121014,2021-12-27,722.0
4995,DE0006599905,2021-12-21,224.1
5769,DE0008404005,2021-12-21,201.35
11961,FR0000125486,2021-12-21,85.75
10156,FI0009000681,2021-12-22,5.397
12485,FR0000131906,2021-12-31,29.83
4737,DE0006047004,2021-12-21,57.66
20845,GRC8171186B7,2021-12-30,100.0
1441,BE0974271034,2021-12-24,4.68
6796,DE000A0H08R2,2021-12-14,21.08
9136,ES0173516115,2022-01-07,11.17
1953,BE0974303357,2021-12-20,3.03
148,100974271034,2021-12-21,4.6
21338,GRF000014008,2021-11-29,10.6389
12742,FR0000133308,2021-12-30,9.427
7319,DE000BAY0017,2021-12-23,46.48
5258,DE0007100000,2021-12-28,70.07
3203,DE0001102457,2022-01-10,103.761284
14056,FR0013480613,2022-02-02,92.623085
4220,DE0005933931,2021-12-20,131.18
19175,GRC4261213D5,2022-05-23,92.7
11185,FR0000120628,2021-12-17,25.435
10679,FR0000120271,2021-12-31,44.9
2215,CH0198251305,2021-12-24,29.29
12993,FR0007054358,2021-12-21,41.13
9386,ES0178430E18,2021-12-28,3.9015
9640,EU000A1G0D39,2021-12-22,101.344
8875,ES0144580Y14,2022-01-04,10.28
14285,GB00B15KXV33,2021-12-23,6.4080939
6553,DE000A0H08Q4,2022-01-04,74.67
16817,GR0128016731,2021-10-18,110.32
3975,DE0005557508,2022-01-06,16.327
20335,GRC815117CD9,2022-01-07,100.0
9863,EU000A1U9985,2021-11-03,100.544
8606,ES0113900J37,2021-12-20,2.775
10929,FR0000120578,2021-12-21,86.9
21819,GRF000023009,2021-10-11,30.5137
8100,ES0000012F43,2022-01-03,102.630997
15518,GR0118019679,2021-10-05,108.39
4478,DE0005933956,2021-12-20,41.53
15066,GR0114031561,2022-01-03,108.09
13771,FR0013176526,2021-12-27,26.68
3448,DE0002635307,2021-12-22,46.925
7821,ES0000012A89,2021-12-03,109.193291
19341,GRC4951193D4,2022-01-13,100.1
12190,FR0000131104,2021-11-10,59.1
20485,GRC8161185B1,2021-08-10,102.1
1697,BE0974293251,2021-12-22,51.14
7059,DE000BASF111,2021-12-21,60.22
5516,DE0007164600,2021-12-28,122.12
7581,ES00000121G2,2021-12-29,111.354073
6288,DE000A0H0728,2021-12-24,21.808
10414,FI0009003305,2021-12-22,43.22
11450,FR0000121014,2021-12-28,726.1
17644,GRC1451184D4,2021-12-30,102.0
4996,DE0006599905,2021-12-22,224.9
5770,DE0008404005,2021-12-22,204.1
11962,FR0000125486,2021-12-22,85.75
12486,FR0000131906,2022-01-03,30.1
4738,DE0006047004,2021-12-22,58.88
13252,FR0010315770,2021-12-22,277.61
10157,FI0009000681,2021-12-23,5.393
20846,GRC8171186B7,2021-12-31,100.0
9137,ES0173516115,2022-01-10,10.89
1442,BE0974271034,2021-12-27,4.68
6797,DE000A0H08R2,2021-12-15,20.945
1954,BE0974303357,2021-12-21,3.03
3204,DE0001102457,2022-01-11,103.579399
21339,GRF000014008,2021-11-30,10.6851
149,100974271034,2021-12-22,4.6
12743,FR0000133308,2021-12-31,9.426
5259,DE0007100000,2021-12-29,68.96
14057,FR0013480613,2022-02-03,92.623085
7320,DE000BAY0017,2021-12-24,46.545
4221,DE0005933931,2021-12-21,129.8
11186,FR0000120628,2021-12-20,25.435
16818,GR0128016731,2021-10-19,110.4
9641,EU000A1G0D39,2021-12-23,101.298
2216,CH0198251305,2021-12-27,30.0
12994,FR0007054358,2021-12-22,40.735
6554,DE000A0H08Q4,2022-01-05,76.17
9387,ES0178430E18,2021-12-29,3.9315
8876,ES0144580Y14,2022-01-05,10.39
14286,GB00B15KXV33,2021-12-24,6.1656594
8101,ES0000012F43,2022-01-04,102.630997
20336,GRC815117CD9,2022-01-10,100.0
3976,DE0005557508,2022-01-07,16.327
15519,GR0118019679,2021-10-06,108.39
10930,FR0000120578,2021-12-22,87.68
21820,GRF000023009,2021-10-12,30.5137
8607,ES0113900J37,2021-12-21,2.775
15067,GR0114031561,2022-01-04,108.01
4479,DE0005933956,2021-12-21,42.135
19342,GRC4951193D4,2022-01-14,100.7
8379,ES0000012G00,2022-02-01,88.105827
20486,GRC8161185B1,2021-08-11,102.1
7582,ES00000121G2,2021-12-30,111.455635
7822,ES0000012A89,2021-12-06,109.289124
13772,FR0013176526,2021-12-28,26.43
3449,DE0002635307,2021-12-23,46.905
12191,FR0000131104,2021-11-11,59.5
1698,BE0974293251,2021-12-23,52.93
7060,DE000BASF111,2021-12-22,59.32
5517,DE0007164600,2021-12-29,124.38
6289,DE000A0H0728,2021-12-27,21.633
10415,FI0009003305,2021-12-23,43.56
11451,FR0000121014,2021-12-29,722.0
4997,DE0006599905,2021-12-23,227.4
9138,ES0173516115,2022-01-11,10.89
12487,FR0000131906,2022-01-04,30.945
11963,FR0000125486,2021-12-23,89.34
20847,GRC8171186B7,2022-01-03,100.2
10686,FR0000120271,2022-01-11,46.74
5771,DE0008404005,2021-12-23,204.6
3205,DE0001102457,2022-01-12,103.579399
17645,GRC1451184D4,2021-12-31,102.8
6798,DE000A0H08R2,2021-12-16,21.08
1443,BE0974271034,2021-12-28,4.68
10158,FI0009000681,2021-12-24,5.25
21340,GRF000014008,2021-12-01,10.6639
1955,BE0974303357,2021-12-22,3.15
13254,FR0010315770,2021-12-24,281.87
16819,GR0128016731,2021-10-20,110.13
150,100974271034,2021-12-23,4.6
12744,FR0000133308,2022-01-03,9.427
4739,DE0006047004,2021-12-23,57.66
5260,DE0007100000,2021-12-30,70.07
4222,DE0005933931,2021-12-22,131.4
7321,DE000BAY0017,2021-12-27,47.225
11187,FR0000120628,2021-12-21,25.62
9642,EU000A1G0D39,2021-12-24,101.238
8102,ES0000012F43,2022-01-05,102.603355
15520,GR0118019679,2021-10-07,108.3
6555,DE000A0H08Q4,2022-01-06,76.17
2217,CH0198251305,2021-12-28,29.79
12995,FR0007054358,2021-12-23,41.33
18032,GRC419120AD7,2021-12-17,100.5
9388,ES0178430E18,2021-12-30,3.9315
8877,ES0144580Y14,2022-01-06,10.315
14287,GB00B15KXV33,2021-12-27,6.1035967
20337,GRC815117CD9,2022-01-11,100.0
21821,GRF000023009,2021-10-13,30.5137
8380,ES0000012G00,2022-02-02,95.8134
15068,GR0114031561,2022-01-05,108.03
10931,FR0000120578,2021-12-23,87.86
19343,GRC4951193D4,2022-01-17,100.0
8608,ES0113900J37,2021-12-22,2.811
20487,GRC8161185B1,2021-08-12,102.0
2907,DE0001102325,2021-11-17,104.965729
4480,DE0005933956,2021-12-22,42.435
7823,ES0000012A89,2021-12-07,108.913498
13773,FR0013176526,2021-12-29,26.24
9865,EU000A1U9985,2021-11-05,100.544
3450,DE0002635307,2021-12-24,46.73
7061,DE000BASF111,2021-12-23,61.14
6290,DE000A0H0728,2021-12-28,22.318
5518,DE0007164600,2021-12-30,123.04
10416,FI0009003305,2021-12-24,43.7
9139,ES0173516115,2022-01-12,10.89
11452,FR0000121014,2021-12-30,727.9
3206,DE0001102457,2022-01-13,103.642227
4998,DE0006599905,2021-12-24,219.2
12488,FR0000131906,2022-01-05,31.415
16820,GR0128016731,2021-10-21,109.61
11964,FR0000125486,2021-12-24,90.32
10687,FR0000120271,2022-01-12,47.6
12192,FR0000131104,2021-11-12,59.5
5772,DE0008404005,2021-12-24,204.6
6799,DE000A0H08R2,2021-12-17,20.975
1444,BE0974271034,2021-12-29,4.59
1699,BE0974293251,2021-12-24,51.86
21341,GRF000014008,2021-12-02,10.6391
10159,FI0009000681,2021-12-27,5.536
1956,BE0974303357,2021-12-23,3.08
13255,FR0010315770,2021-12-27,280.77
12745,FR0000133308,2022-01-04,9.475
151,100974271034,2021-12-24,4.5
17648,GRC1451184D4,2022-01-05,102.8
5261,DE0007100000,2021-12-31,67.59
15741,GR0118020685,2021-08-17,111.8
14059,FR0013480613,2022-02-07,91.393776
8103,ES0000012F43,2022-01-06,102.836906
15521,GR0118019679,2021-10-08,108.36
4223,DE0005933931,2021-12-23,132.54
9643,EU000A1G0D39,2021-12-27,101.238
11188,FR0000120628,2021-12-22,25.67
4740,DE0006047004,2021-12-24,57.66
6556,DE000A0H08Q4,2022-01-07,73.75
7322,DE000BAY0017,2021-12-28,47.095
2218,CH0198251305,2021-12-29,29.01
12996,FR0007054358,2021-12-24,41.42
22496,GRF000029006,2021-05-27,11.435
18033,GRC419120AD7,2021-12-20,101.0
9389,ES0178430E18,2021-12-31,3.852
14288,GB00B15KXV33,2021-12-28,5.9734592
8878,ES0144580Y14,2022-01-07,10.275
15069,GR0114031561,2022-01-06,108.35
20338,GRC815117CD9,2022-01-12,100.0
21822,GRF000023009,2021-10-14,30.5769
10932,FR0000120578,2021-12-24,88.16
19344,GRC4951193D4,2022-01-18,100.0
20488,GRC8161185B1,2021-08-13,103.0
4481,DE0005933956,2021-12-23,42.41
9866,EU000A1U9985,2021-11-08,100.577
7584,ES00000121G2,2022-01-03,111.213997
7824,ES0000012A89,2021-12-08,108.947495
8609,ES0113900J37,2021-12-23,2.775
16108,GR0124035693,2022-01-17,117.24
13774,FR0013176526,2021-12-30,26.43
3451,DE0002635307,2021-12-27,47.03
16821,GR0128016731,2021-10-22,109.68
3207,DE0001102457,2022-01-14,103.642227
6291,DE000A0H0728,2021-12-29,22.318
9140,ES0173516115,2022-01-13,11.14
7062,DE000BASF111,2021-12-24,59.91
5519,DE0007164600,2021-12-31,123.04
10417,FI0009003305,2021-12-27,44.28
11453,FR0000121014,2021-12-31,727.9
12489,FR0000131906,2022-01-06,34.0
4999,DE0006599905,2021-12-27,226.4
10688,FR0000120271,2022-01-13,49.06
11965,FR0000125486,2021-12-27,89.8
5773,DE0008404005,2021-12-27,202.65
21342,GRF000014008,2021-12-03,10.6981
6800,DE000A0H08R2,2021-12-20,21.095
1445,BE0974271034,2021-12-30,4.54
8104,ES0000012F43,2022-01-07,102.411797
15522,GR0118019679,2021-10-11,108.36
14060,FR0013480613,2022-02-08,93.910049
1957,BE0974303357,2021-12-24,3.18
12746,FR0000133308,2022-01-05,9.512
13256,FR0010315770,2021-12-28,284.02
17649,GRC1451184D4,2022-01-06,103.1
1700,BE0974293251,2021-12-27,51.89
10160,FI0009000681,2021-12-28,5.45
152,100974271034,2021-12-27,4.7
5262,DE0007100000,2022-01-03,69.0
4224,DE0005933931,2021-12-24,132.54
9644,EU000A1G0D39,2021-12-28,101.216
6557,DE000A0H08Q4,2022-01-10,75.97
4741,DE0006047004,2021-12-27,59.08
11189,FR0000120628,2021-12-23,25.535
8381,ES0000012G00,2022-02-03,90.175179
15070,GR0114031561,2022-01-07,108.08
12997,FR0007054358,2021-12-27,42.575
2219,CH0198251305,2021-12-30,29.9
7323,DE000BAY0017,2021-12-29,47.11
18034,GRC419120AD7,2021-12-21,100.4
14289,GB00B15KXV33,2021-12-29,6.0427012
8879,ES0144580Y14,2022-01-10,10.255
9390,ES0178430E18,2022-01-03,3.852
21823,GRF000023009,2021-10-15,30.5769
19345,GRC4951193D4,2022-01-19,99.1
20489,GRC8161185B1,2021-08-16,102.3
20339,GRC815117CD9,2022-01-13,100.0
7585,ES00000121G2,2022-01-04,111.152931
10933,FR0000120578,2021-12-27,88.16
9867,EU000A1U9985,2021-11-09,100.544
16822,GR0128016731,2021-10-25,113.58
7825,ES0000012A89,2021-12-09,109.285751
4482,DE0005933956,2021-12-24,42.42
3208,DE0001102457,2022-01-17,105.063393
13775,FR0013176526,2021-12-31,26.18
8610,ES0113900J37,2021-12-24,2.8155
3452,DE0002635307,2021-12-28,47.045
9141,ES0173516115,2022-01-14,10.83
6292,DE000A0H0728,2021-12-30,21.784
16109,GR0124035693,2022-01-18,117.24
20855,GRC8171186B7,2022-01-13,100.1
5520,DE0007164600,2022-01-03,125.08
7063,DE000BASF111,2021-12-27,60.0
10418,FI0009003305,2021-12-28,44.94
11454,FR0000121014,2022-01-03,727.9
12490,FR0000131906,2022-01-07,34.0
5000,DE0006599905,2021-12-28,223.7
14061,FR0013480613,2022-02-09,93.910049
8105,ES0000012F43,2022-01-10,101.970482
15523,GR0118019679,2021-10-12,108.23
21343,GRF000014008,2021-12-06,10.7096
10689,FR0000120271,2022-01-14,48.805
11966,FR0000125486,2021-12-28,91.28
6801,DE000A0H08R2,2021-12-21,21.085
5774,DE0008404005,2021-12-28,203.05
1446,BE0974271034,2021-12-31,4.54
17650,GRC1451184D4,2022-01-07,103.0
12747,FR0000133308,2022-01-06,9.45
1958,BE0974303357,2021-12-27,3.12
13257,FR0010315770,2021-12-29,280.77
153,100974271034,2021-12-28,4.5
1701,BE0974293251,2021-12-28,51.81
18035,GRC419120AD7,2021-12-22,100.9
9645,EU000A1G0D39,2021-12-29,101.216
10161,FI0009000681,2021-12-29,5.362
6558,DE000A0H08Q4,2022-01-11,74.67
4225,DE0005933931,2021-12-27,131.71
15071,GR0114031561,2022-01-10,107.74
4742,DE0006047004,2021-12-28,59.74
11190,FR0000120628,2021-12-24,25.885
12998,FR0007054358,2021-12-28,42.575
2220,CH0198251305,2021-12-31,29.12
14290,GB00B15KXV33,2021-12-30,6.3600459
21824,GRF000023009,2021-10-18,30.6732
8880,ES0144580Y14,2022-01-11,10.02
19346,GRC4951193D4,2022-01-20,100.0
7586,ES00000121G2,2022-01-05,111.07782
9391,ES0178430E18,2022-01-04,3.9
7324,DE000BAY0017,2021-12-30,46.99
16823,GR0128016731,2021-10-26,109.69
20340,GRC815117CD9,2022-01-14,100.0
9868,EU000A1U9985,2021-11-10,100.58
10934,FR0000120578,2021-12-28,87.86
5263,DE0007100000,2022-01-04,69.02
3209,DE0001102457,2022-01-18,103.387367
7826,ES0000012A89,2021-12-10,109.289124
4483,DE0005933956,2021-12-27,42.245
13776,FR0013176526,2022-01-03,26.58
9142,ES0173516115,2022-01-17,11.14
3453,DE0002635307,2021-12-29,46.835
8611,ES0113900J37,2021-12-27,2.9015
6293,DE000A0H0728,2021-12-31,22.318
21083,GRF000011004,2021-12-02,4.1738
15524,GR0118019679,2021-10-13,108.22
8106,ES0000012F43,2022-01-11,101.970482
5521,DE0007164600,2022-01-04,124.72
7064,DE000BASF111,2021-12-28,61.51
10419,FI0009003305,2021-12-29,43.41
11455,FR0000121014,2022-01-04,727.9
12491,FR0000131906,2022-01-10,34.0
21344,GRF000014008,2021-12-07,10.7096
5001,DE0006599905,2021-12-29,227.8
16110,GR0124035693,2022-01-19,117.01
18036,GRC419120AD7,2021-12-23,100.6
11967,FR0000125486,2021-12-29,91.4
10690,FR0000120271,2022-01-17,49.535
6802,DE000A0H08R2,2021-12-22,20.985
1447,BE0974271034,2022-01-03,4.54
17651,GRC1451184D4,2022-01-10,103.0
5775,DE0008404005,2021-12-29,202.55
12748,FR0000133308,2022-01-07,9.45
1959,BE0974303357,2021-12-28,3.05
154,100974271034,2021-12-29,4.4
13258,FR0010315770,2021-12-30,283.93
9646,EU000A1G0D39,2021-12-30,101.216
6559,DE000A0H08Q4,2022-01-12,75.8
1702,BE0974293251,2021-12-29,53.25
15072,GR0114031561,2022-01-11,107.74
4226,DE0005933931,2021-12-28,134.66
16824,GR0128016731,2021-10-27,109.34
10162,FI0009000681,2021-12-30,4.824
4743,DE0006047004,2021-12-29,59.7
19347,GRC4951193D4,2022-01-21,99.0
11191,FR0000120628,2021-12-27,25.885
12999,FR0007054358,2021-12-29,41.22
21825,GRF000023009,2021-10-19,30.5769
2221,CH0198251305,2022-01-03,30.55
14291,GB00B15KXV33,2021-12-31,5.9734592
8881,ES0144580Y14,2022-01-12,10.025
9392,ES0178430E18,2022-01-05,3.9675
20341,GRC815117CD9,2022-01-17,100.0
3210,DE0001102457,2022-01-19,103.357513
7325,DE000BAY0017,2021-12-31,46.99
10935,FR0000120578,2021-12-29,88.57
5264,DE0007100000,2022-01-05,72.39
7827,ES0000012A89,2021-12-13,109.246796
4484,DE0005933956,2021-12-28,42.59
13777,FR0013176526,2022-01-04,26.97
15525,GR0118019679,2021-10-14,108.39
8107,ES0000012F43,2022-01-12,101.754372
3454,DE0002635307,2021-12-30,48.2
9143,ES0173516115,2022-01-18,11.14
6294,DE000A0H0728,2022-01-03,22.143
18037,GRC419120AD7,2021-12-24,100.6
659,AU3CB0258465,2021-12-14,66.223054
8612,ES0113900J37,2021-12-28,2.6565
5522,DE0007164600,2022-01-05,124.72
7065,DE000BASF111,2021-12-29,61.82
10420,FI0009003305,2021-12-30,45.09
21345,GRF000014008,2021-12-08,10.6788
11456,FR0000121014,2022-01-05,731.0
12492,FR0000131906,2022-01-11,32.25
5002,DE0006599905,2021-12-30,223.7
6803,DE000A0H08R2,2021-12-23,20.95
17652,GRC1451184D4,2022-01-11,102.8
10691,FR0000120271,2022-01-18,49.675
11968,FR0000125486,2021-12-30,91.7
1448,BE0974271034,2022-01-04,4.53
12749,FR0000133308,2022-01-10,9.429
5776,DE0008404005,2021-12-30,207.9
16825,GR0128016731,2021-10-28,109.69
9647,EU000A1G0D39,2021-12-31,101.2
1960,BE0974303357,2021-12-29,3.08
16111,GR0124035693,2022-01-20,116.76
155,100974271034,2021-12-30,4.52
6560,DE000A0H08Q4,2022-01-13,75.8
15073,GR0114031561,2022-01-12,107.71
13259,FR0010315770,2021-12-31,282.52
1703,BE0974293251,2021-12-30,52.43
13499,FR0010510800,2021-12-07,103.334
4227,DE0005933931,2021-12-29,131.71
19348,GRC4951193D4,2022-01-24,100.4
10163,FI0009000681,2021-12-31,5.628
20856,GRC8171186B7,2022-01-14,100.0
4744,DE0006047004,2021-12-30,59.66
21826,GRF000023009,2021-10-20,30.6732
13000,FR0007054358,2021-12-30,42.5
11192,FR0000120628,2021-12-28,26.12
2222,CH0198251305,2022-01-04,30.26
14292,GB00B15KXV33,2022-01-03,6.1035967
8882,ES0144580Y14,2022-01-13,9.99
20342,GRC815117CD9,2022-01-18,100.0
9393,ES0178430E18,2022-01-06,3.9
9870,EU000A1U9985,2021-11-12,100.58
18038,GRC419120AD7,2021-12-27,100.5
7326,DE000BAY0017,2022-01-03,47.049
10936,FR0000120578,2021-12-30,88.88
7828,ES0000012A89,2021-12-14,109.285751
15526,GR0118019679,2021-10-15,108.18
8108,ES0000012F43,2022-01-13,103.647461
5265,DE0007100000,2022-01-06,73.0
4485,DE0005933956,2021-12-29,42.61
9144,ES0173516115,2022-01-19,10.48
13778,FR0013176526,2022-01-05,27.72
3214,DE0001102457,2022-01-25,103.617073
3455,DE0002635307,2021-12-31,48.315
6295,DE000A0H0728,2022-01-04,22.26
8613,ES0113900J37,2021-12-29,2.931
5523,DE0007164600,2022-01-06,124.9
21346,GRF000014008,2021-12-09,10.7086
7066,DE000BASF111,2021-12-30,61.51
10421,FI0009003305,2021-12-31,43.87
11457,FR0000121014,2022-01-06,731.0
12493,FR0000131906,2022-01-12,34.81
16826,GR0128016731,2021-10-29,109.34
5003,DE0006599905,2021-12-31,225.2
6804,DE000A0H08R2,2021-12-24,21.245
17653,GRC1451184D4,2022-01-12,102.8
11969,FR0000125486,2021-12-31,91.98
10692,FR0000120271,2022-01-19,50.42
1449,BE0974271034,2022-01-05,4.45
12750,FR0000133308,2022-01-11,9.629
9648,EU000A1G0D39,2022-01-03,101.113
15074,GR0114031561,2022-01-13,107.71
5777,DE0008404005,2021-12-31,205.15
6561,DE000A0H08Q4,2022-01-14,73.72
1961,BE0974303357,2021-12-30,3.06
156,100974271034,2021-12-31,4.52
13260,FR0010315770,2022-01-03,276.41
19349,GRC4951193D4,2022-01-25,99.9
1704,BE0974293251,2021-12-31,50.65
4228,DE0005933931,2021-12-30,134.66
16112,GR0124035693,2022-01-21,116.55
21827,GRF000023009,2021-10-21,30.7146
10164,FI0009000681,2022-01-03,5.6
18039,GRC419120AD7,2021-12-28,100.4
4745,DE0006047004,2021-12-31,59.66
13001,FR0007054358,2021-12-31,43.04
2223,CH0198251305,2022-01-05,30.14
8883,ES0144580Y14,2022-01-14,9.866
11193,FR0000120628,2021-12-29,26.31
20343,GRC815117CD9,2022-01-19,100.0
15527,GR0118019679,2021-10-18,108.88
7589,ES00000121G2,2022-01-10,110.96064
8109,ES0000012F43,2022-01-14,102.350136
9394,ES0178430E18,2022-01-07,4.0365
9871,EU000A1U9985,2021-11-15,100.58
14294,GB00B15KXV33,2022-01-05,6.4743776
7829,ES0000012A89,2021-12-15,109.238121
10937,FR0000120578,2021-12-31,88.8
3215,DE0001102457,2022-01-26,103.795341
5266,DE0007100000,2022-01-07,72.16
9145,ES0173516115,2022-01-20,11.13
7327,DE000BAY0017,2022-01-04,47.615
4486,DE0005933956,2021-12-30,42.58
13779,FR0013176526,2022-01-06,28.31
6296,DE000A0H0728,2022-01-05,22.143
3456,DE0002635307,2022-01-03,48.216
16827,GR0128016731,2021-11-01,106.2
21347,GRF000014008,2021-12-10,10.6783
5524,DE0007164600,2022-01-07,120.86
10422,FI0009003305,2022-01-03,44.66
7067,DE000BASF111,2021-12-31,61.78
8614,ES0113900J37,2021-12-30,2.931
11458,FR0000121014,2022-01-07,731.0
12494,FR0000131906,2022-01-13,32.4
5004,DE0006599905,2022-01-03,227.0
6805,DE000A0H08R2,2021-12-27,21.185
15075,GR0114031561,2022-01-14,107.74
12751,FR0000133308,2022-01-12,9.69
9649,EU000A1G0D39,2022-01-04,101.012
1450,BE0974271034,2022-01-06,4.65
11970,FR0000125486,2022-01-03,91.98
10693,FR0000120271,2022-01-20,51.26
6562,DE000A0H08Q4,2022-01-17,74.9
5778,DE0008404005,2022-01-03,208.06
19350,GRC4951193D4,2022-01-26,100.1
22498,GRF000029006,2021-05-31,11.422
1962,BE0974303357,2021-12-31,3.06
157,100974271034,2022-01-03,4.52
13261,FR0010315770,2022-01-04,282.64
1705,BE0974293251,2022-01-03,53.17
4229,DE0005933931,2021-12-31,135.1
21828,GRF000023009,2021-10-22,30.6732
15528,GR0118019679,2021-10-19,107.92
18040,GRC419120AD7,2021-12-29,100.4
7590,ES00000121G2,2022-01-11,110.951508
4746,DE0006047004,2022-01-03,59.52
16113,GR0124035693,2022-01-24,116.55
13002,FR0007054358,2022-01-03,39.644
2224,CH0198251305,2022-01-06,31.6
10165,FI0009000681,2022-01-04,5.574
8884,ES0144580Y14,2022-01-17,9.738
20344,GRC815117CD9,2022-01-20,100.0
11194,FR0000120628,2021-12-30,26.255
9395,ES0178430E18,2022-01-10,3.9055
3216,DE0001102457,2022-01-27,103.688255
14295,GB00B15KXV33,2022-01-06,6.554667
7830,ES0000012A89,2021-12-16,109.233994
9146,ES0173516115,2022-01-21,10.81
10938,FR0000120578,2022-01-03,89.13
16828,GR0128016731,2021-11-02,106.2
5267,DE0007100000,2022-01-10,73.52
9872,EU000A1U9985,2021-11-16,100.58
4487,DE0005933956,2021-12-31,42.905
7328,DE000BAY0017,2022-01-05,46.48
13780,FR0013176526,2022-01-07,27.85
6297,DE000A0H0728,2022-01-06,22.21
3457,DE0002635307,2022-01-04,48.575
21348,GRF000014008,2021-12-13,10.6763
20857,GRC8171186B7,2022-01-17,100.0
5525,DE0007164600,2022-01-10,121.02
10423,FI0009003305,2022-01-04,45.6
12495,FR0000131906,2022-01-14,33.885
7068,DE000BASF111,2022-01-03,61.67
11459,FR0000121014,2022-01-10,715.8
8615,ES0113900J37,2021-12-31,2.9405
15076,GR0114031561,2022-01-17,107.71
5005,DE0006599905,2022-01-04,228.3
8382,ES0000012G00,2022-02-04,85.4217
9650,EU000A1G0D39,2022-01-05,101.182
6806,DE000A0H08R2,2021-12-28,21.425
12752,FR0000133308,2022-01-13,9.748
6563,DE000A0H08Q4,2022-01-18,73.97
22499,GRF000029006,2021-06-01,11.422
1451,BE0974271034,2022-01-07,4.59
19351,GRC4951193D4,2022-01-27,99.7
10694,FR0000120271,2022-01-21,51.26
11971,FR0000125486,2022-01-04,92.91
5779,DE0008404005,2022-01-04,202.7
158,100974271034,2022-01-04,4.46
15529,GR0118019679,2021-10-20,107.45
1963,BE0974303357,2022-01-03,3.06
7591,ES00000121G2,2022-01-12,110.887138
13262,FR0010315770,2022-01-05,283.21
21829,GRF000023009,2021-10-25,30.5031
4230,DE0005933931,2022-01-03,134.62
16114,GR0124035693,2022-01-25,116.78
4747,DE0006047004,2022-01-04,61.94
3217,DE0001102457,2022-01-28,103.688255
17655,GRC1451184D4,2022-01-14,102.0
20345,GRC815117CD9,2022-01-21,100.0
2225,CH0198251305,2022-01-07,31.22
8885,ES0144580Y14,2022-01-18,9.916
16829,GR0128016731,2021-11-03,106.75
10166,FI0009000681,2022-01-05,5.576
11195,FR0000120628,2021-12-31,26.255
13003,FR0007054358,2022-01-04,43.135
7831,ES0000012A89,2021-12-17,109.118118
14296,GB00B15KXV33,2022-01-07,6.3484793
9396,ES0178430E18,2022-01-11,4.025
9147,ES0173516115,2022-01-24,10.02
9873,EU000A1U9985,2021-11-17,100.573
10939,FR0000120578,2022-01-04,88.04
5268,DE0007100000,2022-01-11,68.85
1706,BE0974293251,2022-01-04,55.82
4488,DE0005933956,2022-01-03,42.89
13781,FR0013176526,2022-01-10,27.62
6298,DE000A0H0728,2022-01-07,22.506
7329,DE000BAY0017,2022-01-06,48.115
3458,DE0002635307,2022-01-05,48.725
21349,GRF000014008,2021-12-14,10.6981
15077,GR0114031561,2022-01-18,107.67
5526,DE0007164600,2022-01-11,122.1
12496,FR0000131906,2022-01-17,33.545
10424,FI0009003305,2022-01-05,45.29
7069,DE000BASF111,2022-01-04,62.6
11460,FR0000121014,2022-01-11,702.7
9651,EU000A1G0D39,2022-01-06,101.173
22500,GRF000029006,2021-06-02,11.418
6564,DE000A0H08Q4,2022-01-19,70.44
19352,GRC4951193D4,2022-01-28,100.0
8616,ES0113900J37,2022-01-03,2.9294
5006,DE0006599905,2022-01-05,227.0
6807,DE000A0H08R2,2021-12-29,21.315
12753,FR0000133308,2022-01-14,9.748
15530,GR0118019679,2021-10-21,107.39
18042,GRC419120AD7,2021-12-31,100.5
1452,BE0974271034,2022-01-10,4.59
11972,FR0000125486,2022-01-05,94.73
10695,FR0000120271,2022-01-24,49.62
7592,ES00000121G2,2022-01-13,110.887138
159,100974271034,2022-01-05,4.52
5780,DE0008404005,2022-01-05,207.65
1964,BE0974303357,2022-01-04,3.1
21830,GRF000023009,2021-10-26,30.5031
13263,FR0010315770,2022-01-06,284.58
16830,GR0128016731,2021-11-04,106.75
3218,DE0001102457,2022-01-31,103.275192
4231,DE0005933931,2022-01-04,134.66
4748,DE0006047004,2022-01-05,61.94
20346,GRC815117CD9,2022-01-24,100.0
2226,CH0198251305,2022-01-10,30.05
8886,ES0144580Y14,2022-01-19,10.045
9148,ES0173516115,2022-01-25,10.48
7832,ES0000012A89,2021-12-20,109.150887
13004,FR0007054358,2022-01-05,43.17
10167,FI0009000681,2022-01-06,5.542
11196,FR0000120628,2022-01-03,26.31
14297,GB00B15KXV33,2022-01-10,6.5947332
9397,ES0178430E18,2022-01-12,4.024
8115,ES0000012F43,2022-01-24,101.940109
10940,FR0000120578,2022-01-05,88.45
9874,EU000A1U9985,2021-11-18,100.544
5269,DE0007100000,2022-01-12,69.1
4489,DE0005933956,2022-01-04,42.595
13782,FR0013176526,2022-01-11,26.97
6299,DE000A0H0728,2022-01-10,22.486
3459,DE0002635307,2022-01-06,48.395
21350,GRF000014008,2021-12-15,10.6763
7330,DE000BAY0017,2022-01-07,48.26
15078,GR0114031561,2022-01-19,107.65
20858,GRC8171186B7,2022-01-18,100.2
18043,GRC419120AD7,2022-01-03,101.2
22501,GRF000029006,2021-06-03,11.428
15531,GR0118019679,2021-10-22,107.31
12497,FR0000131906,2022-01-18,33.545
9652,EU000A1G0D39,2022-01-07,101.173
10425,FI0009003305,2022-01-06,44.66
19353,GRC4951193D4,2022-01-31,100.0
5527,DE0007164600,2022-01-12,122.84
11461,FR0000121014,2022-01-12,710.0
7070,DE000BASF111,2022-01-05,65.22
6565,DE000A0H08Q4,2022-01-20,71.27
12754,FR0000133308,2022-01-17,9.967
6808,DE000A0H08R2,2021-12-30,20.555
5007,DE0006599905,2022-01-06,223.7
8617,ES0113900J37,2022-01-04,2.9294
1453,BE0974271034,2022-01-11,4.52
16831,GR0128016731,2021-11-05,106.75
10696,FR0000120271,2022-01-25,49.675
11973,FR0000125486,2022-01-06,92.68
160,100974271034,2022-01-06,4.59
1965,BE0974303357,2022-01-05,3.18
21831,GRF000023009,2021-10-27,30.5492
5781,DE0008404005,2022-01-06,213.75
3220,DE0001102457,2022-02-02,102.786621
13264,FR0010315770,2022-01-07,283.61
4232,DE0005933931,2022-01-05,134.76
20347,GRC815117CD9,2022-01-25,100.0
4749,DE0006047004,2022-01-06,61.92
9149,ES0173516115,2022-01-26,10.48
2227,CH0198251305,2022-01-11,31.78
8887,ES0144580Y14,2022-01-20,10.085
7833,ES0000012A89,2021-12-21,108.863373
13005,FR0007054358,2022-01-06,43.31
10168,FI0009000681,2022-01-07,5.542
14298,GB00B15KXV33,2022-01-11,6.3484793
11197,FR0000120628,2022-01-04,26.185
9398,ES0178430E18,2022-01-13,4.024
17657,GRC1451184D4,2022-01-18,102.8
10941,FR0000120578,2022-01-06,88.07
5270,DE0007100000,2022-01-13,77.95
4490,DE0005933956,2022-01-05,43.11
13783,FR0013176526,2022-01-12,26.58
6300,DE000A0H0728,2022-01-11,22.086
21351,GRF000014008,2021-12-16,10.7032
3460,DE0002635307,2022-01-07,47.995
13504,FR0010510800,2021-12-14,103.334
15532,GR0118019679,2021-10-25,107.31
1707,BE0974293251,2022-01-05,54.45
22502,GRF000029006,2021-06-04,11.426
7331,DE000BAY0017,2022-01-10,48.71
19354,GRC4951193D4,2022-02-01,100.4
9653,EU000A1G0D39,2022-01-10,101.274
20860,GRC8171186B7,2022-01-20,100.0
8116,ES0000012F43,2022-01-25,102.10524
12498,FR0000131906,2022-01-19,34.04
6566,DE000A0H08Q4,2022-01-21,71.65
16832,GR0128016731,2021-11-08,107.98
10426,FI0009003305,2022-01-07,45.29
5528,DE0007164600,2022-01-13,117.7
11462,FR0000121014,2022-01-13,697.5
7071,DE000BASF111,2022-01-06,65.03
12755,FR0000133308,2022-01-18,9.941
6809,DE000A0H08R2,2021-12-31,20.82
5008,DE0006599905,2022-01-07,217.6
7594,ES00000121G2,2022-01-17,110.867294
1454,BE0974271034,2022-01-12,4.6
8618,ES0113900J37,2022-01-05,2.9405
10697,FR0000120271,2022-01-26,49.105
11974,FR0000125486,2022-01-07,94.46
21832,GRF000023009,2021-10-28,30.3095
161,100974271034,2022-01-07,4.59
1966,BE0974303357,2022-01-06,3.13
5782,DE0008404005,2022-01-07,218.95
13265,FR0010315770,2022-01-10,273.85
9150,ES0173516115,2022-01-27,11.04
4233,DE0005933931,2022-01-06,136.02
20348,GRC815117CD9,2022-01-26,100.0
4750,DE0006047004,2022-01-07,62.26
7834,ES0000012A89,2021-12-22,108.863373
8888,ES0144580Y14,2022-01-21,10.22
2228,CH0198251305,2022-01-12,31.94
16117,GR0124035693,2022-01-28,116.5
13006,FR0007054358,2022-01-07,43.1
10169,FI0009000681,2022-01-10,5.424
17658,GRC1451184D4,2022-01-19,102.8
14299,GB00B15KXV33,2022-01-12,6.5947332
9399,ES0178430E18,2022-01-14,4.018
11198,FR0000120628,2022-01-05,27.005
10942,FR0000120578,2022-01-07,88.27
5271,DE0007100000,2022-01-14,76.64
4491,DE0005933956,2022-01-06,42.805
9876,EU000A1U9985,2021-11-22,100.586
15533,GR0118019679,2021-10-26,107.31
13784,FR0013176526,2022-01-13,26.03
13505,FR0010510800,2021-12-15,103.32
21352,GRF000014008,2021-12-17,10.7096
6301,DE000A0H0728,2022-01-12,22.694
3461,DE0002635307,2022-01-10,47.62
16833,GR0128016731,2021-11-09,108.3
8117,ES0000012F43,2022-01-26,102.026237
19355,GRC4951193D4,2022-02-02,99.0
9654,EU000A1G0D39,2022-01-11,101.182
20861,GRC8171186B7,2022-01-21,100.0
6567,DE000A0H08Q4,2022-01-24,72.54
7332,DE000BAY0017,2022-01-11,47.915
12499,FR0000131906,2022-01-20,33.94
10427,FI0009003305,2022-01-10,45.18
11463,FR0000121014,2022-01-14,697.5
5529,DE0007164600,2022-01-14,118.66
7072,DE000BASF111,2022-01-07,65.72
12756,FR0000133308,2022-01-19,9.975
15080,GR0114031561,2022-01-21,108.49
6810,DE000A0H08R2,2022-01-03,21.291
1455,BE0974271034,2022-01-13,4.66
11975,FR0000125486,2022-01-10,94.05
8619,ES0113900J37,2022-01-06,2.775
10698,FR0000120271,2022-01-27,49.675
21833,GRF000023009,2021-10-29,30.7078
162,100974271034,2022-01-10,4.59
1967,BE0974303357,2022-01-07,3.13
9151,ES0173516115,2022-01-28,10.48
5011,DE0006599905,2022-01-12,201.9
5783,DE0008404005,2022-01-10,221.85
4234,DE0005933931,2022-01-07,136.86
13266,FR0010315770,2022-01-11,277.0
16118,GR0124035693,2022-01-31,116.35
7835,ES0000012A89,2021-12-23,109.074432
4751,DE0006047004,2022-01-10,62.3
20349,GRC815117CD9,2022-01-27,99.0
8889,ES0144580Y14,2022-01-24,9.694
2229,CH0198251305,2022-01-13,31.72
1708,BE0974293251,2022-01-06,55.82
13007,FR0007054358,2022-01-10,43.31
14300,GB00B15KXV33,2022-01-13,6.8402896
18046,GRC419120AD7,2022-01-06,101.2
10170,FI0009000681,2022-01-11,5.569
9400,ES0178430E18,2022-01-17,4.024
11199,FR0000120628,2022-01-06,27.005
17659,GRC1451184D4,2022-01-20,102.8
9877,EU000A1U9985,2021-11-23,100.573
10943,FR0000120578,2022-01-10,88.14
16834,GR0128016731,2021-11-10,108.36
5272,DE0007100000,2022-01-17,74.86
4492,DE0005933956,2022-01-07,42.455
21353,GRF000014008,2021-12-20,10.7032
13785,FR0013176526,2022-01-14,26.94
8118,ES0000012F43,2022-01-27,101.751381
6302,DE000A0H0728,2022-01-13,22.694
3462,DE0002635307,2022-01-11,47.62
9655,EU000A1G0D39,2022-01-12,101.173
22504,GRF000029006,2021-06-08,11.428
20862,GRC8171186B7,2022-01-24,100.1
6568,DE000A0H08Q4,2022-01-25,68.26
12500,FR0000131906,2022-01-21,33.94
11464,FR0000121014,2022-01-17,675.4
10428,FI0009003305,2022-01-11,45.63
5530,DE0007164600,2022-01-17,121.02
7596,ES00000121G2,2022-01-19,110.824463
12757,FR0000133308,2022-01-20,9.941
7333,DE000BAY0017,2022-01-12,48.64
7073,DE000BASF111,2022-01-10,66.13
6811,DE000A0H08R2,2022-01-04,21.465
19356,GRC4951193D4,2022-02-03,99.8
1456,BE0974271034,2022-01-14,4.66
15081,GR0114031561,2022-01-24,107.51
11976,FR0000125486,2022-01-11,94.26
10699,FR0000120271,2022-01-28,49.675
163,100974271034,2022-01-11,4.5
9152,ES0173516115,2022-01-31,10.48
8620,ES0113900J37,2022-01-07,3.086
21834,GRF000023009,2021-11-01,29.8262
1968,BE0974303357,2022-01-10,3.13
5012,DE0006599905,2022-01-13,196.2
5784,DE0008404005,2022-01-11,223.65
4235,DE0005933931,2022-01-10,134.52
13267,FR0010315770,2022-01-12,272.06
7836,ES0000012A89,2021-12-24,108.502876
4752,DE0006047004,2022-01-11,62.82
8890,ES0144580Y14,2022-01-25,10.085
2230,CH0198251305,2022-01-14,31.72
16835,GR0128016731,2021-11-11,108.18
13008,FR0007054358,2022-01-11,42.08
20350,GRC815117CD9,2022-01-28,102.6
14301,GB00B15KXV33,2022-01-14,6.8402896
10171,FI0009000681,2022-01-12,5.436
9878,EU000A1U9985,2021-11-24,100.571
9401,ES0178430E18,2022-01-18,4.024
8119,ES0000012F43,2022-01-28,101.940109
11200,FR0000120628,2022-01-07,27.315
10944,FR0000120578,2022-01-11,88.45
1709,BE0974293251,2022-01-07,55.14
21354,GRF000014008,2021-12-21,10.6763
4493,DE0005933956,2022-01-10,43.215
5273,DE0007100000,2022-01-18,74.14
13786,FR0013176526,2022-01-17,27.21
6303,DE000A0H0728,2022-01-14,22.856
3463,DE0002635307,2022-01-12,47.755
13507,FR0010510800,2021-12-17,103.318
9656,EU000A1G0D39,2022-01-13,101.173
20863,GRC8171186B7,2022-01-25,100.1
6569,DE000A0H08Q4,2022-01-26,66.69
15535,GR0118019679,2021-10-28,107.11
7597,ES00000121G2,2022-01-20,110.791862
12501,FR0000131906,2022-01-24,33.315
11465,FR0000121014,2022-01-18,715.0
12758,FR0000133308,2022-01-21,9.975
10429,FI0009003305,2022-01-12,45.29
5531,DE0007164600,2022-01-18,121.62
7074,DE000BASF111,2022-01-11,65.72
6812,DE000A0H08R2,2022-01-05,21.315
7334,DE000BAY0017,2022-01-13,50.87
1457,BE0974271034,2022-01-17,4.64
9153,ES0173516115,2022-02-01,11.24
17666,GRC1451184D4,2022-01-31,102.9
11977,FR0000125486,2022-01-12,95.0
10700,FR0000120271,2022-01-31,49.675
164,100974271034,2022-01-12,4.7
18048,GRC419120AD7,2022-01-10,101.2
8621,ES0113900J37,2022-01-10,2.901
1969,BE0974303357,2022-01-11,3.12
16836,GR0128016731,2021-11-12,106.1
5013,DE0006599905,2022-01-14,196.1
16120,GR0124035693,2022-02-02,115.98
5785,DE0008404005,2022-01-12,226.05
7837,ES0000012A89,2021-12-27,108.502876
4236,DE0005933931,2022-01-11,136.38
13268,FR0010315770,2022-01-13,271.42
4753,DE0006047004,2022-01-12,62.82
21835,GRF000023009,2021-11-02,29.8262
8891,ES0144580Y14,2022-01-26,10.06
2231,CH0198251305,2022-01-17,31.94
9879,EU000A1U9985,2021-11-25,100.571
13009,FR0007054358,2022-01-12,43.335
14302,GB00B15KXV33,2022-01-17,6.8560009
19357,GRC4951193D4,2022-02-04,100.0
10172,FI0009000681,2022-01-13,5.418
9402,ES0178430E18,2022-01-19,4.005
20351,GRC815117CD9,2022-01-31,99.9
21355,GRF000014008,2021-12-22,10.7059
11201,FR0000120628,2022-01-10,26.185
10945,FR0000120578,2022-01-12,88.85
15087,GR0114031561,2022-02-01,107.34
4494,DE0005933956,2022-01-11,42.91
6304,DE000A0H0728,2022-01-17,22.888
13787,FR0013176526,2022-01-18,27.67
5274,DE0007100000,2022-01-19,74.28
9657,EU000A1G0D39,2022-01-14,101.274
3464,DE0002635307,2022-01-13,48.025
7598,ES00000121G2,2022-01-21,110.838753
6570,DE000A0H08Q4,2022-01-27,66.69
20864,GRC8171186B7,2022-01-26,100.1
12502,FR0000131906,2022-01-25,32.38
1710,BE0974293251,2022-01-10,55.5
12759,FR0000133308,2022-01-24,9.941
10430,FI0009003305,2022-01-13,45.67
11466,FR0000121014,2022-01-19,690.1
5532,DE0007164600,2022-01-19,122.1
18049,GRC419120AD7,2022-01-11,101.1
6813,DE000A0H08R2,2022-01-06,21.16
7075,DE000BASF111,2022-01-12,66.85
22508,GRF000029006,2021-06-14,11.44
9154,ES0173516115,2022-02-02,11.38
17667,GRC1451184D4,2022-02-01,102.8
7335,DE000BAY0017,2022-01-14,50.87
1458,BE0974271034,2022-01-18,4.57
16837,GR0128016731,2021-11-15,106.75
165,100974271034,2022-01-13,4.59
11978,FR0000125486,2022-01-13,95.2
10701,FR0000120271,2022-02-01,49.105
16121,GR0124035693,2022-02-03,115.96
1970,BE0974303357,2022-01-12,3.2
8622,ES0113900J37,2022-01-11,2.657
5014,DE0006599905,2022-01-17,196.1
7838,ES0000012A89,2021-12-28,108.432037
4237,DE0005933931,2022-01-12,135.16
5786,DE0008404005,2022-01-13,226.05
8120,ES0000012F43,2022-01-31,101.54982
13269,FR0010315770,2022-01-14,278.38
4754,DE0006047004,2022-01-13,64.08
9880,EU000A1U9985,2021-11-26,100.572
660,AU3CB0258465,2021-12-15,65.678276
8892,ES0144580Y14,2022-01-27,10.01
2232,CH0198251305,2022-01-18,31.72
19358,GRC4951193D4,2022-02-07,99.9
13010,FR0007054358,2022-01-13,43.595
14303,GB00B15KXV33,2022-01-18,6.9342775
10173,FI0009000681,2022-01-14,5.248
21356,GRF000014008,2021-12-23,10.6894
9403,ES0178430E18,2022-01-20,4.0275
20352,GRC815117CD9,2022-02-01,100.0
10946,FR0000120578,2022-01-13,90.0
11202,FR0000120628,2022-01-11,27.405
21838,GRF000023009,2021-11-05,30.1736
4495,DE0005933956,2022-01-12,43.2
6305,DE000A0H0728,2022-01-18,22.04
13788,FR0013176526,2022-01-19,27.3
5275,DE0007100000,2022-01-20,74.14
9658,EU000A1G0D39,2022-01-17,101.012
6571,DE000A0H08Q4,2022-01-28,67.34
3465,DE0002635307,2022-01-14,46.45
18050,GRC419120AD7,2022-01-12,101.0
15089,GR0114031561,2022-02-03,107.34
12503,FR0000131906,2022-01-26,29.61
15538,GR0118019679,2021-11-02,105.7
16838,GR0128016731,2021-11-16,106.75
12760,FR0000133308,2022-01-25,9.986
22509,GRF000029006,2021-06-15,11.44
11467,FR0000121014,2022-01-20,697.7
10431,FI0009003305,2022-01-14,45.7
5533,DE0007164600,2022-01-20,118.66
9155,ES0173516115,2022-02-03,11.33
20868,GRC8171186B7,2022-02-01,100.3
6814,DE000A0H08R2,2022-01-07,20.82
7076,DE000BASF111,2022-01-13,66.85
1711,BE0974293251,2022-01-11,56.73
17668,GRC1451184D4,2022-02-02,102.8
1459,BE0974271034,2022-01-19,4.7
7336,DE000BAY0017,2022-01-17,52.58
166,100974271034,2022-01-14,4.63
11979,FR0000125486,2022-01-14,97.47
10702,FR0000120271,2022-02-02,50.42
16122,GR0124035693,2022-02-04,117.83
8121,ES0000012F43,2022-02-01,101.17907
7839,ES0000012A89,2021-12-29,108.432037
1971,BE0974303357,2022-01-13,3.2
5015,DE0006599905,2022-01-18,194.9
9881,EU000A1U9985,2021-11-29,100.576
8623,ES0113900J37,2022-01-12,3.1
4238,DE0005933931,2022-01-13,136.38
19359,GRC4951193D4,2022-02-08,97.9
5787,DE0008404005,2022-01-14,226.05
4755,DE0006047004,2022-01-14,64.26
13270,FR0010315770,2022-01-17,281.87
8893,ES0144580Y14,2022-01-28,10.195
2233,CH0198251305,2022-01-19,31.97
14304,GB00B15KXV33,2022-01-19,6.9869394
13011,FR0007054358,2022-01-14,42.855
21357,GRF000014008,2021-12-24,10.6894
10174,FI0009000681,2022-01-17,5.125
9404,ES0178430E18,2022-01-21,4.0275
18051,GRC419120AD7,2022-01-13,101.4
10947,FR0000120578,2022-01-14,89.96
20353,GRC815117CD9,2022-02-02,100.0
11203,FR0000120628,2022-01-12,27.405
9659,EU000A1G0D39,2022-01-18,101.197
6306,DE000A0H0728,2022-01-19,22.64
4496,DE0005933956,2022-01-13,44.275
13789,FR0013176526,2022-01-20,26.97
21839,GRF000023009,2021-11-08,30.2266
7600,ES00000121G2,2022-01-25,110.790543
5276,DE0007100000,2022-01-21,73.61
6572,DE000A0H08Q4,2022-01-31,67.34
3466,DE0002635307,2022-01-17,47.695
16839,GR0128016731,2021-11-17,106.75
22510,GRF000029006,2021-06-16,11.434
12504,FR0000131906,2022-01-27,29.145
12761,FR0000133308,2022-01-26,10.14
9156,ES0173516115,2022-02-04,11.19
11468,FR0000121014,2022-01-21,703.9
10432,FI0009003305,2022-01-17,45.43
20869,GRC8171186B7,2022-02-02,100.3
5534,DE0007164600,2022-01-21,119.82
6815,DE000A0H08R2,2022-01-10,20.46
17669,GRC1451184D4,2022-02-03,102.8
7077,DE000BASF111,2022-01-14,66.85
15092,GR0114031561,2022-02-08,105.92
1712,BE0974293251,2022-01-12,56.64
1460,BE0974271034,2022-01-20,4.57
8122,ES0000012F43,2022-02-02,100.901085
167,100974271034,2022-01-17,4.66
15542,GR0118019679,2021-11-08,106.55
7337,DE000BAY0017,2022-01-18,52.71
11980,FR0000125486,2022-01-17,98.47
10703,FR0000120271,2022-02-03,50.25
7840,ES0000012A89,2021-12-30,108.047401
9882,EU000A1U9985,2021-11-30,100.576
19360,GRC4951193D4,2022-02-09,98.3
1972,BE0974303357,2022-01-14,3.3
4239,DE0005933931,2022-01-14,136.38
18052,GRC419120AD7,2022-01-14,101.3
8624,ES0113900J37,2022-01-13,3.1125
4756,DE0006047004,2022-01-17,64.9
5788,DE0008404005,2022-01-17,226.05
8894,ES0144580Y14,2022-01-31,9.738
13271,FR0010315770,2022-01-18,273.68
2234,CH0198251305,2022-01-20,31.97
14305,GB00B15KXV33,2022-01-20,7.1957226
21358,GRF000014008,2021-12-27,10.6389
13012,FR0007054358,2022-01-17,42.855
10175,FI0009000681,2022-01-18,5.248
7601,ES00000121G2,2022-01-26,110.774719
9405,ES0178430E18,2022-01-24,4.0035
16840,GR0128016731,2021-11-18,106.75
9660,EU000A1G0D39,2022-01-19,101.221
10948,FR0000120578,2022-01-17,90.17
5019,DE0006599905,2022-01-24,191.4
6307,DE000A0H0728,2022-01-20,22.512
6573,DE000A0H08Q4,2022-02-01,71.65
11204,FR0000120628,2022-01-13,27.92
4497,DE0005933956,2022-01-14,43.215
13790,FR0013176526,2022-01-21,26.26
20354,GRC815117CD9,2022-02-03,100.0
21840,GRF000023009,2021-11-09,30.223
5277,DE0007100000,2022-01-24,74.19
3467,DE0002635307,2022-01-18,47.755
22511,GRF000029006,2021-06-17,11.429
9157,ES0173516115,2022-02-07,11.49
12505,FR0000131906,2022-01-28,35.43
12762,FR0000133308,2022-01-27,10.154
20870,GRC8171186B7,2022-02-03,100.3
11469,FR0000121014,2022-01-24,701.6
10433,FI0009003305,2022-01-18,44.67
17670,GRC1451184D4,2022-02-04,102.8
6816,DE000A0H08R2,2022-01-11,20.46
5535,DE0007164600,2022-01-24,119.56
7078,DE000BASF111,2022-01-17,66.13
1713,BE0974293251,2022-01-13,56.47
1461,BE0974271034,2022-01-21,4.57
18053,GRC419120AD7,2022-01-17,101.4
9883,EU000A1U9985,2021-12-01,100.568
168,100974271034,2022-01-18,4.57
7841,ES0000012A89,2021-12-31,108.268936
19361,GRC4951193D4,2022-02-10,99.0
15543,GR0118019679,2021-11-09,106.63
10704,FR0000120271,2022-02-04,51.3
11981,FR0000125486,2022-01-18,93.77
7338,DE000BAY0017,2022-01-19,52.71
1973,BE0974303357,2022-01-17,3.06
4240,DE0005933931,2022-01-17,136.72
4757,DE0006047004,2022-01-18,64.9
8895,ES0144580Y14,2022-02-01,10.16
5789,DE0008404005,2022-01-18,226.75
8625,ES0113900J37,2022-01-14,3.127
2235,CH0198251305,2022-01-21,31.72
13272,FR0010315770,2022-01-19,279.16
7602,ES00000121G2,2022-01-27,110.733749
16841,GR0128016731,2021-11-19,106.1
21359,GRF000014008,2021-12-28,10.6312
14306,GB00B15KXV33,2022-01-21,7.1957226
13013,FR0007054358,2022-01-18,42.855
10176,FI0009000681,2022-01-19,5.418
9661,EU000A1G0D39,2022-01-20,101.117
9406,ES0178430E18,2022-01-25,4.024
15097,GR0114031561,2022-02-15,106.31
6574,DE000A0H08Q4,2022-02-02,68.98
10949,FR0000120578,2022-01-18,90.62
5020,DE0006599905,2022-01-25,191.4
6308,DE000A0H0728,2022-01-21,22.952
4498,DE0005933956,2022-01-17,42.91
13791,FR0013176526,2022-01-24,26.68
11205,FR0000120628,2022-01-14,28.215
21841,GRF000023009,2021-11-10,30.2553
5278,DE0007100000,2022-01-25,70.33
20355,GRC815117CD9,2022-02-04,100.0
22512,GRF000029006,2021-06-18,11.433
3468,DE0002635307,2022-01-19,46.305
9158,ES0173516115,2022-02-08,11.54
12506,FR0000131906,2022-01-31,34.57
12763,FR0000133308,2022-01-28,10.326
18054,GRC419120AD7,2022-01-18,101.3
20871,GRC8171186B7,2022-02-04,100.3
17671,GRC1451184D4,2022-02-07,102.5
11470,FR0000121014,2022-01-25,662.8
10434,FI0009003305,2022-01-19,44.67
6817,DE000A0H08R2,2022-01-12,21.16
5536,DE0007164600,2022-01-25,119.82
7079,DE000BASF111,2022-01-18,63.58
1462,BE0974271034,2022-01-24,4.65
9884,EU000A1U9985,2021-12-02,100.577
19362,GRC4951193D4,2022-02-11,99.4
7842,ES0000012A89,2022-01-03,108.180397
169,100974271034,2022-01-19,4.5
10705,FR0000120271,2022-02-07,50.97
11982,FR0000125486,2022-01-19,98.14
7339,DE000BAY0017,2022-01-20,51.83
1974,BE0974303357,2022-01-18,3.09
1714,BE0974293251,2022-01-14,56.37
4241,DE0005933931,2022-01-18,134.06
15544,GR0118019679,2021-11-10,106.55
4758,DE0006047004,2022-01-19,64.74
8896,ES0144580Y14,2022-02-02,10.04
21360,GRF000014008,2021-12-29,10.6273
2236,CH0198251305,2022-01-24,30.3
13273,FR0010315770,2022-01-20,277.58
14307,GB00B15KXV33,2022-01-24,7.1957226
5790,DE0008404005,2022-01-19,226.1
8626,ES0113900J37,2022-01-17,3.1665
13014,FR0007054358,2022-01-19,42.265
9662,EU000A1G0D39,2022-01-21,101.221
10177,FI0009000681,2022-01-20,5.166
6575,DE000A0H08Q4,2022-02-03,69.09
9407,ES0178430E18,2022-01-26,4.0945
10950,FR0000120578,2022-01-19,88.27
6309,DE000A0H0728,2022-01-24,23.096
5021,DE0006599905,2022-01-26,191.4
22513,GRF000029006,2021-06-21,11.433
13792,FR0013176526,2022-01-25,24.17
4499,DE0005933956,2022-01-18,42.9
11206,FR0000120628,2022-01-17,28.29
20356,GRC815117CD9,2022-02-07,100.2
21842,GRF000023009,2021-11-11,30.2553
5279,DE0007100000,2022-01-26,69.39
18055,GRC419120AD7,2022-01-19,101.4
3469,DE0002635307,2022-01-20,45.87
9159,ES0173516115,2022-02-09,11.4
16130,GR0124035693,2022-02-16,110.8
12764,FR0000133308,2022-01-31,10.472
12507,FR0000131906,2022-02-01,34.915
20872,GRC8171186B7,2022-02-07,100.3
17672,GRC1451184D4,2022-02-08,102.5
11471,FR0000121014,2022-01-26,714.7
10435,FI0009003305,2022-01-20,45.63
16369,GR0124036709,2022-01-20,99.78
6818,DE000A0H08R2,2022-01-13,21.28
5537,DE0007164600,2022-01-26,114.7
9885,EU000A1U9985,2021-12-03,100.561
19363,GRC4951193D4,2022-02-14,99.0
7080,DE000BASF111,2022-01-19,67.76
16842,GR0128016731,2021-11-22,107.59
1463,BE0974271034,2022-01-25,4.55
7843,ES0000012A89,2022-01-04,108.180397
170,100974271034,2022-01-20,4.97
10706,FR0000120271,2022-02-08,51.23
11983,FR0000125486,2022-01-20,91.3
15102,GR0114031561,2022-02-22,106.2
1975,BE0974303357,2022-01-19,3.45
1715,BE0974293251,2022-01-17,58.98
7340,DE000BAY0017,2022-01-21,50.3
4242,DE0005933931,2022-01-19,135.06
21361,GRF000014008,2021-12-30,10.6363
4759,DE0006047004,2022-01-20,64.54
8897,ES0144580Y14,2022-02-03,10.085
15545,GR0118019679,2021-11-11,106.62
2237,CH0198251305,2022-01-25,31.72
14308,GB00B15KXV33,2022-01-25,7.2112427
9663,EU000A1G0D39,2022-01-24,101.221
13274,FR0010315770,2022-01-21,275.91
5791,DE0008404005,2022-01-20,226.75
13015,FR0007054358,2022-01-20,42.265
6576,DE000A0H08Q4,2022-02-04,68.98
8627,ES0113900J37,2022-01-18,3.1135
7614,ES00000121G2,2022-02-14,109.415604
10178,FI0009000681,2022-01-21,5.125
22514,GRF000029006,2021-06-22,11.432
9408,ES0178430E18,2022-01-27,4.0035
6310,DE000A0H0728,2022-01-25,23.372
10951,FR0000120578,2022-01-20,88.14
5022,DE0006599905,2022-01-27,187.7
13793,FR0013176526,2022-01-26,24.17
4500,DE0005933956,2022-01-19,42.595
20357,GRC815117CD9,2022-02-08,100.2
9160,ES0173516115,2022-02-10,11.58
5280,DE0007100000,2022-01-27,69.26
11207,FR0000120628,2022-01-18,28.54
21843,GRF000023009,2021-11-12,29.8262
3470,DE0002635307,2022-01-21,47.19
12765,FR0000133308,2022-02-01,10.42
12508,FR0000131906,2022-02-02,34.57
20873,GRC8171186B7,2022-02-08,100.0
17673,GRC1451184D4,2022-02-09,102.2
16131,GR0124035693,2022-02-17,110.8
9886,EU000A1U9985,2021-12-06,100.555
11472,FR0000121014,2022-01-27,697.5
19364,GRC4951193D4,2022-02-15,99.3
6819,DE000A0H08R2,2022-01-14,21.095
10436,FI0009003305,2022-01-21,45.63
5538,DE0007164600,2022-01-27,117.98
7081,DE000BASF111,2022-01-20,67.68
1464,BE0974271034,2022-01-26,4.73
3234,DE0001102457,2022-02-22,100.853935
7844,ES0000012A89,2022-01-05,108.554382
171,100974271034,2022-01-21,4.5
10707,FR0000120271,2022-02-09,51.29
11984,FR0000125486,2022-01-21,98.2
1976,BE0974303357,2022-01-20,3.45
4243,DE0005933931,2022-01-20,135.06
4760,DE0006047004,2022-01-21,64.54
8898,ES0144580Y14,2022-02-04,10.085
21362,GRF000014008,2021-12-31,10.6723
9664,EU000A1G0D39,2022-01-25,101.214
7341,DE000BAY0017,2022-01-24,50.3
2238,CH0198251305,2022-01-26,29.77
15546,GR0118019679,2021-11-12,105.61
14309,GB00B15KXV33,2022-01-26,7.1957226
18057,GRC419120AD7,2022-01-21,101.2
22515,GRF000029006,2021-06-23,11.427
6577,DE000A0H08Q4,2022-02-07,65.98
13016,FR0007054358,2022-01-21,42.38
13275,FR0010315770,2022-01-24,274.59
5792,DE0008404005,2022-01-21,225.9
15103,GR0114031561,2022-02-23,106.16
10179,FI0009000681,2022-01-24,5.418
8628,ES0113900J37,2022-01-19,3.1235
9409,ES0178430E18,2022-01-28,4.147
6311,DE000A0H0728,2022-01-26,21.612
10952,FR0000120578,2022-01-21,91.73
13794,FR0013176526,2022-01-27,24.57
1716,BE0974293251,2022-01-18,56.37
4501,DE0005933956,2022-01-20,42.75
9161,ES0173516115,2022-02-11,11.33
20358,GRC815117CD9,2022-02-09,100.2
5281,DE0007100000,2022-01-28,71.82
11208,FR0000120628,2022-01-19,28.54
21844,GRF000023009,2021-11-15,30.223
7615,ES00000121G2,2022-02-15,109.415604
5024,DE0006599905,2022-01-31,191.1
3471,DE0002635307,2022-01-24,46.35
12766,FR0000133308,2022-02-02,10.42
12509,FR0000131906,2022-02-03,34.85
20874,GRC8171186B7,2022-02-09,100.3
17674,GRC1451184D4,2022-02-10,102.2
19365,GRC4951193D4,2022-02-16,98.9
9887,EU000A1U9985,2021-12-07,100.555
11473,FR0000121014,2022-01-28,726.1
6820,DE000A0H08R2,2022-01-17,21.1
16133,GR0124035693,2022-02-21,111.8
10437,FI0009003305,2022-01-24,43.16
5539,DE0007164600,2022-01-28,110.36
7845,ES0000012A89,2022-01-06,108.190666
7082,DE000BASF111,2022-01-21,66.95
1465,BE0974271034,2022-01-27,4.59
172,100974271034,2022-01-24,4.51
18058,GRC419120AD7,2022-01-24,101.2
10708,FR0000120271,2022-02-10,51.29
11985,FR0000125486,2022-01-24,98.9
1977,BE0974303357,2022-01-21,2.94
9665,EU000A1G0D39,2022-01-26,101.012
4244,DE0005933931,2022-01-21,133.6
8899,ES0144580Y14,2022-02-07,9.694
4761,DE0006047004,2022-01-24,62.42
22516,GRF000029006,2021-06-24,11.428
15547,GR0118019679,2021-11-15,106.29
6578,DE000A0H08Q4,2022-02-08,65.98
14310,GB00B15KXV33,2022-01-27,7.0866365
2239,CH0198251305,2022-01-27,29.6
7342,DE000BAY0017,2022-01-25,50.94
13017,FR0007054358,2022-01-24,41.99
15104,GR0114031561,2022-02-24,106.16
13276,FR0010315770,2022-01-25,274.81
16843,GR0128016731,2021-11-23,107.27
5793,DE0008404005,2022-01-24,223.65
10180,FI0009000681,2022-01-25,4.797
9162,ES0173516115,2022-02-14,11.868
8629,ES0113900J37,2022-01-20,3.1345
9410,ES0178430E18,2022-01-31,3.9965
6312,DE000A0H0728,2022-01-27,23.624
10953,FR0000120578,2022-01-24,90.94
13795,FR0013176526,2022-01-28,24.86
20359,GRC815117CD9,2022-02-10,100.2
4502,DE0005933956,2022-01-21,42.695
5282,DE0007100000,2022-01-31,70.04
1717,BE0974293251,2022-01-19,59.14
3472,DE0002635307,2022-01-25,47.495
21845,GRF000023009,2021-11-16,30.0141
11209,FR0000120628,2022-01-20,28.005
3235,DE0001102457,2022-02-23,100.853935
5025,DE0006599905,2022-02-01,195.1
12767,FR0000133308,2022-02-03,10.382
20875,GRC8171186B7,2022-02-10,100.1
9888,EU000A1U9985,2021-12-08,100.555
19366,GRC4951193D4,2022-02-17,99.6
17675,GRC1451184D4,2022-02-11,101.9
12510,FR0000131906,2022-02-04,35.11
21368,GRF000014008,2022-01-10,10.5254
6821,DE000A0H08R2,2022-01-18,20.715
16134,GR0124035693,2022-02-22,111.8
11474,FR0000121014,2022-01-31,716.4
10438,FI0009003305,2022-01-25,41.19
18059,GRC419120AD7,2022-01-25,101.2
7616,ES00000121G2,2022-02-16,109.415604
5540,DE0007164600,2022-01-31,108.72
7846,ES0000012A89,2022-01-07,108.08168
7083,DE000BASF111,2022-01-24,65.52
1466,BE0974271034,2022-01-28,4.54
173,100974271034,2022-01-25,4.86
10709,FR0000120271,2022-02-11,51.23
22517,GRF000029006,2021-06-25,11.434
11986,FR0000125486,2022-01-25,95.3
9666,EU000A1G0D39,2022-01-27,101.012
15548,GR0118019679,2021-11-16,106.52
1978,BE0974303357,2022-01-24,2.94
6579,DE000A0H08Q4,2022-02-09,66.09
4245,DE0005933931,2022-01-24,135.14
8900,ES0144580Y14,2022-02-08,9.738
4762,DE0006047004,2022-01-25,60.66
14311,GB00B15KXV33,2022-01-28,7.0866365
2240,CH0198251305,2022-01-28,29.81
15105,GR0114031561,2022-02-25,106.2
13018,FR0007054358,2022-01-25,40.3
9163,ES0173516115,2022-02-15,11.668
7343,DE000BAY0017,2022-01-26,50.92
10181,FI0009000681,2022-01-26,4.942
5794,DE0008404005,2022-01-25,226.05
6313,DE000A0H0728,2022-01-28,23.964
20360,GRC815117CD9,2022-02-11,100.2
9411,ES0178430E18,2022-02-01,4.0945
10954,FR0000120578,2022-01-25,88.52
4503,DE0005933956,2022-01-24,42.01
13796,FR0013176526,2022-01-31,23.89
8630,ES0113900J37,2022-01-21,3.1305
3473,DE0002635307,2022-01-26,46.305
5283,DE0007100000,2022-02-01,73.58
21846,GRF000023009,2021-11-17,30.223
5026,DE0006599905,2022-02-02,196.2
11210,FR0000120628,2022-01-21,28.54
19367,GRC4951193D4,2022-02-18,99.8
9889,EU000A1U9985,2021-12-09,100.555
12768,FR0000133308,2022-02-04,10.462
20876,GRC8171186B7,2022-02-11,100.0
18060,GRC419120AD7,2022-01-26,101.3
17676,GRC1451184D4,2022-02-14,101.9
3236,DE0001102457,2022-02-24,101.349548
12511,FR0000131906,2022-02-07,35.11
16135,GR0124035693,2022-02-23,112.2
13281,FR0010315770,2022-02-01,268.15
6822,DE000A0H08R2,2022-01-19,20.945
11475,FR0000121014,2022-02-01,726.1
10439,FI0009003305,2022-01-26,43.16
7847,ES0000012A89,2022-01-10,108.624901
5541,DE0007164600,2022-02-01,119.04
1467,BE0974271034,2022-01-31,4.53
7084,DE000BASF111,2022-01-25,65.11
174,100974271034,2022-01-26,4.86
1718,BE0974293251,2022-01-20,58.5
22518,GRF000029006,2021-06-28,11.434
7619,ES00000121G2,2022-02-21,109.734665
9667,EU000A1G0D39,2022-01-28,101.012
10710,FR0000120271,2022-02-14,52.25
6580,DE000A0H08Q4,2022-02-10,65.98
11987,FR0000125486,2022-01-26,98.3
15106,GR0114031561,2022-02-28,106.16
8901,ES0144580Y14,2022-02-09,9.254
4246,DE0005933931,2022-01-25,128.28
4763,DE0006047004,2022-01-26,65.68
1979,BE0974303357,2022-01-25,2.49
14312,GB00B15KXV33,2022-01-31,7.3219857
661,AU3CB0258465,2021-12-16,65.739777
2241,CH0198251305,2022-01-31,29.6
9164,ES0173516115,2022-02-16,11.522
13019,FR0007054358,2022-01-26,41.47
10182,FI0009000681,2022-01-27,5.046
7344,DE000BAY0017,2022-01-27,51.02
5795,DE0008404005,2022-01-26,225.9
10955,FR0000120578,2022-01-26,90.25
18061,GRC419120AD7,2022-01-27,101.1
9412,ES0178430E18,2022-02-02,3.967
6314,DE000A0H0728,2022-01-31,24.019
4504,DE0005933956,2022-01-25,41.425
13797,FR0013176526,2022-02-01,24.86
20361,GRC815117CD9,2022-02-14,100.0
8631,ES0113900J37,2022-01-24,3.0825
19368,GRC4951193D4,2022-02-21,99.9
9890,EU000A1U9985,2021-12-10,100.561
3474,DE0002635307,2022-01-27,46.305
5284,DE0007100000,2022-02-02,70.13
5027,DE0006599905,2022-02-03,198.2
21847,GRF000023009,2021-11-18,30.1736
20877,GRC8171186B7,2022-02-14,100.1
12769,FR0000133308,2022-02-07,10.276
11211,FR0000120628,2022-01-24,28.29
17677,GRC1451184D4,2022-02-15,102.5
16136,GR0124035693,2022-02-24,111.7
12512,FR0000131906,2022-02-08,35.11
21379,GRF000014008,2022-01-25,10.5177
6823,DE000A0H08R2,2022-01-20,20.945
13282,FR0010315770,2022-02-02,279.22
11476,FR0000121014,2022-02-02,722.6
7848,ES0000012A89,2022-01-11,107.717201
10440,FI0009003305,2022-01-27,46.58
5542,DE0007164600,2022-02-02,112.67
1468,BE0974271034,2022-02-01,4.84
22519,GRF000029006,2021-06-29,11.438
7085,DE000BASF111,2022-01-26,65.5
7620,ES00000121G2,2022-02-22,109.712784
175,100974271034,2022-01-27,4.86
15742,GR0118020685,2021-08-18,111.9
9668,EU000A1G0D39,2022-01-31,101.028
6581,DE000A0H08Q4,2022-02-11,65.98
15107,GR0114031561,2022-03-01,106.19
10711,FR0000120271,2022-02-15,51.13
11988,FR0000125486,2022-01-27,84.02
15550,GR0118019679,2021-11-18,106.58
8902,ES0144580Y14,2022-02-10,9.3
9165,ES0173516115,2022-02-17,11.69
4247,DE0005933931,2022-01-26,129.82
18062,GRC419120AD7,2022-01-28,101.2
4764,DE0006047004,2022-01-27,60.64
14313,GB00B15KXV33,2022-02-01,7.3482108
1980,BE0974303357,2022-01-26,3.75
2242,CH0198251305,2022-02-01,29.6
13020,FR0007054358,2022-01-27,42.44
10183,FI0009000681,2022-01-28,5.046
5796,DE0008404005,2022-01-27,223.55
10956,FR0000120578,2022-01-27,91.94
13798,FR0013176526,2022-02-02,26.1
9413,ES0178430E18,2022-02-03,4.061
4505,DE0005933956,2022-01-26,41.25
19369,GRC4951193D4,2022-02-22,99.4
7345,DE000BAY0017,2022-01-28,50.86
9891,EU000A1U9985,2021-12-13,100.544
6315,DE000A0H0728,2022-02-01,23.624
3475,DE0002635307,2022-01-28,45.87
8632,ES0113900J37,2022-01-25,2.943
20362,GRC815117CD9,2022-02-15,100.0
5285,DE0007100000,2022-02-03,70.32
20878,GRC8171186B7,2022-02-15,100.9
12770,FR0000133308,2022-02-08,9.51
17678,GRC1451184D4,2022-02-16,101.6
16137,GR0124035693,2022-02-25,110.8
5028,DE0006599905,2022-02-04,198.2
21848,GRF000023009,2021-11-19,29.8262
11212,FR0000120628,2022-01-25,27.92
12513,FR0000131906,2022-02-09,35.11
16844,GR0128016731,2021-11-24,106.1
21380,GRF000014008,2022-01-26,10.5177
6824,DE000A0H08R2,2022-01-21,21.09
7849,ES0000012A89,2022-01-12,107.584885
11477,FR0000121014,2022-02-03,701.5
15743,GR0118020685,2021-08-19,111.8
10441,FI0009003305,2022-01-28,42.71
7621,ES00000121G2,2022-02-23,109.6595
13283,FR0010315770,2022-02-03,277.86
1469,BE0974271034,2022-02-02,4.63
7086,DE000BASF111,2022-01-27,66.89
22520,GRF000029006,2021-06-30,11.425
18063,GRC419120AD7,2022-01-31,101.0
176,100974271034,2022-01-28,4.74
15108,GR0114031561,2022-03-02,106.14
15551,GR0118019679,2021-11-19,106.62
9669,EU000A1G0D39,2022-02-01,100.908
6582,DE000A0H08Q4,2022-02-14,64.35
9166,ES0173516115,2022-02-18,11.452
10712,FR0000120271,2022-02-16,51.0
11989,FR0000125486,2022-01-28,84.02
8903,ES0144580Y14,2022-02-11,9.218
4248,DE0005933931,2022-01-27,129.82
14314,GB00B15KXV33,2022-02-02,7.3577561
4765,DE0006047004,2022-01-28,60.64
2243,CH0198251305,2022-02-02,29.7
1981,BE0974303357,2022-01-27,3.75
13021,FR0007054358,2022-01-28,40.76
5547,DE0007164600,2022-02-09,123.08
19370,GRC4951193D4,2022-02-23,99.6
10184,FI0009000681,2022-01-31,5.046
9892,EU000A1U9985,2021-12-14,100.544
10957,FR0000120578,2022-01-28,91.94
13799,FR0013176526,2022-02-03,25.21
4506,DE0005933956,2022-01-27,41.89
9414,ES0178430E18,2022-02-04,4.141
5797,DE0008404005,2022-01-28,223.55
6316,DE000A0H0728,2022-02-02,24.126
7346,DE000BAY0017,2022-01-31,52.73
20879,GRC8171186B7,2022-02-16,100.6
3476,DE0002635307,2022-01-31,46.64
17679,GRC1451184D4,2022-02-17,101.6
5286,DE0007100000,2022-02-04,69.72
8633,ES0113900J37,2022-01-26,3.0825
12771,FR0000133308,2022-02-09,9.398
5029,DE0006599905,2022-02-07,193.6
16138,GR0124035693,2022-02-28,111.9
21849,GRF000023009,2021-11-22,30.0924
11213,FR0000120628,2022-01-26,28.215
16847,GR0128016731,2021-11-29,107.59
12514,FR0000131906,2022-02-10,35.155
20363,GRC815117CD9,2022-02-16,100.0
21381,GRF000014008,2022-01-27,10.489
7850,ES0000012A89,2022-01-13,107.584885
7622,ES00000121G2,2022-02-24,109.510048
6825,DE000A0H08R2,2022-01-24,20.685
18064,GRC419120AD7,2022-02-01,101.2
11478,FR0000121014,2022-02-04,698.6
13284,FR0010315770,2022-02-04,266.26
22521,GRF000029006,2021-07-01,11.438
15552,GR0118019679,2021-11-22,106.81
10442,FI0009003305,2022-01-31,43.17
15109,GR0114031561,2022-03-03,105.92
1470,BE0974271034,2022-02-03,4.32
7087,DE000BASF111,2022-01-28,66.89
177,100974271034,2022-01-31,4.8
9670,EU000A1G0D39,2022-02-02,100.891
9167,ES0173516115,2022-02-21,11.466
6583,DE000A0H08Q4,2022-02-15,64.05
10713,FR0000120271,2022-02-17,51.29
8904,ES0144580Y14,2022-02-14,9.196
11990,FR0000125486,2022-01-31,84.16
1720,BE0974293251,2022-01-24,57.53
14315,GB00B15KXV33,2022-02-03,7.2600951
4249,DE0005933931,2022-01-28,130.56
4766,DE0006047004,2022-01-31,61.22
2244,CH0198251305,2022-02-03,29.8
1982,BE0974303357,2022-01-28,3.75
19371,GRC4951193D4,2022-02-24,98.9
13022,FR0007054358,2022-01-31,41.07
9893,EU000A1U9985,2021-12-15,100.548
10185,FI0009000681,2022-02-01,5.247
10958,FR0000120578,2022-01-31,92.92
13800,FR0013176526,2022-02-04,26.18
5548,DE0007164600,2022-02-10,109.84
4507,DE0005933956,2022-01-28,42.32
9415,ES0178430E18,2022-02-07,4.141
5798,DE0008404005,2022-01-31,223.55
16848,GR0128016731,2021-11-30,106.07
17680,GRC1451184D4,2022-02-18,101.6
16139,GR0124035693,2022-03-01,110.8
3477,DE0002635307,2022-02-01,47.555
7347,DE000BAY0017,2022-02-01,53.8
5287,DE0007100000,2022-02-07,69.45
6317,DE000A0H0728,2022-02-03,23.587
18065,GRC419120AD7,2022-02-02,101.0
20881,GRC8171186B7,2022-02-18,100.6
5030,DE0006599905,2022-02-08,191.2
8634,ES0113900J37,2022-01-27,3.091
21850,GRF000023009,2021-11-23,30.2266
12515,FR0000131906,2022-02-11,36.5
11214,FR0000120628,2022-01-27,27.83
3239,DE0001102457,2022-03-01,101.41111
20364,GRC815117CD9,2022-02-17,100.0
6826,DE000A0H08R2,2022-01-25,20.79
15553,GR0118019679,2021-11-23,106.51
22522,GRF000029006,2021-07-02,11.436
11479,FR0000121014,2022-02-07,706.1
7851,ES0000012A89,2022-01-14,107.584885
15110,GR0114031561,2022-03-04,106.18
13285,FR0010315770,2022-02-07,263.68
7623,ES00000121G2,2022-02-25,109.723923
10443,FI0009003305,2022-02-01,43.25
12775,FR0000133308,2022-02-15,9.016
7088,DE000BASF111,2022-01-31,68.55
178,100974271034,2022-02-01,4.78
9168,ES0173516115,2022-02-22,11.678
662,AU3CB0258465,2021-12-17,66.009575
8905,ES0144580Y14,2022-02-15,8.98
10714,FR0000120271,2022-02-18,50.65
1721,BE0974293251,2022-01-25,56.49
11991,FR0000125486,2022-02-01,96.66
14316,GB00B15KXV33,2022-02-04,7.3473806
4250,DE0005933931,2022-01-31,130.74
19372,GRC4951193D4,2022-02-25,100.0
4767,DE0006047004,2022-02-01,62.52
2245,CH0198251305,2022-02-04,30.4
9894,EU000A1U9985,2021-12-16,100.548
1983,BE0974303357,2022-01-31,3.8
13023,FR0007054358,2022-02-01,41.53
16849,GR0128016731,2021-12-01,105.41
18066,GRC419120AD7,2022-02-03,100.7
10186,FI0009000681,2022-02-02,5.298
13801,FR0013176526,2022-02-07,24.51
10959,FR0000120578,2022-02-01,92.75
4508,DE0005933956,2022-01-31,42.035
16140,GR0124035693,2022-03-02,112.0
9416,ES0178430E18,2022-02-08,4.164
5549,DE0007164600,2022-02-11,110.14
17681,GRC1451184D4,2022-02-21,101.8
5799,DE0008404005,2022-02-01,220.25
3478,DE0002635307,2022-02-02,47.075
20882,GRC8171186B7,2022-02-21,100.6
5288,DE0007100000,2022-02-08,67.37
1476,BE0974271034,2022-02-11,4.87
7348,DE000BAY0017,2022-02-02,54.03
5031,DE0006599905,2022-02-09,183.6
6318,DE000A0H0728,2022-02-04,23.649
12516,FR0000131906,2022-02-14,36.5
15554,GR0118019679,2021-11-24,106.34
21851,GRF000023009,2021-11-24,30.048
11215,FR0000120628,2022-01-28,28.29
8635,ES0113900J37,2022-01-28,3.089
20365,GRC815117CD9,2022-02-18,100.0
22523,GRF000029006,2021-07-05,11.434
6827,DE000A0H08R2,2022-01-26,21.19
15111,GR0114031561,2022-03-07,106.17
7624,ES00000121G2,2022-02-28,109.35006
11480,FR0000121014,2022-02-08,706.1
13286,FR0010315770,2022-02-08,271.38
9169,ES0173516115,2022-02-23,11.54
10444,FI0009003305,2022-02-02,43.79
179,100974271034,2022-02-02,4.87
7089,DE000BASF111,2022-02-01,67.72
7854,ES0000012A89,2022-01-19,107.398071
12776,FR0000133308,2022-02-16,9.18
19373,GRC4951193D4,2022-02-28,99.0
21383,GRF000014008,2022-01-31,10.4713
8906,ES0144580Y14,2022-02-16,9.402
9895,EU000A1U9985,2021-12-17,100.543
14317,GB00B15KXV33,2022-02-07,7.3473806
10715,FR0000120271,2022-02-21,50.66
11992,FR0000125486,2022-02-02,96.66
4251,DE0005933931,2022-02-01,132.0
4768,DE0006047004,2022-02-02,61.22
6585,DE000A0H08Q4,2022-02-17,68.98
2246,CH0198251305,2022-02-07,29.8
3240,DE0001102457,2022-03-02,103.558601
13024,FR0007054358,2022-02-02,42.01
1723,BE0974293251,2022-01-27,52.64
1984,BE0974303357,2022-02-01,3.79
16141,GR0124035693,2022-03-03,110.8
9679,EU000A1G0D39,2022-02-15,100.404022
10187,FI0009000681,2022-02-03,5.283
13802,FR0013176526,2022-02-08,24.63
10960,FR0000120578,2022-02-02,91.59
4509,DE0005933956,2022-02-01,42.24
17682,GRC1451184D4,2022-02-22,101.8
9417,ES0178430E18,2022-02-09,4.164
5800,DE0008404005,2022-02-02,228.35
3479,DE0002635307,2022-02-03,47.2
15555,GR0118019679,2021-11-25,106.51
5289,DE0007100000,2022-02-09,67.78
5032,DE0006599905,2022-02-10,187.7
12517,FR0000131906,2022-02-15,35.715
7349,DE000BAY0017,2022-02-03,53.81
22524,GRF000029006,2021-07-06,11.437
5552,DE0007164600,2022-02-16,105.84
21852,GRF000023009,2021-11-25,30.1736
11216,FR0000120628,2022-01-31,27.92
15112,GR0114031561,2022-03-08,106.4
7625,ES00000121G2,2022-03-01,109.523499
8636,ES0113900J37,2022-01-31,3.114
1478,BE0974271034,2022-02-15,4.78
6828,DE000A0H08R2,2022-01-27,20.44
6319,DE000A0H0728,2022-02-07,22.905
11481,FR0000121014,2022-02-09,716.1
9170,ES0173516115,2022-02-24,11.466
13287,FR0010315770,2022-02-09,266.26
10445,FI0009003305,2022-02-03,44.24
20366,GRC815117CD9,2022-02-21,100.0
180,100974271034,2022-02-03,4.7
7090,DE000BASF111,2022-02-02,68.08
19374,GRC4951193D4,2022-03-01,98.0
21085,GRF000011004,2021-12-06,4.1922
9896,EU000A1U9985,2021-12-20,100.543
12777,FR0000133308,2022-02-17,10.874
8907,ES0144580Y14,2022-02-17,8.684
14318,GB00B15KXV33,2022-02-08,7.3577561
6586,DE000A0H08Q4,2022-02-18,68.98
7857,ES0000012A89,2022-01-24,107.626907
10716,FR0000120271,2022-02-22,49.94
4769,DE0006047004,2022-02-03,62.52
4252,DE0005933931,2022-02-02,132.0
11993,FR0000125486,2022-02-03,97.98
15744,GR0118020685,2021-08-20,109.0
2247,CH0198251305,2022-02-08,29.6
16142,GR0124035693,2022-03-04,113.8
13025,FR0007054358,2022-02-03,41.98
21384,GRF000014008,2022-02-01,10.436
1985,BE0974303357,2022-02-02,3.74
1724,BE0974293251,2022-01-28,56.73
10188,FI0009000681,2022-02-04,5.17
17683,GRC1451184D4,2022-02-23,101.8
13803,FR0013176526,2022-02-09,26.16
10961,FR0000120578,2022-02-03,90.94
4510,DE0005933956,2022-02-02,42.535
9418,ES0178430E18,2022-02-10,4.141
15556,GR0118019679,2021-11-26,106.51
663,AU3CB0258465,2021-12-20,65.814636
3480,DE0002635307,2022-02-04,46.025
5801,DE0008404005,2022-02-03,228.35
5290,DE0007100000,2022-02-10,70.51
22525,GRF000029006,2021-07-07,11.43
7626,ES00000121G2,2022-03-02,109.523499
15113,GR0114031561,2022-03-09,106.5
12518,FR0000131906,2022-02-16,35.11
5033,DE0006599905,2022-02-11,184.7
5553,DE0007164600,2022-02-17,105.84
7350,DE000BAY0017,2022-02-04,53.8
11217,FR0000120628,2022-02-01,27.955
6829,DE000A0H08R2,2022-01-28,21.09
8637,ES0113900J37,2022-02-01,3.125
9171,ES0173516115,2022-02-25,11.33
11482,FR0000121014,2022-02-10,729.7
6320,DE000A0H0728,2022-02-08,23.664
13288,FR0010315770,2022-02-10,266.26
10446,FI0009003305,2022-02-04,44.09
19375,GRC4951193D4,2022-03-02,97.6
1482,BE0974271034,2022-02-21,4.64
7091,DE000BASF111,2022-02-03,68.55
20367,GRC815117CD9,2022-02-22,100.0
9897,EU000A1U9985,2021-12-21,100.543
181,100974271034,2022-02-04,4.89
7858,ES0000012A89,2022-01-25,107.765266
8908,ES0144580Y14,2022-02-18,8.728
14319,GB00B15KXV33,2022-02-09,7.4682584
16143,GR0124035693,2022-03-07,114.0
12778,FR0000133308,2022-02-18,10.61
4253,DE0005933931,2022-02-03,130.06
4770,DE0006047004,2022-02-04,64.12
10717,FR0000120271,2022-02-23,49.94
11994,FR0000125486,2022-02-04,97.57
2248,CH0198251305,2022-02-09,29.2
13026,FR0007054358,2022-02-04,41.14
1986,BE0974303357,2022-02-03,3.29
1725,BE0974293251,2022-01-31,52.38
6587,DE000A0H08Q4,2022-02-21,63.45
10189,FI0009000681,2022-02-07,5.006
664,AU3CB0258465,2021-12-21,65.84185
13804,FR0013176526,2022-02-10,26.46
10962,FR0000120578,2022-02-04,91.29
4511,DE0005933956,2022-02-03,41.175
15558,GR0118019679,2021-11-30,106.29
9419,ES0178430E18,2022-02-11,4.164
7627,ES00000121G2,2022-03-03,109.35006
22526,GRF000029006,2021-07-08,11.427
3481,DE0002635307,2022-02-07,45.855
15114,GR0114031561,2022-03-10,106.49
5802,DE0008404005,2022-02-04,228.35
5291,DE0007100000,2022-02-11,74.85
17686,GRC1451184D4,2022-02-28,101.6
12519,FR0000131906,2022-02-17,35.11
5034,DE0006599905,2022-02-14,179.2
5554,DE0007164600,2022-02-18,103.88
11218,FR0000120628,2022-02-02,28.255
21389,GRF000014008,2022-02-08,10.1904
7351,DE000BAY0017,2022-02-07,52.72
6830,DE000A0H08R2,2022-01-31,21.83
9172,ES0173516115,2022-02-28,11.466
8638,ES0113900J37,2022-02-02,3.1365
11483,FR0000121014,2022-02-11,697.8
21854,GRF000023009,2021-11-29,29.8038
19376,GRC4951193D4,2022-03-03,96.5
15745,GR0118020685,2021-08-23,108.8
9898,EU000A1U9985,2021-12-22,100.537
13289,FR0010315770,2022-02-11,268.55
16850,GR0128016731,2021-12-02,105.41
10447,FI0009003305,2022-02-07,43.58
20368,GRC815117CD9,2022-02-23,100.1
1483,BE0974271034,2022-02-22,4.64
7092,DE000BASF111,2022-02-04,67.16
182,100974271034,2022-02-07,4.92
16144,GR0124035693,2022-03-08,110.8
7859,ES0000012A89,2022-01-26,107.724609
6321,DE000A0H0728,2022-02-09,24.096
8909,ES0144580Y14,2022-02-21,8.638
14320,GB00B15KXV33,2022-02-10,7.4116154
4771,DE0006047004,2022-02-07,64.12
4254,DE0005933931,2022-02-04,129.22
10718,FR0000120271,2022-02-24,49.535
2249,CH0198251305,2022-02-10,29.6
11995,FR0000125486,2022-02-07,98.19
13027,FR0007054358,2022-02-07,41.49
15559,GR0118019679,2021-12-01,106.48
6588,DE000A0H08Q4,2022-02-22,60.25
1987,BE0974303357,2022-02-04,3.66
1726,BE0974293251,2022-02-01,56.02
7628,ES00000121G2,2022-03-04,109.767624
10190,FI0009000681,2022-02-08,5.049
13805,FR0013176526,2022-02-11,26.35
4512,DE0005933956,2022-02-04,41.325
10963,FR0000120578,2022-02-07,90.29
15115,GR0114031561,2022-03-11,106.46
9420,ES0178430E18,2022-02-14,4.141
3482,DE0002635307,2022-02-08,45.86
12782,FR0000133308,2022-02-24,11.012
22527,GRF000029006,2021-07-09,11.427
5292,DE0007100000,2022-02-14,74.85
5803,DE0008404005,2022-02-07,227.3
12520,FR0000131906,2022-02-18,34.57
5035,DE0006599905,2022-02-15,187.9
5555,DE0007164600,2022-02-21,102.44
9173,ES0173516115,2022-03-01,11.626
15746,GR0118020685,2021-08-24,111.8
11219,FR0000120628,2022-02-03,28.51
6831,DE000A0H08R2,2022-02-01,21.865
16851,GR0128016731,2021-12-03,107.75
11484,FR0000121014,2022-02-14,701.5
8639,ES0113900J37,2022-02-03,3.1755
19377,GRC4951193D4,2022-03-04,98.5
21855,GRF000023009,2021-11-30,29.8912
7353,DE000BAY0017,2022-02-09,52.97
9899,EU000A1U9985,2021-12-23,100.537
9681,EU000A1G0D39,2022-02-17,100.404022
20369,GRC815117CD9,2022-02-24,100.0
10448,FI0009003305,2022-02-08,43.75
13290,FR0010315770,2022-02-14,268.02
1484,BE0974271034,2022-02-23,4.55
16145,GR0124035693,2022-03-09,113.8
7093,DE000BASF111,2022-02-07,67.09
665,AU3CB0258465,2021-12-22,65.84185
7860,ES0000012A89,2022-01-27,107.570045
183,100974271034,2022-02-08,4.95
14321,GB00B15KXV33,2022-02-11,7.5099444
8910,ES0144580Y14,2022-02-22,9.29
21392,GRF000014008,2022-02-11,10.141
4255,DE0005933931,2022-02-07,128.74
4772,DE0006047004,2022-02-08,64.54
2250,CH0198251305,2022-02-11,29.2
10719,FR0000120271,2022-02-25,49.535
7629,ES00000121G2,2022-03-07,109.946571
11996,FR0000125486,2022-02-08,98.9
15560,GR0118019679,2021-12-02,106.48
13028,FR0007054358,2022-02-08,40.92
1988,BE0974303357,2022-02-07,3.8
15116,GR0114031561,2022-03-14,106.48
1727,BE0974293251,2022-02-02,56.02
10191,FI0009000681,2022-02-09,5.106
6589,DE000A0H08Q4,2022-02-23,60.25
13806,FR0013176526,2022-02-14,25.96
4513,DE0005933956,2022-02-07,41.23
10964,FR0000120578,2022-02-08,93.1
3483,DE0002635307,2022-02-09,45.86
15747,GR0118020685,2021-08-25,111.8
5293,DE0007100000,2022-02-15,74.85
9422,ES0178430E18,2022-02-16,4.413
22528,GRF000029006,2021-07-12,11.43
5804,DE0008404005,2022-02-08,225.95
12521,FR0000131906,2022-02-21,35.43
9174,ES0173516115,2022-03-02,11.862
12783,FR0000133308,2022-02-25,10.214
3242,DE0001102457,2022-03-04,102.983879
5036,DE0006599905,2022-02-16,186.9
5556,DE0007164600,2022-02-22,98.51
6832,DE000A0H08R2,2022-02-02,21.84
11220,FR0000120628,2022-02-04,28.51
19378,GRC4951193D4,2022-03-07,98.5
11485,FR0000121014,2022-02-15,715.4
9900,EU000A1U9985,2021-12-24,100.537
21856,GRF000023009,2021-12-01,29.9703
8640,ES0113900J37,2022-02-04,3.125
20370,GRC815117CD9,2022-02-25,100.0
16146,GR0124035693,2022-03-10,113.5
10449,FI0009003305,2022-02-09,43.84
13291,FR0010315770,2022-02-15,263.78
7094,DE000BASF111,2022-02-08,66.85
7861,ES0000012A89,2022-01-28,107.335297
7630,ES00000121G2,2022-03-08,109.850029
15561,GR0118019679,2021-12-03,106.04
14322,GB00B15KXV33,2022-02-14,7.5138898
8911,ES0144580Y14,2022-02-23,9.29
7356,DE000BAY0017,2022-02-14,53.81
184,100974271034,2022-02-09,4.95
4256,DE0005933931,2022-02-08,127.74
4773,DE0006047004,2022-02-09,65.54
1487,BE0974271034,2022-02-28,4.65
2251,CH0198251305,2022-02-14,29.3
10720,FR0000120271,2022-02-28,47.62
11997,FR0000125486,2022-02-09,98.9
15117,GR0114031561,2022-03-15,106.5
15748,GR0118020685,2021-08-26,111.8
13029,FR0007054358,2022-02-09,41.01
6326,DE000A0H0728,2022-02-16,21.384
6590,DE000A0H08Q4,2022-02-24,60.25
1989,BE0974303357,2022-02-08,3.66
10192,FI0009000681,2022-02-10,5.02
13807,FR0013176526,2022-02-15,26.54
1728,BE0974293251,2022-02-03,56.02
4514,DE0005933956,2022-02-08,41.245
10965,FR0000120578,2022-02-09,93.71
22754,GRF000030004,2021-05-27,10.2467184
3484,DE0002635307,2022-02-10,46.845
3243,DE0001102457,2022-03-07,103.810104
5294,DE0007100000,2022-02-16,73.5
9175,ES0173516115,2022-03-03,12.268
9423,ES0178430E18,2022-02-17,4.384
21397,GRF000014008,2022-02-18,10.1507
5805,DE0008404005,2022-02-09,225.95
16852,GR0128016731,2021-12-06,107.54
5037,DE0006599905,2022-02-17,186.1
12523,FR0000131906,2022-02-23,33.57
12784,FR0000133308,2022-02-28,10.756
5557,DE0007164600,2022-02-23,100.0
6833,DE000A0H08R2,2022-02-03,21.84
11221,FR0000120628,2022-02-07,28.255
9901,EU000A1U9985,2021-12-27,100.529
19379,GRC4951193D4,2022-03-08,97.9
21857,GRF000023009,2021-12-02,30.1028
11486,FR0000121014,2022-02-16,722.0
16147,GR0124035693,2022-03-11,113.5
20371,GRC815117CD9,2022-02-28,100.0
8641,ES0113900J37,2022-02-07,3.36
10450,FI0009003305,2022-02-10,43.15
15562,GR0118019679,2021-12-06,106.32
7631,ES00000121G2,2022-03-09,109.850029
22529,GRF000029006,2021-07-13,11.433
13292,FR0010315770,2022-02-16,266.38
7095,DE000BASF111,2022-02-09,68.25
15749,GR0118020685,2021-08-27,111.3
14323,GB00B15KXV33,2022-02-15,7.4116154
8912,ES0144580Y14,2022-02-24,9.414
15118,GR0114031561,2022-03-16,105.92
185,100974271034,2022-02-10,4.94
4774,DE0006047004,2022-02-10,66.14
4257,DE0005933931,2022-02-09,129.08
1488,BE0974271034,2022-03-01,4.79
2252,CH0198251305,2022-02-15,30.1
10721,FR0000120271,2022-03-01,49.535
11998,FR0000125486,2022-02-10,103.0
20883,GRC8171186B7,2022-02-22,100.6
6591,DE000A0H08Q4,2022-02-25,60.25
7358,DE000BAY0017,2022-02-16,52.55
10193,FI0009000681,2022-02-11,5.067
13808,FR0013176526,2022-02-16,26.74
1990,BE0974303357,2022-02-09,2.78
4515,DE0005933956,2022-02-09,40.43
1729,BE0974293251,2022-02-04,56.02
10966,FR0000120578,2022-02-10,93.71
3244,DE0001102457,2022-03-08,103.810104
3485,DE0002635307,2022-02-11,44.965
9176,ES0173516115,2022-03-04,11.466
5295,DE0007100000,2022-02-17,73.5
9424,ES0178430E18,2022-02-18,4.3615
21398,GRF000014008,2022-02-21,10.164
5806,DE0008404005,2022-02-10,231.9
5038,DE0006599905,2022-02-18,182.9
13034,FR0007054358,2022-02-16,41.47
9902,EU000A1U9985,2021-12-28,100.528
12524,FR0000131906,2022-02-24,32.135
5558,DE0007164600,2022-02-24,98.51
6834,DE000A0H08R2,2022-02-04,21.97
12785,FR0000133308,2022-03-01,10.892
21858,GRF000023009,2021-12-03,30.146
11222,FR0000120628,2022-02-08,27.47
16148,GR0124035693,2022-03-14,113.7
19380,GRC4951193D4,2022-03-09,96.0
11487,FR0000121014,2022-02-17,694.0
15750,GR0118020685,2021-08-30,111.2
15563,GR0118019679,2021-12-07,106.29
7632,ES00000121G2,2022-03-10,109.850029
20372,GRC815117CD9,2022-03-01,100.0
22755,GRF000030004,2021-05-28,10.2928057
22530,GRF000029006,2021-07-14,11.435
8642,ES0113900J37,2022-02-08,3.35
10451,FI0009003305,2022-02-11,44.85
13293,FR0010315770,2022-02-17,263.83
7096,DE000BASF111,2022-02-10,68.74
15119,GR0114031561,2022-03-17,105.92
14324,GB00B15KXV33,2022-02-16,7.5112767
8913,ES0144580Y14,2022-02-25,9.224
7872,ES0000012A89,2022-02-14,104.174568
4775,DE0006047004,2022-02-11,65.68
186,100974271034,2022-02-11,4.95
2253,CH0198251305,2022-02-16,28.3
4258,DE0005933931,2022-02-10,127.68
1489,BE0974271034,2022-03-02,4.27
6592,DE000A0H08Q4,2022-02-28,60.25
20884,GRC8171186B7,2022-02-23,100.1
10722,FR0000120271,2022-03-02,49.885
11999,FR0000125486,2022-02-11,103.0
10194,FI0009000681,2022-02-14,5.025
7359,DE000BAY0017,2022-02-17,52.55
13809,FR0013176526,2022-02-17,26.62
1991,BE0974303357,2022-02-10,3.69
4516,DE0005933956,2022-02-10,42.035
10967,FR0000120578,2022-02-11,92.86
1730,BE0974293251,2022-02-07,53.23
9177,ES0173516115,2022-03-07,11.064
3486,DE0002635307,2022-02-14,44.985
6328,DE000A0H0728,2022-02-18,24.736
5296,DE0007100000,2022-02-18,74.82
9425,ES0178430E18,2022-02-21,4.413
9903,EU000A1U9985,2021-12-29,100.525
15751,GR0118020685,2021-08-31,111.1
21399,GRF000014008,2022-02-22,10.1466
5807,DE0008404005,2022-02-11,228.1
13035,FR0007054358,2022-02-17,41.14
5039,DE0006599905,2022-02-21,177.1
12525,FR0000131906,2022-02-25,29.22
16149,GR0124035693,2022-03-15,112.0
6835,DE000A0H08R2,2022-02-07,21.87
5559,DE0007164600,2022-02-25,98.83
21859,GRF000023009,2021-12-06,30.1085
15564,GR0118019679,2021-12-08,106.48
7633,ES00000121G2,2022-03-11,109.424431
9683,EU000A1G0D39,2022-02-21,100.572411
11223,FR0000120628,2022-02-09,28.51
22756,GRF000030004,2021-05-31,10.3322563
11488,FR0000121014,2022-02-18,687.6
22531,GRF000029006,2021-07-15,11.436
19381,GRC4951193D4,2022-03-10,100.2
12786,FR0000133308,2022-03-02,10.792
20373,GRC815117CD9,2022-03-02,100.0
10452,FI0009003305,2022-02-14,45.1
8643,ES0113900J37,2022-02-09,3.282
15120,GR0114031561,2022-03-18,105.92
666,AU3CB0258465,2021-12-23,65.92942
16853,GR0128016731,2021-12-07,106.89
13294,FR0010315770,2022-02-18,265.8
7097,DE000BASF111,2022-02-11,68.45
14325,GB00B15KXV33,2022-02-17,7.6672149
8914,ES0144580Y14,2022-02-28,9.924
20885,GRC8171186B7,2022-02-24,100.1
7873,ES0000012A89,2022-02-15,104.242119
4776,DE0006047004,2022-02-14,64.82
2254,CH0198251305,2022-02-17,29.0
4259,DE0005933931,2022-02-11,130.48
187,100974271034,2022-02-14,4.82
10723,FR0000120271,2022-03-03,49.885
12000,FR0000125486,2022-02-14,98.9
13810,FR0013176526,2022-02-18,26.62
9178,ES0173516115,2022-03-08,11.54
10195,FI0009000681,2022-02-15,4.956
1992,BE0974303357,2022-02-11,3.64
15752,GR0118020685,2021-09-01,111.4
10968,FR0000120578,2022-02-14,93.83
7360,DE000BAY0017,2022-02-18,53.46
1731,BE0974293251,2022-02-08,54.47
9904,EU000A1U9985,2021-12-30,100.537
5297,DE0007100000,2022-02-21,74.82
9426,ES0178430E18,2022-02-22,4.3025
16150,GR0124035693,2022-03-16,114.0
21400,GRF000014008,2022-02-23,10.1466
7634,ES00000121G2,2022-03-14,109.523499
13036,FR0007054358,2022-02-18,40.42
1492,BE0974271034,2022-03-07,4.15
5808,DE0008404005,2022-02-14,225.55
3488,DE0002635307,2022-02-16,47.577
5040,DE0006599905,2022-02-22,169.1
6836,DE000A0H08R2,2022-02-08,21.995
21860,GRF000023009,2021-12-07,30.1085
5560,DE0007164600,2022-02-28,101.88
22532,GRF000029006,2021-07-16,11.435
11224,FR0000120628,2022-02-10,28.215
11489,FR0000121014,2022-02-21,725.0
20374,GRC815117CD9,2022-03-03,100.0
4522,DE0005933956,2022-02-18,41.03
667,AU3CB0258465,2021-12-24,66.289162
22757,GRF000030004,2021-06-01,10.2929592
14758,GB00BN7CG237,2021-10-25,19.75425
12787,FR0000133308,2022-03-03,10.892
17693,GRC1451184D4,2022-03-09,99.3
19382,GRC4951193D4,2022-03-11,100.6
6329,DE000A0H0728,2022-02-21,24.772
10453,FI0009003305,2022-02-15,44.89
8644,ES0113900J37,2022-02-10,3.3185
7098,DE000BASF111,2022-02-14,68.45
14326,GB00B15KXV33,2022-02-18,7.4657569
8915,ES0144580Y14,2022-03-01,10.18
15569,GR0118019679,2021-12-15,106.55
15753,GR0118020685,2021-09-02,111.4
12531,FR0000131906,2022-03-07,23.125
13296,FR0010315770,2022-02-22,258.67
20886,GRC8171186B7,2022-02-25,100.1
4777,DE0006047004,2022-02-15,66.14
2255,CH0198251305,2022-02-18,29.0
4260,DE0005933931,2022-02-14,128.7
7874,ES0000012A89,2022-02-16,104.070488
188,100974271034,2022-02-15,4.76
9179,ES0173516115,2022-03-09,11.466
12001,FR0000125486,2022-02-15,101.36
10724,FR0000120271,2022-03-04,51.42
6594,DE000A0H08Q4,2022-03-02,60.25
13811,FR0013176526,2022-02-21,26.08
10196,FI0009000681,2022-02-16,4.98
1993,BE0974303357,2022-02-14,3.74
10969,FR0000120578,2022-02-15,92.2
1732,BE0974293251,2022-02-09,56.02
9905,EU000A1U9985,2021-12-31,100.525
7635,ES00000121G2,2022-03-15,109.898804
18067,GRC419120AD7,2022-02-04,100.3
16151,GR0124035693,2022-03-17,114.0
5298,DE0007100000,2022-02-22,80.52
7362,DE000BAY0017,2022-02-22,54.18
9427,ES0178430E18,2022-02-23,4.264
21401,GRF000014008,2022-02-24,10.1466
21861,GRF000023009,2021-12-08,29.7938
13037,FR0007054358,2022-02-21,40.49
1493,BE0974271034,2022-03-08,3.96
6837,DE000A0H08R2,2022-02-09,21.995
5041,DE0006599905,2022-02-23,169.1
5809,DE0008404005,2022-02-15,222.15
16854,GR0128016731,2021-12-08,106.07
3489,DE0002635307,2022-02-17,46.355
668,AU3CB0258465,2021-12-27,66.476318
22758,GRF000030004,2021-06-02,10.2590036
11225,FR0000120628,2022-02-11,28.61
20375,GRC815117CD9,2022-03-04,100.0
11490,FR0000121014,2022-02-22,686.3
4523,DE0005933956,2022-02-21,41.34
15754,GR0118020685,2021-09-03,111.3
12788,FR0000133308,2022-03-04,10.722
10454,FI0009003305,2022-02-16,44.61
15570,GR0118019679,2021-12-16,106.1
19383,GRC4951193D4,2022-03-14,98.5
5564,DE0007164600,2022-03-04,98.55
15122,GR0114031561,2022-03-22,106.1
14327,GB00B15KXV33,2022-02-21,7.6572428
7099,DE000BASF111,2022-02-15,66.85
16649,GR0124037715,2022-02-21,85.9
8916,ES0144580Y14,2022-03-02,9.552
20887,GRC8171186B7,2022-02-28,101.0
12532,FR0000131906,2022-03-08,23.125
6330,DE000A0H0728,2022-02-22,25.7
13297,FR0010315770,2022-02-23,261.35
2256,CH0198251305,2022-02-21,29.1
9180,ES0173516115,2022-03-10,11.064
4778,DE0006047004,2022-02-16,65.68
4261,DE0005933931,2022-02-15,129.5
189,100974271034,2022-02-16,4.64
10725,FR0000120271,2022-03-07,49.94
12002,FR0000125486,2022-02-16,101.58
13812,FR0013176526,2022-02-22,25.42
18068,GRC419120AD7,2022-02-07,100.7
8645,ES0113900J37,2022-02-11,3.33
10197,FI0009000681,2022-02-17,4.976
22533,GRF000029006,2021-07-19,11.433
10970,FR0000120578,2022-02-16,93.83
9906,EU000A1U9985,2022-01-03,100.513
1994,BE0974303357,2022-02-15,3.64
7636,ES00000121G2,2022-03-16,109.523499
7875,ES0000012A89,2022-02-17,104.070488
16152,GR0124035693,2022-03-18,112.3
1733,BE0974293251,2022-02-10,56.02
6595,DE000A0H08Q4,2022-03-03,60.25
9684,EU000A1G0D39,2022-02-22,100.572411
5299,DE0007100000,2022-02-23,72.87
9428,ES0178430E18,2022-02-24,4.2415
7363,DE000BAY0017,2022-02-23,52.03
669,AU3CB0258465,2021-12-28,66.456535
21862,GRF000023009,2021-12-09,29.9703
13038,FR0007054358,2022-02-22,39.74
1494,BE0974271034,2022-03-09,3.91
6838,DE000A0H08R2,2022-02-10,22.46
5042,DE0006599905,2022-02-24,175.1
15755,GR0118020685,2021-09-06,111.8
16858,GR0128016731,2021-12-14,106.06
5810,DE0008404005,2022-02-16,226.15
20376,GRC815117CD9,2022-03-07,100.4
3490,DE0002635307,2022-02-18,45.355
21402,GRF000014008,2022-02-25,10.1183
11491,FR0000121014,2022-02-23,669.2
11226,FR0000120628,2022-02-14,28.61
15571,GR0118019679,2021-12-17,106.5
12789,FR0000133308,2022-03-07,10.43
19384,GRC4951193D4,2022-03-15,95.8
15123,GR0114031561,2022-03-23,106.4
10455,FI0009003305,2022-02-17,45.32
14328,GB00B15KXV33,2022-02-22,7.6476445
7100,DE000BASF111,2022-02-16,68.3
8917,ES0144580Y14,2022-03-03,9.552
18069,GRC419120AD7,2022-02-08,100.6
20888,GRC8171186B7,2022-03-01,101.0
4526,DE0005933956,2022-02-24,39.38
5566,DE0007164600,2022-03-08,96.74
9181,ES0173516115,2022-03-11,11.824
2257,CH0198251305,2022-02-22,29.2
4779,DE0006047004,2022-02-17,65.68
4262,DE0005933931,2022-02-16,131.42
13298,FR0010315770,2022-02-24,262.67
190,100974271034,2022-02-17,5.0
6331,DE000A0H0728,2022-02-23,25.25
13813,FR0013176526,2022-02-23,25.11
12003,FR0000125486,2022-02-17,101.58
10726,FR0000120271,2022-03-08,51.29
7637,ES00000121G2,2022-03-17,109.326424
10198,FI0009000681,2022-02-18,4.98
3246,DE0001102457,2022-03-10,101.259926
16153,GR0124035693,2022-03-21,114.0
10971,FR0000120578,2022-02-17,93.83
6596,DE000A0H08Q4,2022-03-04,60.25
1734,BE0974293251,2022-02-11,53.93
670,AU3CB0258465,2021-12-29,66.456535
15756,GR0118020685,2021-09-07,111.8
16859,GR0128016731,2021-12-15,105.44
8646,ES0113900J37,2022-02-14,3.33
5300,DE0007100000,2022-02-24,72.94
22759,GRF000030004,2021-06-03,10.2590036
22534,GRF000029006,2021-07-20,11.43
9429,ES0178430E18,2022-02-25,4.2415
7876,ES0000012A89,2022-02-18,104.070488
7364,DE000BAY0017,2022-02-24,52.72
6839,DE000A0H08R2,2022-02-11,22.05
1495,BE0974271034,2022-03-10,3.7
5043,DE0006599905,2022-02-25,175.1
15572,GR0118019679,2021-12-20,105.88
13039,FR0007054358,2022-02-23,39.61
5811,DE0008404005,2022-02-17,225.6
20377,GRC815117CD9,2022-03-08,100.4
21864,GRF000023009,2021-12-13,29.9703
3491,DE0002635307,2022-02-21,44.705
11492,FR0000121014,2022-02-24,665.8
11227,FR0000120628,2022-02-15,28.255
21403,GRF000014008,2022-02-28,10.1269
15124,GR0114031561,2022-03-24,105.84
19385,GRC4951193D4,2022-03-16,97.0
18070,GRC419120AD7,2022-02-09,98.8
2000,BE0974303357,2022-02-23,3.13
12790,FR0000133308,2022-03-08,10.272
10456,FI0009003305,2022-02-18,44.61
14329,GB00B15KXV33,2022-02-23,7.6476445
9182,ES0173516115,2022-03-14,11.862
8918,ES0144580Y14,2022-03-04,9.394
7101,DE000BASF111,2022-02-17,68.5
3644,DE0005552004,2021-09-27,57.32
12541,FR0000131906,2022-03-21,21.31
2258,CH0198251305,2022-02-23,27.3
4780,DE0006047004,2022-02-18,65.68
6332,DE000A0H0728,2022-02-24,25.33
13299,FR0010315770,2022-02-25,261.01
4527,DE0005933956,2022-02-25,39.355
191,100974271034,2022-02-18,4.86
15757,GR0118020685,2021-09-08,111.9
4263,DE0005933931,2022-02-17,127.68
16154,GR0124035693,2022-03-22,112.5
13814,FR0013176526,2022-02-24,25.06
7638,ES00000121G2,2022-03-18,109.505623
12004,FR0000125486,2022-02-18,97.98
10727,FR0000120271,2022-03-09,51.29
10199,FI0009000681,2022-02-21,5.321
671,AU3CB0258465,2021-12-30,66.456535
10972,FR0000120578,2022-02-18,93.49
16860,GR0128016731,2021-12-16,105.9
9908,EU000A1U9985,2022-01-05,100.505
22760,GRF000030004,2021-06-04,10.2730064
5301,DE0007100000,2022-02-25,70.98
9430,ES0178430E18,2022-02-28,4.25
6597,DE000A0H08Q4,2022-03-07,58.63
15573,GR0118019679,2021-12-21,105.89
6840,DE000A0H08R2,2022-02-14,21.995
1496,BE0974271034,2022-03-11,3.82
18071,GRC419120AD7,2022-02-10,98.8
7365,DE000BAY0017,2022-02-25,51.34
7877,ES0000012A89,2022-02-21,104.694519
8647,ES0113900J37,2022-02-15,2.9374
5044,DE0006599905,2022-02-28,172.0
20378,GRC815117CD9,2022-03-09,100.0
5812,DE0008404005,2022-02-18,222.8
1738,BE0974293251,2022-02-17,56.3
13040,FR0007054358,2022-02-24,39.5
19386,GRC4951193D4,2022-03-17,98.2
11493,FR0000121014,2022-02-25,694.0
21404,GRF000014008,2022-03-01,10.1851
21866,GRF000023009,2021-12-15,29.8908
5570,DE0007164600,2022-03-14,99.17
22535,GRF000029006,2021-07-21,11.433
3492,DE0002635307,2022-02-22,44.945
11228,FR0000120628,2022-02-16,28.51
15125,GR0114031561,2022-03-25,105.84
2001,BE0974303357,2022-02-24,3.85
12791,FR0000133308,2022-03-09,10.268
10457,FI0009003305,2022-02-21,44.67
9183,ES0173516115,2022-03-15,11.33
14330,GB00B15KXV33,2022-02-24,7.6476445
15758,GR0118020685,2021-09-09,111.6
3645,DE0005552004,2021-09-28,57.76
7102,DE000BASF111,2022-02-18,67.09
4781,DE0006047004,2022-02-21,65.5
16155,GR0124035693,2022-03-23,110.8
16861,GR0128016731,2021-12-17,105.56
672,AU3CB0258465,2021-12-31,66.485687
8919,ES0144580Y14,2022-03-07,9.12
2259,CH0198251305,2022-02-24,27.7
192,100974271034,2022-02-21,4.59
13300,FR0010315770,2022-02-28,261.55
13815,FR0013176526,2022-02-25,23.61
6333,DE000A0H0728,2022-02-25,25.25
10728,FR0000120271,2022-03-10,52.4
12005,FR0000125486,2022-02-21,100.98
10200,FI0009000681,2022-02-22,4.98
4528,DE0005933956,2022-02-28,40.274
21086,GRF000011004,2021-12-07,4.1553
9909,EU000A1U9985,2022-01-06,100.505
4264,DE0005933931,2022-02-18,127.68
22761,GRF000030004,2021-06-07,10.2730064
10973,FR0000120578,2022-02-21,92.86
12542,FR0000131906,2022-03-22,21.31
15574,GR0118019679,2021-12-22,106.01
5302,DE0007100000,2022-02-28,71.92
9431,ES0178430E18,2022-03-01,4.3025
6841,DE000A0H08R2,2022-02-15,22.05
1497,BE0974271034,2022-03-14,3.66
20379,GRC815117CD9,2022-03-10,100.0
19387,GRC4951193D4,2022-03-18,97.6
5045,DE0006599905,2022-03-01,177.4
6598,DE000A0H08Q4,2022-03-08,57.56
22536,GRF000029006,2021-07-22,11.427
7878,ES0000012A89,2022-02-22,104.503075
5813,DE0008404005,2022-02-21,223.3
21867,GRF000023009,2021-12-16,29.9862
1739,BE0974293251,2022-02-18,55.87
11494,FR0000121014,2022-02-28,635.9
15759,GR0118020685,2021-09-10,110.2
13041,FR0007054358,2022-02-25,41.26
5571,DE0007164600,2022-03-15,100.66
7367,DE000BAY0017,2022-03-01,52.03
11229,FR0000120628,2022-02-17,28.255
12792,FR0000133308,2022-03-10,10.476
2002,BE0974303357,2022-02-25,3.76
21406,GRF000014008,2022-03-03,10.261
3493,DE0002635307,2022-02-23,45.584
9184,ES0173516115,2022-03-16,11.366
8650,ES0113900J37,2022-02-18,3.34
16862,GR0128016731,2021-12-20,106.55
14331,GB00B15KXV33,2022-02-25,7.7433815
3646,DE0005552004,2021-09-29,54.85
16650,GR0124037715,2022-02-22,85.9
673,AU3CB0258465,2022-01-03,66.620895
7103,DE000BASF111,2022-02-21,66.85
15126,GR0114031561,2022-03-28,105.84
16156,GR0124035693,2022-03-24,111.1
3249,DE0001102457,2022-03-15,100.651566
4782,DE0006047004,2022-02-22,65.84
22762,GRF000030004,2021-06-08,10.3112888
193,100974271034,2022-02-22,4.64
13816,FR0013176526,2022-02-28,21.14
9910,EU000A1U9985,2022-01-07,100.499
13301,FR0010315770,2022-03-01,263.35
8920,ES0144580Y14,2022-03-08,9.737
2260,CH0198251305,2022-02-25,30.5
10201,FI0009000681,2022-02-23,4.976
10729,FR0000120271,2022-03-11,51.93
12006,FR0000125486,2022-02-22,101.58
15575,GR0118019679,2021-12-23,106.05
4529,DE0005933956,2022-03-01,38.91
10974,FR0000120578,2022-02-22,92.2
12543,FR0000131906,2022-03-23,23.585
4265,DE0005933931,2022-02-21,127.38
5303,DE0007100000,2022-03-01,67.37
9432,ES0178430E18,2022-03-02,4.276
15760,GR0118020685,2021-09-13,111.6
6842,DE000A0H08R2,2022-02-16,22.35
19388,GRC4951193D4,2022-03-21,95.8
1498,BE0974271034,2022-03-15,3.79
20380,GRC815117CD9,2022-03-11,100.0
22537,GRF000029006,2021-07-23,11.435
5046,DE0006599905,2022-03-02,175.7
21868,GRF000023009,2021-12-17,29.7938
7640,ES00000121G2,2022-03-22,109.200661
1740,BE0974293251,2022-02-21,55.82
5572,DE0007164600,2022-03-16,101.1
12793,FR0000133308,2022-03-11,10.536
16863,GR0128016731,2021-12-21,106.07
11230,FR0000120628,2022-02-18,27.19
13042,FR0007054358,2022-02-28,39.53
9185,ES0173516115,2022-03-17,11.594
21407,GRF000014008,2022-03-04,10.2594
7368,DE000BAY0017,2022-03-02,52.72
2003,BE0974303357,2022-02-28,3.85
674,AU3CB0258465,2022-01-04,67.058769
8651,ES0113900J37,2022-02-21,3.322
3647,DE0005552004,2021-09-30,55.63
3494,DE0002635307,2022-02-24,44.49
14332,GB00B15KXV33,2022-02-28,7.5112767
16157,GR0124035693,2022-03-25,111.05
7104,DE000BASF111,2022-02-22,63.37
10459,FI0009003305,2022-02-23,43.92
22763,GRF000030004,2021-06-09,10.3112888
9911,EU000A1U9985,2022-01-10,100.563
4783,DE0006047004,2022-02-23,61.22
194,100974271034,2022-02-23,4.6
13817,FR0013176526,2022-03-01,19.78
15576,GR0118019679,2021-12-24,105.52
13302,FR0010315770,2022-03-02,261.52
5819,DE0008404005,2022-03-01,202.0
10202,FI0009000681,2022-02-24,5.017
2261,CH0198251305,2022-02-28,29.1
12007,FR0000125486,2022-02-23,102.56
10730,FR0000120271,2022-03-14,51.93
10975,FR0000120578,2022-02-23,92.04
15761,GR0118020685,2021-09-14,110.2
8921,ES0144580Y14,2022-03-09,10.344
4530,DE0005933956,2022-03-02,37.485
12544,FR0000131906,2022-03-24,23.585
5304,DE0007100000,2022-03-02,66.38
19389,GRC4951193D4,2022-03-22,98.1
6843,DE000A0H08R2,2022-02-17,22.09
20381,GRC815117CD9,2022-03-14,100.0
1499,BE0974271034,2022-03-16,3.82
6602,DE000A0H08Q4,2022-03-14,59.1
16864,GR0128016731,2021-12-22,105.14
21869,GRF000023009,2021-12-20,30.0433
4267,DE0005933931,2022-02-23,124.04
5047,DE0006599905,2022-03-03,172.0
9435,ES0178430E18,2022-03-07,3.9605
1741,BE0974293251,2022-02-22,54.39
675,AU3CB0258465,2022-01-05,66.200371
9186,ES0173516115,2022-03-18,11.594
12794,FR0000133308,2022-03-14,10.476
5573,DE0007164600,2022-03-17,96.74
21408,GRF000014008,2022-03-07,10.2878
11231,FR0000120628,2022-02-21,27.83
2004,BE0974303357,2022-03-01,3.13
13043,FR0007054358,2022-03-01,39.03
7369,DE000BAY0017,2022-03-03,53.71
3648,DE0005552004,2021-10-01,54.28
16158,GR0124035693,2022-03-28,111.71
7880,ES0000012A89,2022-02-24,104.247078
14333,GB00B15KXV33,2022-03-01,7.5112767
8652,ES0113900J37,2022-02-22,3.2855
22764,GRF000030004,2021-06-10,10.310154
3495,DE0002635307,2022-02-25,44.205
7105,DE000BASF111,2022-02-23,63.79
15762,GR0118020685,2021-09-15,110.7
10460,FI0009003305,2022-02-24,43.27
7641,ES00000121G2,2022-03-23,109.092445
4784,DE0006047004,2022-02-24,59.2
195,100974271034,2022-02-24,4.59
13303,FR0010315770,2022-03-03,264.03
10203,FI0009000681,2022-02-25,4.746
5820,DE0008404005,2022-03-02,202.0
12008,FR0000125486,2022-02-24,96.66
10731,FR0000120271,2022-03-15,45.75
10976,FR0000120578,2022-02-24,92.86
22538,GRF000029006,2021-07-26,11.439
15577,GR0118019679,2021-12-27,105.52
8922,ES0144580Y14,2022-03-10,10.215
4531,DE0005933956,2022-03-03,38.475
12545,FR0000131906,2022-03-25,22.865
19390,GRC4951193D4,2022-03-23,98.2
16865,GR0128016731,2021-12-23,104.73
17697,GRC1451184D4,2022-03-15,100.0
13821,FR0013176526,2022-03-07,15.33
5305,DE0007100000,2022-03-03,64.43
6844,DE000A0H08R2,2022-02-18,21.705
20382,GRC815117CD9,2022-03-15,100.0
6603,DE000A0H08Q4,2022-03-15,58.9
1500,BE0974271034,2022-03-17,3.66
21870,GRF000023009,2021-12-21,29.9959
676,AU3CB0258465,2022-01-06,66.691956
5048,DE0006599905,2022-03-04,174.4
9187,ES0173516115,2022-03-21,11.626
9436,ES0178430E18,2022-03-08,3.887
12795,FR0000133308,2022-03-15,10.476
9686,EU000A1G0D39,2022-02-24,100.497635
1742,BE0974293251,2022-02-23,54.42
21409,GRF000014008,2022-03-08,10.2878
5574,DE0007164600,2022-03-18,104.02
16159,GR0124035693,2022-03-29,111.95
11232,FR0000120628,2022-02-22,26.92
3649,DE0005552004,2021-10-04,57.56
2005,BE0974303357,2022-03-02,3.13
15763,GR0118020685,2021-09-16,110.4
22765,GRF000030004,2021-06-11,10.2730064
13044,FR0007054358,2022-03-02,37.47
7370,DE000BAY0017,2022-03-04,51.76
7881,ES0000012A89,2022-02-25,104.070488
6334,DE000A0H0728,2022-02-28,25.7
14334,GB00B15KXV33,2022-03-02,7.5112767
9913,EU000A1U9985,2022-01-12,100.486
7106,DE000BASF111,2022-02-24,62.64
8654,ES0113900J37,2022-02-24,3.2375
4785,DE0006047004,2022-02-25,59.2
4272,DE0005933931,2022-03-02,117.26
10461,FI0009003305,2022-02-25,43.25
196,100974271034,2022-02-25,4.52
3496,DE0002635307,2022-02-28,44.744
7642,ES00000121G2,2022-03-24,109.11541
10204,FI0009000681,2022-02-28,4.98
13304,FR0010315770,2022-03-04,264.03
16866,GR0128016731,2021-12-24,104.4
10977,FR0000120578,2022-02-25,93.83
12009,FR0000125486,2022-02-25,98.3
5821,DE0008404005,2022-03-03,199.1
10732,FR0000120271,2022-03-16,47.6
19391,GRC4951193D4,2022-03-24,97.9
4532,DE0005933956,2022-03-04,37.41
8923,ES0144580Y14,2022-03-11,9.67
12546,FR0000131906,2022-03-28,22.865
677,AU3CB0258465,2022-01-07,66.200371
5306,DE0007100000,2022-03-04,60.02
11499,FR0000121014,2022-03-07,577.8
6604,DE000A0H08Q4,2022-03-16,59.28
6845,DE000A0H08R2,2022-02-21,21.995
20383,GRC815117CD9,2022-03-16,100.0
13823,FR0013176526,2022-03-09,14.02
21871,GRF000023009,2021-12-22,29.8709
1501,BE0974271034,2022-03-18,3.7
9188,ES0173516115,2022-03-22,11.862
15764,GR0118020685,2021-09-17,110.7
5049,DE0006599905,2022-03-07,177.1
9437,ES0178430E18,2022-03-09,3.8555
16160,GR0124035693,2022-03-30,112.36
15578,GR0118019679,2021-12-28,105.49
12796,FR0000133308,2022-03-16,10.67
1743,BE0974293251,2022-02-24,55.16
22766,GRF000030004,2021-06-14,10.3107328
21410,GRF000014008,2022-03-09,10.1003
5575,DE0007164600,2022-03-21,103.76
3650,DE0005552004,2021-10-05,57.76
11233,FR0000120628,2022-02-23,27.93
2006,BE0974303357,2022-03-03,3.13
14335,GB00B15KXV33,2022-03-03,7.4122887
11643,FR0000125007,2021-09-28,61.38
13045,FR0007054358,2022-03-03,37.47
7107,DE000BASF111,2022-02-25,62.41
16867,GR0128016731,2021-12-27,104.25
7882,ES0000012A89,2022-02-28,104.070488
4786,DE0006047004,2022-02-28,59.2
8655,ES0113900J37,2022-02-25,2.9885
10462,FI0009003305,2022-02-28,43.51
22539,GRF000029006,2021-07-27,11.436
10205,FI0009000681,2022-03-01,4.976
19392,GRC4951193D4,2022-03-25,98.5
13305,FR0010315770,2022-03-07,264.03
10978,FR0000120578,2022-02-28,93.47
7374,DE000BAY0017,2022-03-10,52.72
12010,FR0000125486,2022-02-28,91.77
10733,FR0000120271,2022-03-17,47.6
5822,DE0008404005,2022-03-04,196.1
678,AU3CB0258465,2022-01-10,65.849068
4533,DE0005933956,2022-03-07,37.41
4275,DE0005933931,2022-03-07,111.3
8924,ES0144580Y14,2022-03-14,10.25
15765,GR0118020685,2021-09-20,110.9
6605,DE000A0H08Q4,2022-03-17,63.12
3497,DE0002635307,2022-03-01,44.237
20384,GRC815117CD9,2022-03-17,100.0
6846,DE000A0H08R2,2022-02-22,20.89
21872,GRF000023009,2021-12-23,29.8391
5307,DE0007100000,2022-03-07,73.58
9189,ES0173516115,2022-03-23,12.268
13565,FR0010510800,2022-03-09,103.132
13824,FR0013176526,2022-03-10,14.02
16161,GR0124035693,2022-03-31,111.05
22767,GRF000030004,2021-06-15,10.3107328
5050,DE0006599905,2022-03-08,165.2
1502,BE0974271034,2022-03-21,4.14
12797,FR0000133308,2022-03-17,10.59
9438,ES0178430E18,2022-03-10,3.9695
3651,DE0005552004,2021-10-06,54.12
1744,BE0974293251,2022-02-25,54.38
5576,DE0007164600,2022-03-22,101.62
15579,GR0118019679,2021-12-29,105.65
11234,FR0000120628,2022-02-24,26.5
2007,BE0974303357,2022-03-04,3.63
11644,FR0000125007,2021-09-29,60.9
14336,GB00B15KXV33,2022-03-04,7.2913156
13046,FR0007054358,2022-03-04,37.24
9915,EU000A1U9985,2022-01-14,100.47
7108,DE000BASF111,2022-02-28,68.55
7883,ES0000012A89,2022-03-01,104.924728
16871,GR0128016731,2021-12-31,104.6
4787,DE0006047004,2022-03-01,62.8
19393,GRC4951193D4,2022-03-28,98.5
10463,FI0009003305,2022-03-01,43.12
8656,ES0113900J37,2022-02-28,3.1185
679,AU3CB0258465,2022-01-11,65.664581
15766,GR0118020685,2021-09-21,111.1
207,100974271034,2022-03-14,3.84
10206,FI0009000681,2022-03-02,4.911
10979,FR0000120578,2022-03-01,93.87
12011,FR0000125486,2022-03-01,91.77
10734,FR0000120271,2022-03-18,49.06
5823,DE0008404005,2022-03-07,189.2
13306,FR0010315770,2022-03-08,264.03
4534,DE0005933956,2022-03-08,40.917
6606,DE000A0H08Q4,2022-03-18,58.9
8925,ES0144580Y14,2022-03-15,9.066
20385,GRC815117CD9,2022-03-18,100.0
4276,DE0005933931,2022-03-08,107.4
3498,DE0002635307,2022-03-02,43.275
9190,ES0173516115,2022-03-24,12.07
21873,GRF000023009,2021-12-24,29.8775
6847,DE000A0H08R2,2022-02-23,21.095
12548,FR0000131906,2022-03-30,23.04
22768,GRF000030004,2021-06-16,10.3484173
16162,GR0124035693,2022-04-01,111.05
6335,DE000A0H0728,2022-03-01,25.7
7378,DE000BAY0017,2022-03-16,50.92
5051,DE0006599905,2022-03-09,165.2
12798,FR0000133308,2022-03-18,10.682
3652,DE0005552004,2021-10-07,53.33
7644,ES00000121G2,2022-03-28,109.057182
9439,ES0178430E18,2022-03-11,4.002
15580,GR0118019679,2021-12-30,105.66
22540,GRF000029006,2021-07-28,11.409
13825,FR0013176526,2022-03-11,14.02
1745,BE0974293251,2022-02-28,55.87
5577,DE0007164600,2022-03-23,102.14
11235,FR0000120628,2022-02-25,24.235
1504,BE0974271034,2022-03-23,4.88
2008,BE0974303357,2022-03-07,3.55
5308,DE0007100000,2022-03-08,56.71
14337,GB00B15KXV33,2022-03-07,7.3482108
16872,GR0128016731,2022-01-03,104.85
13047,FR0007054358,2022-03-07,35.42
15767,GR0118020685,2021-09-22,110.6
9916,EU000A1U9985,2022-01-17,100.47
7884,ES0000012A89,2022-03-02,106.34346
680,AU3CB0258465,2022-01-12,65.35553
7109,DE000BASF111,2022-03-01,58.74
19394,GRC4951193D4,2022-03-29,98.2
4788,DE0006047004,2022-03-02,62.8
8657,ES0113900J37,2022-03-01,2.9845
10207,FI0009000681,2022-03-03,4.911
208,100974271034,2022-03-15,3.8
10464,FI0009003305,2022-03-02,40.93
10980,FR0000120578,2022-03-02,93.83
10735,FR0000120271,2022-03-21,45.505
5824,DE0008404005,2022-03-08,196.1
6607,DE000A0H08Q4,2022-03-21,65.17
9191,ES0173516115,2022-03-25,11.466
8926,ES0144580Y14,2022-03-16,9.86
20386,GRC815117CD9,2022-03-21,100.0
22769,GRF000030004,2021-06-17,10.3484173
21874,GRF000023009,2021-12-27,29.8862
3499,DE0002635307,2022-03-03,44.135
16163,GR0124035693,2022-04-04,111.65
6848,DE000A0H08R2,2022-02-24,21.12
13307,FR0010315770,2022-03-09,254.01
4277,DE0005933931,2022-03-09,111.3
4535,DE0005933956,2022-03-09,34.89
15131,GR0114031561,2022-04-04,108.57
15581,GR0118019679,2021-12-31,105.66
12549,FR0000131906,2022-03-31,22.995
3653,DE0005552004,2021-10-08,54.1
12799,FR0000133308,2022-03-21,10.542
5052,DE0006599905,2022-03-10,172.0
9440,ES0178430E18,2022-03-14,3.9885
15768,GR0118020685,2021-09-23,110.6
16873,GR0128016731,2022-01-04,104.25
21419,GRF000014008,2022-03-22,9.9973
9687,EU000A1G0D39,2022-02-25,100.497635
13826,FR0013176526,2022-03-14,14.32
1746,BE0974293251,2022-03-01,56.47
5578,DE0007164600,2022-03-24,104.02
11236,FR0000120628,2022-02-28,24.53
2009,BE0974303357,2022-03-08,3.64
14338,GB00B15KXV33,2022-03-08,7.0866365
9917,EU000A1U9985,2022-01-18,100.459
7380,DE000BAY0017,2022-03-18,57.55
681,AU3CB0258465,2022-01-13,65.664581
13048,FR0007054358,2022-03-08,37.24
17698,GRC1451184D4,2022-03-16,100.0
1505,BE0974271034,2022-03-24,3.66
7645,ES00000121G2,2022-03-29,108.987076
19395,GRC4951193D4,2022-03-30,97.1
7885,ES0000012A89,2022-03-03,105.832214
7110,DE000BASF111,2022-03-02,58.04
10208,FI0009000681,2022-03-04,4.569
4789,DE0006047004,2022-03-03,63.28
10981,FR0000120578,2022-03-03,91.97
8658,ES0113900J37,2022-03-02,2.8295
14759,GB00BN7CG237,2021-10-26,20.49316
10465,FI0009003305,2022-03-03,40.65
6608,DE000A0H08Q4,2022-03-22,64.54
10736,FR0000120271,2022-03-22,45.775
22770,GRF000030004,2021-06-18,10.3484173
9192,ES0173516115,2022-03-28,11.928
5825,DE0008404005,2022-03-09,199.1
16164,GR0124035693,2022-04-05,111.65
20387,GRC815117CD9,2022-03-22,100.0
21875,GRF000023009,2021-12-28,29.8038
8927,ES0144580Y14,2022-03-17,9.774
210,100974271034,2022-03-17,3.9
3500,DE0002635307,2022-03-04,43.135
6849,DE000A0H08R2,2022-02-25,20.89
15769,GR0118020685,2021-09-24,110.5
15582,GR0118019679,2022-01-03,105.66
16874,GR0128016731,2022-01-05,104.7
13308,FR0010315770,2022-03-10,253.09
3654,DE0005552004,2021-10-11,53.03
12800,FR0000133308,2022-03-22,10.64
12550,FR0000131906,2022-04-01,23.04
5053,DE0006599905,2022-03-11,174.4
9441,ES0178430E18,2022-03-15,3.9885
22541,GRF000029006,2021-07-29,11.451
14760,GB00BN7CG237,2021-10-27,20.651932
21420,GRF000014008,2022-03-23,9.9973
15132,GR0114031561,2022-04-05,105.7
8136,ES0000012F43,2022-02-22,97.985306
682,AU3CB0258465,2022-01-14,65.895088
5579,DE0007164600,2022-03-25,104.02
13827,FR0013176526,2022-03-15,14.02
9918,EU000A1U9985,2022-01-19,100.459
5309,DE0007100000,2022-03-09,64.79
11237,FR0000120628,2022-03-01,24.77
2010,BE0974303357,2022-03-09,3.64
4537,DE0005933956,2022-03-11,34.89
19396,GRC4951193D4,2022-03-31,97.1
1749,BE0974293251,2022-03-04,52.35
13049,FR0007054358,2022-03-09,34.86
7381,DE000BAY0017,2022-03-21,57.55
7111,DE000BASF111,2022-03-03,57.43
6336,DE000A0H0728,2022-03-02,25.7
10209,FI0009000681,2022-03-07,4.833
22771,GRF000030004,2021-06-21,10.3484173
10982,FR0000120578,2022-03-04,91.43
6609,DE000A0H08Q4,2022-03-23,59.1
7646,ES00000121G2,2022-03-30,108.767838
21087,GRF000011004,2021-12-08,4.2115
9193,ES0173516115,2022-03-29,11.904
8659,ES0113900J37,2022-03-03,2.8295
11500,FR0000121014,2022-03-08,588.4
4790,DE0006047004,2022-03-04,58.18
15770,GR0118020685,2021-09-27,111.1
16165,GR0124035693,2022-04-06,114.0
10737,FR0000120271,2022-03-23,47.6
1509,BE0974271034,2022-03-30,4.45
20388,GRC815117CD9,2022-03-23,100.0
10466,FI0009003305,2022-03-04,39.88
8928,ES0144580Y14,2022-03-18,9.806
16875,GR0128016731,2022-01-06,104.5
15583,GR0118019679,2022-01-04,105.65
3501,DE0002635307,2022-03-07,44.135
6850,DE000A0H08R2,2022-02-28,20.89
3655,DE0005552004,2021-10-12,51.94
12801,FR0000133308,2022-03-23,10.694
212,100974271034,2022-03-21,4.24
683,AU3CB0258465,2022-01-17,65.932175
13309,FR0010315770,2022-03-11,256.24
5054,DE0006599905,2022-03-14,177.1
21876,GRF000023009,2021-12-29,29.7938
12551,FR0000131906,2022-04-04,23.04
9442,ES0178430E18,2022-03-16,4.041
21421,GRF000014008,2022-03-24,9.9973
9919,EU000A1U9985,2022-01-20,100.454
5580,DE0007164600,2022-03-28,101.62
13828,FR0013176526,2022-03-16,14.62
4279,DE0005933931,2022-03-11,114.18
19397,GRC4951193D4,2022-04-01,95.8
2011,BE0974303357,2022-03-10,3.18
8137,ES0000012F43,2022-02-23,97.985306
4538,DE0005933956,2022-03-14,36.83
1750,BE0974293251,2022-03-07,50.69
5310,DE0007100000,2022-03-10,61.65
5832,DE0008404005,2022-03-18,213.1
15771,GR0118020685,2021-09-28,110.5
13050,FR0007054358,2022-03-10,35.88
7112,DE000BASF111,2022-03-04,55.11
22772,GRF000030004,2021-06-22,10.3484173
7887,ES0000012A89,2022-03-07,106.178329
6337,DE000A0H0728,2022-03-03,27.688
10210,FI0009000681,2022-03-08,4.329
9194,ES0173516115,2022-03-30,11.772
13573,FR0010510800,2022-03-21,103.117
6610,DE000A0H08Q4,2022-03-24,63.77
16166,GR0124035693,2022-04-07,113.82
10983,FR0000120578,2022-03-07,90.13
16876,GR0128016731,2022-01-07,104.67
15584,GR0118019679,2022-01-05,105.65
8660,ES0113900J37,2022-03-04,2.87
10738,FR0000120271,2022-03-24,46.335
20389,GRC815117CD9,2022-03-24,100.0
4791,DE0006047004,2022-03-07,58.32
1510,BE0974271034,2022-03-31,4.42
11243,FR0000120628,2022-03-09,22.565
8929,ES0144580Y14,2022-03-21,9.75
7385,DE000BAY0017,2022-03-25,58.22
3502,DE0002635307,2022-03-08,40.825
6851,DE000A0H08R2,2022-03-01,20.78
22542,GRF000029006,2021-07-30,11.4402
684,AU3CB0258465,2022-01-18,65.842331
3656,DE0005552004,2021-10-13,52.54
10467,FI0009003305,2022-03-07,38.1
12802,FR0000133308,2022-03-24,10.69
5055,DE0006599905,2022-03-15,175.4
9920,EU000A1U9985,2022-01-21,100.448
9443,ES0178430E18,2022-03-17,4.1085
11504,FR0000121014,2022-03-14,594.9
13310,FR0010315770,2022-03-14,253.09
19398,GRC4951193D4,2022-04-04,98.0
12552,FR0000131906,2022-04-05,23.875
214,100974271034,2022-03-23,4.24
5581,DE0007164600,2022-03-29,101.52
13829,FR0013176526,2022-03-17,16.03
8138,ES0000012F43,2022-02-24,97.850082
4280,DE0005933931,2022-03-14,114.9
15772,GR0118020685,2021-09-29,110.3
21877,GRF000023009,2021-12-30,29.7835
2013,BE0974303357,2022-03-14,3.58
4539,DE0005933956,2022-03-15,34.89
21424,GRF000014008,2022-03-29,9.9362
22773,GRF000030004,2021-06-23,10.4479198
1751,BE0974293251,2022-03-08,48.96
7888,ES0000012A89,2022-03-08,105.953682
5833,DE0008404005,2022-03-21,212.7
15134,GR0114031561,2022-04-07,105.7
16877,GR0128016731,2022-01-10,103.05
9195,ES0173516115,2022-03-31,11.772
16167,GR0124035693,2022-04-08,111.65
13051,FR0007054358,2022-03-11,36.36
15585,GR0118019679,2022-01-06,105.9
6611,DE000A0H08Q4,2022-03-25,64.6
10211,FI0009000681,2022-03-09,4.424
10984,FR0000120578,2022-03-08,87.81
5311,DE0007100000,2022-03-11,77.39
20390,GRC815117CD9,2022-03-25,100.0
13574,FR0010510800,2022-03-22,103.116
10739,FR0000120271,2022-03-25,47.6
8661,ES0113900J37,2022-03-07,2.7185
685,AU3CB0258465,2022-01-19,65.614761
8930,ES0144580Y14,2022-03-22,9.756
11244,FR0000120628,2022-03-10,25.005
3503,DE0002635307,2022-03-09,41.52
6852,DE000A0H08R2,2022-03-02,21.235
4792,DE0006047004,2022-03-08,50.0
7386,DE000BAY0017,2022-03-28,60.52
3657,DE0005552004,2021-10-14,53.04
7116,DE000BASF111,2022-03-10,54.59
10468,FI0009003305,2022-03-08,37.9
12803,FR0000133308,2022-03-25,10.714
9921,EU000A1U9985,2022-01-24,100.454
6341,DE000A0H0728,2022-03-09,27.812
15773,GR0118020685,2021-09-30,110.2
5056,DE0006599905,2022-03-16,177.1
19399,GRC4951193D4,2022-04-05,98.7
9444,ES0178430E18,2022-03-18,4.164
12553,FR0000131906,2022-04-06,23.005
13830,FR0013176526,2022-03-18,15.82
1515,BE0974271034,2022-04-07,4.3
5582,DE0007164600,2022-03-30,101.1
14342,GB00B15KXV33,2022-03-14,9.1928921
13311,FR0010315770,2022-03-15,253.09
4281,DE0005933931,2022-03-15,117.74
215,100974271034,2022-03-24,4.39
22774,GRF000030004,2021-06-24,10.3484173
8139,ES0000012F43,2022-02-25,97.850082
16878,GR0128016731,2022-01-11,102.1
2014,BE0974303357,2022-03-15,3.58
1752,BE0974293251,2022-03-09,48.5
15586,GR0118019679,2022-01-07,105.65
4540,DE0005933956,2022-03-16,37.485
16168,GR0124035693,2022-04-11,111.65
9196,ES0173516115,2022-04-01,11.634
7889,ES0000012A89,2022-03-09,105.757576
6612,DE000A0H08Q4,2022-03-28,64.88
5834,DE0008404005,2022-03-22,213.0
21878,GRF000023009,2021-12-31,29.7835
10212,FI0009000681,2022-03-10,4.424
10985,FR0000120578,2022-03-09,88.75
686,AU3CB0258465,2022-01-20,65.471703
21425,GRF000014008,2022-03-30,9.9125
5312,DE0007100000,2022-03-14,58.84
17699,GRC1451184D4,2022-03-17,100.0
20391,GRC815117CD9,2022-03-28,100.0
11505,FR0000121014,2022-03-15,594.9
10740,FR0000120271,2022-03-28,49.06
8931,ES0144580Y14,2022-03-23,8.96
12022,FR0000125486,2022-03-16,91.32
8662,ES0113900J37,2022-03-08,2.7185
3504,DE0002635307,2022-03-10,42.895
15774,GR0118020685,2021-10-01,110.6
13052,FR0007054358,2022-03-14,34.86
3658,DE0005552004,2021-10-15,52.92
6853,DE000A0H08R2,2022-03-03,20.675
7387,DE000BAY0017,2022-03-29,61.48
7117,DE000BASF111,2022-03-11,53.29
4793,DE0006047004,2022-03-09,53.02
9922,EU000A1U9985,2022-01-25,100.448
12804,FR0000133308,2022-03-28,10.268
19400,GRC4951193D4,2022-04-06,98.8
10469,FI0009003305,2022-03-09,38.44
5057,DE0006599905,2022-03-17,178.8
6342,DE000A0H0728,2022-03-10,24.5
9445,ES0178430E18,2022-03-21,4.192
11248,FR0000120628,2022-03-16,25.305
12554,FR0000131906,2022-04-07,23.005
1516,BE0974271034,2022-04-08,4.26
16879,GR0128016731,2022-01-12,101.85
22775,GRF000030004,2021-06-25,10.5414839
13831,FR0013176526,2022-03-21,16.22
14343,GB00B15KXV33,2022-03-15,8.8432493
5583,DE0007164600,2022-03-31,103.4
4282,DE0005933931,2022-03-16,118.32
216,100974271034,2022-03-25,4.1
13312,FR0010315770,2022-03-16,258.79
16169,GR0124035693,2022-04-12,111.65
12194,FR0000131104,2021-11-16,61.2
9197,ES0173516115,2022-04-04,11.454
7890,ES0000012A89,2022-03-10,105.387772
1753,BE0974293251,2022-03-10,51.79
15587,GR0118019679,2022-01-10,105.02
4541,DE0005933956,2022-03-17,39.14
6613,DE000A0H08Q4,2022-03-29,64.6
687,AU3CB0258465,2022-01-21,65.919014
5835,DE0008404005,2022-03-23,213.0
15136,GR0114031561,2022-04-11,105.59
22543,GRF000029006,2021-08-02,11.4416
21879,GRF000023009,2022-01-03,29.8187
10213,FI0009000681,2022-03-11,4.329
15775,GR0118020685,2021-10-04,110.5
10986,FR0000120578,2022-03-10,92.86
2017,BE0974303357,2022-03-18,3.65
20392,GRC815117CD9,2022-03-29,100.0
21426,GRF000014008,2022-03-31,9.9125
11506,FR0000121014,2022-03-16,590.0
10741,FR0000120271,2022-03-29,46.685
8932,ES0144580Y14,2022-03-24,9.484
3659,DE0005552004,2021-10-18,52.89
3505,DE0002635307,2022-03-11,40.825
6854,DE000A0H08R2,2022-03-04,20.29
8663,ES0113900J37,2022-03-09,2.7185
5313,DE0007100000,2022-03-15,56.71
9923,EU000A1U9985,2022-01-26,100.47
4794,DE0006047004,2022-03-10,56.6
7118,DE000BASF111,2022-03-14,53.61
12805,FR0000133308,2022-03-29,10.844
19401,GRC4951193D4,2022-04-07,98.0
7388,DE000BAY0017,2022-03-30,58.22
13576,FR0010510800,2022-03-24,103.116
16880,GR0128016731,2022-01-13,101.95
13055,FR0007054358,2022-03-17,37.19
5058,DE0006599905,2022-03-18,188.9
22776,GRF000030004,2021-06-28,10.3907928
9446,ES0178430E18,2022-03-22,4.141
7649,ES00000121G2,2022-04-04,108.526695
11249,FR0000120628,2022-03-17,25.56
6343,DE000A0H0728,2022-03-11,28.472
1517,BE0974271034,2022-04-11,4.33
13832,FR0013176526,2022-03-22,16.07
14344,GB00B15KXV33,2022-03-16,8.5052862
10470,FI0009003305,2022-03-10,44.14
5584,DE0007164600,2022-04-01,104.02
4283,DE0005933931,2022-03-17,122.68
12555,FR0000131906,2022-04-08,23.04
16170,GR0124035693,2022-04-13,111.05
9198,ES0173516115,2022-04-05,11.468
13313,FR0010315770,2022-03-17,264.01
217,100974271034,2022-03-28,4.28
15776,GR0118020685,2021-10-05,110.7
12195,FR0000131104,2021-11-17,58.2
688,AU3CB0258465,2022-01-24,65.60392
7891,ES0000012A89,2022-03-11,105.757576
6614,DE000A0H08Q4,2022-03-30,64.6
1754,BE0974293251,2022-03-11,54.35
15137,GR0114031561,2022-04-12,105.6
21880,GRF000023009,2022-01-04,29.8533
5836,DE0008404005,2022-03-24,215.8
10214,FI0009000681,2022-03-14,4.329
10987,FR0000120578,2022-03-11,93.83
15588,GR0118019679,2022-01-11,104.88
2018,BE0974303357,2022-03-21,3.55
20393,GRC815117CD9,2022-03-30,100.0
21427,GRF000014008,2022-04-01,9.9617
3660,DE0005552004,2021-10-19,52.92
8933,ES0144580Y14,2022-03-25,9.44
10742,FR0000120271,2022-03-30,47.6
4542,DE0005933956,2022-03-18,34.89
3506,DE0002635307,2022-03-14,42.895
9924,EU000A1U9985,2022-01-27,100.446
6855,DE000A0H08R2,2022-03-07,19.874
5314,DE0007100000,2022-03-16,62.54
8141,ES0000012F43,2022-03-01,98.735664
16881,GR0128016731,2022-01-14,101.83
19402,GRC4951193D4,2022-04-08,98.8
8664,ES0113900J37,2022-03-10,2.7185
4795,DE0006047004,2022-03-11,55.02
12806,FR0000133308,2022-03-30,10.772
7119,DE000BASF111,2022-03-15,53.61
7389,DE000BAY0017,2022-03-31,61.62
22777,GRF000030004,2021-06-29,10.3781843
5059,DE0006599905,2022-03-21,187.7
13577,FR0010510800,2022-03-25,103.11
13056,FR0007054358,2022-03-18,38.65
9447,ES0178430E18,2022-03-23,4.1895
15777,GR0118020685,2021-10-06,110.2
11250,FR0000120628,2022-03-18,25.56
13833,FR0013176526,2022-03-23,16.08
14345,GB00B15KXV33,2022-03-17,8.423461
1518,BE0974271034,2022-04-12,4.32
16171,GR0124035693,2022-04-14,110.45
5585,DE0007164600,2022-04-04,103.76
689,AU3CB0258465,2022-01-25,65.60392
4284,DE0005933931,2022-03-18,121.74
6344,DE000A0H0728,2022-03-14,24.5
9199,ES0173516115,2022-04-06,12.19
10471,FI0009003305,2022-03-11,40.5
12196,FR0000131104,2021-11-18,58.2
7892,ES0000012A89,2022-03-14,106.178329
12556,FR0000131906,2022-04-11,25.73
13314,FR0010315770,2022-03-18,264.01
6615,DE000A0H08Q4,2022-03-31,66.57
15138,GR0114031561,2022-04-13,105.52
1755,BE0974293251,2022-03-14,51.19
21881,GRF000023009,2022-01-05,29.9133
10215,FI0009000681,2022-03-15,4.503
5837,DE0008404005,2022-03-25,212.5
20394,GRC815117CD9,2022-03-31,100.0
220,100974271034,2022-03-31,4.29
2019,BE0974303357,2022-03-22,3.4
3661,DE0005552004,2021-10-20,53.08
16882,GR0128016731,2022-01-17,102.3
8142,ES0000012F43,2022-03-02,98.735664
7650,ES00000121G2,2022-04-05,108.526695
9925,EU000A1U9985,2022-01-28,100.439
8934,ES0144580Y14,2022-03-28,9.536
10743,FR0000120271,2022-03-31,46.69
10990,FR0000120578,2022-03-16,92.96
19403,GRC4951193D4,2022-04-11,98.0
5315,DE0007100000,2022-03-17,60.6
6856,DE000A0H08R2,2022-03-08,20.071
12807,FR0000133308,2022-03-31,10.76
22544,GRF000029006,2021-08-03,11.4392
8665,ES0113900J37,2022-03-11,2.853
22778,GRF000030004,2021-06-30,10.4652567
15778,GR0118020685,2021-10-07,110.2
4796,DE0006047004,2022-03-14,55.28
7120,DE000BASF111,2022-03-16,55.05
4543,DE0005933956,2022-03-21,34.89
3507,DE0002635307,2022-03-15,40.825
7390,DE000BAY0017,2022-04-01,61.62
5060,DE0006599905,2022-03-22,172.1
9448,ES0178430E18,2022-03-24,4.3525
16172,GR0124035693,2022-04-15,109.99
14346,GB00B15KXV33,2022-03-18,8.9162941
13834,FR0013176526,2022-03-24,14.02
11251,FR0000120628,2022-03-21,25.67
1519,BE0974271034,2022-04-13,4.32
13057,FR0007054358,2022-03-21,34.86
9200,ES0173516115,2022-04-07,12.3
5586,DE0007164600,2022-04-05,101.62
4285,DE0005933931,2022-03-21,121.74
11507,FR0000121014,2022-03-17,602.6
12197,FR0000131104,2021-11-19,59.5
6616,DE000A0H08Q4,2022-04-01,66.57
7893,ES0000012A89,2022-03-15,104.022125
10472,FI0009003305,2022-03-14,41.65
13315,FR0010315770,2022-03-21,269.04
6345,DE000A0H0728,2022-03-15,33.0
12557,FR0000131906,2022-04-12,22.185
21882,GRF000023009,2022-01-06,29.9133
1756,BE0974293251,2022-03-15,52.29
10216,FI0009000681,2022-03-16,4.316
20395,GRC815117CD9,2022-04-01,100.0
8143,ES0000012F43,2022-03-03,99.853928
5838,DE0008404005,2022-03-28,215.8
2020,BE0974303357,2022-03-23,3.58
3662,DE0005552004,2021-10-21,53.86
9926,EU000A1U9985,2022-01-31,100.435
16883,GR0128016731,2022-01-18,101.37
15139,GR0114031561,2022-04-14,105.52
15779,GR0118020685,2021-10-08,110.2
19404,GRC4951193D4,2022-04-12,98.5
8935,ES0144580Y14,2022-03-29,9.752
10991,FR0000120578,2022-03-17,90.29
10744,FR0000120271,2022-04-01,46.69
22779,GRF000030004,2021-07-01,10.4942589
5316,DE0007100000,2022-03-18,61.65
12808,FR0000133308,2022-04-01,10.704
6857,DE000A0H08R2,2022-03-09,22.215
8666,ES0113900J37,2022-03-14,3.0635
4797,DE0006047004,2022-03-15,57.46
7121,DE000BASF111,2022-03-17,55.38
21430,GRF000014008,2022-04-06,9.8934
4544,DE0005933956,2022-03-22,39.31
16173,GR0124035693,2022-04-18,109.99
225,100974271034,2022-04-07,4.3
5061,DE0006599905,2022-03-23,178.7
7391,DE000BAY0017,2022-04-04,61.97
9449,ES0178430E18,2022-03-25,4.379
9201,ES0173516115,2022-04-08,12.22
13835,FR0013176526,2022-03-25,16.07
7651,ES00000121G2,2022-04-06,108.510101
13058,FR0007054358,2022-03-22,38.59
11252,FR0000120628,2022-03-22,25.54
3508,DE0002635307,2022-03-16,44.715
4286,DE0005933931,2022-03-22,121.22
5587,DE0007164600,2022-04-06,102.14
1520,BE0974271034,2022-04-14,4.32
12198,FR0000131104,2021-11-22,60.2
6617,DE000A0H08Q4,2022-04-04,64.88
7894,ES0000012A89,2022-03-16,104.336937
13316,FR0010315770,2022-03-22,270.93
21883,GRF000023009,2022-01-07,29.8483
10473,FI0009003305,2022-03-15,38.75
15780,GR0118020685,2021-10-11,110.2
1757,BE0974293251,2022-03-16,54.35
16884,GR0128016731,2022-01-19,100.61
12558,FR0000131906,2022-04-13,22.185
20396,GRC815117CD9,2022-04-04,100.0
10217,FI0009000681,2022-03-17,4.772
22545,GRF000029006,2021-08-04,11.4442
9927,EU000A1U9985,2022-02-01,100.425
3663,DE0005552004,2021-10-22,52.94
5839,DE0008404005,2022-03-29,216.1
19405,GRC4951193D4,2022-04-13,98.5
2021,BE0974303357,2022-03-24,3.33
22780,GRF000030004,2021-07-02,10.5555725
8936,ES0144580Y14,2022-03-30,9.982
10992,FR0000120578,2022-03-18,93.1
10745,FR0000120271,2022-04-04,45.81
6346,DE000A0H0728,2022-03-16,27.408
5317,DE0007100000,2022-03-21,62.88
15140,GR0114031561,2022-04-15,105.52
4798,DE0006047004,2022-03-16,55.02
7122,DE000BASF111,2022-03-18,54.48
12809,FR0000133308,2022-04-04,10.895
16174,GR0124035693,2022-04-19,110.39
21431,GRF000014008,2022-04-07,9.8934
8667,ES0113900J37,2022-03-15,2.783
6858,DE000A0H08R2,2022-03-10,20.1
4545,DE0005933956,2022-03-23,39.44
15591,GR0118019679,2022-01-14,105.08
9202,ES0173516115,2022-04-11,12.83
8144,ES0000012F43,2022-03-04,99.74424
5062,DE0006599905,2022-03-24,178.8
226,100974271034,2022-04-08,4.39
9450,ES0178430E18,2022-03-28,4.203
13836,FR0013176526,2022-03-28,15.5
7392,DE000BAY0017,2022-04-05,61.97
13059,FR0007054358,2022-03-23,39.04
12199,FR0000131104,2021-11-23,60.2
11253,FR0000120628,2022-03-23,25.475
6618,DE000A0H08Q4,2022-04-05,63.98
5588,DE0007164600,2022-04-07,99.88
4287,DE0005933931,2022-03-23,122.82
15781,GR0118020685,2021-10-12,110.2
1521,BE0974271034,2022-04-15,4.38
7895,ES0000012A89,2022-03-17,104.171074
3509,DE0002635307,2022-03-17,44.205
16651,GR0124037715,2022-02-23,85.4
21884,GRF000023009,2022-01-10,29.8038
13317,FR0010315770,2022-03-23,273.77
18072,GRC419120AD7,2022-02-11,100.6
14347,GB00B15KXV33,2022-03-21,8.5052862
12559,FR0000131906,2022-04-14,22.27
1758,BE0974293251,2022-03-17,54.35
9928,EU000A1U9985,2022-02-02,100.422
20397,GRC815117CD9,2022-04-05,100.0
10218,FI0009000681,2022-03-18,4.827
3664,DE0005552004,2021-10-25,53.73
13580,FR0010510800,2022-03-30,103.102
22781,GRF000030004,2021-07-05,10.5692644
10475,FI0009003305,2022-03-17,44.68
5840,DE0008404005,2022-03-30,212.7
2022,BE0974303357,2022-03-25,3.26
19407,GRC4951193D4,2022-04-15,97.1
8937,ES0144580Y14,2022-03-31,9.938
10993,FR0000120578,2022-03-21,92.15
16889,GR0128016731,2022-01-26,109.57
7652,ES00000121G2,2022-04-07,108.372757
10746,FR0000120271,2022-04-05,46.645
14761,GB00BN7CG237,2021-10-28,20.651932
5318,DE0007100000,2022-03-22,62.88
16175,GR0124035693,2022-04-20,109.4
15141,GR0114031561,2022-04-18,105.36
4799,DE0006047004,2022-03-17,59.65
15592,GR0118019679,2022-01-17,105.14
21432,GRF000014008,2022-04-08,9.8722
7123,DE000BASF111,2022-03-21,54.48
8668,ES0113900J37,2022-03-16,3.0555
4546,DE0005933956,2022-03-24,37.485
9203,ES0173516115,2022-04-12,12.805
6347,DE000A0H0728,2022-03-17,26.264
15782,GR0118020685,2021-10-13,110.3
12810,FR0000133308,2022-04-05,9.529
22546,GRF000029006,2021-08-05,11.4535
17705,GRC1451184D4,2022-03-25,100.1
5063,DE0006599905,2022-03-25,172.1
9451,ES0178430E18,2022-03-29,4.398
13837,FR0013176526,2022-03-29,15.48
227,100974271034,2022-04-11,4.3
12200,FR0000131104,2021-11-24,58.9
6619,DE000A0H08Q4,2022-04-06,64.12
7393,DE000BAY0017,2022-04-06,64.65
2360,CY0109232112,2021-07-20,0.12
13060,FR0007054358,2022-03-24,39.045
7896,ES0000012A89,2022-03-18,104.100853
5589,DE0007164600,2022-04-08,101.02
4288,DE0005933931,2022-03-24,121.22
11254,FR0000120628,2022-03-24,24.875
1522,BE0974271034,2022-04-18,4.36
6861,DE000A0H08R2,2022-03-15,20.395
18074,GRC419120AD7,2022-02-15,99.4
14762,GB00BN7CG237,2021-10-29,19.874994
3510,DE0002635307,2022-03-18,44.44
8145,ES0000012F43,2022-03-07,99.74424
21885,GRF000023009,2022-01-11,29.4843
9929,EU000A1U9985,2022-02-03,100.419
13318,FR0010315770,2022-03-24,273.77
20398,GRC815117CD9,2022-04-06,100.0
12560,FR0000131906,2022-04-15,22.23
22782,GRF000030004,2021-07-06,10.5603752
3665,DE0005552004,2021-10-26,53.73
1759,BE0974293251,2022-03-18,53.66
10219,FI0009000681,2022-03-21,4.851
2361,CY0109232112,2021-07-21,0.12
10476,FI0009003305,2022-03-18,44.68
19409,GRC4951193D4,2022-04-19,98.2
2023,BE0974303357,2022-03-28,3.41
5841,DE0008404005,2022-03-31,212.7
8938,ES0144580Y14,2022-04-01,9.92
10994,FR0000120578,2022-03-22,92.86
14763,GB00BN7CG237,2021-11-01,20.166355
16176,GR0124035693,2022-04-21,109.79
10747,FR0000120271,2022-04-06,46.685
15593,GR0118019679,2022-01-18,105.08
15783,GR0118020685,2021-10-14,109.8
5319,DE0007100000,2022-03-23,64.27
4800,DE0006047004,2022-03-18,58.4
21433,GRF000014008,2022-04-11,9.8225
9204,ES0173516115,2022-04-13,13.235
7124,DE000BASF111,2022-03-22,54.63
4547,DE0005933956,2022-03-25,38.95
2362,CY0109232112,2021-07-22,0.12
8669,ES0113900J37,2022-03-17,3.165
18075,GRC419120AD7,2022-02-16,99.6
12811,FR0000133308,2022-04-06,10.704
13838,FR0013176526,2022-03-30,15.48
9452,ES0178430E18,2022-03-30,4.419
5064,DE0006599905,2022-03-28,187.7
12201,FR0000131104,2021-11-25,58.5
6620,DE000A0H08Q4,2022-04-07,65.53
9688,EU000A1G0D39,2022-02-28,100.497635
228,100974271034,2022-04-12,4.28
7897,ES0000012A89,2022-03-21,104.100853
13061,FR0007054358,2022-03-25,38.43
4289,DE0005933931,2022-03-25,120.34
1523,BE0974271034,2022-04-19,4.32
5590,DE0007164600,2022-04-11,100.54
7394,DE000BAY0017,2022-04-07,60.52
11255,FR0000120628,2022-03-25,25.715
14412,GB00BH4HKS39,2021-06-23,1.5222582
6862,DE000A0H08R2,2022-03-16,20.645
22783,GRF000030004,2021-07-07,10.5965233
17706,GRC1451184D4,2022-03-28,100.1
20399,GRC815117CD9,2022-04-07,100.0
2363,CY0109232112,2021-07-23,0.12
3666,DE0005552004,2021-10-27,53.73
13319,FR0010315770,2022-03-25,273.08
8146,ES0000012F43,2022-03-08,99.948257
12561,FR0000131906,2022-04-18,23.005
1760,BE0974293251,2022-03-21,54.83
10220,FI0009000681,2022-03-22,4.863
21088,GRF000011004,2021-12-09,4.1986
15784,GR0118020685,2021-10-15,110.3
19410,GRC4951193D4,2022-04-20,98.5
13582,FR0010510800,2022-04-01,103.09
2024,BE0974303357,2022-03-29,3.58
8939,ES0144580Y14,2022-04-04,9.914
10477,FI0009003305,2022-03-21,44.23
5842,DE0008404005,2022-04-01,217.05
16177,GR0124035693,2022-04-22,109.4
10995,FR0000120578,2022-03-23,83.86
5320,DE0007100000,2022-03-24,63.0
10748,FR0000120271,2022-04-07,47.6
2364,CY0109232112,2021-07-26,0.12
9205,ES0173516115,2022-04-14,13.535
4801,DE0006047004,2022-03-21,61.94
21891,GRF000023009,2022-01-19,29.3997
21434,GRF000014008,2022-04-12,9.8225
14348,GB00B15KXV33,2022-03-22,8.8432493
7125,DE000BASF111,2022-03-23,54.63
4548,DE0005933956,2022-03-28,39.035
7660,ES00000121G2,2022-04-19,108.000229
22547,GRF000029006,2021-08-06,11.4562
13839,FR0013176526,2022-03-31,16.78
12202,FR0000131104,2021-11-26,58.7
15143,GR0114031561,2022-04-20,105.34
6621,DE000A0H08Q4,2022-04-08,64.03
9453,ES0178430E18,2022-03-31,4.379
12812,FR0000133308,2022-04-07,10.852
5065,DE0006599905,2022-03-29,188.9
7898,ES0000012A89,2022-03-22,104.308243
8671,ES0113900J37,2022-03-21,3.1345
13062,FR0007054358,2022-03-28,38.43
4290,DE0005933931,2022-03-28,121.82
5591,DE0007164600,2022-04-12,99.71
22784,GRF000030004,2021-07-08,10.5957756
11256,FR0000120628,2022-03-28,25.67
229,100974271034,2022-04-13,4.04
1524,BE0974271034,2022-04-20,4.38
9691,EU000A1G0D39,2022-03-03,100.75853
7395,DE000BAY0017,2022-04-08,61.48
8147,ES0000012F43,2022-03-09,99.63485
6863,DE000A0H08R2,2022-03-17,20.645
15785,GR0118020685,2021-10-18,109.7
2365,CY0109232112,2021-07-27,0.12
3667,DE0005552004,2021-10-28,53.98
20400,GRC815117CD9,2022-04-08,100.0
17352,GRC1441197B3,2021-11-12,97.5
13320,FR0010315770,2022-03-28,273.08
12562,FR0000131906,2022-04-19,22.199
21089,GRF000011004,2021-12-10,4.2003
19411,GRC4951193D4,2022-04-21,97.5
10221,FI0009000681,2022-03-23,4.851
1761,BE0974293251,2022-03-22,52.92
3512,DE0002635307,2022-03-22,44.945
17707,GRC1451184D4,2022-03-29,100.5
16178,GR0124035693,2022-04-25,109.62
2025,BE0974303357,2022-03-30,3.24
8940,ES0144580Y14,2022-04-05,10.29
10478,FI0009003305,2022-03-22,44.51
5843,DE0008404005,2022-04-04,218.3
5321,DE0007100000,2022-03-25,63.36
2366,CY0109232112,2021-07-28,0.12
15595,GR0118019679,2022-01-20,104.78
10749,FR0000120271,2022-04-08,46.69
9206,ES0173516115,2022-04-15,13.77
10997,FR0000120578,2022-03-25,93.19
4802,DE0006047004,2022-03-22,56.52
21435,GRF000014008,2022-04-13,9.8225
7126,DE000BASF111,2022-03-24,53.24
4549,DE0005933956,2022-03-29,39.33
12203,FR0000131104,2021-11-29,55.3
6622,DE000A0H08Q4,2022-04-11,61.86
13840,FR0013176526,2022-04-01,16.75
9454,ES0178430E18,2022-04-01,4.379
5066,DE0006599905,2022-03-30,192.3
22785,GRF000030004,2021-07-09,10.6521215
7899,ES0000012A89,2022-03-23,103.629219
21892,GRF000023009,2022-01-20,29.7695
12813,FR0000133308,2022-04-08,9.308
13063,FR0007054358,2022-03-29,38.475
2367,CY0109232112,2021-07-29,0.12
9692,EU000A1G0D39,2022-03-04,100.754585
5592,DE0007164600,2022-04-13,100.66
4291,DE0005933931,2022-03-29,123.16
11257,FR0000120628,2022-03-29,25.715
17353,GRC1441197B3,2021-11-15,97.4
8673,ES0113900J37,2022-03-23,3.181
15144,GR0114031561,2022-04-21,105.34
230,100974271034,2022-04-14,4.35
7396,DE000BAY0017,2022-04-11,66.6
3668,DE0005552004,2021-10-29,53.98
6864,DE000A0H08R2,2022-03-18,20.95
1525,BE0974271034,2022-04-21,4.32
20401,GRC815117CD9,2022-04-11,100.0
19412,GRC4951193D4,2022-04-22,98.0
21090,GRF000011004,2021-12-13,4.1987
13321,FR0010315770,2022-03-29,275.34
12563,FR0000131906,2022-04-20,22.199
10222,FI0009000681,2022-03-24,4.9
1762,BE0974293251,2022-03-23,53.25
3513,DE0002635307,2022-03-23,45.45
8148,ES0000012F43,2022-03-10,99.948257
8941,ES0144580Y14,2022-04-06,10.285
2368,CY0109232112,2021-07-30,0.12
2026,BE0974303357,2022-03-31,3.45
10479,FI0009003305,2022-03-23,45.13
17708,GRC1451184D4,2022-03-30,100.4
16179,GR0124035693,2022-04-26,109.4
5844,DE0008404005,2022-04-05,215.45
9207,ES0173516115,2022-04-18,13.235
5322,DE0007100000,2022-03-28,63.51
15596,GR0118019679,2022-01-21,104.78
10750,FR0000120271,2022-04-11,45.66
10998,FR0000120578,2022-03-28,93.12
4803,DE0006047004,2022-03-23,57.62
4550,DE0005933956,2022-03-30,40.225
7127,DE000BASF111,2022-03-25,48.38
6623,DE000A0H08Q4,2022-04-12,61.86
12204,FR0000131104,2021-11-30,59.5
22786,GRF000030004,2021-07-12,10.6529541
13841,FR0013176526,2022-04-04,16.75
2369,CY0109232112,2021-08-02,0.12
9455,ES0178430E18,2022-04-04,4.417
5067,DE0006599905,2022-03-31,184.6
7900,ES0000012A89,2022-03-24,103.764969
11508,FR0000121014,2022-03-18,729.7
17354,GRC1441197B3,2021-11-16,97.9
15787,GR0118020685,2021-10-20,109.16
9693,EU000A1G0D39,2022-03-07,100.754585
13064,FR0007054358,2022-03-30,39.81
12814,FR0000133308,2022-04-11,11.036
4292,DE0005933931,2022-03-30,125.78
5593,DE0007164600,2022-04-14,97.17
11258,FR0000120628,2022-03-30,25.87
3669,DE0005552004,2021-11-01,53.28
21893,GRF000023009,2022-01-21,29.7234
8674,ES0113900J37,2022-03-24,3.0825
19413,GRC4951193D4,2022-04-25,97.6
20402,GRC815117CD9,2022-04-12,100.0
6865,DE000A0H08R2,2022-03-21,21.065
231,100974271034,2022-04-15,4.46
1526,BE0974271034,2022-04-22,4.65
7397,DE000BAY0017,2022-04-12,62.87
21091,GRF000011004,2021-12-14,4.2009
8149,ES0000012F43,2022-03-11,98.060928
10223,FI0009000681,2022-03-25,4.876
13322,FR0010315770,2022-03-30,277.36
12564,FR0000131906,2022-04-21,22.84
2370,CY0109232112,2021-08-03,0.12
1763,BE0974293251,2022-03-24,53.35
3514,DE0002635307,2022-03-24,44.68
15145,GR0114031561,2022-04-22,105.13
9933,EU000A1U9985,2022-02-09,100.351
8942,ES0144580Y14,2022-04-07,10.385
2027,BE0974303357,2022-04-01,3.39
10480,FI0009003305,2022-03-24,45.13
9208,ES0173516115,2022-04-19,13.316
5845,DE0008404005,2022-04-06,215.3
6348,DE000A0H0728,2022-03-18,31.268
16180,GR0124035693,2022-04-27,107.35
5323,DE0007100000,2022-03-29,63.51
10999,FR0000120578,2022-03-29,91.97
10751,FR0000120271,2022-04-12,46.645
4804,DE0006047004,2022-03-24,50.0
17709,GRC1451184D4,2022-03-31,100.1
22787,GRF000030004,2021-07-13,10.6918488
4551,DE0005933956,2022-03-31,39.515
6624,DE000A0H08Q4,2022-04-13,60.86
12205,FR0000131104,2021-12-01,59.7
2371,CY0109232112,2021-08-04,0.12
7128,DE000BASF111,2022-03-28,52.38
17355,GRC1441197B3,2021-11-17,97.4
13842,FR0013176526,2022-04-05,17.28
15788,GR0118020685,2021-10-21,109.02
7901,ES0000012A89,2022-03-25,103.613403
9456,ES0178430E18,2022-04-05,4.436
5068,DE0006599905,2022-04-01,189.3
9694,EU000A1G0D39,2022-03-08,100.75853
13065,FR0007054358,2022-03-31,39.37
12815,FR0000133308,2022-04-12,10.778
4293,DE0005933931,2022-03-31,123.24
5594,DE0007164600,2022-04-15,98.93
21437,GRF000014008,2022-04-15,9.7738
3670,DE0005552004,2021-11-02,53.98
19414,GRC4951193D4,2022-04-26,98.0
8150,ES0000012F43,2022-03-14,97.998627
11259,FR0000120628,2022-03-31,26.53
20403,GRC815117CD9,2022-04-13,100.0
21894,GRF000023009,2022-01-24,29.3436
6866,DE000A0H08R2,2022-03-22,21.045
21092,GRF000011004,2021-12-15,4.1705
1527,BE0974271034,2022-04-25,4.62
8675,ES0113900J37,2022-03-25,3.064
232,100974271034,2022-04-18,4.35
7398,DE000BAY0017,2022-04-13,62.87
10224,FI0009000681,2022-03-28,4.88
12565,FR0000131906,2022-04-22,22.84
13323,FR0010315770,2022-03-31,273.77
1764,BE0974293251,2022-03-25,53.28
3515,DE0002635307,2022-03-25,44.68
15146,GR0114031561,2022-04-25,106.07
9209,ES0173516115,2022-04-20,13.235
8943,ES0144580Y14,2022-04-08,9.878
10481,FI0009003305,2022-03-25,44.45
2028,BE0974303357,2022-04-04,3.38
15598,GR0118019679,2022-01-25,104.78
16181,GR0124035693,2022-04-28,107.35
5846,DE0008404005,2022-04-07,214.55
5324,DE0007100000,2022-03-30,63.51
11000,FR0000120578,2022-03-30,92.0
10752,FR0000120271,2022-04-13,46.3
22788,GRF000030004,2021-07-14,10.6918488
4805,DE0006047004,2022-03-25,53.78
17356,GRC1441197B3,2021-11-18,97.8
17710,GRC1451184D4,2022-04-01,100.5
6625,DE000A0H08Q4,2022-04-14,59.58
4552,DE0005933956,2022-04-01,39.515
15789,GR0118020685,2021-10-22,109.02
13843,FR0013176526,2022-04-06,16.79
7902,ES0000012A89,2022-03-28,103.501015
9695,EU000A1G0D39,2022-03-09,100.642197
9457,ES0178430E18,2022-04-06,4.497
5069,DE0006599905,2022-04-04,189.4
8151,ES0000012F43,2022-03-15,98.060928
7129,DE000BASF111,2022-03-29,48.38
13066,FR0007054358,2022-04-01,38.815
19415,GRC4951193D4,2022-04-27,98.4
12816,FR0000133308,2022-04-13,10.814
3671,DE0005552004,2021-11-03,53.73
4294,DE0005933931,2022-04-01,123.24
21438,GRF000014008,2022-04-18,9.7737
5595,DE0007164600,2022-04-18,98.93
20404,GRC815117CD9,2022-04-14,100.0
21093,GRF000011004,2021-12-16,4.2155
11260,FR0000120628,2022-04-01,26.53
21895,GRF000023009,2022-01-25,29.3436
6867,DE000A0H08R2,2022-03-23,21.045
1528,BE0974271034,2022-04-26,4.56
8676,ES0113900J37,2022-03-28,3.064
233,100974271034,2022-04-19,4.38
10225,FI0009000681,2022-03-29,4.876
12566,FR0000131906,2022-04-25,23.21
7399,DE000BAY0017,2022-04-14,66.93
13324,FR0010315770,2022-04-01,277.36
3516,DE0002635307,2022-03-28,45.115
9210,ES0173516115,2022-04-21,13.316
1765,BE0974293251,2022-03-28,53.97
15599,GR0118019679,2022-01-26,105.02
10482,FI0009003305,2022-03-28,43.97
8944,ES0144580Y14,2022-04-11,10.384
2029,BE0974303357,2022-04-05,3.43
16182,GR0124035693,2022-04-29,107.35
22789,GRF000030004,2021-07-15,10.6351042
15790,GR0118020685,2021-10-25,109.05
17357,GRC1441197B3,2021-11-19,98.4
5325,DE0007100000,2022-03-31,67.0
5847,DE0008404005,2022-04-08,215.3
11001,FR0000120578,2022-03-31,92.15
10753,FR0000120271,2022-04-14,46.69
4806,DE0006047004,2022-03-28,52.64
6626,DE000A0H08Q4,2022-04-15,59.28
4553,DE0005933956,2022-04-04,38.97
9696,EU000A1G0D39,2022-03-10,100.589607
7903,ES0000012A89,2022-03-29,103.252029
13844,FR0013176526,2022-04-07,16.39
8152,ES0000012F43,2022-03-16,97.998627
9458,ES0178430E18,2022-04-07,4.542
19416,GRC4951193D4,2022-04-28,98.4
5070,DE0006599905,2022-04-05,187.7
12817,FR0000133308,2022-04-14,11.142
3672,DE0005552004,2021-11-04,53.12
13067,FR0007054358,2022-04-04,38.815
17711,GRC1451184D4,2022-04-04,100.5
4295,DE0005933931,2022-04-04,123.24
21094,GRF000011004,2021-12-17,4.2155
5596,DE0007164600,2022-04-19,102.56
20405,GRC815117CD9,2022-04-15,100.0
21439,GRF000014008,2022-04-19,9.7737
21896,GRF000023009,2022-01-26,29.3868
11509,FR0000121014,2022-03-21,648.4
6868,DE000A0H08R2,2022-03-24,21.045
11261,FR0000120628,2022-04-04,26.565
1529,BE0974271034,2022-04-27,4.38
15600,GR0118019679,2022-01-27,104.78
8677,ES0113900J37,2022-03-29,3.057
10226,FI0009000681,2022-03-30,5.013
12567,FR0000131906,2022-04-26,22.12
9211,ES0173516115,2022-04-22,13.645
3517,DE0002635307,2022-03-29,45.115
13325,FR0010315770,2022-04-04,275.9
234,100974271034,2022-04-20,4.38
7400,DE000BAY0017,2022-04-15,67.45
1766,BE0974293251,2022-03-29,55.82
17358,GRC1441197B3,2021-11-22,97.8
22790,GRF000030004,2021-07-16,10.6100092
8945,ES0144580Y14,2022-04-12,10.57
10483,FI0009003305,2022-03-29,43.52
2030,BE0974303357,2022-04-06,3.47
15791,GR0118020685,2021-10-26,108.81
9936,EU000A1U9985,2022-02-14,100.327
5326,DE0007100000,2022-04-01,63.48
11002,FR0000120578,2022-04-01,92.15
5848,DE0008404005,2022-04-11,216.5
16183,GR0124035693,2022-05-02,105.55
6627,DE000A0H08Q4,2022-04-18,60.01
10754,FR0000120271,2022-04-15,45.81
4807,DE0006047004,2022-03-29,55.4
8153,ES0000012F43,2022-03-17,99.63485
4554,DE0005933956,2022-04-05,39.35
7904,ES0000012A89,2022-03-30,103.252029
13845,FR0013176526,2022-04-08,16.39
19417,GRC4951193D4,2022-04-29,98.9
9698,EU000A1G0D39,2022-03-14,100.415665
9459,ES0178430E18,2022-04-08,4.55
12818,FR0000133308,2022-04-15,11.106
13068,FR0007054358,2022-04-05,38.815
21095,GRF000011004,2021-12-20,4.1811
5071,DE0006599905,2022-04-06,192.0
20406,GRC815117CD9,2022-04-18,100.0
4296,DE0005933931,2022-04-05,121.5
5597,DE0007164600,2022-04-20,97.42
7131,DE000BASF111,2022-03-31,53.48
6869,DE000A0H08R2,2022-03-25,20.84
11262,FR0000120628,2022-04-05,25.495
1530,BE0974271034,2022-04-28,4.47
11510,FR0000121014,2022-03-22,633.2
9212,ES0173516115,2022-04-25,13.235
10227,FI0009000681,2022-03-31,4.876
12568,FR0000131906,2022-04-27,21.93
21897,GRF000023009,2022-01-27,29.2931
17359,GRC1441197B3,2021-11-23,97.9
8678,ES0113900J37,2022-03-30,3.08
3518,DE0002635307,2022-03-30,45.835
22791,GRF000030004,2021-07-19,10.5828114
13326,FR0010315770,2022-04-05,275.9
15792,GR0118020685,2021-10-27,108.81
1767,BE0974293251,2022-03-30,55.14
7401,DE000BAY0017,2022-04-18,66.7
17712,GRC1451184D4,2022-04-05,100.5
235,100974271034,2022-04-21,4.35
8946,ES0144580Y14,2022-04-13,10.48
10484,FI0009003305,2022-03-30,44.31
2031,BE0974303357,2022-04-07,3.44
8154,ES0000012F43,2022-03-18,98.060928
5327,DE0007100000,2022-04-04,63.48
6349,DE000A0H0728,2022-03-21,27.588
11003,FR0000120578,2022-04-04,93.47
6628,DE000A0H08Q4,2022-04-19,66.08
5849,DE0008404005,2022-04-12,214.7
10755,FR0000120271,2022-04-18,46.69
4808,DE0006047004,2022-03-30,55.56
4555,DE0005933956,2022-04-06,39.71
16184,GR0124035693,2022-05-03,105.55
19418,GRC4951193D4,2022-05-02,98.5
13846,FR0013176526,2022-04-11,16.5
9699,EU000A1G0D39,2022-03-15,100.380341
7905,ES0000012A89,2022-03-31,103.501015
9460,ES0178430E18,2022-04-11,4.627
12819,FR0000133308,2022-04-18,11.142
21096,GRF000011004,2021-12-21,4.1811
13069,FR0007054358,2022-04-06,38.98
20407,GRC815117CD9,2022-04-19,100.0
4297,DE0005933931,2022-04-06,122.48
3674,DE0005552004,2021-11-08,57.35
5072,DE0006599905,2022-04-07,192.0
5598,DE0007164600,2022-04-21,97.42
15602,GR0118019679,2022-01-31,104.6
6870,DE000A0H08R2,2022-03-28,21.22
9213,ES0173516115,2022-04-26,13.235
17360,GRC1441197B3,2021-11-24,97.5
11263,FR0000120628,2022-04-06,26.185
1531,BE0974271034,2022-04-29,4.22
22792,GRF000030004,2021-07-20,10.5642195
7132,DE000BASF111,2022-04-01,48.38
10228,FI0009000681,2022-04-01,5.035
12569,FR0000131906,2022-04-28,22.12
15793,GR0118020685,2021-10-28,108.81
3519,DE0002635307,2022-03-31,45.37
8679,ES0113900J37,2022-03-31,3.294
13327,FR0010315770,2022-04-06,277.74
7666,ES00000121G2,2022-04-27,107.985947
17713,GRC1451184D4,2022-04-06,100.1
21898,GRF000023009,2022-01-28,29.2717
8947,ES0144580Y14,2022-04-14,10.57
236,100974271034,2022-04-22,4.49
8155,ES0000012F43,2022-03-21,97.552086
7402,DE000BAY0017,2022-04-19,66.97
10485,FI0009003305,2022-03-31,43.62
11511,FR0000121014,2022-03-23,633.2
2032,BE0974303357,2022-04-08,3.41
6629,DE000A0H08Q4,2022-04-20,69.09
11004,FR0000120578,2022-04-05,91.97
5328,DE0007100000,2022-04-05,64.86
5850,DE0008404005,2022-04-13,216.5
10756,FR0000120271,2022-04-19,46.03
4809,DE0006047004,2022-03-31,53.22
19419,GRC4951193D4,2022-05-03,98.4
4556,DE0005933956,2022-04-07,39.195
9700,EU000A1G0D39,2022-03-16,100.425819
13847,FR0013176526,2022-04-12,16.5
14349,GB00B15KXV33,2022-03-23,9.0528755
21097,GRF000011004,2021-12-22,4.2009
7906,ES0000012A89,2022-04-01,103.501015
12820,FR0000133308,2022-04-19,11.258
9461,ES0178430E18,2022-04-12,4.2415
12023,FR0000125486,2022-03-17,93.14
13070,FR0007054358,2022-04-07,38.98
20408,GRC815117CD9,2022-04-20,100.0
3675,DE0005552004,2021-11-09,57.35
17361,GRC1441197B3,2021-11-25,97.4
4298,DE0005933931,2022-04-07,123.24
9214,ES0173516115,2022-04-27,13.235
5599,DE0007164600,2022-04-22,96.49
6871,DE000A0H08R2,2022-03-29,21.37
22793,GRF000030004,2021-07-21,10.5828114
5073,DE0006599905,2022-04-08,194.9
15603,GR0118019679,2022-02-01,104.6
1532,BE0974271034,2022-05-02,4.43
11264,FR0000120628,2022-04-07,25.54
10229,FI0009000681,2022-04-04,5.035
7133,DE000BASF111,2022-04-04,52.29
12570,FR0000131906,2022-04-29,22.95
8156,ES0000012F43,2022-03-22,97.724014
3520,DE0002635307,2022-04-01,45.05
7667,ES00000121G2,2022-04-28,107.737221
17714,GRC1451184D4,2022-04-07,100.1
16652,GR0124037715,2022-02-24,85.6
8680,ES0113900J37,2022-04-01,3.254
13328,FR0010315770,2022-04-07,279.09
8948,ES0144580Y14,2022-04-15,10.145
237,100974271034,2022-04-25,4.57
10486,FI0009003305,2022-04-01,44.38
7403,DE000BAY0017,2022-04-20,67.05
2033,BE0974303357,2022-04-11,3.26
6630,DE000A0H08Q4,2022-04-21,59.84
11005,FR0000120578,2022-04-06,96.98
5329,DE0007100000,2022-04-06,62.77
19420,GRC4951193D4,2022-05-04,98.5
21442,GRF000014008,2022-04-22,9.7136
6350,DE000A0H0728,2022-03-22,28.354
5851,DE0008404005,2022-04-14,217.75
4810,DE0006047004,2022-04-01,51.58
10757,FR0000120271,2022-04-20,47.345
9701,EU000A1G0D39,2022-03-17,100.425819
4557,DE0005933956,2022-04-08,38.405
13848,FR0013176526,2022-04-13,16.39
21098,GRF000011004,2021-12-23,4.1731
12821,FR0000133308,2022-04-20,11.128
17362,GRC1441197B3,2021-11-26,97.8
9462,ES0178430E18,2022-04-13,4.188
7907,ES0000012A89,2022-04-04,102.671417
20409,GRC815117CD9,2022-04-21,100.0
13071,FR0007054358,2022-04-08,38.98
3676,DE0005552004,2021-11-10,56.22
15604,GR0118019679,2022-02-02,104.5
22794,GRF000030004,2021-07-22,10.5615282
9215,ES0173516115,2022-04-28,13.235
4299,DE0005933931,2022-04-08,121.74
6872,DE000A0H08R2,2022-03-30,21.525
5600,DE0007164600,2022-04-25,103.4
1533,BE0974271034,2022-05-03,4.32
8157,ES0000012F43,2022-03-23,96.967155
11265,FR0000120628,2022-04-08,25.47
5074,DE0006599905,2022-04-11,186.1
10230,FI0009000681,2022-04-05,5.045
12571,FR0000131906,2022-05-02,23.575
7134,DE000BASF111,2022-04-05,51.89
3521,DE0002635307,2022-04-04,40.825
7668,ES00000121G2,2022-04-29,107.908669
9945,EU000A1U9985,2022-02-25,100.31089
17715,GRC1451184D4,2022-04-08,100.1
13329,FR0010315770,2022-04-08,277.74
8949,ES0144580Y14,2022-04-18,9.408
238,100974271034,2022-04-26,4.57
10487,FI0009003305,2022-04-04,44.38
6631,DE000A0H08Q4,2022-04-22,59.1
2034,BE0974303357,2022-04-12,3.41
19421,GRC4951193D4,2022-05-05,98.3
7404,DE000BAY0017,2022-04-21,67.05
11006,FR0000120578,2022-04-07,98.38
5330,DE0007100000,2022-04-07,62.13
21900,GRF000023009,2022-02-01,29.1708
8683,ES0113900J37,2022-04-06,3.299
11512,FR0000121014,2022-03-24,550.1
9702,EU000A1G0D39,2022-03-18,100.425819
4811,DE0006047004,2022-04-04,52.34
10758,FR0000120271,2022-04-21,47.035
5852,DE0008404005,2022-04-15,218.7
4558,DE0005933956,2022-04-11,38.405
17363,GRC1441197B3,2021-11-29,97.4
13849,FR0013176526,2022-04-14,16.53
21099,GRF000011004,2021-12-24,4.194
12822,FR0000133308,2022-04-21,11.146
21443,GRF000014008,2022-04-25,9.7136
22795,GRF000030004,2021-07-23,10.6056328
9463,ES0178430E18,2022-04-14,4.822
20410,GRC815117CD9,2022-04-22,100.0
3677,DE0005552004,2021-11-11,58.27
13072,FR0007054358,2022-04-11,38.98
9216,ES0173516115,2022-04-29,13.63
7908,ES0000012A89,2022-04-05,102.874321
8158,ES0000012F43,2022-03-24,97.8162
4300,DE0005933931,2022-04-11,119.82
6873,DE000A0H08R2,2022-03-31,21.6
5601,DE0007164600,2022-04-26,96.47
1534,BE0974271034,2022-05-04,4.38
11266,FR0000120628,2022-04-11,25.485
10231,FI0009000681,2022-04-06,5.112
12572,FR0000131906,2022-05-03,23.575
7135,DE000BASF111,2022-04-06,51.02
7669,ES00000121G2,2022-05-02,107.737221
3522,DE0002635307,2022-04-05,45.275
17716,GRC1451184D4,2022-04-11,100.4
8950,ES0144580Y14,2022-04-19,9.408
13330,FR0010315770,2022-04-11,273.0
5075,DE0006599905,2022-04-12,189.9
6632,DE000A0H08Q4,2022-04-25,61.12
239,100974271034,2022-04-27,4.57
10488,FI0009003305,2022-04-05,45.22
9946,EU000A1U9985,2022-02-28,100.31089
19422,GRC4951193D4,2022-05-06,98.0
2035,BE0974303357,2022-04-13,3.45
11007,FR0000120578,2022-04-08,95.37
5331,DE0007100000,2022-04-08,62.77
7405,DE000BAY0017,2022-04-22,67.05
9703,EU000A1G0D39,2022-03-21,100.408707
17364,GRC1441197B3,2021-11-30,96.9
11513,FR0000121014,2022-03-25,628.9
4812,DE0006047004,2022-04-05,59.7
8684,ES0113900J37,2022-04-07,3.254
10759,FR0000120271,2022-04-22,47.15
4559,DE0005933956,2022-04-12,38.515
5853,DE0008404005,2022-04-18,217.75
21100,GRF000011004,2021-12-27,4.1989
21901,GRF000023009,2022-02-02,29.3689
13850,FR0013176526,2022-04-15,16.74
22796,GRF000030004,2021-07-26,10.6898985
12823,FR0000133308,2022-04-22,11.17
21444,GRF000014008,2022-04-26,9.7495
3678,DE0005552004,2021-11-12,56.52
9217,ES0173516115,2022-05-02,14.285
20411,GRC815117CD9,2022-04-25,100.0
8159,ES0000012F43,2022-03-25,97.850082
9464,ES0178430E18,2022-04-15,4.938
13073,FR0007054358,2022-04-12,38.81
6351,DE000A0H0728,2022-03-23,28.556
7909,ES0000012A89,2022-04-06,102.304665
4301,DE0005933931,2022-04-12,120.2
6874,DE000A0H08R2,2022-04-01,21.6
5602,DE0007164600,2022-04-27,98.54
16188,GR0124035693,2022-05-09,104.65
1535,BE0974271034,2022-05-05,3.94
11267,FR0000120628,2022-04-12,25.765
10232,FI0009000681,2022-04-07,5.112
12573,FR0000131906,2022-05-04,21.31
7670,ES00000121G2,2022-05-03,107.754929
17717,GRC1451184D4,2022-04-12,100.1
3523,DE0002635307,2022-04-06,45.8
7137,DE000BASF111,2022-04-08,50.97
8951,ES0144580Y14,2022-04-20,10.465
19423,GRC4951193D4,2022-05-09,98.0
6633,DE000A0H08Q4,2022-04-26,59.55
13331,FR0010315770,2022-04-12,272.61
5076,DE0006599905,2022-04-13,182.5
240,100974271034,2022-04-28,4.38
10489,FI0009003305,2022-04-06,45.92
17365,GRC1441197B3,2021-12-01,96.5
2036,BE0974303357,2022-04-14,3.45
9704,EU000A1G0D39,2022-03-22,100.380341
11008,FR0000120578,2022-04-11,95.37
5332,DE0007100000,2022-04-11,62.13
11514,FR0000121014,2022-03-28,639.4
7406,DE000BAY0017,2022-04-25,66.34
21101,GRF000011004,2021-12-28,4.1985
4560,DE0005933956,2022-04-13,38.515
10760,FR0000120271,2022-04-25,45.87
8685,ES0113900J37,2022-04-08,3.294
21902,GRF000023009,2022-02-03,29.0998
22797,GRF000030004,2021-07-27,10.6351042
5854,DE0008404005,2022-04-19,214.7
13851,FR0013176526,2022-04-18,16.53
8160,ES0000012F43,2022-03-28,96.898026
9218,ES0173516115,2022-05-03,14.105
3679,DE0005552004,2021-11-15,55.46
20412,GRC815117CD9,2022-04-26,100.0
21445,GRF000014008,2022-04-27,9.7136
9465,ES0178430E18,2022-04-18,4.938
12825,FR0000133308,2022-04-26,11.084
13074,FR0007054358,2022-04-13,38.17
4302,DE0005933931,2022-04-13,120.38
5603,DE0007164600,2022-04-28,98.0
16189,GR0124035693,2022-05-10,103.9
1536,BE0974271034,2022-05-06,3.95
12574,FR0000131906,2022-05-05,22.142
10233,FI0009000681,2022-04-08,4.983
11268,FR0000120628,2022-04-13,26.5
17718,GRC1451184D4,2022-04-13,101.0
3524,DE0002635307,2022-04-07,45.215
19424,GRC4951193D4,2022-05-10,98.0
6634,DE000A0H08Q4,2022-04-27,59.48
17366,GRC1441197B3,2021-12-02,96.8
8952,ES0144580Y14,2022-04-21,9.552
7138,DE000BASF111,2022-04-11,51.02
9948,EU000A1U9985,2022-03-02,100.327271
13332,FR0010315770,2022-04-13,272.61
5077,DE0006599905,2022-04-14,179.2
241,100974271034,2022-04-29,4.46
10490,FI0009003305,2022-04-07,46.45
2037,BE0974303357,2022-04-15,3.52
11009,FR0000120578,2022-04-12,95.37
5333,DE0007100000,2022-04-12,62.82
6880,DE000A0H08R2,2022-04-11,22.23
22798,GRF000030004,2021-07-28,10.6515312
21102,GRF000011004,2021-12-29,4.2327
11515,FR0000121014,2022-03-29,635.7
8161,ES0000012F43,2022-03-29,97.8162
4561,DE0005933956,2022-04-14,38.16
10761,FR0000120271,2022-04-26,44.91
7407,DE000BAY0017,2022-04-26,66.09
8686,ES0113900J37,2022-04-11,3.371
13852,FR0013176526,2022-04-19,16.58
5855,DE0008404005,2022-04-20,219.25
9219,ES0173516115,2022-05-04,14.285
3680,DE0005552004,2021-11-16,58.36
20413,GRC815117CD9,2022-04-27,100.0
21446,GRF000014008,2022-04-28,9.7498
12826,FR0000133308,2022-04-27,10.722
9466,ES0178430E18,2022-04-19,4.822
13075,FR0007054358,2022-04-14,38.13
6352,DE000A0H0728,2022-03-24,28.556
4303,DE0005933931,2022-04-14,119.22
15608,GR0118019679,2022-02-08,101.5
5604,DE0007164600,2022-04-29,94.17
1537,BE0974271034,2022-05-09,3.85
17719,GRC1451184D4,2022-04-14,101.0
12575,FR0000131906,2022-05-06,24.075
10234,FI0009000681,2022-04-11,5.025
7672,ES00000121G2,2022-05-05,107.606728
19425,GRC4951193D4,2022-05-11,97.5
17367,GRC1441197B3,2021-12-03,97.0
11269,FR0000120628,2022-04-14,26.775
3525,DE0002635307,2022-04-08,45.215
6635,DE000A0H08Q4,2022-04-28,59.55
16190,GR0124035693,2022-05-11,103.9
9949,EU000A1U9985,2022-03-03,100.325645
8953,ES0144580Y14,2022-04-22,9.552
7139,DE000BASF111,2022-04-12,51.18
5078,DE0006599905,2022-04-15,175.1
13333,FR0010315770,2022-04-14,272.85
10491,FI0009003305,2022-04-08,45.72
242,100974271034,2022-05-02,4.63
22799,GRF000030004,2021-07-29,10.642436
11010,FR0000120578,2022-04-13,95.37
2038,BE0974303357,2022-04-18,3.47
21103,GRF000011004,2021-12-30,4.224
6881,DE000A0H08R2,2022-04-12,22.46
5334,DE0007100000,2022-04-13,62.33
11516,FR0000121014,2022-03-30,671.8
9706,EU000A1G0D39,2022-03-24,100.313629
4562,DE0005933956,2022-04-15,38.255
9220,ES0173516115,2022-05-05,14.105
10762,FR0000120271,2022-04-27,45.66
13853,FR0013176526,2022-04-20,17.04
8162,ES0000012F43,2022-03-30,96.173027
7408,DE000BAY0017,2022-04-27,65.01
3681,DE0005552004,2021-11-17,57.62
5856,DE0008404005,2022-04-21,218.06
8687,ES0113900J37,2022-04-12,3.1755
20414,GRC815117CD9,2022-04-28,100.0
4821,DE0006047004,2022-04-18,50.71
21447,GRF000014008,2022-04-29,9.6804
12827,FR0000133308,2022-04-28,10.43
9467,ES0178430E18,2022-04-20,4.938
13076,FR0007054358,2022-04-15,38.13
4304,DE0005933931,2022-04-15,118.6
6353,DE000A0H0728,2022-03-25,29.608
17368,GRC1441197B3,2021-12-06,97.3
7673,ES00000121G2,2022-05-06,107.564568
5605,DE0007164600,2022-05-02,98.0
1538,BE0974271034,2022-05-10,3.85
17720,GRC1451184D4,2022-04-15,100.0
12576,FR0000131906,2022-05-09,22.745
10235,FI0009000681,2022-04-12,4.983
11270,FR0000120628,2022-04-15,26.66
3526,DE0002635307,2022-04-11,45.53
8954,ES0144580Y14,2022-04-25,10.435
19428,GRC4951193D4,2022-05-16,96.1
22800,GRF000030004,2021-07-30,10.5996504
7140,DE000BASF111,2022-04-13,51.58
5079,DE0006599905,2022-04-18,182.2
6636,DE000A0H08Q4,2022-04-29,57.08
10492,FI0009003305,2022-04-11,46.87
13334,FR0010315770,2022-04-15,274.47
243,100974271034,2022-05-03,4.31
21104,GRF000011004,2021-12-31,4.2687
16191,GR0124035693,2022-05-12,103.9
11011,FR0000120578,2022-04-14,95.37
15155,GR0114031561,2022-05-06,104.05
6882,DE000A0H08R2,2022-04-13,22.16
7912,ES0000012A89,2022-04-11,101.721268
2039,BE0974303357,2022-04-19,3.47
5335,DE0007100000,2022-04-14,62.02
9707,EU000A1G0D39,2022-03-25,100.556862
8163,ES0000012F43,2022-03-31,95.83519
11517,FR0000121014,2022-03-31,671.8
9221,ES0173516115,2022-05-06,13.63
15616,GR0118019679,2022-02-18,101.1
4563,DE0005933956,2022-04-18,38.371
13854,FR0013176526,2022-04-21,17.06
10763,FR0000120271,2022-04-28,46.625
3682,DE0005552004,2021-11-18,56.36
5857,DE0008404005,2022-04-22,219.25
7409,DE000BAY0017,2022-04-28,63.32
8688,ES0113900J37,2022-04-13,3.133
12828,FR0000133308,2022-04-29,10.272
9468,ES0178430E18,2022-04-21,4.822
13077,FR0007054358,2022-04-18,38.26
17369,GRC1441197B3,2021-12-07,97.5
7674,ES00000121G2,2022-05-09,107.564568
6354,DE000A0H0728,2022-03-28,29.658
4305,DE0005933931,2022-04-18,118.6
21451,GRF000014008,2022-05-05,9.5986
17721,GRC1451184D4,2022-04-18,101.0
5606,DE0007164600,2022-05-03,96.82
1539,BE0974271034,2022-05-11,4.11
12577,FR0000131906,2022-05-10,22.84
10236,FI0009000681,2022-04-13,5.02
3527,DE0002635307,2022-04-12,45.19
11271,FR0000120628,2022-04-18,27.405
19429,GRC4951193D4,2022-05-17,97.6
22801,GRF000030004,2021-08-02,10.6131811
8955,ES0144580Y14,2022-04-26,10.435
7141,DE000BASF111,2022-04-14,51.6
10493,FI0009003305,2022-04-12,46.87
21105,GRF000011004,2022-01-03,4.2102
13335,FR0010315770,2022-04-18,274.13
5080,DE0006599905,2022-04-19,180.7
8164,ES0000012F43,2022-04-01,96.537468
16192,GR0124035693,2022-05-13,105.7
244,100974271034,2022-05-04,3.97
11012,FR0000120578,2022-04-15,103.68
9708,EU000A1G0D39,2022-03-28,100.249008
6883,DE000A0H08R2,2022-04-14,22.35
21908,GRF000023009,2022-02-11,27.7684
5336,DE0007100000,2022-04-15,62.99
15617,GR0118019679,2022-02-21,101.38
2040,BE0974303357,2022-04-20,3.45
9222,ES0173516115,2022-05-09,14.835
6637,DE000A0H08Q4,2022-05-02,57.08
11518,FR0000121014,2022-04-01,649.4
4564,DE0005933956,2022-04-19,38.342
3683,DE0005552004,2021-11-19,55.78
13855,FR0013176526,2022-04-22,17.85
10764,FR0000120271,2022-04-29,46.425
5858,DE0008404005,2022-04-25,219.0
17370,GRC1441197B3,2021-12-08,97.0
12829,FR0000133308,2022-05-02,11.318
7410,DE000BAY0017,2022-04-29,64.82
8689,ES0113900J37,2022-04-14,3.165
20416,GRC815117CD9,2022-05-02,100.0
9469,ES0178430E18,2022-04-22,4.839
13078,FR0007054358,2022-04-19,38.26
6355,DE000A0H0728,2022-03-29,28.795
4306,DE0005933931,2022-04-19,119.4
21452,GRF000014008,2022-05-06,9.5986
17722,GRC1451184D4,2022-04-19,100.8
5607,DE0007164600,2022-05-04,95.17
1540,BE0974271034,2022-05-12,3.9
22802,GRF000030004,2021-08-03,10.5262489
12578,FR0000131906,2022-05-11,21.93
10237,FI0009000681,2022-04-14,4.874
19430,GRC4951193D4,2022-05-18,99.3
3528,DE0002635307,2022-04-13,45.19
11272,FR0000120628,2022-04-19,27.47
8956,ES0144580Y14,2022-04-27,10.545
8165,ES0000012F43,2022-04-04,95.83519
21106,GRF000011004,2022-01-04,4.2229
7142,DE000BASF111,2022-04-15,51.62
10494,FI0009003305,2022-04-13,46.87
16193,GR0124035693,2022-05-16,105.7
5081,DE0006599905,2022-04-20,180.3
9709,EU000A1G0D39,2022-03-29,100.189888
13336,FR0010315770,2022-04-19,274.47
9952,EU000A1U9985,2022-03-08,100.34288
245,100974271034,2022-05-05,4.31
9223,ES0173516115,2022-05-10,14.4
11013,FR0000120578,2022-04-18,94.14
6884,DE000A0H08R2,2022-04-15,22.09
5337,DE0007100000,2022-04-18,62.98
6638,DE000A0H08Q4,2022-05-03,58.7
2041,BE0974303357,2022-04-21,3.52
11519,FR0000121014,2022-04-04,649.6
3684,DE0005552004,2021-11-22,58.31
4565,DE0005933956,2022-04-20,38.715
13856,FR0013176526,2022-04-25,17.25
17371,GRC1441197B3,2021-12-09,97.1
10765,FR0000120271,2022-05-02,46.985
12830,FR0000133308,2022-05-03,11.262
5859,DE0008404005,2022-04-26,220.5
20417,GRC815117CD9,2022-05-03,100.0
7411,DE000BAY0017,2022-05-02,64.82
8690,ES0113900J37,2022-04-15,3.1755
9470,ES0178430E18,2022-04-25,4.839
13079,FR0007054358,2022-04-20,38.42
7676,ES00000121G2,2022-05-11,107.371361
6356,DE000A0H0728,2022-03-30,29.658
17723,GRC1451184D4,2022-04-20,99.8
4307,DE0005933931,2022-04-20,119.39
22803,GRF000030004,2021-08-04,10.4901695
19431,GRC4951193D4,2022-05-19,99.3
5608,DE0007164600,2022-05-05,94.17
1541,BE0974271034,2022-05-13,4.11
12579,FR0000131906,2022-05-12,22.945
445,AU3CB0228823,2022-02-14,64.486198
10238,FI0009000681,2022-04-15,4.85
3529,DE0002635307,2022-04-14,45.87
21453,GRF000014008,2022-05-09,9.5012
8957,ES0144580Y14,2022-04-28,10.755
11273,FR0000120628,2022-04-20,27.92
7919,ES0000012A89,2022-04-20,101.184998
21107,GRF000011004,2022-01-05,4.2424
16194,GR0124035693,2022-05-17,104.6
9953,EU000A1U9985,2022-03-09,100.289391
9710,EU000A1G0D39,2022-03-30,100.189888
7143,DE000BASF111,2022-04-18,51.45
9224,ES0173516115,2022-05-11,14.835
10495,FI0009003305,2022-04-14,46.87
5082,DE0006599905,2022-04-21,177.1
246,100974271034,2022-05-06,4.37
13337,FR0010315770,2022-04-20,274.6
11014,FR0000120578,2022-04-19,103.68
6639,DE000A0H08Q4,2022-05-04,59.12
6885,DE000A0H08R2,2022-04-18,21.705
5338,DE0007100000,2022-04-19,62.5884
17372,GRC1441197B3,2021-12-10,97.2
2042,BE0974303357,2022-04-22,3.52
3685,DE0005552004,2021-11-23,57.59
11520,FR0000121014,2022-04-05,663.9
4566,DE0005933956,2022-04-21,39.095
15619,GR0118019679,2022-02-23,101.49
13857,FR0013176526,2022-04-26,17.26
10766,FR0000120271,2022-05-03,46.69
12831,FR0000133308,2022-05-04,10.722
20418,GRC815117CD9,2022-05-04,100.0
5860,DE0008404005,2022-04-27,220.5
7677,ES00000121G2,2022-05-12,107.371361
446,AU3CB0228823,2022-02-15,64.556046
9471,ES0178430E18,2022-04-26,4.798
8691,ES0113900J37,2022-04-18,3.137
13080,FR0007054358,2022-04-21,38.24
7412,DE000BAY0017,2022-05-03,61.95
6357,DE000A0H0728,2022-03-31,29.608
22804,GRF000030004,2021-08-05,10.5594683
17724,GRC1451184D4,2022-04-21,100.6
19432,GRC4951193D4,2022-05-20,98.9
4308,DE0005933931,2022-04-21,119.19
1542,BE0974271034,2022-05-16,4.11
5609,DE0007164600,2022-05-06,94.65
8167,ES0000012F43,2022-04-06,95.487854
12580,FR0000131906,2022-05-13,22.425
10239,FI0009000681,2022-04-18,4.911
3530,DE0002635307,2022-04-15,45.38
15158,GR0114031561,2022-05-11,103.75
7920,ES0000012A89,2022-04-21,101.315964
8958,ES0144580Y14,2022-04-29,11.095
19880,GRC5211214B5,2022-04-04,99.7
21108,GRF000011004,2022-01-06,4.243
16195,GR0124035693,2022-05-18,103.9
11274,FR0000120628,2022-04-21,27.155
21454,GRF000014008,2022-05-10,9.5621
9225,ES0173516115,2022-05-12,13.57
9711,EU000A1G0D39,2022-03-31,100.09288
21913,GRF000023009,2022-02-18,27.4387
7144,DE000BASF111,2022-04-19,51.62
10496,FI0009003305,2022-04-15,46.87
17373,GRC1441197B3,2021-12-13,97.2
6640,DE000A0H08Q4,2022-05-05,59.97
5083,DE0006599905,2022-04-22,169.1
247,100974271034,2022-05-09,3.86
11015,FR0000120578,2022-04-20,95.37
13338,FR0010315770,2022-04-21,275.08
6886,DE000A0H08R2,2022-04-19,22.09
3686,DE0005552004,2021-11-24,56.09
5339,DE0007100000,2022-04-20,64.63
15620,GR0118019679,2022-02-24,101.33
11521,FR0000121014,2022-04-06,660.9
2043,BE0974303357,2022-04-25,3.47
4567,DE0005933956,2022-04-22,38.855
13858,FR0013176526,2022-04-27,17.85
10767,FR0000120271,2022-05-04,46.477
19881,GRC5211214B5,2022-04-05,99.5
22805,GRF000030004,2021-08-06,10.583066
5861,DE0008404005,2022-04-28,216.5
12833,FR0000133308,2022-05-06,11.604
9472,ES0178430E18,2022-04-27,4.746
13081,FR0007054358,2022-04-22,38.22
6358,DE000A0H0728,2022-04-01,29.426
12206,FR0000131104,2021-12-02,59.7
8692,ES0113900J37,2022-04-19,3.0395
17725,GRC1451184D4,2022-04-22,99.8
19433,GRC4951193D4,2022-05-23,97.1
8168,ES0000012F43,2022-04-07,95.141724
4309,DE0005933931,2022-04-22,120.34
1543,BE0974271034,2022-05-17,4.35
15159,GR0114031561,2022-05-12,103.75
10240,FI0009000681,2022-04-19,4.888
12581,FR0000131906,2022-05-16,23.6
3531,DE0002635307,2022-04-18,45.87
5610,DE0007164600,2022-05-09,91.16
16196,GR0124035693,2022-05-19,103.9
21109,GRF000011004,2022-01-07,4.225
8959,ES0144580Y14,2022-05-02,11.01
19882,GRC5211214B5,2022-04-06,99.5
9226,ES0173516115,2022-05-13,14.4
17374,GRC1441197B3,2021-12-14,97.0
9712,EU000A1G0D39,2022-04-01,100.014702
21455,GRF000014008,2022-05-11,9.5012
11275,FR0000120628,2022-04-22,27.155
4824,DE0006047004,2022-04-21,52.66
6641,DE000A0H08Q4,2022-05-06,60.1
21914,GRF000023009,2022-02-21,27.5931
7145,DE000BASF111,2022-04-20,52.54
10497,FI0009003305,2022-04-18,46.73
7921,ES0000012A89,2022-04-22,100.847595
248,100974271034,2022-05-10,3.86
15621,GR0118019679,2022-02-25,101.1
3687,DE0005552004,2021-11-25,56.16
11016,FR0000120578,2022-04-21,95.37
6887,DE000A0H08R2,2022-04-20,21.705
5084,DE0006599905,2022-04-25,172.0
13339,FR0010315770,2022-04-22,273.62
5340,DE0007100000,2022-04-21,62.622
11522,FR0000121014,2022-04-07,660.9
2044,BE0974303357,2022-04-26,3.45
4568,DE0005933956,2022-04-25,38.715
13859,FR0013176526,2022-04-28,16.74
10768,FR0000120271,2022-05-05,46.64
22806,GRF000030004,2021-08-09,10.583066
19883,GRC5211214B5,2022-04-07,99.5
7413,DE000BAY0017,2022-05-04,62.65
5862,DE0008404005,2022-04-29,218.7
8169,ES0000012F43,2022-04-08,95.012215
13082,FR0007054358,2022-04-25,38.13
9473,ES0178430E18,2022-04-28,4.746
17726,GRC1451184D4,2022-04-25,100.3
6359,DE000A0H0728,2022-04-04,29.608
8693,ES0113900J37,2022-04-20,3.1755
12836,FR0000133308,2022-05-11,11.318
4310,DE0005933931,2022-04-25,121.42
15160,GR0114031561,2022-05-13,103.72
1544,BE0974271034,2022-05-18,4.14
12582,FR0000131906,2022-05-17,23.59
10241,FI0009000681,2022-04-20,4.861
17375,GRC1441197B3,2021-12-15,97.2
21110,GRF000011004,2022-01-10,4.2266
16197,GR0124035693,2022-05-20,105.1
3532,DE0002635307,2022-04-19,45.38
5611,DE0007164600,2022-05-10,90.6
9227,ES0173516115,2022-05-16,13.99
8960,ES0144580Y14,2022-05-03,10.92
9713,EU000A1G0D39,2022-04-04,100.112839
19884,GRC5211214B5,2022-04-08,99.6
21456,GRF000014008,2022-05-12,9.5928
11276,FR0000120628,2022-04-25,26.63
4825,DE0006047004,2022-04-22,52.42
15622,GR0118019679,2022-02-28,101.47
21915,GRF000023009,2022-02-22,27.6742
7146,DE000BASF111,2022-04-21,52.89
10498,FI0009003305,2022-04-19,47.33
7922,ES0000012A89,2022-04-25,101.593651
3688,DE0005552004,2021-11-26,56.09
249,100974271034,2022-05-11,3.86
11017,FR0000120578,2022-04-22,94.14
6888,DE000A0H08R2,2022-04-21,21.665
6642,DE000A0H08Q4,2022-05-09,56.55
13340,FR0010315770,2022-04-25,274.6
5341,DE0007100000,2022-04-22,64.63
11523,FR0000121014,2022-04-08,624.0
2045,BE0974303357,2022-04-27,3.52
4569,DE0005933956,2022-04-26,38.715
13860,FR0013176526,2022-04-29,16.21
22807,GRF000030004,2021-08-10,10.583066
10769,FR0000120271,2022-05-06,47.345
9956,EU000A1U9985,2022-03-14,100.264595
5085,DE0006599905,2022-04-26,165.8
19885,GRC5211214B5,2022-04-11,99.8
7680,ES00000121G2,2022-05-17,107.729546
17727,GRC1451184D4,2022-04-26,100.3
8170,ES0000012F43,2022-04-11,94.905304
13083,FR0007054358,2022-04-26,37.5
6360,DE000A0H0728,2022-04-05,29.086
5863,DE0008404005,2022-05-02,217.4
9474,ES0178430E18,2022-04-29,4.798
15161,GR0114031561,2022-05-16,103.75
20421,GRC815117CD9,2022-05-09,100.0
12837,FR0000133308,2022-05-12,11.262
8694,ES0113900J37,2022-04-21,3.294
17376,GRC1441197B3,2021-12-16,97.2
4311,DE0005933931,2022-04-26,120.2
21111,GRF000011004,2022-01-11,4.2342
1545,BE0974271034,2022-05-19,4.0
10242,FI0009000681,2022-04-21,4.9415
12583,FR0000131906,2022-05-18,22.95
9228,ES0173516115,2022-05-17,13.57
3533,DE0002635307,2022-04-20,45.38
9714,EU000A1G0D39,2022-04-05,100.112839
5612,DE0007164600,2022-05-11,90.6
8961,ES0144580Y14,2022-05-04,11.035
16198,GR0124035693,2022-05-23,103.9
15623,GR0118019679,2022-03-01,101.48
19886,GRC5211214B5,2022-04-12,99.8
11277,FR0000120628,2022-04-26,25.775
4826,DE0006047004,2022-04-25,53.84
16653,GR0124037715,2022-02-25,85.5
3689,DE0005552004,2021-11-29,56.16
10499,FI0009003305,2022-04-20,44.42
7923,ES0000012A89,2022-04-26,101.054794
7147,DE000BASF111,2022-04-22,53.3
250,100974271034,2022-05-12,3.9
6889,DE000A0H08R2,2022-04-22,20.89
21916,GRF000023009,2022-02-23,27.5931
5342,DE0007100000,2022-04-25,64.81
13341,FR0010315770,2022-04-26,259.37
11524,FR0000121014,2022-04-11,631.7
22808,GRF000030004,2021-08-11,10.583066
11019,FR0000120578,2022-04-26,94.14
4570,DE0005933956,2022-04-27,37.265
2046,BE0974303357,2022-04-28,3.52
13861,FR0013176526,2022-05-02,17.5
9957,EU000A1U9985,2022-03-15,100.265175
7681,ES00000121G2,2022-05-18,107.371361
8171,ES0000012F43,2022-04-12,94.489342
10770,FR0000120271,2022-05-09,50.6
19887,GRC5211214B5,2022-04-13,98.7
17728,GRC1451184D4,2022-04-27,100.6
15162,GR0114031561,2022-05-17,103.75
13084,FR0007054358,2022-04-27,38.17
9475,ES0178430E18,2022-05-02,4.845
17377,GRC1441197B3,2021-12-17,98.1
5864,DE0008404005,2022-05-03,214.7
12838,FR0000133308,2022-05-13,11.456
5086,DE0006599905,2022-04-27,170.1
4312,DE0005933931,2022-04-27,119.06
8695,ES0113900J37,2022-04-22,3.294
21112,GRF000011004,2022-01-12,4.2327
9229,ES0173516115,2022-05-18,14.4
10243,FI0009000681,2022-04-22,4.9835
1546,BE0974271034,2022-05-20,4.0
12584,FR0000131906,2022-05-19,23.81
3534,DE0002635307,2022-04-21,45.26
8962,ES0144580Y14,2022-05-05,11.005
19888,GRC5211214B5,2022-04-14,98.5
4827,DE0006047004,2022-04-26,54.78
11278,FR0000120628,2022-04-27,25.93
9715,EU000A1G0D39,2022-04-06,100.014702
3690,DE0005552004,2021-11-30,54.04
10500,FI0009003305,2022-04-21,46.87
5614,DE0007164600,2022-05-13,94.17
15624,GR0118019679,2022-03-02,107.59
22809,GRF000030004,2021-08-12,10.6603355
7148,DE000BASF111,2022-04-25,52.46
251,100974271034,2022-05-13,3.9
6890,DE000A0H08R2,2022-04-25,21.38
21917,GRF000023009,2022-02-24,27.5864
11525,FR0000121014,2022-04-12,631.7
5343,DE0007100000,2022-04-26,64.5
23012,GRF000031002,2021-05-27,15.3534
13342,FR0010315770,2022-04-27,264.89
11020,FR0000120578,2022-04-27,100.9
4571,DE0005933956,2022-04-28,37.58
6644,DE000A0H08Q4,2022-05-11,54.5
13862,FR0013176526,2022-05-03,17.5
7924,ES0000012A89,2022-04-27,100.538124
7682,ES00000121G2,2022-05-19,107.371361
2047,BE0974303357,2022-04-29,3.16
9958,EU000A1U9985,2022-03-16,100.265175
21458,GRF000014008,2022-05-16,9.6171
17378,GRC1441197B3,2021-12-20,97.4
10771,FR0000120271,2022-05-10,48.135
15163,GR0114031561,2022-05-18,104.01
17729,GRC1451184D4,2022-04-28,100.7
19889,GRC5211214B5,2022-04-15,97.1
13085,FR0007054358,2022-04-28,38.17
9476,ES0178430E18,2022-05-03,4.885
5865,DE0008404005,2022-05-04,216.5
12839,FR0000133308,2022-05-16,11.504
21113,GRF000011004,2022-01-13,4.276
9230,ES0173516115,2022-05-19,14.68
5087,DE0006599905,2022-04-28,177.4
20423,GRC815117CD9,2022-05-11,100.0
4313,DE0005933931,2022-04-28,119.28
8696,ES0113900J37,2022-04-25,3.294
14350,GB00B15KXV33,2022-03-24,9.1928921
10244,FI0009000681,2022-04-25,4.861
12585,FR0000131906,2022-05-20,24.115
1547,BE0974271034,2022-05-23,3.69
3535,DE0002635307,2022-04-22,45.12
8963,ES0144580Y14,2022-05-06,11.005
3691,DE0005552004,2021-12-01,53.08
4828,DE0006047004,2022-04-27,54.78
22810,GRF000030004,2021-08-13,10.6771717
11279,FR0000120628,2022-04-28,25.705
15625,GR0118019679,2022-03-03,101.49
19890,GRC5211214B5,2022-04-18,98.1
10501,FI0009003305,2022-04-22,46.73
5615,DE0007164600,2022-05-16,94.62
7149,DE000BASF111,2022-04-26,52.54
6891,DE000A0H08R2,2022-04-26,21.235
252,100974271034,2022-05-16,4.36
23013,GRF000031002,2021-05-28,15.4459
9716,EU000A1G0D39,2022-04-07,100.014702
7683,ES00000121G2,2022-05-20,107.367592
21918,GRF000023009,2022-02-25,27.592
11526,FR0000121014,2022-04-13,631.7
5344,DE0007100000,2022-04-27,64.81
6645,DE000A0H08Q4,2022-05-12,54.37
11021,FR0000120578,2022-04-28,101.3
4572,DE0005933956,2022-04-29,38.29
13343,FR0010315770,2022-04-28,266.29
13863,FR0013176526,2022-05-04,17.56
8173,ES0000012F43,2022-04-14,94.489342
2048,BE0974303357,2022-05-02,3.52
17379,GRC1441197B3,2021-12-21,97.4
15164,GR0114031561,2022-05-19,104.15
17730,GRC1451184D4,2022-04-29,100.8
10772,FR0000120271,2022-05-11,45.87
12024,FR0000125486,2022-03-18,91.32
21459,GRF000014008,2022-05-17,9.6219
2272,CH0198251305,2022-03-15,19.6
13086,FR0007054358,2022-04-29,38.13
9477,ES0178430E18,2022-05-04,4.688
19891,GRC5211214B5,2022-04-19,97.7
21114,GRF000011004,2022-01-14,4.2342
12840,FR0000133308,2022-05-17,11.666
9231,ES0173516115,2022-05-20,14.44
5866,DE0008404005,2022-05-05,217.8
20424,GRC815117CD9,2022-05-12,100.0
5088,DE0006599905,2022-04-29,175.7
4314,DE0005933931,2022-04-29,115.66
10245,FI0009000681,2022-04-26,4.9415
12586,FR0000131906,2022-05-23,24.11
8697,ES0113900J37,2022-04-26,3.1525
3536,DE0002635307,2022-04-25,45.21
8964,ES0144580Y14,2022-05-09,10.665
22811,GRF000030004,2021-08-16,10.66745
3692,DE0005552004,2021-12-02,53.03
4829,DE0006047004,2022-04-28,52.78
7684,ES00000121G2,2022-05-23,107.985947
11280,FR0000120628,2022-04-29,25.69
23014,GRF000031002,2021-05-31,15.497
9717,EU000A1G0D39,2022-04-08,100.012238
10502,FI0009003305,2022-04-25,46.87
6892,DE000A0H08R2,2022-04-27,21.235
5616,DE0007164600,2022-05-17,93.45
253,100974271034,2022-05-17,4.36
7150,DE000BASF111,2022-04-27,52.89
19892,GRC5211214B5,2022-04-20,98.5
7414,DE000BAY0017,2022-05-05,57.9
8174,ES0000012F43,2022-04-15,94.373466
21919,GRF000023009,2022-02-28,27.6499
6646,DE000A0H08Q4,2022-05-13,55.16
17380,GRC1441197B3,2021-12-22,97.4
11527,FR0000121014,2022-04-14,631.7
5345,DE0007100000,2022-04-28,64.5
11022,FR0000120578,2022-04-29,101.3
4573,DE0005933956,2022-05-02,38.515
13864,FR0013176526,2022-05-05,17.24
13344,FR0010315770,2022-04-29,268.5
15165,GR0114031561,2022-05-20,103.51
2049,BE0974303357,2022-05-03,3.16
9960,EU000A1U9985,2022-03-18,100.257942
17731,GRC1451184D4,2022-05-02,102.0
7926,ES0000012A89,2022-04-29,100.810852
10773,FR0000120271,2022-05-12,49.62
13087,FR0007054358,2022-05-02,37.83
9232,ES0173516115,2022-05-23,14.44
21460,GRF000014008,2022-05-18,9.56
21115,GRF000011004,2022-01-17,4.2434
9478,ES0178430E18,2022-05-05,4.839
12841,FR0000133308,2022-05-18,11.722
5867,DE0008404005,2022-05-06,216.5
19893,GRC5211214B5,2022-04-21,97.5
4315,DE0005933931,2022-05-02,119.34
5089,DE0006599905,2022-05-02,172.6
10246,FI0009000681,2022-04-27,4.855
20425,GRC815117CD9,2022-05-13,100.0
22812,GRF000030004,2021-08-17,10.6158895
3537,DE0002635307,2022-04-26,42.9
8698,ES0113900J37,2022-04-27,3.137
8965,ES0144580Y14,2022-05-10,10.61
3693,DE0005552004,2021-12-03,52.89
23015,GRF000031002,2021-06-01,15.564
4830,DE0006047004,2022-04-29,54.42
2273,CH0198251305,2022-03-16,19.5
8175,ES0000012F43,2022-04-18,94.373466
9718,EU000A1G0D39,2022-04-11,99.948463
17381,GRC1441197B3,2021-12-23,97.4
23270,GRF000032000,2021-05-27,15.6382
11281,FR0000120628,2022-05-02,25.485
10503,FI0009003305,2022-04-26,48.01
6893,DE000A0H08R2,2022-04-28,21.805
15629,GR0118019679,2022-03-09,102.48
6647,DE000A0H08Q4,2022-05-16,55.16
21920,GRF000023009,2022-03-01,27.6736
254,100974271034,2022-05-18,4.4
7151,DE000BASF111,2022-04-28,51.49
15166,GR0114031561,2022-05-23,103.51
11528,FR0000121014,2022-04-15,624.0
5346,DE0007100000,2022-04-29,64.5
1129,AU3SG0002199,2021-10-11,62.174
11023,FR0000120578,2022-05-02,102.4
13865,FR0013176526,2022-05-06,16.86
4574,DE0005933956,2022-05-03,38.255
19894,GRC5211214B5,2022-04-22,97.5
5617,DE0007164600,2022-05-18,90.6
9961,EU000A1U9985,2022-03-21,100.257942
13345,FR0010315770,2022-05-02,268.15
2050,BE0974303357,2022-05-04,3.25
17732,GRC1451184D4,2022-05-03,100.8
10774,FR0000120271,2022-05-13,50.6
21116,GRF000011004,2022-01-18,4.271
13088,FR0007054358,2022-05-03,37.795
21461,GRF000014008,2022-05-19,9.5622
9479,ES0178430E18,2022-05-06,4.77
12842,FR0000133308,2022-05-19,11.726
23528,GRF000034006,2021-05-27,9.2549
6361,DE000A0H0728,2022-04-06,28.78
22813,GRF000030004,2021-08-18,10.6158895
4316,DE0005933931,2022-05-03,119.4
10247,FI0009000681,2022-04-28,4.5695
19895,GRC5211214B5,2022-04-25,98.3
3538,DE0002635307,2022-04-27,45.8
8966,ES0144580Y14,2022-05-11,10.555
3694,DE0005552004,2021-12-06,51.88
8699,ES0113900J37,2022-04-28,3.294
8176,ES0000012F43,2022-04-19,94.373466
5870,DE0008404005,2022-05-11,194.6
23016,GRF000031002,2021-06-02,15.5741
23271,GRF000032000,2021-05-28,15.6523
5090,DE0006599905,2022-05-03,172.6
15630,GR0118019679,2022-03-10,102.5
9719,EU000A1G0D39,2022-04-12,99.873581
4831,DE0006047004,2022-05-02,54.14
11282,FR0000120628,2022-05-03,25.185
6648,DE000A0H08Q4,2022-05-17,54.5
21921,GRF000023009,2022-03-02,27.4387
10504,FI0009003305,2022-04-27,47.81
6894,DE000A0H08R2,2022-04-29,21.985
255,100974271034,2022-05-19,4.1
11529,FR0000121014,2022-04-18,631.7
2274,CH0198251305,2022-03-17,20.5
5347,DE0007100000,2022-05-02,62.02
13866,FR0013176526,2022-05-09,16.86
11024,FR0000120578,2022-05-03,102.4
4575,DE0005933956,2022-05-04,37.805
13346,FR0010315770,2022-05-03,270.62
2051,BE0974303357,2022-05-05,3.07
17733,GRC1451184D4,2022-05-04,100.3
19896,GRC5211214B5,2022-04-26,98.3
7152,DE000BASF111,2022-04-29,48.38
23786,GRF000036001,2021-05-27,13.6554
21117,GRF000011004,2022-01-19,4.2702
10775,FR0000120271,2022-05-16,51.08
23529,GRF000034006,2021-05-28,9.2834
13089,FR0007054358,2022-05-04,38.24
5619,DE0007164600,2022-05-20,90.04
21462,GRF000014008,2022-05-20,9.5877
9480,ES0178430E18,2022-05-09,4.77
12843,FR0000133308,2022-05-20,11.688
22814,GRF000030004,2021-08-19,10.6904173
4317,DE0005933931,2022-05-04,120.2
8177,ES0000012F43,2022-04-20,94.011002
20427,GRC815117CD9,2022-05-17,99.0
10248,FI0009000681,2022-04-29,4.659
3539,DE0002635307,2022-04-28,44.04
23272,GRF000032000,2021-05-31,15.6331
3695,DE0005552004,2021-12-07,53.08
23017,GRF000031002,2021-06-03,15.5741
8967,ES0144580Y14,2022-05-12,10.875
15631,GR0118019679,2022-03-11,102.5
19897,GRC5211214B5,2022-04-27,99.6
8700,ES0113900J37,2022-04-29,2.752
5871,DE0008404005,2022-05-12,194.6
7929,ES0000012A89,2022-05-04,101.998512
5091,DE0006599905,2022-05-04,177.1
4832,DE0006047004,2022-05-03,54.86
6649,DE000A0H08Q4,2022-05-18,53.71
21922,GRF000023009,2022-03-03,27.8687
11283,FR0000120628,2022-05-04,25.49
10505,FI0009003305,2022-04-28,47.81
6895,DE000A0H08R2,2022-05-02,21.985
256,100974271034,2022-05-20,3.8
11530,FR0000121014,2022-04-19,631.3
24044,GRF000037009,2021-05-27,3.957
5348,DE0007100000,2022-05-03,62.02
13867,FR0013176526,2022-05-10,16.84
11025,FR0000120578,2022-05-04,101.02
4576,DE0005933956,2022-05-05,38.6
17734,GRC1451184D4,2022-05-05,100.6
2275,CH0198251305,2022-03-18,20.1
13347,FR0010315770,2022-05-04,271.38
2052,BE0974303357,2022-05-06,3.16
7415,DE000BAY0017,2022-05-06,53.53
23787,GRF000036001,2021-05-28,13.6281
7153,DE000BASF111,2022-05-02,51.58
23530,GRF000034006,2021-05-31,9.32
21118,GRF000011004,2022-01-20,4.2811
19898,GRC5211214B5,2022-04-28,95.3
10776,FR0000120271,2022-05-17,51.07
22815,GRF000030004,2021-08-20,10.6957884
13090,FR0007054358,2022-05-05,37.485
21463,GRF000014008,2022-05-23,9.5768
12844,FR0000133308,2022-05-23,11.548
9481,ES0178430E18,2022-05-10,4.77
8178,ES0000012F43,2022-04-21,94.225296
23273,GRF000032000,2021-06-01,15.6566
4318,DE0005933931,2022-05-05,118.02
15632,GR0118019679,2022-03-14,101.71
23018,GRF000031002,2021-06-04,15.5815
10249,FI0009000681,2022-05-02,4.8705
3696,DE0005552004,2021-12-08,52.89
3540,DE0002635307,2022-04-29,44.04
8968,ES0144580Y14,2022-05-13,10.63
8701,ES0113900J37,2022-05-02,2.631
5620,DE0007164600,2022-05-23,90.04
6650,DE000A0H08Q4,2022-05-19,54.37
4833,DE0006047004,2022-05-04,54.86
5092,DE0006599905,2022-05-05,175.4
21923,GRF000023009,2022-03-04,28.0041
19899,GRC5211214B5,2022-04-29,98.7
5873,DE0008404005,2022-05-16,200.2
9721,EU000A1G0D39,2022-04-14,99.873581
6896,DE000A0H08R2,2022-05-03,21.985
10506,FI0009003305,2022-04-29,47.81
24045,GRF000037009,2021-05-28,3.9979999
11284,FR0000120628,2022-05-05,25.16
257,100974271034,2022-05-23,3.7
11531,FR0000121014,2022-04-20,634.1
5349,DE0007100000,2022-05-04,62.79
13868,FR0013176526,2022-05-11,17.08
11026,FR0000120578,2022-05-05,101.02
4577,DE0005933956,2022-05-06,39.195
17735,GRC1451184D4,2022-05-06,100.7
23788,GRF000036001,2021-05-31,13.6969
2276,CH0198251305,2022-03-21,18.06
23531,GRF000034006,2021-06-01,9.32
13348,FR0010315770,2022-05-05,266.79
2053,BE0974303357,2022-05-09,2.86
21119,GRF000011004,2022-01-21,4.2551
7154,DE000BASF111,2022-05-03,47.29
22816,GRF000030004,2021-08-23,10.5996504
16654,GR0124037715,2022-02-28,85.5
8179,ES0000012F43,2022-04-22,93.733772
10777,FR0000120271,2022-05-18,47.915
13091,FR0007054358,2022-05-06,37.795
9482,ES0178430E18,2022-05-11,4.619
23274,GRF000032000,2021-06-02,15.7234
19900,GRC5211214B5,2022-05-02,97.2
15633,GR0118019679,2022-03-15,101.41
23019,GRF000031002,2021-06-07,15.5815
4319,DE0005933931,2022-05-06,119.22
3697,DE0005552004,2021-12-09,54.46
10250,FI0009000681,2022-05-03,4.9835
3541,DE0002635307,2022-05-02,44.14
20429,GRC815117CD9,2022-05-19,100.0
24302,GRF000038007,2021-05-27,1.6083
8969,ES0144580Y14,2022-05-16,10.63
7416,DE000BAY0017,2022-05-09,63.32
6651,DE000A0H08Q4,2022-05-20,55.41
21924,GRF000023009,2022-03-07,27.845
8702,ES0113900J37,2022-05-03,2.74
4834,DE0006047004,2022-05-05,54.86
5093,DE0006599905,2022-05-06,165.2
24046,GRF000037009,2021-05-31,3.9979999
6897,DE000A0H08R2,2022-05-04,21.26
5874,DE0008404005,2022-05-17,180.9
10507,FI0009003305,2022-05-02,46.66
11285,FR0000120628,2022-05-06,24.675
11532,FR0000121014,2022-04-21,631.3
23789,GRF000036001,2021-06-01,13.697155
19901,GRC5211214B5,2022-05-03,98.5
13869,FR0013176526,2022-05-12,16.81
5350,DE0007100000,2022-05-05,63.26
23532,GRF000034006,2021-06-02,9.3227
4578,DE0005933956,2022-05-09,36.89
17736,GRC1451184D4,2022-05-09,100.1
11027,FR0000120578,2022-05-06,101.02
24560,GRF000045002,2021-05-27,18.867901
2277,CH0198251305,2022-03-22,19.92
21120,GRF000011004,2022-01-24,4.2689
22817,GRF000030004,2021-08-24,10.5770283
2054,BE0974303357,2022-05-10,2.86
13349,FR0010315770,2022-05-06,263.68
8180,ES0000012F43,2022-04-25,93.351402
15634,GR0118019679,2022-03-16,101.25
23275,GRF000032000,2021-06-03,15.7634
10778,FR0000120271,2022-05-19,52.18
13092,FR0007054358,2022-05-09,37.795
24818,GRF000084001,2021-05-27,2.4644001
9483,ES0178430E18,2022-05-12,4.619
23020,GRF000031002,2021-06-08,15.6337
7155,DE000BASF111,2022-05-04,47.29
3698,DE0005552004,2021-12-10,53.56
24303,GRF000038007,2021-05-28,1.6159
20430,GRC815117CD9,2022-05-20,100.0
4320,DE0005933931,2022-05-09,118.6
10251,FI0009000681,2022-05-04,4.8675
19902,GRC5211214B5,2022-05-04,99.0
3542,DE0002635307,2022-05-03,44.12
8970,ES0144580Y14,2022-05-17,9.552
6652,DE000A0H08Q4,2022-05-23,56.2
24047,GRF000037009,2021-06-01,4.0493999
21925,GRF000023009,2022-03-08,27.4387
4835,DE0006047004,2022-05-06,54.86
5094,DE0006599905,2022-05-09,163.6
8703,ES0113900J37,2022-05-04,2.8225
6898,DE000A0H08R2,2022-05-05,22.235
23790,GRF000036001,2021-06-02,13.7163
10508,FI0009003305,2022-05-03,46.18
23533,GRF000034006,2021-06-03,9.3424
5875,DE0008404005,2022-05-18,199.1
11286,FR0000120628,2022-05-09,24.675
24561,GRF000045002,2021-05-28,19.0107
11533,FR0000121014,2022-04-22,631.2
17737,GRC1451184D4,2022-05-10,100.4
13870,FR0013176526,2022-05-13,17.65
5351,DE0007100000,2022-05-06,62.02
4579,DE0005933956,2022-05-10,37.775
22818,GRF000030004,2021-08-25,10.6553411
21121,GRF000011004,2022-01-25,4.2346
2278,CH0198251305,2022-03-23,20.02
20890,GRC8171186B7,2022-03-03,101.0
9723,EU000A1G0D39,2022-04-18,99.873581
8181,ES0000012F43,2022-04-26,93.351402
19903,GRC5211214B5,2022-05-05,96.4
2055,BE0974303357,2022-05-11,3.07
15635,GR0118019679,2022-03-17,101.89
13350,FR0010315770,2022-05-09,265.05
23276,GRF000032000,2021-06-04,15.7183
24819,GRF000084001,2021-05-28,2.4640999
23021,GRF000031002,2021-06-09,15.7332
13093,FR0007054358,2022-05-10,35.65
10779,FR0000120271,2022-05-20,51.53
9484,ES0178430E18,2022-05-13,4.619
24304,GRF000038007,2021-05-31,1.6332
7156,DE000BASF111,2022-05-05,50.37
3699,DE0005552004,2021-12-13,54.46
20431,GRC815117CD9,2022-05-23,100.0
10252,FI0009000681,2022-05-05,4.815
4321,DE0005933931,2022-05-10,118.02
3543,DE0002635307,2022-05-04,44.42
8971,ES0144580Y14,2022-05-18,10.785
24048,GRF000037009,2021-06-02,4.0504999
21926,GRF000023009,2022-03-09,27.8822
19904,GRC5211214B5,2022-05-06,97.3
4836,DE0006047004,2022-05-09,53.68
23534,GRF000034006,2021-06-04,9.2562
23791,GRF000036001,2021-06-03,13.6926
5095,DE0006599905,2022-05-10,179.2
24562,GRF000045002,2021-05-31,18.960199
6899,DE000A0H08R2,2022-05-06,21.89
8704,ES0113900J37,2022-05-05,2.772
10509,FI0009003305,2022-05-04,46.41
22819,GRF000030004,2021-08-26,10.6463909
5876,DE0008404005,2022-05-19,199.1
17738,GRC1451184D4,2022-05-11,100.6
11287,FR0000120628,2022-05-10,22.565
11534,FR0000121014,2022-04-25,634.1
13871,FR0013176526,2022-05-16,16.81
5352,DE0007100000,2022-05-09,62.82
4580,DE0005933956,2022-05-11,37.775
20891,GRC8171186B7,2022-03-04,100.0
15636,GR0118019679,2022-03-18,101.89
694,AU3CB0258465,2022-02-01,64.901398
23277,GRF000032000,2021-06-07,15.7654
9724,EU000A1G0D39,2022-04-19,100.055046
25076,GRF000093002,2021-05-27,12.9446
24820,GRF000084001,2021-05-31,2.4644001
2056,BE0974303357,2022-05-12,3.04
13351,FR0010315770,2022-05-10,263.35
8182,ES0000012F43,2022-04-27,93.351402
2279,CH0198251305,2022-03-24,20.02
23022,GRF000031002,2021-06-10,15.7405
13094,FR0007054358,2022-05-11,37.485
10780,FR0000120271,2022-05-23,49.105
19905,GRC5211214B5,2022-05-09,98.9
24305,GRF000038007,2021-06-01,1.6431
9485,ES0178430E18,2022-05-16,4.777
3700,DE0005552004,2021-12-14,53.56
10253,FI0009000681,2022-05-06,4.855
4322,DE0005933931,2022-05-11,114.62
3544,DE0002635307,2022-05-05,44.81
24049,GRF000037009,2021-06-03,3.9991
7157,DE000BASF111,2022-05-06,47.29
8972,ES0144580Y14,2022-05-19,10.79
21927,GRF000023009,2022-03-10,27.7517
23535,GRF000034006,2021-06-07,9.3453
23792,GRF000036001,2021-06-04,13.7282
24563,GRF000045002,2021-06-01,19.01342
4837,DE0006047004,2022-05-10,54.86
22820,GRF000030004,2021-08-27,10.6259317
5096,DE0006599905,2022-05-11,172.0
6900,DE000A0H08R2,2022-05-09,21.335
17739,GRC1451184D4,2022-05-12,100.0
8705,ES0113900J37,2022-05-06,2.6895
10510,FI0009003305,2022-05-05,46.24
15637,GR0118019679,2022-03-21,101.6
19906,GRC5211214B5,2022-05-10,97.3
11535,FR0000121014,2022-04-26,634.1
11288,FR0000120628,2022-05-11,22.47
13872,FR0013176526,2022-05-17,16.81
23278,GRF000032000,2021-06-08,15.7834
20892,GRC8171186B7,2022-03-07,99.0
5353,DE0007100000,2022-05-10,62.79
4581,DE0005933956,2022-05-12,38.885
9725,EU000A1G0D39,2022-04-20,99.873581
24821,GRF000084001,2021-06-01,2.4985001
7417,DE000BAY0017,2022-05-10,65.25
25077,GRF000093002,2021-05-28,12.8286
23023,GRF000031002,2021-06-11,15.8638
2057,BE0974303357,2022-05-13,2.86
2280,CH0198251305,2022-03-25,19.11
13352,FR0010315770,2022-05-11,258.71
8183,ES0000012F43,2022-04-28,93.351402
24306,GRF000038007,2021-06-02,1.6513
7935,ES0000012A89,2022-05-12,100.536713
13095,FR0007054358,2022-05-12,38.59
3701,DE0005552004,2021-12-15,53.48
9486,ES0178430E18,2022-05-17,4.777
5878,DE0008404005,2022-05-23,203.1
24050,GRF000037009,2021-06-04,3.9991
19907,GRC5211214B5,2022-05-11,98.9
10254,FI0009000681,2022-05-09,4.861
3545,DE0002635307,2022-05-06,44.42
4323,DE0005933931,2022-05-12,114.9
9968,EU000A1U9985,2022-03-30,100.233086
8973,ES0144580Y14,2022-05-20,10.885
23536,GRF000034006,2021-06-08,9.326
25334,GRF000153004,2021-05-27,21.37
23793,GRF000036001,2021-06-07,13.7499
21928,GRF000023009,2022-03-11,27.4955
24564,GRF000045002,2021-06-02,19.013165
22821,GRF000030004,2021-08-30,10.6478958
4838,DE0006047004,2022-05-11,54.86
15638,GR0118019679,2022-03-22,101.58
7158,DE000BASF111,2022-05-09,68.03
5097,DE0006599905,2022-05-12,172.1
6901,DE000A0H08R2,2022-05-10,20.675
17740,GRC1451184D4,2022-05-13,100.3
23279,GRF000032000,2021-06-09,15.7834
10511,FI0009003305,2022-05-06,44.94
20893,GRC8171186B7,2022-03-08,100.4
11536,FR0000121014,2022-04-27,653.4
8706,ES0113900J37,2022-05-09,2.6505
13873,FR0013176526,2022-05-18,17.08
11289,FR0000120628,2022-05-12,22.47
9726,EU000A1G0D39,2022-04-21,99.873581
24822,GRF000084001,2021-06-02,2.4985
5354,DE0007100000,2022-05-11,62.79
4582,DE0005933956,2022-05-13,37.485
23024,GRF000031002,2021-06-14,15.9264
19908,GRC5211214B5,2022-05-12,98.3
24307,GRF000038007,2021-06-03,1.6469
25078,GRF000093002,2021-05-31,12.9292
2281,CH0198251305,2022-03-28,18.06
2058,BE0974303357,2022-05-16,3.12
13353,FR0010315770,2022-05-12,254.5
8184,ES0000012F43,2022-04-29,93.351402
13096,FR0007054358,2022-05-13,39.045
3702,DE0005552004,2021-12-16,53.88
9487,ES0178430E18,2022-05-18,4.619
24051,GRF000037009,2021-06-07,4.0514002
23537,GRF000034006,2021-06-09,9.3734
9969,EU000A1U9985,2022-03-31,100.217148
10255,FI0009000681,2022-05-10,4.4245
23794,GRF000036001,2021-06-08,13.6584
3546,DE0002635307,2022-05-09,42.9
25335,GRF000153004,2021-05-28,21.79
4324,DE0005933931,2022-05-13,118.02
8974,ES0144580Y14,2022-05-23,11.1
24565,GRF000045002,2021-06-03,18.790501
21929,GRF000023009,2022-03-14,27.4808
22822,GRF000030004,2021-08-31,10.6129274
15639,GR0118019679,2022-03-23,101.25
19909,GRC5211214B5,2022-05-13,98.8
23280,GRF000032000,2021-06-10,15.7821
4839,DE0006047004,2022-05-12,54.86
17741,GRC1451184D4,2022-05-16,100.0
6902,DE000A0H08R2,2022-05-11,21.155
5098,DE0006599905,2022-05-13,160.2
20894,GRC8171186B7,2022-03-09,100.0
24823,GRF000084001,2021-06-03,2.4655
10512,FI0009003305,2022-05-09,46.66
9727,EU000A1G0D39,2022-04-22,99.940056
11537,FR0000121014,2022-04-28,624.7
13874,FR0013176526,2022-05-19,16.81
23025,GRF000031002,2021-06-15,15.9337
11290,FR0000120628,2022-05-13,22.655
4583,DE0005933956,2022-05-16,38.885
8707,ES0113900J37,2022-05-10,2.6
5355,DE0007100000,2022-05-12,62.7
7159,DE000BASF111,2022-05-10,58.05
24308,GRF000038007,2021-06-04,1.6155
8185,ES0000012F43,2022-05-02,93.108986
2282,CH0198251305,2022-03-29,18.06
2059,BE0974303357,2022-05-17,3.16
25079,GRF000093002,2021-06-01,12.9258
13354,FR0010315770,2022-05-13,261.55
3703,DE0005552004,2021-12-17,53.82
13097,FR0007054358,2022-05-16,37.44
24052,GRF000037009,2021-06-08,4.0903001
19910,GRC5211214B5,2022-05-16,98.3
23538,GRF000034006,2021-06-10,9.2562
9488,ES0178430E18,2022-05-19,4.778
23795,GRF000036001,2021-06-09,13.7622
25336,GRF000153004,2021-05-31,21.62
24566,GRF000045002,2021-06-04,18.790501
22823,GRF000030004,2021-09-01,10.6135473
10256,FI0009000681,2022-05-11,4.5315
3547,DE0002635307,2022-05-10,44.83
15640,GR0118019679,2022-03-24,101.0
4325,DE0005933931,2022-05-16,115.66
21930,GRF000023009,2022-03-15,27.2985
7418,DE000BAY0017,2022-05-11,61.78
7936,ES0000012A89,2022-05-13,101.310287
23281,GRF000032000,2021-06-11,15.7815
17742,GRC1451184D4,2022-05-17,99.9
4840,DE0006047004,2022-05-13,50.79
24824,GRF000084001,2021-06-04,2.5084
25592,GRK014011008,2021-05-27,55.0
20895,GRC8171186B7,2022-03-10,100.0
6903,DE000A0H08R2,2022-05-12,20.785
5099,DE0006599905,2022-05-16,159.8
9728,EU000A1G0D39,2022-04-25,99.719536
23026,GRF000031002,2021-06-16,15.8721
10513,FI0009003305,2022-05-10,46.4
11538,FR0000121014,2022-04-29,624.7
13875,FR0013176526,2022-05-20,17.95
8186,ES0000012F43,2022-05-03,92.956352
4584,DE0005933956,2022-05-17,37.71
24309,GRF000038007,2021-06-07,1.6155
19911,GRC5211214B5,2022-05-17,97.5
5356,DE0007100000,2022-05-13,62.7
11291,FR0000120628,2022-05-16,23.005
8708,ES0113900J37,2022-05-11,2.6895
7160,DE000BASF111,2022-05-11,64.81
2283,CH0198251305,2022-03-30,19.17
2060,BE0974303357,2022-05-18,3.23
13355,FR0010315770,2022-05-16,261.55
3704,DE0005552004,2021-12-20,53.73
24053,GRF000037009,2021-06-09,4.0686002
25080,GRF000093002,2021-06-02,12.9509
23539,GRF000034006,2021-06-11,9.2562
13098,FR0007054358,2022-05-17,36.535
23796,GRF000036001,2021-06-10,13.7715
25337,GRF000153004,2021-06-01,21.06
9489,ES0178430E18,2022-05-20,4.78
22824,GRF000030004,2021-09-02,10.6135473
24567,GRF000045002,2021-06-07,18.790501
15641,GR0118019679,2022-03-25,101.0
9971,EU000A1U9985,2022-04-04,100.217148
10257,FI0009000681,2022-05-12,4.4665
3548,DE0002635307,2022-05-11,42.06
23282,GRF000032000,2021-06-14,15.7654
4326,DE0005933931,2022-05-17,121.74
21931,GRF000023009,2022-03-16,27.6003
19912,GRC5211214B5,2022-05-18,97.5
24825,GRF000084001,2021-06-07,2.5088
25593,GRK014011008,2021-05-28,55.0
17743,GRC1451184D4,2022-05-18,100.3
20896,GRC8171186B7,2022-03-11,100.0
23027,GRF000031002,2021-06-17,15.7957
9729,EU000A1G0D39,2022-04-26,99.816238
6904,DE000A0H08R2,2022-05-13,20.675
8187,ES0000012F43,2022-05-04,93.038574
24310,GRF000038007,2021-06-08,1.6507
10514,FI0009003305,2022-05-11,46.4
11539,FR0000121014,2022-05-02,607.3
13876,FR0013176526,2022-05-23,18.83
4841,DE0006047004,2022-05-16,49.62
4585,DE0005933956,2022-05-18,37.71
5357,DE0007100000,2022-05-16,64.25
11292,FR0000120628,2022-05-17,23.005
5100,DE0006599905,2022-05-17,163.6
8709,ES0113900J37,2022-05-12,2.693
2284,CH0198251305,2022-03-31,18.06
23540,GRF000034006,2021-06-14,9.2562
24054,GRF000037009,2021-06-10,4.0903001
2061,BE0974303357,2022-05-19,3.24
3705,DE0005552004,2021-12-21,53.82
19913,GRC5211214B5,2022-05-19,97.0
23797,GRF000036001,2021-06-11,13.7622
13356,FR0010315770,2022-05-17,256.06
13099,FR0007054358,2022-05-18,37.44
22825,GRF000030004,2021-09-03,10.5738535
25338,GRF000153004,2021-06-02,22.2
24568,GRF000045002,2021-06-08,19.129999
25081,GRF000093002,2021-06-03,12.8931
7161,DE000BASF111,2022-05-12,48.72
9972,EU000A1U9985,2022-04-05,100.257942
9490,ES0178430E18,2022-05-23,4.778
23283,GRF000032000,2021-06-15,15.7654
10258,FI0009000681,2022-05-13,4.5025
3549,DE0002635307,2022-05-12,42.42
4327,DE0005933931,2022-05-18,120.08
21932,GRF000023009,2022-03-17,27.3491
24826,GRF000084001,2021-06-08,2.5006
25594,GRK014011008,2021-05-31,59.0
7419,DE000BAY0017,2022-05-12,57.03
8188,ES0000012F43,2022-05-05,92.466766
17744,GRC1451184D4,2022-05-19,100.4
23028,GRF000031002,2021-06-18,15.8044
20897,GRC8171186B7,2022-03-14,99.8
9730,EU000A1G0D39,2022-04-27,99.863831
24311,GRF000038007,2021-06-09,1.6519
6905,DE000A0H08R2,2022-05-16,21.725
19914,GRC5211214B5,2022-05-20,97.1
7937,ES0000012A89,2022-05-16,100.823364
10515,FI0009003305,2022-05-12,46.4
11540,FR0000121014,2022-05-03,616.6
4586,DE0005933956,2022-05-19,37.285
4842,DE0006047004,2022-05-17,52.08
5358,DE0007100000,2022-05-17,62.79
11293,FR0000120628,2022-05-18,23.005
23541,GRF000034006,2021-06-15,9.2562
8710,ES0113900J37,2022-05-13,2.955
24055,GRF000037009,2021-06-11,4.1265001
23798,GRF000036001,2021-06-14,13.7692
3706,DE0005552004,2021-12-22,54.2
5101,DE0006599905,2022-05-18,172.1
25850,GRS001003037,2021-05-27,11.52
22826,GRF000030004,2021-09-06,10.5738535
2062,BE0974303357,2022-05-20,3.32
24569,GRF000045002,2021-06-09,19.129999
25339,GRF000153004,2021-06-03,22.1
13100,FR0007054358,2022-05-19,37.845
13357,FR0010315770,2022-05-18,257.92
2285,CH0198251305,2022-04-01,29.82
23284,GRF000032000,2021-06-16,15.7654
25082,GRF000093002,2021-06-04,12.923
19915,GRC5211214B5,2022-05-23,97.0
10259,FI0009000681,2022-05-16,4.6985
24827,GRF000084001,2021-06-09,2.5214
9973,EU000A1U9985,2022-04-06,100.217148
3550,DE0002635307,2022-05-13,43.07
25595,GRK014011008,2021-06-01,59.0
8189,ES0000012F43,2022-05-06,92.196457
7162,DE000BASF111,2022-05-13,48.72
23029,GRF000031002,2021-06-21,15.7018
17745,GRC1451184D4,2022-05-20,100.4
20898,GRC8171186B7,2022-03-15,99.8
9731,EU000A1G0D39,2022-04-28,99.719536
24312,GRF000038007,2021-06-10,1.6348
26108,GRS003003035,2021-05-27,2.547
21934,GRF000023009,2022-03-21,27.3951
4330,DE0005933931,2022-05-23,118.22
7420,DE000BAY0017,2022-05-13,60.22
6906,DE000A0H08R2,2022-05-17,21.625
11541,FR0000121014,2022-05-04,624.7
10516,FI0009003305,2022-05-13,41.19
4843,DE0006047004,2022-05-18,52.12
4587,DE0005933956,2022-05-20,37.235
23542,GRF000034006,2021-06-16,9.2562
5359,DE0007100000,2022-05-18,65.26
24056,GRF000037009,2021-06-14,4.0802002
11294,FR0000120628,2022-05-19,23.42
23799,GRF000036001,2021-06-15,13.7622
25851,GRS001003037,2021-05-28,7.8
22827,GRF000030004,2021-09-07,10.5304232
24570,GRF000045002,2021-06-10,19.129999
3707,DE0005552004,2021-12-23,54.45
8711,ES0113900J37,2022-05-16,3.157
25340,GRF000153004,2021-06-04,22.2
2063,BE0974303357,2022-05-23,3.31
23285,GRF000032000,2021-06-17,15.8879
13101,FR0007054358,2022-05-20,37.845
13358,FR0010315770,2022-05-19,258.07
2286,CH0198251305,2022-04-04,18.06
24828,GRF000084001,2021-06-10,2.5223
25083,GRF000093002,2021-06-07,12.9467
8190,ES0000012F43,2022-05-09,91.419556
25596,GRK014011008,2021-06-02,58.5
10260,FI0009000681,2022-05-17,4.6985
15644,GR0118019679,2022-03-30,101.0
23030,GRF000031002,2021-06-22,15.82154
3551,DE0002635307,2022-05-16,43.17
24313,GRF000038007,2021-06-11,1.6531
17746,GRC1451184D4,2022-05-23,100.4
20899,GRC8171186B7,2022-03-16,99.8
9732,EU000A1G0D39,2022-04-29,99.719536
26109,GRS003003035,2021-05-28,2.37
7163,DE000BASF111,2022-05-16,48.72
6907,DE000A0H08R2,2022-05-18,20.675
21935,GRF000023009,2022-03-22,27.3951
23543,GRF000034006,2021-06-17,9.3918
11542,FR0000121014,2022-05-05,590.0
10517,FI0009003305,2022-05-16,45.59
5102,DE0006599905,2022-05-19,159.8
24057,GRF000037009,2021-06-15,4.0802002
4588,DE0005933956,2022-05-23,37.235
4844,DE0006047004,2022-05-19,52.58
5360,DE0007100000,2022-05-19,64.01
23800,GRF000036001,2021-06-16,13.7622
22828,GRF000030004,2021-09-08,10.5607376
24571,GRF000045002,2021-06-11,19.153999
11295,FR0000120628,2022-05-20,23.045
26366,GRS004013009,2021-05-27,15.2
25341,GRF000153004,2021-06-07,22.2
3708,DE0005552004,2021-12-24,54.96
25852,GRS001003037,2021-05-31,7.8
23286,GRF000032000,2021-06-18,15.6382
8712,ES0113900J37,2022-05-17,2.9294
7421,DE000BAY0017,2022-05-16,61.32
13102,FR0007054358,2022-05-23,37.34
8191,ES0000012F43,2022-05-10,91.801628
24829,GRF000084001,2021-06-11,2.5215
25597,GRK014011008,2021-06-03,59.5
7938,ES0000012A89,2022-05-17,100.823364
13359,FR0010315770,2022-05-20,269.04
23031,GRF000031002,2021-06-23,15.5299
10261,FI0009000681,2022-05-18,4.758
25084,GRF000093002,2021-06-08,12.8634
24314,GRF000038007,2021-06-14,1.6545
15645,GR0118019679,2022-03-31,101.0
2287,CH0198251305,2022-04-05,18.06
26110,GRS003003035,2021-05-31,2.626
20900,GRC8171186B7,2022-03-17,100.3
9733,EU000A1G0D39,2022-05-02,99.648743
9975,EU000A1U9985,2022-04-08,100.254524
3552,DE0002635307,2022-05-17,46.97
26626,GRS014003032,2021-05-31,1.49
23544,GRF000034006,2021-06-18,9.3918
21936,GRF000023009,2022-03-23,27.6736
6908,DE000A0H08R2,2022-05-19,20.405
7164,DE000BASF111,2022-05-17,48.71
24058,GRF000037009,2021-06-16,4.1023002
11543,FR0000121014,2022-05-06,628.9
23801,GRF000036001,2021-06-17,13.8169
10518,FI0009003305,2022-05-17,46.3
22829,GRF000030004,2021-09-09,10.583066
24572,GRF000045002,2021-06-14,19.153999
4845,DE0006047004,2022-05-20,51.24
5361,DE0007100000,2022-05-20,62.82
25342,GRF000153004,2021-06-08,21.96
23287,GRF000032000,2021-06-21,15.9005
3709,DE0005552004,2021-12-27,54.96
11296,FR0000120628,2022-05-23,23.12
25853,GRS001003037,2021-06-01,7.8
26882,GRS015003007,2021-05-27,1.039
8192,ES0000012F43,2022-05-11,92.484406
26370,GRS004013009,2021-06-02,15.3
8713,ES0113900J37,2022-05-18,2.778
24830,GRF000084001,2021-06-14,2.5035
25598,GRK014011008,2021-06-04,55.0
15646,GR0118019679,2022-04-01,101.2
23032,GRF000031002,2021-06-24,15.4401
24315,GRF000038007,2021-06-15,1.6413
5103,DE0006599905,2022-05-20,168.1
10262,FI0009000681,2022-05-19,4.758
26111,GRS003003035,2021-06-01,2.71
27140,GRS045003001,2021-05-27,0.22
13360,FR0010315770,2022-05-23,249.71
9734,EU000A1G0D39,2022-05-03,99.648743
20901,GRC8171186B7,2022-03-18,100.0
25085,GRF000093002,2021-06-09,12.8634
9976,EU000A1U9985,2022-04-11,100.212456
26627,GRS014003032,2021-06-01,1.487
23545,GRF000034006,2021-06-21,9.3634
3553,DE0002635307,2022-05-18,46.0
21937,GRF000023009,2022-03-24,27.2985
24059,GRF000037009,2021-06-17,4.1532998
2288,CH0198251305,2022-04-06,28.8
6909,DE000A0H08R2,2022-05-20,21.23
22830,GRF000030004,2021-09-10,10.5908222
23802,GRF000036001,2021-06-18,13.8312
7422,DE000BAY0017,2022-05-17,62.93
24573,GRF000045002,2021-06-15,19.153999
7165,DE000BASF111,2022-05-18,49.33
11544,FR0000121014,2022-05-09,561.9
10519,FI0009003305,2022-05-18,46.3
23288,GRF000032000,2021-06-22,15.9005
25343,GRF000153004,2021-06-09,22.62
4846,DE0006047004,2022-05-23,51.84
5362,DE0007100000,2022-05-23,65.54
25854,GRS001003037,2021-06-02,9.792
3710,DE0005552004,2021-12-28,55.85
8193,ES0000012F43,2022-05-12,94.371231
26883,GRS015003007,2021-05-28,1.039
24831,GRF000084001,2021-06-15,2.5
25599,GRK014011008,2021-06-07,56.7
26371,GRS004013009,2021-06-03,15.1
8714,ES0113900J37,2022-05-19,3.1345
15647,GR0118019679,2022-04-04,101.0
23033,GRF000031002,2021-06-25,15.4401
24316,GRF000038007,2021-06-16,1.642
27141,GRS045003001,2021-05-28,0.22
26112,GRS003003035,2021-06-02,2.737
10263,FI0009000681,2022-05-20,4.7195
20902,GRC8171186B7,2022-03-21,99.9
9735,EU000A1G0D39,2022-05-04,99.646538
25086,GRF000093002,2021-06-10,12.9939
23546,GRF000034006,2021-06-22,9.40134
9977,EU000A1U9985,2022-04-12,100.206841
