query_index,col_item,col_timestamp,col_rating
0,100974271034,2020-03-02,2.9
1,100974271034,2020-03-03,2.9
2,100974271034,2020-03-04,2.9
3,100974271034,2020-03-05,2.6
4,100974271034,2020-03-06,2.6
5,100974271034,2020-03-09,2.5
6,100974271034,2020-03-10,2.0
7,100974271034,2020-03-11,2.0
8,100974271034,2020-03-12,2.1
9,100974271034,2020-03-13,2.0
10,100974271034,2020-03-16,1.7
11,100974271034,2020-03-17,1.6
12,100974271034,2020-03-18,1.7
13,100974271034,2020-03-19,1.7
14,100974271034,2020-03-20,1.6
15,100974271034,2020-03-23,1.6
16,100974271034,2020-03-24,2.0
17,100974271034,2020-03-25,1.6
18,100974271034,2020-03-26,1.6
19,100974271034,2020-03-27,1.7
20,100974271034,2020-03-30,1.6
21,100974271034,2020-03-31,1.6
22,100974271034,2020-04-01,1.6
23,100974271034,2020-04-02,1.6
24,100974271034,2020-04-03,1.5
25,100974271034,2020-04-06,1.5
26,100974271034,2020-04-07,1.6
27,100974271034,2020-04-08,1.8
29,100974271034,2020-04-10,1.5
30,100974271034,2020-04-13,1.9
31,100974271034,2020-04-14,1.968
32,100974271034,2020-04-15,1.968
33,100974271034,2020-04-16,1.948
34,100974271034,2020-04-17,1.783
35,100974271034,2020-04-20,1.95
36,100974271034,2020-04-21,2.09
37,100974271034,2020-04-22,2.2
38,100974271034,2020-04-23,2.2
39,100974271034,2020-04-24,2.2
40,100974271034,2020-04-27,1.83
41,100974271034,2020-04-28,1.95
42,100974271034,2020-04-29,1.95
43,100974271034,2020-04-30,1.83
44,100974271034,2020-05-01,2.5
45,100974271034,2020-05-04,2.35
46,100974271034,2020-05-05,2.15
47,100974271034,2020-05-06,2.15
48,100974271034,2020-05-07,2.15
49,100974271034,2020-05-08,2.35
50,100974271034,2020-05-11,2.32
51,100974271034,2020-05-12,2.16
52,100974271034,2020-05-13,2.34
53,100974271034,2020-05-14,2.18
54,100974271034,2020-05-15,2.3
55,100974271034,2020-05-18,2.17
56,100974271034,2020-05-19,2.18
57,100974271034,2020-05-20,2.14
58,100974271034,2020-05-21,2.32
59,100974271034,2020-05-22,2.3
60,100974271034,2020-05-25,2.29
61,100974271034,2020-05-26,2.33
62,100974271034,2020-05-27,2.14
63,100974271034,2020-05-28,2.24
64,100974271034,2020-05-29,2.41
65,100974271034,2020-06-01,2.38
66,100974271034,2020-06-02,2.41
67,100974271034,2020-06-03,2.42
68,100974271034,2020-06-04,2.38
69,100974271034,2020-06-05,2.15
70,100974271034,2020-06-08,2.5
71,100974271034,2020-06-09,2.16
72,100974271034,2020-06-10,2.18
73,100974271034,2020-06-11,2.48
74,100974271034,2020-06-12,2.29
75,100974271034,2020-06-15,2.29
76,100974271034,2020-06-16,2.3
77,100974271034,2020-06-17,2.4
78,100974271034,2020-06-18,2.29
79,100974271034,2020-06-19,2.29
80,100974271034,2020-06-22,2.29
81,100974271034,2020-06-23,2.44
82,100974271034,2020-06-24,2.47
83,100974271034,2020-06-25,2.53
84,100974271034,2020-06-26,2.39
85,100974271034,2020-06-29,2.44
86,100974271034,2020-06-30,2.39
87,100974271034,2020-07-01,2.29
88,100974271034,2020-07-02,2.53
89,100974271034,2020-07-03,2.53
90,100974271034,2020-07-06,2.53
91,100974271034,2020-07-07,2.4
92,100974271034,2020-07-08,2.29
93,100974271034,2020-07-09,2.34
94,100974271034,2020-07-10,2.3
95,100974271034,2020-07-13,2.3
96,100974271034,2020-07-14,2.27
97,100974271034,2020-07-15,2.29
98,100974271034,2020-07-16,2.33
99,100974271034,2020-07-17,2.42
100,100974271034,2020-07-20,2.45
101,100974271034,2020-07-21,2.42
102,100974271034,2020-07-22,2.39
103,100974271034,2020-07-23,2.42
104,100974271034,2020-07-24,2.39
105,100974271034,2020-07-27,2.38
106,100974271034,2020-07-28,2.39
107,100974271034,2020-07-29,2.33
108,100974271034,2020-07-30,2.35
109,100974271034,2020-07-31,2.42
110,100974271034,2020-08-03,2.5
111,100974271034,2020-08-04,2.4
112,100974271034,2020-08-05,2.33
113,100974271034,2020-08-06,2.45
114,100974271034,2020-08-07,2.44
115,100974271034,2020-08-10,2.29
116,100974271034,2020-08-11,2.32
117,100974271034,2020-08-12,2.3
118,100974271034,2020-08-13,2.37
119,100974271034,2020-08-14,2.47
120,100974271034,2020-08-17,2.24
121,100974271034,2020-08-18,2.24
122,100974271034,2020-08-19,2.26
123,100974271034,2020-08-20,2.47
124,100974271034,2020-08-21,2.42
125,100974271034,2020-08-24,2.25
126,100974271034,2020-08-25,2.34
127,100974271034,2020-08-26,2.3
128,100974271034,2020-08-27,2.32
129,100974271034,2020-08-28,2.31
130,100974271034,2020-08-31,2.26
131,100974271034,2020-09-01,2.29
132,100974271034,2020-09-02,2.32
133,100974271034,2020-09-03,2.34
134,100974271034,2020-09-04,2.32
135,100974271034,2020-09-07,2.29
136,100974271034,2020-09-08,2.27
137,100974271034,2020-09-09,2.33
138,100974271034,2020-09-10,2.24
139,100974271034,2020-09-11,2.26
140,100974271034,2020-09-14,2.34
141,100974271034,2020-09-15,2.42
142,100974271034,2020-09-16,2.56
143,100974271034,2020-09-17,2.54
144,100974271034,2020-09-18,2.75
145,100974271034,2020-09-21,2.69
146,100974271034,2020-09-22,2.48
147,100974271034,2020-09-23,2.43
148,100974271034,2020-09-24,2.5
149,100974271034,2020-09-25,2.5
150,100974271034,2020-09-28,2.5
151,100974271034,2020-09-29,2.4
152,100974271034,2020-09-30,2.5
153,100974271034,2020-10-01,2.5
154,100974271034,2020-10-02,2.8
155,100974271034,2020-10-05,2.9
156,100974271034,2020-10-06,3.0
157,100974271034,2020-10-07,2.4
158,100974271034,2020-10-08,2.9
159,100974271034,2020-10-09,2.9
160,100974271034,2020-10-12,2.9
161,100974271034,2020-10-13,2.8
162,100974271034,2020-10-14,3.0
163,100974271034,2020-10-15,2.8
164,100974271034,2020-10-16,2.9
165,100974271034,2020-10-19,3.0
166,100974271034,2020-10-20,2.8
167,100974271034,2020-10-21,2.8
168,100974271034,2020-10-22,2.9
169,100974271034,2020-10-23,2.7
170,100974271034,2020-10-26,3.0
171,100974271034,2020-10-27,2.8
172,100974271034,2020-10-28,2.7
173,100974271034,2020-10-29,2.4
174,100974271034,2020-10-30,3.0
175,100974271034,2020-11-02,2.8
176,100974271034,2020-11-03,2.7
177,100974271034,2020-11-04,2.8
178,100974271034,2020-11-05,2.81
179,100974271034,2020-11-06,2.8
180,100974271034,2020-11-09,2.88
181,100974271034,2020-11-10,3.1
182,100974271034,2020-11-11,3.26
183,100974271034,2020-11-12,3.26
184,100974271034,2020-11-13,3.1
185,100974271034,2020-11-16,3.78
186,100974271034,2020-11-17,3.1
187,100974271034,2020-11-18,3.93
188,100974271034,2020-11-19,3.98
189,100974271034,2020-11-20,3.98
190,100974271034,2020-11-23,3.98
191,100974271034,2020-11-24,3.0
192,100974271034,2020-11-25,2.5
193,100974271034,2020-11-26,3.83
194,100974271034,2020-11-27,3.83
195,100974271034,2020-11-30,3.78
196,100974271034,2020-12-01,3.35
197,100974271034,2020-12-02,3.56
198,100974271034,2020-12-03,3.57
199,100974271034,2020-12-04,3.68
200,100974271034,2020-12-07,2.45
201,100974271034,2020-12-08,3.79
202,100974271034,2020-12-09,3.8
203,100974271034,2020-12-10,3.8
204,100974271034,2020-12-11,3.68
205,100974271034,2020-12-14,3.66
206,100974271034,2020-12-15,3.7
207,100974271034,2020-12-16,3.76
208,100974271034,2020-12-17,3.71
209,100974271034,2020-12-18,3.76
210,100974271034,2020-12-21,3.78
211,100974271034,2020-12-22,3.66
212,100974271034,2020-12-23,3.4
213,100974271034,2020-12-24,3.5
214,100974271034,2020-12-28,3.7
215,100974271034,2020-12-29,3.71
216,100974271034,2020-12-30,3.73
217,100974271034,2020-12-31,3.7
218,100974271034,2021-01-01,3.65
219,100974271034,2021-01-04,3.74
220,100974271034,2021-01-05,3.7
221,100974271034,2021-01-06,3.7
222,100974271034,2021-01-07,3.6
223,100974271034,2021-01-08,3.6
224,100974271034,2021-01-11,3.8
225,100974271034,2021-01-12,3.4
226,100974271034,2021-01-13,3.4
227,100974271034,2021-01-14,3.6
228,100974271034,2021-01-15,3.5
229,100974271034,2021-01-18,3.5
230,100974271034,2021-01-19,3.4
231,100974271034,2021-01-20,3.5
232,100974271034,2021-01-21,3.7
233,100974271034,2021-01-22,3.7
234,100974271034,2021-01-25,3.8
235,100974271034,2021-01-26,3.5
236,100974271034,2021-01-27,3.5
237,100974271034,2021-01-28,3.4
238,100974271034,2021-01-29,3.4
239,100974271034,2021-02-01,3.3
240,100974271034,2021-02-02,3.3
241,100974271034,2021-02-03,3.4
242,100974271034,2021-02-04,3.3
243,100974271034,2021-02-05,3.3
244,100974271034,2021-02-08,3.3
245,100974271034,2021-02-09,3.4
246,100974271034,2021-02-10,3.3
247,100974271034,2021-02-11,3.4
248,100974271034,2021-02-12,3.4
249,100974271034,2021-02-15,3.4
250,100974271034,2021-02-16,3.4
251,100974271034,2021-02-17,3.6
252,100974271034,2021-02-18,3.6
253,100974271034,2021-02-19,3.7
254,100974271034,2021-02-22,3.6
255,100974271034,2021-02-23,3.5
256,100974271034,2021-02-24,3.8
257,100974271034,2021-02-25,3.8
258,100974271034,2021-02-26,3.8
259,AU3CB0258465,2020-03-02,65.035195
260,AU3CB0258465,2020-03-03,65.728592
261,AU3CB0258465,2020-03-04,65.783537
262,AU3CB0258465,2020-03-05,63.384274
263,AU3CB0258465,2020-03-06,63.353104
264,AU3CB0258465,2020-03-09,63.579002
28,100974271034,2020-04-09,2.0
268,AU3CB0258465,2020-03-13,61.143036
269,AU3CB0258465,2020-03-16,59.306328
270,AU3CB0258465,2020-03-17,58.601669
271,AU3CB0258465,2020-03-18,57.861637
272,AU3CB0258465,2020-03-19,57.399689
273,AU3CB0258465,2020-03-20,57.399689
274,AU3CB0258465,2020-03-23,57.143021
275,AU3CB0258465,2020-03-24,57.097073
276,AU3CB0258465,2020-03-25,56.201458
277,AU3CB0258465,2020-03-26,56.201458
278,AU3CB0258465,2020-03-27,57.097073
279,AU3CB0258465,2020-03-30,58.213123
280,AU3CB0258465,2020-03-31,59.306328
281,AU3CB0258465,2020-04-01,59.169872
282,AU3CB0258465,2020-04-02,56.201458
283,AU3CB0258465,2020-04-03,61.143036
284,AU3CB0258465,2020-04-06,61.159695
285,AU3CB0258465,2020-04-07,58.943905
286,AU3CB0258465,2020-04-08,59.392059
288,AU3CB0258465,2020-04-10,61.090546
289,AU3CB0258465,2020-04-13,61.605034
290,AU3CB0258465,2020-04-14,61.605034
292,AU3CB0258465,2020-04-16,62.735516
291,AU3CB0258465,2020-04-15,62.577911
293,AU3CB0258465,2020-04-17,61.77734
294,AU3CB0258465,2020-04-20,62.90398
295,AU3CB0258465,2020-04-21,62.693974
297,AU3CB0258465,2020-04-23,62.230663
296,AU3CB0258465,2020-04-22,62.764404
298,AU3CB0258465,2020-04-24,62.508808
300,AU3CB0258465,2020-04-28,63.518784
299,AU3CB0258465,2020-04-27,63.518784
301,AU3CB0258465,2020-04-29,63.964417
302,AU3CB0258465,2020-04-30,64.543533
303,AU3CB0258465,2020-05-01,64.543533
304,AU3CB0258465,2020-05-04,63.753757
305,AU3CB0258465,2020-05-05,62.681267
306,AU3CB0258465,2020-05-06,63.499935
307,AU3CB0258465,2020-05-07,63.929447
308,AU3CB0258465,2020-05-08,63.756435
309,AU3CB0258465,2020-05-11,64.875427
310,AU3CB0258465,2020-05-12,65.173874
311,AU3CB0258465,2020-05-13,65.173874
312,AU3CB0258465,2020-05-14,64.280136
313,AU3CB0258465,2020-05-15,64.280136
314,AU3CB0258465,2020-05-18,63.756435
315,AU3CB0258465,2020-05-19,64.159363
316,AU3CB0258465,2020-05-20,64.53199
317,AU3CB0258465,2020-05-21,64.875427
318,AU3CB0258465,2020-05-22,64.875427
319,AU3CB0258465,2020-05-25,63.441372
320,AU3CB0258465,2020-05-26,63.441372
321,AU3CB0258465,2020-05-27,64.821503
322,AU3CB0258465,2020-05-28,64.821503
323,AU3CB0258465,2020-05-29,64.854233
324,AU3CB0258465,2020-06-01,63.441372
325,AU3CB0258465,2020-06-02,64.676537
326,AU3CB0258465,2020-06-03,65.87326
327,AU3CB0258465,2020-06-04,66.727463
328,AU3CB0258465,2020-06-05,66.540535
329,AU3CB0258465,2020-06-08,66.067032
330,AU3CB0258465,2020-06-09,66.758873
331,AU3CB0258465,2020-06-10,67.141891
332,AU3CB0258465,2020-06-11,66.211609
333,AU3CB0258465,2020-06-12,66.364967
334,AU3CB0258465,2020-06-15,65.410789
335,AU3CB0258465,2020-06-16,65.117439
336,AU3CB0258465,2020-06-17,64.588081
337,AU3CB0258465,2020-06-18,66.27713
338,AU3CB0258465,2020-06-19,66.233566
339,AU3CB0258465,2020-06-22,66.27713
340,AU3CB0258465,2020-06-23,66.233566
341,AU3CB0258465,2020-06-24,64.588081
342,AU3CB0258465,2020-06-25,65.594398
343,AU3CB0258465,2020-06-26,65.970261
344,AU3CB0258465,2020-06-29,66.235176
345,AU3CB0258465,2020-06-30,66.235176
346,AU3CB0258465,2020-07-01,66.32
347,AU3CB0258465,2020-07-02,66.235176
348,AU3CB0258465,2020-07-03,65.742104
349,AU3CB0258465,2020-07-06,66.32
350,AU3CB0258465,2020-07-07,66.484535
351,AU3CB0258465,2020-07-08,65.742104
352,AU3CB0258465,2020-07-09,65.742104
353,AU3CB0258465,2020-07-10,65.429955
355,AU3CB0258465,2020-07-14,66.653961
354,AU3CB0258465,2020-07-13,66.908386
356,AU3CB0258465,2020-07-15,63.441372
357,AU3CB0258465,2020-07-16,66.39122
358,AU3CB0258465,2020-07-17,66.542053
359,AU3CB0258465,2020-07-20,66.39122
360,AU3CB0258465,2020-07-21,63.153713
361,AU3CB0258465,2020-07-22,66.547203
362,AU3CB0258465,2020-07-23,66.406448
363,AU3CB0258465,2020-07-24,66.547203
364,AU3CB0258465,2020-07-27,67.167442
365,AU3CB0258465,2020-07-28,66.542053
366,AU3CB0258465,2020-07-29,66.152046
367,AU3CB0258465,2020-07-30,66.048653
368,AU3CB0258465,2020-07-31,66.344925
369,AU3CB0258465,2020-08-03,66.105827
370,AU3CB0258465,2020-08-04,66.105827
371,AU3CB0258465,2020-08-05,66.547203
372,AU3CB0258465,2020-08-06,64.854233
373,AU3CB0258465,2020-08-07,66.727463
374,AU3CB0258465,2020-08-10,66.186165
375,AU3CB0258465,2020-08-11,66.003456
376,AU3CB0258465,2020-08-12,66.212555
378,AU3CB0258465,2020-08-14,65.947372
377,AU3CB0258465,2020-08-13,66.118034
379,AU3CB0258465,2020-08-17,65.668961
380,AU3CB0258465,2020-08-18,65.314095
381,AU3CB0258465,2020-08-19,65.93364
382,AU3CB0258465,2020-08-20,64.854233
383,AU3CB0258465,2020-08-21,65.839561
384,AU3CB0258465,2020-08-24,65.314095
385,AU3CB0258465,2020-08-25,65.869156
386,AU3CB0258465,2020-08-26,65.880333
387,AU3CB0258465,2020-08-27,66.003204
388,AU3CB0258465,2020-08-28,66.118034
389,AU3CB0258465,2020-08-31,66.738243
390,AU3CB0258465,2020-09-01,66.003204
391,AU3CB0258465,2020-09-02,67.055305
392,AU3CB0258465,2020-09-03,67.168259
394,AU3CB0258465,2020-09-07,65.839561
393,AU3CB0258465,2020-09-04,66.908386
395,AU3CB0258465,2020-09-08,66.275925
396,AU3CB0258465,2020-09-09,66.841553
397,AU3CB0258465,2020-09-10,65.950859
398,AU3CB0258465,2020-09-11,66.424271
399,AU3CB0258465,2020-09-14,66.547203
400,AU3CB0258465,2020-09-15,66.547203
401,AU3CB0258465,2020-09-16,67.079987
402,AU3CB0258465,2020-09-17,66.908386
403,AU3CB0258465,2020-09-18,66.653961
404,AU3CB0258465,2020-09-21,66.494438
405,AU3CB0258465,2020-09-22,66.39122
406,AU3CB0258465,2020-09-23,66.344925
407,AU3CB0258465,2020-09-24,66.105827
408,AU3CB0258465,2020-09-25,65.786644
409,AU3CB0258465,2020-09-28,66.023399
410,AU3CB0258465,2020-09-29,66.023399
411,AU3CB0258465,2020-09-30,65.894966
413,AU3CB0258465,2020-10-02,66.283386
414,AU3CB0258465,2020-10-05,66.318253
415,AU3CB0258465,2020-10-06,66.003456
416,AU3CB0258465,2020-10-07,66.118034
417,AU3CB0258465,2020-10-08,65.947372
418,AU3CB0258465,2020-10-09,65.947372
419,AU3CB0258465,2020-10-12,65.797493
420,AU3CB0258465,2020-10-13,65.856819
421,AU3CB0258465,2020-10-14,66.256554
422,AU3CB0258465,2020-10-15,66.238556
423,AU3CB0258465,2020-10-16,66.053757
424,AU3CB0258465,2020-10-19,65.793541
425,AU3CB0258465,2020-10-20,65.93364
426,AU3CB0258465,2020-10-21,66.053757
427,AU3CB0258465,2020-10-22,65.793541
428,AU3CB0258465,2020-10-23,64.778801
429,AU3CB0258465,2020-10-26,65.839561
430,AU3CB0258465,2020-10-27,65.839561
431,AU3CB0258465,2020-10-28,65.839561
432,AU3CB0258465,2020-10-29,65.795113
433,AU3CB0258465,2020-10-30,65.334442
434,AU3CB0258465,2020-11-02,66.167747
435,AU3CB0258465,2020-11-03,65.795113
436,AU3CB0258465,2020-11-04,65.474609
437,AU3CB0258465,2020-11-05,66.604256
438,AU3CB0258465,2020-11-06,66.62439
439,AU3CB0258465,2020-11-09,66.62439
440,AU3CB0258465,2020-11-10,66.750328
441,AU3CB0258465,2020-11-11,66.962692
442,AU3CB0258465,2020-11-12,66.830948
443,AU3CB0258465,2020-11-13,67.288971
444,AU3CB0258465,2020-11-16,66.830948
445,AU3CB0258465,2020-11-17,66.97628
446,AU3CB0258465,2020-11-18,67.16169
447,AU3CB0258465,2020-11-19,66.912003
448,AU3CB0258465,2020-11-20,67.006279
449,AU3CB0258465,2020-11-23,66.912003
450,AU3CB0258465,2020-11-24,67.051231
451,AU3CB0258465,2020-11-25,66.790344
452,AU3CB0258465,2020-11-26,67.006279
453,AU3CB0258465,2020-11-27,67.167442
454,AU3CB0258465,2020-11-30,66.780144
455,AU3CB0258465,2020-12-01,66.048653
457,AU3CB0258465,2020-12-03,66.924576
458,AU3CB0258465,2020-12-04,66.484383
459,AU3CB0258465,2020-12-07,66.462547
460,AU3CB0258465,2020-12-08,66.924576
461,AU3CB0258465,2020-12-09,66.458626
462,AU3CB0258465,2020-12-10,66.283386
463,AU3CB0258465,2020-12-11,66.726158
464,AU3CB0258465,2020-12-14,66.726158
465,AU3CB0258465,2020-12-15,67.476318
466,AU3CB0258465,2020-12-16,66.406303
467,AU3CB0258465,2020-12-17,66.484383
468,AU3CB0258465,2020-12-18,66.484383
469,AU3CB0258465,2020-12-21,67.20594
470,AU3CB0258465,2020-12-22,67.254608
471,AU3CB0258465,2020-12-23,67.07267
472,AU3CB0258465,2020-12-24,67.07267
473,AU3CB0258465,2020-12-28,67.333702
474,AU3CB0258465,2020-12-29,67.53949
475,AU3CB0258465,2020-12-30,67.245224
476,AU3CB0258465,2020-12-31,67.244987
477,AU3CB0258465,2021-01-01,67.244987
478,AU3CB0258465,2021-01-04,66.924576
479,AU3CB0258465,2021-01-05,66.924576
480,AU3CB0258465,2021-01-06,66.924576
481,AU3CB0258465,2021-01-07,68.337006
483,AU3CB0258465,2021-01-11,67.144203
484,AU3CB0258465,2021-01-12,68.500786
485,AU3CB0258465,2021-01-13,68.518593
486,AU3CB0258465,2021-01-14,68.500786
487,AU3CB0258465,2021-01-15,68.500786
488,AU3CB0258465,2021-01-18,68.500786
489,AU3CB0258465,2021-01-19,68.922188
490,AU3CB0258465,2021-01-20,68.922188
491,AU3CB0258465,2021-01-21,68.55043
492,AU3CB0258465,2021-01-22,67.144203
493,AU3CB0258465,2021-01-25,69.243141
494,AU3CB0258465,2021-01-26,69.243141
495,AU3CB0258465,2021-01-27,69.243141
496,AU3CB0258465,2021-01-28,68.918961
497,AU3CB0258465,2021-01-29,68.302002
498,AU3CB0258465,2021-02-01,68.302002
499,AU3CB0258465,2021-02-02,67.92588
500,AU3CB0258465,2021-02-03,68.378654
501,AU3CB0258465,2021-02-04,68.404152
502,AU3CB0258465,2021-02-05,68.378654
503,AU3CB0258465,2021-02-08,68.302002
504,AU3CB0258465,2021-02-09,68.898705
505,AU3CB0258465,2021-02-10,68.898705
506,AU3CB0258465,2021-02-11,68.302002
517,AU3CB0258465,2021-02-26,70.255402
513,AU3CB0258465,2021-02-22,69.160889
513,AU3CB0258465,2021-02-22,69.160889
517,AU3CB0258465,2021-02-26,70.255402
510,AU3CB0258465,2021-02-17,68.87693
507,AU3CB0258465,2021-02-12,69.042236
512,AU3CB0258465,2021-02-19,69.365501
509,AU3CB0258465,2021-02-16,69.042236
516,AU3CB0258465,2021-02-25,70.051285
508,AU3CB0258465,2021-02-15,69.04789
515,AU3CB0258465,2021-02-24,68.404152
511,AU3CB0258465,2021-02-18,69.04789
514,AU3CB0258465,2021-02-23,69.257401
524,BE0974271034,2020-03-10,2.19
525,BE0974271034,2020-03-11,2.56
530,BE0974271034,2020-03-18,2.85
526,BE0974271034,2020-03-12,2.19
528,BE0974271034,2020-03-16,2.13
531,BE0974271034,2020-03-19,1.75
527,BE0974271034,2020-03-13,2.2
533,BE0974271034,2020-03-23,2.19
529,BE0974271034,2020-03-17,1.75
532,BE0974271034,2020-03-20,1.9
534,BE0974271034,2020-03-24,1.74
536,BE0974271034,2020-03-26,1.75
535,BE0974271034,2020-03-25,1.7
537,BE0974271034,2020-03-27,1.95
538,BE0974271034,2020-03-30,2.04
539,BE0974271034,2020-03-31,1.97
540,BE0974271034,2020-04-01,1.75
541,BE0974271034,2020-04-02,1.95
543,BE0974271034,2020-04-06,1.95
542,BE0974271034,2020-04-03,1.95
547,BE0974271034,2020-04-10,1.54
544,BE0974271034,2020-04-07,1.54
546,BE0974271034,2020-04-09,1.89
545,BE0974271034,2020-04-08,1.6
548,BE0974271034,2020-04-13,1.65
549,BE0974271034,2020-04-14,1.89
550,BE0974271034,2020-04-15,1.94
551,BE0974271034,2020-04-16,1.98
552,BE0974271034,2020-04-17,1.65
553,BE0974271034,2020-04-20,1.89
554,BE0974271034,2020-04-21,1.94
556,BE0974271034,2020-04-23,1.8
555,BE0974271034,2020-04-22,1.98
558,BE0974271034,2020-04-27,2.28
557,BE0974271034,2020-04-24,1.85
559,BE0974271034,2020-04-28,2.28
560,BE0974271034,2020-04-29,2.09
561,BE0974271034,2020-04-30,2.28
562,BE0974271034,2020-05-01,2.38
563,BE0974271034,2020-05-04,2.49
564,BE0974271034,2020-05-05,2.15
565,BE0974271034,2020-05-06,2.19
566,BE0974271034,2020-05-07,2.19
567,BE0974271034,2020-05-08,2.21
568,BE0974271034,2020-05-11,2.29
570,BE0974271034,2020-05-13,2.33
569,BE0974271034,2020-05-12,2.21
571,BE0974271034,2020-05-14,2.33
572,BE0974271034,2020-05-15,2.18
573,BE0974271034,2020-05-18,2.18
575,BE0974271034,2020-05-20,2.2
574,BE0974271034,2020-05-19,2.3
576,BE0974271034,2020-05-21,2.3
577,BE0974271034,2020-05-22,2.25
578,BE0974271034,2020-05-25,2.18
579,BE0974271034,2020-05-26,2.31
580,BE0974271034,2020-05-27,2.21
581,BE0974271034,2020-05-28,2.38
582,BE0974271034,2020-05-29,2.38
583,BE0974271034,2020-06-01,2.36
585,BE0974271034,2020-06-03,2.18
586,BE0974271034,2020-06-04,2.33
584,BE0974271034,2020-06-02,2.25
587,BE0974271034,2020-06-05,2.36
588,BE0974271034,2020-06-08,2.36
589,BE0974271034,2020-06-09,2.25
590,BE0974271034,2020-06-10,2.33
591,BE0974271034,2020-06-11,2.33
592,BE0974271034,2020-06-12,2.46
593,BE0974271034,2020-06-15,2.29
594,BE0974271034,2020-06-16,2.21
595,BE0974271034,2020-06-17,2.4
596,BE0974271034,2020-06-18,2.35
597,BE0974271034,2020-06-19,2.35
598,BE0974271034,2020-06-22,2.4
600,BE0974271034,2020-06-24,2.52
599,BE0974271034,2020-06-23,2.4
601,BE0974271034,2020-06-25,2.4
602,BE0974271034,2020-06-26,2.42
603,BE0974271034,2020-06-29,2.38
604,BE0974271034,2020-06-30,2.32
605,BE0974271034,2020-07-01,2.37
606,BE0974271034,2020-07-02,2.4
607,BE0974271034,2020-07-03,2.31
608,BE0974271034,2020-07-06,2.52
609,BE0974271034,2020-07-07,2.4
610,BE0974271034,2020-07-08,2.4
611,BE0974271034,2020-07-09,2.4
612,BE0974271034,2020-07-10,2.4
613,BE0974271034,2020-07-13,2.3
614,BE0974271034,2020-07-14,2.3
615,BE0974271034,2020-07-15,2.3
616,BE0974271034,2020-07-16,2.3
617,BE0974271034,2020-07-17,2.5
618,BE0974271034,2020-07-20,2.4
619,BE0974271034,2020-07-21,2.3
620,BE0974271034,2020-07-22,2.3
621,BE0974271034,2020-07-23,2.3
623,BE0974271034,2020-07-27,2.4
622,BE0974271034,2020-07-24,2.4
625,BE0974271034,2020-07-29,2.4
626,BE0974271034,2020-07-30,2.4
624,BE0974271034,2020-07-28,2.4
627,BE0974271034,2020-07-31,2.4
628,BE0974271034,2020-08-03,2.3
629,BE0974271034,2020-08-04,2.3
631,BE0974271034,2020-08-06,2.3
630,BE0974271034,2020-08-05,2.3
632,BE0974271034,2020-08-07,2.3
633,BE0974271034,2020-08-10,2.2
634,BE0974271034,2020-08-11,2.2
635,BE0974271034,2020-08-12,2.3
636,BE0974271034,2020-08-13,2.4
637,BE0974271034,2020-08-14,2.3
639,BE0974271034,2020-08-18,2.2
638,BE0974271034,2020-08-17,2.2
640,BE0974271034,2020-08-19,2.3
641,BE0974271034,2020-08-20,2.2
642,BE0974271034,2020-08-21,2.3
643,BE0974271034,2020-08-24,2.5
644,BE0974271034,2020-08-25,2.4
645,BE0974271034,2020-08-26,2.2
646,BE0974271034,2020-08-27,2.3
647,BE0974271034,2020-08-28,2.2
648,BE0974271034,2020-08-31,2.3
649,BE0974271034,2020-09-01,2.2
650,BE0974271034,2020-09-02,2.4
651,BE0974271034,2020-09-03,2.3
652,BE0974271034,2020-09-04,2.3
653,BE0974271034,2020-09-07,2.3
654,BE0974271034,2020-09-08,2.3
655,BE0974271034,2020-09-09,2.3
656,BE0974271034,2020-09-10,2.3
657,BE0974271034,2020-09-11,2.3
659,BE0974271034,2020-09-15,2.3
658,BE0974271034,2020-09-14,2.3
660,BE0974271034,2020-09-16,2.4
661,BE0974271034,2020-09-17,2.4
662,BE0974271034,2020-09-18,2.19
663,BE0974271034,2020-09-21,2.68
664,BE0974271034,2020-09-22,2.33
665,BE0974271034,2020-09-23,2.45
666,BE0974271034,2020-09-24,2.5
667,BE0974271034,2020-09-25,2.51
668,BE0974271034,2020-09-28,2.29
669,BE0974271034,2020-09-29,2.55
670,BE0974271034,2020-09-30,2.28
671,BE0974271034,2020-10-01,2.35
672,BE0974271034,2020-10-02,2.71
673,BE0974271034,2020-10-05,2.81
674,BE0974271034,2020-10-06,2.81
675,BE0974271034,2020-10-07,2.98
676,BE0974271034,2020-10-08,2.98
677,BE0974271034,2020-10-09,2.8
678,BE0974271034,2020-10-12,2.8
679,BE0974271034,2020-10-13,2.99
680,BE0974271034,2020-10-14,2.98
681,BE0974271034,2020-10-15,2.84
682,BE0974271034,2020-10-16,2.86
683,BE0974271034,2020-10-19,2.74
684,BE0974271034,2020-10-20,2.86
685,BE0974271034,2020-10-21,2.85
686,BE0974271034,2020-10-22,2.83
687,BE0974271034,2020-10-23,2.7
688,BE0974271034,2020-10-26,2.74
689,BE0974271034,2020-10-27,2.69
690,BE0974271034,2020-10-28,2.55
692,BE0974271034,2020-10-30,2.65
693,BE0974271034,2020-11-02,2.75
691,BE0974271034,2020-10-29,2.47
694,BE0974271034,2020-11-03,2.75
696,BE0974271034,2020-11-05,2.67
695,BE0974271034,2020-11-04,2.67
697,BE0974271034,2020-11-06,2.75
698,BE0974271034,2020-11-09,2.75
699,BE0974271034,2020-11-10,2.85
700,BE0974271034,2020-11-11,3.28
701,BE0974271034,2020-11-12,3.29
702,BE0974271034,2020-11-13,3.28
703,BE0974271034,2020-11-16,3.28
704,BE0974271034,2020-11-17,3.28
705,BE0974271034,2020-11-18,3.88
706,BE0974271034,2020-11-19,3.91
707,BE0974271034,2020-11-20,3.91
713,BE0974271034,2020-11-30,3.74
708,BE0974271034,2020-11-23,3.98
709,BE0974271034,2020-11-24,3.98
715,BE0974271034,2020-12-02,3.51
716,BE0974271034,2020-12-03,3.63
710,BE0974271034,2020-11-25,2.44
717,BE0974271034,2020-12-04,3.63
719,BE0974271034,2020-12-08,3.75
720,BE0974271034,2020-12-09,3.8
721,BE0974271034,2020-12-10,3.51
722,BE0974271034,2020-12-11,3.64
730,BE0974271034,2020-12-23,3.65
731,BE0974271034,2020-12-24,3.52
723,BE0974271034,2020-12-14,3.64
733,BE0974271034,2020-12-29,3.65
724,BE0974271034,2020-12-15,3.73
725,BE0974271034,2020-12-16,3.64
726,BE0974271034,2020-12-17,3.8
727,BE0974271034,2020-12-18,3.73
728,BE0974271034,2020-12-21,3.77
729,BE0974271034,2020-12-22,3.64
732,BE0974271034,2020-12-28,3.65
734,BE0974271034,2020-12-30,3.7
735,BE0974271034,2020-12-31,3.79
736,BE0974271034,2021-01-01,3.62
737,BE0974271034,2021-01-04,3.69
738,BE0974271034,2021-01-05,3.65
739,BE0974271034,2021-01-06,3.74
740,BE0974271034,2021-01-07,3.74
741,BE0974271034,2021-01-08,3.72
742,BE0974271034,2021-01-11,3.65
743,BE0974271034,2021-01-12,3.65
744,BE0974271034,2021-01-13,3.65
745,BE0974271034,2021-01-14,3.65
746,BE0974271034,2021-01-15,3.6
747,BE0974271034,2021-01-18,3.6
748,BE0974271034,2021-01-19,3.6
749,BE0974271034,2021-01-20,3.49
750,BE0974271034,2021-01-21,3.6
751,BE0974271034,2021-01-22,3.45
752,BE0974271034,2021-01-25,3.44
753,BE0974271034,2021-01-26,3.64
754,BE0974271034,2021-01-27,3.38
755,BE0974271034,2021-01-28,3.41
756,BE0974271034,2021-01-29,3.38
757,BE0974271034,2021-02-01,3.45
758,BE0974271034,2021-02-02,3.45
759,BE0974271034,2021-02-03,3.41
760,BE0974271034,2021-02-04,3.8
761,BE0974271034,2021-02-05,3.5
762,BE0974271034,2021-02-08,3.45
763,BE0974271034,2021-02-09,3.5
764,BE0974271034,2021-02-10,3.5
765,BE0974271034,2021-02-11,3.5
766,BE0974271034,2021-02-12,3.5
767,BE0974271034,2021-02-15,3.5
768,BE0974271034,2021-02-16,3.5
769,BE0974271034,2021-02-17,3.5
770,BE0974271034,2021-02-18,3.5
771,BE0974271034,2021-02-19,3.5
772,BE0974271034,2021-02-22,3.7
777,BE0974293251,2020-03-02,72.5
773,BE0974271034,2021-02-23,3.5
778,BE0974293251,2020-03-03,52.0
774,BE0974271034,2021-02-24,3.8
779,BE0974293251,2020-03-04,51.26
775,BE0974271034,2021-02-25,3.8
780,BE0974293251,2020-03-05,51.22
776,BE0974271034,2021-02-26,3.8
781,BE0974293251,2020-03-06,51.22
782,BE0974293251,2020-03-09,47.87
783,BE0974293251,2020-03-10,42.71
784,BE0974293251,2020-03-11,51.26
785,BE0974293251,2020-03-12,72.19
786,BE0974293251,2020-03-13,36.93
787,BE0974293251,2020-03-16,36.93
788,BE0974293251,2020-03-17,36.93
789,BE0974293251,2020-03-18,72.19
792,BE0974293251,2020-03-23,40.0
793,BE0974293251,2020-03-24,39.03
794,BE0974293251,2020-03-25,39.03
795,BE0974293251,2020-03-26,39.03
796,BE0974293251,2020-03-27,40.4
797,BE0974293251,2020-03-30,38.74
799,BE0974293251,2020-04-01,33.98
798,BE0974293251,2020-03-31,41.79
800,BE0974293251,2020-04-02,30.97
801,BE0974293251,2020-04-03,34.965
802,BE0974293251,2020-04-06,40.0
803,BE0974293251,2020-04-07,41.81
804,BE0974293251,2020-04-08,41.81
805,BE0974293251,2020-04-09,43.725
806,BE0974293251,2020-04-10,43.725
807,BE0974293251,2020-04-13,42.499
808,BE0974293251,2020-04-14,43.031
809,BE0974293251,2020-04-15,43.61
810,BE0974293251,2020-04-16,41.9
811,BE0974293251,2020-04-17,43.043
813,BE0974293251,2020-04-21,41.81
812,BE0974293251,2020-04-20,43.043
814,BE0974293251,2020-04-22,43.5
815,BE0974293251,2020-04-23,38.565
816,BE0974293251,2020-04-24,43.043
817,BE0974293251,2020-04-27,42.499
818,BE0974293251,2020-04-28,40.255
819,BE0974293251,2020-04-29,40.255
820,BE0974293251,2020-04-30,45.055
821,BE0974293251,2020-05-01,41.25
822,BE0974293251,2020-05-04,41.572
823,BE0974293251,2020-05-05,41.88
825,BE0974293251,2020-05-07,38.96
824,BE0974293251,2020-05-06,41.572
826,BE0974293251,2020-05-08,39.49
827,BE0974293251,2020-05-11,39.49
828,BE0974293251,2020-05-12,39.705
830,BE0974293251,2020-05-14,30.97
829,BE0974293251,2020-05-13,38.565
831,BE0974293251,2020-05-15,35.8
832,BE0974293251,2020-05-18,35.8
833,BE0974293251,2020-05-19,39.15
834,BE0974293251,2020-05-20,39.15
836,BE0974293251,2020-05-22,38.38
835,BE0974293251,2020-05-21,38.38
837,BE0974293251,2020-05-25,37.0
838,BE0974293251,2020-05-26,37.48
839,BE0974293251,2020-05-27,38.395
840,BE0974293251,2020-05-28,40.475
841,BE0974293251,2020-05-29,37.33
842,BE0974293251,2020-06-01,43.62
843,BE0974293251,2020-06-02,41.91
844,BE0974293251,2020-06-03,43.89
845,BE0974293251,2020-06-04,43.043
846,BE0974293251,2020-06-05,43.043
847,BE0974293251,2020-06-08,48.765
848,BE0974293251,2020-06-09,51.17
849,BE0974293251,2020-06-10,50.7
850,BE0974293251,2020-06-11,48.88
851,BE0974293251,2020-06-12,47.465
853,BE0974293251,2020-06-16,44.215
852,BE0974293251,2020-06-15,43.85
854,BE0974293251,2020-06-17,45.2
855,BE0974293251,2020-06-18,46.14
856,BE0974293251,2020-06-19,46.095
857,BE0974293251,2020-06-22,45.815
858,BE0974293251,2020-06-23,44.95
859,BE0974293251,2020-06-24,45.815
860,BE0974293251,2020-06-25,44.95
861,BE0974293251,2020-06-26,44.95
862,BE0974293251,2020-06-29,43.34
863,BE0974293251,2020-06-30,43.6
864,BE0974293251,2020-07-01,43.6
865,BE0974293251,2020-07-02,43.43
866,BE0974293251,2020-07-03,43.865
867,BE0974293251,2020-07-06,43.43
868,BE0974293251,2020-07-07,46.505
869,BE0974293251,2020-07-08,44.875
870,BE0974293251,2020-07-09,46.21
871,BE0974293251,2020-07-10,45.265
872,BE0974293251,2020-07-13,45.265
873,BE0974293251,2020-07-14,47.045
874,BE0974293251,2020-07-15,46.29
875,BE0974293251,2020-07-16,47.045
876,BE0974293251,2020-07-17,47.36
877,BE0974293251,2020-07-20,46.98
878,BE0974293251,2020-07-21,47.0
879,BE0974293251,2020-07-22,48.645
880,BE0974293251,2020-07-23,48.645
881,BE0974293251,2020-07-24,47.425
882,BE0974293251,2020-07-27,47.0
883,BE0974293251,2020-07-28,45.87
885,BE0974293251,2020-07-30,47.79
884,BE0974293251,2020-07-29,47.45
886,BE0974293251,2020-07-31,47.45
887,BE0974293251,2020-08-03,46.1
888,BE0974293251,2020-08-04,45.9
889,BE0974293251,2020-08-05,46.1
890,BE0974293251,2020-08-06,47.0
892,BE0974293251,2020-08-10,46.0
891,BE0974293251,2020-08-07,47.0
893,BE0974293251,2020-08-11,46.2
894,BE0974293251,2020-08-12,48.0
896,BE0974293251,2020-08-14,48.0
895,BE0974293251,2020-08-13,46.0
897,BE0974293251,2020-08-17,47.6
899,BE0974293251,2020-08-19,47.8
900,BE0974293251,2020-08-20,48.88
898,BE0974293251,2020-08-18,47.4
901,BE0974293251,2020-08-21,47.77
902,BE0974293251,2020-08-24,47.4
903,BE0974293251,2020-08-25,48.88
904,BE0974293251,2020-08-26,48.83
906,BE0974293251,2020-08-28,48.6
905,BE0974293251,2020-08-27,49.93
907,BE0974293251,2020-08-31,49.6
908,BE0974293251,2020-09-01,48.83
909,BE0974293251,2020-09-02,48.42
910,BE0974293251,2020-09-03,50.2
911,BE0974293251,2020-09-04,49.6
912,BE0974293251,2020-09-07,49.21
913,BE0974293251,2020-09-08,48.42
914,BE0974293251,2020-09-09,47.68
915,BE0974293251,2020-09-10,48.31
916,BE0974293251,2020-09-11,48.62
917,BE0974293251,2020-09-14,47.67
918,BE0974293251,2020-09-15,47.65
919,BE0974293251,2020-09-16,48.31
920,BE0974293251,2020-09-17,47.68
921,BE0974293251,2020-09-18,49.01
922,BE0974293251,2020-09-21,47.03
923,BE0974293251,2020-09-22,46.1
924,BE0974293251,2020-09-23,46.19
925,BE0974293251,2020-09-24,45.67
926,BE0974293251,2020-09-25,44.78
927,BE0974293251,2020-09-28,47.99
928,BE0974293251,2020-09-29,47.99
929,BE0974293251,2020-09-30,46.04
930,BE0974293251,2020-10-01,46.22
931,BE0974293251,2020-10-02,45.8
932,BE0974293251,2020-10-05,45.81
933,BE0974293251,2020-10-06,47.99
934,BE0974293251,2020-10-07,48.81
935,BE0974293251,2020-10-08,49.66
936,BE0974293251,2020-10-09,47.37
937,BE0974293251,2020-10-12,50.5
938,BE0974293251,2020-10-13,50.89
939,BE0974293251,2020-10-14,49.42
940,BE0974293251,2020-10-15,47.7
941,BE0974293251,2020-10-16,47.03
942,BE0974293251,2020-10-19,48.605
943,BE0974293251,2020-10-20,48.83
944,BE0974293251,2020-10-21,47.45
945,BE0974293251,2020-10-22,47.79
946,BE0974293251,2020-10-23,48.45
947,BE0974293251,2020-10-26,46.12
948,BE0974293251,2020-10-27,46.325
949,BE0974293251,2020-10-28,47.56
950,BE0974293251,2020-10-29,47.17
951,BE0974293251,2020-10-30,46.045
953,BE0974293251,2020-11-03,45.7
952,BE0974293251,2020-11-02,47.17
954,BE0974293251,2020-11-04,46.12
957,BE0974293251,2020-11-09,47.77
956,BE0974293251,2020-11-06,47.69
955,BE0974293251,2020-11-05,47.79
958,BE0974293251,2020-11-10,47.4
959,BE0974293251,2020-11-11,46.045
960,BE0974293251,2020-11-12,46.12
961,BE0974293251,2020-11-13,48.437
962,BE0974293251,2020-11-16,55.55
963,BE0974293251,2020-11-17,55.55
964,BE0974293251,2020-11-18,56.49
965,BE0974293251,2020-11-19,56.16
967,BE0974293251,2020-11-23,54.84
966,BE0974293251,2020-11-20,56.16
968,BE0974293251,2020-11-24,47.79
970,BE0974293251,2020-11-26,57.72
969,BE0974293251,2020-11-25,57.72
971,BE0974293251,2020-11-27,57.07
972,BE0974293251,2020-11-30,57.25
973,BE0974293251,2020-12-01,57.07
974,BE0974293251,2020-12-02,57.25
975,BE0974293251,2020-12-03,56.12
976,BE0974293251,2020-12-04,56.95
977,BE0974293251,2020-12-07,55.88
978,BE0974293251,2020-12-08,56.12
979,BE0974293251,2020-12-09,58.01
980,BE0974293251,2020-12-10,58.23
981,BE0974293251,2020-12-11,58.38
982,BE0974293251,2020-12-14,58.38
983,BE0974293251,2020-12-15,57.93
985,BE0974293251,2020-12-17,58.23
984,BE0974293251,2020-12-16,58.01
986,BE0974293251,2020-12-18,58.38
987,BE0974293251,2020-12-21,58.03
988,BE0974293251,2020-12-22,58.23
989,BE0974293251,2020-12-23,57.93
990,BE0974293251,2020-12-24,58.54
991,BE0974293251,2020-12-28,58.03
993,BE0974293251,2020-12-30,56.65
992,BE0974293251,2020-12-29,58.03
995,BE0974293251,2021-01-01,58.04
994,BE0974293251,2020-12-31,58.03
996,BE0974293251,2021-01-04,58.25
997,BE0974293251,2021-01-05,58.44
998,BE0974293251,2021-01-06,58.59
999,BE0974293251,2021-01-07,58.04
1000,BE0974293251,2021-01-08,57.01
1001,BE0974293251,2021-01-11,58.07
1002,BE0974293251,2021-01-12,58.59
1003,BE0974293251,2021-01-13,57.18
1004,BE0974293251,2021-01-14,57.01
1005,BE0974293251,2021-01-15,58.07
1006,BE0974293251,2021-01-18,57.21
1007,BE0974293251,2021-01-19,57.01
1009,BE0974293251,2021-01-21,56.24
1008,BE0974293251,2021-01-20,56.35
1013,BE0974293251,2021-01-27,58.77
1010,BE0974293251,2021-01-22,58.07
1011,BE0974293251,2021-01-25,57.21
1012,BE0974293251,2021-01-26,53.17
1018,BE0974293251,2021-02-03,53.66
1019,BE0974293251,2021-02-04,54.07
1014,BE0974293251,2021-01-28,52.79
1015,BE0974293251,2021-01-29,53.66
1020,BE0974293251,2021-02-05,48.65
1021,BE0974293251,2021-02-08,54.78
1022,BE0974293251,2021-02-09,54.44
1023,BE0974293251,2021-02-10,54.78
1024,BE0974293251,2021-02-11,54.07
1016,BE0974293251,2021-02-01,53.66
1017,BE0974293251,2021-02-02,53.66
1025,BE0974293251,2021-02-12,53.46
1026,BE0974293251,2021-02-15,52.6
1027,BE0974293251,2021-02-16,54.01
1028,BE0974293251,2021-02-17,52.6
1030,BE0974293251,2021-02-19,53.19
1029,BE0974293251,2021-02-18,53.13
1031,BE0974293251,2021-02-22,53.36
1032,BE0974293251,2021-02-23,53.31
1033,BE0974293251,2021-02-24,53.14
1034,BE0974293251,2021-02-25,52.6
1039,BE0974303357,2020-03-05,1.106
1042,BE0974303357,2020-03-10,0.69
1043,BE0974303357,2020-03-11,0.748
1044,BE0974303357,2020-03-12,0.748
1046,BE0974303357,2020-03-16,0.66
1049,BE0974303357,2020-03-19,0.678
1050,BE0974303357,2020-03-20,0.881
1051,BE0974303357,2020-03-23,0.92
1052,BE0974303357,2020-03-24,0.815
1060,BE0974303357,2020-04-03,0.815
1061,BE0974303357,2020-04-06,0.881
1062,BE0974303357,2020-04-07,0.71
1053,BE0974303357,2020-03-25,0.859
1054,BE0974303357,2020-03-26,0.831
1055,BE0974303357,2020-03-27,0.881
1056,BE0974303357,2020-03-30,0.79
1058,BE0974303357,2020-04-01,0.74
1057,BE0974303357,2020-03-31,0.612
1059,BE0974303357,2020-04-02,0.815
1063,BE0974303357,2020-04-08,0.831
1064,BE0974303357,2020-04-09,0.82
1065,BE0974303357,2020-04-10,0.795
1066,BE0974303357,2020-04-13,0.795
1067,BE0974303357,2020-04-14,0.79
1068,BE0974303357,2020-04-15,0.7
1069,BE0974303357,2020-04-16,0.874
1070,BE0974303357,2020-04-17,0.938
1071,BE0974303357,2020-04-20,0.874
1072,BE0974303357,2020-04-21,0.903
1073,BE0974303357,2020-04-22,0.96
1074,BE0974303357,2020-04-23,0.96
1075,BE0974303357,2020-04-24,0.937
1076,BE0974303357,2020-04-27,0.937
1077,BE0974303357,2020-04-28,0.96
1078,BE0974303357,2020-04-29,1.04
1079,BE0974303357,2020-04-30,0.937
1080,BE0974303357,2020-05-01,1.03
1081,BE0974303357,2020-05-04,1.02
1082,BE0974303357,2020-05-05,0.954
1083,BE0974303357,2020-05-06,0.954
1084,BE0974303357,2020-05-07,0.9
1085,BE0974303357,2020-05-08,0.903
1086,BE0974303357,2020-05-11,0.9
1087,BE0974303357,2020-05-12,0.903
1088,BE0974303357,2020-05-13,0.903
1089,BE0974303357,2020-05-14,0.954
1090,BE0974303357,2020-05-15,1.02
1091,BE0974303357,2020-05-18,0.914
1092,BE0974303357,2020-05-19,0.815
1093,BE0974303357,2020-05-20,0.859
1094,BE0974303357,2020-05-21,0.935
1101,BE0974303357,2020-06-01,1.01
1102,BE0974303357,2020-06-02,1.01
1103,BE0974303357,2020-06-03,1.01
1095,BE0974303357,2020-05-22,0.852
1096,BE0974303357,2020-05-25,0.959
1097,BE0974303357,2020-05-26,0.932
1104,BE0974303357,2020-06-04,0.996
1098,BE0974303357,2020-05-27,0.937
1105,BE0974303357,2020-06-05,1.01
1099,BE0974303357,2020-05-28,1.0
1100,BE0974303357,2020-05-29,1.01
1107,BE0974303357,2020-06-09,1.02
1108,BE0974303357,2020-06-10,1.01
1109,BE0974303357,2020-06-11,1.02
1106,BE0974303357,2020-06-08,1.02
1110,BE0974303357,2020-06-12,0.97
1111,BE0974303357,2020-06-15,0.93
1112,BE0974303357,2020-06-16,0.95
1113,BE0974303357,2020-06-17,0.94
1114,BE0974303357,2020-06-18,0.96
1115,BE0974303357,2020-06-19,0.93
1116,BE0974303357,2020-06-22,0.91
1117,BE0974303357,2020-06-23,0.92
1118,BE0974303357,2020-06-24,0.91
1119,BE0974303357,2020-06-25,0.94
1120,BE0974303357,2020-06-26,0.96
1121,BE0974303357,2020-06-29,1.0
1122,BE0974303357,2020-06-30,0.94
1123,BE0974303357,2020-07-01,0.9
1124,BE0974303357,2020-07-02,0.9
1125,BE0974303357,2020-07-03,0.71
1126,BE0974303357,2020-07-06,1.02
1127,BE0974303357,2020-07-07,0.8
1128,BE0974303357,2020-07-08,0.89
1129,BE0974303357,2020-07-09,0.89
1130,BE0974303357,2020-07-10,0.9
1131,BE0974303357,2020-07-13,1.02
1132,BE0974303357,2020-07-14,1.01
1133,BE0974303357,2020-07-15,1.01
1134,BE0974303357,2020-07-16,1.01
1135,BE0974303357,2020-07-17,0.94
1136,BE0974303357,2020-07-20,1.03
1138,BE0974303357,2020-07-22,0.97
1139,BE0974303357,2020-07-23,0.99
1140,BE0974303357,2020-07-24,1.0
1141,BE0974303357,2020-07-27,1.01
1145,BE0974303357,2020-07-31,0.93
1146,BE0974303357,2020-08-03,0.93
1147,BE0974303357,2020-08-04,0.94
1148,BE0974303357,2020-08-05,0.99
1149,BE0974303357,2020-08-06,0.95
1142,BE0974303357,2020-07-28,0.97
1143,BE0974303357,2020-07-29,0.98
1150,BE0974303357,2020-08-07,0.95
1144,BE0974303357,2020-07-30,0.95
1151,BE0974303357,2020-08-10,0.92
1152,BE0974303357,2020-08-11,0.88
1153,BE0974303357,2020-08-12,0.89
1157,BE0974303357,2020-08-18,0.93
1158,BE0974303357,2020-08-19,0.92
1154,BE0974303357,2020-08-13,0.93
1155,BE0974303357,2020-08-14,0.93
1156,BE0974303357,2020-08-17,0.89
1159,BE0974303357,2020-08-20,0.93
1160,BE0974303357,2020-08-21,0.93
1161,BE0974303357,2020-08-24,0.92
1162,BE0974303357,2020-08-25,0.92
1163,BE0974303357,2020-08-26,0.89
1164,BE0974303357,2020-08-27,0.93
1165,BE0974303357,2020-08-28,0.89
1166,BE0974303357,2020-08-31,0.9
1167,BE0974303357,2020-09-01,0.92
1168,BE0974303357,2020-09-02,0.93
1169,BE0974303357,2020-09-03,0.94
1170,BE0974303357,2020-09-04,0.95
1171,BE0974303357,2020-09-07,0.95
1172,BE0974303357,2020-09-08,0.95
1173,BE0974303357,2020-09-09,0.93
1174,BE0974303357,2020-09-10,0.94
1175,BE0974303357,2020-09-11,0.98
1176,BE0974303357,2020-09-14,0.95
1177,BE0974303357,2020-09-15,0.96
1178,BE0974303357,2020-09-16,0.95
1179,BE0974303357,2020-09-17,0.97
1180,BE0974303357,2020-09-18,0.98
1181,BE0974303357,2020-09-21,0.93
1182,BE0974303357,2020-09-22,0.99
1184,BE0974303357,2020-09-24,0.98
1185,BE0974303357,2020-09-25,0.99
1186,BE0974303357,2020-09-28,0.97
1187,BE0974303357,2020-09-29,0.99
1199,BE0974303357,2020-10-15,1.33
1200,BE0974303357,2020-10-16,1.33
1198,BE0974303357,2020-10-14,1.33
1201,BE0974303357,2020-10-19,1.32
1202,BE0974303357,2020-10-20,1.3
1183,BE0974303357,2020-09-23,0.99
1203,BE0974303357,2020-10-21,1.33
1204,BE0974303357,2020-10-22,1.3
1205,BE0974303357,2020-10-23,1.29
1206,BE0974303357,2020-10-26,1.3
1207,BE0974303357,2020-10-27,1.24
1208,BE0974303357,2020-10-28,1.33
1209,BE0974303357,2020-10-29,1.33
1212,BE0974303357,2020-11-03,1.37
1213,BE0974303357,2020-11-04,1.53
1214,BE0974303357,2020-11-05,1.52
1197,BE0974303357,2020-10-13,1.31
1215,BE0974303357,2020-11-06,1.55
1216,BE0974303357,2020-11-09,1.54
1217,BE0974303357,2020-11-10,1.67
1218,BE0974303357,2020-11-11,1.78
1219,BE0974303357,2020-11-12,1.77
1220,BE0974303357,2020-11-13,1.66
1221,BE0974303357,2020-11-16,1.77
1222,BE0974303357,2020-11-17,1.78
1223,BE0974303357,2020-11-18,1.78
1224,BE0974303357,2020-11-19,1.92
1225,BE0974303357,2020-11-20,1.94
1226,BE0974303357,2020-11-23,1.94
1227,BE0974303357,2020-11-24,1.82
1228,BE0974303357,2020-11-25,1.82
1229,BE0974303357,2020-11-26,1.94
1230,BE0974303357,2020-11-27,1.78
1231,BE0974303357,2020-11-30,1.76
1232,BE0974303357,2020-12-01,1.66
1233,BE0974303357,2020-12-02,1.66
1234,BE0974303357,2020-12-03,1.66
1235,BE0974303357,2020-12-04,1.77
1236,BE0974303357,2020-12-07,1.69
1237,BE0974303357,2020-12-08,1.69
1239,BE0974303357,2020-12-10,1.73
1238,BE0974303357,2020-12-09,1.73
1240,BE0974303357,2020-12-11,1.64
1241,BE0974303357,2020-12-14,1.64
1242,BE0974303357,2020-12-15,1.71
1243,BE0974303357,2020-12-16,1.71
1244,BE0974303357,2020-12-17,1.71
1245,BE0974303357,2020-12-18,1.65
1246,BE0974303357,2020-12-21,1.7
1248,BE0974303357,2020-12-23,1.678
1247,BE0974303357,2020-12-22,1.676
1249,BE0974303357,2020-12-24,1.688
1251,BE0974303357,2020-12-29,1.688
1250,BE0974303357,2020-12-28,1.688
1252,BE0974303357,2020-12-30,1.69
1253,BE0974303357,2020-12-31,1.664
1254,BE0974303357,2021-01-01,1.73
1255,BE0974303357,2021-01-04,1.758
1256,BE0974303357,2021-01-05,1.584
1257,BE0974303357,2021-01-06,1.748
1258,BE0974303357,2021-01-07,1.727
1259,BE0974303357,2021-01-08,1.748
1260,BE0974303357,2021-01-11,1.768
1261,BE0974303357,2021-01-12,1.71
1262,BE0974303357,2021-01-13,1.76
1263,BE0974303357,2021-01-14,1.71
1264,BE0974303357,2021-01-15,1.7
1265,BE0974303357,2021-01-18,1.71
1266,BE0974303357,2021-01-19,1.69
1267,BE0974303357,2021-01-20,1.76
1268,BE0974303357,2021-01-21,1.73
1269,BE0974303357,2021-01-22,1.66
1270,BE0974303357,2021-01-25,1.69
1271,BE0974303357,2021-01-26,1.7
1272,BE0974303357,2021-01-27,1.76
1273,BE0974303357,2021-01-28,1.7
1274,BE0974303357,2021-01-29,1.73
1275,BE0974303357,2021-02-01,1.69
1276,BE0974303357,2021-02-02,1.76
1277,BE0974303357,2021-02-03,1.75
1278,BE0974303357,2021-02-04,1.7
1279,BE0974303357,2021-02-05,1.8
1280,BE0974303357,2021-02-08,1.8
1281,BE0974303357,2021-02-09,1.8
1282,BE0974303357,2021-02-10,1.8
1283,BE0974303357,2021-02-11,1.8
1284,BE0974303357,2021-02-12,1.8
1285,BE0974303357,2021-02-15,1.8
1286,BE0974303357,2021-02-16,1.8
1287,BE0974303357,2021-02-17,1.8
1288,BE0974303357,2021-02-18,1.8
1289,BE0974303357,2021-02-19,1.8
1290,BE0974303357,2021-02-22,1.8
1291,BE0974303357,2021-02-23,1.8
1292,BE0974303357,2021-02-24,1.8
1293,BE0974303357,2021-02-25,2.0
1295,BMG375851091,2020-03-02,5.2361341
1294,BE0974303357,2021-02-26,2.0
1301,BMG375851091,2020-03-10,3.0651622
1302,BMG375851091,2020-03-11,3.0651622
1304,BMG375851091,2020-03-13,3.0812905
1308,BMG375851091,2020-03-19,3.168257
1309,BMG375851091,2020-03-20,2.8919277
1310,BMG375851091,2020-03-23,3.168257
1311,BMG375851091,2020-03-24,3.168257
1312,BMG375851091,2020-03-25,3.0377319
1313,BMG375851091,2020-03-26,3.0377319
1314,BMG375851091,2020-03-27,3.0487893
1315,BMG375851091,2020-03-30,2.992224
1316,BMG375851091,2020-03-31,3.0433385
1317,BMG375851091,2020-04-01,3.2818196
1318,BMG375851091,2020-04-02,3.0433385
1320,BMG375851091,2020-04-06,2.9487963
1319,BMG375851091,2020-04-03,2.795614
1321,BMG375851091,2020-04-07,2.8578279
1322,BMG375851091,2020-04-08,2.9795625
1323,BMG375851091,2020-04-09,2.9795625
1324,BMG375851091,2020-04-10,2.8578279
1325,BMG375851091,2020-04-13,3.183219
1326,BMG375851091,2020-04-14,2.7212639
1327,BMG375851091,2020-04-15,2.9760027
1328,BMG375851091,2020-04-16,3.3316979
1330,BMG375851091,2020-04-20,2.8578279
1336,BMG375851091,2020-04-28,3.5260201
1341,BMG375851091,2020-05-05,4.2473969
1343,BMG375851091,2020-05-07,3.6997464
1346,BMG375851091,2020-05-12,3.782455
1347,BMG375851091,2020-05-13,3.6449728
1348,BMG375851091,2020-05-14,3.6449728
1349,BMG375851091,2020-05-15,3.390713
1350,BMG375851091,2020-05-18,3.2479084
1351,BMG375851091,2020-05-19,3.78881
1352,BMG375851091,2020-05-20,3.389792
1353,BMG375851091,2020-05-21,3.2943599
1354,BMG375851091,2020-05-22,3.390713
1357,BMG375851091,2020-05-27,3.2943599
1360,BMG375851091,2020-06-01,3.0959179
1388,BMG375851091,2020-07-09,2.4744511
1392,BMG375851091,2020-07-15,2.498399
1390,BMG375851091,2020-07-13,2.4619205
1391,BMG375851091,2020-07-14,2.3342087
1395,BMG375851091,2020-07-20,2.4619205
1396,BMG375851091,2020-07-21,2.3342087
1393,BMG375851091,2020-07-16,2.3342087
1394,BMG375851091,2020-07-17,2.345854
1397,BMG375851091,2020-07-22,2.5954831
1398,BMG375851091,2020-07-23,2.73105
1399,BMG375851091,2020-07-24,2.498399
1403,BMG375851091,2020-07-30,2.5999901
1402,BMG375851091,2020-07-29,2.5999901
1405,BMG375851091,2020-08-03,2.5999901
1400,BMG375851091,2020-07-27,2.7660799
1401,BMG375851091,2020-07-28,2.673316
1404,BMG375851091,2020-07-31,2.5885046
1406,BMG375851091,2020-08-04,2.7660799
1407,BMG375851091,2020-08-05,2.7660799
1408,BMG375851091,2020-08-06,2.7929549
1409,BMG375851091,2020-08-07,2.7289224
1417,BMG375851091,2020-08-19,2.7365
1418,BMG375851091,2020-08-20,2.7365
1416,BMG375851091,2020-08-18,2.826395
1422,BMG375851091,2020-08-26,2.6876845
1423,BMG375851091,2020-08-27,2.585547
1424,BMG375851091,2020-08-28,2.585547
1427,BMG375851091,2020-09-02,2.4751976
1429,BMG375851091,2020-09-04,2.4751976
1428,BMG375851091,2020-09-03,2.5043941
1430,BMG375851091,2020-09-07,2.345854
1431,BMG375851091,2020-09-08,2.7196443
1432,BMG375851091,2020-09-09,2.5799949
1433,BMG375851091,2020-09-10,2.5799949
1434,BMG375851091,2020-09-11,2.5799949
1435,BMG375851091,2020-09-14,2.5709584
1436,BMG375851091,2020-09-15,2.5709584
1437,BMG375851091,2020-09-16,2.7289224
1439,BMG375851091,2020-09-18,2.6009347
1438,BMG375851091,2020-09-17,2.6257107
1440,BMG375851091,2020-09-21,2.6009347
1441,BMG375851091,2020-09-22,2.735208
1442,BMG375851091,2020-09-23,2.4983003
1443,BMG375851091,2020-09-24,2.3829112
1444,BMG375851091,2020-09-25,2.2815883
1445,BMG375851091,2020-09-28,2.2530158
1446,BMG375851091,2020-09-29,2.2530158
1447,BMG375851091,2020-09-30,2.2433751
1448,BMG375851091,2020-10-01,2.4238691
1449,BMG375851091,2020-10-02,2.2433751
1450,BMG375851091,2020-10-05,2.421952
1451,BMG375851091,2020-10-06,2.3840041
1452,BMG375851091,2020-10-07,2.2433751
1453,BMG375851091,2020-10-08,2.2433751
1454,BMG375851091,2020-10-09,2.3840041
1455,BMG375851091,2020-10-12,2.3625386
1456,BMG375851091,2020-10-13,2.3187251
1457,BMG375851091,2020-10-14,2.3187251
1458,BMG375851091,2020-10-15,2.359015
1459,BMG375851091,2020-10-16,2.3842001
1460,BMG375851091,2020-10-19,2.434413
1461,BMG375851091,2020-10-20,2.3558533
1462,BMG375851091,2020-10-21,2.5066149
1463,BMG375851091,2020-10-22,2.2433751
1464,BMG375851091,2020-10-23,2.497056
1465,BMG375851091,2020-10-26,2.5275068
1467,BMG375851091,2020-10-28,2.201628
1466,BMG375851091,2020-10-27,2.4460382
1468,BMG375851091,2020-10-29,2.1469581
1470,BMG375851091,2020-11-02,2.0378988
1469,BMG375851091,2020-10-30,2.1278999
1471,BMG375851091,2020-11-03,2.0528905
1472,BMG375851091,2020-11-04,2.0528905
1473,BMG375851091,2020-11-05,1.9214067
1474,BMG375851091,2020-11-06,1.9262432
1475,BMG375851091,2020-11-09,2.201628
1477,BMG375851091,2020-11-11,2.16448
1476,BMG375851091,2020-11-10,1.912412
1479,BMG375851091,2020-11-13,2.1745026
1478,BMG375851091,2020-11-12,1.912412
1480,BMG375851091,2020-11-16,1.912412
1481,BMG375851091,2020-11-17,2.5066149
1482,BMG375851091,2020-11-18,2.4959016
1483,BMG375851091,2020-11-19,2.4697263
1484,BMG375851091,2020-11-20,2.4959016
1485,BMG375851091,2020-11-23,2.5702655
1486,BMG375851091,2020-11-24,2.6798179
1487,BMG375851091,2020-11-25,2.5702655
1488,BMG375851091,2020-11-26,2.5275068
1489,BMG375851091,2020-11-27,2.5989928
1490,BMG375851091,2020-11-30,2.5989928
1491,BMG375851091,2020-12-01,2.1278999
1492,BMG375851091,2020-12-02,2.4641941
1494,BMG375851091,2020-12-04,2.5836585
1493,BMG375851091,2020-12-03,2.4846001
1495,BMG375851091,2020-12-07,2.7289224
1496,BMG375851091,2020-12-08,2.8158228
1497,BMG375851091,2020-12-09,2.735208
1498,BMG375851091,2020-12-10,2.8625519
1499,BMG375851091,2020-12-11,2.9054563
1500,BMG375851091,2020-12-14,2.8820119
1501,BMG375851091,2020-12-15,2.8516316
1503,BMG375851091,2020-12-17,3.2663333
1502,BMG375851091,2020-12-16,2.826395
1504,BMG375851091,2020-12-18,2.6113465
1505,BMG375851091,2020-12-21,3.2048364
1506,BMG375851091,2020-12-22,2.5687101
1507,BMG375851091,2020-12-23,2.6190839
1508,BMG375851091,2020-12-24,2.94192
1510,BMG375851091,2020-12-29,3.1251526
1509,BMG375851091,2020-12-28,3.1251526
1511,BMG375851091,2020-12-30,2.9369791
1512,BMG375851091,2020-12-31,3.1502619
1513,BMG375851091,2021-01-01,2.9369791
1514,BMG375851091,2021-01-04,3.060688
1515,BMG375851091,2021-01-05,3.1753292
1516,BMG375851091,2021-01-06,3.5423949
1517,BMG375851091,2021-01-07,3.3332591
1518,BMG375851091,2021-01-08,2.5043941
1519,BMG375851091,2021-01-11,2.8820119
1520,BMG375851091,2021-01-12,2.9307661
1523,BMG375851091,2021-01-15,4.8509798
1524,BMG375851091,2021-01-18,4.8307753
1525,BMG375851091,2021-01-19,4.5160336
1521,BMG375851091,2021-01-13,3.5367645
1554,CA580135CD12,2020-03-02,71.848221
1551,BMG375851091,2021-02-24,4.7999487
1550,BMG375851091,2021-02-23,4.8654351
1552,BMG375851091,2021-02-25,4.7999487
1553,BMG375851091,2021-02-26,4.7734962
1555,CA580135CD12,2020-03-03,72.47934
1556,CA580135CD12,2020-03-04,71.451096
1557,CA580135CD12,2020-03-05,71.159622
1558,CA580135CD12,2020-03-06,71.159622
1584,CA580135CD12,2020-04-13,66.700706
1585,CA580135CD12,2020-04-14,67.371025
1586,CA580135CD12,2020-04-15,67.371025
1587,CA580135CD12,2020-04-16,68.812378
1588,CA580135CD12,2020-04-17,67.464493
1589,CA580135CD12,2020-04-20,66.700706
1590,CA580135CD12,2020-04-21,66.762375
1591,CA580135CD12,2020-04-22,68.445526
1592,CA580135CD12,2020-04-23,64.274643
1593,CA580135CD12,2020-04-24,68.328079
1594,CA580135CD12,2020-04-27,68.328079
1595,CA580135CD12,2020-04-28,71.150581
1596,CA580135CD12,2020-04-29,69.222885
1598,CA580135CD12,2020-05-01,69.851151
1597,CA580135CD12,2020-04-30,69.499931
1599,CA580135CD12,2020-05-04,69.222885
1600,CA580135CD12,2020-05-05,67.904991
1601,CA580135CD12,2020-05-06,68.644463
1602,CA580135CD12,2020-05-07,69.194878
1603,CA580135CD12,2020-05-08,68.644463
1604,CA580135CD12,2020-05-11,68.644463
1605,CA580135CD12,2020-05-12,68.644463
1606,CA580135CD12,2020-05-13,68.644463
1607,CA580135CD12,2020-05-14,68.961578
1608,CA580135CD12,2020-05-15,68.85215
1609,CA580135CD12,2020-05-18,69.48037
1610,CA580135CD12,2020-05-19,68.957977
1611,CA580135CD12,2020-05-20,69.686844
1612,CA580135CD12,2020-05-21,69.939346
1613,CA580135CD12,2020-05-22,69.48037
1614,CA580135CD12,2020-05-25,68.85215
1615,CA580135CD12,2020-05-26,69.939346
1616,CA580135CD12,2020-05-27,69.471176
1617,CA580135CD12,2020-05-28,70.123489
1618,CA580135CD12,2020-05-29,68.961578
1619,CA580135CD12,2020-06-01,70.03196
1620,CA580135CD12,2020-06-02,70.03196
1621,CA580135CD12,2020-06-03,71.117424
1622,CA580135CD12,2020-06-04,70.247849
1623,CA580135CD12,2020-06-05,71.503906
1624,CA580135CD12,2020-06-08,69.749756
1625,CA580135CD12,2020-06-09,70.313499
1626,CA580135CD12,2020-06-10,72.058174
1627,CA580135CD12,2020-06-11,70.589806
1628,CA580135CD12,2020-06-12,70.241753
1629,CA580135CD12,2020-06-15,68.775452
1630,CA580135CD12,2020-06-16,69.754906
1631,CA580135CD12,2020-06-17,70.589806
1632,CA580135CD12,2020-06-18,69.754906
1633,CA580135CD12,2020-06-19,70.589806
1634,CA580135CD12,2020-06-22,69.843704
1635,CA580135CD12,2020-06-23,70.530136
1636,CA580135CD12,2020-06-24,69.258293
1637,CA580135CD12,2020-06-25,69.258293
1639,CA580135CD12,2020-06-29,70.179092
1638,CA580135CD12,2020-06-26,70.530136
1640,CA580135CD12,2020-06-30,69.847878
1641,CA580135CD12,2020-07-01,68.775452
1642,CA580135CD12,2020-07-02,72.47934
1643,CA580135CD12,2020-07-03,70.008995
1644,CA580135CD12,2020-07-06,70.318657
1645,CA580135CD12,2020-07-07,70.766838
1646,CA580135CD12,2020-07-08,64.274643
1647,CA580135CD12,2020-07-09,64.490997
1648,CA580135CD12,2020-07-10,71.159622
1649,CA580135CD12,2020-07-13,70.641075
1651,CA580135CD12,2020-07-15,70.033157
1650,CA580135CD12,2020-07-14,70.225426
1652,CA580135CD12,2020-07-16,69.705925
1653,CA580135CD12,2020-07-17,70.033157
1654,CA580135CD12,2020-07-20,70.112984
1655,CA580135CD12,2020-07-21,70.02282
1656,CA580135CD12,2020-07-22,70.02282
1657,CA580135CD12,2020-07-23,69.836128
1658,CA580135CD12,2020-07-24,69.819611
1659,CA580135CD12,2020-07-27,70.318657
1660,CA580135CD12,2020-07-28,69.393021
1661,CA580135CD12,2020-07-29,69.393021
1662,CA580135CD12,2020-07-30,69.189468
1663,CA580135CD12,2020-07-31,69.092033
1664,CA580135CD12,2020-08-03,69.092033
1665,CA580135CD12,2020-08-04,69.189468
1666,CA580135CD12,2020-08-05,69.107254
1667,CA580135CD12,2020-08-06,70.225426
1668,CA580135CD12,2020-08-07,66.152664
1669,CA580135CD12,2020-08-10,70.506134
1670,CA580135CD12,2020-08-11,69.02224
1671,CA580135CD12,2020-08-12,69.19149
1672,CA580135CD12,2020-08-13,69.57737
1673,CA580135CD12,2020-08-14,70.247849
1674,CA580135CD12,2020-08-17,70.313499
1676,CA580135CD12,2020-08-19,69.072006
1675,CA580135CD12,2020-08-18,70.898445
1677,CA580135CD12,2020-08-20,68.937241
1678,CA580135CD12,2020-08-21,69.072006
1679,CA580135CD12,2020-08-24,69.840408
1733,CA580135CD12,2020-11-06,69.666756
1734,CA580135CD12,2020-11-09,69.99044
1737,CA580135CD12,2020-11-12,69.776733
1741,CA580135CD12,2020-11-18,69.67804
1742,CA580135CD12,2020-11-19,69.35228
1743,CA580135CD12,2020-11-20,69.923813
1748,CA580135CD12,2020-11-27,69.99044
1746,CA580135CD12,2020-11-25,70.020279
1747,CA580135CD12,2020-11-26,70.182564
1749,CA580135CD12,2020-11-30,69.796471
1750,CA580135CD12,2020-12-01,70.292229
1751,CA580135CD12,2020-12-02,69.856514
1752,CA580135CD12,2020-12-03,69.856514
1753,CA580135CD12,2020-12-04,69.977165
1754,CA580135CD12,2020-12-07,69.428581
1755,CA580135CD12,2020-12-08,69.683289
1756,CA580135CD12,2020-12-09,69.413116
1757,CA580135CD12,2020-12-10,69.413116
1758,CA580135CD12,2020-12-11,69.977165
1759,CA580135CD12,2020-12-14,69.856514
1760,CA580135CD12,2020-12-15,69.977165
1761,CA580135CD12,2020-12-16,69.98494
1762,CA580135CD12,2020-12-17,69.777145
1763,CA580135CD12,2020-12-18,69.428581
1764,CA580135CD12,2020-12-21,69.428581
1765,CA580135CD12,2020-12-22,69.703934
1766,CA580135CD12,2020-12-23,69.329948
1767,CA580135CD12,2020-12-24,69.007843
1768,CA580135CD12,2020-12-28,69.196098
1769,CA580135CD12,2020-12-29,69.241974
1770,CA580135CD12,2020-12-30,69.413116
1771,CA580135CD12,2020-12-31,69.091179
1772,CA580135CD12,2021-01-01,69.691978
1773,CA580135CD12,2021-01-04,69.990372
1774,CA580135CD12,2021-01-05,69.610603
1775,CA580135CD12,2021-01-06,69.550682
1776,CA580135CD12,2021-01-07,69.550682
1777,CA580135CD12,2021-01-08,69.460297
1778,CA580135CD12,2021-01-11,69.75647
1779,CA580135CD12,2021-01-12,69.954636
1780,CA580135CD12,2021-01-13,69.886375
1781,CA580135CD12,2021-01-14,70.060783
1782,CA580135CD12,2021-01-15,69.557915
1784,CA580135CD12,2021-01-19,70.603455
1783,CA580135CD12,2021-01-18,70.002327
1785,CA580135CD12,2021-01-20,69.557915
1786,CA580135CD12,2021-01-21,70.365677
1787,CA580135CD12,2021-01-22,70.97847
1788,CA580135CD12,2021-01-25,69.514389
1789,CA580135CD12,2021-01-26,69.902344
1790,CA580135CD12,2021-01-27,69.703934
1791,CA580135CD12,2021-01-28,70.311333
1792,CA580135CD12,2021-01-29,69.703934
1793,CA580135CD12,2021-02-01,70.013214
1794,CA580135CD12,2021-02-02,69.949051
1795,CA580135CD12,2021-02-03,69.949051
1796,CA580135CD12,2021-02-04,70.035141
1797,CA580135CD12,2021-02-05,70.03714
1798,CA580135CD12,2021-02-08,70.40873
1799,CA580135CD12,2021-02-09,70.40873
1800,CA580135CD12,2021-02-10,69.856514
1801,CA580135CD12,2021-02-11,70.584991
1802,CA580135CD12,2021-02-12,70.394981
1803,CA580135CD12,2021-02-15,70.394981
1804,CA580135CD12,2021-02-16,70.421219
1805,CA580135CD12,2021-02-17,70.447067
1806,CA580135CD12,2021-02-18,70.447067
1807,CA580135CD12,2021-02-19,70.499374
1808,CA580135CD12,2021-02-22,70.632454
1809,CA580135CD12,2021-02-23,70.419685
1810,CA580135CD12,2021-02-24,70.263786
1811,CA580135CD12,2021-02-25,70.308113
1986,CH0198251305,2020-03-16,19.84
1987,CH0198251305,2020-03-17,21.03
1812,CA580135CD12,2021-02-26,70.308113
2020,CH0198251305,2020-05-01,23.27
2021,CH0198251305,2020-05-04,23.17
2022,CH0198251305,2020-05-05,22.24
2024,CH0198251305,2020-05-07,22.4
2025,CH0198251305,2020-05-08,21.78
2038,CH0198251305,2020-05-27,21.66
2039,CH0198251305,2020-05-28,22.11
2040,CH0198251305,2020-05-29,23.4
2041,CH0198251305,2020-06-01,23.4
2042,CH0198251305,2020-06-02,22.76
2043,CH0198251305,2020-06-03,23.52
2044,CH0198251305,2020-06-04,23.52
2045,CH0198251305,2020-06-05,23.42
2046,CH0198251305,2020-06-08,24.16
2047,CH0198251305,2020-06-09,23.54
2048,CH0198251305,2020-06-10,23.54
2049,CH0198251305,2020-06-11,23.7
2050,CH0198251305,2020-06-12,23.81
2051,CH0198251305,2020-06-15,23.8
2052,CH0198251305,2020-06-16,23.7
2053,CH0198251305,2020-06-17,23.3
2054,CH0198251305,2020-06-18,23.2
2055,CH0198251305,2020-06-19,22.7
2056,CH0198251305,2020-06-22,22.7
2057,CH0198251305,2020-06-23,24.1
2058,CH0198251305,2020-06-24,23.3
2059,CH0198251305,2020-06-25,23.2
2060,CH0198251305,2020-06-26,21.2
2061,CH0198251305,2020-06-29,21.3
2062,CH0198251305,2020-06-30,22.4
2063,CH0198251305,2020-07-01,22.4
2064,CH0198251305,2020-07-02,22.3
2065,CH0198251305,2020-07-03,21.7
2066,CH0198251305,2020-07-06,21.2
2067,CH0198251305,2020-07-07,21.3
2068,CH0198251305,2020-07-08,21.2
2069,CH0198251305,2020-07-09,20.2
2070,CH0198251305,2020-07-10,20.6
2071,CH0198251305,2020-07-13,21.4
2072,CH0198251305,2020-07-14,22.2
2073,CH0198251305,2020-07-15,22.5
2074,CH0198251305,2020-07-16,23.3
2075,CH0198251305,2020-07-17,22.5
2076,CH0198251305,2020-07-20,22.5
2077,CH0198251305,2020-07-21,22.9
2078,CH0198251305,2020-07-22,22.2
2079,CH0198251305,2020-07-23,22.7
2080,CH0198251305,2020-07-24,22.8
2081,CH0198251305,2020-07-27,21.8
2082,CH0198251305,2020-07-28,22.3
2083,CH0198251305,2020-07-29,22.23
2084,CH0198251305,2020-07-30,22.56
2085,CH0198251305,2020-07-31,22.7
2086,CH0198251305,2020-08-03,22.34
2087,CH0198251305,2020-08-04,22.56
2088,CH0198251305,2020-08-05,22.75
2089,CH0198251305,2020-08-06,22.86
2090,CH0198251305,2020-08-07,22.7
2091,CH0198251305,2020-08-10,23.08
2092,CH0198251305,2020-08-11,22.56
2093,CH0198251305,2020-08-12,22.8
2094,CH0198251305,2020-08-13,22.34
2095,CH0198251305,2020-08-14,23.45
2096,CH0198251305,2020-08-17,23.3
2097,CH0198251305,2020-08-18,23.84
2098,CH0198251305,2020-08-19,22.46
2099,CH0198251305,2020-08-20,22.64
2100,CH0198251305,2020-08-21,22.15
2101,CH0198251305,2020-08-24,22.56
2102,CH0198251305,2020-08-25,23.1
2103,CH0198251305,2020-08-26,22.56
2104,CH0198251305,2020-08-27,22.46
2105,CH0198251305,2020-08-28,22.64
2106,CH0198251305,2020-08-31,22.15
2107,CH0198251305,2020-09-01,22.56
2108,CH0198251305,2020-09-02,22.2
2109,CH0198251305,2020-09-03,23.28
2110,CH0198251305,2020-09-04,23.49
2111,CH0198251305,2020-09-07,22.75
2112,CH0198251305,2020-09-08,22.86
2113,CH0198251305,2020-09-09,22.75
2114,CH0198251305,2020-09-10,22.63
2115,CH0198251305,2020-09-11,22.45
2116,CH0198251305,2020-09-14,22.8
2117,CH0198251305,2020-09-15,22.56
2118,CH0198251305,2020-09-16,22.45
2119,CH0198251305,2020-09-17,22.6
2120,CH0198251305,2020-09-18,22.6
2121,CH0198251305,2020-09-21,21.9
2122,CH0198251305,2020-09-22,21.71
2123,CH0198251305,2020-09-23,21.17
2124,CH0198251305,2020-09-24,21.17
2125,CH0198251305,2020-09-25,21.6
2126,CH0198251305,2020-09-28,20.92
2127,CH0198251305,2020-09-29,21.75
2128,CH0198251305,2020-09-30,21.75
2129,CH0198251305,2020-10-01,21.34
2130,CH0198251305,2020-10-02,21.3
2131,CH0198251305,2020-10-05,21.71
2132,CH0198251305,2020-10-06,21.57
2133,CH0198251305,2020-10-07,21.84
2134,CH0198251305,2020-10-08,21.56
2135,CH0198251305,2020-10-09,21.65
2136,CH0198251305,2020-10-12,21.56
2137,CH0198251305,2020-10-13,21.84
2138,CH0198251305,2020-10-14,21.34
2139,CH0198251305,2020-10-15,21.4
2140,CH0198251305,2020-10-16,21.57
2141,CH0198251305,2020-10-19,20.94
2142,CH0198251305,2020-10-20,21.6
2143,CH0198251305,2020-10-21,21.32
2144,CH0198251305,2020-10-22,21.32
2145,CH0198251305,2020-10-23,21.32
2146,CH0198251305,2020-10-26,23.88
2147,CH0198251305,2020-10-27,21.7
2148,CH0198251305,2020-10-28,21.7
2149,CH0198251305,2020-10-29,20.85
2150,CH0198251305,2020-10-30,21.4
2151,CH0198251305,2020-11-02,19.6
2152,CH0198251305,2020-11-03,21.54
2153,CH0198251305,2020-11-04,19.8
2154,CH0198251305,2020-11-05,21.45
2155,CH0198251305,2020-11-06,20.15
2156,CH0198251305,2020-11-09,21.7
2157,CH0198251305,2020-11-10,20.85
2158,CH0198251305,2020-11-11,19.6
2159,CH0198251305,2020-11-12,23.61
2166,CH0198251305,2020-11-23,24.99
2167,CH0198251305,2020-11-24,24.99
2168,CH0198251305,2020-11-25,24.72
2169,CH0198251305,2020-11-26,24.58
2170,CH0198251305,2020-11-27,24.58
2171,CH0198251305,2020-11-30,24.58
2172,CH0198251305,2020-12-01,24.58
2173,CH0198251305,2020-12-02,23.82
2174,CH0198251305,2020-12-03,23.82
2175,CH0198251305,2020-12-04,23.82
2176,CH0198251305,2020-12-07,25.73
2177,CH0198251305,2020-12-08,25.14
2178,CH0198251305,2020-12-09,25.14
2179,CH0198251305,2020-12-10,25.37
2180,CH0198251305,2020-12-11,25.13
2181,CH0198251305,2020-12-14,25.13
2182,CH0198251305,2020-12-15,25.11
2216,CH0198251305,2021-02-02,24.2
2215,CH0198251305,2021-02-01,24.7
2218,CH0198251305,2021-02-04,25.0
2219,CH0198251305,2021-02-05,25.4
2220,CH0198251305,2021-02-08,25.2
2236,DE0001102325,2020-03-03,110.014145
2248,DE0001102325,2020-03-19,109.27861
2249,DE0001102325,2020-03-20,108.82917
2250,DE0001102325,2020-03-23,109.095161
2251,DE0001102325,2020-03-24,109.223495
2252,DE0001102325,2020-03-25,109.694199
2253,DE0001102325,2020-03-26,109.690582
2254,DE0001102325,2020-03-27,109.053101
2257,DE0001102325,2020-04-01,109.399002
2258,DE0001102325,2020-04-02,109.399002
2274,DE0001102325,2020-04-24,108.919678
2273,DE0001102325,2020-04-23,109.059486
2275,DE0001102325,2020-04-27,108.919678
2278,DE0001102325,2020-04-30,109.015656
2276,DE0001102325,2020-04-28,109.056786
2277,DE0001102325,2020-04-29,108.999405
2281,DE0001102325,2020-05-05,109.074524
2282,DE0001102325,2020-05-06,109.304184
2283,DE0001102325,2020-05-07,109.430962
2284,DE0001102325,2020-05-08,109.235107
2285,DE0001102325,2020-05-11,109.24337
2286,DE0001102325,2020-05-12,109.287376
2279,DE0001102325,2020-05-01,109.015656
2287,DE0001102325,2020-05-13,109.206337
2288,DE0001102325,2020-05-14,109.120918
2289,DE0001102325,2020-05-15,109.30471
2290,DE0001102325,2020-05-18,109.074524
2309,DE0001102325,2020-06-12,108.60154
2310,DE0001102325,2020-06-15,108.66433
2326,DE0001102325,2020-07-07,108.553673
2322,DE0001102325,2020-07-01,108.694572
2338,DE0001102325,2020-07-23,108.442657
2340,DE0001102325,2020-07-27,108.442657
2341,DE0001102325,2020-07-28,108.491371
2339,DE0001102325,2020-07-24,108.357361
2366,DE0001102325,2020-09-01,108.033882
2387,DE0001102325,2020-09-30,108.023895
2386,DE0001102325,2020-09-29,108.023895
2376,DE0001102325,2020-09-15,108.002518
2395,DE0001102325,2020-10-12,107.975716
2397,DE0001102325,2020-10-14,108.067192
2396,DE0001102325,2020-10-13,107.929153
2385,DE0001102325,2020-09-28,108.002518
2404,DE0001102325,2020-10-23,108.006569
2405,DE0001102325,2020-10-26,107.9767
2408,DE0001102325,2020-10-29,107.9767
2412,DE0001102325,2020-11-04,107.929153
2410,DE0001102325,2020-11-02,108.066879
2411,DE0001102325,2020-11-03,108.006569
2413,DE0001102325,2020-11-05,108.017357
2407,DE0001102325,2020-10-28,108.059883
2414,DE0001102325,2020-11-06,107.989517
2429,DE0001102325,2020-11-27,107.684593
2436,DE0001102325,2020-12-08,107.61924
2437,DE0001102325,2020-12-09,107.733505
2438,DE0001102325,2020-12-10,107.540169
2442,DE0001102325,2020-12-16,107.540169
2443,DE0001102325,2020-12-17,107.4832
2453,DE0001102325,2021-01-01,107.323997
2454,DE0001102325,2021-01-04,107.343842
2456,DE0001102325,2021-01-06,107.306458
2457,DE0001102325,2021-01-07,107.319611
2455,DE0001102325,2021-01-05,107.319611
2463,DE0001102325,2021-01-15,107.240128
2464,DE0001102325,2021-01-18,107.160957
2465,DE0001102325,2021-01-19,107.319611
2466,DE0001102325,2021-01-20,107.158455
2467,DE0001102325,2021-01-21,107.157097
2468,DE0001102325,2021-01-22,107.094635
2469,DE0001102325,2021-01-25,107.094635
2470,DE0001102325,2021-01-26,107.094635
2472,DE0001102325,2021-01-28,107.094635
2471,DE0001102325,2021-01-27,107.094635
2477,DE0001102325,2021-02-04,107.019066
2475,DE0001102325,2021-02-02,107.092628
2476,DE0001102325,2021-02-03,107.042694
2485,DE0001102325,2021-02-16,106.873039
2486,DE0001102325,2021-02-17,106.926872
2494,DE0001102457,2020-03-02,108.235535
2495,DE0001102457,2020-03-03,108.369835
2489,DE0001102325,2021-02-22,106.785522
2491,DE0001102325,2021-02-24,106.777885
2496,DE0001102457,2020-03-04,108.346817
2497,DE0001102457,2020-03-05,108.47261
2498,DE0001102457,2020-03-06,108.839531
2499,DE0001102457,2020-03-09,109.279114
2500,DE0001102457,2020-03-10,110.304314
2501,DE0001102457,2020-03-11,109.920105
2492,DE0001102325,2021-02-25,106.76368
2502,DE0001102457,2020-03-12,109.499535
2503,DE0001102457,2020-03-13,109.920105
2505,DE0001102457,2020-03-17,108.346817
2504,DE0001102457,2020-03-16,109.279114
2507,DE0001102457,2020-03-19,107.260941
2506,DE0001102457,2020-03-18,107.106644
2508,DE0001102457,2020-03-20,104.345657
2509,DE0001102457,2020-03-23,104.345657
2510,DE0001102457,2020-03-24,104.918823
2511,DE0001102457,2020-03-25,105.679962
2512,DE0001102457,2020-03-26,105.679962
2513,DE0001102457,2020-03-27,106.107338
2514,DE0001102457,2020-03-30,107.106644
2515,DE0001102457,2020-03-31,107.526703
2516,DE0001102457,2020-04-01,107.526703
2517,DE0001102457,2020-04-02,107.526703
2518,DE0001102457,2020-04-03,106.529541
2519,DE0001102457,2020-04-06,107.106644
2520,DE0001102457,2020-04-07,106.477615
2521,DE0001102457,2020-04-08,105.667465
2522,DE0001102457,2020-04-09,105.618988
2523,DE0001102457,2020-04-10,106.733986
2524,DE0001102457,2020-04-13,106.430717
2525,DE0001102457,2020-04-14,105.935913
2526,DE0001102457,2020-04-15,106.53614
2527,DE0001102457,2020-04-16,106.510574
2528,DE0001102457,2020-04-17,106.755165
2529,DE0001102457,2020-04-20,106.755165
2530,DE0001102457,2020-04-21,106.755165
2531,DE0001102457,2020-04-22,106.733986
2532,DE0001102457,2020-04-23,107.106644
2533,DE0001102457,2020-04-24,107.353615
2534,DE0001102457,2020-04-27,106.922592
2535,DE0001102457,2020-04-28,106.709831
2536,DE0001102457,2020-04-29,106.709831
2537,DE0001102457,2020-04-30,107.260941
2538,DE0001102457,2020-05-01,107.260941
2539,DE0001102457,2020-05-04,107.673241
2540,DE0001102457,2020-05-05,108.235535
2542,DE0001102457,2020-05-07,107.872131
2544,DE0001102457,2020-05-11,108.839531
2543,DE0001102457,2020-05-08,107.872131
2545,DE0001102457,2020-05-12,108.47261
2541,DE0001102457,2020-05-06,107.872131
2546,DE0001102457,2020-05-13,107.328934
2547,DE0001102457,2020-05-14,107.225655
2548,DE0001102457,2020-05-15,107.372841
2549,DE0001102457,2020-05-18,107.372841
2550,DE0001102457,2020-05-19,107.367119
2551,DE0001102457,2020-05-20,107.372841
2552,DE0001102457,2020-05-21,107.079475
2553,DE0001102457,2020-05-22,107.367119
2554,DE0001102457,2020-05-25,107.015388
2555,DE0001102457,2020-05-26,106.98246
2556,DE0001102457,2020-05-27,106.466431
2557,DE0001102457,2020-05-28,106.390831
2558,DE0001102457,2020-05-29,106.390831
2559,DE0001102457,2020-06-01,106.627632
2560,DE0001102457,2020-06-02,106.627632
2561,DE0001102457,2020-06-03,106.627632
2562,DE0001102457,2020-06-04,106.755165
2564,DE0001102457,2020-06-08,105.20929
2565,DE0001102457,2020-06-09,105.601135
2567,DE0001102457,2020-06-11,105.20929
2563,DE0001102457,2020-06-05,106.809656
2566,DE0001102457,2020-06-10,105.20929
2581,DE0001102457,2020-07-01,107.872131
2583,DE0001102457,2020-07-03,106.510574
2582,DE0001102457,2020-07-02,107.091835
2584,DE0001102457,2020-07-06,106.82859
2585,DE0001102457,2020-07-07,106.82859
2586,DE0001102457,2020-07-08,106.82859
2589,DE0001102457,2020-07-13,107.093864
2591,DE0001102457,2020-07-15,107.093864
2590,DE0001102457,2020-07-14,107.093864
2592,DE0001102457,2020-07-16,107.093864
2593,DE0001102457,2020-07-17,106.716125
2594,DE0001102457,2020-07-20,106.870201
2595,DE0001102457,2020-07-21,106.716125
2596,DE0001102457,2020-07-22,107.372841
2597,DE0001102457,2020-07-23,106.870201
2568,DE0001102457,2020-06-12,105.596169
2598,DE0001102457,2020-07-24,107.071526
2599,DE0001102457,2020-07-27,106.828545
2600,DE0001102457,2020-07-28,107.372841
2601,DE0001102457,2020-07-29,107.303543
2602,DE0001102457,2020-07-30,107.225655
2603,DE0001102457,2020-07-31,107.372841
2604,DE0001102457,2020-08-03,107.328934
2605,DE0001102457,2020-08-04,107.225655
2607,DE0001102457,2020-08-06,107.496201
2606,DE0001102457,2020-08-05,107.372841
2611,DE0001102457,2020-08-12,106.790169
2608,DE0001102457,2020-08-07,107.237709
2610,DE0001102457,2020-08-11,107.267487
2609,DE0001102457,2020-08-10,107.372841
2612,DE0001102457,2020-08-13,106.80471
2613,DE0001102457,2020-08-14,107.037003
2614,DE0001102457,2020-08-17,106.456123
2615,DE0001102457,2020-08-18,106.98246
2616,DE0001102457,2020-08-19,106.466431
2617,DE0001102457,2020-08-20,106.98246
2618,DE0001102457,2020-08-21,107.120911
2619,DE0001102457,2020-08-24,106.390831
2620,DE0001102457,2020-08-25,107.109337
2621,DE0001102457,2020-08-26,106.548958
2622,DE0001102457,2020-08-27,106.442413
2624,DE0001102457,2020-08-31,106.353119
2625,DE0001102457,2020-09-01,106.396141
2629,DE0001102457,2020-09-07,106.740829
2630,DE0001102457,2020-09-08,107.112801
2633,DE0001102457,2020-09-11,106.914268
2632,DE0001102457,2020-09-10,106.85273
2631,DE0001102457,2020-09-09,106.806915
2634,DE0001102457,2020-09-14,106.907463
2635,DE0001102457,2020-09-15,107.199303
2636,DE0001102457,2020-09-16,106.953056
2637,DE0001102457,2020-09-17,107.112801
2638,DE0001102457,2020-09-18,107.093864
2639,DE0001102457,2020-09-21,106.983078
2640,DE0001102457,2020-09-22,107.199265
2642,DE0001102457,2020-09-24,107.567192
2641,DE0001102457,2020-09-23,107.199265
2643,DE0001102457,2020-09-25,107.567192
2644,DE0001102457,2020-09-28,107.149422
2645,DE0001102457,2020-09-29,107.567192
2647,DE0001102457,2020-10-01,107.367119
2646,DE0001102457,2020-09-30,107.372841
2648,DE0001102457,2020-10-02,107.426956
2649,DE0001102457,2020-10-05,107.079475
2650,DE0001102457,2020-10-06,107.162163
2651,DE0001102457,2020-10-07,107.162163
2654,DE0001102457,2020-10-12,107.162163
2652,DE0001102457,2020-10-08,107.162163
2653,DE0001102457,2020-10-09,107.083916
2655,DE0001102457,2020-10-13,106.456123
2656,DE0001102457,2020-10-14,107.159325
2657,DE0001102457,2020-10-15,107.611298
2658,DE0001102457,2020-10-16,107.883804
2659,DE0001102457,2020-10-19,107.973732
2660,DE0001102457,2020-10-20,107.973732
2661,DE0001102457,2020-10-21,107.973732
2662,DE0001102457,2020-10-22,107.442665
2663,DE0001102457,2020-10-23,107.024879
2664,DE0001102457,2020-10-26,107.024879
2666,DE0001102457,2020-10-28,106.541306
2667,DE0001102457,2020-10-29,107.927261
2668,DE0001102457,2020-10-30,108.072784
2669,DE0001102457,2020-11-02,108.002518
2670,DE0001102457,2020-11-03,108.002518
2673,DE0001102457,2020-11-06,107.837387
2671,DE0001102457,2020-11-04,107.914268
2672,DE0001102457,2020-11-05,108.031204
2674,DE0001102457,2020-11-09,107.536499
2676,DE0001102457,2020-11-11,106.839462
2677,DE0001102457,2020-11-12,106.960876
2678,DE0001102457,2020-11-13,107.034668
2679,DE0001102457,2020-11-16,108.002518
2680,DE0001102457,2020-11-17,107.264503
2681,DE0001102457,2020-11-18,107.376762
2682,DE0001102457,2020-11-19,107.376762
2683,DE0001102457,2020-11-20,107.264503
2684,DE0001102457,2020-11-23,107.344055
2686,DE0001102457,2020-11-25,107.797546
2685,DE0001102457,2020-11-24,107.842972
2687,DE0001102457,2020-11-26,107.531662
2688,DE0001102457,2020-11-27,107.552948
2689,DE0001102457,2020-11-30,107.552948
2690,DE0001102457,2020-12-01,107.837387
2691,DE0001102457,2020-12-02,107.442665
2692,DE0001102457,2020-12-03,107.159325
2693,DE0001102457,2020-12-04,106.541306
2694,DE0001102457,2020-12-07,106.759338
2695,DE0001102457,2020-12-08,107.589172
2696,DE0001102457,2020-12-09,108.009109
2697,DE0001102457,2020-12-10,108.009109
2698,DE0001102457,2020-12-11,108.072784
2699,DE0001102457,2020-12-14,108.031204
2700,DE0001102457,2020-12-15,107.402435
2701,DE0001102457,2020-12-16,107.46814
2702,DE0001102457,2020-12-17,107.46814
2703,DE0001102457,2020-12-18,107.341133
2704,DE0001102457,2020-12-21,107.341133
2705,DE0001102457,2020-12-22,107.341133
2706,DE0001102457,2020-12-23,107.445236
2707,DE0001102457,2020-12-24,107.031853
2708,DE0001102457,2020-12-28,107.163223
2709,DE0001102457,2020-12-29,107.163223
2710,DE0001102457,2020-12-30,107.648277
2711,DE0001102457,2020-12-31,107.280144
2712,DE0001102457,2021-01-01,107.280144
2713,DE0001102457,2021-01-04,107.589172
2716,DE0001102457,2021-01-07,107.140541
2717,DE0001102457,2021-01-08,107.140541
2718,DE0001102457,2021-01-11,107.381721
2714,DE0001102457,2021-01-05,107.4381
2720,DE0001102457,2021-01-13,106.695908
2715,DE0001102457,2021-01-06,106.548958
2719,DE0001102457,2021-01-12,107.159325
2722,DE0001102457,2021-01-15,107.589172
2726,DE0001102457,2021-01-21,107.151917
2727,DE0001102457,2021-01-22,107.151917
2730,DE0001102457,2021-01-27,107.187637
2728,DE0001102457,2021-01-25,107.261856
2729,DE0001102457,2021-01-26,107.448692
2731,DE0001102457,2021-01-28,107.326248
2733,DE0001102457,2021-02-01,107.082756
2732,DE0001102457,2021-01-29,107.325691
2734,DE0001102457,2021-02-02,106.977165
2735,DE0001102457,2021-02-03,107.159325
2736,DE0001102457,2021-02-04,107.319458
2737,DE0001102457,2021-02-05,106.628288
2738,DE0001102457,2021-02-08,107.345688
2739,DE0001102457,2021-02-09,106.554947
2740,DE0001102457,2021-02-10,106.597733
2741,DE0001102457,2021-02-11,106.597733
2742,DE0001102457,2021-02-12,106.678993
2743,DE0001102457,2021-02-15,106.450279
2744,DE0001102457,2021-02-16,106.110588
2745,DE0001102457,2021-02-17,106.479637
2747,DE0001102457,2021-02-19,105.850998
2748,DE0001102457,2021-02-22,105.648125
2750,DE0001102457,2021-02-24,105.696266
2749,DE0001102457,2021-02-23,105.648125
2752,DE0001102457,2021-02-26,105.046715
2768,DE0002635307,2020-03-23,27.825
2797,DE0002635307,2020-05-01,33.51
2799,DE0002635307,2020-05-05,33.557
2798,DE0002635307,2020-05-04,33.557
2796,DE0002635307,2020-04-30,34.405
2801,DE0002635307,2020-05-07,33.557
2800,DE0002635307,2020-05-06,33.557
2802,DE0002635307,2020-05-08,33.105
2803,DE0002635307,2020-05-11,33.955
2804,DE0002635307,2020-05-12,32.895
2805,DE0002635307,2020-05-13,33.105
2806,DE0002635307,2020-05-14,33.01
2808,DE0002635307,2020-05-18,32.755
2814,DE0002635307,2020-05-26,33.945
2815,DE0002635307,2020-05-27,33.45
2816,DE0002635307,2020-05-28,34.955
2817,DE0002635307,2020-05-29,35.13
2819,DE0002635307,2020-06-02,33.1
2820,DE0002635307,2020-06-03,35.97
2821,DE0002635307,2020-06-04,35.97
2822,DE0002635307,2020-06-05,36.36
2827,DE0002635307,2020-06-12,34.55
2824,DE0002635307,2020-06-09,37.47
2823,DE0002635307,2020-06-08,37.17
2825,DE0002635307,2020-06-10,35.13
2826,DE0002635307,2020-06-11,35.1
2829,DE0002635307,2020-06-16,35.34
2828,DE0002635307,2020-06-15,34.55
2830,DE0002635307,2020-06-17,34.55
2831,DE0002635307,2020-06-18,36.005
2832,DE0002635307,2020-06-19,36.005
2833,DE0002635307,2020-06-22,35.13
2834,DE0002635307,2020-06-23,35.725
2835,DE0002635307,2020-06-24,36.115
2836,DE0002635307,2020-06-25,35.615
2837,DE0002635307,2020-06-26,35.615
2838,DE0002635307,2020-06-29,35.725
2839,DE0002635307,2020-06-30,35.64
2840,DE0002635307,2020-07-01,35.84
2841,DE0002635307,2020-07-02,35.84
2842,DE0002635307,2020-07-03,35.84
2844,DE0002635307,2020-07-07,36.74
2846,DE0002635307,2020-07-09,36.27
2843,DE0002635307,2020-07-06,36.36
2847,DE0002635307,2020-07-10,36.5
2845,DE0002635307,2020-07-08,36.74
2849,DE0002635307,2020-07-14,36.5
2848,DE0002635307,2020-07-13,36.5
2850,DE0002635307,2020-07-15,36.19
2851,DE0002635307,2020-07-16,36.5
2852,DE0002635307,2020-07-17,36.62
2853,DE0002635307,2020-07-20,36.97
2854,DE0002635307,2020-07-21,36.99
2856,DE0002635307,2020-07-23,37.04
2855,DE0002635307,2020-07-22,36.99
2857,DE0002635307,2020-07-24,37.08
2858,DE0002635307,2020-07-27,36.3
2859,DE0002635307,2020-07-28,36.33
2860,DE0002635307,2020-07-29,35.84
2861,DE0002635307,2020-07-30,35.89
2862,DE0002635307,2020-07-31,36.29
2863,DE0002635307,2020-08-03,36.99
2864,DE0002635307,2020-08-04,36.12
2865,DE0002635307,2020-08-05,35.26
2866,DE0002635307,2020-08-06,35.93
2867,DE0002635307,2020-08-07,35.35
2869,DE0002635307,2020-08-11,36.44
2868,DE0002635307,2020-08-10,36.29
2870,DE0002635307,2020-08-12,36.99
2871,DE0002635307,2020-08-13,37.13
2872,DE0002635307,2020-08-14,36.94
2873,DE0002635307,2020-08-17,36.47
2976,DE0002635307,2021-01-08,40.475
2974,DE0002635307,2021-01-06,36.765
2981,DE0002635307,2021-01-15,40.685
2975,DE0002635307,2021-01-07,38.955
2985,DE0002635307,2021-01-21,40.235
2979,DE0002635307,2021-01-13,40.415
2982,DE0002635307,2021-01-18,40.685
2978,DE0002635307,2021-01-12,40.765
2977,DE0002635307,2021-01-11,40.765
2980,DE0002635307,2021-01-14,40.435
2984,DE0002635307,2021-01-20,40.275
2987,DE0002635307,2021-01-25,40.4
2992,DE0002635307,2021-02-01,38.97
2983,DE0002635307,2021-01-19,40.685
2990,DE0002635307,2021-01-28,39.6
2991,DE0002635307,2021-01-29,39.83
2988,DE0002635307,2021-01-26,40.095
2993,DE0002635307,2021-02-02,39.66
2986,DE0002635307,2021-01-22,40.685
2989,DE0002635307,2021-01-27,40.29
3019,DE0005552004,2020-03-11,24.93
3021,DE0005552004,2020-03-13,20.765
3020,DE0005552004,2020-03-12,23.595
2994,DE0002635307,2021-02-03,39.83
2995,DE0002635307,2021-02-04,39.415
2996,DE0002635307,2021-02-05,39.575
3000,DE0002635307,2021-02-11,40.42
3002,DE0002635307,2021-02-15,40.37
2997,DE0002635307,2021-02-08,40.435
3006,DE0002635307,2021-02-19,40.11
3008,DE0002635307,2021-02-23,39.66
3003,DE0002635307,2021-02-16,40.095
2998,DE0002635307,2021-02-09,40.525
3001,DE0002635307,2021-02-12,40.435
2999,DE0002635307,2021-02-10,40.605
3007,DE0002635307,2021-02-22,38.97
3005,DE0002635307,2021-02-18,40.865
3010,DE0002635307,2021-02-25,40.92
3004,DE0002635307,2021-02-17,40.29
3009,DE0002635307,2021-02-24,40.11
3022,DE0005552004,2020-03-16,22.945
3023,DE0005552004,2020-03-17,20.115
3024,DE0005552004,2020-03-18,21.06
3059,DE0005552004,2020-05-06,27.58
3060,DE0005552004,2020-05-07,26.27
3064,DE0005552004,2020-05-13,27.38
3058,DE0005552004,2020-05-05,26.12
3063,DE0005552004,2020-05-12,26.32
3067,DE0005552004,2020-05-18,27.08
3068,DE0005552004,2020-05-19,28.06
3069,DE0005552004,2020-05-20,27.52
3070,DE0005552004,2020-05-21,28.2
3072,DE0005552004,2020-05-25,27.38
3073,DE0005552004,2020-05-26,27.092
3071,DE0005552004,2020-05-22,26.17
3074,DE0005552004,2020-05-27,28.32
3075,DE0005552004,2020-05-28,28.98
3076,DE0005552004,2020-05-29,28.73
3077,DE0005552004,2020-06-01,28.26
3079,DE0005552004,2020-06-03,28.26
3078,DE0005552004,2020-06-02,27.38
3083,DE0005552004,2020-06-09,31.97
3081,DE0005552004,2020-06-05,27.38
3080,DE0005552004,2020-06-04,26.91
3084,DE0005552004,2020-06-10,31.3
3082,DE0005552004,2020-06-08,26.82
3085,DE0005552004,2020-06-11,30.92
3087,DE0005552004,2020-06-15,30.45
3086,DE0005552004,2020-06-12,29.425
3088,DE0005552004,2020-06-16,30.45
3089,DE0005552004,2020-06-17,30.45
3090,DE0005552004,2020-06-18,31.03
3093,DE0005552004,2020-06-23,31.14
3091,DE0005552004,2020-06-19,31.35
3092,DE0005552004,2020-06-22,30.66
3094,DE0005552004,2020-06-24,31.76
3095,DE0005552004,2020-06-25,31.4
3096,DE0005552004,2020-06-26,31.85
3097,DE0005552004,2020-06-29,31.76
3099,DE0005552004,2020-07-01,31.85
3098,DE0005552004,2020-06-30,31.3
3100,DE0005552004,2020-07-02,31.3
3102,DE0005552004,2020-07-06,33.04
3101,DE0005552004,2020-07-03,32.84
3103,DE0005552004,2020-07-07,33.14
3104,DE0005552004,2020-07-08,33.89
3105,DE0005552004,2020-07-09,34.05
3106,DE0005552004,2020-07-10,34.22
3108,DE0005552004,2020-07-14,34.17
3107,DE0005552004,2020-07-13,34.24
3110,DE0005552004,2020-07-16,34.39
3109,DE0005552004,2020-07-15,34.07
3112,DE0005552004,2020-07-20,34.71
3113,DE0005552004,2020-07-21,34.39
3111,DE0005552004,2020-07-17,34.71
3115,DE0005552004,2020-07-23,35.33
3114,DE0005552004,2020-07-22,35.41
3116,DE0005552004,2020-07-24,35.31
3117,DE0005552004,2020-07-27,34.86
3119,DE0005552004,2020-07-29,34.61
3118,DE0005552004,2020-07-28,34.61
3122,DE0005552004,2020-08-03,34.15
3120,DE0005552004,2020-07-30,35.31
3121,DE0005552004,2020-07-31,34.91
3123,DE0005552004,2020-08-04,35.34
3124,DE0005552004,2020-08-05,35.35
3125,DE0005552004,2020-08-06,36.13
3126,DE0005552004,2020-08-07,36.61
3127,DE0005552004,2020-08-10,36.39
3129,DE0005552004,2020-08-12,34.24
3128,DE0005552004,2020-08-11,35.26
3131,DE0005552004,2020-08-14,37.82
3132,DE0005552004,2020-08-17,34.24
3133,DE0005552004,2020-08-18,37.47
3130,DE0005552004,2020-08-13,34.24
3134,DE0005552004,2020-08-19,37.76
3135,DE0005552004,2020-08-20,37.76
3136,DE0005552004,2020-08-21,38.08
3137,DE0005552004,2020-08-24,38.06
3138,DE0005552004,2020-08-25,38.77
3139,DE0005552004,2020-08-26,39.32
3140,DE0005552004,2020-08-27,40.02
3142,DE0005552004,2020-08-31,38.36
3141,DE0005552004,2020-08-28,39.32
3143,DE0005552004,2020-09-01,38.22
3145,DE0005552004,2020-09-03,38.56
3144,DE0005552004,2020-09-02,38.22
3146,DE0005552004,2020-09-04,38.08
3147,DE0005552004,2020-09-07,38.56
3149,DE0005552004,2020-09-09,40.02
3148,DE0005552004,2020-09-08,37.96
3151,DE0005552004,2020-09-11,38.9
3153,DE0005552004,2020-09-15,38.23
3152,DE0005552004,2020-09-14,37.55
3150,DE0005552004,2020-09-10,38.9
3154,DE0005552004,2020-09-16,38.56
3155,DE0005552004,2020-09-17,38.08
3156,DE0005552004,2020-09-18,38.23
3157,DE0005552004,2020-09-21,37.55
3158,DE0005552004,2020-09-22,38.0
3159,DE0005552004,2020-09-23,38.9
3160,DE0005552004,2020-09-24,38.41
3161,DE0005552004,2020-09-25,38.08
3162,DE0005552004,2020-09-28,38.11
3163,DE0005552004,2020-09-29,38.53
3164,DE0005552004,2020-09-30,38.0
3165,DE0005552004,2020-10-01,39.28
3166,DE0005552004,2020-10-02,38.41
3167,DE0005552004,2020-10-05,39.37
3168,DE0005552004,2020-10-06,39.56
3169,DE0005552004,2020-10-07,38.23
3170,DE0005552004,2020-10-08,38.56
3172,DE0005552004,2020-10-12,41.21
3171,DE0005552004,2020-10-09,41.17
3174,DE0005552004,2020-10-14,38.08
3173,DE0005552004,2020-10-13,38.06
3175,DE0005552004,2020-10-15,41.84
3176,DE0005552004,2020-10-16,38.36
3177,DE0005552004,2020-10-19,41.04
3178,DE0005552004,2020-10-20,40.92
3179,DE0005552004,2020-10-21,41.27
3181,DE0005552004,2020-10-23,40.76
3180,DE0005552004,2020-10-22,37.76
3182,DE0005552004,2020-10-26,40.58
3183,DE0005552004,2020-10-27,39.54
3184,DE0005552004,2020-10-28,39.15
3185,DE0005552004,2020-10-29,37.87
3186,DE0005552004,2020-10-30,37.87
3187,DE0005552004,2020-11-02,38.25
3189,DE0005552004,2020-11-04,40.76
3190,DE0005552004,2020-11-05,39.95
3188,DE0005552004,2020-11-03,39.01
3191,DE0005552004,2020-11-06,40.15
3192,DE0005552004,2020-11-09,41.43
3193,DE0005552004,2020-11-10,37.87
3194,DE0005552004,2020-11-11,38.84
3205,DE0005552004,2020-11-26,40.39
3206,DE0005552004,2020-11-27,40.47
3207,DE0005552004,2020-11-30,40.66
3208,DE0005552004,2020-12-01,40.47
3209,DE0005552004,2020-12-02,40.66
3210,DE0005552004,2020-12-03,40.47
3211,DE0005552004,2020-12-04,40.74
3212,DE0005552004,2020-12-07,41.27
3213,DE0005552004,2020-12-08,40.81
3214,DE0005552004,2020-12-09,39.65
3215,DE0005552004,2020-12-10,39.15
3217,DE0005552004,2020-12-14,38.34
3218,DE0005552004,2020-12-15,39.15
3216,DE0005552004,2020-12-11,37.87
3221,DE0005552004,2020-12-18,41.42
3222,DE0005552004,2020-12-21,41.26
3220,DE0005552004,2020-12-17,38.97
3223,DE0005552004,2020-12-22,41.43
3219,DE0005552004,2020-12-16,39.83
3224,DE0005552004,2020-12-23,40.43
3225,DE0005552004,2020-12-24,40.21
3226,DE0005552004,2020-12-28,40.57
3227,DE0005552004,2020-12-29,41.27
3228,DE0005552004,2020-12-30,40.74
3229,DE0005552004,2020-12-31,39.54
3230,DE0005552004,2021-01-01,40.58
3231,DE0005552004,2021-01-04,39.54
3232,DE0005552004,2021-01-05,40.5
3234,DE0005552004,2021-01-07,39.97
3233,DE0005552004,2021-01-06,40.29
3235,DE0005552004,2021-01-08,40.81
3236,DE0005552004,2021-01-11,41.38
3237,DE0005552004,2021-01-12,41.27
3240,DE0005552004,2021-01-15,39.07
3238,DE0005552004,2021-01-13,40.87
3239,DE0005552004,2021-01-14,40.88
3251,DE0005552004,2021-02-01,41.95
3250,DE0005552004,2021-01-29,41.95
3253,DE0005552004,2021-02-03,41.25
3252,DE0005552004,2021-02-02,41.95
3254,DE0005552004,2021-02-04,41.25
3255,DE0005552004,2021-02-05,41.63
3256,DE0005552004,2021-02-08,41.95
3257,DE0005552004,2021-02-09,42.2
3258,DE0005552004,2021-02-10,42.37
3259,DE0005552004,2021-02-11,41.81
3260,DE0005552004,2021-02-12,42.37
3261,DE0005552004,2021-02-15,42.83
3262,DE0005552004,2021-02-16,42.37
3263,DE0005552004,2021-02-17,41.81
3271,DE0005557508,2020-03-02,14.78
3264,DE0005552004,2021-02-18,42.45
3276,DE0005557508,2020-03-09,15.082
3277,DE0005557508,2020-03-10,15.084
3266,DE0005552004,2021-02-22,41.95
3265,DE0005552004,2021-02-19,42.83
3278,DE0005557508,2020-03-11,13.61
3267,DE0005552004,2021-02-23,40.94
3268,DE0005552004,2021-02-24,40.94
3279,DE0005557508,2020-03-12,12.95
3269,DE0005552004,2021-02-25,42.2
3270,DE0005552004,2021-02-26,41.21
3280,DE0005557508,2020-03-13,11.398
3281,DE0005557508,2020-03-16,12.08
3282,DE0005557508,2020-03-17,10.652
3284,DE0005557508,2020-03-19,11.0
3283,DE0005557508,2020-03-18,11.452
3286,DE0005557508,2020-03-23,10.652
3287,DE0005557508,2020-03-24,11.564
3285,DE0005557508,2020-03-20,10.652
3288,DE0005557508,2020-03-25,11.564
3289,DE0005557508,2020-03-26,14.618
3290,DE0005557508,2020-03-27,12.032
3291,DE0005557508,2020-03-30,11.738
3292,DE0005557508,2020-03-31,14.812
3293,DE0005557508,2020-04-01,11.778
3294,DE0005557508,2020-04-02,11.43
3295,DE0005557508,2020-04-03,11.43
3296,DE0005557508,2020-04-06,11.43
3297,DE0005557508,2020-04-07,11.675
3299,DE0005557508,2020-04-09,10.652
3298,DE0005557508,2020-04-08,11.675
3301,DE0005557508,2020-04-13,12.45
3308,DE0005557508,2020-04-22,12.575
3309,DE0005557508,2020-04-23,12.255
3310,DE0005557508,2020-04-24,12.6
3311,DE0005557508,2020-04-27,12.735
3312,DE0005557508,2020-04-28,12.945
3317,DE0005557508,2020-05-05,13.045
3318,DE0005557508,2020-05-06,12.41
3319,DE0005557508,2020-05-07,12.9
3320,DE0005557508,2020-05-08,12.97
3321,DE0005557508,2020-05-11,12.9
3323,DE0005557508,2020-05-13,13.045
3322,DE0005557508,2020-05-12,13.29
3324,DE0005557508,2020-05-14,13.495
3325,DE0005557508,2020-05-15,13.675
3326,DE0005557508,2020-05-18,13.705
3327,DE0005557508,2020-05-19,13.73
3328,DE0005557508,2020-05-20,13.705
3329,DE0005557508,2020-05-21,13.97
3330,DE0005557508,2020-05-22,13.605
3331,DE0005557508,2020-05-25,13.705
3332,DE0005557508,2020-05-26,13.665
3333,DE0005557508,2020-05-27,13.675
3334,DE0005557508,2020-05-28,13.73
3335,DE0005557508,2020-05-29,13.64
3336,DE0005557508,2020-06-01,14.58
3337,DE0005557508,2020-06-02,14.734
3338,DE0005557508,2020-06-03,14.68
3339,DE0005557508,2020-06-04,14.866
3340,DE0005557508,2020-06-05,14.742
3341,DE0005557508,2020-06-08,14.98
3343,DE0005557508,2020-06-10,15.175
3342,DE0005557508,2020-06-09,14.955
3344,DE0005557508,2020-06-11,15.26
3345,DE0005557508,2020-06-12,15.21
3346,DE0005557508,2020-06-15,15.2
3348,DE0005557508,2020-06-17,14.625
3347,DE0005557508,2020-06-16,15.2
3349,DE0005557508,2020-06-18,15.265
3350,DE0005557508,2020-06-19,15.385
3351,DE0005557508,2020-06-22,15.46
3352,DE0005557508,2020-06-23,14.738
3353,DE0005557508,2020-06-24,15.46
3354,DE0005557508,2020-06-25,15.7
3355,DE0005557508,2020-06-26,15.784
3356,DE0005557508,2020-06-29,15.164
3357,DE0005557508,2020-06-30,14.864
3358,DE0005557508,2020-07-01,14.545
3359,DE0005557508,2020-07-02,14.91
3361,DE0005557508,2020-07-06,14.77
3360,DE0005557508,2020-07-03,14.805
3362,DE0005557508,2020-07-07,14.91
3363,DE0005557508,2020-07-08,15.025
3364,DE0005557508,2020-07-09,14.92
3365,DE0005557508,2020-07-10,15.02
3366,DE0005557508,2020-07-13,14.91
3367,DE0005557508,2020-07-14,14.85
3369,DE0005557508,2020-07-16,15.15
3368,DE0005557508,2020-07-15,15.02
3370,DE0005557508,2020-07-17,15.23
3371,DE0005557508,2020-07-20,15.28
3372,DE0005557508,2020-07-21,15.12
3373,DE0005557508,2020-07-22,15.38
3374,DE0005557508,2020-07-23,15.23
3375,DE0005557508,2020-07-24,15.15
3376,DE0005557508,2020-07-27,14.85
3377,DE0005557508,2020-07-28,15.12
3378,DE0005557508,2020-07-29,14.66
3380,DE0005557508,2020-07-31,14.35
3381,DE0005557508,2020-08-03,14.1
3382,DE0005557508,2020-08-04,14.86
3383,DE0005557508,2020-08-05,14.56
3384,DE0005557508,2020-08-06,14.59
3385,DE0005557508,2020-08-07,14.47
3386,DE0005557508,2020-08-10,14.89
3387,DE0005557508,2020-08-11,14.87
3389,DE0005557508,2020-08-13,15.16
3388,DE0005557508,2020-08-12,15.01
3390,DE0005557508,2020-08-14,15.43
3391,DE0005557508,2020-08-17,15.31
3392,DE0005557508,2020-08-18,15.19
3393,DE0005557508,2020-08-19,15.04
3394,DE0005557508,2020-08-20,15.08
3396,DE0005557508,2020-08-24,14.86
3395,DE0005557508,2020-08-21,14.8
3433,DE0005557508,2020-10-14,14.48
3431,DE0005557508,2020-10-12,14.31
3432,DE0005557508,2020-10-13,14.48
3434,DE0005557508,2020-10-15,14.48
3438,DE0005557508,2020-10-21,13.73
3439,DE0005557508,2020-10-22,13.46
3437,DE0005557508,2020-10-20,13.9
3435,DE0005557508,2020-10-16,14.47
3440,DE0005557508,2020-10-23,13.52
3441,DE0005557508,2020-10-26,13.47
3442,DE0005557508,2020-10-27,13.24
3443,DE0005557508,2020-10-28,13.02
3445,DE0005557508,2020-10-30,13.16
3444,DE0005557508,2020-10-29,12.81
3446,DE0005557508,2020-11-02,13.16
3447,DE0005557508,2020-11-03,12.81
3449,DE0005557508,2020-11-05,13.47
3448,DE0005557508,2020-11-04,13.52
3451,DE0005557508,2020-11-09,12.81
3450,DE0005557508,2020-11-06,12.81
3454,DE0005557508,2020-11-12,14.98
3453,DE0005557508,2020-11-11,14.77
3455,DE0005557508,2020-11-13,13.9
3456,DE0005557508,2020-11-16,12.81
3452,DE0005557508,2020-11-10,13.895
3460,DE0005557508,2020-11-20,14.855
3458,DE0005557508,2020-11-18,15.215
3459,DE0005557508,2020-11-19,15.13
3462,DE0005557508,2020-11-24,15.215
3461,DE0005557508,2020-11-23,15.13
3465,DE0005557508,2020-11-27,14.995
3464,DE0005557508,2020-11-26,15.15
3463,DE0005557508,2020-11-25,15.09
3457,DE0005557508,2020-11-17,15.215
3466,DE0005557508,2020-11-30,14.87
3467,DE0005557508,2020-12-01,14.68
3468,DE0005557508,2020-12-02,15.29
3469,DE0005557508,2020-12-03,13.46
3470,DE0005557508,2020-12-04,15.12
3471,DE0005557508,2020-12-07,14.915
3472,DE0005557508,2020-12-08,14.8
3473,DE0005557508,2020-12-09,14.91
3475,DE0005557508,2020-12-11,14.66
3474,DE0005557508,2020-12-10,14.8
3476,DE0005557508,2020-12-14,14.47
3477,DE0005557508,2020-12-15,14.35
3478,DE0005557508,2020-12-16,14.47
3479,DE0005557508,2020-12-17,14.66
3480,DE0005557508,2020-12-18,15.0
3481,DE0005557508,2020-12-21,14.68
3483,DE0005557508,2020-12-23,14.93
3482,DE0005557508,2020-12-22,14.78
3484,DE0005557508,2020-12-24,14.68
3485,DE0005557508,2020-12-28,15.15
3486,DE0005557508,2020-12-29,14.65
3488,DE0005557508,2020-12-31,14.39
3487,DE0005557508,2020-12-30,15.15
3489,DE0005557508,2021-01-01,14.39
3490,DE0005557508,2021-01-04,15.07
3491,DE0005557508,2021-01-05,15.07
3493,DE0005557508,2021-01-07,15.07
3492,DE0005557508,2021-01-06,15.05
3494,DE0005557508,2021-01-08,15.38
3496,DE0005557508,2021-01-12,15.0
3495,DE0005557508,2021-01-11,15.07
3497,DE0005557508,2021-01-13,14.66
3498,DE0005557508,2021-01-14,15.07
3499,DE0005557508,2021-01-15,15.17
3500,DE0005557508,2021-01-18,14.66
3501,DE0005557508,2021-01-19,15.1
3502,DE0005557508,2021-01-20,15.13
3503,DE0005557508,2021-01-21,15.11
3504,DE0005557508,2021-01-22,15.14
3505,DE0005557508,2021-01-25,14.66
3506,DE0005557508,2021-01-26,14.81
3508,DE0005557508,2021-01-28,15.01
3507,DE0005557508,2021-01-27,14.93
3509,DE0005557508,2021-01-29,15.1
3510,DE0005557508,2021-02-01,15.11
3511,DE0005557508,2021-02-02,14.78
3512,DE0005557508,2021-02-03,14.94
3513,DE0005557508,2021-02-04,15.1
3514,DE0005557508,2021-02-05,15.11
3515,DE0005557508,2021-02-08,14.78
3516,DE0005557508,2021-02-09,14.645
3517,DE0005557508,2021-02-10,14.83
3518,DE0005557508,2021-02-11,14.893
3519,DE0005557508,2021-02-12,15.07
3520,DE0005557508,2021-02-15,15.07
3521,DE0005557508,2021-02-16,14.955
3522,DE0005557508,2021-02-17,14.981
3546,DE0005933931,2020-03-24,72.17
3548,DE0005933931,2020-03-26,83.74
3549,DE0005933931,2020-03-27,73.93
3529,DE0005557508,2021-02-26,14.925
3551,DE0005933931,2020-03-31,72.17
3550,DE0005933931,2020-03-30,86.12
3552,DE0005933931,2020-04-01,81.7
3553,DE0005933931,2020-04-02,83.7
3554,DE0005933931,2020-04-03,82.0
3555,DE0005933931,2020-04-06,81.5
3556,DE0005933931,2020-04-07,87.6
3557,DE0005933931,2020-04-08,87.6
3559,DE0005933931,2020-04-10,89.1
3558,DE0005933931,2020-04-09,87.6
3560,DE0005933931,2020-04-13,87.4
3561,DE0005933931,2020-04-14,87.4
3562,DE0005933931,2020-04-15,91.5
3563,DE0005933931,2020-04-16,87.44
3569,DE0005933931,2020-04-24,88.82
3590,DE0005933931,2020-05-25,94.52
3589,DE0005933931,2020-05-22,94.52
3587,DE0005933931,2020-05-20,93.62
3593,DE0005933931,2020-05-28,90.21
3591,DE0005933931,2020-05-26,90.99
3592,DE0005933931,2020-05-27,97.85
3594,DE0005933931,2020-05-29,87.69
3600,DE0005933931,2020-06-08,109.02
3601,DE0005933931,2020-06-09,109.02
3602,DE0005933931,2020-06-10,110.3
3603,DE0005933931,2020-06-11,110.3
3604,DE0005933931,2020-06-12,109.02
3608,DE0005933931,2020-06-18,103.04
3607,DE0005933931,2020-06-17,104.68
3611,DE0005933931,2020-06-23,105.2
3610,DE0005933931,2020-06-22,107.84
3609,DE0005933931,2020-06-19,105.52
3613,DE0005933931,2020-06-25,105.2
3612,DE0005933931,2020-06-24,105.2
3614,DE0005933931,2020-06-26,103.04
3615,DE0005933931,2020-06-29,104.68
3616,DE0005933931,2020-06-30,104.62
3617,DE0005933931,2020-07-01,103.04
3618,DE0005933931,2020-07-02,107.84
3619,DE0005933931,2020-07-03,107.02
3620,DE0005933931,2020-07-06,107.02
3621,DE0005933931,2020-07-07,103.52
3622,DE0005933931,2020-07-08,105.22
3623,DE0005933931,2020-07-09,107.38
3624,DE0005933931,2020-07-10,108.68
3625,DE0005933931,2020-07-13,107.02
3626,DE0005933931,2020-07-14,107.36
3627,DE0005933931,2020-07-15,108.68
3628,DE0005933931,2020-07-16,106.82
3629,DE0005933931,2020-07-17,107.38
3630,DE0005933931,2020-07-20,107.16
3633,DE0005933931,2020-07-23,109.0
3631,DE0005933931,2020-07-21,108.42
3632,DE0005933931,2020-07-22,107.02
3634,DE0005933931,2020-07-24,110.22
3635,DE0005933931,2020-07-27,110.06
3638,DE0005933931,2020-07-30,109.62
3636,DE0005933931,2020-07-28,110.46
3637,DE0005933931,2020-07-29,107.02
3639,DE0005933931,2020-07-31,109.02
3640,DE0005933931,2020-08-03,73.72
3641,DE0005933931,2020-08-04,107.76
3642,DE0005933931,2020-08-05,107.56
3643,DE0005933931,2020-08-06,107.56
3645,DE0005933931,2020-08-10,108.24
3647,DE0005933931,2020-08-12,109.38
3648,DE0005933931,2020-08-13,111.36
3649,DE0005933931,2020-08-14,110.48
3650,DE0005933931,2020-08-17,109.38
3651,DE0005933931,2020-08-18,110.16
3652,DE0005933931,2020-08-19,104.62
3654,DE0005933931,2020-08-21,110.28
3653,DE0005933931,2020-08-20,106.28
3655,DE0005933931,2020-08-24,111.54
3656,DE0005933931,2020-08-25,111.62
3657,DE0005933931,2020-08-26,111.64
3658,DE0005933931,2020-08-27,111.36
3660,DE0005933931,2020-08-31,111.44
3659,DE0005933931,2020-08-28,111.44
3661,DE0005933931,2020-09-01,109.66
3662,DE0005933931,2020-09-02,110.54
3663,DE0005933931,2020-09-03,106.28
3664,DE0005933931,2020-09-04,104.76
3665,DE0005933931,2020-09-07,107.76
3666,DE0005933931,2020-09-08,111.88
3668,DE0005933931,2020-09-10,111.88
3667,DE0005933931,2020-09-09,110.54
3669,DE0005933931,2020-09-11,111.34
3670,DE0005933931,2020-09-14,111.34
3671,DE0005933931,2020-09-15,111.34
3672,DE0005933931,2020-09-16,111.34
3675,DE0005933931,2020-09-21,104.76
3674,DE0005933931,2020-09-18,111.34
3673,DE0005933931,2020-09-17,111.34
3676,DE0005933931,2020-09-22,106.28
3677,DE0005933931,2020-09-23,104.76
3682,DE0005933931,2020-09-30,108.68
3681,DE0005933931,2020-09-29,107.64
3683,DE0005933931,2020-10-01,108.76
3684,DE0005933931,2020-10-02,108.76
3685,DE0005933931,2020-10-05,108.2
3686,DE0005933931,2020-10-06,109.72
3687,DE0005933931,2020-10-07,108.76
3688,DE0005933931,2020-10-08,110.38
3689,DE0005933931,2020-10-09,110.38
3691,DE0005933931,2020-10-13,111.26
3690,DE0005933931,2020-10-12,111.26
3692,DE0005933931,2020-10-14,110.56
3693,DE0005933931,2020-10-15,109.1
3694,DE0005933931,2020-10-16,109.02
3695,DE0005933931,2020-10-19,109.62
3697,DE0005933931,2020-10-21,104.76
3696,DE0005933931,2020-10-20,109.62
3698,DE0005933931,2020-10-22,104.76
3699,DE0005933931,2020-10-23,107.76
3700,DE0005933931,2020-10-26,107.58
3702,DE0005933931,2020-10-28,103.0
3701,DE0005933931,2020-10-27,108.76
3711,DE0005933931,2020-11-10,110.76
3713,DE0005933931,2020-11-12,112.64
3712,DE0005933931,2020-11-11,112.26
3714,DE0005933931,2020-11-13,112.64
3715,DE0005933931,2020-11-16,112.64
3716,DE0005933931,2020-11-17,111.82
3717,DE0005933931,2020-11-18,111.88
3718,DE0005933931,2020-11-19,111.88
3719,DE0005933931,2020-11-20,111.72
3720,DE0005933931,2020-11-23,111.88
3722,DE0005933931,2020-11-25,112.2
3721,DE0005933931,2020-11-24,111.82
3723,DE0005933931,2020-11-26,111.34
3724,DE0005933931,2020-11-27,113.12
3726,DE0005933931,2020-12-01,113.16
3725,DE0005933931,2020-11-30,113.76
3727,DE0005933931,2020-12-02,114.02
3728,DE0005933931,2020-12-03,113.22
3729,DE0005933931,2020-12-04,112.32
3730,DE0005933931,2020-12-07,106.82
3731,DE0005933931,2020-12-08,113.04
3733,DE0005933931,2020-12-10,113.22
3732,DE0005933931,2020-12-09,113.04
3734,DE0005933931,2020-12-11,113.04
3735,DE0005933931,2020-12-14,111.9
3736,DE0005933931,2020-12-15,112.44
3737,DE0005933931,2020-12-16,111.9
3738,DE0005933931,2020-12-17,107.64
3739,DE0005933931,2020-12-18,116.56
3740,DE0005933931,2020-12-21,106.82
3741,DE0005933931,2020-12-22,113.82
3742,DE0005933931,2020-12-23,113.6
3743,DE0005933931,2020-12-24,113.12
3744,DE0005933931,2020-12-28,111.9
3745,DE0005933931,2020-12-29,117.34
3746,DE0005933931,2020-12-30,116.78
3747,DE0005933931,2020-12-31,114.32
3748,DE0005933931,2021-01-01,116.56
3749,DE0005933931,2021-01-04,116.2
3750,DE0005933931,2021-01-05,116.56
3751,DE0005933931,2021-01-06,107.8
3753,DE0005933931,2021-01-08,119.18
3752,DE0005933931,2021-01-07,117.94
3754,DE0005933931,2021-01-11,120.02
3755,DE0005933931,2021-01-12,118.72
3756,DE0005933931,2021-01-13,118.6
3757,DE0005933931,2021-01-14,118.7
3759,DE0005933931,2021-01-18,120.02
3758,DE0005933931,2021-01-15,120.02
3760,DE0005933931,2021-01-19,116.56
3761,DE0005933931,2021-01-20,114.32
3762,DE0005933931,2021-01-21,116.2
3763,DE0005933931,2021-01-22,118.94
3764,DE0005933931,2021-01-25,118.24
3766,DE0005933931,2021-01-27,118.2
3765,DE0005933931,2021-01-26,116.8
3767,DE0005933931,2021-01-28,115.28
3768,DE0005933931,2021-01-29,116.3
3769,DE0005933931,2021-02-01,115.28
3770,DE0005933931,2021-02-02,116.46
3772,DE0005933931,2021-02-04,118.88
3771,DE0005933931,2021-02-03,118.1
3773,DE0005933931,2021-02-05,118.88
3774,DE0005933931,2021-02-08,116.78
3775,DE0005933931,2021-02-09,119.64
3776,DE0005933931,2021-02-10,119.34
3777,DE0005933931,2021-02-11,119.64
3778,DE0005933931,2021-02-12,118.82
3779,DE0005933931,2021-02-15,119.42
3780,DE0005933931,2021-02-16,120.12
3782,DE0005933931,2021-02-18,118.5
3781,DE0005933931,2021-02-17,118.5
3784,DE0005933931,2021-02-22,118.2
3783,DE0005933931,2021-02-19,118.5
3786,DE0005933931,2021-02-24,117.98
3785,DE0005933931,2021-02-23,118.22
3787,DE0005933931,2021-02-25,118.82
3788,DE0005933931,2021-02-26,118.74
3829,DE0005933949,2020-04-27,27.85
3830,DE0005933949,2020-04-28,28.34
3835,DE0005933949,2020-05-05,28.265
3836,DE0005933949,2020-05-06,27.89
3837,DE0005933949,2020-05-07,27.695
3838,DE0005933949,2020-05-08,28.075
3839,DE0005933949,2020-05-11,28.44
3840,DE0005933949,2020-05-12,27.78
3841,DE0005933949,2020-05-13,29.0
3842,DE0005933949,2020-05-14,28.05
3843,DE0005933949,2020-05-15,28.26
3848,DE0005933949,2020-05-22,28.32
3850,DE0005933949,2020-05-26,28.75
3851,DE0005933949,2020-05-27,28.52
3852,DE0005933949,2020-05-28,28.52
3854,DE0005933949,2020-06-01,28.98
3853,DE0005933949,2020-05-29,28.47
3856,DE0005933949,2020-06-03,29.56
3855,DE0005933949,2020-06-02,29.12
3857,DE0005933949,2020-06-04,29.12
3858,DE0005933949,2020-06-05,29.56
3859,DE0005933949,2020-06-08,30.49
3860,DE0005933949,2020-06-09,30.29
3861,DE0005933949,2020-06-10,28.98
3862,DE0005933949,2020-06-11,29.83
3863,DE0005933949,2020-06-12,28.69
3864,DE0005933949,2020-06-15,29.35
3866,DE0005933949,2020-06-17,29.43
3865,DE0005933949,2020-06-16,29.1
3867,DE0005933949,2020-06-18,29.81
3868,DE0005933949,2020-06-19,29.93
3869,DE0005933949,2020-06-22,29.62
3870,DE0005933949,2020-06-23,29.9
3871,DE0005933949,2020-06-24,29.83
3872,DE0005933949,2020-06-25,29.28
3873,DE0005933949,2020-06-26,29.97
3874,DE0005933949,2020-06-29,29.32
3875,DE0005933949,2020-06-30,29.56
3876,DE0005933949,2020-07-01,29.645
3878,DE0005933949,2020-07-03,29.965
3877,DE0005933949,2020-07-02,29.665
3879,DE0005933949,2020-07-06,29.28
3880,DE0005933949,2020-07-07,29.795
3881,DE0005933949,2020-07-08,29.32
3882,DE0005933949,2020-07-09,29.555
3883,DE0005933949,2020-07-10,29.81
3885,DE0005933949,2020-07-14,30.015
3886,DE0005933949,2020-07-15,29.965
3884,DE0005933949,2020-07-13,29.665
3887,DE0005933949,2020-07-16,30.26
3888,DE0005933949,2020-07-17,29.895
3889,DE0005933949,2020-07-20,30.01
3890,DE0005933949,2020-07-21,29.81
3891,DE0005933949,2020-07-22,30.06
3893,DE0005933949,2020-07-24,30.145
3896,DE0005933949,2020-07-29,29.965
3892,DE0005933949,2020-07-23,30.44
3895,DE0005933949,2020-07-28,30.39
3894,DE0005933949,2020-07-27,30.505
3898,DE0005933949,2020-07-31,29.41
3897,DE0005933949,2020-07-30,30.505
3899,DE0005933949,2020-08-03,28.635
3900,DE0005933949,2020-08-04,29.86
3901,DE0005933949,2020-08-05,30.06
3902,DE0005933949,2020-08-06,29.645
3903,DE0005933949,2020-08-07,29.625
3905,DE0005933949,2020-08-11,29.245
3904,DE0005933949,2020-08-10,29.175
3906,DE0005933949,2020-08-12,29.21
3907,DE0005933949,2020-08-13,29.175
3908,DE0005933949,2020-08-14,29.355
3909,DE0005933949,2020-08-17,29.555
3910,DE0005933949,2020-08-18,29.645
3911,DE0005933949,2020-08-19,29.665
3912,DE0005933949,2020-08-20,29.645
3914,DE0005933949,2020-08-24,29.385
3913,DE0005933949,2020-08-21,29.565
3916,DE0005933949,2020-08-26,29.51
3915,DE0005933949,2020-08-25,29.58
3917,DE0005933949,2020-08-27,29.385
3918,DE0005933949,2020-08-28,29.8
3919,DE0005933949,2020-08-31,29.645
3920,DE0005933949,2020-09-01,29.925
3921,DE0005933949,2020-09-02,29.645
3922,DE0005933949,2020-09-03,29.32
3923,DE0005933949,2020-09-04,30.01
3925,DE0005933949,2020-09-08,29.51
3924,DE0005933949,2020-09-07,29.81
3926,DE0005933949,2020-09-09,29.385
3927,DE0005933949,2020-09-10,29.8
3928,DE0005933949,2020-09-11,29.77
3929,DE0005933949,2020-09-14,29.29
3930,DE0005933949,2020-09-15,29.58
3931,DE0005933949,2020-09-16,29.55
3934,DE0005933949,2020-09-21,29.8
3933,DE0005933949,2020-09-18,29.385
3932,DE0005933949,2020-09-17,29.51
3936,DE0005933949,2020-09-23,29.105
3935,DE0005933949,2020-09-22,29.77
3937,DE0005933949,2020-09-24,29.435
3938,DE0005933949,2020-09-25,29.805
3939,DE0005933949,2020-09-28,28.895
3940,DE0005933949,2020-09-29,29.12
3941,DE0005933949,2020-09-30,28.525
3943,DE0005933949,2020-10-02,27.68
3942,DE0005933949,2020-10-01,28.895
3944,DE0005933949,2020-10-05,28.62
3946,DE0005933949,2020-10-07,28.62
3945,DE0005933949,2020-10-06,28.62
3947,DE0005933949,2020-10-08,28.535
3948,DE0005933949,2020-10-09,29.01
3949,DE0005933949,2020-10-12,29.12
3950,DE0005933949,2020-10-13,29.34
3951,DE0005933949,2020-10-14,29.175
3953,DE0005933949,2020-10-16,28.75
3952,DE0005933949,2020-10-15,29.175
3954,DE0005933949,2020-10-19,29.825
3955,DE0005933949,2020-10-20,28.77
3956,DE0005933949,2020-10-21,29.34
3957,DE0005933949,2020-10-22,29.175
3958,DE0005933949,2020-10-23,28.945
3959,DE0005933949,2020-10-26,28.54
3963,DE0005933949,2020-10-30,26.67
3964,DE0005933949,2020-11-02,26.755
3960,DE0005933949,2020-10-27,29.733
3965,DE0005933949,2020-11-03,27.15
3972,DE0005933949,2020-11-12,30.44
3973,DE0005933949,2020-11-13,29.905
3971,DE0005933949,2020-11-11,30.105
3974,DE0005933949,2020-11-16,30.18
3975,DE0005933949,2020-11-17,30.325
3976,DE0005933949,2020-11-18,30.325
3977,DE0005933949,2020-11-19,30.325
3978,DE0005933949,2020-11-20,30.325
3980,DE0005933949,2020-11-24,30.15
3979,DE0005933949,2020-11-23,30.3
3983,DE0005933949,2020-11-27,30.38
3982,DE0005933949,2020-11-26,30.29
3981,DE0005933949,2020-11-25,30.215
3984,DE0005933949,2020-11-30,30.0
3985,DE0005933949,2020-12-01,30.08
3986,DE0005933949,2020-12-02,30.44
3987,DE0005933949,2020-12-03,30.51
3988,DE0005933949,2020-12-04,29.86
3989,DE0005933949,2020-12-07,29.41
3990,DE0005933949,2020-12-08,30.53
3991,DE0005933949,2020-12-09,30.44
3992,DE0005933949,2020-12-10,30.44
3993,DE0005933949,2020-12-11,30.64
3994,DE0005933949,2020-12-14,29.67
3996,DE0005933949,2020-12-16,30.24
3995,DE0005933949,2020-12-15,30.42
3997,DE0005933949,2020-12-17,30.39
4000,DE0005933949,2020-12-22,30.6
3998,DE0005933949,2020-12-18,30.53
3999,DE0005933949,2020-12-21,30.64
4002,DE0005933949,2020-12-24,30.24
4001,DE0005933949,2020-12-23,30.6
4003,DE0005933949,2020-12-28,30.39
4004,DE0005933949,2020-12-29,30.44
4005,DE0005933949,2020-12-30,30.65
4006,DE0005933949,2020-12-31,30.74
4007,DE0005933949,2021-01-01,29.96
4008,DE0005933949,2021-01-04,30.53
4009,DE0005933949,2021-01-05,30.53
4010,DE0005933949,2021-01-06,30.68
4011,DE0005933949,2021-01-07,31.1
4012,DE0005933949,2021-01-08,31.3
4013,DE0005933949,2021-01-11,31.3
4014,DE0005933949,2021-01-12,31.4
4015,DE0005933949,2021-01-13,31.4
4016,DE0005933949,2021-01-14,31.27
4017,DE0005933949,2021-01-15,30.24
4019,DE0005933949,2021-01-19,31.47
4018,DE0005933949,2021-01-18,31.27
4020,DE0005933949,2021-01-20,31.49
4021,DE0005933949,2021-01-21,31.49
4023,DE0005933949,2021-01-25,31.59
4022,DE0005933949,2021-01-22,31.59
4024,DE0005933949,2021-01-26,31.59
4025,DE0005933949,2021-01-27,31.425
4026,DE0005933949,2021-01-28,31.32
4027,DE0005933949,2021-01-29,31.495
4030,DE0005933949,2021-02-03,31.025
4029,DE0005933949,2021-02-02,30.645
4028,DE0005933949,2021-02-01,30.45
4031,DE0005933949,2021-02-04,30.73
4033,DE0005933949,2021-02-08,31.125
4034,DE0005933949,2021-02-09,31.28
4032,DE0005933949,2021-02-05,31.025
4035,DE0005933949,2021-02-10,31.19
4036,DE0005933949,2021-02-11,31.19
4037,DE0005933949,2021-02-12,31.35
4039,DE0005933949,2021-02-16,31.125
4038,DE0005933949,2021-02-15,31.025
4043,DE0005933949,2021-02-22,31.495
4040,DE0005933949,2021-02-17,31.28
4041,DE0005933949,2021-02-18,31.025
4042,DE0005933949,2021-02-19,31.125
4044,DE0005933949,2021-02-23,31.645
4045,DE0005933949,2021-02-24,31.06
4046,DE0005933949,2021-02-25,30.3
4047,DE0005933949,2021-02-26,31.025
4103,DE0005933956,2020-05-18,28.95
4107,DE0005933956,2020-05-22,29.27
4104,DE0005933956,2020-05-19,28.8
4105,DE0005933956,2020-05-20,28.285
4109,DE0005933956,2020-05-26,28.8
4106,DE0005933956,2020-05-21,29.69
4111,DE0005933956,2020-05-28,31.0
4110,DE0005933956,2020-05-27,29.69
4108,DE0005933956,2020-05-25,29.625
4112,DE0005933956,2020-05-29,29.56
4114,DE0005933956,2020-06-02,30.23
4113,DE0005933956,2020-06-01,30.08
4115,DE0005933956,2020-06-03,31.0
4117,DE0005933956,2020-06-05,32.945
4116,DE0005933956,2020-06-04,31.13
4118,DE0005933956,2020-06-08,34.06
4119,DE0005933956,2020-06-09,32.115
4120,DE0005933956,2020-06-10,31.41
4121,DE0005933956,2020-06-11,32.945
4122,DE0005933956,2020-06-12,33.65
4123,DE0005933956,2020-06-15,34.365
4125,DE0005933956,2020-06-17,32.04
4124,DE0005933956,2020-06-16,32.01
4128,DE0005933956,2020-06-22,32.555
4126,DE0005933956,2020-06-18,32.805
4127,DE0005933956,2020-06-19,32.805
4129,DE0005933956,2020-06-23,32.555
4130,DE0005933956,2020-06-24,32.555
4131,DE0005933956,2020-06-25,33.13
4132,DE0005933956,2020-06-26,32.805
4133,DE0005933956,2020-06-29,31.38
4137,DE0005933956,2020-07-03,32.92
4134,DE0005933956,2020-06-30,32.745
4136,DE0005933956,2020-07-02,32.96
4135,DE0005933956,2020-07-01,32.745
4138,DE0005933956,2020-07-06,32.315
4139,DE0005933956,2020-07-07,32.745
4140,DE0005933956,2020-07-08,32.96
4141,DE0005933956,2020-07-09,32.815
4142,DE0005933956,2020-07-10,33.415
4145,DE0005933956,2020-07-15,33.4
4143,DE0005933956,2020-07-13,33.48
4144,DE0005933956,2020-07-14,33.9
4146,DE0005933956,2020-07-16,33.545
4149,DE0005933956,2020-07-21,33.335
4147,DE0005933956,2020-07-17,33.215
4148,DE0005933956,2020-07-20,33.63
4150,DE0005933956,2020-07-22,33.885
4151,DE0005933956,2020-07-23,33.9
4152,DE0005933956,2020-07-24,33.4
4154,DE0005933956,2020-07-28,33.63
4156,DE0005933956,2020-07-30,33.885
4155,DE0005933956,2020-07-29,33.335
4153,DE0005933956,2020-07-27,34.225
4157,DE0005933956,2020-07-31,33.885
4158,DE0005933956,2020-08-03,32.815
4159,DE0005933956,2020-08-04,32.905
4160,DE0005933956,2020-08-05,32.905
4161,DE0005933956,2020-08-06,33.03
4162,DE0005933956,2020-08-07,33.03
4164,DE0005933956,2020-08-11,33.11
4163,DE0005933956,2020-08-10,32.96
4165,DE0005933956,2020-08-12,33.485
4167,DE0005933956,2020-08-14,33.825
4168,DE0005933956,2020-08-17,33.825
4166,DE0005933956,2020-08-13,34.115
4169,DE0005933956,2020-08-18,33.4
4170,DE0005933956,2020-08-19,33.335
4171,DE0005933956,2020-08-20,33.885
4172,DE0005933956,2020-08-21,33.03
4175,DE0005933956,2020-08-26,33.865
4173,DE0005933956,2020-08-24,33.9
4174,DE0005933956,2020-08-25,33.78
4176,DE0005933956,2020-08-27,34.245
4177,DE0005933956,2020-08-28,33.745
4178,DE0005933956,2020-08-31,33.745
4179,DE0005933956,2020-09-01,33.74
4180,DE0005933956,2020-09-02,33.78
4181,DE0005933956,2020-09-03,33.295
4182,DE0005933956,2020-09-04,33.305
4183,DE0005933956,2020-09-07,33.78
4185,DE0005933956,2020-09-09,34.12
4184,DE0005933956,2020-09-08,33.865
4186,DE0005933956,2020-09-10,33.295
4187,DE0005933956,2020-09-11,33.74
4189,DE0005933956,2020-09-15,33.22
4190,DE0005933956,2020-09-16,33.41
4188,DE0005933956,2020-09-14,33.06
4191,DE0005933956,2020-09-17,33.41
4192,DE0005933956,2020-09-18,33.06
4193,DE0005933956,2020-09-21,33.06
4195,DE0005933956,2020-09-23,32.745
4194,DE0005933956,2020-09-22,33.03
4196,DE0005933956,2020-09-24,32.96
4197,DE0005933956,2020-09-25,32.54
4198,DE0005933956,2020-09-28,31.77
4199,DE0005933956,2020-09-29,32.04
4200,DE0005933956,2020-09-30,32.805
4201,DE0005933956,2020-10-01,32.1
4202,DE0005933956,2020-10-02,33.0
4203,DE0005933956,2020-10-05,32.09
4207,DE0005933956,2020-10-09,32.77
4206,DE0005933956,2020-10-08,32.09
4211,DE0005933956,2020-10-15,32.89
4209,DE0005933956,2020-10-13,33.16
4210,DE0005933956,2020-10-14,32.915
4208,DE0005933956,2020-10-12,32.89
4212,DE0005933956,2020-10-16,33.16
4213,DE0005933956,2020-10-19,32.96
4214,DE0005933956,2020-10-20,32.745
4217,DE0005933956,2020-10-23,31.93
4216,DE0005933956,2020-10-22,32.815
4215,DE0005933956,2020-10-21,32.315
4218,DE0005933956,2020-10-26,32.1
4219,DE0005933956,2020-10-27,32.075
4228,DE0005933956,2020-11-09,32.28
4230,DE0005933956,2020-11-11,34.715
4229,DE0005933956,2020-11-10,33.995
4231,DE0005933956,2020-11-12,34.875
4232,DE0005933956,2020-11-13,34.275
4233,DE0005933956,2020-11-16,34.275
4235,DE0005933956,2020-11-18,34.84
4234,DE0005933956,2020-11-17,34.84
4236,DE0005933956,2020-11-19,34.77
4237,DE0005933956,2020-11-20,30.59
4239,DE0005933956,2020-11-24,34.84
4238,DE0005933956,2020-11-23,34.86
4240,DE0005933956,2020-11-25,34.84
4241,DE0005933956,2020-11-26,35.27
4242,DE0005933956,2020-11-27,34.32
4243,DE0005933956,2020-11-30,34.29
4244,DE0005933956,2020-12-01,35.1
4245,DE0005933956,2020-12-02,33.57
4247,DE0005933956,2020-12-04,35.185
4246,DE0005933956,2020-12-03,35.315
4248,DE0005933956,2020-12-07,35.535
4250,DE0005933956,2020-12-09,35.535
4249,DE0005933956,2020-12-08,35.535
4251,DE0005933956,2020-12-10,35.535
4252,DE0005933956,2020-12-11,35.535
4253,DE0005933956,2020-12-14,35.44
4255,DE0005933956,2020-12-16,35.44
4256,DE0005933956,2020-12-17,35.535
4254,DE0005933956,2020-12-15,35.465
4258,DE0005933956,2020-12-21,35.465
4257,DE0005933956,2020-12-18,35.525
4259,DE0005933956,2020-12-22,35.465
4260,DE0005933956,2020-12-23,34.925
4261,DE0005933956,2020-12-24,35.44
4262,DE0005933956,2020-12-28,35.376
4264,DE0005933956,2020-12-30,35.555
4265,DE0005933956,2020-12-31,34.925
4263,DE0005933956,2020-12-29,35.755
4266,DE0005933956,2021-01-01,35.9
4267,DE0005933956,2021-01-04,35.56
4268,DE0005933956,2021-01-05,35.376
4270,DE0005933956,2021-01-07,35.785
4269,DE0005933956,2021-01-06,35.84
4271,DE0005933956,2021-01-08,35.9
4272,DE0005933956,2021-01-11,35.315
4274,DE0005933956,2021-01-13,35.42
4275,DE0005933956,2021-01-14,35.315
4273,DE0005933956,2021-01-12,35.42
4276,DE0005933956,2021-01-15,36.49
4277,DE0005933956,2021-01-18,36.27
4278,DE0005933956,2021-01-19,35.42
4279,DE0005933956,2021-01-20,36.49
4280,DE0005933956,2021-01-21,36.095
4281,DE0005933956,2021-01-22,36.235
4282,DE0005933956,2021-01-25,36.235
4285,DE0005933956,2021-01-28,36.22
4283,DE0005933956,2021-01-26,36.495
4284,DE0005933956,2021-01-27,36.435
4286,DE0005933956,2021-01-29,35.865
4287,DE0005933956,2021-02-01,36.16
4288,DE0005933956,2021-02-02,35.375
4289,DE0005933956,2021-02-03,35.755
4290,DE0005933956,2021-02-04,36.325
4291,DE0005933956,2021-02-05,36.16
4292,DE0005933956,2021-02-08,36.195
4294,DE0005933956,2021-02-10,36.62
4295,DE0005933956,2021-02-11,36.75
4293,DE0005933956,2021-02-09,36.325
4296,DE0005933956,2021-02-12,36.945
4297,DE0005933956,2021-02-15,36.86
4299,DE0005933956,2021-02-17,37.035
4298,DE0005933956,2021-02-16,37.21
4300,DE0005933956,2021-02-18,37.07
4301,DE0005933956,2021-02-19,37.07
4302,DE0005933956,2021-02-22,37.035
4304,DE0005933956,2021-02-24,37.18
4303,DE0005933956,2021-02-23,37.275
4306,DE0005933956,2021-02-26,35.376
4305,DE0005933956,2021-02-25,36.905
4349,DE0006047004,2020-04-29,41.71
4354,DE0006047004,2020-05-06,41.85
4355,DE0006047004,2020-05-07,41.73
4356,DE0006047004,2020-05-08,41.36
4357,DE0006047004,2020-05-11,41.73
4358,DE0006047004,2020-05-12,41.36
4359,DE0006047004,2020-05-13,41.23
4367,DE0006047004,2020-05-25,39.93
4371,DE0006047004,2020-05-29,45.6
4369,DE0006047004,2020-05-27,40.21
4372,DE0006047004,2020-06-01,44.91
4370,DE0006047004,2020-05-28,45.6
4373,DE0006047004,2020-06-02,44.91
4374,DE0006047004,2020-06-03,47.6
4375,DE0006047004,2020-06-04,49.03
4377,DE0006047004,2020-06-08,51.84
4376,DE0006047004,2020-06-05,49.03
4378,DE0006047004,2020-06-09,51.96
4379,DE0006047004,2020-06-10,44.91
4380,DE0006047004,2020-06-11,48.57
4382,DE0006047004,2020-06-15,46.2
4381,DE0006047004,2020-06-12,45.03
4388,DE0006047004,2020-06-23,48.63
4390,DE0006047004,2020-06-25,47.15
4389,DE0006047004,2020-06-24,49.02
4391,DE0006047004,2020-06-26,49.02
4392,DE0006047004,2020-06-29,46.7
4393,DE0006047004,2020-06-30,49.02
4397,DE0006047004,2020-07-06,47.9
4395,DE0006047004,2020-07-02,47.12
4396,DE0006047004,2020-07-03,47.3
4394,DE0006047004,2020-07-01,47.73
4398,DE0006047004,2020-07-07,48.03
4399,DE0006047004,2020-07-08,48.03
4400,DE0006047004,2020-07-09,47.4
4401,DE0006047004,2020-07-10,47.3
4402,DE0006047004,2020-07-13,47.9
4403,DE0006047004,2020-07-14,46.14
4404,DE0006047004,2020-07-15,48.03
4405,DE0006047004,2020-07-16,47.4
4406,DE0006047004,2020-07-17,47.05
4407,DE0006047004,2020-07-20,49.44
4408,DE0006047004,2020-07-21,53.08
4410,DE0006047004,2020-07-23,52.76
4409,DE0006047004,2020-07-22,53.06
4411,DE0006047004,2020-07-24,52.0
4412,DE0006047004,2020-07-27,52.38
4414,DE0006047004,2020-07-29,51.26
4413,DE0006047004,2020-07-28,52.04
4416,DE0006047004,2020-07-31,47.15
4415,DE0006047004,2020-07-30,52.88
4417,DE0006047004,2020-08-03,47.81
4418,DE0006047004,2020-08-04,46.88
4419,DE0006047004,2020-08-05,48.03
4420,DE0006047004,2020-08-06,47.73
4421,DE0006047004,2020-08-07,47.73
4422,DE0006047004,2020-08-10,50.54
4423,DE0006047004,2020-08-11,49.71
4424,DE0006047004,2020-08-12,52.4
4425,DE0006047004,2020-08-13,52.4
4426,DE0006047004,2020-08-14,52.4
4427,DE0006047004,2020-08-17,51.42
4428,DE0006047004,2020-08-18,51.42
4429,DE0006047004,2020-08-19,52.0
4430,DE0006047004,2020-08-20,51.7
4431,DE0006047004,2020-08-21,52.04
4432,DE0006047004,2020-08-24,50.8
4436,DE0006047004,2020-08-28,52.78
4434,DE0006047004,2020-08-26,52.78
4433,DE0006047004,2020-08-25,51.54
4437,DE0006047004,2020-08-31,52.78
4435,DE0006047004,2020-08-27,52.34
4438,DE0006047004,2020-09-01,52.78
4439,DE0006047004,2020-09-02,52.78
4440,DE0006047004,2020-09-03,51.5
4441,DE0006047004,2020-09-04,52.4
4442,DE0006047004,2020-09-07,51.7
4443,DE0006047004,2020-09-08,52.04
4444,DE0006047004,2020-09-09,52.52
4445,DE0006047004,2020-09-10,53.34
4446,DE0006047004,2020-09-11,54.06
4447,DE0006047004,2020-09-14,54.3
4448,DE0006047004,2020-09-15,54.34
4449,DE0006047004,2020-09-16,54.42
4450,DE0006047004,2020-09-17,55.14
4451,DE0006047004,2020-09-18,55.72
4452,DE0006047004,2020-09-21,55.72
4454,DE0006047004,2020-09-23,50.14
4455,DE0006047004,2020-09-24,50.86
4453,DE0006047004,2020-09-22,54.16
4456,DE0006047004,2020-09-25,50.14
4457,DE0006047004,2020-09-28,54.3
4458,DE0006047004,2020-09-29,51.64
4459,DE0006047004,2020-09-30,52.64
4460,DE0006047004,2020-10-01,53.38
4462,DE0006047004,2020-10-05,51.16
4461,DE0006047004,2020-10-02,52.16
4463,DE0006047004,2020-10-06,51.64
4464,DE0006047004,2020-10-07,53.34
4465,DE0006047004,2020-10-08,53.88
4466,DE0006047004,2020-10-09,53.88
4467,DE0006047004,2020-10-12,53.88
4468,DE0006047004,2020-10-13,52.1
4469,DE0006047004,2020-10-14,55.26
4470,DE0006047004,2020-10-15,54.42
4471,DE0006047004,2020-10-16,53.72
4472,DE0006047004,2020-10-19,55.1
4474,DE0006047004,2020-10-21,54.42
4473,DE0006047004,2020-10-20,54.3
4475,DE0006047004,2020-10-22,55.14
4477,DE0006047004,2020-10-26,50.14
4476,DE0006047004,2020-10-23,55.92
4478,DE0006047004,2020-10-27,50.86
4479,DE0006047004,2020-10-28,49.96
4480,DE0006047004,2020-10-29,50.48
4481,DE0006047004,2020-10-30,52.06
4483,DE0006047004,2020-11-03,51.7
4482,DE0006047004,2020-11-02,52.06
4484,DE0006047004,2020-11-04,52.06
4485,DE0006047004,2020-11-05,52.8
4486,DE0006047004,2020-11-06,53.4
4487,DE0006047004,2020-11-09,54.9
4488,DE0006047004,2020-11-10,56.0
4489,DE0006047004,2020-11-11,58.0
4490,DE0006047004,2020-11-12,54.0
4491,DE0006047004,2020-11-13,53.7
4492,DE0006047004,2020-11-16,55.1
4494,DE0006047004,2020-11-18,59.8
4493,DE0006047004,2020-11-17,54.1
4496,DE0006047004,2020-11-20,59.6
4495,DE0006047004,2020-11-19,59.6
4497,DE0006047004,2020-11-23,58.3
4498,DE0006047004,2020-11-24,52.0
4499,DE0006047004,2020-11-25,53.9
4500,DE0006047004,2020-11-26,53.8
4501,DE0006047004,2020-11-27,61.6
4502,DE0006047004,2020-11-30,53.8
4503,DE0006047004,2020-12-01,59.6
4504,DE0006047004,2020-12-02,60.6
4505,DE0006047004,2020-12-03,60.5
4506,DE0006047004,2020-12-04,59.8
4530,DE0006047004,2021-01-08,68.46
4531,DE0006047004,2021-01-11,67.64
4532,DE0006047004,2021-01-12,66.92
4533,DE0006047004,2021-01-13,67.64
4534,DE0006047004,2021-01-14,67.6
4535,DE0006047004,2021-01-15,67.46
4537,DE0006047004,2021-01-19,66.3
4536,DE0006047004,2021-01-18,68.46
4539,DE0006047004,2021-01-21,66.78
4538,DE0006047004,2021-01-20,65.78
4540,DE0006047004,2021-01-22,66.34
4543,DE0006047004,2021-01-27,62.14
4545,DE0006047004,2021-01-29,60.34
4546,DE0006047004,2021-02-01,60.9
4547,DE0006047004,2021-02-02,61.66
4548,DE0006047004,2021-02-03,62.26
4549,DE0006047004,2021-02-04,65.6
4550,DE0006047004,2021-02-05,61.66
4551,DE0006047004,2021-02-08,60.9
4552,DE0006047004,2021-02-09,62.46
4556,DE0006047004,2021-02-15,62.84
4558,DE0006047004,2021-02-17,64.04
4555,DE0006047004,2021-02-12,62.06
4557,DE0006047004,2021-02-16,62.94
4559,DE0006047004,2021-02-18,63.82
4560,DE0006047004,2021-02-19,65.02
4562,DE0006047004,2021-02-23,66.6
4561,DE0006047004,2021-02-22,63.73
4564,DE0006047004,2021-02-25,67.42
4563,DE0006047004,2021-02-24,65.52
4565,DE0006047004,2021-02-26,66.6
4599,DE0006599905,2020-04-16,97.0
4600,DE0006599905,2020-04-17,97.17
4597,DE0006599905,2020-04-14,95.39
4598,DE0006599905,2020-04-15,95.39
4601,DE0006599905,2020-04-20,101.15
4603,DE0006599905,2020-04-22,101.25
4602,DE0006599905,2020-04-21,103.0
4604,DE0006599905,2020-04-23,102.75
4605,DE0006599905,2020-04-24,102.45
4607,DE0006599905,2020-04-28,106.05
4608,DE0006599905,2020-04-29,106.05
4606,DE0006599905,2020-04-27,105.0
4609,DE0006599905,2020-04-30,107.65
4610,DE0006599905,2020-05-01,105.65
4611,DE0006599905,2020-05-04,107.65
4613,DE0006599905,2020-05-06,107.05
4612,DE0006599905,2020-05-05,106.25
4614,DE0006599905,2020-05-07,106.4
4615,DE0006599905,2020-05-08,107.05
4616,DE0006599905,2020-05-11,105.02
4617,DE0006599905,2020-05-12,104.84
4618,DE0006599905,2020-05-13,106.25
4621,DE0006599905,2020-05-18,103.15
4619,DE0006599905,2020-05-14,106.9
4620,DE0006599905,2020-05-15,106.25
4624,DE0006599905,2020-05-21,105.45
4623,DE0006599905,2020-05-20,104.84
4622,DE0006599905,2020-05-19,107.75
4625,DE0006599905,2020-05-22,104.0
4628,DE0006599905,2020-05-27,104.0
4627,DE0006599905,2020-05-26,106.8
4626,DE0006599905,2020-05-25,106.35
4629,DE0006599905,2020-05-28,102.2
4631,DE0006599905,2020-06-01,102.35
4630,DE0006599905,2020-05-29,102.35
4632,DE0006599905,2020-06-02,103.95
4633,DE0006599905,2020-06-03,102.35
4635,DE0006599905,2020-06-05,103.45
4634,DE0006599905,2020-06-04,104.5
4636,DE0006599905,2020-06-08,103.95
4640,DE0006599905,2020-06-12,104.55
4637,DE0006599905,2020-06-09,103.6
4638,DE0006599905,2020-06-10,105.45
4639,DE0006599905,2020-06-11,102.35
4641,DE0006599905,2020-06-15,106.25
4643,DE0006599905,2020-06-17,105.0
4642,DE0006599905,2020-06-16,105.0
4644,DE0006599905,2020-06-18,102.4
4645,DE0006599905,2020-06-19,106.05
4647,DE0006599905,2020-06-23,105.0
4648,DE0006599905,2020-06-24,101.25
4646,DE0006599905,2020-06-22,100.5
4649,DE0006599905,2020-06-25,103.0
4650,DE0006599905,2020-06-26,101.15
4651,DE0006599905,2020-06-29,102.05
4653,DE0006599905,2020-07-01,103.9
4652,DE0006599905,2020-06-30,101.9
4654,DE0006599905,2020-07-02,104.7
4655,DE0006599905,2020-07-03,106.35
4656,DE0006599905,2020-07-06,106.8
4657,DE0006599905,2020-07-07,107.7
4660,DE0006599905,2020-07-10,111.8
4658,DE0006599905,2020-07-08,109.0
4659,DE0006599905,2020-07-09,109.2
4662,DE0006599905,2020-07-14,111.8
4661,DE0006599905,2020-07-13,109.2
4663,DE0006599905,2020-07-15,109.7
4664,DE0006599905,2020-07-16,112.9
4665,DE0006599905,2020-07-17,111.65
4666,DE0006599905,2020-07-20,113.55
4667,DE0006599905,2020-07-21,113.55
4668,DE0006599905,2020-07-22,113.55
4669,DE0006599905,2020-07-23,115.9
4670,DE0006599905,2020-07-24,112.1
4671,DE0006599905,2020-07-27,111.35
4673,DE0006599905,2020-07-29,111.7
4674,DE0006599905,2020-07-30,111.7
4672,DE0006599905,2020-07-28,113.55
4675,DE0006599905,2020-07-31,113.55
4676,DE0006599905,2020-08-03,109.2
4678,DE0006599905,2020-08-05,111.75
4677,DE0006599905,2020-08-04,111.75
4679,DE0006599905,2020-08-06,110.55
4680,DE0006599905,2020-08-07,111.75
4681,DE0006599905,2020-08-10,111.55
4682,DE0006599905,2020-08-11,109.2
4683,DE0006599905,2020-08-12,112.65
4684,DE0006599905,2020-08-13,112.4
4685,DE0006599905,2020-08-14,112.1
4687,DE0006599905,2020-08-18,114.3
4686,DE0006599905,2020-08-17,111.55
4688,DE0006599905,2020-08-19,111.55
4691,DE0006599905,2020-08-24,109.2
4689,DE0006599905,2020-08-20,111.7
4690,DE0006599905,2020-08-21,111.55
4692,DE0006599905,2020-08-25,107.35
4693,DE0006599905,2020-08-26,111.75
4694,DE0006599905,2020-08-27,110.25
4695,DE0006599905,2020-08-28,110.55
4696,DE0006599905,2020-08-31,112.95
4698,DE0006599905,2020-09-02,114.3
4697,DE0006599905,2020-09-01,113.1
4700,DE0006599905,2020-09-04,114.05
4699,DE0006599905,2020-09-03,114.85
4701,DE0006599905,2020-09-07,115.65
4702,DE0006599905,2020-09-08,113.85
4703,DE0006599905,2020-09-09,113.45
4704,DE0006599905,2020-09-10,113.3
4705,DE0006599905,2020-09-11,119.6
4706,DE0006599905,2020-09-14,121.6
4707,DE0006599905,2020-09-15,123.15
4710,DE0006599905,2020-09-18,124.0
4708,DE0006599905,2020-09-16,122.05
4711,DE0006599905,2020-09-21,126.3
4709,DE0006599905,2020-09-17,123.5
4712,DE0006599905,2020-09-22,123.95
4713,DE0006599905,2020-09-23,123.95
4714,DE0006599905,2020-09-24,124.1
4715,DE0006599905,2020-09-25,126.3
4716,DE0006599905,2020-09-28,124.0
4718,DE0006599905,2020-09-30,124.2
4719,DE0006599905,2020-10-01,124.2
4717,DE0006599905,2020-09-29,124.6
4720,DE0006599905,2020-10-02,122.05
4721,DE0006599905,2020-10-05,127.25
4722,DE0006599905,2020-10-06,125.55
4723,DE0006599905,2020-10-07,127.45
4724,DE0006599905,2020-10-08,129.15
4725,DE0006599905,2020-10-09,130.05
4726,DE0006599905,2020-10-12,129.15
4727,DE0006599905,2020-10-13,127.45
4728,DE0006599905,2020-10-14,129.15
4730,DE0006599905,2020-10-16,121.6
4729,DE0006599905,2020-10-15,127.45
4732,DE0006599905,2020-10-20,123.25
4731,DE0006599905,2020-10-19,124.8
4733,DE0006599905,2020-10-21,124.8
4734,DE0006599905,2020-10-22,123.85
4735,DE0006599905,2020-10-23,127.45
4736,DE0006599905,2020-10-26,123.85
4737,DE0006599905,2020-10-27,127.6
4738,DE0006599905,2020-10-28,128.35
4739,DE0006599905,2020-10-29,134.15
4740,DE0006599905,2020-10-30,127.45
4741,DE0006599905,2020-11-02,127.6
4742,DE0006599905,2020-11-03,129.1
4743,DE0006599905,2020-11-04,127.6
4744,DE0006599905,2020-11-05,134.15
4745,DE0006599905,2020-11-06,123.0
4746,DE0006599905,2020-11-09,136.2
4747,DE0006599905,2020-11-10,132.9
4748,DE0006599905,2020-11-11,128.95
4749,DE0006599905,2020-11-12,123.0
4750,DE0006599905,2020-11-13,131.5
4751,DE0006599905,2020-11-16,131.65
4752,DE0006599905,2020-11-17,131.55
4754,DE0006599905,2020-11-19,128.2
4755,DE0006599905,2020-11-20,128.7
4753,DE0006599905,2020-11-18,128.95
4756,DE0006599905,2020-11-23,131.65
4757,DE0006599905,2020-11-24,131.55
4758,DE0006599905,2020-11-25,130.85
4759,DE0006599905,2020-11-26,128.2
4760,DE0006599905,2020-11-27,128.2
4761,DE0006599905,2020-11-30,131.3
4762,DE0006599905,2020-12-01,133.7
4763,DE0006599905,2020-12-02,134.45
4764,DE0006599905,2020-12-03,133.7
4765,DE0006599905,2020-12-04,134.85
4766,DE0006599905,2020-12-07,136.35
4767,DE0006599905,2020-12-08,134.9
4768,DE0006599905,2020-12-09,136.8
4771,DE0006599905,2020-12-14,133.1
4770,DE0006599905,2020-12-11,137.15
4769,DE0006599905,2020-12-10,134.85
4772,DE0006599905,2020-12-15,135.65
4773,DE0006599905,2020-12-16,136.8
4775,DE0006599905,2020-12-18,134.85
4776,DE0006599905,2020-12-21,133.1
4774,DE0006599905,2020-12-17,136.8
4777,DE0006599905,2020-12-22,135.65
4778,DE0006599905,2020-12-23,137.1
4780,DE0006599905,2020-12-28,139.2
4781,DE0006599905,2020-12-29,137.1
4813,DE0006599905,2021-02-11,140.7
4820,DE0006599905,2021-02-22,139.2
4821,DE0006599905,2021-02-23,138.2
4822,DE0006599905,2021-02-24,138.2
4823,DE0006599905,2021-02-25,138.2
4824,DE0006599905,2021-02-26,141.77
4878,DE0007100000,2020-05-14,28.77
4905,DE0007100000,2020-06-22,36.6
4906,DE0007100000,2020-06-23,30.67
4912,DE0007100000,2020-07-01,35.92
4909,DE0007100000,2020-06-26,36.28
4908,DE0007100000,2020-06-25,36.97
4907,DE0007100000,2020-06-24,25.4
4910,DE0007100000,2020-06-29,36.97
4911,DE0007100000,2020-06-30,35.92
4913,DE0007100000,2020-07-02,35.73
4915,DE0007100000,2020-07-06,36.81
4916,DE0007100000,2020-07-07,35.01
4914,DE0007100000,2020-07-03,37.19
4917,DE0007100000,2020-07-08,37.67
4918,DE0007100000,2020-07-09,37.4
4919,DE0007100000,2020-07-10,36.38
4921,DE0007100000,2020-07-14,36.76
4920,DE0007100000,2020-07-13,37.4
4922,DE0007100000,2020-07-15,37.1
4923,DE0007100000,2020-07-16,37.1
4924,DE0007100000,2020-07-17,38.09
4925,DE0007100000,2020-07-20,39.38
4926,DE0007100000,2020-07-21,37.4
4927,DE0007100000,2020-07-22,38.805
4928,DE0007100000,2020-07-23,39.299999
4931,DE0007100000,2020-07-28,37.395
4930,DE0007100000,2020-07-27,36.424999
4929,DE0007100000,2020-07-24,40.035
4933,DE0007100000,2020-07-30,39.889999
4932,DE0007100000,2020-07-29,39.535
4934,DE0007100000,2020-07-31,39.889999
4936,DE0007100000,2020-08-04,38.715
4935,DE0007100000,2020-08-03,37.294998
4937,DE0007100000,2020-08-05,39.889999
4938,DE0007100000,2020-08-06,40.384998
4939,DE0007100000,2020-08-07,40.744999
4940,DE0007100000,2020-08-10,40.744999
4941,DE0007100000,2020-08-11,40.509998
4942,DE0007100000,2020-08-12,40.035
4943,DE0007100000,2020-08-13,42.52
4944,DE0007100000,2020-08-14,42.310001
4945,DE0007100000,2020-08-17,41.900002
4946,DE0007100000,2020-08-18,42.185001
4947,DE0007100000,2020-08-19,42.310001
4948,DE0007100000,2020-08-20,42.185001
4950,DE0007100000,2020-08-24,42.419998
4949,DE0007100000,2020-08-21,42.005001
4952,DE0007100000,2020-08-26,42.650002
4953,DE0007100000,2020-08-27,42.310001
4951,DE0007100000,2020-08-25,42.419998
4954,DE0007100000,2020-08-28,42.965
4955,DE0007100000,2020-08-31,42.869999
4956,DE0007100000,2020-09-01,42.865002
4957,DE0007100000,2020-09-02,42.485001
4958,DE0007100000,2020-09-03,42.485001
4960,DE0007100000,2020-09-07,43.85
4959,DE0007100000,2020-09-04,43.475
4961,DE0007100000,2020-09-08,45.265
4962,DE0007100000,2020-09-09,45.46
4964,DE0007100000,2020-09-11,46.05
4963,DE0007100000,2020-09-10,42.695
4965,DE0007100000,2020-09-14,45.265
4967,DE0007100000,2020-09-16,46.035
4966,DE0007100000,2020-09-15,46.035
4969,DE0007100000,2020-09-18,46.035
4968,DE0007100000,2020-09-17,45.895
4970,DE0007100000,2020-09-21,46.05
4971,DE0007100000,2020-09-22,43.64
4972,DE0007100000,2020-09-23,46.05
4973,DE0007100000,2020-09-24,45.46
4974,DE0007100000,2020-09-25,43.705
4975,DE0007100000,2020-09-28,44.405
4976,DE0007100000,2020-09-29,45.715
4977,DE0007100000,2020-09-30,45.45
4978,DE0007100000,2020-10-01,45.92
4979,DE0007100000,2020-10-02,46.69
4980,DE0007100000,2020-10-05,46.715
4981,DE0007100000,2020-10-06,47.965
4982,DE0007100000,2020-10-07,47.345
4983,DE0007100000,2020-10-08,49.015
4984,DE0007100000,2020-10-09,49.015
4985,DE0007100000,2020-10-12,48.145
4986,DE0007100000,2020-10-13,49.125
4987,DE0007100000,2020-10-14,49.125
4988,DE0007100000,2020-10-15,49.125
4990,DE0007100000,2020-10-19,49.17
4989,DE0007100000,2020-10-16,46.995
4991,DE0007100000,2020-10-20,48.03
4993,DE0007100000,2020-10-22,47.845
4992,DE0007100000,2020-10-21,48.03
4994,DE0007100000,2020-10-23,48.115
4995,DE0007100000,2020-10-26,47.845
4996,DE0007100000,2020-10-27,47.845
4997,DE0007100000,2020-10-28,47.845
4998,DE0007100000,2020-10-29,48.565
4999,DE0007100000,2020-10-30,46.995
5000,DE0007100000,2020-11-02,46.715
5001,DE0007100000,2020-11-03,47.965
5002,DE0007100000,2020-11-04,45.68
5003,DE0007100000,2020-11-05,47.585
5004,DE0007100000,2020-11-06,49.1
5005,DE0007100000,2020-11-09,48.32
5006,DE0007100000,2020-11-10,50.17
5007,DE0007100000,2020-11-11,50.17
5010,DE0007100000,2020-11-16,52.52
5008,DE0007100000,2020-11-12,52.68
5009,DE0007100000,2020-11-13,52.78
5011,DE0007100000,2020-11-17,53.65
5012,DE0007100000,2020-11-18,54.29
5013,DE0007100000,2020-11-19,55.27
5014,DE0007100000,2020-11-20,55.26
5015,DE0007100000,2020-11-23,55.5
5016,DE0007100000,2020-11-24,56.17
5017,DE0007100000,2020-11-25,56.17
5019,DE0007100000,2020-11-27,55.82
5020,DE0007100000,2020-11-30,56.43
5018,DE0007100000,2020-11-26,57.24
5021,DE0007100000,2020-12-01,56.61
5022,DE0007100000,2020-12-02,57.32
5023,DE0007100000,2020-12-03,56.61
5024,DE0007100000,2020-12-04,57.41
5025,DE0007100000,2020-12-07,56.43
5026,DE0007100000,2020-12-08,57.84
5027,DE0007100000,2020-12-09,57.84
5029,DE0007100000,2020-12-11,56.22
5028,DE0007100000,2020-12-10,57.46
5031,DE0007100000,2020-12-15,54.67
5030,DE0007100000,2020-12-14,56.22
5032,DE0007100000,2020-12-16,56.38
5033,DE0007100000,2020-12-17,58.09
5034,DE0007100000,2020-12-18,57.49
5035,DE0007100000,2020-12-21,58.41
5036,DE0007100000,2020-12-22,58.98
5037,DE0007100000,2020-12-23,51.26
5038,DE0007100000,2020-12-24,44.01
5039,DE0007100000,2020-12-28,58.27
5040,DE0007100000,2020-12-29,58.56
5042,DE0007100000,2020-12-31,43.85
5041,DE0007100000,2020-12-30,43.47
5043,DE0007100000,2021-01-01,57.79
5044,DE0007100000,2021-01-04,58.15
5045,DE0007100000,2021-01-05,58.05
5046,DE0007100000,2021-01-06,56.9
5047,DE0007100000,2021-01-07,57.11
5049,DE0007100000,2021-01-11,58.41
5048,DE0007100000,2021-01-08,57.75
5050,DE0007100000,2021-01-12,58.05
5051,DE0007100000,2021-01-13,56.9
5053,DE0007100000,2021-01-15,57.46
5052,DE0007100000,2021-01-14,57.04
5054,DE0007100000,2021-01-18,57.04
5055,DE0007100000,2021-01-19,57.81
5056,DE0007100000,2021-01-20,57.81
5057,DE0007100000,2021-01-21,56.03
5059,DE0007100000,2021-01-25,58.87
5058,DE0007100000,2021-01-22,57.04
5060,DE0007100000,2021-01-26,58.83
5063,DE0007100000,2021-01-29,57.54
5112,DE0007164600,2020-04-09,106.82
5113,DE0007164600,2020-04-10,110.22
5114,DE0007164600,2020-04-13,104.03
5118,DE0007164600,2020-04-17,110.34
5117,DE0007164600,2020-04-16,112.14
5115,DE0007164600,2020-04-14,105.34
5116,DE0007164600,2020-04-15,112.14
5120,DE0007164600,2020-04-21,113.18
5119,DE0007164600,2020-04-20,113.48
5121,DE0007164600,2020-04-22,107.64
5069,DE0007100000,2021-02-08,66.71
5071,DE0007100000,2021-02-10,65.76
5075,DE0007100000,2021-02-16,64.83
5074,DE0007100000,2021-02-15,64.61
5122,DE0007164600,2020-04-23,108.6
5123,DE0007164600,2020-04-24,107.38
5125,DE0007164600,2020-04-28,108.0
5124,DE0007164600,2020-04-27,107.34
5126,DE0007164600,2020-04-29,108.04
5127,DE0007164600,2020-04-30,107.38
5128,DE0007164600,2020-05-01,108.26
5129,DE0007164600,2020-05-04,108.34
5130,DE0007164600,2020-05-05,107.98
5135,DE0007164600,2020-05-12,93.02
5132,DE0007164600,2020-05-07,104.9
5131,DE0007164600,2020-05-06,107.3
5134,DE0007164600,2020-05-11,107.66
5136,DE0007164600,2020-05-13,106.06
5133,DE0007164600,2020-05-08,108.04
5137,DE0007164600,2020-05-14,99.01
5139,DE0007164600,2020-05-18,108.66
5138,DE0007164600,2020-05-15,99.01
5140,DE0007164600,2020-05-19,107.34
5141,DE0007164600,2020-05-20,107.58
5142,DE0007164600,2020-05-21,107.58
5143,DE0007164600,2020-05-22,107.02
5144,DE0007164600,2020-05-25,106.36
5145,DE0007164600,2020-05-26,111.52
5146,DE0007164600,2020-05-27,109.58
5147,DE0007164600,2020-05-28,111.96
5148,DE0007164600,2020-05-29,111.6
5149,DE0007164600,2020-06-01,114.76
5150,DE0007164600,2020-06-02,114.92
5151,DE0007164600,2020-06-03,116.26
5155,DE0007164600,2020-06-09,120.62
5153,DE0007164600,2020-06-05,118.56
5156,DE0007164600,2020-06-10,120.62
5152,DE0007164600,2020-06-04,118.56
5154,DE0007164600,2020-06-08,119.58
5157,DE0007164600,2020-06-11,118.04
5158,DE0007164600,2020-06-12,114.28
5160,DE0007164600,2020-06-16,115.24
5159,DE0007164600,2020-06-15,114.92
5161,DE0007164600,2020-06-17,118.06
5162,DE0007164600,2020-06-18,119.48
5163,DE0007164600,2020-06-19,120.6
5164,DE0007164600,2020-06-22,121.54
5165,DE0007164600,2020-06-23,125.0
5166,DE0007164600,2020-06-24,124.84
5167,DE0007164600,2020-06-25,126.62
5170,DE0007164600,2020-06-30,121.0
5168,DE0007164600,2020-06-26,122.54
5169,DE0007164600,2020-06-29,121.7
5171,DE0007164600,2020-07-01,114.4
5172,DE0007164600,2020-07-02,124.58
5173,DE0007164600,2020-07-03,127.42
5174,DE0007164600,2020-07-06,117.26
5175,DE0007164600,2020-07-07,128.0
5176,DE0007164600,2020-07-08,120.48
5177,DE0007164600,2020-07-09,129.86
5179,DE0007164600,2020-07-13,135.42
5178,DE0007164600,2020-07-10,135.04
5180,DE0007164600,2020-07-14,132.98
5181,DE0007164600,2020-07-15,134.74
5182,DE0007164600,2020-07-16,114.4
5183,DE0007164600,2020-07-17,110.6
5185,DE0007164600,2020-07-21,139.4
5184,DE0007164600,2020-07-20,136.72
5187,DE0007164600,2020-07-23,136.72
5186,DE0007164600,2020-07-22,141.18
5188,DE0007164600,2020-07-24,132.98
5189,DE0007164600,2020-07-27,136.38
5190,DE0007164600,2020-07-28,139.4
5196,DE0007164600,2020-08-05,135.36
5192,DE0007164600,2020-07-30,132.98
5193,DE0007164600,2020-07-31,135.1
5191,DE0007164600,2020-07-29,132.98
5195,DE0007164600,2020-08-04,124.68
5199,DE0007164600,2020-08-10,136.88
5194,DE0007164600,2020-08-03,134.32
5197,DE0007164600,2020-08-06,135.36
5198,DE0007164600,2020-08-07,136.88
5200,DE0007164600,2020-08-11,135.42
5201,DE0007164600,2020-08-12,135.42
5202,DE0007164600,2020-08-13,135.86
5203,DE0007164600,2020-08-14,137.64
5205,DE0007164600,2020-08-18,135.86
5204,DE0007164600,2020-08-17,135.92
5206,DE0007164600,2020-08-19,135.4
5207,DE0007164600,2020-08-20,134.98
5209,DE0007164600,2020-08-24,137.04
5208,DE0007164600,2020-08-21,134.32
5214,DE0007164600,2020-08-31,139.88
5211,DE0007164600,2020-08-26,139.9
5213,DE0007164600,2020-08-28,140.46
5212,DE0007164600,2020-08-27,142.12
5210,DE0007164600,2020-08-25,135.76
5215,DE0007164600,2020-09-01,139.88
5216,DE0007164600,2020-09-02,139.32
5217,DE0007164600,2020-09-03,140.46
5218,DE0007164600,2020-09-04,136.88
5220,DE0007164600,2020-09-08,136.8
5219,DE0007164600,2020-09-07,136.36
5221,DE0007164600,2020-09-09,134.74
5222,DE0007164600,2020-09-10,137.36
5223,DE0007164600,2020-09-11,136.36
5225,DE0007164600,2020-09-15,134.9
5224,DE0007164600,2020-09-14,135.42
5226,DE0007164600,2020-09-16,137.36
5227,DE0007164600,2020-09-17,135.4
5229,DE0007164600,2020-09-21,135.04
5228,DE0007164600,2020-09-18,135.76
5230,DE0007164600,2020-09-22,135.76
5231,DE0007164600,2020-09-23,135.04
5242,DE0007164600,2020-10-08,130.5
5241,DE0007164600,2020-10-07,131.66
5243,DE0007164600,2020-10-09,134.64
5245,DE0007164600,2020-10-13,132.6
5244,DE0007164600,2020-10-12,133.48
5246,DE0007164600,2020-10-14,133.64
5247,DE0007164600,2020-10-15,132.08
5249,DE0007164600,2020-10-19,131.08
5248,DE0007164600,2020-10-16,132.82
5250,DE0007164600,2020-10-20,131.34
5251,DE0007164600,2020-10-21,131.64
5252,DE0007164600,2020-10-22,132.86
5253,DE0007164600,2020-10-23,134.58
5274,DE0007164600,2020-11-23,98.85
5271,DE0007164600,2020-11-18,100.56
5272,DE0007164600,2020-11-19,99.87
5280,DE0007164600,2020-12-01,101.7
5281,DE0007164600,2020-12-02,101.42
5282,DE0007164600,2020-12-03,101.12
5283,DE0007164600,2020-12-04,101.12
5284,DE0007164600,2020-12-07,102.52
5285,DE0007164600,2020-12-08,101.74
5286,DE0007164600,2020-12-09,102.2
5287,DE0007164600,2020-12-10,101.98
5288,DE0007164600,2020-12-11,101.44
5289,DE0007164600,2020-12-14,99.5
5293,DE0007164600,2020-12-18,104.54
5296,DE0007164600,2020-12-23,103.38
5295,DE0007164600,2020-12-22,102.24
5294,DE0007164600,2020-12-21,104.0
5297,DE0007164600,2020-12-24,103.7
5298,DE0007164600,2020-12-28,103.7
5299,DE0007164600,2020-12-29,106.54
5300,DE0007164600,2020-12-30,106.66
5302,DE0007164600,2021-01-01,106.03
5301,DE0007164600,2020-12-31,107.22
5304,DE0007164600,2021-01-05,106.02
5303,DE0007164600,2021-01-04,106.0
5305,DE0007164600,2021-01-06,105.34
5306,DE0007164600,2021-01-07,105.18
5307,DE0007164600,2021-01-08,106.66
5308,DE0007164600,2021-01-11,105.08
5320,DE0007164600,2021-01-27,110.32
5319,DE0007164600,2021-01-26,106.18
5323,DE0007164600,2021-02-01,106.18
5321,DE0007164600,2021-01-28,108.82
5322,DE0007164600,2021-01-29,103.8
5324,DE0007164600,2021-02-02,106.14
5318,DE0007164600,2021-01-25,104.74
5325,DE0007164600,2021-02-03,107.6
5326,DE0007164600,2021-02-04,108.82
5327,DE0007164600,2021-02-05,107.6
5328,DE0007164600,2021-02-08,108.3
5329,DE0007164600,2021-02-09,105.8
5330,DE0007164600,2021-02-10,110.22
5333,DE0007164600,2021-02-15,109.0
5331,DE0007164600,2021-02-11,110.22
5332,DE0007164600,2021-02-12,108.3
5334,DE0007164600,2021-02-16,108.82
5335,DE0007164600,2021-02-17,107.14
5336,DE0007164600,2021-02-18,108.3
5337,DE0007164600,2021-02-19,105.82
5338,DE0007164600,2021-02-22,105.82
5339,DE0007164600,2021-02-23,105.82
5341,DE0007164600,2021-02-25,105.8
5340,DE0007164600,2021-02-24,104.94
5342,DE0007164600,2021-02-26,106.54
5389,DE0008404005,2020-05-05,165.94
5390,DE0008404005,2020-05-06,164.38
5388,DE0008404005,2020-05-04,165.99
5392,DE0008404005,2020-05-08,157.8
5391,DE0008404005,2020-05-07,165.99
5393,DE0008404005,2020-05-11,162.1
5410,DE0008404005,2020-06-03,171.4
5406,DE0008404005,2020-05-28,169.28
5407,DE0008404005,2020-05-29,165.88
5411,DE0008404005,2020-06-04,186.08
5409,DE0008404005,2020-06-02,166.2
5413,DE0008404005,2020-06-08,191.86
5412,DE0008404005,2020-06-05,185.24
5408,DE0008404005,2020-06-01,163.44
5414,DE0008404005,2020-06-09,192.22
5415,DE0008404005,2020-06-10,186.98
5418,DE0008404005,2020-06-15,174.2
5417,DE0008404005,2020-06-12,191.86
5416,DE0008404005,2020-06-11,191.86
5422,DE0008404005,2020-06-19,181.17999
5419,DE0008404005,2020-06-16,165.94
5420,DE0008404005,2020-06-17,178.24001
5421,DE0008404005,2020-06-18,181.17999
5424,DE0008404005,2020-06-23,179.02
5423,DE0008404005,2020-06-22,179.02
5425,DE0008404005,2020-06-24,179.02
5426,DE0008404005,2020-06-25,178.5
5429,DE0008404005,2020-06-30,182.67999
5428,DE0008404005,2020-06-29,178.5
5427,DE0008404005,2020-06-26,182.67999
5430,DE0008404005,2020-07-01,181.78
5432,DE0008404005,2020-07-03,181.78
5431,DE0008404005,2020-07-02,178.24001
5433,DE0008404005,2020-07-06,183.82001
5434,DE0008404005,2020-07-07,183.82001
5435,DE0008404005,2020-07-08,183.92
5437,DE0008404005,2020-07-10,181.56
5436,DE0008404005,2020-07-09,183.92
5439,DE0008404005,2020-07-14,182.08
5438,DE0008404005,2020-07-13,185.17999
5440,DE0008404005,2020-07-15,182.08
5444,DE0008404005,2020-07-21,185.72
5441,DE0008404005,2020-07-16,186.74001
5442,DE0008404005,2020-07-17,187.02
5443,DE0008404005,2020-07-20,187.02
5445,DE0008404005,2020-07-22,185.72
5446,DE0008404005,2020-07-23,187.25999
5447,DE0008404005,2020-07-24,185.72
5449,DE0008404005,2020-07-28,186.67999
5448,DE0008404005,2020-07-27,186.25999
5450,DE0008404005,2020-07-29,182.92
5451,DE0008404005,2020-07-30,182.08
5452,DE0008404005,2020-07-31,186.74001
5454,DE0008404005,2020-08-04,180.03999
5453,DE0008404005,2020-08-03,180.03999
5455,DE0008404005,2020-08-05,180.04
5459,DE0008404005,2020-08-11,180.18
5457,DE0008404005,2020-08-07,180.04
5456,DE0008404005,2020-08-06,180.04
5460,DE0008404005,2020-08-12,178.18
5458,DE0008404005,2020-08-10,178.18
5461,DE0008404005,2020-08-13,180.18
5462,DE0008404005,2020-08-14,182.98
5463,DE0008404005,2020-08-17,186.14
5464,DE0008404005,2020-08-18,183.88
5465,DE0008404005,2020-08-19,180.04
5466,DE0008404005,2020-08-20,180.18
5467,DE0008404005,2020-08-21,180.96
5468,DE0008404005,2020-08-24,178.18
5469,DE0008404005,2020-08-25,181.28
5470,DE0008404005,2020-08-26,179.58
5472,DE0008404005,2020-08-28,183.9
5471,DE0008404005,2020-08-27,183.76
5473,DE0008404005,2020-08-31,181.56
5474,DE0008404005,2020-09-01,182.4
5476,DE0008404005,2020-09-03,182.4
5475,DE0008404005,2020-09-02,182.08
5478,DE0008404005,2020-09-07,184.18
5477,DE0008404005,2020-09-04,179.58
5480,DE0008404005,2020-09-09,183.76
5479,DE0008404005,2020-09-08,183.76
5482,DE0008404005,2020-09-11,183.9
5481,DE0008404005,2020-09-10,182.06
5483,DE0008404005,2020-09-14,186.24
5484,DE0008404005,2020-09-15,182.4
5485,DE0008404005,2020-09-16,181.56
5486,DE0008404005,2020-09-17,183.58
5488,DE0008404005,2020-09-21,178.06
5487,DE0008404005,2020-09-18,182.08
5490,DE0008404005,2020-09-23,180.04
5489,DE0008404005,2020-09-22,179.64
5491,DE0008404005,2020-09-24,157.8
5492,DE0008404005,2020-09-25,165.28
5493,DE0008404005,2020-09-28,181.78
5494,DE0008404005,2020-09-29,150.94
5496,DE0008404005,2020-10-01,145.04
5495,DE0008404005,2020-09-30,146.64
5497,DE0008404005,2020-10-02,148.24
5502,DE0008404005,2020-10-09,167.78
5501,DE0008404005,2020-10-08,167.24
5504,DE0008404005,2020-10-13,169.86
5503,DE0008404005,2020-10-12,168.4
5510,DE0008404005,2020-10-21,162.94
5511,DE0008404005,2020-10-22,163.12
5512,DE0008404005,2020-10-23,161.56
5513,DE0008404005,2020-10-26,162.28
5521,DE0008404005,2020-11-05,163.76
5523,DE0008404005,2020-11-09,166.36
5514,DE0008404005,2020-10-27,160.4
5525,DE0008404005,2020-11-11,150.6
5522,DE0008404005,2020-11-06,166.36
5524,DE0008404005,2020-11-10,183.36
5520,DE0008404005,2020-11-04,163.28
5526,DE0008404005,2020-11-12,188.7
5527,DE0008404005,2020-11-13,185.82
5515,DE0008404005,2020-10-28,155.0
5532,DE0008404005,2020-11-20,191.3
5530,DE0008404005,2020-11-18,150.6
5533,DE0008404005,2020-11-23,195.3
5534,DE0008404005,2020-11-24,197.0
5531,DE0008404005,2020-11-19,150.6
5535,DE0008404005,2020-11-25,176.96
5529,DE0008404005,2020-11-17,150.6
5528,DE0008404005,2020-11-16,150.6
5536,DE0008404005,2020-11-26,180.26
5537,DE0008404005,2020-11-27,163.96
5538,DE0008404005,2020-11-30,197.96
5539,DE0008404005,2020-12-01,180.18
5541,DE0008404005,2020-12-03,182.92
5540,DE0008404005,2020-12-02,184.08
5542,DE0008404005,2020-12-04,197.8
5543,DE0008404005,2020-12-07,182.98
5544,DE0008404005,2020-12-08,196.58
5545,DE0008404005,2020-12-09,196.58
5546,DE0008404005,2020-12-10,197.18
5547,DE0008404005,2020-12-11,197.18
5549,DE0008404005,2020-12-15,196.44
5548,DE0008404005,2020-12-14,197.18
5550,DE0008404005,2020-12-16,196.58
5551,DE0008404005,2020-12-17,196.44
5552,DE0008404005,2020-12-18,201.25
5553,DE0008404005,2020-12-21,196.44
5554,DE0008404005,2020-12-22,196.44
5555,DE0008404005,2020-12-23,194.68
5556,DE0008404005,2020-12-24,199.66
5557,DE0008404005,2020-12-28,198.3
5558,DE0008404005,2020-12-29,201.25
5560,DE0008404005,2020-12-31,195.56
5559,DE0008404005,2020-12-30,194.68
5561,DE0008404005,2021-01-01,194.68
5563,DE0008404005,2021-01-05,198.3
5562,DE0008404005,2021-01-04,199.66
5564,DE0008404005,2021-01-06,202.3
5565,DE0008404005,2021-01-07,201.25
5566,DE0008404005,2021-01-08,195.24
5567,DE0008404005,2021-01-11,196.44
5568,DE0008404005,2021-01-12,200.71
5570,DE0008404005,2021-01-14,200.71
5569,DE0008404005,2021-01-13,198.64
5571,DE0008404005,2021-01-15,205.3
5572,DE0008404005,2021-01-18,205.55
5573,DE0008404005,2021-01-19,205.85
5574,DE0008404005,2021-01-20,203.6
5575,DE0008404005,2021-01-21,202.7
5576,DE0008404005,2021-01-22,201.95
5577,DE0008404005,2021-01-25,202.3
5578,DE0008404005,2021-01-26,201.2
5580,DE0008404005,2021-01-28,191.56
5579,DE0008404005,2021-01-27,194.16
5583,DE0008404005,2021-02-02,182.38
5581,DE0008404005,2021-01-29,191.4
5582,DE0008404005,2021-02-01,196.58
5586,DE0008404005,2021-02-05,195.64
5587,DE0008404005,2021-02-08,195.3
5588,DE0008404005,2021-02-09,195.92
5589,DE0008404005,2021-02-10,195.56
5591,DE0008404005,2021-02-12,195.56
5590,DE0008404005,2021-02-11,195.56
5592,DE0008404005,2021-02-15,163.96
5594,DE0008404005,2021-02-17,196.56
5593,DE0008404005,2021-02-16,199.4
5595,DE0008404005,2021-02-18,196.79
5596,DE0008404005,2021-02-19,196.79
5597,DE0008404005,2021-02-22,196.58
5602,DE000A0DEN75,2020-03-02,92.117714
5614,DE000A0DEN75,2020-03-18,74.070129
5615,DE000A0DEN75,2020-03-19,69.25
5598,DE0008404005,2021-02-23,198.64
5616,DE000A0DEN75,2020-03-20,65.429855
5599,DE0008404005,2021-02-24,198.08
5617,DE000A0DEN75,2020-03-23,65.202736
5618,DE000A0DEN75,2020-03-24,74.070129
5620,DE000A0DEN75,2020-03-26,64.709167
5621,DE000A0DEN75,2020-03-27,64.709167
5622,DE000A0DEN75,2020-03-30,65.891769
5624,DE000A0DEN75,2020-04-01,69.278854
5625,DE000A0DEN75,2020-04-02,69.455208
5626,DE000A0DEN75,2020-04-03,76.840286
5627,DE000A0DEN75,2020-04-06,77.639992
5628,DE000A0DEN75,2020-04-07,80.269302
5629,DE000A0DEN75,2020-04-08,82.900101
5600,DE0008404005,2021-02-25,200.35
5601,DE0008404005,2021-02-26,195.56
5646,DE000A0DEN75,2020-05-01,79.420158
5647,DE000A0DEN75,2020-05-04,79.420158
5648,DE000A0DEN75,2020-05-05,79.347664
5649,DE000A0DEN75,2020-05-06,78.174393
5630,DE000A0DEN75,2020-04-09,82.5093
5650,DE000A0DEN75,2020-05-07,78.30162
5651,DE000A0DEN75,2020-05-08,78.412186
5652,DE000A0DEN75,2020-05-11,78.125969
5653,DE000A0DEN75,2020-05-12,78.30162
5655,DE000A0DEN75,2020-05-14,79.420158
5654,DE000A0DEN75,2020-05-13,79.003426
5656,DE000A0DEN75,2020-05-15,77.141884
5657,DE000A0DEN75,2020-05-18,77.141884
5658,DE000A0DEN75,2020-05-19,77.105515
5659,DE000A0DEN75,2020-05-20,77.046661
5660,DE000A0DEN75,2020-05-21,77.003822
5661,DE000A0DEN75,2020-05-22,76.993652
5662,DE000A0DEN75,2020-05-25,76.993652
5663,DE000A0DEN75,2020-05-26,76.999077
5664,DE000A0DEN75,2020-05-27,76.816673
5665,DE000A0DEN75,2020-05-28,76.816673
5666,DE000A0DEN75,2020-05-29,77.142502
5667,DE000A0DEN75,2020-06-01,77.946335
5668,DE000A0DEN75,2020-06-02,77.946335
5669,DE000A0DEN75,2020-06-03,77.774521
5670,DE000A0DEN75,2020-06-04,78.099312
5671,DE000A0DEN75,2020-06-05,78.099312
5672,DE000A0DEN75,2020-06-08,78.94677
5673,DE000A0DEN75,2020-06-09,79.315224
5674,DE000A0DEN75,2020-06-10,79.083939
5675,DE000A0DEN75,2020-06-11,79.347664
5676,DE000A0DEN75,2020-06-12,79.315224
5684,DE000A0DEN75,2020-06-24,80.429977
5693,DE000A0DEN75,2020-07-07,80.528259
5694,DE000A0DEN75,2020-07-08,80.469551
5695,DE000A0DEN75,2020-07-09,80.469551
5696,DE000A0DEN75,2020-07-10,80.682655
5697,DE000A0DEN75,2020-07-13,80.321388
5699,DE000A0DEN75,2020-07-15,80.77227
5700,DE000A0DEN75,2020-07-16,80.727531
5703,DE000A0DEN75,2020-07-21,80.434883
5704,DE000A0DEN75,2020-07-22,80.434883
5705,DE000A0DEN75,2020-07-23,80.434883
5706,DE000A0DEN75,2020-07-24,81.285568
5707,DE000A0DEN75,2020-07-27,81.285568
5708,DE000A0DEN75,2020-07-28,81.350098
5709,DE000A0DEN75,2020-07-29,81.285568
5710,DE000A0DEN75,2020-07-30,81.52076
5711,DE000A0DEN75,2020-07-31,81.52076
5712,DE000A0DEN75,2020-08-03,81.51152
5713,DE000A0DEN75,2020-08-04,80.321388
5714,DE000A0DEN75,2020-08-05,80.321388
5715,DE000A0DEN75,2020-08-06,81.899498
5717,DE000A0DEN75,2020-08-10,80.088676
5716,DE000A0DEN75,2020-08-07,81.52076
5718,DE000A0DEN75,2020-08-11,81.94812
5719,DE000A0DEN75,2020-08-12,80.434883
5720,DE000A0DEN75,2020-08-13,79.251183
5734,DE000A0DEN75,2020-09-02,83.684631
5735,DE000A0DEN75,2020-09-03,83.945145
5736,DE000A0DEN75,2020-09-04,83.996788
5737,DE000A0DEN75,2020-09-07,84.384132
5738,DE000A0DEN75,2020-09-08,84.384132
5739,DE000A0DEN75,2020-09-09,84.85788
5740,DE000A0DEN75,2020-09-10,84.85788
5741,DE000A0DEN75,2020-09-11,84.967201
5742,DE000A0DEN75,2020-09-14,84.979027
5743,DE000A0DEN75,2020-09-15,84.976295
5744,DE000A0DEN75,2020-09-16,84.976295
5745,DE000A0DEN75,2020-09-17,85.587776
5746,DE000A0DEN75,2020-09-18,86.707077
5747,DE000A0DEN75,2020-09-21,85.587776
5748,DE000A0DEN75,2020-09-22,87.499825
5750,DE000A0DEN75,2020-09-24,87.411308
5749,DE000A0DEN75,2020-09-23,87.411308
5751,DE000A0DEN75,2020-09-25,87.411308
5752,DE000A0DEN75,2020-09-28,85.54538
5753,DE000A0DEN75,2020-09-29,84.85788
5755,DE000A0DEN75,2020-10-01,87.458527
5754,DE000A0DEN75,2020-09-30,87.345673
5756,DE000A0DEN75,2020-10-02,87.458527
5757,DE000A0DEN75,2020-10-05,87.458527
5758,DE000A0DEN75,2020-10-06,87.679756
5759,DE000A0DEN75,2020-10-07,87.679756
5760,DE000A0DEN75,2020-10-08,88.025475
5761,DE000A0DEN75,2020-10-09,88.025475
5762,DE000A0DEN75,2020-10-12,88.755203
5763,DE000A0DEN75,2020-10-13,88.592781
5764,DE000A0DEN75,2020-10-14,88.592781
5765,DE000A0DEN75,2020-10-15,88.755753
5766,DE000A0DEN75,2020-10-16,88.755753
5767,DE000A0DEN75,2020-10-19,88.486023
5768,DE000A0DEN75,2020-10-20,88.486023
5771,DE000A0DEN75,2020-10-23,89.425789
5769,DE000A0DEN75,2020-10-21,88.486023
5770,DE000A0DEN75,2020-10-22,89.425789
5772,DE000A0DEN75,2020-10-26,91.471718
5773,DE000A0DEN75,2020-10-27,91.457542
5774,DE000A0DEN75,2020-10-28,91.457542
5775,DE000A0DEN75,2020-10-29,91.471718
5776,DE000A0DEN75,2020-10-30,88.42067
5777,DE000A0DEN75,2020-11-02,88.755753
5781,DE000A0DEN75,2020-11-06,91.131142
5782,DE000A0DEN75,2020-11-09,91.22493
5783,DE000A0DEN75,2020-11-10,92.024506
5784,DE000A0DEN75,2020-11-11,92.045479
5785,DE000A0DEN75,2020-11-12,92.417549
5786,DE000A0DEN75,2020-11-13,92.332649
5787,DE000A0DEN75,2020-11-16,92.202934
5788,DE000A0DEN75,2020-11-17,92.941322
5789,DE000A0DEN75,2020-11-18,93.296165
5790,DE000A0DEN75,2020-11-19,93.96801
5791,DE000A0DEN75,2020-11-20,94.06469
5792,DE000A0DEN75,2020-11-23,94.08445
5794,DE000A0DEN75,2020-11-25,94.293388
5793,DE000A0DEN75,2020-11-24,94.215851
5795,DE000A0DEN75,2020-11-26,94.33844
5796,DE000A0DEN75,2020-11-27,94.33844
5798,DE000A0DEN75,2020-12-01,94.246727
5797,DE000A0DEN75,2020-11-30,94.373863
5799,DE000A0DEN75,2020-12-02,94.235657
5800,DE000A0DEN75,2020-12-03,94.373863
5801,DE000A0DEN75,2020-12-04,94.211098
5803,DE000A0DEN75,2020-12-08,94.143448
5802,DE000A0DEN75,2020-12-07,94.211098
5804,DE000A0DEN75,2020-12-09,94.094521
5805,DE000A0DEN75,2020-12-10,94.066292
5806,DE000A0DEN75,2020-12-11,94.094521
5807,DE000A0DEN75,2020-12-14,94.143448
5808,DE000A0DEN75,2020-12-15,93.99575
5809,DE000A0DEN75,2020-12-16,93.99575
5810,DE000A0DEN75,2020-12-17,94.175835
5811,DE000A0DEN75,2020-12-18,94.177666
5814,DE000A0DEN75,2020-12-23,94.179779
5812,DE000A0DEN75,2020-12-21,94.177666
5813,DE000A0DEN75,2020-12-22,94.179779
5815,DE000A0DEN75,2020-12-24,94.175835
5816,DE000A0DEN75,2020-12-28,94.120094
5818,DE000A0DEN75,2020-12-30,93.913399
5817,DE000A0DEN75,2020-12-29,94.177666
5819,DE000A0DEN75,2020-12-31,94.068176
5820,DE000A0DEN75,2021-01-01,93.913399
5821,DE000A0DEN75,2021-01-04,93.913399
5822,DE000A0DEN75,2021-01-05,94.348129
5823,DE000A0DEN75,2021-01-06,94.420151
5824,DE000A0DEN75,2021-01-07,94.175835
5825,DE000A0DEN75,2021-01-08,95.038559
5826,DE000A0DEN75,2021-01-11,95.103745
5827,DE000A0DEN75,2021-01-12,95.103745
5828,DE000A0DEN75,2021-01-13,95.167824
5829,DE000A0DEN75,2021-01-14,95.167824
5830,DE000A0DEN75,2021-01-15,95.474976
5831,DE000A0DEN75,2021-01-18,95.434586
5832,DE000A0DEN75,2021-01-19,95.549927
5833,DE000A0DEN75,2021-01-20,96.024048
5834,DE000A0DEN75,2021-01-21,96.411247
5835,DE000A0DEN75,2021-01-22,96.811737
5836,DE000A0DEN75,2021-01-25,96.863136
5837,DE000A0DEN75,2021-01-26,96.962997
5838,DE000A0DEN75,2021-01-27,96.865265
5839,DE000A0DEN75,2021-01-28,96.311928
5840,DE000A0DEN75,2021-01-29,95.974731
5841,DE000A0DEN75,2021-02-01,96.811737
5842,DE000A0DEN75,2021-02-02,96.811737
5843,DE000A0DEN75,2021-02-03,96.811737
5844,DE000A0DEN75,2021-02-04,96.811737
5845,DE000A0DEN75,2021-02-05,96.811737
5847,DE000A0DEN75,2021-02-09,94.143448
5846,DE000A0DEN75,2021-02-08,96.501778
5848,DE000A0DEN75,2021-02-10,96.204964
5849,DE000A0DEN75,2021-02-11,96.191902
5850,DE000A0DEN75,2021-02-12,96.393379
5851,DE000A0DEN75,2021-02-15,96.336472
5852,DE000A0DEN75,2021-02-16,96.305115
5854,DE000A0DEN75,2021-02-18,96.296608
5853,DE000A0DEN75,2021-02-17,96.27916
5855,DE000A0DEN75,2021-02-19,96.27916
5856,DE000A0DEN75,2021-02-22,97.663704
5857,DE000A0DEN75,2021-02-23,97.656807
5858,DE000A0DEN75,2021-02-24,97.546898
5859,DE000A0DEN75,2021-02-25,97.546898
5860,DE000A0DEN75,2021-02-26,97.515198
5877,DE000A0H0728,2020-03-24,14.3
5879,DE000A0H0728,2020-03-26,14.6
5880,DE000A0H0728,2020-03-27,14.7
5881,DE000A0H0728,2020-03-30,14.4
5882,DE000A0H0728,2020-03-31,14.1
5883,DE000A0H0728,2020-04-01,14.0
5886,DE000A0H0728,2020-04-06,14.0
5885,DE000A0H0728,2020-04-03,14.4
5884,DE000A0H0728,2020-04-02,14.0
5887,DE000A0H0728,2020-04-07,16.7
5888,DE000A0H0728,2020-04-08,14.7
5892,DE000A0H0728,2020-04-14,14.8
5893,DE000A0H0728,2020-04-15,14.6
5894,DE000A0H0728,2020-04-16,14.4
5895,DE000A0H0728,2020-04-17,14.5
5897,DE000A0H0728,2020-04-21,14.4
5898,DE000A0H0728,2020-04-22,14.2
5899,DE000A0H0728,2020-04-23,14.1
5900,DE000A0H0728,2020-04-24,14.7
5901,DE000A0H0728,2020-04-27,14.7
5902,DE000A0H0728,2020-04-28,13.9
5904,DE000A0H0728,2020-04-30,13.9
5905,DE000A0H0728,2020-05-01,14.0
5906,DE000A0H0728,2020-05-04,14.1
5907,DE000A0H0728,2020-05-05,14.2
5908,DE000A0H0728,2020-05-06,14.1
5909,DE000A0H0728,2020-05-07,14.4
5911,DE000A0H0728,2020-05-11,14.6
5912,DE000A0H0728,2020-05-12,14.6
5913,DE000A0H0728,2020-05-13,14.6
5914,DE000A0H0728,2020-05-14,14.5
5915,DE000A0H0728,2020-05-15,14.4
5917,DE000A0H0728,2020-05-19,14.7
5916,DE000A0H0728,2020-05-18,14.5
5918,DE000A0H0728,2020-05-20,14.4
5919,DE000A0H0728,2020-05-21,14.6
5920,DE000A0H0728,2020-05-22,14.6
5921,DE000A0H0728,2020-05-25,14.3
5922,DE000A0H0728,2020-05-26,14.6
5925,DE000A0H0728,2020-05-29,14.276
5926,DE000A0H0728,2020-06-01,14.264
5927,DE000A0H0728,2020-06-02,14.439
5923,DE000A0H0728,2020-05-27,13.9
5928,DE000A0H0728,2020-06-03,14.474
5924,DE000A0H0728,2020-05-28,13.9
5929,DE000A0H0728,2020-06-04,14.439
5930,DE000A0H0728,2020-06-05,14.376
5931,DE000A0H0728,2020-06-08,14.531
5932,DE000A0H0728,2020-06-09,14.806
5933,DE000A0H0728,2020-06-10,14.325
5934,DE000A0H0728,2020-06-11,14.461
5935,DE000A0H0728,2020-06-12,14.255
5936,DE000A0H0728,2020-06-15,13.92
5937,DE000A0H0728,2020-06-16,14.244
5938,DE000A0H0728,2020-06-17,14.303
5939,DE000A0H0728,2020-06-18,14.531
5940,DE000A0H0728,2020-06-19,14.806
5941,DE000A0H0728,2020-06-22,14.424
5942,DE000A0H0728,2020-06-23,14.461
5943,DE000A0H0728,2020-06-24,14.255
5944,DE000A0H0728,2020-06-25,14.434
5945,DE000A0H0728,2020-06-26,14.244
5946,DE000A0H0728,2020-06-29,14.303
5947,DE000A0H0728,2020-06-30,14.474
5949,DE000A0H0728,2020-07-02,14.325
5948,DE000A0H0728,2020-07-01,14.561
5950,DE000A0H0728,2020-07-03,14.578
5951,DE000A0H0728,2020-07-06,14.806
5952,DE000A0H0728,2020-07-07,14.832
5953,DE000A0H0728,2020-07-08,14.943
5954,DE000A0H0728,2020-07-09,14.255
5955,DE000A0H0728,2020-07-10,14.937
5956,DE000A0H0728,2020-07-13,14.474
5957,DE000A0H0728,2020-07-14,13.92
5958,DE000A0H0728,2020-07-15,14.9
5959,DE000A0H0728,2020-07-16,14.702
5960,DE000A0H0728,2020-07-17,14.702
5961,DE000A0H0728,2020-07-20,14.731
5962,DE000A0H0728,2020-07-21,14.658
5963,DE000A0H0728,2020-07-22,14.658
5964,DE000A0H0728,2020-07-23,14.838
5965,DE000A0H0728,2020-07-24,14.658
5966,DE000A0H0728,2020-07-27,14.702
5967,DE000A0H0728,2020-07-28,14.69
5968,DE000A0H0728,2020-07-29,14.69
5988,DE000A0H0728,2020-08-26,15.309
5989,DE000A0H0728,2020-08-27,15.492
5991,DE000A0H0728,2020-08-31,15.512
5992,DE000A0H0728,2020-09-01,15.49
5993,DE000A0H0728,2020-09-02,15.512
5994,DE000A0H0728,2020-09-03,15.581
5995,DE000A0H0728,2020-09-04,15.594
5996,DE000A0H0728,2020-09-07,15.52
5997,DE000A0H0728,2020-09-08,15.52
5998,DE000A0H0728,2020-09-09,15.432
5999,DE000A0H0728,2020-09-10,15.432
6000,DE000A0H0728,2020-09-11,15.415
6001,DE000A0H0728,2020-09-14,15.282
6003,DE000A0H0728,2020-09-16,15.282
6002,DE000A0H0728,2020-09-15,15.26
6004,DE000A0H0728,2020-09-17,15.418
6005,DE000A0H0728,2020-09-18,15.481
6006,DE000A0H0728,2020-09-21,15.481
6007,DE000A0H0728,2020-09-22,15.418
6009,DE000A0H0728,2020-09-24,15.418
6008,DE000A0H0728,2020-09-23,15.52
6010,DE000A0H0728,2020-09-25,15.581
6011,DE000A0H0728,2020-09-28,15.594
6012,DE000A0H0728,2020-09-29,15.381
6013,DE000A0H0728,2020-09-30,15.309
6014,DE000A0H0728,2020-10-01,15.309
6015,DE000A0H0728,2020-10-02,15.594
6016,DE000A0H0728,2020-10-05,15.594
6017,DE000A0H0728,2020-10-06,15.594
6019,DE000A0H0728,2020-10-08,15.396
6018,DE000A0H0728,2020-10-07,15.412
6020,DE000A0H0728,2020-10-09,15.261
6021,DE000A0H0728,2020-10-12,15.688
6022,DE000A0H0728,2020-10-13,15.581
6023,DE000A0H0728,2020-10-14,15.594
6024,DE000A0H0728,2020-10-15,15.594
6025,DE000A0H0728,2020-10-16,15.808
6026,DE000A0H0728,2020-10-19,15.581
6028,DE000A0H0728,2020-10-21,15.757
6027,DE000A0H0728,2020-10-20,15.721
6029,DE000A0H0728,2020-10-22,15.282
6032,DE000A0H0728,2020-10-27,15.432
6030,DE000A0H0728,2020-10-23,15.52
6031,DE000A0H0728,2020-10-26,15.432
6033,DE000A0H0728,2020-10-28,15.52
6034,DE000A0H0728,2020-10-29,15.52
6035,DE000A0H0728,2020-10-30,15.594
6036,DE000A0H0728,2020-11-02,15.466
6037,DE000A0H0728,2020-11-03,15.466
6038,DE000A0H0728,2020-11-04,15.704
6039,DE000A0H0728,2020-11-05,15.466
6041,DE000A0H0728,2020-11-09,15.476
6040,DE000A0H0728,2020-11-06,15.764
6042,DE000A0H0728,2020-11-10,15.664
6043,DE000A0H0728,2020-11-11,15.466
6044,DE000A0H0728,2020-11-12,15.466
6045,DE000A0H0728,2020-11-13,15.664
6046,DE000A0H0728,2020-11-16,15.795
6047,DE000A0H0728,2020-11-17,15.664
6048,DE000A0H0728,2020-11-18,15.494
6049,DE000A0H0728,2020-11-19,15.745
6051,DE000A0H0728,2020-11-23,15.814
6050,DE000A0H0728,2020-11-20,15.745
6052,DE000A0H0728,2020-11-24,15.808
6053,DE000A0H0728,2020-11-25,15.842
6054,DE000A0H0728,2020-11-26,15.794
6055,DE000A0H0728,2020-11-27,15.808
6056,DE000A0H0728,2020-11-30,15.75
6057,DE000A0H0728,2020-12-01,15.79
6058,DE000A0H0728,2020-12-02,15.81
6059,DE000A0H0728,2020-12-03,15.62
6060,DE000A0H0728,2020-12-04,15.38
6061,DE000A0H0728,2020-12-07,15.47
6062,DE000A0H0728,2020-12-08,15.62
6063,DE000A0H0728,2020-12-09,15.38
6065,DE000A0H0728,2020-12-11,15.69
6064,DE000A0H0728,2020-12-10,15.43
6066,DE000A0H0728,2020-12-14,15.66
6068,DE000A0H0728,2020-12-16,15.69
6067,DE000A0H0728,2020-12-15,15.56
6069,DE000A0H0728,2020-12-17,15.57
6070,DE000A0H0728,2020-12-18,15.78
6071,DE000A0H0728,2020-12-21,15.81
6073,DE000A0H0728,2020-12-23,15.95
6074,DE000A0H0728,2020-12-24,15.74
6072,DE000A0H0728,2020-12-22,15.66
6076,DE000A0H0728,2020-12-29,15.84
6075,DE000A0H0728,2020-12-28,15.87
6077,DE000A0H0728,2020-12-30,15.87
6078,DE000A0H0728,2020-12-31,15.87
6079,DE000A0H0728,2021-01-01,15.78
6081,DE000A0H0728,2021-01-05,16.01
6080,DE000A0H0728,2021-01-04,15.87
6082,DE000A0H0728,2021-01-06,15.81
6083,DE000A0H0728,2021-01-07,16.5
6084,DE000A0H0728,2021-01-08,16.5
6085,DE000A0H0728,2021-01-11,16.5
6086,DE000A0H0728,2021-01-12,16.48
6088,DE000A0H0728,2021-01-14,16.38
6087,DE000A0H0728,2021-01-13,16.49
6089,DE000A0H0728,2021-01-15,16.78
6090,DE000A0H0728,2021-01-18,16.75
6091,DE000A0H0728,2021-01-19,16.79
6092,DE000A0H0728,2021-01-20,16.78
6093,DE000A0H0728,2021-01-21,16.91
6094,DE000A0H0728,2021-01-22,16.78
6095,DE000A0H0728,2021-01-25,16.78
6096,DE000A0H0728,2021-01-26,16.64
6097,DE000A0H0728,2021-01-27,16.64
6098,DE000A0H0728,2021-01-28,16.65
6099,DE000A0H0728,2021-01-29,16.77
6100,DE000A0H0728,2021-02-01,16.77
6101,DE000A0H0728,2021-02-02,16.7
6102,DE000A0H0728,2021-02-03,16.91
6103,DE000A0H0728,2021-02-04,17.13
6104,DE000A0H0728,2021-02-05,17.3
6105,DE000A0H0728,2021-02-08,16.91
6106,DE000A0H0728,2021-02-09,16.91
6107,DE000A0H0728,2021-02-10,16.91
6108,DE000A0H0728,2021-02-11,17.47
6109,DE000A0H0728,2021-02-12,17.49
6121,DE000A0H08Q4,2020-03-03,47.44
6122,DE000A0H08Q4,2020-03-04,47.85
6123,DE000A0H08Q4,2020-03-05,48.38
6111,DE000A0H0728,2021-02-16,17.49
6110,DE000A0H0728,2021-02-15,17.49
6124,DE000A0H08Q4,2020-03-06,47.33
6112,DE000A0H0728,2021-02-17,17.49
6113,DE000A0H0728,2021-02-18,17.35
6114,DE000A0H0728,2021-02-19,17.49
6125,DE000A0H08Q4,2020-03-09,45.63
6126,DE000A0H08Q4,2020-03-10,42.28
6127,DE000A0H08Q4,2020-03-11,42.28
6115,DE000A0H0728,2021-02-22,17.76
6116,DE000A0H0728,2021-02-23,16.91
6117,DE000A0H0728,2021-02-24,16.91
6118,DE000A0H0728,2021-02-25,17.49
6128,DE000A0H08Q4,2020-03-12,42.28
6119,DE000A0H0728,2021-02-26,18.07
6129,DE000A0H08Q4,2020-03-13,38.23
6130,DE000A0H08Q4,2020-03-16,38.6
6131,DE000A0H08Q4,2020-03-17,36.22
6132,DE000A0H08Q4,2020-03-18,38.6
6133,DE000A0H08Q4,2020-03-19,34.69
6135,DE000A0H08Q4,2020-03-23,49.18
6134,DE000A0H08Q4,2020-03-20,34.69
6136,DE000A0H08Q4,2020-03-24,34.69
6138,DE000A0H08Q4,2020-03-26,40.99
6139,DE000A0H08Q4,2020-03-27,42.17
6140,DE000A0H08Q4,2020-03-30,40.49
6137,DE000A0H08Q4,2020-03-25,34.69
6141,DE000A0H08Q4,2020-03-31,41.6
6142,DE000A0H08Q4,2020-04-01,41.63
6143,DE000A0H08Q4,2020-04-02,40.72
6144,DE000A0H08Q4,2020-04-03,39.87
6145,DE000A0H08Q4,2020-04-06,39.78
6146,DE000A0H08Q4,2020-04-07,34.69
6147,DE000A0H08Q4,2020-04-08,41.76
6148,DE000A0H08Q4,2020-04-09,43.76
6149,DE000A0H08Q4,2020-04-10,43.76
6150,DE000A0H08Q4,2020-04-13,39.78
6151,DE000A0H08Q4,2020-04-14,43.29
6152,DE000A0H08Q4,2020-04-15,45.41
6153,DE000A0H08Q4,2020-04-16,45.41
6154,DE000A0H08Q4,2020-04-17,45.41
6155,DE000A0H08Q4,2020-04-20,45.9
6156,DE000A0H08Q4,2020-04-21,43.41
6157,DE000A0H08Q4,2020-04-22,45.92
6158,DE000A0H08Q4,2020-04-23,45.92
6159,DE000A0H08Q4,2020-04-24,43.765
6160,DE000A0H08Q4,2020-04-27,45.06
6161,DE000A0H08Q4,2020-04-28,43.765
6162,DE000A0H08Q4,2020-04-29,45.06
6163,DE000A0H08Q4,2020-04-30,46.715
6164,DE000A0H08Q4,2020-05-01,45.57
6165,DE000A0H08Q4,2020-05-04,46.715
6166,DE000A0H08Q4,2020-05-05,45.632
6167,DE000A0H08Q4,2020-05-06,44.64
6168,DE000A0H08Q4,2020-05-07,44.64
6169,DE000A0H08Q4,2020-05-08,46.32
6170,DE000A0H08Q4,2020-05-11,47.005
6171,DE000A0H08Q4,2020-05-12,46.895
6172,DE000A0H08Q4,2020-05-13,46.815
6173,DE000A0H08Q4,2020-05-14,45.815
6174,DE000A0H08Q4,2020-05-15,45.632
6175,DE000A0H08Q4,2020-05-18,44.64
6176,DE000A0H08Q4,2020-05-19,45.835
6177,DE000A0H08Q4,2020-05-20,46.815
6178,DE000A0H08Q4,2020-05-21,46.815
6179,DE000A0H08Q4,2020-05-22,46.205
6180,DE000A0H08Q4,2020-05-25,48.265
6181,DE000A0H08Q4,2020-05-26,49.48
6182,DE000A0H08Q4,2020-05-27,49.66
6183,DE000A0H08Q4,2020-05-28,49.66
6184,DE000A0H08Q4,2020-05-29,49.715
6185,DE000A0H08Q4,2020-06-01,49.715
6186,DE000A0H08Q4,2020-06-02,50.36
6187,DE000A0H08Q4,2020-06-03,49.715
6188,DE000A0H08Q4,2020-06-04,49.715
6189,DE000A0H08Q4,2020-06-05,49.715
6190,DE000A0H08Q4,2020-06-08,52.79
6191,DE000A0H08Q4,2020-06-09,52.79
6192,DE000A0H08Q4,2020-06-10,52.79
6193,DE000A0H08Q4,2020-06-11,52.12
6194,DE000A0H08Q4,2020-06-12,52.12
6195,DE000A0H08Q4,2020-06-15,50.65
6196,DE000A0H08Q4,2020-06-16,50.92
6197,DE000A0H08Q4,2020-06-17,50.92
6198,DE000A0H08Q4,2020-06-18,50.65
6199,DE000A0H08Q4,2020-06-19,53.26
6200,DE000A0H08Q4,2020-06-22,53.26
6201,DE000A0H08Q4,2020-06-23,53.56
6202,DE000A0H08Q4,2020-06-24,54.27
6203,DE000A0H08Q4,2020-06-25,54.98
6204,DE000A0H08Q4,2020-06-26,54.8
6205,DE000A0H08Q4,2020-06-29,53.51
6206,DE000A0H08Q4,2020-06-30,54.8
6207,DE000A0H08Q4,2020-07-01,54.8
6208,DE000A0H08Q4,2020-07-02,54.7
6209,DE000A0H08Q4,2020-07-03,50.17
6210,DE000A0H08Q4,2020-07-06,54.63
6211,DE000A0H08Q4,2020-07-07,55.86
6212,DE000A0H08Q4,2020-07-08,48.765
6213,DE000A0H08Q4,2020-07-09,50.51
6214,DE000A0H08Q4,2020-07-10,51.17
6215,DE000A0H08Q4,2020-07-13,48.265
6216,DE000A0H08Q4,2020-07-14,55.84
6217,DE000A0H08Q4,2020-07-15,55.84
6218,DE000A0H08Q4,2020-07-16,55.84
6219,DE000A0H08Q4,2020-07-17,55.84
6220,DE000A0H08Q4,2020-07-20,55.84
6222,DE000A0H08Q4,2020-07-22,57.16
6221,DE000A0H08Q4,2020-07-21,57.07
6223,DE000A0H08Q4,2020-07-23,57.09
6224,DE000A0H08Q4,2020-07-24,57.16
6225,DE000A0H08Q4,2020-07-27,54.75
6226,DE000A0H08Q4,2020-07-28,55.35
6227,DE000A0H08Q4,2020-07-29,54.75
6228,DE000A0H08Q4,2020-07-30,54.89
6229,DE000A0H08Q4,2020-07-31,54.67
6230,DE000A0H08Q4,2020-08-03,54.67
6231,DE000A0H08Q4,2020-08-04,55.12
6232,DE000A0H08Q4,2020-08-05,55.2
6233,DE000A0H08Q4,2020-08-06,54.88
6234,DE000A0H08Q4,2020-08-07,54.95
6235,DE000A0H08Q4,2020-08-10,54.95
6236,DE000A0H08Q4,2020-08-11,54.95
6237,DE000A0H08Q4,2020-08-12,54.95
6238,DE000A0H08Q4,2020-08-13,55.15
6239,DE000A0H08Q4,2020-08-14,55.63
6240,DE000A0H08Q4,2020-08-17,55.63
6241,DE000A0H08Q4,2020-08-18,54.76
6242,DE000A0H08Q4,2020-08-19,55.84
6243,DE000A0H08Q4,2020-08-20,55.84
6244,DE000A0H08Q4,2020-08-21,53.58
6245,DE000A0H08Q4,2020-08-24,54.73
6246,DE000A0H08Q4,2020-08-25,56.02
6247,DE000A0H08Q4,2020-08-26,57.07
6249,DE000A0H08Q4,2020-08-28,57.09
6248,DE000A0H08Q4,2020-08-27,57.16
6250,DE000A0H08Q4,2020-08-31,56.73
6251,DE000A0H08Q4,2020-09-01,56.11
6252,DE000A0H08Q4,2020-09-02,56.56
6253,DE000A0H08Q4,2020-09-03,58.01
6254,DE000A0H08Q4,2020-09-04,54.67
6255,DE000A0H08Q4,2020-09-07,53.58
6256,DE000A0H08Q4,2020-09-08,53.52
6257,DE000A0H08Q4,2020-09-09,55.35
6258,DE000A0H08Q4,2020-09-10,56.11
6259,DE000A0H08Q4,2020-09-11,54.16
6260,DE000A0H08Q4,2020-09-14,53.58
6261,DE000A0H08Q4,2020-09-15,53.52
6262,DE000A0H08Q4,2020-09-16,56.41
6263,DE000A0H08Q4,2020-09-17,55.28
6264,DE000A0H08Q4,2020-09-18,56.67
6265,DE000A0H08Q4,2020-09-21,55.02
6266,DE000A0H08Q4,2020-09-22,55.02
6267,DE000A0H08Q4,2020-09-23,54.16
6268,DE000A0H08Q4,2020-09-24,54.88
6269,DE000A0H08Q4,2020-09-25,53.82
6270,DE000A0H08Q4,2020-09-28,53.82
6271,DE000A0H08Q4,2020-09-29,54.76
6308,DE000A0H08Q4,2020-11-19,53.6
6310,DE000A0H08Q4,2020-11-23,53.6
6309,DE000A0H08Q4,2020-11-20,53.63
6312,DE000A0H08Q4,2020-11-25,55.46
6311,DE000A0H08Q4,2020-11-24,55.34
6313,DE000A0H08Q4,2020-11-26,53.64
6315,DE000A0H08Q4,2020-11-30,54.05
6314,DE000A0H08Q4,2020-11-27,53.82
6316,DE000A0H08Q4,2020-12-01,54.35
6317,DE000A0H08Q4,2020-12-02,54.94
6318,DE000A0H08Q4,2020-12-03,54.86
6319,DE000A0H08Q4,2020-12-04,55.48
6320,DE000A0H08Q4,2020-12-07,55.03
6321,DE000A0H08Q4,2020-12-08,55.02
6322,DE000A0H08Q4,2020-12-09,55.02
6323,DE000A0H08Q4,2020-12-10,57.01
6324,DE000A0H08Q4,2020-12-11,55.12
6325,DE000A0H08Q4,2020-12-14,54.73
6326,DE000A0H08Q4,2020-12-15,54.72
6327,DE000A0H08Q4,2020-12-16,55.76
6328,DE000A0H08Q4,2020-12-17,56.36
6329,DE000A0H08Q4,2020-12-18,55.88
6331,DE000A0H08Q4,2020-12-22,56.11
6330,DE000A0H08Q4,2020-12-21,55.56
6332,DE000A0H08Q4,2020-12-23,56.11
6333,DE000A0H08Q4,2020-12-24,56.67
6334,DE000A0H08Q4,2020-12-28,56.11
6335,DE000A0H08Q4,2020-12-29,56.56
6336,DE000A0H08Q4,2020-12-30,57.82
6337,DE000A0H08Q4,2020-12-31,56.14
6338,DE000A0H08Q4,2021-01-01,53.78
6339,DE000A0H08Q4,2021-01-04,58.09
6340,DE000A0H08Q4,2021-01-05,55.46
6341,DE000A0H08Q4,2021-01-06,58.54
6342,DE000A0H08Q4,2021-01-07,51.99
6343,DE000A0H08Q4,2021-01-08,57.08
6344,DE000A0H08Q4,2021-01-11,50.92
6346,DE000A0H08Q4,2021-01-13,59.23
6345,DE000A0H08Q4,2021-01-12,52.05
6347,DE000A0H08Q4,2021-01-14,58.75
6350,DE000A0H08Q4,2021-01-19,60.34
6348,DE000A0H08Q4,2021-01-15,59.23
6349,DE000A0H08Q4,2021-01-18,59.18
6353,DE000A0H08Q4,2021-01-22,60.6
6352,DE000A0H08Q4,2021-01-21,61.05
6351,DE000A0H08Q4,2021-01-20,54.93
6354,DE000A0H08Q4,2021-01-25,61.05
6360,DE000A0H08Q4,2021-02-02,60.68
6355,DE000A0H08Q4,2021-01-26,54.48
6361,DE000A0H08Q4,2021-02-03,61.89
6362,DE000A0H08Q4,2021-02-04,61.3
6363,DE000A0H08Q4,2021-02-05,59.91
6364,DE000A0H08Q4,2021-02-08,55.02
6366,DE000A0H08Q4,2021-02-10,59.91
6367,DE000A0H08Q4,2021-02-11,62.51
6369,DE000A0H08Q4,2021-02-15,64.81
6370,DE000A0H08Q4,2021-02-16,65.38
6371,DE000A0H08Q4,2021-02-17,64.81
6372,DE000A0H08Q4,2021-02-18,64.81
6373,DE000A0H08Q4,2021-02-19,63.91
6375,DE000A0H08Q4,2021-02-23,63.91
6374,DE000A0H08Q4,2021-02-22,64.57
6376,DE000A0H08Q4,2021-02-24,62.49
6378,DE000A0H08Q4,2021-02-26,61.34
6377,DE000A0H08Q4,2021-02-25,62.49
6425,DE000A0H08R2,2020-05-05,18.45
6424,DE000A0H08R2,2020-05-04,18.082
6428,DE000A0H08R2,2020-05-08,17.898
6429,DE000A0H08R2,2020-05-11,17.898
6427,DE000A0H08R2,2020-05-07,17.414
6426,DE000A0H08R2,2020-05-06,17.974
6430,DE000A0H08R2,2020-05-12,17.836
6431,DE000A0H08R2,2020-05-13,18.1
6432,DE000A0H08R2,2020-05-14,17.898
6433,DE000A0H08R2,2020-05-15,17.836
6434,DE000A0H08R2,2020-05-18,18.118
6435,DE000A0H08R2,2020-05-19,18.062
6439,DE000A0H08R2,2020-05-25,18.28
6438,DE000A0H08R2,2020-05-22,18.28
6440,DE000A0H08R2,2020-05-26,18.638
6441,DE000A0H08R2,2020-05-27,21.28
6442,DE000A0H08R2,2020-05-28,18.232
6446,DE000A0H08R2,2020-06-03,19.398
6448,DE000A0H08R2,2020-06-05,19.606
6447,DE000A0H08R2,2020-06-04,19.662
6451,DE000A0H08R2,2020-06-10,19.832
6450,DE000A0H08R2,2020-06-09,20.155
6449,DE000A0H08R2,2020-06-08,19.832
6452,DE000A0H08R2,2020-06-11,19.832
6453,DE000A0H08R2,2020-06-12,19.832
6454,DE000A0H08R2,2020-06-15,18.702
6455,DE000A0H08R2,2020-06-16,18.972
6456,DE000A0H08R2,2020-06-17,19.422
6457,DE000A0H08R2,2020-06-18,19.492
6459,DE000A0H08R2,2020-06-22,19.34
6458,DE000A0H08R2,2020-06-19,19.34
6461,DE000A0H08R2,2020-06-24,19.47
6460,DE000A0H08R2,2020-06-23,18.972
6462,DE000A0H08R2,2020-06-25,19.036
6463,DE000A0H08R2,2020-06-26,19.464
6465,DE000A0H08R2,2020-06-30,19.298
6464,DE000A0H08R2,2020-06-29,19.464001
6466,DE000A0H08R2,2020-07-01,19.052
6467,DE000A0H08R2,2020-07-02,19.454
6468,DE000A0H08R2,2020-07-03,19.58
6469,DE000A0H08R2,2020-07-06,19.454
6470,DE000A0H08R2,2020-07-07,19.610001
6471,DE000A0H08R2,2020-07-08,19.243999
6472,DE000A0H08R2,2020-07-09,19.243999
6473,DE000A0H08R2,2020-07-10,18.702
6474,DE000A0H08R2,2020-07-13,19.186001
6475,DE000A0H08R2,2020-07-14,18.610001
6476,DE000A0H08R2,2020-07-15,19.594
6477,DE000A0H08R2,2020-07-16,19.594
6478,DE000A0H08R2,2020-07-17,19.534
6480,DE000A0H08R2,2020-07-21,19.918
6479,DE000A0H08R2,2020-07-20,19.244
6482,DE000A0H08R2,2020-07-23,19.794
6481,DE000A0H08R2,2020-07-22,19.818
6483,DE000A0H08R2,2020-07-24,19.918
6484,DE000A0H08R2,2020-07-27,19.198
6485,DE000A0H08R2,2020-07-28,19.24
6488,DE000A0H08R2,2020-07-31,18.914
6487,DE000A0H08R2,2020-07-30,18.996
6486,DE000A0H08R2,2020-07-29,18.842
6489,DE000A0H08R2,2020-08-03,19.328
6490,DE000A0H08R2,2020-08-04,19.918
6491,DE000A0H08R2,2020-08-05,18.314
6492,DE000A0H08R2,2020-08-06,18.434
6493,DE000A0H08R2,2020-08-07,18.146
6494,DE000A0H08R2,2020-08-10,18.438
6495,DE000A0H08R2,2020-08-11,18.15
6496,DE000A0H08R2,2020-08-12,18.128
6497,DE000A0H08R2,2020-08-13,18.648
6498,DE000A0H08R2,2020-08-14,18.508
6500,DE000A0H08R2,2020-08-18,18.824
6499,DE000A0H08R2,2020-08-17,18.648
6501,DE000A0H08R2,2020-08-19,18.75
6503,DE000A0H08R2,2020-08-21,18.762
6502,DE000A0H08R2,2020-08-20,19.746
6504,DE000A0H08R2,2020-08-24,18.668
6505,DE000A0H08R2,2020-08-25,18.668
6506,DE000A0H08R2,2020-08-26,18.668
6507,DE000A0H08R2,2020-08-27,19.398
6509,DE000A0H08R2,2020-08-31,18.658
6508,DE000A0H08R2,2020-08-28,18.866
6510,DE000A0H08R2,2020-09-01,18.434
6511,DE000A0H08R2,2020-09-02,18.866
6512,DE000A0H08R2,2020-09-03,18.508
6513,DE000A0H08R2,2020-09-04,18.648
6514,DE000A0H08R2,2020-09-07,19.052
6515,DE000A0H08R2,2020-09-08,18.508
6516,DE000A0H08R2,2020-09-09,18.074
6517,DE000A0H08R2,2020-09-10,18.074
6518,DE000A0H08R2,2020-09-11,18.074
6520,DE000A0H08R2,2020-09-15,18.314
6519,DE000A0H08R2,2020-09-14,18.41
6521,DE000A0H08R2,2020-09-16,18.43
6522,DE000A0H08R2,2020-09-17,18.43
6523,DE000A0H08R2,2020-09-18,18.458
6525,DE000A0H08R2,2020-09-22,18.194
6524,DE000A0H08R2,2020-09-21,18.458
6526,DE000A0H08R2,2020-09-23,17.672
6527,DE000A0H08R2,2020-09-24,18.544
6528,DE000A0H08R2,2020-09-25,17.59
6529,DE000A0H08R2,2020-09-28,17.59
6531,DE000A0H08R2,2020-09-30,17.586
6530,DE000A0H08R2,2020-09-29,17.676
6532,DE000A0H08R2,2020-10-01,17.586
6533,DE000A0H08R2,2020-10-02,17.526
6534,DE000A0H08R2,2020-10-05,17.586
6535,DE000A0H08R2,2020-10-06,17.586
6536,DE000A0H08R2,2020-10-07,17.968
6537,DE000A0H08R2,2020-10-08,18.074
6538,DE000A0H08R2,2020-10-09,17.89
6539,DE000A0H08R2,2020-10-12,17.804
6540,DE000A0H08R2,2020-10-13,18.284
6541,DE000A0H08R2,2020-10-14,18.34
6542,DE000A0H08R2,2020-10-15,18.34
6544,DE000A0H08R2,2020-10-19,17.886
6545,DE000A0H08R2,2020-10-20,17.782
6546,DE000A0H08R2,2020-10-21,17.782
6547,DE000A0H08R2,2020-10-22,17.782
6548,DE000A0H08R2,2020-10-23,17.832
6543,DE000A0H08R2,2020-10-16,17.476
6549,DE000A0H08R2,2020-10-26,17.832
6550,DE000A0H08R2,2020-10-27,17.82
6551,DE000A0H08R2,2020-10-28,17.566
6552,DE000A0H08R2,2020-10-29,17.526
6553,DE000A0H08R2,2020-10-30,17.56
6559,DE000A0H08R2,2020-11-09,17.688
6558,DE000A0H08R2,2020-11-06,17.796
6560,DE000A0H08R2,2020-11-10,18.22
6556,DE000A0H08R2,2020-11-04,17.36
6557,DE000A0H08R2,2020-11-05,17.4
6561,DE000A0H08R2,2020-11-11,18.462
6562,DE000A0H08R2,2020-11-12,18.734
6563,DE000A0H08R2,2020-11-13,18.828
6565,DE000A0H08R2,2020-11-17,17.886
6564,DE000A0H08R2,2020-11-16,18.828
6567,DE000A0H08R2,2020-11-19,19.096
6566,DE000A0H08R2,2020-11-18,17.782
6568,DE000A0H08R2,2020-11-20,19.096
6569,DE000A0H08R2,2020-11-23,19.034
6570,DE000A0H08R2,2020-11-24,19.028
6571,DE000A0H08R2,2020-11-25,18.854
6572,DE000A0H08R2,2020-11-26,19.108
6573,DE000A0H08R2,2020-11-27,19.19
6575,DE000A0H08R2,2020-12-01,19.348
6574,DE000A0H08R2,2020-11-30,18.774
6576,DE000A0H08R2,2020-12-02,19.124
6577,DE000A0H08R2,2020-12-03,19.268
6578,DE000A0H08R2,2020-12-04,19.252
6579,DE000A0H08R2,2020-12-07,19.148
6580,DE000A0H08R2,2020-12-08,19.278
6581,DE000A0H08R2,2020-12-09,19.374
6582,DE000A0H08R2,2020-12-10,19.414
6583,DE000A0H08R2,2020-12-11,19.414
6585,DE000A0H08R2,2020-12-15,19.414
6584,DE000A0H08R2,2020-12-14,19.414
6586,DE000A0H08R2,2020-12-16,19.414
6588,DE000A0H08R2,2020-12-18,19.064
6587,DE000A0H08R2,2020-12-17,19.414
6589,DE000A0H08R2,2020-12-21,19.414
6591,DE000A0H08R2,2020-12-23,18.434
6590,DE000A0H08R2,2020-12-22,18.626
6593,DE000A0H08R2,2020-12-28,18.438
6592,DE000A0H08R2,2020-12-24,18.576
6594,DE000A0H08R2,2020-12-29,18.89
6595,DE000A0H08R2,2020-12-30,18.938
6596,DE000A0H08R2,2020-12-31,18.996
6597,DE000A0H08R2,2021-01-01,18.901
6598,DE000A0H08R2,2021-01-04,18.908
6599,DE000A0H08R2,2021-01-05,19.006
6600,DE000A0H08R2,2021-01-06,19.07
6601,DE000A0H08R2,2021-01-07,19.328
6602,DE000A0H08R2,2021-01-08,19.328
6603,DE000A0H08R2,2021-01-11,19.24
6604,DE000A0H08R2,2021-01-12,19.26
6605,DE000A0H08R2,2021-01-13,19.276
6606,DE000A0H08R2,2021-01-14,19.018
6607,DE000A0H08R2,2021-01-15,19.414
6608,DE000A0H08R2,2021-01-18,19.374
6609,DE000A0H08R2,2021-01-19,19.414
6610,DE000A0H08R2,2021-01-20,19.414
6611,DE000A0H08R2,2021-01-21,19.578
6612,DE000A0H08R2,2021-01-22,19.51
6613,DE000A0H08R2,2021-01-25,18.952
6614,DE000A0H08R2,2021-01-26,19.51
6615,DE000A0H08R2,2021-01-27,19.51
6616,DE000A0H08R2,2021-01-28,18.952
6617,DE000A0H08R2,2021-01-29,19.414
6618,DE000A0H08R2,2021-02-01,19.374
6619,DE000A0H08R2,2021-02-02,19.374
6620,DE000A0H08R2,2021-02-03,19.374
6621,DE000A0H08R2,2021-02-04,19.414
6622,DE000A0H08R2,2021-02-05,19.926
6623,DE000A0H08R2,2021-02-08,19.824
6624,DE000A0H08R2,2021-02-09,19.374
6625,DE000A0H08R2,2021-02-10,19.706
6626,DE000A0H08R2,2021-02-11,19.374
6627,DE000A0H08R2,2021-02-12,19.52
6628,DE000A0H08R2,2021-02-15,19.734
6629,DE000A0H08R2,2021-02-16,19.734
6630,DE000A0H08R2,2021-02-17,19.638
6631,DE000A0H08R2,2021-02-18,19.638
6632,DE000A0H08R2,2021-02-19,19.374
6633,DE000A0H08R2,2021-02-22,19.374
6634,DE000A0H08R2,2021-02-23,18.89
6635,DE000A0H08R2,2021-02-24,19.912
6636,DE000A0H08R2,2021-02-25,19.256
6637,DE000A0H08R2,2021-02-26,19.16
6673,DE000BASF111,2020-04-20,46.106667
6674,DE000BASF111,2020-04-21,44.119999
6677,DE000BASF111,2020-04-24,44.349998
6676,DE000BASF111,2020-04-23,46.106667
6671,DE000BASF111,2020-04-16,46.990002
6672,DE000BASF111,2020-04-17,46.106667
6680,DE000BASF111,2020-04-29,46.965
6675,DE000BASF111,2020-04-22,43.314999
6679,DE000BASF111,2020-04-28,44.349998
6678,DE000BASF111,2020-04-27,44.215
6681,DE000BASF111,2020-04-30,46.965
6682,DE000BASF111,2020-05-01,45.599998
6683,DE000BASF111,2020-05-04,46.575001
6684,DE000BASF111,2020-05-05,45.84
6686,DE000BASF111,2020-05-07,44.82
6685,DE000BASF111,2020-05-06,46.15
6687,DE000BASF111,2020-05-08,45.74
6688,DE000BASF111,2020-05-11,46.58
6690,DE000BASF111,2020-05-13,44.35
6689,DE000BASF111,2020-05-12,45.52
6691,DE000BASF111,2020-05-14,44.35
6696,DE000BASF111,2020-05-21,45.28
6694,DE000BASF111,2020-05-19,45.9
6699,DE000BASF111,2020-05-26,45.52
6697,DE000BASF111,2020-05-22,46.58
6695,DE000BASF111,2020-05-20,45.28
6698,DE000BASF111,2020-05-25,45.74
6700,DE000BASF111,2020-05-27,47.71
6701,DE000BASF111,2020-05-28,46.58
6702,DE000BASF111,2020-05-29,45.84
6703,DE000BASF111,2020-06-01,46.15
6704,DE000BASF111,2020-06-02,49.82
6706,DE000BASF111,2020-06-04,55.42
6705,DE000BASF111,2020-06-03,52.08
6707,DE000BASF111,2020-06-05,55.23
6708,DE000BASF111,2020-06-08,57.17
6711,DE000BASF111,2020-06-11,55.32
6709,DE000BASF111,2020-06-09,57.17
6710,DE000BASF111,2020-06-10,55.23
6712,DE000BASF111,2020-06-12,50.23
6717,DE000BASF111,2020-06-19,51.24
6716,DE000BASF111,2020-06-18,53.35
6715,DE000BASF111,2020-06-17,53.1
6720,DE000BASF111,2020-06-24,51.3
6718,DE000BASF111,2020-06-22,50.3
6713,DE000BASF111,2020-06-15,51.2
6714,DE000BASF111,2020-06-16,52.43
6719,DE000BASF111,2020-06-23,50.62
6722,DE000BASF111,2020-06-26,51.3
6721,DE000BASF111,2020-06-25,51.3
6723,DE000BASF111,2020-06-29,50.62
6724,DE000BASF111,2020-06-30,50.62
6726,DE000BASF111,2020-07-02,49.97
6725,DE000BASF111,2020-07-01,48.87
6727,DE000BASF111,2020-07-03,49.47
6728,DE000BASF111,2020-07-06,49.89
6729,DE000BASF111,2020-07-07,49.97
6730,DE000BASF111,2020-07-08,49.97
6731,DE000BASF111,2020-07-09,50.63
6732,DE000BASF111,2020-07-10,50.24
6735,DE000BASF111,2020-07-15,50.24
6733,DE000BASF111,2020-07-13,50.24
6740,DE000BASF111,2020-07-22,52.82
6738,DE000BASF111,2020-07-20,51.82
6737,DE000BASF111,2020-07-17,51.8
6736,DE000BASF111,2020-07-16,51.8
6734,DE000BASF111,2020-07-14,50.1
6739,DE000BASF111,2020-07-21,52.56
6742,DE000BASF111,2020-07-24,51.92
6741,DE000BASF111,2020-07-23,52.82
6743,DE000BASF111,2020-07-27,52.82
6744,DE000BASF111,2020-07-28,51.92
6745,DE000BASF111,2020-07-29,52.56
6746,DE000BASF111,2020-07-30,52.82
6747,DE000BASF111,2020-07-31,50.1
6748,DE000BASF111,2020-08-03,50.41
6751,DE000BASF111,2020-08-06,48.5
6750,DE000BASF111,2020-08-05,46.76
6749,DE000BASF111,2020-08-04,48.06
6752,DE000BASF111,2020-08-07,48.76
6753,DE000BASF111,2020-08-10,48.83
6754,DE000BASF111,2020-08-11,48.76
6755,DE000BASF111,2020-08-12,50.24
6760,DE000BASF111,2020-08-19,50.41
6758,DE000BASF111,2020-08-17,50.02
6757,DE000BASF111,2020-08-14,50.67
6759,DE000BASF111,2020-08-18,50.67
6756,DE000BASF111,2020-08-13,50.02
6761,DE000BASF111,2020-08-20,50.57
6762,DE000BASF111,2020-08-21,49.78
6763,DE000BASF111,2020-08-24,51.8
6764,DE000BASF111,2020-08-25,51.82
6766,DE000BASF111,2020-08-27,52.14
6765,DE000BASF111,2020-08-26,51.92
6767,DE000BASF111,2020-08-28,51.85
6768,DE000BASF111,2020-08-31,51.82
6769,DE000BASF111,2020-09-01,51.92
6771,DE000BASF111,2020-09-03,51.8
6770,DE000BASF111,2020-09-02,52.56
6772,DE000BASF111,2020-09-04,51.65
6773,DE000BASF111,2020-09-07,52.52
6774,DE000BASF111,2020-09-08,53.1
6775,DE000BASF111,2020-09-09,51.88
6780,DE000BASF111,2020-09-16,55.19
6776,DE000BASF111,2020-09-10,51.78
6778,DE000BASF111,2020-09-14,53.89
6779,DE000BASF111,2020-09-15,55.19
6777,DE000BASF111,2020-09-11,54.2
6781,DE000BASF111,2020-09-17,54.91
6782,DE000BASF111,2020-09-18,55.11
6783,DE000BASF111,2020-09-21,54.19
6784,DE000BASF111,2020-09-22,54.91
6785,DE000BASF111,2020-09-23,55.11
6786,DE000BASF111,2020-09-24,48.06
6787,DE000BASF111,2020-09-25,49.9
6788,DE000BASF111,2020-09-28,49.9
6789,DE000BASF111,2020-09-29,49.9
6791,DE000BASF111,2020-10-01,51.74
6790,DE000BASF111,2020-09-30,52.25
6792,DE000BASF111,2020-10-02,51.74
6794,DE000BASF111,2020-10-06,50.63
6793,DE000BASF111,2020-10-05,52.25
6796,DE000BASF111,2020-10-08,55.43
6795,DE000BASF111,2020-10-07,52.97
6797,DE000BASF111,2020-10-09,55.43
6798,DE000BASF111,2020-10-12,54.72
6800,DE000BASF111,2020-10-14,54.44
6799,DE000BASF111,2020-10-13,54.63
6801,DE000BASF111,2020-10-15,54.04
6802,DE000BASF111,2020-10-16,52.53
6803,DE000BASF111,2020-10-19,54.91
6804,DE000BASF111,2020-10-20,52.38
6805,DE000BASF111,2020-10-21,52.83
6806,DE000BASF111,2020-10-22,51.93
6807,DE000BASF111,2020-10-23,51.7
6808,DE000BASF111,2020-10-26,51.74
6809,DE000BASF111,2020-10-27,52.25
6810,DE000BASF111,2020-10-28,46.76
6812,DE000BASF111,2020-10-30,46.67
6811,DE000BASF111,2020-10-29,46.76
6813,DE000BASF111,2020-11-02,47.44
6814,DE000BASF111,2020-11-03,48.13
6816,DE000BASF111,2020-11-05,50.67
6815,DE000BASF111,2020-11-04,50.22
6818,DE000BASF111,2020-11-09,50.59
6817,DE000BASF111,2020-11-06,50.63
6821,DE000BASF111,2020-11-12,56.23
6824,DE000BASF111,2020-11-17,54.04
6822,DE000BASF111,2020-11-13,54.88
6823,DE000BASF111,2020-11-16,56.14
6825,DE000BASF111,2020-11-18,54.95
6827,DE000BASF111,2020-11-20,58.17
6826,DE000BASF111,2020-11-19,58.17
6828,DE000BASF111,2020-11-23,52.38
6829,DE000BASF111,2020-11-24,54.91
6830,DE000BASF111,2020-11-25,58.57
6831,DE000BASF111,2020-11-26,60.1
6844,DE000BASF111,2020-12-15,63.72
6845,DE000BASF111,2020-12-16,63.72
6846,DE000BASF111,2020-12-17,64.92
6847,DE000BASF111,2020-12-18,64.87
6848,DE000BASF111,2020-12-21,63.72
6851,DE000BASF111,2020-12-24,64.02
6849,DE000BASF111,2020-12-22,63.91
6852,DE000BASF111,2020-12-28,64.74
6850,DE000BASF111,2020-12-23,63.72
6860,DE000BASF111,2021-01-07,64.32
6859,DE000BASF111,2021-01-06,64.81
6861,DE000BASF111,2021-01-08,68.12
6862,DE000BASF111,2021-01-11,67.12
6863,DE000BASF111,2021-01-12,64.32
6864,DE000BASF111,2021-01-13,68.04
6865,DE000BASF111,2021-01-14,67.49
6866,DE000BASF111,2021-01-15,68.04
6867,DE000BASF111,2021-01-18,67.92
6868,DE000BASF111,2021-01-19,67.82
6869,DE000BASF111,2021-01-20,67.13
6870,DE000BASF111,2021-01-21,67.55
6885,DE000BASF111,2021-02-11,67.13
6887,DE000BASF111,2021-02-15,67.82
6884,DE000BASF111,2021-02-10,67.92
6883,DE000BASF111,2021-02-09,67.24
6886,DE000BASF111,2021-02-12,63.91
6889,DE000BASF111,2021-02-17,66.11
6890,DE000BASF111,2021-02-18,66.34
6888,DE000BASF111,2021-02-16,63.91
6892,DE000BASF111,2021-02-22,67.35
6893,DE000BASF111,2021-02-23,67.97
6891,DE000BASF111,2021-02-19,67.38
6894,DE000BASF111,2021-02-24,65.06
6895,DE000BASF111,2021-02-25,67.35
6896,DE000BASF111,2021-02-26,67.8
6925,DE000BAY0017,2020-04-09,56.85
6928,DE000BAY0017,2020-04-14,56.84
6926,DE000BAY0017,2020-04-10,57.71
6927,DE000BAY0017,2020-04-13,57.71
6929,DE000BAY0017,2020-04-15,59.35
6930,DE000BAY0017,2020-04-16,56.77
6934,DE000BAY0017,2020-04-22,58.37
6931,DE000BAY0017,2020-04-17,57.94
6932,DE000BAY0017,2020-04-20,56.77
6933,DE000BAY0017,2020-04-21,58.72
6936,DE000BAY0017,2020-04-24,59.89
6937,DE000BAY0017,2020-04-27,59.89
6935,DE000BAY0017,2020-04-23,56.85
6938,DE000BAY0017,2020-04-28,63.79
6939,DE000BAY0017,2020-04-29,63.79
6940,DE000BAY0017,2020-04-30,63.15
6941,DE000BAY0017,2020-05-01,60.13
6943,DE000BAY0017,2020-05-05,56.41
6942,DE000BAY0017,2020-05-04,60.33
6944,DE000BAY0017,2020-05-06,56.41
6945,DE000BAY0017,2020-05-07,58.88
6946,DE000BAY0017,2020-05-08,57.95
6947,DE000BAY0017,2020-05-11,58.18
6948,DE000BAY0017,2020-05-12,58.18
6949,DE000BAY0017,2020-05-13,57.950001
6950,DE000BAY0017,2020-05-14,58.18
6952,DE000BAY0017,2020-05-18,57.049999
6954,DE000BAY0017,2020-05-20,59.91
6951,DE000BAY0017,2020-05-15,51.619999
6953,DE000BAY0017,2020-05-19,56.209999
6955,DE000BAY0017,2020-05-21,59.91
6956,DE000BAY0017,2020-05-22,59.91
6957,DE000BAY0017,2020-05-25,57.880001
6958,DE000BAY0017,2020-05-26,60.330002
6960,DE000BAY0017,2020-05-28,62.130001
6959,DE000BAY0017,2020-05-27,61.310001
6961,DE000BAY0017,2020-05-29,62.13
6963,DE000BAY0017,2020-06-02,62.13
6962,DE000BAY0017,2020-06-01,62.13
6964,DE000BAY0017,2020-06-03,64.21
6965,DE000BAY0017,2020-06-04,65.58
6966,DE000BAY0017,2020-06-05,63.01
6967,DE000BAY0017,2020-06-08,65.74
6968,DE000BAY0017,2020-06-09,65.74
6969,DE000BAY0017,2020-06-10,67.45
6970,DE000BAY0017,2020-06-11,67.02
6974,DE000BAY0017,2020-06-17,67.02
6975,DE000BAY0017,2020-06-18,67.45
6973,DE000BAY0017,2020-06-16,66.03
6972,DE000BAY0017,2020-06-15,65.99
6976,DE000BAY0017,2020-06-19,67.45
6971,DE000BAY0017,2020-06-12,63.02
6977,DE000BAY0017,2020-06-22,67.02
6978,DE000BAY0017,2020-06-23,69.07
6979,DE000BAY0017,2020-06-24,72.5
6980,DE000BAY0017,2020-06-25,74.11
6981,DE000BAY0017,2020-06-26,65.58
6982,DE000BAY0017,2020-06-29,65.74
6984,DE000BAY0017,2020-07-01,64.04
6983,DE000BAY0017,2020-06-30,57.4
6985,DE000BAY0017,2020-07-02,66.11
6986,DE000BAY0017,2020-07-03,66.36
6987,DE000BAY0017,2020-07-06,66.97
6988,DE000BAY0017,2020-07-07,66.64
6989,DE000BAY0017,2020-07-08,66.97
6990,DE000BAY0017,2020-07-09,63.34
6991,DE000BAY0017,2020-07-10,63.33
6992,DE000BAY0017,2020-07-13,63.33
6994,DE000BAY0017,2020-07-15,63.37
6995,DE000BAY0017,2020-07-16,64.22
6993,DE000BAY0017,2020-07-14,63.37
6996,DE000BAY0017,2020-07-17,64.07
6997,DE000BAY0017,2020-07-20,63.12
6998,DE000BAY0017,2020-07-21,63.15
6999,DE000BAY0017,2020-07-22,62.23
7000,DE000BAY0017,2020-07-23,62.23
7001,DE000BAY0017,2020-07-24,62.23
7003,DE000BAY0017,2020-07-28,62.23
7004,DE000BAY0017,2020-07-29,62.23
7002,DE000BAY0017,2020-07-27,63.15
7006,DE000BAY0017,2020-07-31,57.61
7005,DE000BAY0017,2020-07-30,57.85
7007,DE000BAY0017,2020-08-03,57.06
7008,DE000BAY0017,2020-08-04,60.15
7009,DE000BAY0017,2020-08-05,49.13
7010,DE000BAY0017,2020-08-06,49.13
7014,DE000BAY0017,2020-08-12,57.32
7012,DE000BAY0017,2020-08-10,56.03
7018,DE000BAY0017,2020-08-18,57.37
7013,DE000BAY0017,2020-08-11,51.62
7011,DE000BAY0017,2020-08-07,49.13
7016,DE000BAY0017,2020-08-14,57.62
7017,DE000BAY0017,2020-08-17,58.17
7015,DE000BAY0017,2020-08-13,58.17
7019,DE000BAY0017,2020-08-19,57.62
7023,DE000BAY0017,2020-08-25,57.66
7022,DE000BAY0017,2020-08-24,56.52
7024,DE000BAY0017,2020-08-26,56.76
7020,DE000BAY0017,2020-08-20,57.66
7025,DE000BAY0017,2020-08-27,56.52
7026,DE000BAY0017,2020-08-28,56.52
7021,DE000BAY0017,2020-08-21,56.12
7027,DE000BAY0017,2020-08-31,57.05
7028,DE000BAY0017,2020-09-01,57.05
7029,DE000BAY0017,2020-09-02,60.15
7032,DE000BAY0017,2020-09-07,56.52
7033,DE000BAY0017,2020-09-08,55.62
7041,DE000BAY0017,2020-09-18,56.79
7043,DE000BAY0017,2020-09-22,54.59
7042,DE000BAY0017,2020-09-21,57.22
7044,DE000BAY0017,2020-09-23,54.39
7045,DE000BAY0017,2020-09-24,54.39
7046,DE000BAY0017,2020-09-25,54.97
7048,DE000BAY0017,2020-09-29,54.23
7047,DE000BAY0017,2020-09-28,54.23
7071,DE000BAY0017,2020-10-30,40.94
7073,DE000BAY0017,2020-11-03,41.72
7074,DE000BAY0017,2020-11-04,42.18
7072,DE000BAY0017,2020-11-02,40.68
7075,DE000BAY0017,2020-11-05,40.94
7078,DE000BAY0017,2020-11-10,46.0
7076,DE000BAY0017,2020-11-06,43.51
7079,DE000BAY0017,2020-11-11,47.6
7077,DE000BAY0017,2020-11-09,40.68
7080,DE000BAY0017,2020-11-12,47.6
7081,DE000BAY0017,2020-11-13,47.6
7082,DE000BAY0017,2020-11-16,47.88
7083,DE000BAY0017,2020-11-17,47.07
7084,DE000BAY0017,2020-11-18,48.01
7086,DE000BAY0017,2020-11-20,47.88
7088,DE000BAY0017,2020-11-24,47.78
7087,DE000BAY0017,2020-11-23,47.78
7085,DE000BAY0017,2020-11-19,47.78
7089,DE000BAY0017,2020-11-25,48.74
7090,DE000BAY0017,2020-11-26,49.31
7091,DE000BAY0017,2020-11-27,49.21
7092,DE000BAY0017,2020-11-30,49.58
7093,DE000BAY0017,2020-12-01,48.58
7094,DE000BAY0017,2020-12-02,49.21
7095,DE000BAY0017,2020-12-03,48.74
7096,DE000BAY0017,2020-12-04,42.4
7097,DE000BAY0017,2020-12-07,42.73
7098,DE000BAY0017,2020-12-08,44.28
7099,DE000BAY0017,2020-12-09,47.27
7100,DE000BAY0017,2020-12-10,40.68
7101,DE000BAY0017,2020-12-11,58.17
7102,DE000BAY0017,2020-12-14,46.47
7103,DE000BAY0017,2020-12-15,47.15
7104,DE000BAY0017,2020-12-16,47.29
7107,DE000BAY0017,2020-12-21,49.24
7106,DE000BAY0017,2020-12-18,47.54
7109,DE000BAY0017,2020-12-23,48.16
7108,DE000BAY0017,2020-12-22,49.26
7110,DE000BAY0017,2020-12-24,47.48
7105,DE000BAY0017,2020-12-17,47.42
7111,DE000BAY0017,2020-12-28,48.46
7112,DE000BAY0017,2020-12-29,48.6
7114,DE000BAY0017,2020-12-31,47.27
7115,DE000BAY0017,2021-01-01,47.54
7116,DE000BAY0017,2021-01-04,47.29
7113,DE000BAY0017,2020-12-30,47.27
7117,DE000BAY0017,2021-01-05,48.44
7118,DE000BAY0017,2021-01-06,49.69
7119,DE000BAY0017,2021-01-07,51.29
7120,DE000BAY0017,2021-01-08,53.13
7121,DE000BAY0017,2021-01-11,51.75
7122,DE000BAY0017,2021-01-12,51.06
7123,DE000BAY0017,2021-01-13,50.54
7124,DE000BAY0017,2021-01-14,50.54
7126,DE000BAY0017,2021-01-18,50.54
7125,DE000BAY0017,2021-01-15,52.53
7127,DE000BAY0017,2021-01-19,52.85
7128,DE000BAY0017,2021-01-20,53.42
7129,DE000BAY0017,2021-01-21,53.72
7130,DE000BAY0017,2021-01-22,53.07
7131,DE000BAY0017,2021-01-25,52.04
7132,DE000BAY0017,2021-01-26,52.85
7133,DE000BAY0017,2021-01-27,50.54
7134,DE000BAY0017,2021-01-28,49.99
7135,DE000BAY0017,2021-01-29,50.9
7136,DE000BAY0017,2021-02-01,50.9
7137,DE000BAY0017,2021-02-02,50.88
7138,DE000BAY0017,2021-02-03,51.78
7139,DE000BAY0017,2021-02-04,54.12
7188,ES00000121G2,2020-04-15,117.451462
7199,ES00000121G2,2020-04-30,117.526711
7140,DE000BAY0017,2021-02-05,54.3
7200,ES00000121G2,2020-05-01,118.075859
7201,ES00000121G2,2020-05-04,117.307129
7141,DE000BAY0017,2021-02-08,54.3
7142,DE000BAY0017,2021-02-09,55.77
7143,DE000BAY0017,2021-02-10,56.39
7144,DE000BAY0017,2021-02-11,55.16
7145,DE000BAY0017,2021-02-12,53.87
7202,ES00000121G2,2020-05-05,117.920334
7146,DE000BAY0017,2021-02-15,54.07
7147,DE000BAY0017,2021-02-16,53.87
7148,DE000BAY0017,2021-02-17,55.12
7149,DE000BAY0017,2021-02-18,54.3272
7150,DE000BAY0017,2021-02-19,55.12
7203,ES00000121G2,2020-05-06,117.819221
7204,ES00000121G2,2020-05-07,117.920334
7205,ES00000121G2,2020-05-08,117.675407
7206,ES00000121G2,2020-05-11,117.773849
7207,ES00000121G2,2020-05-12,116.145622
7152,DE000BAY0017,2021-02-23,53.7
7151,DE000BAY0017,2021-02-22,53.75
7155,DE000BAY0017,2021-02-26,54.99
7153,DE000BAY0017,2021-02-24,53.75
7154,DE000BAY0017,2021-02-25,54.99
7208,ES00000121G2,2020-05-13,117.858971
7209,ES00000121G2,2020-05-14,117.858971
7210,ES00000121G2,2020-05-15,117.838226
7211,ES00000121G2,2020-05-18,117.994797
7212,ES00000121G2,2020-05-19,117.994797
7213,ES00000121G2,2020-05-20,118.116898
7214,ES00000121G2,2020-05-21,117.451462
7215,ES00000121G2,2020-05-22,118.087021
7216,ES00000121G2,2020-05-25,118.087021
7217,ES00000121G2,2020-05-26,118.114418
7218,ES00000121G2,2020-05-27,117.259338
7219,ES00000121G2,2020-05-28,116.907974
7220,ES00000121G2,2020-05-29,117.183907
7221,ES00000121G2,2020-06-01,117.106247
7222,ES00000121G2,2020-06-02,117.106247
7223,ES00000121G2,2020-06-03,118.440384
7224,ES00000121G2,2020-06-04,118.216972
7225,ES00000121G2,2020-06-05,118.369019
7226,ES00000121G2,2020-06-08,118.317596
7227,ES00000121G2,2020-06-09,118.355263
7228,ES00000121G2,2020-06-10,118.100052
7229,ES00000121G2,2020-06-11,117.910965
7230,ES00000121G2,2020-06-12,118.040192
7231,ES00000121G2,2020-06-15,118.055016
7232,ES00000121G2,2020-06-16,118.040192
7233,ES00000121G2,2020-06-17,118.040192
7234,ES00000121G2,2020-06-18,117.910965
7235,ES00000121G2,2020-06-19,117.910965
7236,ES00000121G2,2020-06-22,118.46698
7237,ES00000121G2,2020-06-23,118.46698
7238,ES00000121G2,2020-06-24,118.225098
7239,ES00000121G2,2020-06-25,118.340569
7240,ES00000121G2,2020-06-26,118.226425
7241,ES00000121G2,2020-06-29,118.226425
7242,ES00000121G2,2020-06-30,118.369019
7243,ES00000121G2,2020-07-01,118.317596
7244,ES00000121G2,2020-07-02,118.185486
7245,ES00000121G2,2020-07-03,118.256897
7246,ES00000121G2,2020-07-06,118.256897
7247,ES00000121G2,2020-07-07,118.100052
7248,ES00000121G2,2020-07-08,118.301903
7249,ES00000121G2,2020-07-09,118.185486
7250,ES00000121G2,2020-07-10,118.268417
7251,ES00000121G2,2020-07-13,118.208099
7252,ES00000121G2,2020-07-14,118.268417
7253,ES00000121G2,2020-07-15,118.198425
7254,ES00000121G2,2020-07-16,118.112511
7255,ES00000121G2,2020-07-17,118.268417
7256,ES00000121G2,2020-07-20,118.319023
7257,ES00000121G2,2020-07-21,118.268417
7258,ES00000121G2,2020-07-22,118.268417
7259,ES00000121G2,2020-07-23,118.268417
7260,ES00000121G2,2020-07-24,118.208099
7261,ES00000121G2,2020-07-27,118.08165
7262,ES00000121G2,2020-07-28,118.07766
7263,ES00000121G2,2020-07-29,117.999046
7264,ES00000121G2,2020-07-30,118.15699
7265,ES00000121G2,2020-07-31,118.15699
7266,ES00000121G2,2020-08-03,117.999046
7267,ES00000121G2,2020-08-04,118.278496
7268,ES00000121G2,2020-08-05,118.165924
7269,ES00000121G2,2020-08-06,118.08165
7270,ES00000121G2,2020-08-07,118.044212
7271,ES00000121G2,2020-08-10,118.044212
7272,ES00000121G2,2020-08-11,118.040901
7273,ES00000121G2,2020-08-12,118.040901
7274,ES00000121G2,2020-08-13,118.040901
7275,ES00000121G2,2020-08-14,118.340569
7276,ES00000121G2,2020-08-17,118.185486
7277,ES00000121G2,2020-08-18,117.736931
7278,ES00000121G2,2020-08-19,117.736931
7279,ES00000121G2,2020-08-20,117.922218
7280,ES00000121G2,2020-08-21,117.971642
7281,ES00000121G2,2020-08-24,117.971642
7282,ES00000121G2,2020-08-25,117.814575
7283,ES00000121G2,2020-08-26,117.659096
7284,ES00000121G2,2020-08-27,117.736053
7285,ES00000121G2,2020-08-28,117.657852
7286,ES00000121G2,2020-08-31,117.70797
7287,ES00000121G2,2020-09-01,117.70797
7288,ES00000121G2,2020-09-02,117.70797
7289,ES00000121G2,2020-09-03,117.70797
7290,ES00000121G2,2020-09-04,117.70797
7291,ES00000121G2,2020-09-07,117.70797
7292,ES00000121G2,2020-09-08,118.375313
7293,ES00000121G2,2020-09-09,117.665794
7294,ES00000121G2,2020-09-10,117.619919
7295,ES00000121G2,2020-09-11,117.619919
7296,ES00000121G2,2020-09-14,117.537811
7297,ES00000121G2,2020-09-15,117.664307
7298,ES00000121G2,2020-09-16,117.619919
7299,ES00000121G2,2020-09-17,117.665794
7300,ES00000121G2,2020-09-18,117.665794
7301,ES00000121G2,2020-09-21,117.665794
7302,ES00000121G2,2020-09-22,117.700615
7303,ES00000121G2,2020-09-23,117.68763
7304,ES00000121G2,2020-09-24,117.537811
7305,ES00000121G2,2020-09-25,118.114418
7306,ES00000121G2,2020-09-28,117.470284
7307,ES00000121G2,2020-09-29,117.466591
7308,ES00000121G2,2020-09-30,117.491745
7309,ES00000121G2,2020-10-01,117.491745
7310,ES00000121G2,2020-10-02,117.404388
7311,ES00000121G2,2020-10-05,117.42688
7313,ES00000121G2,2020-10-07,117.349998
7312,ES00000121G2,2020-10-06,117.42688
7314,ES00000121G2,2020-10-08,117.375031
7315,ES00000121G2,2020-10-09,117.389198
7316,ES00000121G2,2020-10-12,117.491745
7317,ES00000121G2,2020-10-13,117.389198
7320,ES00000121G2,2020-10-16,117.349998
7322,ES00000121G2,2020-10-20,117.377884
7319,ES00000121G2,2020-10-15,117.349998
7323,ES00000121G2,2020-10-21,117.3284
7324,ES00000121G2,2020-10-22,117.297791
7321,ES00000121G2,2020-10-19,117.349998
7326,ES00000121G2,2020-10-26,117.197449
7328,ES00000121G2,2020-10-28,117.226768
7334,ES00000121G2,2020-11-05,117.3423
7335,ES00000121G2,2020-11-06,117.344437
7336,ES00000121G2,2020-11-09,117.344437
7338,ES00000121G2,2020-11-11,117.144508
7339,ES00000121G2,2020-11-12,117.195229
7340,ES00000121G2,2020-11-13,117.133133
7341,ES00000121G2,2020-11-16,117.208549
7345,ES00000121G2,2020-11-20,117.133133
7355,ES00000121G2,2020-12-04,116.9597
7354,ES00000121G2,2020-12-03,116.9597
7367,ES00000121G2,2020-12-22,116.86
7368,ES00000121G2,2020-12-23,116.8343
7370,ES00000121G2,2020-12-28,116.7455
7369,ES00000121G2,2020-12-24,116.7199
7375,ES00000121G2,2021-01-04,116.6305
7377,ES00000121G2,2021-01-06,116.5397
7379,ES00000121G2,2021-01-08,116.4188
7380,ES00000121G2,2021-01-11,116.3996
7381,ES00000121G2,2021-01-12,116.6305
7382,ES00000121G2,2021-01-13,116.2218
7383,ES00000121G2,2021-01-14,116.2748
7385,ES00000121G2,2021-01-18,116.2183
7386,ES00000121G2,2021-01-19,116.631
7387,ES00000121G2,2021-01-20,116.1658
7388,ES00000121G2,2021-01-21,116.1735
7390,ES00000121G2,2021-01-25,116.0608
7392,ES00000121G2,2021-01-27,116.1449
7395,ES00000121G2,2021-02-01,116.0608
7393,ES00000121G2,2021-01-28,116.0608
7394,ES00000121G2,2021-01-29,116.0608
7397,ES00000121G2,2021-02-03,116.0292
7398,ES00000121G2,2021-02-04,116.0145
7400,ES00000121G2,2021-02-08,115.9439
7401,ES00000121G2,2021-02-09,115.9242
7403,ES00000121G2,2021-02-11,115.909
7405,ES00000121G2,2021-02-15,115.8509
7407,ES00000121G2,2021-02-17,115.7606
7410,ES00000121G2,2021-02-22,115.5529
7411,ES00000121G2,2021-02-23,115.5754
7413,ES00000121G2,2021-02-25,115.4757
7414,ES00000121G2,2021-02-26,115.2813
7415,ES0000012A89,2020-03-02,110.32885
7416,ES0000012A89,2020-03-03,110.32885
7417,ES0000012A89,2020-03-04,110.992805
7418,ES0000012A89,2020-03-05,111.382652
7419,ES0000012A89,2020-03-06,110.962357
7420,ES0000012A89,2020-03-09,110.734886
7421,ES0000012A89,2020-03-10,110.106445
7422,ES0000012A89,2020-03-11,110.32885
7425,ES0000012A89,2020-03-16,107.465286
7424,ES0000012A89,2020-03-13,108.367668
7423,ES0000012A89,2020-03-12,110.846449
7446,ES0000012A89,2020-04-14,106.103455
7449,ES0000012A89,2020-04-17,106.153435
7447,ES0000012A89,2020-04-15,106.153435
7448,ES0000012A89,2020-04-16,106.103455
7450,ES0000012A89,2020-04-20,105.575706
7458,ES0000012A89,2020-04-30,106.22142
7457,ES0000012A89,2020-04-29,105.767365
7459,ES0000012A89,2020-05-01,107.10318
7460,ES0000012A89,2020-05-04,105.830093
7461,ES0000012A89,2020-05-05,106.747078
7462,ES0000012A89,2020-05-06,106.747078
7464,ES0000012A89,2020-05-08,106.378754
7463,ES0000012A89,2020-05-07,105.830093
7465,ES0000012A89,2020-05-11,106.378754
7467,ES0000012A89,2020-05-13,106.679718
7466,ES0000012A89,2020-05-12,106.593994
7468,ES0000012A89,2020-05-14,107.009949
7469,ES0000012A89,2020-05-15,106.828369
7471,ES0000012A89,2020-05-19,106.845367
7470,ES0000012A89,2020-05-18,106.845367
7472,ES0000012A89,2020-05-20,107.626709
7473,ES0000012A89,2020-05-21,107.656174
7475,ES0000012A89,2020-05-25,107.838799
7474,ES0000012A89,2020-05-22,107.706032
7476,ES0000012A89,2020-05-26,107.838799
7477,ES0000012A89,2020-05-27,107.824966
7478,ES0000012A89,2020-05-28,108.279503
7480,ES0000012A89,2020-06-01,108.725937
7479,ES0000012A89,2020-05-29,108.585289
7481,ES0000012A89,2020-06-02,108.655571
7482,ES0000012A89,2020-06-03,108.715103
7483,ES0000012A89,2020-06-04,108.350563
7485,ES0000012A89,2020-06-08,108.807625
7484,ES0000012A89,2020-06-05,108.842537
7487,ES0000012A89,2020-06-10,108.807625
7486,ES0000012A89,2020-06-09,108.807625
7488,ES0000012A89,2020-06-11,108.655571
7489,ES0000012A89,2020-06-12,108.373299
7491,ES0000012A89,2020-06-16,108.720818
7490,ES0000012A89,2020-06-15,108.493126
7492,ES0000012A89,2020-06-17,108.910011
7493,ES0000012A89,2020-06-18,108.910011
7494,ES0000012A89,2020-06-19,108.910011
7495,ES0000012A89,2020-06-22,109.142654
7496,ES0000012A89,2020-06-23,106.403328
7497,ES0000012A89,2020-06-24,107.971977
7500,ES0000012A89,2020-06-29,109.422188
7498,ES0000012A89,2020-06-25,109.422188
7499,ES0000012A89,2020-06-26,109.442947
7501,ES0000012A89,2020-06-30,109.23291
7502,ES0000012A89,2020-07-01,109.23291
7503,ES0000012A89,2020-07-02,109.105339
7504,ES0000012A89,2020-07-03,109.105339
7505,ES0000012A89,2020-07-06,109.105339
7506,ES0000012A89,2020-07-07,109.601631
7507,ES0000012A89,2020-07-08,109.601631
7508,ES0000012A89,2020-07-09,109.601631
7509,ES0000012A89,2020-07-10,109.766495
7511,ES0000012A89,2020-07-14,109.801186
7510,ES0000012A89,2020-07-13,109.766495
7512,ES0000012A89,2020-07-15,109.71064
7513,ES0000012A89,2020-07-16,109.71064
7514,ES0000012A89,2020-07-17,109.807678
7515,ES0000012A89,2020-07-20,109.766495
7516,ES0000012A89,2020-07-21,110.068565
7520,ES0000012A89,2020-07-27,109.71064
7518,ES0000012A89,2020-07-23,110.29052
7517,ES0000012A89,2020-07-22,111.382652
7519,ES0000012A89,2020-07-24,109.71064
7521,ES0000012A89,2020-07-28,110.29052
7522,ES0000012A89,2020-07-29,110.064697
7523,ES0000012A89,2020-07-30,109.725624
7524,ES0000012A89,2020-07-31,110.052177
7525,ES0000012A89,2020-08-03,109.801186
7526,ES0000012A89,2020-08-04,109.660187
7527,ES0000012A89,2020-08-05,109.666801
7528,ES0000012A89,2020-08-06,109.801186
7529,ES0000012A89,2020-08-07,109.807678
7530,ES0000012A89,2020-08-10,109.725624
7531,ES0000012A89,2020-08-11,109.725624
7532,ES0000012A89,2020-08-12,110.125267
7534,ES0000012A89,2020-08-14,110.564865
7535,ES0000012A89,2020-08-17,109.900162
7533,ES0000012A89,2020-08-13,110.251564
7536,ES0000012A89,2020-08-18,110.214127
7538,ES0000012A89,2020-08-20,110.409203
7537,ES0000012A89,2020-08-19,110.441689
7539,ES0000012A89,2020-08-21,110.441689
7540,ES0000012A89,2020-08-24,110.251564
7541,ES0000012A89,2020-08-25,110.359467
7542,ES0000012A89,2020-08-26,109.734215
7543,ES0000012A89,2020-08-27,110.068565
7544,ES0000012A89,2020-08-28,109.780708
7545,ES0000012A89,2020-08-31,109.918694
7546,ES0000012A89,2020-09-01,109.918694
7547,ES0000012A89,2020-09-02,109.660187
7548,ES0000012A89,2020-09-03,110.227074
7549,ES0000012A89,2020-09-04,110.227074
7550,ES0000012A89,2020-09-07,110.306007
7551,ES0000012A89,2020-09-08,110.00045
7552,ES0000012A89,2020-09-09,110.154266
7553,ES0000012A89,2020-09-10,109.918694
7554,ES0000012A89,2020-09-11,110.098778
7555,ES0000012A89,2020-09-14,110.004387
7556,ES0000012A89,2020-09-15,110.390625
7557,ES0000012A89,2020-09-16,110.456551
7559,ES0000012A89,2020-09-18,110.412186
7558,ES0000012A89,2020-09-17,110.471451
7560,ES0000012A89,2020-09-21,110.564865
7561,ES0000012A89,2020-09-22,110.623711
7562,ES0000012A89,2020-09-23,110.623711
7564,ES0000012A89,2020-09-25,110.251564
7563,ES0000012A89,2020-09-24,110.564865
7565,ES0000012A89,2020-09-28,109.900162
7566,ES0000012A89,2020-09-29,110.515099
7567,ES0000012A89,2020-09-30,110.409203
7568,ES0000012A89,2020-10-01,110.747932
7569,ES0000012A89,2020-10-02,110.747932
7570,ES0000012A89,2020-10-05,110.747932
7571,ES0000012A89,2020-10-06,110.426987
7573,ES0000012A89,2020-10-08,110.747932
7572,ES0000012A89,2020-10-07,110.6446
7574,ES0000012A89,2020-10-09,110.747932
7575,ES0000012A89,2020-10-12,111.009468
7576,ES0000012A89,2020-10-13,111.145599
7578,ES0000012A89,2020-10-15,111.209236
7577,ES0000012A89,2020-10-14,111.122505
7579,ES0000012A89,2020-10-16,111.209236
7580,ES0000012A89,2020-10-19,111.095596
7581,ES0000012A89,2020-10-20,111.209236
7582,ES0000012A89,2020-10-21,111.026527
7583,ES0000012A89,2020-10-22,110.83239
7584,ES0000012A89,2020-10-23,110.583908
7586,ES0000012A89,2020-10-27,110.723755
7585,ES0000012A89,2020-10-26,110.583908
7587,ES0000012A89,2020-10-28,110.583908
7588,ES0000012A89,2020-10-29,111.122505
7589,ES0000012A89,2020-10-30,111.095596
7590,ES0000012A89,2020-11-02,111.313637
7591,ES0000012A89,2020-11-03,110.747932
7593,ES0000012A89,2020-11-05,111.558006
7592,ES0000012A89,2020-11-04,110.747932
7595,ES0000012A89,2020-11-09,111.558006
7594,ES0000012A89,2020-11-06,111.531784
7596,ES0000012A89,2020-11-10,111.558006
7597,ES0000012A89,2020-11-11,110.891922
7598,ES0000012A89,2020-11-12,110.891922
7599,ES0000012A89,2020-11-13,110.891922
7600,ES0000012A89,2020-11-16,111.168007
7601,ES0000012A89,2020-11-17,111.2892
7602,ES0000012A89,2020-11-18,111.2892
7604,ES0000012A89,2020-11-20,111.565041
7603,ES0000012A89,2020-11-19,110.052177
7607,ES0000012A89,2020-11-25,111.632027
7608,ES0000012A89,2020-11-26,111.717087
7609,ES0000012A89,2020-11-27,111.632027
7610,ES0000012A89,2020-11-30,111.649544
7611,ES0000012A89,2020-12-01,111.596626
7612,ES0000012A89,2020-12-02,111.632027
7614,ES0000012A89,2020-12-04,111.416702
7613,ES0000012A89,2020-12-03,111.416702
7615,ES0000012A89,2020-12-07,111.663002
7616,ES0000012A89,2020-12-08,111.516968
7617,ES0000012A89,2020-12-09,111.824898
7618,ES0000012A89,2020-12-10,111.893845
7619,ES0000012A89,2020-12-11,111.893845
7620,ES0000012A89,2020-12-14,111.839523
7621,ES0000012A89,2020-12-15,111.839523
7622,ES0000012A89,2020-12-16,111.993187
7623,ES0000012A89,2020-12-17,111.862007
7624,ES0000012A89,2020-12-18,111.862007
7625,ES0000012A89,2020-12-21,111.825142
7626,ES0000012A89,2020-12-22,111.742561
7627,ES0000012A89,2020-12-23,111.761978
7628,ES0000012A89,2020-12-24,111.742561
7629,ES0000012A89,2020-12-28,111.742561
7630,ES0000012A89,2020-12-29,111.839523
7631,ES0000012A89,2020-12-30,111.994247
7632,ES0000012A89,2020-12-31,111.994247
7633,ES0000012A89,2021-01-01,111.680244
7634,ES0000012A89,2021-01-04,112.110611
7635,ES0000012A89,2021-01-05,111.862007
7636,ES0000012A89,2021-01-06,111.721611
7637,ES0000012A89,2021-01-07,111.563271
7638,ES0000012A89,2021-01-08,111.862007
7639,ES0000012A89,2021-01-11,111.645203
7640,ES0000012A89,2021-01-12,111.645203
7641,ES0000012A89,2021-01-13,111.145515
7642,ES0000012A89,2021-01-14,111.492645
7643,ES0000012A89,2021-01-15,111.380959
7644,ES0000012A89,2021-01-18,111.381149
7645,ES0000012A89,2021-01-19,111.645203
7646,ES0000012A89,2021-01-20,111.563271
7647,ES0000012A89,2021-01-21,111.492645
7648,ES0000012A89,2021-01-22,111.994247
7649,ES0000012A89,2021-01-25,111.839523
7650,ES0000012A89,2021-01-26,111.263237
7652,ES0000012A89,2021-01-28,111.280876
7653,ES0000012A89,2021-01-29,111.280876
7651,ES0000012A89,2021-01-27,110.909996
7654,ES0000012A89,2021-02-01,111.188408
7655,ES0000012A89,2021-02-02,110.873405
7656,ES0000012A89,2021-02-03,111.198753
7657,ES0000012A89,2021-02-04,111.188408
7658,ES0000012A89,2021-02-05,110.963936
7659,ES0000012A89,2021-02-08,110.963936
7660,ES0000012A89,2021-02-09,110.907806
7661,ES0000012A89,2021-02-10,110.925705
7662,ES0000012A89,2021-02-11,110.96463
7809,ES0000012F43,2020-09-07,103.609337
7810,ES0000012F43,2020-09-08,103.255386
7811,ES0000012F43,2020-09-09,103.638649
7812,ES0000012F43,2020-09-10,103.419846
7663,ES0000012A89,2021-02-12,110.907806
7664,ES0000012A89,2021-02-15,110.738586
7823,ES0000012F43,2020-09-25,103.797943
7665,ES0000012A89,2021-02-16,110.96463
7666,ES0000012A89,2021-02-17,110.782341
7826,ES0000012F43,2020-09-30,104.487839
7827,ES0000012F43,2020-10-01,104.203362
7667,ES0000012A89,2021-02-18,110.462303
7828,ES0000012F43,2020-10-02,104.203362
7829,ES0000012F43,2020-10-05,104.178421
7668,ES0000012A89,2021-02-19,109.984604
7669,ES0000012A89,2021-02-22,110.738586
7670,ES0000012A89,2021-02-23,110.925705
7673,ES0000012A89,2021-02-26,109.205048
7671,ES0000012A89,2021-02-24,109.896141
7672,ES0000012A89,2021-02-25,109.896141
7830,ES0000012F43,2020-10-06,104.487839
7831,ES0000012F43,2020-10-07,104.487839
7832,ES0000012F43,2020-10-08,104.487839
7833,ES0000012F43,2020-10-09,104.267349
7834,ES0000012F43,2020-10-12,104.910225
7835,ES0000012F43,2020-10-13,104.910225
7836,ES0000012F43,2020-10-14,105.097733
7837,ES0000012F43,2020-10-15,105.18663
7838,ES0000012F43,2020-10-16,105.038345
7839,ES0000012F43,2020-10-19,104.487839
7840,ES0000012F43,2020-10-20,104.487839
7841,ES0000012F43,2020-10-21,104.908997
7842,ES0000012F43,2020-10-22,104.267349
7843,ES0000012F43,2020-10-23,104.644341
7844,ES0000012F43,2020-10-26,104.267349
7845,ES0000012F43,2020-10-27,104.487839
7846,ES0000012F43,2020-10-28,104.677727
7847,ES0000012F43,2020-10-29,104.414406
7848,ES0000012F43,2020-10-30,105.08815
7849,ES0000012F43,2020-11-02,105.176888
7850,ES0000012F43,2020-11-03,105.202545
7851,ES0000012F43,2020-11-04,104.908997
7852,ES0000012F43,2020-11-05,105.202545
7853,ES0000012F43,2020-11-06,105.344505
7854,ES0000012F43,2020-11-09,105.449852
7855,ES0000012F43,2020-11-10,105.304955
7856,ES0000012F43,2020-11-11,104.675804
7857,ES0000012F43,2020-11-12,104.675804
7858,ES0000012F43,2020-11-13,104.675804
7859,ES0000012F43,2020-11-16,105.176888
7860,ES0000012F43,2020-11-17,104.714516
7861,ES0000012F43,2020-11-18,104.714516
7862,ES0000012F43,2020-11-19,105.08815
7863,ES0000012F43,2020-11-20,105.344505
7864,ES0000012F43,2020-11-23,105.542824
7865,ES0000012F43,2020-11-24,103.092934
7866,ES0000012F43,2020-11-25,105.726753
7868,ES0000012F43,2020-11-27,104.487839
7867,ES0000012F43,2020-11-26,105.726753
7869,ES0000012F43,2020-11-30,104.163063
7870,ES0000012F43,2020-12-01,104.297783
7871,ES0000012F43,2020-12-02,105.264084
7872,ES0000012F43,2020-12-03,105.413177
7873,ES0000012F43,2020-12-04,105.413177
7874,ES0000012F43,2020-12-07,105.726753
7875,ES0000012F43,2020-12-08,105.559959
7876,ES0000012F43,2020-12-09,105.559959
7877,ES0000012F43,2020-12-10,106.079597
7878,ES0000012F43,2020-12-11,106.095337
7879,ES0000012F43,2020-12-14,106.095337
7880,ES0000012F43,2020-12-15,106.339783
7881,ES0000012F43,2020-12-16,106.095337
7882,ES0000012F43,2020-12-17,106.095337
7883,ES0000012F43,2020-12-18,106.095337
7884,ES0000012F43,2020-12-21,106.095337
7885,ES0000012F43,2020-12-22,105.91449
7886,ES0000012F43,2020-12-23,105.91449
7888,ES0000012F43,2020-12-28,106.095337
7887,ES0000012F43,2020-12-24,105.91449
7889,ES0000012F43,2020-12-29,106.095337
7890,ES0000012F43,2020-12-30,106.147125
7891,ES0000012F43,2020-12-31,105.942604
7892,ES0000012F43,2021-01-01,105.942604
7893,ES0000012F43,2021-01-04,105.906998
7894,ES0000012F43,2021-01-05,105.925514
7895,ES0000012F43,2021-01-06,105.906998
7896,ES0000012F43,2021-01-07,106.069138
7897,ES0000012F43,2021-01-08,106.069138
7898,ES0000012F43,2021-01-11,106.069138
7899,ES0000012F43,2021-01-12,105.714806
7900,ES0000012F43,2021-01-13,105.714806
7901,ES0000012F43,2021-01-14,105.23027
7902,ES0000012F43,2021-01-15,105.667542
7903,ES0000012F43,2021-01-18,105.667542
7904,ES0000012F43,2021-01-19,105.621284
7905,ES0000012F43,2021-01-20,105.621284
7906,ES0000012F43,2021-01-21,105.23027
7907,ES0000012F43,2021-01-22,104.986191
7908,ES0000012F43,2021-01-25,105.592781
7910,ES0000012F43,2021-01-27,105.667542
7909,ES0000012F43,2021-01-26,105.521095
7911,ES0000012F43,2021-01-28,105.667542
7912,ES0000012F43,2021-01-29,105.667542
7913,ES0000012F43,2021-02-01,105.546249
7914,ES0000012F43,2021-02-02,105.375298
7915,ES0000012F43,2021-02-03,105.165565
7916,ES0000012F43,2021-02-04,105.148643
7917,ES0000012F43,2021-02-05,105.165565
7918,ES0000012F43,2021-02-08,105.148643
7919,ES0000012F43,2021-02-09,105.095657
7920,ES0000012F43,2021-02-10,105.087975
7921,ES0000012F43,2021-02-11,105.087975
7923,ES0000012F43,2021-02-15,104.851089
7922,ES0000012F43,2021-02-12,105.264084
7924,ES0000012F43,2021-02-16,104.459686
7925,ES0000012F43,2021-02-17,104.904587
8150,ES0000012G00,2021-01-01,103.653976
8151,ES0000012G00,2021-01-04,103.524002
8153,ES0000012G00,2021-01-06,103.893379
8149,ES0000012G00,2020-12-31,104.195808
7926,ES0000012F43,2021-02-18,104.867905
8154,ES0000012G00,2021-01-07,104.037613
8155,ES0000012G00,2021-01-08,104.037613
7927,ES0000012F43,2021-02-19,103.81958
7928,ES0000012F43,2021-02-22,103.729103
8156,ES0000012G00,2021-01-11,104.038879
7929,ES0000012F43,2021-02-23,103.920029
7930,ES0000012F43,2021-02-24,103.580505
8152,ES0000012G00,2021-01-05,103.893379
7931,ES0000012F43,2021-02-25,103.580505
8157,ES0000012G00,2021-01-12,103.597031
7932,ES0000012F43,2021-02-26,103.235947
8158,ES0000012G00,2021-01-13,104.037613
8159,ES0000012G00,2021-01-14,103.527451
8160,ES0000012G00,2021-01-15,103.531349
8162,ES0000012G00,2021-01-19,102.542145
8163,ES0000012G00,2021-01-20,102.542145
8164,ES0000012G00,2021-01-21,102.897964
8165,ES0000012G00,2021-01-22,103.531349
8166,ES0000012G00,2021-01-25,104.291618
8173,ES0000012G00,2021-02-03,100.677933
8170,ES0000012G00,2021-01-29,102.769356
8175,ES0000012G00,2021-02-05,100.063042
8174,ES0000012G00,2021-02-04,100.677933
8169,ES0000012G00,2021-01-28,102.424652
8171,ES0000012G00,2021-02-01,101.348824
8172,ES0000012G00,2021-02-02,103.803978
8168,ES0000012G00,2021-01-27,102.54348
8176,ES0000012G00,2021-02-08,100.356354
8191,ES0113900J37,2020-03-02,3.846
8243,ES0113900J37,2020-05-13,1.8704
8244,ES0113900J37,2020-05-14,1.8704
8253,ES0113900J37,2020-05-27,2.05
8254,ES0113900J37,2020-05-28,1.8736
8252,ES0113900J37,2020-05-26,1.9366
8261,ES0113900J37,2020-06-08,2.527
8255,ES0113900J37,2020-05-29,1.9546
8256,ES0113900J37,2020-06-01,1.8736
8260,ES0113900J37,2020-06-05,1.959
8257,ES0113900J37,2020-06-02,1.8712
8259,ES0113900J37,2020-06-04,1.9366
8258,ES0113900J37,2020-06-03,2.1635
8263,ES0113900J37,2020-06-10,2.5005
8262,ES0113900J37,2020-06-09,2.527
8264,ES0113900J37,2020-06-11,2.4305
8265,ES0113900J37,2020-06-12,2.2695
8266,ES0113900J37,2020-06-15,2.121
8267,ES0113900J37,2020-06-16,2.1505
8268,ES0113900J37,2020-06-17,2.1505
8269,ES0113900J37,2020-06-18,2.2145
8270,ES0113900J37,2020-06-19,2.165
8271,ES0113900J37,2020-06-22,2.165
8272,ES0113900J37,2020-06-23,2.1917
8273,ES0113900J37,2020-06-24,2.165
8274,ES0113900J37,2020-06-25,2.135
8275,ES0113900J37,2020-06-26,2.1885
8276,ES0113900J37,2020-06-29,2.1215
8277,ES0113900J37,2020-06-30,2.207
8278,ES0113900J37,2020-07-01,2.1745
8279,ES0113900J37,2020-07-02,2.143
8282,ES0113900J37,2020-07-07,2.337
8280,ES0113900J37,2020-07-03,2.2855
8283,ES0113900J37,2020-07-08,2.2675
8281,ES0113900J37,2020-07-06,2.2275
8284,ES0113900J37,2020-07-09,2.1745
8285,ES0113900J37,2020-07-10,2.143
8286,ES0113900J37,2020-07-13,2.2855
8287,ES0113900J37,2020-07-14,2.2275
8288,ES0113900J37,2020-07-15,2.246
8289,ES0113900J37,2020-07-16,2.2675
8290,ES0113900J37,2020-07-17,2.216
8291,ES0113900J37,2020-07-20,2.22
8292,ES0113900J37,2020-07-21,2.22
8294,ES0113900J37,2020-07-23,2.151
8293,ES0113900J37,2020-07-22,2.246
8297,ES0113900J37,2020-07-28,2.075
8295,ES0113900J37,2020-07-24,1.951
8299,ES0113900J37,2020-07-30,1.8704
8296,ES0113900J37,2020-07-27,2.126
8298,ES0113900J37,2020-07-29,1.9594
8316,ES0113900J37,2020-08-24,1.8582
8320,ES0113900J37,2020-08-28,1.8996
8318,ES0113900J37,2020-08-26,1.898
8317,ES0113900J37,2020-08-25,1.898
8319,ES0113900J37,2020-08-27,1.8232
8322,ES0113900J37,2020-09-01,1.8958
8323,ES0113900J37,2020-09-02,1.87
8324,ES0113900J37,2020-09-03,1.8242
8321,ES0113900J37,2020-08-31,1.8086
8325,ES0113900J37,2020-09-04,1.8086
8326,ES0113900J37,2020-09-07,1.9056
8327,ES0113900J37,2020-09-08,1.9128
8329,ES0113900J37,2020-09-10,1.8628
8328,ES0113900J37,2020-09-09,1.8556
8330,ES0113900J37,2020-09-11,1.8086
8331,ES0113900J37,2020-09-14,1.8054
8332,ES0113900J37,2020-09-15,1.8054
8334,ES0113900J37,2020-09-17,1.7938
8333,ES0113900J37,2020-09-16,1.843
8335,ES0113900J37,2020-09-18,1.762
8337,ES0113900J37,2020-09-22,1.59
8336,ES0113900J37,2020-09-21,1.6954
8338,ES0113900J37,2020-09-23,1.9416
8339,ES0113900J37,2020-09-24,2.2035
8341,ES0113900J37,2020-09-28,1.5496
8343,ES0113900J37,2020-09-30,1.5922
8344,ES0113900J37,2020-10-01,1.5996
8342,ES0113900J37,2020-09-29,1.5376
8340,ES0113900J37,2020-09-25,1.5376
8345,ES0113900J37,2020-10-02,1.5996
8349,ES0113900J37,2020-10-08,1.687
8348,ES0113900J37,2020-10-07,1.7092
8350,ES0113900J37,2020-10-09,1.7182
8351,ES0113900J37,2020-10-12,1.694
8354,ES0113900J37,2020-10-15,1.5376
8353,ES0113900J37,2020-10-14,1.5376
8352,ES0113900J37,2020-10-13,1.7182
8355,ES0113900J37,2020-10-16,1.5922
8356,ES0113900J37,2020-10-19,1.6002
8357,ES0113900J37,2020-10-20,1.6538
8358,ES0113900J37,2020-10-21,1.6538
8347,ES0113900J37,2020-10-06,1.609
8359,ES0113900J37,2020-10-22,1.6686
8346,ES0113900J37,2020-10-05,1.5376
8360,ES0113900J37,2020-10-23,1.6874
8361,ES0113900J37,2020-10-26,1.744
8362,ES0113900J37,2020-10-27,1.744
8363,ES0113900J37,2020-10-28,1.7228
8364,ES0113900J37,2020-10-29,1.6438
8365,ES0113900J37,2020-10-30,1.6996
8366,ES0113900J37,2020-11-02,1.6686
8367,ES0113900J37,2020-11-03,1.7228
8369,ES0113900J37,2020-11-05,1.7228
8368,ES0113900J37,2020-11-04,1.7826
8370,ES0113900J37,2020-11-06,1.7228
8371,ES0113900J37,2020-11-09,1.744
8372,ES0113900J37,2020-11-10,1.744
8373,ES0113900J37,2020-11-11,1.8996
8374,ES0113900J37,2020-11-12,1.8848
8375,ES0113900J37,2020-11-13,1.8848
8376,ES0113900J37,2020-11-16,2.386
8377,ES0113900J37,2020-11-17,2.351
8378,ES0113900J37,2020-11-18,2.368
8379,ES0113900J37,2020-11-19,2.362
8380,ES0113900J37,2020-11-20,2.368
8381,ES0113900J37,2020-11-23,2.3365
8382,ES0113900J37,2020-11-24,2.2605
8383,ES0113900J37,2020-11-25,2.215
8384,ES0113900J37,2020-11-26,2.215
8385,ES0113900J37,2020-11-27,2.4615
8388,ES0113900J37,2020-12-02,2.465
8387,ES0113900J37,2020-12-01,2.4615
8386,ES0113900J37,2020-11-30,2.1975
8391,ES0113900J37,2020-12-07,2.862
8392,ES0113900J37,2020-12-08,2.862
8389,ES0113900J37,2020-12-03,2.4893
8390,ES0113900J37,2020-12-04,2.6134
8393,ES0113900J37,2020-12-09,2.862
8394,ES0113900J37,2020-12-10,2.7255
8395,ES0113900J37,2020-12-11,2.648
8396,ES0113900J37,2020-12-14,2.648
8397,ES0113900J37,2020-12-15,2.7255
8398,ES0113900J37,2020-12-16,2.726
8399,ES0113900J37,2020-12-17,2.679
8401,ES0113900J37,2020-12-21,2.5785
8400,ES0113900J37,2020-12-18,2.6885
8402,ES0113900J37,2020-12-22,2.6885
8403,ES0113900J37,2020-12-23,2.5785
8404,ES0113900J37,2020-12-24,2.531
8405,ES0113900J37,2020-12-28,2.623
8406,ES0113900J37,2020-12-29,2.5905
8407,ES0113900J37,2020-12-30,2.5915
8408,ES0113900J37,2020-12-31,2.592
8409,ES0113900J37,2021-01-01,2.575
8410,ES0113900J37,2021-01-04,2.591
8411,ES0113900J37,2021-01-05,2.566
8412,ES0113900J37,2021-01-06,2.575
8413,ES0113900J37,2021-01-07,2.575
8414,ES0113900J37,2021-01-08,2.592
8415,ES0113900J37,2021-01-11,2.76
8416,ES0113900J37,2021-01-12,2.81
8417,ES0113900J37,2021-01-13,2.849
8418,ES0113900J37,2021-01-14,2.592
8419,ES0113900J37,2021-01-15,2.67
8421,ES0113900J37,2021-01-19,2.72
8420,ES0113900J37,2021-01-18,2.72
8422,ES0113900J37,2021-01-20,2.688
8423,ES0113900J37,2021-01-21,2.5785
8424,ES0113900J37,2021-01-22,2.451
8425,ES0113900J37,2021-01-25,2.531
8426,ES0113900J37,2021-01-26,2.6195
8427,ES0113900J37,2021-01-27,2.67
8428,ES0113900J37,2021-01-28,2.5905
8429,ES0113900J37,2021-01-29,2.5915
8430,ES0113900J37,2021-02-01,2.575
8431,ES0113900J37,2021-02-02,2.538
8432,ES0113900J37,2021-02-03,2.593
8433,ES0113900J37,2021-02-04,2.5665
8434,ES0113900J37,2021-02-05,2.69
8436,ES0113900J37,2021-02-09,2.793
8435,ES0113900J37,2021-02-08,2.788
8437,ES0113900J37,2021-02-10,2.76
8438,ES0113900J37,2021-02-11,2.81
8439,ES0113900J37,2021-02-12,2.8495
8441,ES0113900J37,2021-02-16,2.801
8440,ES0113900J37,2021-02-15,2.684
8442,ES0113900J37,2021-02-17,2.7205
8443,ES0113900J37,2021-02-18,2.581
8444,ES0113900J37,2021-02-19,2.8346
8445,ES0113900J37,2021-02-22,2.9755
8450,ES0144580Y14,2020-03-02,10.77
8451,ES0144580Y14,2020-03-03,10.32
8452,ES0144580Y14,2020-03-04,10.725
8453,ES0144580Y14,2020-03-05,10.805
8454,ES0144580Y14,2020-03-06,11.195
8455,ES0144580Y14,2020-03-09,11.195
8456,ES0144580Y14,2020-03-10,10.805
8447,ES0113900J37,2021-02-24,2.9505
8446,ES0113900J37,2021-02-23,2.8955
8457,ES0144580Y14,2020-03-11,10.59
8448,ES0113900J37,2021-02-25,2.9755
8449,ES0113900J37,2021-02-26,2.9655
8458,ES0144580Y14,2020-03-12,9.486
8459,ES0144580Y14,2020-03-13,8.152
8460,ES0144580Y14,2020-03-16,9.486
8461,ES0144580Y14,2020-03-17,8.232
8462,ES0144580Y14,2020-03-18,9.062
8463,ES0144580Y14,2020-03-19,8.714
8464,ES0144580Y14,2020-03-20,8.93
8465,ES0144580Y14,2020-03-23,8.74
8466,ES0144580Y14,2020-03-24,9.062
8467,ES0144580Y14,2020-03-25,9.312
8468,ES0144580Y14,2020-03-26,9.126
8469,ES0144580Y14,2020-03-27,9.106
8470,ES0144580Y14,2020-03-30,9.106
8472,ES0144580Y14,2020-04-01,8.802
8471,ES0144580Y14,2020-03-31,8.826
8474,ES0144580Y14,2020-04-03,9.21
8473,ES0144580Y14,2020-04-02,9.032
8475,ES0144580Y14,2020-04-06,8.672
8476,ES0144580Y14,2020-04-07,8.928
8477,ES0144580Y14,2020-04-08,9.12
8478,ES0144580Y14,2020-04-09,8.794
8479,ES0144580Y14,2020-04-10,9.456
8480,ES0144580Y14,2020-04-13,9.042
8481,ES0144580Y14,2020-04-14,8.922
8482,ES0144580Y14,2020-04-15,9.042
8483,ES0144580Y14,2020-04-16,9.042
8484,ES0144580Y14,2020-04-17,9.084
8485,ES0144580Y14,2020-04-20,9.041
8486,ES0144580Y14,2020-04-21,8.594
8487,ES0144580Y14,2020-04-22,8.6
8489,ES0144580Y14,2020-04-24,9.046
8488,ES0144580Y14,2020-04-23,8.772
8490,ES0144580Y14,2020-04-27,8.922
8492,ES0144580Y14,2020-04-29,9.076
8491,ES0144580Y14,2020-04-28,9.108
8493,ES0144580Y14,2020-04-30,9.348
8495,ES0144580Y14,2020-05-04,9.076
8494,ES0144580Y14,2020-05-01,9.076
8496,ES0144580Y14,2020-05-05,9.076
8497,ES0144580Y14,2020-05-06,8.946
8498,ES0144580Y14,2020-05-07,8.894
8499,ES0144580Y14,2020-05-08,8.744
8501,ES0144580Y14,2020-05-12,8.85
8500,ES0144580Y14,2020-05-11,8.994
8503,ES0144580Y14,2020-05-14,8.908
8502,ES0144580Y14,2020-05-13,8.726
8504,ES0144580Y14,2020-05-15,9.076
8505,ES0144580Y14,2020-05-18,8.502
8506,ES0144580Y14,2020-05-19,8.908
8507,ES0144580Y14,2020-05-20,9.076
8508,ES0144580Y14,2020-05-21,9.076
8510,ES0144580Y14,2020-05-25,8.946
8509,ES0144580Y14,2020-05-22,8.964
8512,ES0144580Y14,2020-05-27,9.252
8511,ES0144580Y14,2020-05-26,9.084
8515,ES0144580Y14,2020-06-01,9.084
8513,ES0144580Y14,2020-05-28,9.252
8514,ES0144580Y14,2020-05-29,9.604
8516,ES0144580Y14,2020-06-02,9.084
8517,ES0144580Y14,2020-06-03,9.932
8518,ES0144580Y14,2020-06-04,8.994
8519,ES0144580Y14,2020-06-05,9.958
8520,ES0144580Y14,2020-06-08,10.03
8521,ES0144580Y14,2020-06-09,10.13
8522,ES0144580Y14,2020-06-10,10.13
8523,ES0144580Y14,2020-06-11,10.13
8524,ES0144580Y14,2020-06-12,9.682
8525,ES0144580Y14,2020-06-15,9.75
8526,ES0144580Y14,2020-06-16,9.712
8527,ES0144580Y14,2020-06-17,10.01
8530,ES0144580Y14,2020-06-22,9.962
8529,ES0144580Y14,2020-06-19,10.015
8528,ES0144580Y14,2020-06-18,10.01
8532,ES0144580Y14,2020-06-24,10.285
8531,ES0144580Y14,2020-06-23,10.38
8534,ES0144580Y14,2020-06-26,10.43
8533,ES0144580Y14,2020-06-25,10.285
8535,ES0144580Y14,2020-06-29,10.11
8536,ES0144580Y14,2020-06-30,10.04
8538,ES0144580Y14,2020-07-02,10.36
8537,ES0144580Y14,2020-07-01,10.11
8539,ES0144580Y14,2020-07-03,10.36
8541,ES0144580Y14,2020-07-07,10.32
8540,ES0144580Y14,2020-07-06,10.04
8542,ES0144580Y14,2020-07-08,10.835
8544,ES0144580Y14,2020-07-10,9.892
8543,ES0144580Y14,2020-07-09,9.336
8545,ES0144580Y14,2020-07-13,9.892
8546,ES0144580Y14,2020-07-14,10.72
8547,ES0144580Y14,2020-07-15,10.6
8549,ES0144580Y14,2020-07-17,10.8
8548,ES0144580Y14,2020-07-16,10.73
8550,ES0144580Y14,2020-07-20,10.82
8551,ES0144580Y14,2020-07-21,11.24
8552,ES0144580Y14,2020-07-22,11.04
8553,ES0144580Y14,2020-07-23,11.085
8554,ES0144580Y14,2020-07-24,11.24
8555,ES0144580Y14,2020-07-27,11.24
8556,ES0144580Y14,2020-07-28,11.04
8557,ES0144580Y14,2020-07-29,11.11
8558,ES0144580Y14,2020-07-30,11.045
8559,ES0144580Y14,2020-07-31,11.0
8560,ES0144580Y14,2020-08-03,11.045
8561,ES0144580Y14,2020-08-04,11.0
8562,ES0144580Y14,2020-08-05,10.9
8563,ES0144580Y14,2020-08-06,11.0
8564,ES0144580Y14,2020-08-07,11.2
8565,ES0144580Y14,2020-08-10,10.9
8566,ES0144580Y14,2020-08-11,11.0
8567,ES0144580Y14,2020-08-12,10.9
8568,ES0144580Y14,2020-08-13,11.0
8569,ES0144580Y14,2020-08-14,10.9
8570,ES0144580Y14,2020-08-17,11.0
8571,ES0144580Y14,2020-08-18,11.1
8575,ES0144580Y14,2020-08-24,10.8
8578,ES0144580Y14,2020-08-27,10.9
8577,ES0144580Y14,2020-08-26,10.8
8576,ES0144580Y14,2020-08-25,10.8
8579,ES0144580Y14,2020-08-28,11.0
8580,ES0144580Y14,2020-08-31,10.8
8581,ES0144580Y14,2020-09-01,10.6
8582,ES0144580Y14,2020-09-02,10.8
8583,ES0144580Y14,2020-09-03,10.6
8584,ES0144580Y14,2020-09-04,10.6
8585,ES0144580Y14,2020-09-07,10.7
8603,ES0144580Y14,2020-10-01,10.45
8604,ES0144580Y14,2020-10-02,10.41
8605,ES0144580Y14,2020-10-05,10.32
8606,ES0144580Y14,2020-10-06,10.33
8619,ES0144580Y14,2020-10-23,10.93
8620,ES0144580Y14,2020-10-26,10.92
8637,ES0144580Y14,2020-11-18,11.3
8635,ES0144580Y14,2020-11-16,10.7
8665,ES0144580Y14,2020-12-29,11.41
8666,ES0144580Y14,2020-12-30,11.74
8668,ES0144580Y14,2021-01-01,11.7
8672,ES0144580Y14,2021-01-07,11.26
8667,ES0144580Y14,2020-12-31,11.475
8669,ES0144580Y14,2021-01-04,11.21
8670,ES0144580Y14,2021-01-05,11.685
8671,ES0144580Y14,2021-01-06,11.72
8673,ES0144580Y14,2021-01-08,11.285
8674,ES0144580Y14,2021-01-11,11.2
8675,ES0144580Y14,2021-01-12,11.23
8676,ES0144580Y14,2021-01-13,11.995
8677,ES0144580Y14,2021-01-14,11.995
8678,ES0144580Y14,2021-01-15,12.005
8680,ES0144580Y14,2021-01-19,11.32
8679,ES0144580Y14,2021-01-18,12.005
8710,ES0173516115,2020-03-03,10.22
8709,ES0173516115,2020-03-02,10.13
8681,ES0144580Y14,2021-01-20,11.82
8682,ES0144580Y14,2021-01-21,11.73
8684,ES0144580Y14,2021-01-25,11.915
8683,ES0144580Y14,2021-01-22,11.915
8772,ES0173516115,2020-05-28,8.738
8774,ES0173516115,2020-06-01,8.616
8773,ES0173516115,2020-05-29,8.446
8775,ES0173516115,2020-06-02,8.876
8686,ES0144580Y14,2021-01-27,11.685
8685,ES0144580Y14,2021-01-26,11.7
8687,ES0144580Y14,2021-01-28,11.36
8776,ES0173516115,2020-06-03,8.87
8777,ES0173516115,2020-06-04,8.37
8778,ES0173516115,2020-06-05,8.616
8779,ES0173516115,2020-06-08,8.976
8780,ES0173516115,2020-06-09,8.976
8704,ES0144580Y14,2021-02-22,10.51
8708,ES0144580Y14,2021-02-26,10.29
8707,ES0144580Y14,2021-02-25,10.29
8781,ES0173516115,2020-06-10,9.046
8782,ES0173516115,2020-06-11,9.53
8783,ES0173516115,2020-06-12,9.046
8784,ES0173516115,2020-06-15,8.616
8785,ES0173516115,2020-06-16,8.37
8786,ES0173516115,2020-06-17,8.398
8787,ES0173516115,2020-06-18,8.23
8788,ES0173516115,2020-06-19,8.206
8789,ES0173516115,2020-06-22,8.616
8790,ES0173516115,2020-06-23,8.616
8791,ES0173516115,2020-06-24,7.912
8792,ES0173516115,2020-06-25,7.912
8793,ES0173516115,2020-06-26,7.912
8794,ES0173516115,2020-06-29,7.912
8795,ES0173516115,2020-06-30,7.912
8796,ES0173516115,2020-07-01,7.786
8797,ES0173516115,2020-07-02,7.912
8798,ES0173516115,2020-07-03,7.912
8799,ES0173516115,2020-07-06,8.036
8800,ES0173516115,2020-07-07,7.912
8801,ES0173516115,2020-07-08,7.912
8802,ES0173516115,2020-07-09,7.912
8803,ES0173516115,2020-07-10,8.502
8804,ES0173516115,2020-07-13,8.314
8805,ES0173516115,2020-07-14,8.056
8806,ES0173516115,2020-07-15,7.986
8807,ES0173516115,2020-07-16,7.906
8808,ES0173516115,2020-07-17,7.906
8809,ES0173516115,2020-07-20,7.906
8810,ES0173516115,2020-07-21,7.738
8811,ES0173516115,2020-07-22,7.928
8812,ES0173516115,2020-07-23,7.784
8813,ES0173516115,2020-07-24,7.986
8814,ES0173516115,2020-07-27,7.394
8815,ES0173516115,2020-07-28,7.162
8816,ES0173516115,2020-07-29,7.742
8817,ES0173516115,2020-07-30,7.812
8818,ES0173516115,2020-07-31,7.742
8825,ES0173516115,2020-08-11,6.802
8826,ES0173516115,2020-08-12,6.802
8827,ES0173516115,2020-08-13,8.588
8829,ES0173516115,2020-08-17,7.198
8828,ES0173516115,2020-08-14,7.054
8830,ES0173516115,2020-08-18,7.198
8831,ES0173516115,2020-08-19,6.756
8832,ES0173516115,2020-08-20,6.82
8833,ES0173516115,2020-08-21,6.58
8834,ES0173516115,2020-08-24,6.616
8835,ES0173516115,2020-08-25,6.692
8836,ES0173516115,2020-08-26,6.934
8837,ES0173516115,2020-08-27,6.756
8838,ES0173516115,2020-08-28,6.616
8839,ES0173516115,2020-08-31,6.616
8841,ES0173516115,2020-09-02,6.82
8840,ES0173516115,2020-09-01,6.792
8842,ES0173516115,2020-09-03,6.432
8843,ES0173516115,2020-09-04,6.412
8844,ES0173516115,2020-09-07,6.448
8845,ES0173516115,2020-09-08,6.448
8846,ES0173516115,2020-09-09,6.334
8847,ES0173516115,2020-09-10,6.334
8848,ES0173516115,2020-09-11,6.334
8849,ES0173516115,2020-09-14,6.334
8850,ES0173516115,2020-09-15,6.266
8851,ES0173516115,2020-09-16,6.452
8852,ES0173516115,2020-09-17,6.266
8853,ES0173516115,2020-09-18,6.266
8854,ES0173516115,2020-09-21,6.266
8855,ES0173516115,2020-09-22,6.112
8856,ES0173516115,2020-09-23,6.112
8858,ES0173516115,2020-09-25,5.89
8857,ES0173516115,2020-09-24,6.056
8861,ES0173516115,2020-09-30,5.67
8860,ES0173516115,2020-09-29,5.882
8862,ES0173516115,2020-10-01,5.67
8859,ES0173516115,2020-09-28,5.754
8863,ES0173516115,2020-10-02,5.512
8864,ES0173516115,2020-10-05,5.512
8865,ES0173516115,2020-10-06,5.512
8867,ES0173516115,2020-10-08,5.512
8866,ES0173516115,2020-10-07,6.314
8868,ES0173516115,2020-10-09,6.328
8869,ES0173516115,2020-10-12,6.328
8870,ES0173516115,2020-10-13,6.328
8871,ES0173516115,2020-10-14,6.202
8872,ES0173516115,2020-10-15,5.512
8874,ES0173516115,2020-10-19,5.512
8873,ES0173516115,2020-10-16,6.032
8875,ES0173516115,2020-10-20,5.512
8876,ES0173516115,2020-10-21,5.512
8877,ES0173516115,2020-10-22,5.512
8878,ES0173516115,2020-10-23,5.666
8879,ES0173516115,2020-10-26,5.512
8880,ES0173516115,2020-10-27,5.512
8881,ES0173516115,2020-10-28,5.46
8882,ES0173516115,2020-10-29,5.272
8883,ES0173516115,2020-10-30,6.004
8884,ES0173516115,2020-11-02,5.272
8885,ES0173516115,2020-11-03,5.672
8886,ES0173516115,2020-11-04,5.226
8887,ES0173516115,2020-11-05,5.786
8888,ES0173516115,2020-11-06,5.784
8889,ES0173516115,2020-11-09,5.772
8890,ES0173516115,2020-11-10,6.394
8891,ES0173516115,2020-11-11,5.786
8892,ES0173516115,2020-11-12,6.39
8893,ES0173516115,2020-11-13,7.356
8894,ES0173516115,2020-11-16,7.356
8895,ES0173516115,2020-11-17,5.89
8896,ES0173516115,2020-11-18,6.858
8897,ES0173516115,2020-11-19,7.912
8898,ES0173516115,2020-11-20,6.616
8899,ES0173516115,2020-11-23,6.934
8900,ES0173516115,2020-11-24,6.692
8908,ES0173516115,2020-12-04,8.25
8909,ES0173516115,2020-12-07,7.58
8910,ES0173516115,2020-12-08,8.562
8911,ES0173516115,2020-12-09,8.48
8912,ES0173516115,2020-12-10,8.602
8913,ES0173516115,2020-12-11,8.858
8914,ES0173516115,2020-12-14,8.858
8915,ES0173516115,2020-12-15,8.62
8916,ES0173516115,2020-12-16,8.62
8917,ES0173516115,2020-12-17,8.78
8918,ES0173516115,2020-12-18,8.78
8919,ES0173516115,2020-12-21,8.858
8920,ES0173516115,2020-12-22,8.78
8921,ES0173516115,2020-12-23,8.142
8922,ES0173516115,2020-12-24,8.142
8923,ES0173516115,2020-12-28,8.2
8925,ES0173516115,2020-12-30,8.32
8924,ES0173516115,2020-12-29,8.32
8926,ES0173516115,2020-12-31,8.32
8927,ES0173516115,2021-01-01,8.25
8928,ES0173516115,2021-01-04,8.303
8929,ES0173516115,2021-01-05,8.303
8930,ES0173516115,2021-01-06,8.142
8931,ES0173516115,2021-01-07,8.303
8932,ES0173516115,2021-01-08,8.73
8933,ES0173516115,2021-01-11,8.142
8934,ES0173516115,2021-01-12,8.62
8935,ES0173516115,2021-01-13,8.822
8936,ES0173516115,2021-01-14,8.714
8937,ES0173516115,2021-01-15,8.284
8938,ES0173516115,2021-01-18,8.714
8939,ES0173516115,2021-01-19,8.672
8940,ES0173516115,2021-01-20,8.672
8941,ES0173516115,2021-01-21,8.846
8942,ES0173516115,2021-01-22,8.57
8943,ES0173516115,2021-01-25,8.452
8944,ES0173516115,2021-01-26,8.452
8945,ES0173516115,2021-01-27,8.3
8947,ES0173516115,2021-01-29,8.522
8948,ES0173516115,2021-02-01,8.452
8949,ES0173516115,2021-02-02,8.122
8950,ES0173516115,2021-02-03,7.98
8951,ES0173516115,2021-02-04,8.122
8952,ES0173516115,2021-02-05,8.73
8953,ES0173516115,2021-02-08,8.712
8954,ES0173516115,2021-02-09,8.726
8955,ES0173516115,2021-02-10,8.848
8957,ES0173516115,2021-02-12,8.878
8956,ES0173516115,2021-02-11,8.796
8958,ES0173516115,2021-02-15,8.778
8959,ES0173516115,2021-02-16,8.862
8960,ES0173516115,2021-02-17,9.36
8961,ES0173516115,2021-02-18,8.937
8962,ES0173516115,2021-02-19,8.57
8963,ES0173516115,2021-02-22,8.57
8964,ES0173516115,2021-02-23,8.57
8965,ES0173516115,2021-02-24,8.452
8966,ES0173516115,2021-02-25,10.32
8967,ES0173516115,2021-02-26,10.32
8979,ES0178430E18,2020-03-17,3.682
9018,ES0178430E18,2020-05-11,4.284
9019,ES0178430E18,2020-05-12,3.916
9020,ES0178430E18,2020-05-13,4.319
9021,ES0178430E18,2020-05-14,4.181
9022,ES0178430E18,2020-05-15,4.195
9023,ES0178430E18,2020-05-18,4.237
9028,ES0178430E18,2020-05-25,3.9
9029,ES0178430E18,2020-05-26,4.225
9037,ES0178430E18,2020-06-05,4.4
9039,ES0178430E18,2020-06-09,4.658
9040,ES0178430E18,2020-06-10,4.643
9042,ES0178430E18,2020-06-12,4.954
9041,ES0178430E18,2020-06-11,4.866
9043,ES0178430E18,2020-06-15,4.306
9046,ES0178430E18,2020-06-18,4.467
9048,ES0178430E18,2020-06-22,4.42
9049,ES0178430E18,2020-06-23,4.271
9051,ES0178430E18,2020-06-25,4.2
9052,ES0178430E18,2020-06-26,4.296
9053,ES0178430E18,2020-06-29,4.212
9054,ES0178430E18,2020-06-30,4.212
9056,ES0178430E18,2020-07-02,4.247
9055,ES0178430E18,2020-07-01,4.212
9058,ES0178430E18,2020-07-06,4.247
9057,ES0178430E18,2020-07-03,4.322
9059,ES0178430E18,2020-07-07,4.227
9061,ES0178430E18,2020-07-09,3.916
9060,ES0178430E18,2020-07-08,4.211
9062,ES0178430E18,2020-07-10,4.0
9063,ES0178430E18,2020-07-13,4.083
9064,ES0178430E18,2020-07-14,3.916
9065,ES0178430E18,2020-07-15,4.168
9066,ES0178430E18,2020-07-16,4.083
9067,ES0178430E18,2020-07-17,4.116
9068,ES0178430E18,2020-07-20,4.299
9069,ES0178430E18,2020-07-21,4.134
9070,ES0178430E18,2020-07-22,4.083
9071,ES0178430E18,2020-07-23,4.18
9072,ES0178430E18,2020-07-24,4.083
9073,ES0178430E18,2020-07-27,3.866
9074,ES0178430E18,2020-07-28,3.682
9076,ES0178430E18,2020-07-30,3.824
9075,ES0178430E18,2020-07-29,4.168
9077,ES0178430E18,2020-07-31,3.682
9082,ES0178430E18,2020-08-07,3.431
9083,ES0178430E18,2020-08-10,3.471
9084,ES0178430E18,2020-08-11,3.548
9088,ES0178430E18,2020-08-17,3.631
9089,ES0178430E18,2020-08-18,3.431
9092,ES0178430E18,2020-08-21,3.431
9090,ES0178430E18,2020-08-19,3.641
9091,ES0178430E18,2020-08-20,3.431
9094,ES0178430E18,2020-08-25,3.431
9095,ES0178430E18,2020-08-26,3.431
9093,ES0178430E18,2020-08-24,3.431
9096,ES0178430E18,2020-08-27,3.431
9097,ES0178430E18,2020-08-28,3.435
9098,ES0178430E18,2020-08-31,3.512
9099,ES0178430E18,2020-09-01,3.39
9100,ES0178430E18,2020-09-02,3.515
9102,ES0178430E18,2020-09-04,3.435
9101,ES0178430E18,2020-09-03,3.247
9105,ES0178430E18,2020-09-09,3.276
9106,ES0178430E18,2020-09-10,3.276
9104,ES0178430E18,2020-09-08,3.247
9107,ES0178430E18,2020-09-11,3.342
9103,ES0178430E18,2020-09-07,3.247
9108,ES0178430E18,2020-09-14,3.296
9110,ES0178430E18,2020-09-16,3.247
9109,ES0178430E18,2020-09-15,3.28
9112,ES0178430E18,2020-09-18,3.311
9111,ES0178430E18,2020-09-17,3.247
9113,ES0178430E18,2020-09-21,3.105
9116,ES0178430E18,2020-09-24,2.954
9117,ES0178430E18,2020-09-25,2.954
9115,ES0178430E18,2020-09-23,2.993
9114,ES0178430E18,2020-09-22,2.993
9118,ES0178430E18,2020-09-28,2.954
9119,ES0178430E18,2020-09-29,2.954
9120,ES0178430E18,2020-09-30,2.873
9121,ES0178430E18,2020-10-01,2.937
9122,ES0178430E18,2020-10-02,2.884
9123,ES0178430E18,2020-10-05,2.873
9124,ES0178430E18,2020-10-06,2.898
9126,ES0178430E18,2020-10-08,3.146
9127,ES0178430E18,2020-10-09,3.146
9129,ES0178430E18,2020-10-13,2.873
9128,ES0178430E18,2020-10-12,3.146
9130,ES0178430E18,2020-10-14,2.937
9131,ES0178430E18,2020-10-15,3.139
9132,ES0178430E18,2020-10-16,3.052
9133,ES0178430E18,2020-10-19,2.873
9125,ES0178430E18,2020-10-07,2.873
9134,ES0178430E18,2020-10-20,3.052
9135,ES0178430E18,2020-10-21,3.024
9136,ES0178430E18,2020-10-22,3.0
9137,ES0178430E18,2020-10-23,3.004
9138,ES0178430E18,2020-10-26,3.075
9139,ES0178430E18,2020-10-27,3.024
9140,ES0178430E18,2020-10-28,3.024
9142,ES0178430E18,2020-10-30,2.814
9141,ES0178430E18,2020-10-29,2.873
9143,ES0178430E18,2020-11-02,2.806
9144,ES0178430E18,2020-11-03,2.898
9145,ES0178430E18,2020-11-04,3.139
9146,ES0178430E18,2020-11-05,2.886
9147,ES0178430E18,2020-11-06,2.894
9149,ES0178430E18,2020-11-10,3.0
9151,ES0178430E18,2020-11-12,3.342
9152,ES0178430E18,2020-11-13,3.341
9153,ES0178430E18,2020-11-16,3.052
9154,ES0178430E18,2020-11-17,3.052
9148,ES0178430E18,2020-11-09,2.794
9150,ES0178430E18,2020-11-11,2.794
9155,ES0178430E18,2020-11-18,3.518
9156,ES0178430E18,2020-11-19,3.518
9157,ES0178430E18,2020-11-20,3.578
9158,ES0178430E18,2020-11-23,3.426
9159,ES0178430E18,2020-11-24,3.296
9160,ES0178430E18,2020-11-25,3.296
9161,ES0178430E18,2020-11-26,3.592
9162,ES0178430E18,2020-11-27,3.695
9163,ES0178430E18,2020-11-30,3.296
9164,ES0178430E18,2020-12-01,3.28
9165,ES0178430E18,2020-12-02,3.68
9166,ES0178430E18,2020-12-03,3.68
9167,ES0178430E18,2020-12-04,3.482
9168,ES0178430E18,2020-12-07,3.667
9169,ES0178430E18,2020-12-08,3.785
9170,ES0178430E18,2020-12-09,3.845
9171,ES0178430E18,2020-12-10,3.856
9172,ES0178430E18,2020-12-11,3.861
9173,ES0178430E18,2020-12-14,3.548
9174,ES0178430E18,2020-12-15,3.526
9175,ES0178430E18,2020-12-16,3.512
9176,ES0178430E18,2020-12-17,3.761
9177,ES0178430E18,2020-12-18,3.427
9178,ES0178430E18,2020-12-21,3.525
9179,ES0178430E18,2020-12-22,3.61
9180,ES0178430E18,2020-12-23,3.323
9183,ES0178430E18,2020-12-29,3.158
9184,ES0178430E18,2020-12-30,3.281
9185,ES0178430E18,2020-12-31,3.281
9186,ES0178430E18,2021-01-01,3.245
9187,ES0178430E18,2021-01-04,3.245
9188,ES0178430E18,2021-01-05,3.299
9189,ES0178430E18,2021-01-06,3.323
9190,ES0178430E18,2021-01-07,3.468
9191,ES0178430E18,2021-01-08,3.39
9192,ES0178430E18,2021-01-11,3.39
9193,ES0178430E18,2021-01-12,3.567
9197,ES0178430E18,2021-01-18,3.947
9200,ES0178430E18,2021-01-21,3.772
9199,ES0178430E18,2021-01-20,3.845
9198,ES0178430E18,2021-01-19,3.735
9201,ES0178430E18,2021-01-22,3.675
9202,ES0178430E18,2021-01-25,3.675
9203,ES0178430E18,2021-01-26,3.587
9204,ES0178430E18,2021-01-27,3.587
9205,ES0178430E18,2021-01-28,3.761
9207,ES0178430E18,2021-02-01,3.554
9208,ES0178430E18,2021-02-02,3.554
9212,ES0178430E18,2021-02-08,3.801
9218,ES0178430E18,2021-02-16,3.763
9229,EU000A1G0D39,2020-03-04,102.45787
9221,ES0178430E18,2021-02-19,3.779
9219,ES0178430E18,2021-02-17,3.853
9220,ES0178430E18,2021-02-18,3.769
9230,EU000A1G0D39,2020-03-05,102.509567
9231,EU000A1G0D39,2020-03-06,102.509567
9222,ES0178430E18,2021-02-22,3.606
9223,ES0178430E18,2021-02-23,3.734
9232,EU000A1G0D39,2020-03-09,102.509567
9233,EU000A1G0D39,2020-03-10,102.473091
9224,ES0178430E18,2021-02-24,3.674
9225,ES0178430E18,2021-02-25,3.64
9226,ES0178430E18,2021-02-26,3.64
9234,EU000A1G0D39,2020-03-11,102.473091
9235,EU000A1G0D39,2020-03-12,102.498909
9236,EU000A1G0D39,2020-03-13,102.509567
9237,EU000A1G0D39,2020-03-16,102.373222
9238,EU000A1G0D39,2020-03-17,101.856606
9239,EU000A1G0D39,2020-03-18,101.798393
9240,EU000A1G0D39,2020-03-19,101.421555
9242,EU000A1G0D39,2020-03-23,101.421555
9241,EU000A1G0D39,2020-03-20,101.421555
9243,EU000A1G0D39,2020-03-24,101.246826
9246,EU000A1G0D39,2020-03-27,101.091507
9247,EU000A1G0D39,2020-03-30,101.091507
9248,EU000A1G0D39,2020-03-31,101.681076
9249,EU000A1G0D39,2020-04-01,101.487396
9251,EU000A1G0D39,2020-04-03,101.414711
9250,EU000A1G0D39,2020-04-02,101.487396
9245,EU000A1G0D39,2020-03-26,101.257028
9252,EU000A1G0D39,2020-04-06,101.414711
9253,EU000A1G0D39,2020-04-07,101.363068
9254,EU000A1G0D39,2020-04-08,101.200836
9260,EU000A1G0D39,2020-04-16,101.472511
9268,EU000A1G0D39,2020-04-28,101.347527
9269,EU000A1G0D39,2020-04-29,101.347527
9270,EU000A1G0D39,2020-04-30,101.542351
9271,EU000A1G0D39,2020-05-01,101.79512
9272,EU000A1G0D39,2020-05-04,101.499336
9273,EU000A1G0D39,2020-05-05,101.781929
9274,EU000A1G0D39,2020-05-06,101.871643
9275,EU000A1G0D39,2020-05-07,101.781929
9276,EU000A1G0D39,2020-05-08,101.781906
9277,EU000A1G0D39,2020-05-11,101.820908
9255,EU000A1G0D39,2020-04-09,101.194771
9278,EU000A1G0D39,2020-05-12,101.781906
9279,EU000A1G0D39,2020-05-13,101.820908
9280,EU000A1G0D39,2020-05-14,101.820908
9281,EU000A1G0D39,2020-05-15,101.781906
9283,EU000A1G0D39,2020-05-19,101.83358
9282,EU000A1G0D39,2020-05-18,101.83358
9285,EU000A1G0D39,2020-05-21,101.823097
9284,EU000A1G0D39,2020-05-20,101.779999
9286,EU000A1G0D39,2020-05-22,101.823097
9287,EU000A1G0D39,2020-05-25,101.892509
9288,EU000A1G0D39,2020-05-26,101.892509
9289,EU000A1G0D39,2020-05-27,101.91378
9290,EU000A1G0D39,2020-05-28,101.908936
9291,EU000A1G0D39,2020-05-29,101.908936
9292,EU000A1G0D39,2020-06-01,101.936043
9294,EU000A1G0D39,2020-06-03,102.003922
9293,EU000A1G0D39,2020-06-02,101.996315
9295,EU000A1G0D39,2020-06-04,101.996315
9296,EU000A1G0D39,2020-06-05,102.003922
9297,EU000A1G0D39,2020-06-08,101.996315
9298,EU000A1G0D39,2020-06-09,101.996315
9299,EU000A1G0D39,2020-06-10,101.957817
9300,EU000A1G0D39,2020-06-11,101.972618
9301,EU000A1G0D39,2020-06-12,102.027466
9302,EU000A1G0D39,2020-06-15,102.059372
9303,EU000A1G0D39,2020-06-16,102.075165
9304,EU000A1G0D39,2020-06-17,102.09436
9305,EU000A1G0D39,2020-06-18,102.075165
9306,EU000A1G0D39,2020-06-19,102.103081
9308,EU000A1G0D39,2020-06-23,102.173203
9307,EU000A1G0D39,2020-06-22,102.173203
9309,EU000A1G0D39,2020-06-24,102.173203
9310,EU000A1G0D39,2020-06-25,102.173203
9311,EU000A1G0D39,2020-06-26,102.153702
9312,EU000A1G0D39,2020-06-29,102.186516
9313,EU000A1G0D39,2020-06-30,102.179047
9314,EU000A1G0D39,2020-07-01,102.212128
9315,EU000A1G0D39,2020-07-02,102.294197
9316,EU000A1G0D39,2020-07-03,102.231209
9317,EU000A1G0D39,2020-07-06,102.231209
9318,EU000A1G0D39,2020-07-07,102.182518
9321,EU000A1G0D39,2020-07-10,102.182518
9320,EU000A1G0D39,2020-07-09,102.182518
9319,EU000A1G0D39,2020-07-08,102.182518
9322,EU000A1G0D39,2020-07-13,102.182518
9323,EU000A1G0D39,2020-07-14,102.182518
9324,EU000A1G0D39,2020-07-15,102.182518
9325,EU000A1G0D39,2020-07-16,102.182518
9326,EU000A1G0D39,2020-07-17,102.182518
9327,EU000A1G0D39,2020-07-20,102.181519
9328,EU000A1G0D39,2020-07-21,101.961685
9329,EU000A1G0D39,2020-07-22,102.146317
9330,EU000A1G0D39,2020-07-23,102.182518
9331,EU000A1G0D39,2020-07-24,102.245033
9332,EU000A1G0D39,2020-07-27,102.179016
9333,EU000A1G0D39,2020-07-28,102.21151
9334,EU000A1G0D39,2020-07-29,102.245033
9335,EU000A1G0D39,2020-07-30,102.205933
9336,EU000A1G0D39,2020-07-31,102.003922
9337,EU000A1G0D39,2020-08-03,102.208672
9338,EU000A1G0D39,2020-08-04,102.162109
9339,EU000A1G0D39,2020-08-05,102.189491
9340,EU000A1G0D39,2020-08-06,102.120934
9341,EU000A1G0D39,2020-08-07,102.132729
9342,EU000A1G0D39,2020-08-10,102.132729
9343,EU000A1G0D39,2020-08-11,102.181519
9344,EU000A1G0D39,2020-08-12,102.187988
9345,EU000A1G0D39,2020-08-13,102.057289
9346,EU000A1G0D39,2020-08-14,102.057289
9348,EU000A1G0D39,2020-08-18,102.057289
9347,EU000A1G0D39,2020-08-17,102.057289
9349,EU000A1G0D39,2020-08-19,102.02079
9350,EU000A1G0D39,2020-08-20,102.245033
9351,EU000A1G0D39,2020-08-21,102.245033
9352,EU000A1G0D39,2020-08-24,102.075165
9354,EU000A1G0D39,2020-08-26,102.15731
9353,EU000A1G0D39,2020-08-25,102.139076
9362,EU000A1G0D39,2020-09-07,102.191513
9363,EU000A1G0D39,2020-09-08,102.239708
9364,EU000A1G0D39,2020-09-09,102.231819
9366,EU000A1G0D39,2020-09-11,102.103622
9367,EU000A1G0D39,2020-09-14,102.103622
9368,EU000A1G0D39,2020-09-15,102.177559
9369,EU000A1G0D39,2020-09-16,102.177559
9371,EU000A1G0D39,2020-09-18,102.208672
9370,EU000A1G0D39,2020-09-17,102.213051
9378,EU000A1G0D39,2020-09-29,102.226608
9379,EU000A1G0D39,2020-09-30,102.208672
9380,EU000A1G0D39,2020-10-01,102.203308
9381,EU000A1G0D39,2020-10-02,102.203308
9382,EU000A1G0D39,2020-10-05,102.219643
9384,EU000A1G0D39,2020-10-07,102.213165
9383,EU000A1G0D39,2020-10-06,102.213165
9385,EU000A1G0D39,2020-10-08,102.213165
9389,EU000A1G0D39,2020-10-14,102.271072
9390,EU000A1G0D39,2020-10-15,102.280396
9391,EU000A1G0D39,2020-10-16,102.298912
9392,EU000A1G0D39,2020-10-19,102.314468
9393,EU000A1G0D39,2020-10-20,102.314468
9394,EU000A1G0D39,2020-10-21,102.323677
9395,EU000A1G0D39,2020-10-22,102.323677
9396,EU000A1G0D39,2020-10-23,102.259682
9397,EU000A1G0D39,2020-10-26,102.250404
9398,EU000A1G0D39,2020-10-27,102.280396
9400,EU000A1G0D39,2020-10-29,102.307365
9399,EU000A1G0D39,2020-10-28,102.298912
9401,EU000A1G0D39,2020-10-30,102.307365
9402,EU000A1G0D39,2020-11-02,102.333305
9405,EU000A1G0D39,2020-11-05,102.333305
9406,EU000A1G0D39,2020-11-06,102.309143
9404,EU000A1G0D39,2020-11-04,102.338295
9403,EU000A1G0D39,2020-11-03,102.333305
9407,EU000A1G0D39,2020-11-09,102.298912
9408,EU000A1G0D39,2020-11-10,102.309143
9409,EU000A1G0D39,2020-11-11,102.210152
9410,EU000A1G0D39,2020-11-12,102.168777
9411,EU000A1G0D39,2020-11-13,102.189819
9412,EU000A1G0D39,2020-11-16,102.168777
9413,EU000A1G0D39,2020-11-17,102.189819
9414,EU000A1G0D39,2020-11-18,102.177612
9415,EU000A1G0D39,2020-11-19,102.309143
9416,EU000A1G0D39,2020-11-20,102.271072
9417,EU000A1G0D39,2020-11-23,102.271072
9418,EU000A1G0D39,2020-11-24,102.280396
9420,EU000A1G0D39,2020-11-26,102.280396
9419,EU000A1G0D39,2020-11-25,102.280396
9421,EU000A1G0D39,2020-11-27,102.199326
9422,EU000A1G0D39,2020-11-30,102.199326
9424,EU000A1G0D39,2020-12-02,102.205322
9423,EU000A1G0D39,2020-12-01,102.199326
9425,EU000A1G0D39,2020-12-03,102.213242
9426,EU000A1G0D39,2020-12-04,102.23838
9427,EU000A1G0D39,2020-12-07,102.246361
9428,EU000A1G0D39,2020-12-08,102.271072
9429,EU000A1G0D39,2020-12-09,102.280396
9430,EU000A1G0D39,2020-12-10,102.280396
9431,EU000A1G0D39,2020-12-11,102.298912
9432,EU000A1G0D39,2020-12-14,102.298912
9433,EU000A1G0D39,2020-12-15,102.298912
9434,EU000A1G0D39,2020-12-16,102.255676
9435,EU000A1G0D39,2020-12-17,102.199547
9436,EU000A1G0D39,2020-12-18,102.185913
9437,EU000A1G0D39,2020-12-21,102.16539
9439,EU000A1G0D39,2020-12-23,102.116692
9438,EU000A1G0D39,2020-12-22,102.16539
9440,EU000A1G0D39,2020-12-24,102.144714
9441,EU000A1G0D39,2020-12-28,102.057289
9443,EU000A1G0D39,2020-12-30,102.045525
9442,EU000A1G0D39,2020-12-29,102.045525
9444,EU000A1G0D39,2020-12-31,102.125336
9445,EU000A1G0D39,2021-01-01,102.125
9446,EU000A1G0D39,2021-01-04,102.125336
9447,EU000A1G0D39,2021-01-05,102.136238
9448,EU000A1G0D39,2021-01-06,102.136238
9449,EU000A1G0D39,2021-01-07,102.104279
9450,EU000A1G0D39,2021-01-08,102.068871
9452,EU000A1G0D39,2021-01-12,102.068871
9451,EU000A1G0D39,2021-01-11,102.068871
9453,EU000A1G0D39,2021-01-13,102.041779
9454,EU000A1G0D39,2021-01-14,102.168381
9455,EU000A1G0D39,2021-01-15,102.15744
9457,EU000A1G0D39,2021-01-19,102.127724
9458,EU000A1G0D39,2021-01-20,102.127724
9465,EU000A1G0D39,2021-01-29,102.146317
9466,EU000A1G0D39,2021-02-01,102.109344
9470,EU000A1G0D39,2021-02-05,102.049698
9471,EU000A1G0D39,2021-02-08,102.099754
9473,EU000A1G0D39,2021-02-10,102.021294
9474,EU000A1G0D39,2021-02-11,102.021294
9468,EU000A1G0D39,2021-02-03,102.074364
9475,EU000A1G0D39,2021-02-12,102.034798
9476,EU000A1G0D39,2021-02-15,102.0345
9477,EU000A1G0D39,2021-02-16,101.99604
9478,EU000A1G0D39,2021-02-17,102.0345
9486,EU000A1U9985,2020-03-02,101.497398
9488,EU000A1U9985,2020-03-04,101.232697
9487,EU000A1U9985,2020-03-03,101.57222
9489,EU000A1U9985,2020-03-05,101.606453
9490,EU000A1U9985,2020-03-06,101.375534
9496,EU000A1U9985,2020-03-16,101.276108
9497,EU000A1U9985,2020-03-17,101.233643
9498,EU000A1U9985,2020-03-18,101.233643
9499,EU000A1U9985,2020-03-19,100.936928
9528,EU000A1U9985,2020-04-29,100.828346
9544,EU000A1U9985,2020-05-21,100.999985
9546,EU000A1U9985,2020-05-25,100.9767
9545,EU000A1U9985,2020-05-22,100.930443
9543,EU000A1U9985,2020-05-20,100.925125
9548,EU000A1U9985,2020-05-27,100.968575
9547,EU000A1U9985,2020-05-26,100.9767
9551,EU000A1U9985,2020-06-01,101.035255
9552,EU000A1U9985,2020-06-02,101.03714
9553,EU000A1U9985,2020-06-03,101.056015
9554,EU000A1U9985,2020-06-04,101.03714
9555,EU000A1U9985,2020-06-05,101.03714
9556,EU000A1U9985,2020-06-08,101.065254
9557,EU000A1U9985,2020-06-09,101.03714
9558,EU000A1U9985,2020-06-10,101.071381
9559,EU000A1U9985,2020-06-11,101.071381
9560,EU000A1U9985,2020-06-12,101.071381
9561,EU000A1U9985,2020-06-15,101.065254
9562,EU000A1U9985,2020-06-16,101.071381
9564,EU000A1U9985,2020-06-18,101.027382
9563,EU000A1U9985,2020-06-17,101.071381
9565,EU000A1U9985,2020-06-19,101.107582
9567,EU000A1U9985,2020-06-23,101.056679
9566,EU000A1U9985,2020-06-22,101.056679
9568,EU000A1U9985,2020-06-24,101.088776
9569,EU000A1U9985,2020-06-25,101.088776
9570,EU000A1U9985,2020-06-26,101.107582
9571,EU000A1U9985,2020-06-29,101.216309
9572,EU000A1U9985,2020-06-30,101.155708
9573,EU000A1U9985,2020-07-01,101.228081
9574,EU000A1U9985,2020-07-02,101.193336
9575,EU000A1U9985,2020-07-03,101.216309
9576,EU000A1U9985,2020-07-06,101.216309
9577,EU000A1U9985,2020-07-07,101.185814
9578,EU000A1U9985,2020-07-08,101.18634
9579,EU000A1U9985,2020-07-09,101.18634
9581,EU000A1U9985,2020-07-13,101.183495
9580,EU000A1U9985,2020-07-10,101.183495
9582,EU000A1U9985,2020-07-14,101.183495
9584,EU000A1U9985,2020-07-16,101.188812
9583,EU000A1U9985,2020-07-15,101.188812
9585,EU000A1U9985,2020-07-17,101.183495
9586,EU000A1U9985,2020-07-20,101.183495
9587,EU000A1U9985,2020-07-21,101.128586
9589,EU000A1U9985,2020-07-23,101.189964
9588,EU000A1U9985,2020-07-22,101.154305
9590,EU000A1U9985,2020-07-24,101.188812
9591,EU000A1U9985,2020-07-27,101.189964
9592,EU000A1U9985,2020-07-28,101.211235
9593,EU000A1U9985,2020-07-29,101.230003
9594,EU000A1U9985,2020-07-30,101.230003
9595,EU000A1U9985,2020-07-31,101.203819
9596,EU000A1U9985,2020-08-03,101.221413
9597,EU000A1U9985,2020-08-04,101.215958
9598,EU000A1U9985,2020-08-05,101.215958
9599,EU000A1U9985,2020-08-06,101.194595
9600,EU000A1U9985,2020-08-07,101.194595
9601,EU000A1U9985,2020-08-10,101.2015
9602,EU000A1U9985,2020-08-11,101.189964
9604,EU000A1U9985,2020-08-13,101.154915
9603,EU000A1U9985,2020-08-12,101.155876
9605,EU000A1U9985,2020-08-14,101.173332
9606,EU000A1U9985,2020-08-17,101.2015
9607,EU000A1U9985,2020-08-18,101.189964
9608,EU000A1U9985,2020-08-19,101.189964
9609,EU000A1U9985,2020-08-20,101.211235
9610,EU000A1U9985,2020-08-21,101.230003
9611,EU000A1U9985,2020-08-24,101.222832
9612,EU000A1U9985,2020-08-25,101.190536
9613,EU000A1U9985,2020-08-26,101.169701
9616,EU000A1U9985,2020-08-31,101.151108
9617,EU000A1U9985,2020-09-01,101.2015
9618,EU000A1U9985,2020-09-02,101.211235
9621,EU000A1U9985,2020-09-07,101.222832
9622,EU000A1U9985,2020-09-08,101.203819
9623,EU000A1U9985,2020-09-09,101.221413
9625,EU000A1U9985,2020-09-11,101.203819
9624,EU000A1U9985,2020-09-10,101.190536
9626,EU000A1U9985,2020-09-14,101.221413
9627,EU000A1U9985,2020-09-15,101.215958
9628,EU000A1U9985,2020-09-16,101.234001
9629,EU000A1U9985,2020-09-17,101.203819
9630,EU000A1U9985,2020-09-18,101.221413
9631,EU000A1U9985,2020-09-21,101.194595
9632,EU000A1U9985,2020-09-22,101.216003
9633,EU000A1U9985,2020-09-23,101.273941
9634,EU000A1U9985,2020-09-24,101.273941
9635,EU000A1U9985,2020-09-25,101.224869
9636,EU000A1U9985,2020-09-28,101.194595
9637,EU000A1U9985,2020-09-29,101.201256
9638,EU000A1U9985,2020-09-30,101.230591
9639,EU000A1U9985,2020-10-01,101.230591
9640,EU000A1U9985,2020-10-02,101.237862
9641,EU000A1U9985,2020-10-05,101.237862
9642,EU000A1U9985,2020-10-06,101.237862
9643,EU000A1U9985,2020-10-07,101.237862
9645,EU000A1U9985,2020-10-09,101.201256
9644,EU000A1U9985,2020-10-08,101.23484
9646,EU000A1U9985,2020-10-12,101.230591
9647,EU000A1U9985,2020-10-13,101.237862
9648,EU000A1U9985,2020-10-14,101.230591
9649,EU000A1U9985,2020-10-15,101.237862
9650,EU000A1U9985,2020-10-16,101.275604
9651,EU000A1U9985,2020-10-19,101.275604
9653,EU000A1U9985,2020-10-21,101.256165
9652,EU000A1U9985,2020-10-20,101.284637
9654,EU000A1U9985,2020-10-22,101.256165
9655,EU000A1U9985,2020-10-23,101.256165
9656,EU000A1U9985,2020-10-26,101.253677
9658,EU000A1U9985,2020-10-28,101.275604
9657,EU000A1U9985,2020-10-27,101.253677
9659,EU000A1U9985,2020-10-29,101.252777
9661,EU000A1U9985,2020-11-02,101.299568
9660,EU000A1U9985,2020-10-30,101.301231
9662,EU000A1U9985,2020-11-03,101.299568
9663,EU000A1U9985,2020-11-04,101.299568
9665,EU000A1U9985,2020-11-06,101.251183
9664,EU000A1U9985,2020-11-05,101.299568
9666,EU000A1U9985,2020-11-09,101.279747
9667,EU000A1U9985,2020-11-10,101.253677
9668,EU000A1U9985,2020-11-11,101.209824
9669,EU000A1U9985,2020-11-12,101.209824
9670,EU000A1U9985,2020-11-13,101.209824
9671,EU000A1U9985,2020-11-16,101.209824
9672,EU000A1U9985,2020-11-17,101.299568
9673,EU000A1U9985,2020-11-18,101.257202
9674,EU000A1U9985,2020-11-19,101.235413
9675,EU000A1U9985,2020-11-20,101.257202
9676,EU000A1U9985,2020-11-23,101.257202
9677,EU000A1U9985,2020-11-24,101.257202
9678,EU000A1U9985,2020-11-25,101.217163
9679,EU000A1U9985,2020-11-26,101.217163
9680,EU000A1U9985,2020-11-27,101.217163
9681,EU000A1U9985,2020-11-30,101.217163
9682,EU000A1U9985,2020-12-01,101.211555
9683,EU000A1U9985,2020-12-02,101.154915
9684,EU000A1U9985,2020-12-03,101.154915
9685,EU000A1U9985,2020-12-04,101.154915
9686,EU000A1U9985,2020-12-07,101.213509
9687,EU000A1U9985,2020-12-08,101.213509
9688,EU000A1U9985,2020-12-09,101.213509
9689,EU000A1U9985,2020-12-10,101.238663
9690,EU000A1U9985,2020-12-11,101.230453
9691,EU000A1U9985,2020-12-14,101.238663
9693,EU000A1U9985,2020-12-16,101.23059
9692,EU000A1U9985,2020-12-15,101.230591
9694,EU000A1U9985,2020-12-17,101.19878
9695,EU000A1U9985,2020-12-18,101.19878
9696,EU000A1U9985,2020-12-21,101.17858
9697,EU000A1U9985,2020-12-22,101.17858
9698,EU000A1U9985,2020-12-23,101.13929
9699,EU000A1U9985,2020-12-24,101.15527
9700,EU000A1U9985,2020-12-28,101.18768
9701,EU000A1U9985,2020-12-29,101.18768
9702,EU000A1U9985,2020-12-30,101.18768
9703,EU000A1U9985,2020-12-31,101.21351
9705,EU000A1U9985,2021-01-04,101.14548
9704,EU000A1U9985,2021-01-01,101.21351
9706,EU000A1U9985,2021-01-05,101.17908
9707,EU000A1U9985,2021-01-06,101.1697
9708,EU000A1U9985,2021-01-07,101.1697
9709,EU000A1U9985,2021-01-08,101.1697
9710,EU000A1U9985,2021-01-11,101.1697
9711,EU000A1U9985,2021-01-12,101.13319
9712,EU000A1U9985,2021-01-13,101.216
9745,FI0009000681,2020-03-02,3.67
9747,FI0009000681,2020-03-04,3.402
9746,FI0009000681,2020-03-03,3.67
9750,FI0009000681,2020-03-09,3.174
9748,FI0009000681,2020-03-05,3.399
9749,FI0009000681,2020-03-06,3.327
9752,FI0009000681,2020-03-11,2.853
9751,FI0009000681,2020-03-10,2.945
9753,FI0009000681,2020-03-12,3.174
9754,FI0009000681,2020-03-13,2.392
9755,FI0009000681,2020-03-16,2.323
9756,FI0009000681,2020-03-17,2.323
9757,FI0009000681,2020-03-18,2.3235
9758,FI0009000681,2020-03-19,2.3235
9759,FI0009000681,2020-03-20,2.3235
9761,FI0009000681,2020-03-24,2.484
9760,FI0009000681,2020-03-23,3.25
9762,FI0009000681,2020-03-25,2.7535
9763,FI0009000681,2020-03-26,2.844
9765,FI0009000681,2020-03-30,2.681
9767,FI0009000681,2020-04-01,3.151
9766,FI0009000681,2020-03-31,2.7375
9770,FI0009000681,2020-04-06,2.869
9768,FI0009000681,2020-04-02,2.759
9771,FI0009000681,2020-04-07,2.784
9769,FI0009000681,2020-04-03,2.759
9772,FI0009000681,2020-04-08,2.784
9773,FI0009000681,2020-04-09,2.9695
9764,FI0009000681,2020-03-27,3.1255
9782,FI0009000681,2020-04-22,3.188
9783,FI0009000681,2020-04-23,3.2245
9784,FI0009000681,2020-04-24,3.163
9785,FI0009000681,2020-04-27,3.0855
9786,FI0009000681,2020-04-28,3.1255
9791,FI0009000681,2020-05-05,3.2405
9789,FI0009000681,2020-05-01,3.324
9787,FI0009000681,2020-04-29,3.1595
9788,FI0009000681,2020-04-30,3.2625
9792,FI0009000681,2020-05-06,3.2185
9793,FI0009000681,2020-05-07,3.222
9794,FI0009000681,2020-05-08,3.2765
9795,FI0009000681,2020-05-11,3.2945
9796,FI0009000681,2020-05-12,3.3165
9797,FI0009000681,2020-05-13,3.2867
9798,FI0009000681,2020-05-14,3.2828
9799,FI0009000681,2020-05-15,3.2828
9801,FI0009000681,2020-05-19,3.2828
9802,FI0009000681,2020-05-20,3.447
9800,FI0009000681,2020-05-18,3.2828
9803,FI0009000681,2020-05-21,3.4023
9804,FI0009000681,2020-05-22,3.4023
9805,FI0009000681,2020-05-25,3.5845
9806,FI0009000681,2020-05-26,3.4995
9807,FI0009000681,2020-05-27,3.538
9808,FI0009000681,2020-05-28,3.46
9809,FI0009000681,2020-05-29,3.3191
9810,FI0009000681,2020-06-01,3.5655
9811,FI0009000681,2020-06-02,3.7265
9812,FI0009000681,2020-06-03,3.827
9813,FI0009000681,2020-06-04,3.7695
9814,FI0009000681,2020-06-05,3.8095
9815,FI0009000681,2020-06-08,3.946
9816,FI0009000681,2020-06-09,3.9685
9818,FI0009000681,2020-06-11,3.8995
9817,FI0009000681,2020-06-10,3.963
9824,FI0009000681,2020-06-19,3.835
9826,FI0009000681,2020-06-23,3.6465
9827,FI0009000681,2020-06-24,3.445
9825,FI0009000681,2020-06-22,4.06
9828,FI0009000681,2020-06-25,3.6465
9829,FI0009000681,2020-06-26,3.6465
9830,FI0009000681,2020-06-29,3.4945
9831,FI0009000681,2020-06-30,3.8835
9832,FI0009000681,2020-07-01,3.8885
9833,FI0009000681,2020-07-02,3.8615
9834,FI0009000681,2020-07-03,3.973
9835,FI0009000681,2020-07-06,3.973
9836,FI0009000681,2020-07-07,4.1645
9837,FI0009000681,2020-07-08,3.7795
9838,FI0009000681,2020-07-09,3.893
9839,FI0009000681,2020-07-10,3.4945
9840,FI0009000681,2020-07-13,3.402
9841,FI0009000681,2020-07-14,3.399
9843,FI0009000681,2020-07-16,3.893
9842,FI0009000681,2020-07-15,3.76
9844,FI0009000681,2020-07-17,3.839
9846,FI0009000681,2020-07-21,3.868
9845,FI0009000681,2020-07-20,3.868
9848,FI0009000681,2020-07-23,3.855
9847,FI0009000681,2020-07-22,3.8785
9849,FI0009000681,2020-07-24,3.855
9850,FI0009000681,2020-07-27,3.8105
9851,FI0009000681,2020-07-28,3.7735
9852,FI0009000681,2020-07-29,3.9275
9853,FI0009000681,2020-07-30,3.677
9854,FI0009000681,2020-07-31,3.9275
9857,FI0009000681,2020-08-05,3.868
9855,FI0009000681,2020-08-03,4.06
9858,FI0009000681,2020-08-06,4.25
9856,FI0009000681,2020-08-04,4.2755
9859,FI0009000681,2020-08-07,4.19
9860,FI0009000681,2020-08-10,4.19
9861,FI0009000681,2020-08-11,4.25
9862,FI0009000681,2020-08-12,4.22
9863,FI0009000681,2020-08-13,4.257
9864,FI0009000681,2020-08-14,4.161
9866,FI0009000681,2020-08-18,4.2565
9867,FI0009000681,2020-08-19,4.2565
9865,FI0009000681,2020-08-17,4.211
9868,FI0009000681,2020-08-20,4.2415
9869,FI0009000681,2020-08-21,4.19
9870,FI0009000681,2020-08-24,4.2135
9871,FI0009000681,2020-08-25,4.2135
9872,FI0009000681,2020-08-26,4.229
9873,FI0009000681,2020-08-27,4.229
9874,FI0009000681,2020-08-28,4.2375
9875,FI0009000681,2020-08-31,4.173
9877,FI0009000681,2020-09-02,4.229
9876,FI0009000681,2020-09-01,4.0725
9878,FI0009000681,2020-09-03,3.996
9879,FI0009000681,2020-09-04,4.24
9880,FI0009000681,2020-09-07,3.7645
9881,FI0009000681,2020-09-08,3.6415
9882,FI0009000681,2020-09-09,3.5705
9883,FI0009000681,2020-09-10,3.575
9885,FI0009000681,2020-09-14,3.575
9884,FI0009000681,2020-09-11,3.575
9888,FI0009000681,2020-09-17,3.527
9886,FI0009000681,2020-09-15,3.502
9889,FI0009000681,2020-09-18,3.5075
9887,FI0009000681,2020-09-16,3.5215
9890,FI0009000681,2020-09-21,3.4835
9891,FI0009000681,2020-09-22,3.3365
9893,FI0009000681,2020-09-24,3.3815
9892,FI0009000681,2020-09-23,3.356
9894,FI0009000681,2020-09-25,3.3815
9895,FI0009000681,2020-09-28,3.3365
9896,FI0009000681,2020-09-29,3.242
9897,FI0009000681,2020-09-30,3.356
9898,FI0009000681,2020-10-01,3.3191
9899,FI0009000681,2020-10-02,3.35
9900,FI0009000681,2020-10-05,3.35
9901,FI0009000681,2020-10-06,3.266
9902,FI0009000681,2020-10-07,3.287
9903,FI0009000681,2020-10-08,3.35
9904,FI0009000681,2020-10-09,3.422
9905,FI0009000681,2020-10-12,3.5515
9906,FI0009000681,2020-10-13,3.538
9907,FI0009000681,2020-10-14,3.537
9908,FI0009000681,2020-10-15,3.579
9909,FI0009000681,2020-10-16,3.42
9910,FI0009000681,2020-10-19,3.7265
9911,FI0009000681,2020-10-20,3.4655
9913,FI0009000681,2020-10-22,3.5665
9912,FI0009000681,2020-10-21,3.572
9914,FI0009000681,2020-10-23,3.4155
9915,FI0009000681,2020-10-26,3.601
9916,FI0009000681,2020-10-27,3.601
9917,FI0009000681,2020-10-28,3.56
9918,FI0009000681,2020-10-29,3.56
9919,FI0009000681,2020-10-30,3.27
9920,FI0009000681,2020-11-02,2.81
9921,FI0009000681,2020-11-03,3.31
9923,FI0009000681,2020-11-05,2.81
9926,FI0009000681,2020-11-10,3.09
9924,FI0009000681,2020-11-06,3.01
9958,FI0009000681,2020-12-24,3.179
9959,FI0009000681,2020-12-28,3.2008
9963,FI0009000681,2021-01-01,3.1772
9964,FI0009000681,2021-01-04,3.1772
9965,FI0009000681,2021-01-05,3.1645
9922,FI0009000681,2020-11-04,3.79
9985,FI0009000681,2021-02-02,3.964
10057,FI0009003305,2020-05-14,27.73
10058,FI0009003305,2020-05-15,27.73
10003,FI0009000681,2021-02-26,3.438
10074,FI0009003305,2020-06-08,32.89
10076,FI0009003305,2020-06-10,32.57
10077,FI0009003305,2020-06-11,32.09
10075,FI0009003305,2020-06-09,32.57
10078,FI0009003305,2020-06-12,32.09
10079,FI0009003305,2020-06-15,32.09
10080,FI0009003305,2020-06-16,30.57
10082,FI0009003305,2020-06-18,30.57
10081,FI0009003305,2020-06-17,30.57
10083,FI0009003305,2020-06-19,30.06
10084,FI0009003305,2020-06-22,31.13
10085,FI0009003305,2020-06-23,29.74
10086,FI0009003305,2020-06-24,30.06
10088,FI0009003305,2020-06-26,29.74
10087,FI0009003305,2020-06-25,30.62
10089,FI0009003305,2020-06-29,30.66
10090,FI0009003305,2020-06-30,30.51
10091,FI0009003305,2020-07-01,30.66
10092,FI0009003305,2020-07-02,30.28
10093,FI0009003305,2020-07-03,31.9
10094,FI0009003305,2020-07-06,33.25
10095,FI0009003305,2020-07-07,32.12
10096,FI0009003305,2020-07-08,31.9
10097,FI0009003305,2020-07-09,31.87
10098,FI0009003305,2020-07-10,32.57
10099,FI0009003305,2020-07-13,32.43
10100,FI0009003305,2020-07-14,32.54
10101,FI0009003305,2020-07-15,33.4
10102,FI0009003305,2020-07-16,33.4
10103,FI0009003305,2020-07-17,31.61
10104,FI0009003305,2020-07-20,30.06
10105,FI0009003305,2020-07-21,32.96
10106,FI0009003305,2020-07-22,33.4
10107,FI0009003305,2020-07-23,33.5
10108,FI0009003305,2020-07-24,33.2
10109,FI0009003305,2020-07-27,33.0
10110,FI0009003305,2020-07-28,31.4
10111,FI0009003305,2020-07-29,30.7
10112,FI0009003305,2020-07-30,30.1
10113,FI0009003305,2020-07-31,30.6
10116,FI0009003305,2020-08-05,30.1
10114,FI0009003305,2020-08-03,30.7
10115,FI0009003305,2020-08-04,31.4
10117,FI0009003305,2020-08-06,30.1
10118,FI0009003305,2020-08-07,30.4
10119,FI0009003305,2020-08-10,30.3
10120,FI0009003305,2020-08-11,31.2
10122,FI0009003305,2020-08-13,32.5
10121,FI0009003305,2020-08-12,31.8
10123,FI0009003305,2020-08-14,32.5
10124,FI0009003305,2020-08-17,31.2
10125,FI0009003305,2020-08-18,32.2
10126,FI0009003305,2020-08-19,32.5
10128,FI0009003305,2020-08-21,32.5
10127,FI0009003305,2020-08-20,32.8
10129,FI0009003305,2020-08-24,33.3
10130,FI0009003305,2020-08-25,33.4
10131,FI0009003305,2020-08-26,33.9
10132,FI0009003305,2020-08-27,34.3
10133,FI0009003305,2020-08-28,34.1
10134,FI0009003305,2020-08-31,34.2
10135,FI0009003305,2020-09-01,33.7
10136,FI0009003305,2020-09-02,32.8
10137,FI0009003305,2020-09-03,32.5
10138,FI0009003305,2020-09-04,33.7
10139,FI0009003305,2020-09-07,33.7
10140,FI0009003305,2020-09-08,33.6
10141,FI0009003305,2020-09-09,34.3
10142,FI0009003305,2020-09-10,34.2
10144,FI0009003305,2020-09-14,34.8
10143,FI0009003305,2020-09-11,34.2
10145,FI0009003305,2020-09-15,33.7
10146,FI0009003305,2020-09-16,33.9
10147,FI0009003305,2020-09-17,34.3
10148,FI0009003305,2020-09-18,35.0
10149,FI0009003305,2020-09-21,34.7
10150,FI0009003305,2020-09-22,34.7
10152,FI0009003305,2020-09-24,34.7
10151,FI0009003305,2020-09-23,33.5
10153,FI0009003305,2020-09-25,33.2
10154,FI0009003305,2020-09-28,33.2
10155,FI0009003305,2020-09-29,33.2
10156,FI0009003305,2020-09-30,34.2
10157,FI0009003305,2020-10-01,33.9
10158,FI0009003305,2020-10-02,34.2
10159,FI0009003305,2020-10-05,35.0
10160,FI0009003305,2020-10-06,35.0
10161,FI0009003305,2020-10-07,35.5
10163,FI0009003305,2020-10-09,35.9
10162,FI0009003305,2020-10-08,35.5
10164,FI0009003305,2020-10-12,35.9
10165,FI0009003305,2020-10-13,36.1
10167,FI0009003305,2020-10-15,36.0
10166,FI0009003305,2020-10-14,35.8
10168,FI0009003305,2020-10-16,36.0
10170,FI0009003305,2020-10-20,35.8
10169,FI0009003305,2020-10-19,36.0
10171,FI0009003305,2020-10-21,35.6
10173,FI0009003305,2020-10-23,35.6
10172,FI0009003305,2020-10-22,35.8
10174,FI0009003305,2020-10-26,35.4
10175,FI0009003305,2020-10-27,34.3
10176,FI0009003305,2020-10-28,35.4
10177,FI0009003305,2020-10-29,33.2
10178,FI0009003305,2020-10-30,34.3
10179,FI0009003305,2020-11-02,30.6
10180,FI0009003305,2020-11-03,30.6
10181,FI0009003305,2020-11-04,30.6
10182,FI0009003305,2020-11-05,30.7
10183,FI0009003305,2020-11-06,31.6
10184,FI0009003305,2020-11-09,30.6
10185,FI0009003305,2020-11-10,36.4
10186,FI0009003305,2020-11-11,37.7
10187,FI0009003305,2020-11-12,37.7
10188,FI0009003305,2020-11-13,37.7
10189,FI0009003305,2020-11-16,37.7
10190,FI0009003305,2020-11-17,36.8
10191,FI0009003305,2020-11-18,36.8
10193,FI0009003305,2020-11-20,36.5
10192,FI0009003305,2020-11-19,36.5
10194,FI0009003305,2020-11-23,35.9
10195,FI0009003305,2020-11-24,33.2
10196,FI0009003305,2020-11-25,35.4
10197,FI0009003305,2020-11-26,35.6
10198,FI0009003305,2020-11-27,35.8
10199,FI0009003305,2020-11-30,35.8
10200,FI0009003305,2020-12-01,35.6
10201,FI0009003305,2020-12-02,36.23
10202,FI0009003305,2020-12-03,36.23
10203,FI0009003305,2020-12-04,36.23
10204,FI0009003305,2020-12-07,35.89
10205,FI0009003305,2020-12-08,35.53
10206,FI0009003305,2020-12-09,35.34
10207,FI0009003305,2020-12-10,35.53
10208,FI0009003305,2020-12-11,33.75
10209,FI0009003305,2020-12-14,32.89
10210,FI0009003305,2020-12-15,32.89
10211,FI0009003305,2020-12-16,34.71
10212,FI0009003305,2020-12-17,32.54
10213,FI0009003305,2020-12-18,32.4
10214,FI0009003305,2020-12-21,34.4
10215,FI0009003305,2020-12-22,33.92
10216,FI0009003305,2020-12-23,34.14
10217,FI0009003305,2020-12-24,34.02
10218,FI0009003305,2020-12-28,34.08
10219,FI0009003305,2020-12-29,34.02
10220,FI0009003305,2020-12-30,34.14
10221,FI0009003305,2020-12-31,34.57
10222,FI0009003305,2021-01-01,34.55
10223,FI0009003305,2021-01-04,34.53
10224,FI0009003305,2021-01-05,34.53
10225,FI0009003305,2021-01-06,34.23
10226,FI0009003305,2021-01-07,34.24
10227,FI0009003305,2021-01-08,35.2
10228,FI0009003305,2021-01-11,34.92
10229,FI0009003305,2021-01-12,34.52
10230,FI0009003305,2021-01-13,34.74
10231,FI0009003305,2021-01-14,34.39
10233,FI0009003305,2021-01-18,35.0
10232,FI0009003305,2021-01-15,35.1
10234,FI0009003305,2021-01-19,35.08
10235,FI0009003305,2021-01-20,34.92
10236,FI0009003305,2021-01-21,35.75
10237,FI0009003305,2021-01-22,35.83
10238,FI0009003305,2021-01-25,35.69
10239,FI0009003305,2021-01-26,35.56
10240,FI0009003305,2021-01-27,34.92
10241,FI0009003305,2021-01-28,35.36
10242,FI0009003305,2021-01-29,35.25
10243,FI0009003305,2021-02-01,34.68
10244,FI0009003305,2021-02-02,35.9
10245,FI0009003305,2021-02-03,35.36
10246,FI0009003305,2021-02-04,34.18
10247,FI0009003305,2021-02-05,34.57
10248,FI0009003305,2021-02-08,32.4
10249,FI0009003305,2021-02-09,32.54
10250,FI0009003305,2021-02-10,32.54
10251,FI0009003305,2021-02-11,36.27
10252,FI0009003305,2021-02-12,36.08
10253,FI0009003305,2021-02-15,34.08
10254,FI0009003305,2021-02-16,36.03
10255,FI0009003305,2021-02-17,36.23
10256,FI0009003305,2021-02-18,33.38
10257,FI0009003305,2021-02-19,36.87
10258,FI0009003305,2021-02-22,36.65
10259,FI0009003305,2021-02-23,36.87
10271,FR0000120271,2020-03-12,30.97
10272,FR0000120271,2020-03-13,30.97
10260,FI0009003305,2021-02-24,36.7
10261,FI0009003305,2021-02-25,36.31
10273,FR0000120271,2020-03-16,26.02
10262,FI0009003305,2021-02-26,36.87
10274,FR0000120271,2020-03-17,26.02
10329,FR0000120271,2020-06-02,34.545
10332,FR0000120271,2020-06-05,36.115
10330,FR0000120271,2020-06-03,34.545
10331,FR0000120271,2020-06-04,35.545
10335,FR0000120271,2020-06-10,37.7
10333,FR0000120271,2020-06-08,38.335
10334,FR0000120271,2020-06-09,38.335
10336,FR0000120271,2020-06-11,37.015
10345,FR0000120271,2020-06-24,36.185
10343,FR0000120271,2020-06-22,37.015
10344,FR0000120271,2020-06-23,35.435
10346,FR0000120271,2020-06-25,34.93
10347,FR0000120271,2020-06-26,35.545
10348,FR0000120271,2020-06-29,35.545
10349,FR0000120271,2020-06-30,34.545
10350,FR0000120271,2020-07-01,35.095
10351,FR0000120271,2020-07-02,35.095
10353,FR0000120271,2020-07-06,34.55
10352,FR0000120271,2020-07-03,34.545
10354,FR0000120271,2020-07-07,33.975
10356,FR0000120271,2020-07-09,34.28
10357,FR0000120271,2020-07-10,34.685
10359,FR0000120271,2020-07-14,33.32
10355,FR0000120271,2020-07-08,34.55
10360,FR0000120271,2020-07-15,33.71
10358,FR0000120271,2020-07-13,33.32
10361,FR0000120271,2020-07-16,34.045
10362,FR0000120271,2020-07-17,34.045
10363,FR0000120271,2020-07-20,33.16
10365,FR0000120271,2020-07-22,33.755
10364,FR0000120271,2020-07-21,33.205
10366,FR0000120271,2020-07-23,32.695
10367,FR0000120271,2020-07-24,32.53
10368,FR0000120271,2020-07-27,32.53
10369,FR0000120271,2020-07-28,32.53
10371,FR0000120271,2020-07-30,32.45
10370,FR0000120271,2020-07-29,32.405
10372,FR0000120271,2020-07-31,32.25
10373,FR0000120271,2020-08-03,32.795
10374,FR0000120271,2020-08-04,32.4
10375,FR0000120271,2020-08-05,33.2
10377,FR0000120271,2020-08-07,32.795
10378,FR0000120271,2020-08-10,33.82
10376,FR0000120271,2020-08-06,33.84
10379,FR0000120271,2020-08-11,32.85
10380,FR0000120271,2020-08-12,34.32
10382,FR0000120271,2020-08-14,33.99
10381,FR0000120271,2020-08-13,34.42
10384,FR0000120271,2020-08-18,34.42
10383,FR0000120271,2020-08-17,33.5
10385,FR0000120271,2020-08-19,32.985
10386,FR0000120271,2020-08-20,32.385
10387,FR0000120271,2020-08-21,32.315
10388,FR0000120271,2020-08-24,32.315
10389,FR0000120271,2020-08-25,33.625
10390,FR0000120271,2020-08-26,33.26
10391,FR0000120271,2020-08-27,33.26
10392,FR0000120271,2020-08-28,33.28
10393,FR0000120271,2020-08-31,33.2
10394,FR0000120271,2020-09-01,33.045
10395,FR0000120271,2020-09-02,33.045
10397,FR0000120271,2020-09-04,33.24
10396,FR0000120271,2020-09-03,32.95
10398,FR0000120271,2020-09-07,34.19
10399,FR0000120271,2020-09-08,34.42
10400,FR0000120271,2020-09-09,32.35
10401,FR0000120271,2020-09-10,32.74
10402,FR0000120271,2020-09-11,33.29
10404,FR0000120271,2020-09-15,32.4
10403,FR0000120271,2020-09-14,33.28
10405,FR0000120271,2020-09-16,33.2
10406,FR0000120271,2020-09-17,31.3
10407,FR0000120271,2020-09-18,32.4
10408,FR0000120271,2020-09-21,33.2
10409,FR0000120271,2020-09-22,32.955
10411,FR0000120271,2020-09-24,32.77
10410,FR0000120271,2020-09-23,33.2
10412,FR0000120271,2020-09-25,32.77
10413,FR0000120271,2020-09-28,33.37
10421,FR0000120271,2020-10-08,29.17
10424,FR0000120271,2020-10-13,29.68
10425,FR0000120271,2020-10-14,29.21
10422,FR0000120271,2020-10-09,29.17
10427,FR0000120271,2020-10-16,28.215
10426,FR0000120271,2020-10-15,29.17
10428,FR0000120271,2020-10-19,29.68
10429,FR0000120271,2020-10-20,28.45
10430,FR0000120271,2020-10-21,28.23
10431,FR0000120271,2020-10-22,27.77
10432,FR0000120271,2020-10-23,27.62
10420,FR0000120271,2020-10-07,29.52
10423,FR0000120271,2020-10-12,29.17
10434,FR0000120271,2020-10-27,27.06
10447,FR0000120271,2020-11-13,32.21
10445,FR0000120271,2020-11-11,33.06
10446,FR0000120271,2020-11-12,32.49
10450,FR0000120271,2020-11-18,32.21
10448,FR0000120271,2020-11-16,32.65
10449,FR0000120271,2020-11-17,32.21
10416,FR0000120271,2020-10-01,29.2
10451,FR0000120271,2020-11-19,32.21
10452,FR0000120271,2020-11-20,32.21
10453,FR0000120271,2020-11-23,33.29
10454,FR0000120271,2020-11-24,34.5
10455,FR0000120271,2020-11-25,38.17
10457,FR0000120271,2020-11-27,34.5
10456,FR0000120271,2020-11-26,38.17
10461,FR0000120271,2020-12-03,36.71
10462,FR0000120271,2020-12-04,36.47
10463,FR0000120271,2020-12-07,33.26
10465,FR0000120271,2020-12-09,37.16
10464,FR0000120271,2020-12-08,37.16
10466,FR0000120271,2020-12-10,36.9
10469,FR0000120271,2020-12-15,37.69
10467,FR0000120271,2020-12-11,37.69
10471,FR0000120271,2020-12-17,37.69
10470,FR0000120271,2020-12-16,37.69
10468,FR0000120271,2020-12-14,37.69
10472,FR0000120271,2020-12-18,36.38
10474,FR0000120271,2020-12-22,35.99
10473,FR0000120271,2020-12-21,37.02
10476,FR0000120271,2020-12-24,34.65
10475,FR0000120271,2020-12-23,34.65
10477,FR0000120271,2020-12-28,37.02
10478,FR0000120271,2020-12-29,34.65
10479,FR0000120271,2020-12-30,35.85
10480,FR0000120271,2020-12-31,35.85
10481,FR0000120271,2021-01-01,35.85
10482,FR0000120271,2021-01-04,35.85
10483,FR0000120271,2021-01-05,34.58
10484,FR0000120271,2021-01-06,34.58
10486,FR0000120271,2021-01-08,37.46
10485,FR0000120271,2021-01-07,37.06
10487,FR0000120271,2021-01-11,37.49
10488,FR0000120271,2021-01-12,36.92
10489,FR0000120271,2021-01-13,37.05
10493,FR0000120271,2021-01-19,36.98
10491,FR0000120271,2021-01-15,37.44
10490,FR0000120271,2021-01-14,37.44
10492,FR0000120271,2021-01-18,37.05
10494,FR0000120271,2021-01-20,36.98
10495,FR0000120271,2021-01-21,37.35
10496,FR0000120271,2021-01-22,36.47
10497,FR0000120271,2021-01-25,36.22
10498,FR0000120271,2021-01-26,35.35
10500,FR0000120271,2021-01-28,35.89
10499,FR0000120271,2021-01-27,35.35
10501,FR0000120271,2021-01-29,35.77
10502,FR0000120271,2021-02-01,35.77
10503,FR0000120271,2021-02-02,35.59
10504,FR0000120271,2021-02-03,34.87
10505,FR0000120271,2021-02-04,35.855
10506,FR0000120271,2021-02-05,34.555
10509,FR0000120271,2021-02-10,34.565
10507,FR0000120271,2021-02-08,34.935
10508,FR0000120271,2021-02-09,35.07
10510,FR0000120271,2021-02-11,34.585
10512,FR0000120271,2021-02-15,34.975
10511,FR0000120271,2021-02-12,35.495
10513,FR0000120271,2021-02-16,35.495
10514,FR0000120271,2021-02-17,34.585
10515,FR0000120271,2021-02-18,35.199
10516,FR0000120271,2021-02-19,36.965
10517,FR0000120271,2021-02-22,36.95
10518,FR0000120271,2021-02-23,37.47
10519,FR0000120271,2021-02-24,38.31
10520,FR0000120271,2021-02-25,36.6
10532,FR0000120578,2020-03-16,73.41
10521,FR0000120271,2021-02-26,37.665
10533,FR0000120578,2020-03-17,76.6
10534,FR0000120578,2020-03-18,88.56
10535,FR0000120578,2020-03-19,76.6
10536,FR0000120578,2020-03-20,76.1
10538,FR0000120578,2020-03-24,72.05
10539,FR0000120578,2020-03-25,74.74
10540,FR0000120578,2020-03-26,76.8
10541,FR0000120578,2020-03-27,77.7
10542,FR0000120578,2020-03-30,77.0
10543,FR0000120578,2020-03-31,77.0
10544,FR0000120578,2020-04-01,83.84
10545,FR0000120578,2020-04-02,78.94
10546,FR0000120578,2020-04-03,78.94
10537,FR0000120578,2020-03-23,73.41
10547,FR0000120578,2020-04-06,83.08
10548,FR0000120578,2020-04-07,84.51
10549,FR0000120578,2020-04-08,84.5
10550,FR0000120578,2020-04-09,84.5
10588,FR0000120578,2020-06-02,86.18
10591,FR0000120578,2020-06-05,88.85
10592,FR0000120578,2020-06-08,89.16
10590,FR0000120578,2020-06-04,88.8
10587,FR0000120578,2020-06-01,86.53
10589,FR0000120578,2020-06-03,93.65
10598,FR0000120578,2020-06-16,89.02
10597,FR0000120578,2020-06-15,89.22
10599,FR0000120578,2020-06-17,93.71
10603,FR0000120578,2020-06-23,91.57
10600,FR0000120578,2020-06-18,94.0
10601,FR0000120578,2020-06-19,93.5
10602,FR0000120578,2020-06-22,93.33
10604,FR0000120578,2020-06-24,92.24
10606,FR0000120578,2020-06-26,91.86
10605,FR0000120578,2020-06-25,92.31
10607,FR0000120578,2020-06-29,91.86
10608,FR0000120578,2020-06-30,87.22
10609,FR0000120578,2020-07-01,87.56
10610,FR0000120578,2020-07-02,86.84
10613,FR0000120578,2020-07-07,88.44
10611,FR0000120578,2020-07-03,90.65
10612,FR0000120578,2020-07-06,91.96
10615,FR0000120578,2020-07-09,91.66
10614,FR0000120578,2020-07-08,88.44
10616,FR0000120578,2020-07-10,91.66
10618,FR0000120578,2020-07-14,89.18
10619,FR0000120578,2020-07-15,91.66
10617,FR0000120578,2020-07-13,90.56
10621,FR0000120578,2020-07-17,91.49
10623,FR0000120578,2020-07-21,91.66
10622,FR0000120578,2020-07-20,93.67
10620,FR0000120578,2020-07-16,90.98
10624,FR0000120578,2020-07-22,93.22
10626,FR0000120578,2020-07-24,91.5
10625,FR0000120578,2020-07-23,91.1
10627,FR0000120578,2020-07-27,90.7
10628,FR0000120578,2020-07-28,91.1
10629,FR0000120578,2020-07-29,92.0
10630,FR0000120578,2020-07-30,91.0
10631,FR0000120578,2020-07-31,88.6
10632,FR0000120578,2020-08-03,88.6
10633,FR0000120578,2020-08-04,90.3
10634,FR0000120578,2020-08-05,88.2
10639,FR0000120578,2020-08-12,92.9
10636,FR0000120578,2020-08-07,86.4
10635,FR0000120578,2020-08-06,87.5
10638,FR0000120578,2020-08-11,93.7
10637,FR0000120578,2020-08-10,91.5
10640,FR0000120578,2020-08-13,88.2
10647,FR0000120578,2020-08-24,86.3
10648,FR0000120578,2020-08-25,87.4
10649,FR0000120578,2020-08-26,87.7
10651,FR0000120578,2020-08-28,89.2
10650,FR0000120578,2020-08-27,87.5
10652,FR0000120578,2020-08-31,89.7
10653,FR0000120578,2020-09-01,86.3
10654,FR0000120578,2020-09-02,90.7
10655,FR0000120578,2020-09-03,88.8
10656,FR0000120578,2020-09-04,84.4
10657,FR0000120578,2020-09-07,83.6
10658,FR0000120578,2020-09-08,85.5
10659,FR0000120578,2020-09-09,85.7
10662,FR0000120578,2020-09-14,87.5
10660,FR0000120578,2020-09-10,88.1
10665,FR0000120578,2020-09-17,88.2
10661,FR0000120578,2020-09-11,86.7
10666,FR0000120578,2020-09-18,88.0
10664,FR0000120578,2020-09-16,87.5
10663,FR0000120578,2020-09-15,88.1
10667,FR0000120578,2020-09-21,88.2
10669,FR0000120578,2020-09-23,84.9
10668,FR0000120578,2020-09-22,84.9
10670,FR0000120578,2020-09-24,87.1
10671,FR0000120578,2020-09-25,86.2
10672,FR0000120578,2020-09-28,87.1
10673,FR0000120578,2020-09-29,86.6
10674,FR0000120578,2020-09-30,86.2
10675,FR0000120578,2020-10-01,84.9
10676,FR0000120578,2020-10-02,83.6
10678,FR0000120578,2020-10-06,84.9
10677,FR0000120578,2020-10-05,86.1
10679,FR0000120578,2020-10-07,83.9
10681,FR0000120578,2020-10-09,85.2
10680,FR0000120578,2020-10-08,85.2
10682,FR0000120578,2020-10-12,83.6
10683,FR0000120578,2020-10-13,85.5
10684,FR0000120578,2020-10-14,85.7
10686,FR0000120578,2020-10-16,86.7
10685,FR0000120578,2020-10-15,88.1
10703,FR0000120578,2020-11-10,84.9
10702,FR0000120578,2020-11-09,83.3
10705,FR0000120578,2020-11-12,87.3
10704,FR0000120578,2020-11-11,84.7
10701,FR0000120578,2020-11-06,85.7
10706,FR0000120578,2020-11-13,87.3
10707,FR0000120578,2020-11-16,85.8
10708,FR0000120578,2020-11-17,85.8
10710,FR0000120578,2020-11-19,87.32
10709,FR0000120578,2020-11-18,86.32
10711,FR0000120578,2020-11-20,85.64
10712,FR0000120578,2020-11-23,85.85
10713,FR0000120578,2020-11-24,82.74
10714,FR0000120578,2020-11-25,84.87
10717,FR0000120578,2020-11-30,84.62
10716,FR0000120578,2020-11-27,84.87
10715,FR0000120578,2020-11-26,84.21
10722,FR0000120578,2020-12-07,82.82
10728,FR0000120578,2020-12-15,81.66
10729,FR0000120578,2020-12-16,76.23
10731,FR0000120578,2020-12-18,78.0
10730,FR0000120578,2020-12-17,77.64
10732,FR0000120578,2020-12-21,79.01
10735,FR0000120578,2020-12-24,78.31
10734,FR0000120578,2020-12-23,79.01
10733,FR0000120578,2020-12-22,78.0
10736,FR0000120578,2020-12-28,78.0
10737,FR0000120578,2020-12-29,78.66
10738,FR0000120578,2020-12-30,78.66
10739,FR0000120578,2020-12-31,78.86
10741,FR0000120578,2021-01-04,78.7
10740,FR0000120578,2021-01-01,78.86
10743,FR0000120578,2021-01-06,79.0
10742,FR0000120578,2021-01-05,79.0
10744,FR0000120578,2021-01-07,78.51
10745,FR0000120578,2021-01-08,78.51
10746,FR0000120578,2021-01-11,78.79
10747,FR0000120578,2021-01-12,78.79
10748,FR0000120578,2021-01-13,78.79
10749,FR0000120578,2021-01-14,78.79
10751,FR0000120578,2021-01-18,81.53
10750,FR0000120578,2021-01-15,80.97
10752,FR0000120578,2021-01-19,78.99
10754,FR0000120578,2021-01-21,79.0
10753,FR0000120578,2021-01-20,78.99
10755,FR0000120578,2021-01-22,79.0
10756,FR0000120578,2021-01-25,79.0
10757,FR0000120578,2021-01-26,81.5
10762,FR0000120578,2021-02-02,78.21
10763,FR0000120578,2021-02-03,78.6
10764,FR0000120578,2021-02-04,77.73
10765,FR0000120578,2021-02-05,78.83
10766,FR0000120578,2021-02-08,78.6
10771,FR0000120578,2021-02-15,78.16
10790,FR0000120628,2020-03-13,14.99
10773,FR0000120578,2021-02-17,78.91
10772,FR0000120578,2021-02-16,78.54
10791,FR0000120628,2020-03-16,15.33
10774,FR0000120578,2021-02-18,81.63
10792,FR0000120628,2020-03-17,14.99
10775,FR0000120578,2021-02-19,81.53
10776,FR0000120578,2021-02-22,81.53
10777,FR0000120578,2021-02-23,76.3
10778,FR0000120578,2021-02-24,76.62
10779,FR0000120578,2021-02-25,76.62
10780,FR0000120578,2021-02-26,75.65
10845,FR0000120628,2020-05-29,16.934
10842,FR0000120628,2020-05-26,15.33
10843,FR0000120628,2020-05-27,15.826
10844,FR0000120628,2020-05-28,16.81
10846,FR0000120628,2020-06-01,16.114
10847,FR0000120628,2020-06-02,16.38
10848,FR0000120628,2020-06-03,16.196
10850,FR0000120628,2020-06-05,15.418
10849,FR0000120628,2020-06-04,19.046
10851,FR0000120628,2020-06-08,20.04
10852,FR0000120628,2020-06-09,20.095
10853,FR0000120628,2020-06-10,20.095
10854,FR0000120628,2020-06-11,19.174
10855,FR0000120628,2020-06-12,20.04
10856,FR0000120628,2020-06-15,18.286
10858,FR0000120628,2020-06-17,18.82
10859,FR0000120628,2020-06-18,18.82
10861,FR0000120628,2020-06-22,18.82
10860,FR0000120628,2020-06-19,18.766
10863,FR0000120628,2020-06-24,18.904
10862,FR0000120628,2020-06-23,18.48
10866,FR0000120628,2020-06-29,18.544
10864,FR0000120628,2020-06-25,18.766
10865,FR0000120628,2020-06-26,18.57
10867,FR0000120628,2020-06-30,18.62
10868,FR0000120628,2020-07-01,18.82
10870,FR0000120628,2020-07-03,18.526
10869,FR0000120628,2020-07-02,18.57
10871,FR0000120628,2020-07-06,18.62
10873,FR0000120628,2020-07-08,18.478
10872,FR0000120628,2020-07-07,18.612
10874,FR0000120628,2020-07-09,19.09
10875,FR0000120628,2020-07-10,18.904
10876,FR0000120628,2020-07-13,19.222
10877,FR0000120628,2020-07-14,18.526
10878,FR0000120628,2020-07-15,18.62
10879,FR0000120628,2020-07-16,17.916
10882,FR0000120628,2020-07-21,18.59
10880,FR0000120628,2020-07-17,18.28
10881,FR0000120628,2020-07-20,18.468
10883,FR0000120628,2020-07-22,19.222
10884,FR0000120628,2020-07-23,18.478
10885,FR0000120628,2020-07-24,18.23
10886,FR0000120628,2020-07-27,18.62
10887,FR0000120628,2020-07-28,18.62
10890,FR0000120628,2020-07-31,18.614
10888,FR0000120628,2020-07-29,18.468
10889,FR0000120628,2020-07-30,18.614
10891,FR0000120628,2020-08-03,16.864
10892,FR0000120628,2020-08-04,16.864
10893,FR0000120628,2020-08-05,17.31
10895,FR0000120628,2020-08-07,17.03
10894,FR0000120628,2020-08-06,17.646
10896,FR0000120628,2020-08-10,17.03
10898,FR0000120628,2020-08-12,17.83
10897,FR0000120628,2020-08-11,17.344
10899,FR0000120628,2020-08-13,17.83
10900,FR0000120628,2020-08-14,17.344
10901,FR0000120628,2020-08-17,17.03
10902,FR0000120628,2020-08-18,17.348
10903,FR0000120628,2020-08-19,17.348
10905,FR0000120628,2020-08-21,17.552
10904,FR0000120628,2020-08-20,17.506
10906,FR0000120628,2020-08-24,17.87
10907,FR0000120628,2020-08-25,16.864
10909,FR0000120628,2020-08-27,17.206
10908,FR0000120628,2020-08-26,17.564
10910,FR0000120628,2020-08-28,17.608
10912,FR0000120628,2020-09-01,17.482
10911,FR0000120628,2020-08-31,15.962
10913,FR0000120628,2020-09-02,17.092
10914,FR0000120628,2020-09-03,17.278
10915,FR0000120628,2020-09-04,17.302
10916,FR0000120628,2020-09-07,17.564
10917,FR0000120628,2020-09-08,17.38
10918,FR0000120628,2020-09-09,17.308
10919,FR0000120628,2020-09-10,18.57
10920,FR0000120628,2020-09-11,17.37
10921,FR0000120628,2020-09-14,17.37
10922,FR0000120628,2020-09-15,17.272
10923,FR0000120628,2020-09-16,17.37
10924,FR0000120628,2020-09-17,17.12
10925,FR0000120628,2020-09-18,16.85
10926,FR0000120628,2020-09-21,16.656
10927,FR0000120628,2020-09-22,16.0
10928,FR0000120628,2020-09-23,15.64
10930,FR0000120628,2020-09-25,15.784
10929,FR0000120628,2020-09-24,15.774
10931,FR0000120628,2020-09-28,15.784
10933,FR0000120628,2020-09-30,15.784
10932,FR0000120628,2020-09-29,16.098
10934,FR0000120628,2020-10-01,15.784
10936,FR0000120628,2020-10-05,15.662
10935,FR0000120628,2020-10-02,16.656
10937,FR0000120628,2020-10-06,15.784
10938,FR0000120628,2020-10-07,15.924
10939,FR0000120628,2020-10-08,16.008
10941,FR0000120628,2020-10-12,19.046
10940,FR0000120628,2020-10-09,17.256
10942,FR0000120628,2020-10-13,16.302
10943,FR0000120628,2020-10-14,16.302
10944,FR0000120628,2020-10-15,15.906
10945,FR0000120628,2020-10-16,15.188
10946,FR0000120628,2020-10-19,15.15
10947,FR0000120628,2020-10-20,15.028
10948,FR0000120628,2020-10-21,15.028
10954,FR0000120628,2020-10-29,13.772
10953,FR0000120628,2020-10-28,14.198
10955,FR0000120628,2020-10-30,13.648
10956,FR0000120628,2020-11-02,13.648
10957,FR0000120628,2020-11-03,14.356
10958,FR0000120628,2020-11-04,14.914
10959,FR0000120628,2020-11-05,15.49
10950,FR0000120628,2020-10-23,14.676
10961,FR0000120628,2020-11-09,15.49
10960,FR0000120628,2020-11-06,15.74
10962,FR0000120628,2020-11-10,15.03
10963,FR0000120628,2020-11-11,18.07
10951,FR0000120628,2020-10-26,14.676
10964,FR0000120628,2020-11-12,15.15
10965,FR0000120628,2020-11-13,14.94
10966,FR0000120628,2020-11-16,18.35
10967,FR0000120628,2020-11-17,18.74
10968,FR0000120628,2020-11-18,15.08
10969,FR0000120628,2020-11-19,15.19
10970,FR0000120628,2020-11-20,18.93
10971,FR0000120628,2020-11-23,18.8
10972,FR0000120628,2020-11-24,18.97
10973,FR0000120628,2020-11-25,17.61
10974,FR0000120628,2020-11-26,19.69
10975,FR0000120628,2020-11-27,19.79
10976,FR0000120628,2020-11-30,19.73
10977,FR0000120628,2020-12-01,19.71
10978,FR0000120628,2020-12-02,18.37
10979,FR0000120628,2020-12-03,19.97
10980,FR0000120628,2020-12-04,17.21
10981,FR0000120628,2020-12-07,17.31
10982,FR0000120628,2020-12-08,19.82
10983,FR0000120628,2020-12-09,19.82
10984,FR0000120628,2020-12-10,19.82
10985,FR0000120628,2020-12-11,20.0
10986,FR0000120628,2020-12-14,20.0
10987,FR0000120628,2020-12-15,19.66
10988,FR0000120628,2020-12-16,20.0
10989,FR0000120628,2020-12-17,19.68
10990,FR0000120628,2020-12-18,20.15
10991,FR0000120628,2020-12-21,20.0
10992,FR0000120628,2020-12-22,19.15
10993,FR0000120628,2020-12-23,20.0
10994,FR0000120628,2020-12-24,20.0
10996,FR0000120628,2020-12-29,20.0
10995,FR0000120628,2020-12-28,19.652
10997,FR0000120628,2020-12-30,20.0
10998,FR0000120628,2020-12-31,20.0
10999,FR0000120628,2021-01-01,20.0
11000,FR0000120628,2021-01-04,19.146
11001,FR0000120628,2021-01-05,19.438
11002,FR0000120628,2021-01-06,19.736
11003,FR0000120628,2021-01-07,20.235
11005,FR0000120628,2021-01-11,20.365
11004,FR0000120628,2021-01-08,20.385
11006,FR0000120628,2021-01-12,20.25
11007,FR0000120628,2021-01-13,20.25
11008,FR0000120628,2021-01-14,20.19
11009,FR0000120628,2021-01-15,20.385
11010,FR0000120628,2021-01-18,20.065
11011,FR0000120628,2021-01-19,19.676
11012,FR0000120628,2021-01-20,19.65
11013,FR0000120628,2021-01-21,19.65
11014,FR0000120628,2021-01-22,19.716
11015,FR0000120628,2021-01-25,19.518
11016,FR0000120628,2021-01-26,18.77
11069,FR0000121014,2020-04-10,347.4
11068,FR0000121014,2020-04-09,343.2
11071,FR0000121014,2020-04-14,342.966
11070,FR0000121014,2020-04-13,343.2
11072,FR0000121014,2020-04-15,342.966
11035,FR0000120628,2021-02-22,19.93
11036,FR0000120628,2021-02-23,20.235
11073,FR0000121014,2020-04-16,342.0
11074,FR0000121014,2020-04-17,347.13333
11075,FR0000121014,2020-04-20,358.0
11076,FR0000121014,2020-04-21,360.45001
11077,FR0000121014,2020-04-22,350.0
11078,FR0000121014,2020-04-23,353.5
11079,FR0000121014,2020-04-24,353.5
11080,FR0000121014,2020-04-27,348.6
11081,FR0000121014,2020-04-28,351.0
11084,FR0000121014,2020-05-01,352.5
11082,FR0000121014,2020-04-29,357.0
11083,FR0000121014,2020-04-30,359.8
11085,FR0000121014,2020-05-04,340.9
11087,FR0000121014,2020-05-06,351.0
11086,FR0000121014,2020-05-05,340.9
11095,FR0000121014,2020-05-18,330.2
11096,FR0000121014,2020-05-19,352.2
11097,FR0000121014,2020-05-20,348.9
11098,FR0000121014,2020-05-21,348.9
11100,FR0000121014,2020-05-25,355.3
11099,FR0000121014,2020-05-22,359.9
11101,FR0000121014,2020-05-26,353.5
11102,FR0000121014,2020-05-27,365.4
11103,FR0000121014,2020-05-28,365.4
11104,FR0000121014,2020-05-29,359.8
11105,FR0000121014,2020-06-01,375.0
11107,FR0000121014,2020-06-03,385.0
11106,FR0000121014,2020-06-02,378.9
11108,FR0000121014,2020-06-04,338.5
11109,FR0000121014,2020-06-05,390.0
11110,FR0000121014,2020-06-08,404.2
11111,FR0000121014,2020-06-09,396.1
11112,FR0000121014,2020-06-10,395.3
11113,FR0000121014,2020-06-11,398.4
11114,FR0000121014,2020-06-12,404.2
11115,FR0000121014,2020-06-15,379.1
11116,FR0000121014,2020-06-16,369.9
11117,FR0000121014,2020-06-17,379.1
11119,FR0000121014,2020-06-19,379.15
11118,FR0000121014,2020-06-18,371.45
11120,FR0000121014,2020-06-22,379.15
11122,FR0000121014,2020-06-24,380.05
11121,FR0000121014,2020-06-23,378.9
11123,FR0000121014,2020-06-25,378.9
11124,FR0000121014,2020-06-26,390.65
11125,FR0000121014,2020-06-29,378.9
11126,FR0000121014,2020-06-30,383.85
11127,FR0000121014,2020-07-01,390.5
11128,FR0000121014,2020-07-02,391.6
11129,FR0000121014,2020-07-03,390.5
11130,FR0000121014,2020-07-06,391.6
11131,FR0000121014,2020-07-07,401.85
11132,FR0000121014,2020-07-08,396.7
11133,FR0000121014,2020-07-09,404.0
11134,FR0000121014,2020-07-10,396.7
11135,FR0000121014,2020-07-13,396.7
11136,FR0000121014,2020-07-14,390.65
11137,FR0000121014,2020-07-15,400.7
11139,FR0000121014,2020-07-17,412.05
11138,FR0000121014,2020-07-16,404.65
11140,FR0000121014,2020-07-20,410.25
11141,FR0000121014,2020-07-21,412.8
11142,FR0000121014,2020-07-22,408.15
11143,FR0000121014,2020-07-23,404.65
11144,FR0000121014,2020-07-24,400.95
11145,FR0000121014,2020-07-27,400.7
11146,FR0000121014,2020-07-28,391.6
11147,FR0000121014,2020-07-29,381.35
11148,FR0000121014,2020-07-30,371.45
11149,FR0000121014,2020-07-31,373.85
11150,FR0000121014,2020-08-03,366.75
11151,FR0000121014,2020-08-04,372.3
11152,FR0000121014,2020-08-05,366.75
11153,FR0000121014,2020-08-06,366.75
11154,FR0000121014,2020-08-07,366.75
11155,FR0000121014,2020-08-10,366.75
11156,FR0000121014,2020-08-11,371.55
11157,FR0000121014,2020-08-12,382.7
11158,FR0000121014,2020-08-13,391.2
11159,FR0000121014,2020-08-14,390.5
11160,FR0000121014,2020-08-17,391.6
11161,FR0000121014,2020-08-18,391.6
11162,FR0000121014,2020-08-19,386.05
11163,FR0000121014,2020-08-20,387.2
11164,FR0000121014,2020-08-21,383.35
11165,FR0000121014,2020-08-24,387.2
11167,FR0000121014,2020-08-26,397.05
11166,FR0000121014,2020-08-25,393.45
11168,FR0000121014,2020-08-27,403.0
11169,FR0000121014,2020-08-28,401.0
11170,FR0000121014,2020-08-31,400.95
11171,FR0000121014,2020-09-01,396.7
11172,FR0000121014,2020-09-02,396.7
11173,FR0000121014,2020-09-03,407.25
11174,FR0000121014,2020-09-04,408.4
11175,FR0000121014,2020-09-07,402.85
11177,FR0000121014,2020-09-09,404.4
11176,FR0000121014,2020-09-08,402.85
11183,FR0000121014,2020-09-17,426.15
11184,FR0000121014,2020-09-18,420.0
11185,FR0000121014,2020-09-21,403.6
11187,FR0000121014,2020-09-23,401.4
11188,FR0000121014,2020-09-24,385.05
11186,FR0000121014,2020-09-22,399.1
11189,FR0000121014,2020-09-25,387.15
11190,FR0000121014,2020-09-28,387.15
11191,FR0000121014,2020-09-29,385.05
11192,FR0000121014,2020-09-30,405.9
11193,FR0000121014,2020-10-01,403.6
11194,FR0000121014,2020-10-02,409.7
11195,FR0000121014,2020-10-05,401.4
11196,FR0000121014,2020-10-06,409.95
11197,FR0000121014,2020-10-07,424.0
11198,FR0000121014,2020-10-08,410.75
11199,FR0000121014,2020-10-09,409.3
11200,FR0000121014,2020-10-12,410.75
11201,FR0000121014,2020-10-13,411.9
11202,FR0000121014,2020-10-14,420.0
11205,FR0000121014,2020-10-19,432.6
11206,FR0000121014,2020-10-20,432.3
11203,FR0000121014,2020-10-15,412.2
11204,FR0000121014,2020-10-16,420.0
11207,FR0000121014,2020-10-21,430.2
11208,FR0000121014,2020-10-22,432.3
11209,FR0000121014,2020-10-23,366.75
11210,FR0000121014,2020-10-26,427.8
11211,FR0000121014,2020-10-27,421.75
11212,FR0000121014,2020-10-28,418.85
11213,FR0000121014,2020-10-29,402.15
11214,FR0000121014,2020-10-30,403.8
11215,FR0000121014,2020-11-02,402.3
11216,FR0000121014,2020-11-03,405.65
11217,FR0000121014,2020-11-04,409.95
11218,FR0000121014,2020-11-05,399.4
11233,FR0000121014,2020-11-26,373.85
11236,FR0000121014,2020-12-01,496.0
11235,FR0000121014,2020-11-30,496.0
11232,FR0000121014,2020-11-25,494.85
11234,FR0000121014,2020-11-27,495.75
11238,FR0000121014,2020-12-03,435.5
11237,FR0000121014,2020-12-02,435.5
11239,FR0000121014,2020-12-04,498.0
11240,FR0000121014,2020-12-07,498.0
11261,FR0000121014,2021-01-06,506.2
11262,FR0000121014,2021-01-07,507.5
11263,FR0000121014,2021-01-08,469.8
11264,FR0000121014,2021-01-11,469.8
11265,FR0000121014,2021-01-12,469.8
11266,FR0000121014,2021-01-13,469.8
11267,FR0000121014,2021-01-14,512.1
11268,FR0000121014,2021-01-15,502.3
11270,FR0000121014,2021-01-19,499.6
11309,FR0000125007,2020-03-16,23.355
11311,FR0000125007,2020-03-18,19.36
11312,FR0000125007,2020-03-19,18.0
11310,FR0000125007,2020-03-17,19.36
11299,FR0000125007,2020-03-02,34.625
11346,FR0000125007,2020-05-06,23.4
11345,FR0000125007,2020-05-05,22.96
11347,FR0000125007,2020-05-07,23.79
11349,FR0000125007,2020-05-11,24.21
11350,FR0000125007,2020-05-12,23.96
11351,FR0000125007,2020-05-13,23.1
11357,FR0000125007,2020-05-21,24.86
11356,FR0000125007,2020-05-20,24.82
11358,FR0000125007,2020-05-22,24.42
11359,FR0000125007,2020-05-25,26.81
11360,FR0000125007,2020-05-26,27.83
11361,FR0000125007,2020-05-27,27.9
11362,FR0000125007,2020-05-28,28.29
11363,FR0000125007,2020-05-29,27.9
11364,FR0000125007,2020-06-01,27.83
11365,FR0000125007,2020-06-02,29.23
11366,FR0000125007,2020-06-03,30.69
11367,FR0000125007,2020-06-04,30.69
11368,FR0000125007,2020-06-05,30.69
11369,FR0000125007,2020-06-08,29.23
11370,FR0000125007,2020-06-09,30.69
11371,FR0000125007,2020-06-10,31.99
11372,FR0000125007,2020-06-11,33.19
11373,FR0000125007,2020-06-12,30.18
11380,FR0000125007,2020-06-23,31.19
11381,FR0000125007,2020-06-24,31.19
11383,FR0000125007,2020-06-26,30.66
11382,FR0000125007,2020-06-25,31.63
11386,FR0000125007,2020-07-01,32.05
11384,FR0000125007,2020-06-29,31.71
11385,FR0000125007,2020-06-30,32.35
11387,FR0000125007,2020-07-02,31.32
11388,FR0000125007,2020-07-03,31.34
11389,FR0000125007,2020-07-06,30.66
11390,FR0000125007,2020-07-07,31.21
11393,FR0000125007,2020-07-10,32.05
11392,FR0000125007,2020-07-09,32.35
11391,FR0000125007,2020-07-08,31.46
11394,FR0000125007,2020-07-13,32.41
11395,FR0000125007,2020-07-14,32.06
11398,FR0000125007,2020-07-17,32.95
11397,FR0000125007,2020-07-16,33.41
11396,FR0000125007,2020-07-15,33.04
11399,FR0000125007,2020-07-20,32.57
11400,FR0000125007,2020-07-21,32.57
11401,FR0000125007,2020-07-22,33.8
11403,FR0000125007,2020-07-24,32.49
11402,FR0000125007,2020-07-23,32.6
11404,FR0000125007,2020-07-27,33.32
11405,FR0000125007,2020-07-28,34.15
11406,FR0000125007,2020-07-29,32.87
11407,FR0000125007,2020-07-30,32.57
11408,FR0000125007,2020-07-31,32.25
11409,FR0000125007,2020-08-03,31.17
11410,FR0000125007,2020-08-04,32.66
11411,FR0000125007,2020-08-05,33.09
11412,FR0000125007,2020-08-06,33.8
11413,FR0000125007,2020-08-07,33.35
11414,FR0000125007,2020-08-10,33.34
11415,FR0000125007,2020-08-11,33.7
11417,FR0000125007,2020-08-13,34.21
11418,FR0000125007,2020-08-14,34.49
11416,FR0000125007,2020-08-12,34.21
11419,FR0000125007,2020-08-17,33.82
11420,FR0000125007,2020-08-18,33.93
11421,FR0000125007,2020-08-19,34.15
11423,FR0000125007,2020-08-21,33.21
11422,FR0000125007,2020-08-20,34.44
11424,FR0000125007,2020-08-24,33.36
11425,FR0000125007,2020-08-25,33.93
11426,FR0000125007,2020-08-26,32.25
11427,FR0000125007,2020-08-27,34.16
11428,FR0000125007,2020-08-28,34.16
11429,FR0000125007,2020-08-31,33.7
11430,FR0000125007,2020-09-01,33.31
11431,FR0000125007,2020-09-02,33.98
11432,FR0000125007,2020-09-03,34.34
11433,FR0000125007,2020-09-04,33.62
11434,FR0000125007,2020-09-07,33.62
11435,FR0000125007,2020-09-08,34.62
11438,FR0000125007,2020-09-11,34.21
11436,FR0000125007,2020-09-09,35.03
11437,FR0000125007,2020-09-10,34.24
11439,FR0000125007,2020-09-14,33.7
11440,FR0000125007,2020-09-15,34.21
11441,FR0000125007,2020-09-16,36.04
11443,FR0000125007,2020-09-18,33.7
11442,FR0000125007,2020-09-17,34.21
11444,FR0000125007,2020-09-21,36.27
11447,FR0000125007,2020-09-24,35.66
11445,FR0000125007,2020-09-22,34.9
11446,FR0000125007,2020-09-23,35.66
11448,FR0000125007,2020-09-25,34.4
11449,FR0000125007,2020-09-28,34.94
11450,FR0000125007,2020-09-29,35.08
11451,FR0000125007,2020-09-30,34.94
11452,FR0000125007,2020-10-01,36.01
11453,FR0000125007,2020-10-02,36.01
11454,FR0000125007,2020-10-05,36.21
11455,FR0000125007,2020-10-06,34.9
11456,FR0000125007,2020-10-07,36.72
11458,FR0000125007,2020-10-09,36.72
11457,FR0000125007,2020-10-08,37.24
11459,FR0000125007,2020-10-12,37.24
11460,FR0000125007,2020-10-13,36.5
11461,FR0000125007,2020-10-14,36.72
11462,FR0000125007,2020-10-15,35.08
11463,FR0000125007,2020-10-16,36.72
11464,FR0000125007,2020-10-19,36.18
11465,FR0000125007,2020-10-20,36.49
11466,FR0000125007,2020-10-21,36.73
11467,FR0000125007,2020-10-22,36.84
11468,FR0000125007,2020-10-23,35.49
11469,FR0000125007,2020-10-26,36.73
11470,FR0000125007,2020-10-27,34.9
11471,FR0000125007,2020-10-28,36.0
11482,FR0000125007,2020-11-12,39.3
11480,FR0000125007,2020-11-10,37.34
11481,FR0000125007,2020-11-11,38.9
11483,FR0000125007,2020-11-13,35.08
11485,FR0000125007,2020-11-17,34.94
11484,FR0000125007,2020-11-16,35.08
11487,FR0000125007,2020-11-19,39.79
11486,FR0000125007,2020-11-18,34.94
11488,FR0000125007,2020-11-20,31.68
11489,FR0000125007,2020-11-23,39.54
11490,FR0000125007,2020-11-24,39.66
11492,FR0000125007,2020-11-26,40.0
11493,FR0000125007,2020-11-27,39.7
11494,FR0000125007,2020-11-30,40.3
11496,FR0000125007,2020-12-02,40.08
11495,FR0000125007,2020-12-01,40.3
11498,FR0000125007,2020-12-04,39.82
11497,FR0000125007,2020-12-03,40.3
11499,FR0000125007,2020-12-07,39.82
11500,FR0000125007,2020-12-08,39.25
11501,FR0000125007,2020-12-09,39.73
11504,FR0000125007,2020-12-14,39.23
11502,FR0000125007,2020-12-10,39.97
11503,FR0000125007,2020-12-11,39.97
11505,FR0000125007,2020-12-15,39.29
11507,FR0000125007,2020-12-17,38.79
11506,FR0000125007,2020-12-16,39.07
11508,FR0000125007,2020-12-18,38.54
11509,FR0000125007,2020-12-21,38.81
11510,FR0000125007,2020-12-22,37.42
11511,FR0000125007,2020-12-23,39.0
11512,FR0000125007,2020-12-24,37.69
11513,FR0000125007,2020-12-28,37.63
11515,FR0000125007,2020-12-30,38.13
11514,FR0000125007,2020-12-29,38.35
11516,FR0000125007,2020-12-31,38.03
11517,FR0000125007,2021-01-01,38.03
11518,FR0000125007,2021-01-04,37.88
11519,FR0000125007,2021-01-05,38.37
11520,FR0000125007,2021-01-06,38.27
11521,FR0000125007,2021-01-07,40.0
11522,FR0000125007,2021-01-08,40.0
11523,FR0000125007,2021-01-11,37.88
11524,FR0000125007,2021-01-12,40.3
11530,FR0000125007,2021-01-20,43.12
11532,FR0000125007,2021-01-22,43.32
11535,FR0000125007,2021-01-27,41.94
11536,FR0000125007,2021-01-28,41.94
11537,FR0000125007,2021-01-29,41.94
11567,FR0000125486,2020-03-13,63.72
11578,FR0000125486,2020-03-30,71.64
11546,FR0000125007,2021-02-11,41.91
11580,FR0000125486,2020-04-01,69.1
11547,FR0000125007,2021-02-12,42.39
11579,FR0000125486,2020-03-31,73.0
11549,FR0000125007,2021-02-16,42.38
11550,FR0000125007,2021-02-17,42.39
11548,FR0000125007,2021-02-15,42.6
11581,FR0000125486,2020-04-02,57.0
11586,FR0000125486,2020-04-09,74.16
11588,FR0000125486,2020-04-13,71.35
11601,FR0000125486,2020-04-30,74.7
11602,FR0000125486,2020-05-01,76.46
11605,FR0000125486,2020-05-06,71.88
11606,FR0000125486,2020-05-07,70.18
11607,FR0000125486,2020-05-08,75.8
11609,FR0000125486,2020-05-12,75.08
11610,FR0000125486,2020-05-13,70.28
11611,FR0000125486,2020-05-14,72.54
11612,FR0000125486,2020-05-15,72.44
11617,FR0000125486,2020-05-22,77.68
11618,FR0000125486,2020-05-25,76.84
11621,FR0000125486,2020-05-28,75.24
11616,FR0000125486,2020-05-21,78.78
11620,FR0000125486,2020-05-27,73.26
11619,FR0000125486,2020-05-26,76.0
11627,FR0000125486,2020-06-05,90.1
11630,FR0000125486,2020-06-10,89.6
11631,FR0000125486,2020-06-11,87.34
11632,FR0000125486,2020-06-12,73.74
11634,FR0000125486,2020-06-16,82.98
11635,FR0000125486,2020-06-17,83.5
11636,FR0000125486,2020-06-18,85.88
11638,FR0000125486,2020-06-22,82.98
11637,FR0000125486,2020-06-19,82.98
11639,FR0000125486,2020-06-23,84.74
11640,FR0000125486,2020-06-24,89.6
11642,FR0000125486,2020-06-26,81.1
11641,FR0000125486,2020-06-25,83.1
11643,FR0000125486,2020-06-29,82.02
11644,FR0000125486,2020-06-30,82.74
11645,FR0000125486,2020-07-01,82.74
11648,FR0000125486,2020-07-06,83.1
11647,FR0000125486,2020-07-03,81.8
11646,FR0000125486,2020-07-02,81.32
11649,FR0000125486,2020-07-07,84.52
11650,FR0000125486,2020-07-08,81.1
11651,FR0000125486,2020-07-09,83.5
11652,FR0000125486,2020-07-10,79.58
11653,FR0000125486,2020-07-13,80.5
11654,FR0000125486,2020-07-14,81.8
11655,FR0000125486,2020-07-15,84.2
11657,FR0000125486,2020-07-17,84.52
11656,FR0000125486,2020-07-16,83.96
11658,FR0000125486,2020-07-20,83.5
11659,FR0000125486,2020-07-21,81.2
11660,FR0000125486,2020-07-22,85.64
11662,FR0000125486,2020-07-24,82.0
11661,FR0000125486,2020-07-23,81.92
11663,FR0000125486,2020-07-27,80.96
11665,FR0000125486,2020-07-29,83.52
11664,FR0000125486,2020-07-28,80.5
11668,FR0000125486,2020-08-03,82.36
11666,FR0000125486,2020-07-30,82.46
11667,FR0000125486,2020-07-31,82.22
11669,FR0000125486,2020-08-04,81.92
11670,FR0000125486,2020-08-05,80.64
11671,FR0000125486,2020-08-06,79.4
11672,FR0000125486,2020-08-07,78.84
11673,FR0000125486,2020-08-10,78.48
11674,FR0000125486,2020-08-11,80.14
11675,FR0000125486,2020-08-12,80.14
11676,FR0000125486,2020-08-13,80.14
11677,FR0000125486,2020-08-14,80.64
11679,FR0000125486,2020-08-18,80.46
11678,FR0000125486,2020-08-17,79.4
11681,FR0000125486,2020-08-20,79.72
11680,FR0000125486,2020-08-19,79.72
11682,FR0000125486,2020-08-21,88.44
11683,FR0000125486,2020-08-24,79.72
11686,FR0000125486,2020-08-27,82.3
11684,FR0000125486,2020-08-25,82.22
11685,FR0000125486,2020-08-26,82.16
11687,FR0000125486,2020-08-28,82.3
11688,FR0000125486,2020-08-31,82.16
11689,FR0000125486,2020-09-01,82.3
11690,FR0000125486,2020-09-02,77.82
11691,FR0000125486,2020-09-03,78.48
11692,FR0000125486,2020-09-04,81.14
11693,FR0000125486,2020-09-07,77.64
11694,FR0000125486,2020-09-08,77.82
11695,FR0000125486,2020-09-09,79.28
11696,FR0000125486,2020-09-10,80.18
11698,FR0000125486,2020-09-14,75.68
11697,FR0000125486,2020-09-11,77.94
11699,FR0000125486,2020-09-15,77.78
11700,FR0000125486,2020-09-16,78.5
11701,FR0000125486,2020-09-17,78.38
11702,FR0000125486,2020-09-18,78.46
11706,FR0000125486,2020-09-24,72.0
11707,FR0000125486,2020-09-25,71.06
11708,FR0000125486,2020-09-28,71.06
11710,FR0000125486,2020-09-30,71.06
11711,FR0000125486,2020-10-01,71.52
11712,FR0000125486,2020-10-02,71.52
11713,FR0000125486,2020-10-05,72.44
11714,FR0000125486,2020-10-06,76.84
11715,FR0000125486,2020-10-07,81.02
11716,FR0000125486,2020-10-08,77.68
11717,FR0000125486,2020-10-09,71.07
11718,FR0000125486,2020-10-12,75.14
11719,FR0000125486,2020-10-13,76.02
11720,FR0000125486,2020-10-14,72.94
11722,FR0000125486,2020-10-16,70.24
11723,FR0000125486,2020-10-19,70.24
11721,FR0000125486,2020-10-15,74.92
11724,FR0000125486,2020-10-20,72.4
11725,FR0000125486,2020-10-21,72.4
11727,FR0000125486,2020-10-23,74.26
11728,FR0000125486,2020-10-26,70.24
11729,FR0000125486,2020-10-27,70.24
11730,FR0000125486,2020-10-28,69.2
11731,FR0000125486,2020-10-29,70.66
11740,FR0000125486,2020-11-11,88.06
11739,FR0000125486,2020-11-10,87.4
11741,FR0000125486,2020-11-12,85.4
11742,FR0000125486,2020-11-13,83.6
11743,FR0000125486,2020-11-16,85.74
11744,FR0000125486,2020-11-17,85.74
11745,FR0000125486,2020-11-18,87.22
11746,FR0000125486,2020-11-19,87.24
11747,FR0000125486,2020-11-20,87.24
11749,FR0000125486,2020-11-24,86.56
11748,FR0000125486,2020-11-23,87.24
11750,FR0000125486,2020-11-25,89.0
11751,FR0000125486,2020-11-26,88.24
11752,FR0000125486,2020-11-27,88.24
11753,FR0000125486,2020-11-30,89.0
11756,FR0000125486,2020-12-03,88.12
11757,FR0000125486,2020-12-04,88.02
11759,FR0000125486,2020-12-08,88.48
11758,FR0000125486,2020-12-07,88.02
11760,FR0000125486,2020-12-09,88.48
11763,FR0000125486,2020-12-14,78.84
11761,FR0000125486,2020-12-10,85.92
11762,FR0000125486,2020-12-11,88.48
11764,FR0000125486,2020-12-15,85.5
11765,FR0000125486,2020-12-16,88.12
11766,FR0000125486,2020-12-17,85.92
11767,FR0000125486,2020-12-18,85.5
11768,FR0000125486,2020-12-21,85.76
11769,FR0000125486,2020-12-22,84.58
11770,FR0000125486,2020-12-23,84.96
11771,FR0000125486,2020-12-24,84.58
11772,FR0000125486,2020-12-28,85.5
11773,FR0000125486,2020-12-29,83.84
11774,FR0000125486,2020-12-30,83.94
11775,FR0000125486,2020-12-31,80.0
11776,FR0000125486,2021-01-01,81.22
11779,FR0000125486,2021-01-06,83.84
11778,FR0000125486,2021-01-05,82.36
11777,FR0000125486,2021-01-04,82.36
11780,FR0000125486,2021-01-07,83.12
11781,FR0000125486,2021-01-08,84.58
11782,FR0000125486,2021-01-11,85.66
11784,FR0000125486,2021-01-13,83.08
11783,FR0000125486,2021-01-12,84.86
11785,FR0000125486,2021-01-14,77.82
11786,FR0000125486,2021-01-15,86.52
11787,FR0000125486,2021-01-18,84.72
11788,FR0000125486,2021-01-19,84.66
11791,FR0000125486,2021-01-22,83.02
11789,FR0000125486,2021-01-20,84.84
11790,FR0000125486,2021-01-21,83.02
11792,FR0000125486,2021-01-25,83.02
11793,FR0000125486,2021-01-26,78.72
11794,FR0000125486,2021-01-27,77.98
11795,FR0000125486,2021-01-28,77.78
11796,FR0000125486,2021-01-29,77.32
11797,FR0000125486,2021-02-01,76.58
11798,FR0000125486,2021-02-02,77.0
11799,FR0000125486,2021-02-03,80.16
11800,FR0000125486,2021-02-04,82.48
11801,FR0000125486,2021-02-05,81.3
11802,FR0000125486,2021-02-08,81.32
11804,FR0000125486,2021-02-10,86.86
11803,FR0000125486,2021-02-09,86.86
11805,FR0000125486,2021-02-11,85.56
11806,FR0000125486,2021-02-12,86.66
11807,FR0000125486,2021-02-15,82.48
11808,FR0000125486,2021-02-16,85.66
11822,FR0000131104,2020-03-09,38.51
11809,FR0000125486,2021-02-17,84.02
11810,FR0000125486,2021-02-18,86.52
11811,FR0000125486,2021-02-19,84.72
11814,FR0000125486,2021-02-24,87.62
11815,FR0000125486,2021-02-25,87.9
11816,FR0000125486,2021-02-26,87.92
11904,FR0000131104,2020-07-01,35.35
11901,FR0000131104,2020-06-26,35.17
11900,FR0000131104,2020-06-25,34.51
11903,FR0000131104,2020-06-30,34.49
11905,FR0000131104,2020-07-02,35.17
11902,FR0000131104,2020-06-29,35.17
11906,FR0000131104,2020-07-03,36.6
11910,FR0000131104,2020-07-09,36.35
11911,FR0000131104,2020-07-10,35.51
11912,FR0000131104,2020-07-13,36.68
11920,FR0000131104,2020-07-23,37.51
11921,FR0000131104,2020-07-24,37.56
11922,FR0000131104,2020-07-27,37.56
11923,FR0000131104,2020-07-28,36.31
11924,FR0000131104,2020-07-29,38.01
11925,FR0000131104,2020-07-30,35.8
11926,FR0000131104,2020-07-31,34.38
11927,FR0000131104,2020-08-03,35.8
11928,FR0000131104,2020-08-04,34.115
11929,FR0000131104,2020-08-05,35.8
11930,FR0000131104,2020-08-06,35.37
11931,FR0000131104,2020-08-07,35.37
11933,FR0000131104,2020-08-11,35.815
11932,FR0000131104,2020-08-10,35.835
11934,FR0000131104,2020-08-12,35.48
11936,FR0000131104,2020-08-14,36.35
11935,FR0000131104,2020-08-13,37.24
11938,FR0000131104,2020-08-18,36.295
11937,FR0000131104,2020-08-17,36.68
11939,FR0000131104,2020-08-19,35.89
11940,FR0000131104,2020-08-20,37.505
11941,FR0000131104,2020-08-21,37.505
11942,FR0000131104,2020-08-24,36.68
11944,FR0000131104,2020-08-26,37.505
11943,FR0000131104,2020-08-25,37.735
11945,FR0000131104,2020-08-27,36.9
11946,FR0000131104,2020-08-28,36.49
11947,FR0000131104,2020-08-31,35.51
11948,FR0000131104,2020-09-01,36.68
11949,FR0000131104,2020-09-02,35.51
11951,FR0000131104,2020-09-04,38.53
11950,FR0000131104,2020-09-03,36.68
11952,FR0000131104,2020-09-07,37.505
11953,FR0000131104,2020-09-08,35.955
11956,FR0000131104,2020-09-11,36.085
11955,FR0000131104,2020-09-10,36.79
11954,FR0000131104,2020-09-09,36.285
11957,FR0000131104,2020-09-14,35.88
11958,FR0000131104,2020-09-15,36.15
11959,FR0000131104,2020-09-16,37.505
11960,FR0000131104,2020-09-17,36.15
11961,FR0000131104,2020-09-18,35.425
11962,FR0000131104,2020-09-21,36.185
11963,FR0000131104,2020-09-22,34.72
11964,FR0000131104,2020-09-23,32.22
11965,FR0000131104,2020-09-24,34.51
11966,FR0000131104,2020-09-25,35.175
11977,FR0000131104,2020-10-12,33.42
11978,FR0000131104,2020-10-13,33.54
11979,FR0000131104,2020-10-14,32.175
11981,FR0000131104,2020-10-16,31.665
11980,FR0000131104,2020-10-15,32.55
11982,FR0000131104,2020-10-19,32.55
11983,FR0000131104,2020-10-20,32.6
11984,FR0000131104,2020-10-21,33.115
11985,FR0000131104,2020-10-22,32.635
11987,FR0000131104,2020-10-26,32.585
11986,FR0000131104,2020-10-23,32.635
11988,FR0000131104,2020-10-27,33.5
11989,FR0000131104,2020-10-28,32.205
11990,FR0000131104,2020-10-29,32.205
11991,FR0000131104,2020-10-30,32.205
11995,FR0000131104,2020-11-05,33.12
11996,FR0000131104,2020-11-06,33.88
11997,FR0000131104,2020-11-09,33.23
11998,FR0000131104,2020-11-10,33.88
11992,FR0000131104,2020-11-02,33.105
11999,FR0000131104,2020-11-11,42.2
12001,FR0000131104,2020-11-13,41.09
12000,FR0000131104,2020-11-12,41.09
12002,FR0000131104,2020-11-16,39.915
12003,FR0000131104,2020-11-17,40.6
12004,FR0000131104,2020-11-18,41.09
12005,FR0000131104,2020-11-19,36.35
12007,FR0000131104,2020-11-23,40.95
12006,FR0000131104,2020-11-20,40.805
12009,FR0000131104,2020-11-25,41.49
12008,FR0000131104,2020-11-24,40.95
12010,FR0000131104,2020-11-26,37.8
12011,FR0000131104,2020-11-27,43.735
12012,FR0000131104,2020-11-30,43.365
12014,FR0000131104,2020-12-02,44.205
12015,FR0000131104,2020-12-03,44.95
12017,FR0000131104,2020-12-07,44.875
12016,FR0000131104,2020-12-04,44.875
12018,FR0000131104,2020-12-08,45.74
12019,FR0000131104,2020-12-09,44.505
12020,FR0000131104,2020-12-10,44.545
12021,FR0000131104,2020-12-11,43.46
12022,FR0000131104,2020-12-14,44.505
12023,FR0000131104,2020-12-15,44.15
12024,FR0000131104,2020-12-16,44.15
12025,FR0000131104,2020-12-17,44.175
12026,FR0000131104,2020-12-18,44.045
12027,FR0000131104,2020-12-21,45.74
12028,FR0000131104,2020-12-22,45.74
12029,FR0000131104,2020-12-23,44.875
12030,FR0000131104,2020-12-24,44.875
12031,FR0000131104,2020-12-28,44.875
12032,FR0000131104,2020-12-29,41.715
12033,FR0000131104,2020-12-30,43.63
12034,FR0000131104,2020-12-31,43.305
12035,FR0000131104,2021-01-01,43.305
12036,FR0000131104,2021-01-04,43.835
12037,FR0000131104,2021-01-05,42.485
12038,FR0000131104,2021-01-06,42.92
12039,FR0000131104,2021-01-07,45.29
12040,FR0000131104,2021-01-08,43.63
12042,FR0000131104,2021-01-12,43.496
12041,FR0000131104,2021-01-11,43.645
12043,FR0000131104,2021-01-13,44.98
12044,FR0000131104,2021-01-14,45.29
12045,FR0000131104,2021-01-15,43.835
12047,FR0000131104,2021-01-19,43.63
12046,FR0000131104,2021-01-18,44.045
12048,FR0000131104,2021-01-20,44.805
12049,FR0000131104,2021-01-21,44.805
12050,FR0000131104,2021-01-22,41.715
12051,FR0000131104,2021-01-25,43.795
12052,FR0000131104,2021-01-26,43.01
12053,FR0000131104,2021-01-27,45.74
12054,FR0000131104,2021-01-28,45.74
12057,FR0000131104,2021-02-02,40.18
12059,FR0000131104,2021-02-04,41.605
12061,FR0000131104,2021-02-08,43.595
12060,FR0000131104,2021-02-05,41.605
12062,FR0000131104,2021-02-09,44.12
12063,FR0000131104,2021-02-10,42.485
12064,FR0000131104,2021-02-11,45.135
12065,FR0000131104,2021-02-12,45.695
12066,FR0000131104,2021-02-15,46.48
12067,FR0000131104,2021-02-16,47.55
12068,FR0000131104,2021-02-17,45.756
12069,FR0000131104,2021-02-18,45.756
12071,FR0000131104,2021-02-22,48.325
12070,FR0000131104,2021-02-19,44.545
12073,FR0000131104,2021-02-24,49.45
12072,FR0000131104,2021-02-23,49.3
12074,FR0000131104,2021-02-25,50.17
12075,FR0000131104,2021-02-26,50.31
12138,FR0000131906,2020-05-27,19.154
12139,FR0000131906,2020-05-28,22.5
12142,FR0000131906,2020-06-02,21.455
12141,FR0000131906,2020-06-01,20.205
12140,FR0000131906,2020-05-29,21.9
12143,FR0000131906,2020-06-03,21.69
12144,FR0000131906,2020-06-04,21.69
12145,FR0000131906,2020-06-05,23.61
12146,FR0000131906,2020-06-08,21.69
12147,FR0000131906,2020-06-09,19.154
12148,FR0000131906,2020-06-10,19.154
12149,FR0000131906,2020-06-11,24.85
12150,FR0000131906,2020-06-12,21.35
12151,FR0000131906,2020-06-15,22.0
12152,FR0000131906,2020-06-16,21.895
12153,FR0000131906,2020-06-17,22.0
12155,FR0000131906,2020-06-19,21.95
12154,FR0000131906,2020-06-18,21.95
12156,FR0000131906,2020-06-22,21.13
12157,FR0000131906,2020-06-23,21.13
12159,FR0000131906,2020-06-25,21.13
12160,FR0000131906,2020-06-26,21.95
12158,FR0000131906,2020-06-24,22.365
12162,FR0000131906,2020-06-30,20.965
12161,FR0000131906,2020-06-29,20.965
12164,FR0000131906,2020-07-02,21.5
12163,FR0000131906,2020-07-01,20.965
12165,FR0000131906,2020-07-03,21.5
12166,FR0000131906,2020-07-06,21.5
12167,FR0000131906,2020-07-07,23.275
12168,FR0000131906,2020-07-08,23.085
12169,FR0000131906,2020-07-09,23.275
12170,FR0000131906,2020-07-10,22.02
12172,FR0000131906,2020-07-14,22.02
12171,FR0000131906,2020-07-13,23.085
12173,FR0000131906,2020-07-15,21.6
12174,FR0000131906,2020-07-16,22.02
12176,FR0000131906,2020-07-20,23.93
12175,FR0000131906,2020-07-17,22.02
12177,FR0000131906,2020-07-21,24.27
12178,FR0000131906,2020-07-22,24.485
12180,FR0000131906,2020-07-24,24.27
12179,FR0000131906,2020-07-23,23.46
12181,FR0000131906,2020-07-27,25.24
12182,FR0000131906,2020-07-28,25.195
12183,FR0000131906,2020-07-29,24.805
12184,FR0000131906,2020-07-30,23.985
12185,FR0000131906,2020-07-31,23.985
12186,FR0000131906,2020-08-03,22.365
12187,FR0000131906,2020-08-04,22.365
12188,FR0000131906,2020-08-05,22.365
12189,FR0000131906,2020-08-06,22.945
12190,FR0000131906,2020-08-07,22.945
12191,FR0000131906,2020-08-10,22.76
12192,FR0000131906,2020-08-11,22.76
12193,FR0000131906,2020-08-12,21.39
12194,FR0000131906,2020-08-13,25.285
12195,FR0000131906,2020-08-14,25.63
12196,FR0000131906,2020-08-17,24.44
12197,FR0000131906,2020-08-18,23.91
12199,FR0000131906,2020-08-20,24.379999
12198,FR0000131906,2020-08-19,24.02
12200,FR0000131906,2020-08-21,23.985001
12201,FR0000131906,2020-08-24,20.055
12202,FR0000131906,2020-08-25,24.504999
12203,FR0000131906,2020-08-26,24.540001
12204,FR0000131906,2020-08-27,24.445
12205,FR0000131906,2020-08-28,24.27
12206,FR0000131906,2020-08-31,24.15
12207,FR0000131906,2020-09-01,24.15
12209,FR0000131906,2020-09-03,22.67
12208,FR0000131906,2020-09-02,22.77
12211,FR0000131906,2020-09-07,24.5
12210,FR0000131906,2020-09-04,23.84
12212,FR0000131906,2020-09-08,24.45
12213,FR0000131906,2020-09-09,25.16
12215,FR0000131906,2020-09-11,25.27
12214,FR0000131906,2020-09-10,23.84
12216,FR0000131906,2020-09-14,22.77
12217,FR0000131906,2020-09-15,24.46
12218,FR0000131906,2020-09-16,23.41
12219,FR0000131906,2020-09-17,24.45
12221,FR0000131906,2020-09-21,23.41
12220,FR0000131906,2020-09-18,22.67
12222,FR0000131906,2020-09-22,22.64
12224,FR0000131906,2020-09-24,22.94
12223,FR0000131906,2020-09-23,21.43
12225,FR0000131906,2020-09-25,22.47
12226,FR0000131906,2020-09-28,22.76
12227,FR0000131906,2020-09-29,24.08
12229,FR0000131906,2020-10-01,22.19
12228,FR0000131906,2020-09-30,25.07
12231,FR0000131906,2020-10-05,21.19
12230,FR0000131906,2020-10-02,21.17
12232,FR0000131906,2020-10-06,21.19
12233,FR0000131906,2020-10-07,23.08
12235,FR0000131906,2020-10-09,23.15
12234,FR0000131906,2020-10-08,23.08
12236,FR0000131906,2020-10-12,22.78
12237,FR0000131906,2020-10-13,22.97
12240,FR0000131906,2020-10-16,23.86
12238,FR0000131906,2020-10-14,22.37
12239,FR0000131906,2020-10-15,23.15
12241,FR0000131906,2020-10-19,24.27
12242,FR0000131906,2020-10-20,24.485
12243,FR0000131906,2020-10-21,23.91
12244,FR0000131906,2020-10-22,25.63
12245,FR0000131906,2020-10-23,25.24
12246,FR0000131906,2020-10-26,24.77
12247,FR0000131906,2020-10-27,25.24
12248,FR0000131906,2020-10-28,23.985
12249,FR0000131906,2020-10-29,21.765
12250,FR0000131906,2020-10-30,22.42
12251,FR0000131906,2020-11-02,20.995
12252,FR0000131906,2020-11-03,22.42
12253,FR0000131906,2020-11-04,22.945
12254,FR0000131906,2020-11-05,22.47
12255,FR0000131906,2020-11-06,22.76
12257,FR0000131906,2020-11-10,24.44
12256,FR0000131906,2020-11-09,24.08
12258,FR0000131906,2020-11-11,24.44
12260,FR0000131906,2020-11-13,27.445
12259,FR0000131906,2020-11-12,27.24
12261,FR0000131906,2020-11-16,29.02
12262,FR0000131906,2020-11-17,29.805
12263,FR0000131906,2020-11-18,29.96
12264,FR0000131906,2020-11-19,31.37
12265,FR0000131906,2020-11-20,31.145
12266,FR0000131906,2020-11-23,30.85
12267,FR0000131906,2020-11-24,32.17
12269,FR0000131906,2020-11-26,34.455
12268,FR0000131906,2020-11-25,34.38
12280,FR0000131906,2020-12-11,35.715
12278,FR0000131906,2020-12-09,33.355
12279,FR0000131906,2020-12-10,36.515
12284,FR0000131906,2020-12-17,36.795
12282,FR0000131906,2020-12-15,35.085
12281,FR0000131906,2020-12-14,36.355
12285,FR0000131906,2020-12-18,36.58
12283,FR0000131906,2020-12-16,36.355
12287,FR0000131906,2020-12-22,36.16
12286,FR0000131906,2020-12-21,36.675
12288,FR0000131906,2020-12-23,35.12
12289,FR0000131906,2020-12-24,35.795
12291,FR0000131906,2020-12-29,36.11
12290,FR0000131906,2020-12-28,36.16
12292,FR0000131906,2020-12-30,36.255
12293,FR0000131906,2020-12-31,36.255
12294,FR0000131906,2021-01-01,36.68
12295,FR0000131906,2021-01-04,35.76
12296,FR0000131906,2021-01-05,36.11
12297,FR0000131906,2021-01-06,36.26
12298,FR0000131906,2021-01-07,35.94
12302,FR0000131906,2021-01-13,36.64
12301,FR0000131906,2021-01-12,36.64
12299,FR0000131906,2021-01-08,35.12
12300,FR0000131906,2021-01-11,38.17
12304,FR0000131906,2021-01-15,35.81
12303,FR0000131906,2021-01-14,36.9
12305,FR0000131906,2021-01-18,35.94
12306,FR0000131906,2021-01-19,34.63
12308,FR0000131906,2021-01-21,35.12
12307,FR0000131906,2021-01-20,35.12
12310,FR0000131906,2021-01-25,35.12
12309,FR0000131906,2021-01-22,36.26
12311,FR0000131906,2021-01-26,34.42
12319,FR0000131906,2021-02-05,37.69
12318,FR0000131906,2021-02-04,35.03
12320,FR0000131906,2021-02-08,38.35
12321,FR0000131906,2021-02-09,40.44
12322,FR0000131906,2021-02-10,40.44
12323,FR0000131906,2021-02-11,39.26
12327,FR0000131906,2021-02-17,39.77
12325,FR0000131906,2021-02-15,39.77
12324,FR0000131906,2021-02-12,39.26
12326,FR0000131906,2021-02-16,39.77
12328,FR0000131906,2021-02-18,39.44
12329,FR0000131906,2021-02-19,36.11
12330,FR0000131906,2021-02-22,35.12
12331,FR0000131906,2021-02-23,38.03
12344,FR0000133308,2020-03-13,9.61
12345,FR0000133308,2020-03-16,9.608
12346,FR0000133308,2020-03-17,9.402
12347,FR0000133308,2020-03-18,10.46
12348,FR0000133308,2020-03-19,10.72
12349,FR0000133308,2020-03-20,12.845
12332,FR0000131906,2021-02-24,36.88
12333,FR0000131906,2021-02-25,34.07
12334,FR0000131906,2021-02-26,37.35
12350,FR0000133308,2020-03-23,11.135
12352,FR0000133308,2020-03-25,11.19
12351,FR0000133308,2020-03-24,11.19
12356,FR0000133308,2020-03-31,10.935
12355,FR0000133308,2020-03-30,10.935
12354,FR0000133308,2020-03-27,11.465
12357,FR0000133308,2020-04-01,11.135
12358,FR0000133308,2020-04-02,10.875
12360,FR0000133308,2020-04-06,10.985
12359,FR0000133308,2020-04-03,9.608
12361,FR0000133308,2020-04-07,11.38
12353,FR0000133308,2020-03-26,9.402
12362,FR0000133308,2020-04-08,11.33
12363,FR0000133308,2020-04-09,11.465
12368,FR0000133308,2020-04-16,11.65
12367,FR0000133308,2020-04-15,11.65
12369,FR0000133308,2020-04-17,11.365
12370,FR0000133308,2020-04-20,11.305
12372,FR0000133308,2020-04-22,11.369
12371,FR0000133308,2020-04-21,11.369
12375,FR0000133308,2020-04-27,11.185
12373,FR0000133308,2020-04-23,11.369
12374,FR0000133308,2020-04-24,11.369
12376,FR0000133308,2020-04-28,11.32
12377,FR0000133308,2020-04-29,11.32
12378,FR0000133308,2020-04-30,11.365
12379,FR0000133308,2020-05-01,11.305
12380,FR0000133308,2020-05-04,11.369
12381,FR0000133308,2020-05-05,10.775
12382,FR0000133308,2020-05-06,11.38
12383,FR0000133308,2020-05-07,11.33
12384,FR0000133308,2020-05-08,11.465
12385,FR0000133308,2020-05-11,11.365
12386,FR0000133308,2020-05-12,11.305
12388,FR0000133308,2020-05-14,10.4
12389,FR0000133308,2020-05-15,10.4
12391,FR0000133308,2020-05-19,10.115
12390,FR0000133308,2020-05-18,10.115
12393,FR0000133308,2020-05-21,10.34
12392,FR0000133308,2020-05-20,10.985
12394,FR0000133308,2020-05-22,10.34
12405,FR0000133308,2020-06-08,11.535
12406,FR0000133308,2020-06-09,11.485
12408,FR0000133308,2020-06-11,10.865
12407,FR0000133308,2020-06-10,11.035
12436,FR0000133308,2020-07-21,11.11
12435,FR0000133308,2020-07-20,10.985
12437,FR0000133308,2020-07-22,10.935
12438,FR0000133308,2020-07-23,10.495
12439,FR0000133308,2020-07-24,10.825
12440,FR0000133308,2020-07-27,10.875
12467,FR0000133308,2020-09-02,9.172
12471,FR0000133308,2020-09-08,9.26
12465,FR0000133308,2020-08-31,9.572
12464,FR0000133308,2020-08-28,10.05
12466,FR0000133308,2020-09-01,9.97
12472,FR0000133308,2020-09-09,9.166
12473,FR0000133308,2020-09-10,9.604
12468,FR0000133308,2020-09-03,9.214
12474,FR0000133308,2020-09-11,9.508
12469,FR0000133308,2020-09-04,9.172
12475,FR0000133308,2020-09-14,9.496
12470,FR0000133308,2020-09-07,9.218
12476,FR0000133308,2020-09-15,9.508
12493,FR0000133308,2020-10-08,9.082
12495,FR0000133308,2020-10-12,9.436
12494,FR0000133308,2020-10-09,9.22
12496,FR0000133308,2020-10-13,9.436
12497,FR0000133308,2020-10-14,9.57
12498,FR0000133308,2020-10-15,9.618
12499,FR0000133308,2020-10-16,9.618
12500,FR0000133308,2020-10-19,9.504
12502,FR0000133308,2020-10-21,9.436
12501,FR0000133308,2020-10-20,9.504
12504,FR0000133308,2020-10-23,9.384
12503,FR0000133308,2020-10-22,9.384
12506,FR0000133308,2020-10-27,8.996
12505,FR0000133308,2020-10-26,9.384
12507,FR0000133308,2020-10-28,8.996
12508,FR0000133308,2020-10-29,8.996
12509,FR0000133308,2020-10-30,8.804
12510,FR0000133308,2020-11-02,9.63
12511,FR0000133308,2020-11-03,9.686
12512,FR0000133308,2020-11-04,9.544
12513,FR0000133308,2020-11-05,9.544
12514,FR0000133308,2020-11-06,9.66
12515,FR0000133308,2020-11-09,9.144
12516,FR0000133308,2020-11-10,9.742
12517,FR0000133308,2020-11-11,9.544
12518,FR0000133308,2020-11-12,10.025
12519,FR0000133308,2020-11-13,10.265
12520,FR0000133308,2020-11-16,10.265
12521,FR0000133308,2020-11-17,10.46
12522,FR0000133308,2020-11-18,10.025
12524,FR0000133308,2020-11-20,10.385
12523,FR0000133308,2020-11-19,10.495
12526,FR0000133308,2020-11-24,10.41
12525,FR0000133308,2020-11-23,10.385
12527,FR0000133308,2020-11-25,10.41
12528,FR0000133308,2020-11-26,10.41
12529,FR0000133308,2020-11-27,10.535
12531,FR0000133308,2020-12-01,10.535
12530,FR0000133308,2020-11-30,10.41
12532,FR0000133308,2020-12-02,10.535
12534,FR0000133308,2020-12-04,10.625
12533,FR0000133308,2020-12-03,10.59
12535,FR0000133308,2020-12-07,10.47
12536,FR0000133308,2020-12-08,10.2
12537,FR0000133308,2020-12-09,10.245
12539,FR0000133308,2020-12-11,10.11
12538,FR0000133308,2020-12-10,10.0
12541,FR0000133308,2020-12-15,10.0
12540,FR0000133308,2020-12-14,9.908
12544,FR0000133308,2020-12-18,9.784
12542,FR0000133308,2020-12-16,9.784
12543,FR0000133308,2020-12-17,9.738
12545,FR0000133308,2020-12-21,9.86
12547,FR0000133308,2020-12-23,9.806
12546,FR0000133308,2020-12-22,9.626
12548,FR0000133308,2020-12-24,10.015
12549,FR0000133308,2020-12-28,9.172
12551,FR0000133308,2020-12-30,9.826
12550,FR0000133308,2020-12-29,9.814
12552,FR0000133308,2020-12-31,9.826
12553,FR0000133308,2021-01-01,9.826
12554,FR0000133308,2021-01-04,9.734
12555,FR0000133308,2021-01-05,9.95
12556,FR0000133308,2021-01-06,9.92
12557,FR0000133308,2021-01-07,10.09
12558,FR0000133308,2021-01-08,10.31
12559,FR0000133308,2021-01-11,10.165
12560,FR0000133308,2021-01-12,9.33
12561,FR0000133308,2021-01-13,10.005
12563,FR0000133308,2021-01-15,9.572
12562,FR0000133308,2021-01-14,9.658
12564,FR0000133308,2021-01-18,9.57
12566,FR0000133308,2021-01-20,10.09
12565,FR0000133308,2021-01-19,9.33
12567,FR0000133308,2021-01-21,9.21
12568,FR0000133308,2021-01-22,9.32
12569,FR0000133308,2021-01-25,9.59
12570,FR0000133308,2021-01-26,9.59
12571,FR0000133308,2021-01-27,9.7
12572,FR0000133308,2021-01-28,9.85
12573,FR0000133308,2021-01-29,9.8
12574,FR0000133308,2021-02-01,9.7
12575,FR0000133308,2021-02-02,9.95
12576,FR0000133308,2021-02-03,9.92
12577,FR0000133308,2021-02-04,9.79
12579,FR0000133308,2021-02-08,9.84
12578,FR0000133308,2021-02-05,9.83
12580,FR0000133308,2021-02-09,9.95
12581,FR0000133308,2021-02-10,9.73
12583,FR0000133308,2021-02-12,9.72
12582,FR0000133308,2021-02-11,9.73
12584,FR0000133308,2021-02-15,9.75
12585,FR0000133308,2021-02-16,9.89
12586,FR0000133308,2021-02-17,9.79
12588,FR0000133308,2021-02-19,9.79
12587,FR0000133308,2021-02-18,10.16
12589,FR0000133308,2021-02-22,9.75
12590,FR0000133308,2021-02-23,9.89
12591,FR0000133308,2021-02-24,9.72
12592,FR0000133308,2021-02-25,9.75
12593,FR0000133308,2021-02-26,9.79
12636,FR0007054358,2020-04-29,28.54
12638,FR0007054358,2020-05-01,28.33
12639,FR0007054358,2020-05-04,27.19
12644,FR0007054358,2020-05-11,27.82
12643,FR0007054358,2020-05-08,28.2
12648,FR0007054358,2020-05-15,27.52
12649,FR0007054358,2020-05-18,28.12
12653,FR0007054358,2020-05-22,28.55
12655,FR0007054358,2020-05-26,27.545
12656,FR0007054358,2020-05-27,29.455
12654,FR0007054358,2020-05-25,28.55
12657,FR0007054358,2020-05-28,29.935
12659,FR0007054358,2020-06-01,30.395
12658,FR0007054358,2020-05-29,30.395
12660,FR0007054358,2020-06-02,30.505
12661,FR0007054358,2020-06-03,29.455
12662,FR0007054358,2020-06-04,32.13
12663,FR0007054358,2020-06-05,32.045
12664,FR0007054358,2020-06-08,33.255
12666,FR0007054358,2020-06-10,33.255
12665,FR0007054358,2020-06-09,33.255
12667,FR0007054358,2020-06-11,32.37
12669,FR0007054358,2020-06-15,30.945
12668,FR0007054358,2020-06-12,33.255
12670,FR0007054358,2020-06-16,30.8
12671,FR0007054358,2020-06-17,31.87
12672,FR0007054358,2020-06-18,31.87
12673,FR0007054358,2020-06-19,30.8
12674,FR0007054358,2020-06-22,32.16
12675,FR0007054358,2020-06-23,31.945
12676,FR0007054358,2020-06-24,32.16
12678,FR0007054358,2020-06-26,31.72
12677,FR0007054358,2020-06-25,31.485
12679,FR0007054358,2020-06-29,31.945
12680,FR0007054358,2020-06-30,32.115
12681,FR0007054358,2020-07-01,31.865
12682,FR0007054358,2020-07-02,30.945
12683,FR0007054358,2020-07-03,32.73
12686,FR0007054358,2020-07-08,31.485
12684,FR0007054358,2020-07-06,32.52
12685,FR0007054358,2020-07-07,33.055
12688,FR0007054358,2020-07-10,32.16
12687,FR0007054358,2020-07-09,31.855
12689,FR0007054358,2020-07-13,33.255
12690,FR0007054358,2020-07-14,33.255
12691,FR0007054358,2020-07-15,32.235
12695,FR0007054358,2020-07-21,32.91
12692,FR0007054358,2020-07-16,32.79
12693,FR0007054358,2020-07-17,32.67
12694,FR0007054358,2020-07-20,32.655
12696,FR0007054358,2020-07-22,32.5
12697,FR0007054358,2020-07-23,32.73
12698,FR0007054358,2020-07-24,32.73
12699,FR0007054358,2020-07-27,32.235
12700,FR0007054358,2020-07-28,32.08
12701,FR0007054358,2020-07-29,32.08
12702,FR0007054358,2020-07-30,31.95
12703,FR0007054358,2020-07-31,30.945
12704,FR0007054358,2020-08-03,30.82
12705,FR0007054358,2020-08-04,31.56
12706,FR0007054358,2020-08-05,31.56
12707,FR0007054358,2020-08-06,31.86
12708,FR0007054358,2020-08-07,31.56
12709,FR0007054358,2020-08-10,31.905
12710,FR0007054358,2020-08-11,31.905
12711,FR0007054358,2020-08-12,32.52
12712,FR0007054358,2020-08-13,32.37
12713,FR0007054358,2020-08-14,32.465
12715,FR0007054358,2020-08-18,32.5
12714,FR0007054358,2020-08-17,32.105
12718,FR0007054358,2020-08-21,31.795
12716,FR0007054358,2020-08-19,32.235
12717,FR0007054358,2020-08-20,31.905
12719,FR0007054358,2020-08-24,31.905
12720,FR0007054358,2020-08-25,32.355
12721,FR0007054358,2020-08-26,32.235
12722,FR0007054358,2020-08-27,32.36
12723,FR0007054358,2020-08-28,32.6
12724,FR0007054358,2020-08-31,32.6
12725,FR0007054358,2020-09-01,32.215
12726,FR0007054358,2020-09-02,31.845
12727,FR0007054358,2020-09-03,32.235
12728,FR0007054358,2020-09-04,32.095
12730,FR0007054358,2020-09-08,32.21
12729,FR0007054358,2020-09-07,32.67
12731,FR0007054358,2020-09-09,31.845
12732,FR0007054358,2020-09-10,32.43
12733,FR0007054358,2020-09-11,32.195
12734,FR0007054358,2020-09-14,32.2
12735,FR0007054358,2020-09-15,32.195
12736,FR0007054358,2020-09-16,31.845
12737,FR0007054358,2020-09-17,32.2
12738,FR0007054358,2020-09-18,31.7
12739,FR0007054358,2020-09-21,32.21
12740,FR0007054358,2020-09-22,30.69
12741,FR0007054358,2020-09-23,31.715
12743,FR0007054358,2020-09-25,30.945
12742,FR0007054358,2020-09-24,32.115
12744,FR0007054358,2020-09-28,30.945
12745,FR0007054358,2020-09-29,31.365
12748,FR0007054358,2020-10-02,31.06
12749,FR0007054358,2020-10-05,31.245
12750,FR0007054358,2020-10-06,31.315
12751,FR0007054358,2020-10-07,31.445
12752,FR0007054358,2020-10-08,31.425
12753,FR0007054358,2020-10-09,31.71
12754,FR0007054358,2020-10-12,31.805
12755,FR0007054358,2020-10-13,32.08
12756,FR0007054358,2020-10-14,31.81
12757,FR0007054358,2020-10-15,32.08
12758,FR0007054358,2020-10-16,31.81
12759,FR0007054358,2020-10-19,31.81
12760,FR0007054358,2020-10-20,31.81
12761,FR0007054358,2020-10-21,31.55
12762,FR0007054358,2020-10-22,30.92
12763,FR0007054358,2020-10-23,31.39
12764,FR0007054358,2020-10-26,31.05
12765,FR0007054358,2020-10-27,31.36
12766,FR0007054358,2020-10-28,29.91
12775,FR0007054358,2020-11-10,33.13
12778,FR0007054358,2020-11-13,33.37
12774,FR0007054358,2020-11-09,31.15
12776,FR0007054358,2020-11-11,33.49
12777,FR0007054358,2020-11-12,33.76
12780,FR0007054358,2020-11-17,33.74
12779,FR0007054358,2020-11-16,33.42
12781,FR0007054358,2020-11-18,33.74
12782,FR0007054358,2020-11-19,33.89
12783,FR0007054358,2020-11-20,33.74
12784,FR0007054358,2020-11-23,33.74
12785,FR0007054358,2020-11-24,33.69
12786,FR0007054358,2020-11-25,34.13
12787,FR0007054358,2020-11-26,34.19
12788,FR0007054358,2020-11-27,34.17
12789,FR0007054358,2020-11-30,34.17
12790,FR0007054358,2020-12-01,33.91
12791,FR0007054358,2020-12-02,34.31
12792,FR0007054358,2020-12-03,34.23
12793,FR0007054358,2020-12-04,34.23
12794,FR0007054358,2020-12-07,34.31
12795,FR0007054358,2020-12-08,34.4
12796,FR0007054358,2020-12-09,34.22
12798,FR0007054358,2020-12-11,34.4
12797,FR0007054358,2020-12-10,34.4
12799,FR0007054358,2020-12-14,34.4
12800,FR0007054358,2020-12-15,34.305
12801,FR0007054358,2020-12-16,34.195
12802,FR0007054358,2020-12-17,34.14
12804,FR0007054358,2020-12-21,33.8
12803,FR0007054358,2020-12-18,33.8
12805,FR0007054358,2020-12-22,33.44
12807,FR0007054358,2020-12-24,34.325
12806,FR0007054358,2020-12-23,34.325
12808,FR0007054358,2020-12-28,34.395
12809,FR0007054358,2020-12-29,34.23
12810,FR0007054358,2020-12-30,34.35
12812,FR0007054358,2021-01-01,34.365
12811,FR0007054358,2020-12-31,34.325
12813,FR0007054358,2021-01-04,34.705
12815,FR0007054358,2021-01-06,34.41
12816,FR0007054358,2021-01-07,34.705
12814,FR0007054358,2021-01-05,34.705
12817,FR0007054358,2021-01-08,35.005
12818,FR0007054358,2021-01-11,35.345
12819,FR0007054358,2021-01-12,35.345
12820,FR0007054358,2021-01-13,35.12
12821,FR0007054358,2021-01-14,35.015
12822,FR0007054358,2021-01-15,35.325
12823,FR0007054358,2021-01-18,35.325
12824,FR0007054358,2021-01-19,35.155
12825,FR0007054358,2021-01-20,35.345
12827,FR0007054358,2021-01-22,34.94
12826,FR0007054358,2021-01-21,34.91
12828,FR0007054358,2021-01-25,34.94
12829,FR0007054358,2021-01-26,34.91
12830,FR0007054358,2021-01-27,35.18
12831,FR0007054358,2021-01-28,35.105
12832,FR0007054358,2021-01-29,34.94
12833,FR0007054358,2021-02-01,34.47
12834,FR0007054358,2021-02-02,34.87
12838,FR0007054358,2021-02-08,34.24
12835,FR0007054358,2021-02-03,35.015
12837,FR0007054358,2021-02-05,33.79
12836,FR0007054358,2021-02-04,35.07
12839,FR0007054358,2021-02-09,34.79
12840,FR0007054358,2021-02-10,35.54
12842,FR0007054358,2021-02-12,35.105
12841,FR0007054358,2021-02-11,35.18
12843,FR0007054358,2021-02-15,34.94
12844,FR0007054358,2021-02-16,35.54
12845,FR0007054358,2021-02-17,35.43
12846,FR0007054358,2021-02-18,34.94
12847,FR0007054358,2021-02-19,35.875
12848,FR0007054358,2021-02-22,35.75
12849,FR0007054358,2021-02-23,34.87
12850,FR0007054358,2021-02-24,35.18
12851,FR0007054358,2021-02-25,35.18
12852,FR0007054358,2021-02-26,35.18
12888,FR0010315770,2020-04-20,182.46001
12890,FR0010315770,2020-04-22,176.63
12893,FR0010315770,2020-04-27,181.25
12899,FR0010315770,2020-05-05,180.8
12895,FR0010315770,2020-04-29,186.83
12892,FR0010315770,2020-04-24,183.06
12897,FR0010315770,2020-05-01,186.58
12900,FR0010315770,2020-05-06,177.92
12894,FR0010315770,2020-04-28,183.06
12896,FR0010315770,2020-04-30,176.63
12898,FR0010315770,2020-05-04,186.084
12901,FR0010315770,2020-05-07,185.7
12902,FR0010315770,2020-05-08,183.94
12903,FR0010315770,2020-05-11,188.72
12904,FR0010315770,2020-05-12,183.06
12905,FR0010315770,2020-05-13,189.09
12906,FR0010315770,2020-05-14,189.09
12907,FR0010315770,2020-05-15,182.17999
12908,FR0010315770,2020-05-18,183.64999
12909,FR0010315770,2020-05-19,190.38
12912,FR0010315770,2020-05-22,190.22
12911,FR0010315770,2020-05-21,190.22
12910,FR0010315770,2020-05-20,189.62
12916,FR0010315770,2020-05-28,192.17999
12917,FR0010315770,2020-05-29,192.17999
12913,FR0010315770,2020-05-25,188.83
12915,FR0010315770,2020-05-27,183.64999
12918,FR0010315770,2020-06-01,194.69
12919,FR0010315770,2020-06-02,193.8
12914,FR0010315770,2020-05-26,182.17999
12920,FR0010315770,2020-06-03,186.084
12921,FR0010315770,2020-06-04,188.52
12922,FR0010315770,2020-06-05,185.59
12923,FR0010315770,2020-06-08,200.94
12924,FR0010315770,2020-06-09,185.59
12925,FR0010315770,2020-06-10,186.83
12926,FR0010315770,2020-06-11,185.59
12927,FR0010315770,2020-06-12,191.61
12929,FR0010315770,2020-06-16,189.91
12928,FR0010315770,2020-06-15,191.47
12931,FR0010315770,2020-06-18,197.75
12933,FR0010315770,2020-06-22,197.75
12930,FR0010315770,2020-06-17,196.35001
12932,FR0010315770,2020-06-19,196.82001
12936,FR0010315770,2020-06-25,191.61
12935,FR0010315770,2020-06-24,191.61
12940,FR0010315770,2020-07-01,196.82001
12937,FR0010315770,2020-06-26,197.75
12934,FR0010315770,2020-06-23,195.94
12938,FR0010315770,2020-06-29,193.12
12939,FR0010315770,2020-06-30,193.12
12941,FR0010315770,2020-07-02,195.61
12942,FR0010315770,2020-07-03,195.61
12943,FR0010315770,2020-07-06,197.36
12944,FR0010315770,2020-07-07,200.05
12945,FR0010315770,2020-07-08,193.12
12946,FR0010315770,2020-07-09,193.1
12948,FR0010315770,2020-07-13,194.5
12947,FR0010315770,2020-07-10,192.7
12949,FR0010315770,2020-07-14,199.4
12952,FR0010315770,2020-07-17,197.4
12951,FR0010315770,2020-07-16,198.8
12950,FR0010315770,2020-07-15,199.4
12958,FR0010315770,2020-07-27,196.36
12954,FR0010315770,2020-07-21,199.7
12957,FR0010315770,2020-07-24,194.52
12953,FR0010315770,2020-07-20,199.7
12956,FR0010315770,2020-07-23,198.08
12955,FR0010315770,2020-07-22,197.89
12959,FR0010315770,2020-07-28,195.57001
12960,FR0010315770,2020-07-29,194.74001
12961,FR0010315770,2020-07-30,195.61
12962,FR0010315770,2020-07-31,195.61
12963,FR0010315770,2020-08-03,191.78
12964,FR0010315770,2020-08-04,195.61
12965,FR0010315770,2020-08-05,198.84
12966,FR0010315770,2020-08-06,196.07001
12968,FR0010315770,2020-08-10,197.53
12967,FR0010315770,2020-08-07,195.95
12969,FR0010315770,2020-08-11,198.11
12972,FR0010315770,2020-08-14,200.15
12970,FR0010315770,2020-08-12,198.11
12971,FR0010315770,2020-08-13,200.05
12977,FR0010315770,2020-08-21,197.42
12975,FR0010315770,2020-08-19,195.57
12974,FR0010315770,2020-08-18,199.38
12973,FR0010315770,2020-08-17,199.46
12978,FR0010315770,2020-08-24,197.42
12980,FR0010315770,2020-08-26,200.36
12976,FR0010315770,2020-08-20,198.76
12979,FR0010315770,2020-08-25,199.51
12981,FR0010315770,2020-08-27,200.05
12982,FR0010315770,2020-08-28,203.96
12983,FR0010315770,2020-08-31,203.73
12984,FR0010315770,2020-09-01,202.27
12985,FR0010315770,2020-09-02,199.05
12986,FR0010315770,2020-09-03,192.63
12987,FR0010315770,2020-09-04,203.55
12989,FR0010315770,2020-09-08,203.0
12988,FR0010315770,2020-09-07,203.73
12990,FR0010315770,2020-09-09,203.7
12991,FR0010315770,2020-09-10,203.96
12995,FR0010315770,2020-09-16,203.96
12992,FR0010315770,2020-09-11,199.88
12993,FR0010315770,2020-09-14,199.88
12996,FR0010315770,2020-09-17,198.49
12997,FR0010315770,2020-09-18,198.49
12999,FR0010315770,2020-09-22,193.87
12998,FR0010315770,2020-09-21,198.08
13000,FR0010315770,2020-09-23,193.41
13001,FR0010315770,2020-09-24,194.74
13002,FR0010315770,2020-09-25,195.95
13003,FR0010315770,2020-09-28,200.05
13004,FR0010315770,2020-09-29,200.05
13005,FR0010315770,2020-09-30,197.89
13006,FR0010315770,2020-10-01,200.63
13007,FR0010315770,2020-10-02,201.12
13009,FR0010315770,2020-10-06,201.64
13008,FR0010315770,2020-10-05,200.27
13010,FR0010315770,2020-10-07,203.55
13011,FR0010315770,2020-10-08,198.94
13012,FR0010315770,2020-10-09,204.76
13017,FR0010315770,2020-10-16,207.27
13013,FR0010315770,2020-10-12,205.13
13018,FR0010315770,2020-10-19,203.55
13015,FR0010315770,2020-10-14,208.7
13014,FR0010315770,2020-10-13,207.79
13016,FR0010315770,2020-10-15,203.55
13021,FR0010315770,2020-10-22,202.16
13019,FR0010315770,2020-10-20,198.94
13020,FR0010315770,2020-10-21,203.55
13022,FR0010315770,2020-10-23,202.16
13023,FR0010315770,2020-10-26,202.07
13024,FR0010315770,2020-10-27,199.79
13025,FR0010315770,2020-10-28,200.05
13026,FR0010315770,2020-10-29,201.86
13027,FR0010315770,2020-10-30,196.2
13028,FR0010315770,2020-11-02,195.63
13030,FR0010315770,2020-11-04,197.09
13029,FR0010315770,2020-11-03,195.63
13031,FR0010315770,2020-11-05,205.89
13032,FR0010315770,2020-11-06,207.46
13035,FR0010315770,2020-11-11,210.7
13036,FR0010315770,2020-11-12,213.51
13033,FR0010315770,2020-11-09,206.06
13034,FR0010315770,2020-11-10,213.46
13038,FR0010315770,2020-11-16,203.16
13037,FR0010315770,2020-11-13,213.51
13039,FR0010315770,2020-11-17,207.7
13040,FR0010315770,2020-11-18,214.15
13041,FR0010315770,2020-11-19,214.82
13042,FR0010315770,2020-11-20,212.71
13043,FR0010315770,2020-11-23,202.94
13044,FR0010315770,2020-11-24,213.7
13045,FR0010315770,2020-11-25,213.7
13046,FR0010315770,2020-11-26,215.87
13047,FR0010315770,2020-11-27,216.4
13048,FR0010315770,2020-11-30,216.1
13050,FR0010315770,2020-12-02,216.1
13049,FR0010315770,2020-12-01,216.05
13051,FR0010315770,2020-12-03,214.6
13052,FR0010315770,2020-12-04,214.6
13054,FR0010315770,2020-12-08,213.7
13053,FR0010315770,2020-12-07,215.65
13055,FR0010315770,2020-12-09,215.87
13056,FR0010315770,2020-12-10,216.5
13058,FR0010315770,2020-12-14,215.8
13061,FR0010315770,2020-12-17,215.9
13057,FR0010315770,2020-12-11,214.55
13059,FR0010315770,2020-12-15,215.8
13060,FR0010315770,2020-12-16,216.5
13063,FR0010315770,2020-12-21,215.05
13062,FR0010315770,2020-12-18,214.55
13064,FR0010315770,2020-12-22,214.26
13065,FR0010315770,2020-12-23,214.15
13066,FR0010315770,2020-12-24,215.9
13067,FR0010315770,2020-12-28,214.8
13068,FR0010315770,2020-12-29,215.9
13069,FR0010315770,2020-12-30,216.9
13070,FR0010315770,2020-12-31,215.05
13072,FR0010315770,2021-01-04,215.8
13071,FR0010315770,2021-01-01,214.88
13073,FR0010315770,2021-01-05,215.25
13078,FR0010315770,2021-01-12,216.47
13074,FR0010315770,2021-01-06,216.65
13077,FR0010315770,2021-01-11,214.88
13076,FR0010315770,2021-01-08,214.55
13075,FR0010315770,2021-01-07,216.47
13080,FR0010315770,2021-01-14,222.84
13079,FR0010315770,2021-01-13,215.25
13081,FR0010315770,2021-01-15,223.86
13082,FR0010315770,2021-01-18,222.23
13083,FR0010315770,2021-01-19,222.4
13084,FR0010315770,2021-01-20,222.84
13085,FR0010315770,2021-01-21,223.86
13087,FR0010315770,2021-01-25,222.4
13086,FR0010315770,2021-01-22,222.84
13088,FR0010315770,2021-01-26,212.24
13089,FR0010315770,2021-01-27,224.38
13090,FR0010315770,2021-01-28,221.48
13091,FR0010315770,2021-01-29,222.0
13092,FR0010315770,2021-02-01,223.31
13094,FR0010315770,2021-02-03,215.8
13093,FR0010315770,2021-02-02,224.38
13095,FR0010315770,2021-02-04,225.45
13098,FR0010315770,2021-02-09,216.9
13097,FR0010315770,2021-02-08,214.8
13096,FR0010315770,2021-02-05,227.55
13099,FR0010315770,2021-02-10,218.85
13100,FR0010315770,2021-02-11,228.0
13101,FR0010315770,2021-02-12,228.85
13102,FR0010315770,2021-02-15,221.77
13103,FR0010315770,2021-02-16,221.77
13104,FR0010315770,2021-02-17,221.77
13105,FR0010315770,2021-02-18,229.6
13112,FR0010510800,2020-03-02,104.594
13106,FR0010315770,2021-02-19,231.95
13107,FR0010315770,2021-02-22,221.77
13109,FR0010315770,2021-02-24,222.6
13111,FR0010315770,2021-02-26,226.05
13116,FR0010510800,2020-03-06,104.593
13119,FR0010510800,2020-03-11,104.582
13117,FR0010510800,2020-03-09,104.582
13125,FR0010510800,2020-03-19,104.553
13126,FR0010510800,2020-03-20,104.546
13128,FR0010510800,2020-03-24,104.557
13127,FR0010510800,2020-03-23,104.546
13131,FR0010510800,2020-03-27,104.541
13138,FR0010510800,2020-04-07,104.524
13137,FR0010510800,2020-04-06,104.544
13142,FR0010510800,2020-04-13,104.521
13141,FR0010510800,2020-04-10,104.544
13139,FR0010510800,2020-04-08,104.524
13140,FR0010510800,2020-04-09,104.507
13144,FR0010510800,2020-04-15,104.498
13143,FR0010510800,2020-04-14,104.504
13145,FR0010510800,2020-04-16,104.498
13147,FR0010510800,2020-04-20,104.498
13148,FR0010510800,2020-04-21,104.498
13149,FR0010510800,2020-04-22,104.49
13150,FR0010510800,2020-04-23,104.484
13151,FR0010510800,2020-04-24,104.478
13153,FR0010510800,2020-04-28,104.478
13152,FR0010510800,2020-04-27,104.478
13165,FR0010510800,2020-05-14,104.448
13166,FR0010510800,2020-05-15,104.462
13170,FR0010510800,2020-05-21,104.446
13169,FR0010510800,2020-05-20,104.446
13172,FR0010510800,2020-05-25,104.439
13173,FR0010510800,2020-05-26,104.442
13174,FR0010510800,2020-05-27,104.438
13177,FR0010510800,2020-06-01,104.45
13176,FR0010510800,2020-05-29,104.418
13179,FR0010510800,2020-06-03,104.42
13182,FR0010510800,2020-06-08,104.405
13181,FR0010510800,2020-06-05,104.42
13183,FR0010510800,2020-06-09,104.4
13186,FR0010510800,2020-06-12,104.393
13187,FR0010510800,2020-06-15,104.393
13185,FR0010510800,2020-06-11,104.4
13189,FR0010510800,2020-06-17,104.391
13196,FR0010510800,2020-06-26,104.364
13197,FR0010510800,2020-06-29,104.376
13202,FR0010510800,2020-07-06,104.357
13201,FR0010510800,2020-07-03,104.357
13200,FR0010510800,2020-07-02,104.357
13218,FR0010510800,2020-07-28,104.31
13219,FR0010510800,2020-07-29,104.32
13220,FR0010510800,2020-07-30,104.31
13221,FR0010510800,2020-07-31,104.31
13229,FR0010510800,2020-08-12,104.28
13228,FR0010510800,2020-08-11,104.28
13225,FR0010510800,2020-08-06,104.29
13226,FR0010510800,2020-08-07,104.28
13227,FR0010510800,2020-08-10,104.28
13230,FR0010510800,2020-08-13,104.28
13231,FR0010510800,2020-08-14,104.27
13232,FR0010510800,2020-08-17,104.27
13233,FR0010510800,2020-08-18,104.26
13234,FR0010510800,2020-08-19,104.26
13235,FR0010510800,2020-08-20,104.26
13237,FR0010510800,2020-08-24,104.26
13239,FR0010510800,2020-08-26,104.27
13238,FR0010510800,2020-08-25,104.26
13240,FR0010510800,2020-08-27,104.25
13242,FR0010510800,2020-08-31,104.25
13244,FR0010510800,2020-09-02,104.234
13243,FR0010510800,2020-09-01,104.25
13246,FR0010510800,2020-09-04,104.233
13249,FR0010510800,2020-09-09,104.225
13245,FR0010510800,2020-09-03,104.233
13250,FR0010510800,2020-09-10,104.226
13248,FR0010510800,2020-09-08,104.239
13251,FR0010510800,2020-09-11,104.214
13252,FR0010510800,2020-09-14,104.214
13259,FR0010510800,2020-09-23,104.199
13255,FR0010510800,2020-09-17,104.207
13261,FR0010510800,2020-09-25,104.199
13262,FR0010510800,2020-09-28,104.191
13264,FR0010510800,2020-09-30,104.185
13282,FR0010510800,2020-10-26,104.132
13283,FR0010510800,2020-10-27,104.14
13284,FR0010510800,2020-10-28,104.123
13285,FR0010510800,2020-10-29,104.121
13286,FR0010510800,2020-10-30,104.132
13287,FR0010510800,2020-11-02,104.109
13290,FR0010510800,2020-11-05,104.109
13289,FR0010510800,2020-11-04,104.109
13288,FR0010510800,2020-11-03,104.109
13293,FR0010510800,2020-11-10,104.105
13294,FR0010510800,2020-11-11,104.102
13296,FR0010510800,2020-11-13,104.095
13297,FR0010510800,2020-11-16,104.095
13295,FR0010510800,2020-11-12,104.1
13299,FR0010510800,2020-11-18,104.097
13301,FR0010510800,2020-11-20,104.084
13302,FR0010510800,2020-11-23,104.084
13303,FR0010510800,2020-11-24,104.074
13305,FR0010510800,2020-11-26,104.074
13304,FR0010510800,2020-11-25,104.082
13306,FR0010510800,2020-11-27,104.068
13308,FR0010510800,2020-12-01,104.077
13309,FR0010510800,2020-12-02,104.054
13316,FR0010510800,2020-12-11,104.038
13317,FR0010510800,2020-12-14,104.038
13318,FR0010510800,2020-12-15,104.038
13319,FR0010510800,2020-12-16,104.049
13320,FR0010510800,2020-12-17,104.031
13323,FR0010510800,2020-12-22,104.038
13321,FR0010510800,2020-12-18,104.027
13322,FR0010510800,2020-12-21,104.027
13325,FR0010510800,2020-12-24,104.011
13328,FR0010510800,2020-12-30,104.009
13329,FR0010510800,2020-12-31,104.008
13326,FR0010510800,2020-12-28,104.011
13332,FR0010510800,2021-01-05,103.992
13331,FR0010510800,2021-01-04,103.992
13335,FR0010510800,2021-01-08,103.983
13337,FR0010510800,2021-01-12,103.985
13338,FR0010510800,2021-01-13,103.983
13334,FR0010510800,2021-01-07,103.992
13339,FR0010510800,2021-01-14,103.982
13342,FR0010510800,2021-01-19,103.985
13340,FR0010510800,2021-01-15,103.967
13341,FR0010510800,2021-01-18,103.982
13343,FR0010510800,2021-01-20,103.967
13344,FR0010510800,2021-01-21,103.963
13345,FR0010510800,2021-01-22,103.975
13346,FR0010510800,2021-01-25,103.972
13347,FR0010510800,2021-01-26,103.959
13350,FR0010510800,2021-01-29,103.959
13348,FR0010510800,2021-01-27,103.966
13352,FR0010510800,2021-02-02,103.94
13354,FR0010510800,2021-02-04,103.937
13355,FR0010510800,2021-02-05,103.929
13359,FR0010510800,2021-02-11,103.918
13363,FR0010510800,2021-02-17,103.908
13366,FR0010510800,2021-02-22,103.921
13364,FR0010510800,2021-02-18,103.908
13365,FR0010510800,2021-02-19,103.908
13369,FR0010510800,2021-02-25,103.896
13415,FR0013176526,2020-05-01,21.17
13414,FR0013176526,2020-04-30,20.74
13417,FR0013176526,2020-05-05,20.74
13418,FR0013176526,2020-05-06,21.51
13416,FR0013176526,2020-05-04,20.74
13419,FR0013176526,2020-05-07,20.91
13420,FR0013176526,2020-05-08,20.91
13421,FR0013176526,2020-05-11,20.7
13422,FR0013176526,2020-05-12,20.14
13423,FR0013176526,2020-05-13,20.7
13424,FR0013176526,2020-05-14,20.74
13425,FR0013176526,2020-05-15,20.74
13426,FR0013176526,2020-05-18,20.74
13429,FR0013176526,2020-05-21,18.67
13430,FR0013176526,2020-05-22,18.83
13431,FR0013176526,2020-05-25,18.83
13432,FR0013176526,2020-05-26,19.62
13433,FR0013176526,2020-05-27,21.63
13434,FR0013176526,2020-05-28,19.62
13435,FR0013176526,2020-05-29,19.62
13437,FR0013176526,2020-06-02,22.68
13436,FR0013176526,2020-06-01,21.8
13439,FR0013176526,2020-06-04,23.39
13438,FR0013176526,2020-06-03,22.15
13440,FR0013176526,2020-06-05,23.22
13441,FR0013176526,2020-06-08,23.92
13442,FR0013176526,2020-06-09,18.18
13443,FR0013176526,2020-06-10,23.87
13444,FR0013176526,2020-06-11,23.54
13445,FR0013176526,2020-06-12,21.65
13446,FR0013176526,2020-06-15,22.0
13448,FR0013176526,2020-06-17,24.1
13447,FR0013176526,2020-06-16,22.87
13449,FR0013176526,2020-06-18,22.98
13450,FR0013176526,2020-06-19,22.0
13451,FR0013176526,2020-06-22,21.52
13452,FR0013176526,2020-06-23,21.52
13453,FR0013176526,2020-06-24,23.04
13454,FR0013176526,2020-06-25,21.94
13455,FR0013176526,2020-06-26,22.22
13458,FR0013176526,2020-07-01,23.36
13456,FR0013176526,2020-06-29,22.22
13459,FR0013176526,2020-07-02,21.52
13457,FR0013176526,2020-06-30,22.22
13460,FR0013176526,2020-07-03,22.22
13461,FR0013176526,2020-07-06,23.5
13462,FR0013176526,2020-07-07,23.87
13463,FR0013176526,2020-07-08,23.54
13464,FR0013176526,2020-07-09,23.24
13465,FR0013176526,2020-07-10,22.0
13466,FR0013176526,2020-07-13,23.74
13467,FR0013176526,2020-07-14,24.1
13468,FR0013176526,2020-07-15,22.98
13469,FR0013176526,2020-07-16,22.9
13470,FR0013176526,2020-07-17,21.52
13471,FR0013176526,2020-07-20,24.07
13472,FR0013176526,2020-07-21,23.98
13473,FR0013176526,2020-07-22,24.07
13474,FR0013176526,2020-07-23,24.19
13475,FR0013176526,2020-07-24,23.99
13476,FR0013176526,2020-07-27,24.07
13479,FR0013176526,2020-07-30,23.5
13477,FR0013176526,2020-07-28,22.96
13478,FR0013176526,2020-07-29,24.23
13481,FR0013176526,2020-08-03,23.41
13480,FR0013176526,2020-07-31,22.68
13482,FR0013176526,2020-08-04,23.68
13483,FR0013176526,2020-08-05,22.53
13484,FR0013176526,2020-08-06,22.68
13485,FR0013176526,2020-08-07,23.36
13487,FR0013176526,2020-08-11,24.23
13486,FR0013176526,2020-08-10,22.96
13488,FR0013176526,2020-08-12,23.5
13489,FR0013176526,2020-08-13,24.37
13490,FR0013176526,2020-08-14,24.24
13491,FR0013176526,2020-08-17,23.24
13492,FR0013176526,2020-08-18,22.22
13493,FR0013176526,2020-08-19,23.74
13494,FR0013176526,2020-08-20,25.44
13495,FR0013176526,2020-08-21,23.98
13496,FR0013176526,2020-08-24,24.25
13498,FR0013176526,2020-08-26,23.99
13497,FR0013176526,2020-08-25,24.95
13499,FR0013176526,2020-08-27,25.16
13500,FR0013176526,2020-08-28,24.23
13501,FR0013176526,2020-08-31,25.87
13503,FR0013176526,2020-09-02,25.6
13502,FR0013176526,2020-09-01,24.98
13504,FR0013176526,2020-09-03,26.87
13505,FR0013176526,2020-09-04,26.99
13506,FR0013176526,2020-09-07,25.6
13507,FR0013176526,2020-09-08,23.53
13508,FR0013176526,2020-09-09,28.31
13509,FR0013176526,2020-09-10,28.37
13510,FR0013176526,2020-09-11,28.31
13511,FR0013176526,2020-09-14,28.37
13512,FR0013176526,2020-09-15,23.53
13513,FR0013176526,2020-09-16,28.37
13514,FR0013176526,2020-09-17,28.37
13515,FR0013176526,2020-09-18,27.83
13516,FR0013176526,2020-09-21,28.31
13517,FR0013176526,2020-09-22,25.63
13518,FR0013176526,2020-09-23,26.83
13519,FR0013176526,2020-09-24,25.63
13520,FR0013176526,2020-09-25,26.14
13521,FR0013176526,2020-09-28,25.63
13522,FR0013176526,2020-09-29,27.83
13523,FR0013176526,2020-09-30,26.83
13524,FR0013176526,2020-10-01,27.8
13525,FR0013176526,2020-10-02,26.67
13526,FR0013176526,2020-10-05,26.67
13527,FR0013176526,2020-10-06,26.96
13528,FR0013176526,2020-10-07,25.88
13529,FR0013176526,2020-10-08,28.15
13530,FR0013176526,2020-10-09,27.52
13531,FR0013176526,2020-10-12,27.59
13532,FR0013176526,2020-10-13,27.83
13533,FR0013176526,2020-10-14,25.63
13534,FR0013176526,2020-10-15,27.69
13535,FR0013176526,2020-10-16,26.94
13536,FR0013176526,2020-10-19,27.64
13538,FR0013176526,2020-10-21,27.64
13537,FR0013176526,2020-10-20,27.85
13539,FR0013176526,2020-10-22,27.39
13540,FR0013176526,2020-10-23,27.69
13541,FR0013176526,2020-10-26,27.69
13542,FR0013176526,2020-10-27,27.85
13543,FR0013176526,2020-10-28,27.69
13544,FR0013176526,2020-10-29,26.94
13545,FR0013176526,2020-10-30,25.38
13546,FR0013176526,2020-11-02,25.97
13547,FR0013176526,2020-11-03,26.25
13548,FR0013176526,2020-11-04,27.1
13549,FR0013176526,2020-11-05,27.39
13550,FR0013176526,2020-11-06,27.39
13551,FR0013176526,2020-11-09,27.39
13552,FR0013176526,2020-11-10,28.01
13553,FR0013176526,2020-11-11,31.0
13555,FR0013176526,2020-11-13,29.8
13554,FR0013176526,2020-11-12,31.1
13556,FR0013176526,2020-11-16,30.08
13558,FR0013176526,2020-11-18,29.8
13557,FR0013176526,2020-11-17,30.96
13559,FR0013176526,2020-11-19,30.96
13560,FR0013176526,2020-11-20,30.96
13561,FR0013176526,2020-11-23,31.06
13562,FR0013176526,2020-11-24,31.06
13564,FR0013176526,2020-11-26,32.29
13563,FR0013176526,2020-11-25,31.6
13565,FR0013176526,2020-11-27,32.8
13566,FR0013176526,2020-11-30,33.52
13567,FR0013176526,2020-12-01,32.52
13568,FR0013176526,2020-12-02,32.8
13569,FR0013176526,2020-12-03,32.94
13570,FR0013176526,2020-12-04,32.94
13571,FR0013176526,2020-12-07,32.37
13572,FR0013176526,2020-12-08,31.72
13573,FR0013176526,2020-12-09,31.72
13574,FR0013176526,2020-12-10,31.68
13576,FR0013176526,2020-12-14,30.81
13575,FR0013176526,2020-12-11,31.68
13578,FR0013176526,2020-12-16,31.93
13577,FR0013176526,2020-12-15,31.72
13579,FR0013176526,2020-12-17,31.72
13580,FR0013176526,2020-12-18,32.37
13581,FR0013176526,2020-12-21,32.37
13582,FR0013176526,2020-12-22,31.66
13584,FR0013176526,2020-12-24,32.57
13583,FR0013176526,2020-12-23,31.7
13585,FR0013176526,2020-12-28,32.48
13586,FR0013176526,2020-12-29,32.55
13588,FR0013176526,2020-12-31,31.59
13587,FR0013176526,2020-12-30,31.72
13589,FR0013176526,2021-01-01,32.55
13590,FR0013176526,2021-01-04,31.44
13591,FR0013176526,2021-01-05,31.72
13592,FR0013176526,2021-01-06,32.37
13593,FR0013176526,2021-01-07,32.37
13594,FR0013176526,2021-01-08,32.37
13595,FR0013176526,2021-01-11,32.37
13596,FR0013176526,2021-01-12,30.57
13597,FR0013176526,2021-01-13,31.97
13598,FR0013176526,2021-01-14,32.37
13600,FR0013176526,2021-01-18,31.72
13599,FR0013176526,2021-01-15,30.55
13601,FR0013176526,2021-01-19,31.01
13604,FR0013176526,2021-01-22,31.96
13602,FR0013176526,2021-01-20,32.37
13603,FR0013176526,2021-01-21,31.35
13605,FR0013176526,2021-01-25,31.96
13606,FR0013176526,2021-01-26,31.96
13607,FR0013176526,2021-01-27,31.63
13608,FR0013176526,2021-01-28,31.63
13610,FR0013176526,2021-02-01,31.63
13609,FR0013176526,2021-01-29,30.92
13611,FR0013176526,2021-02-02,30.89
13612,FR0013176526,2021-02-03,32.14
13613,FR0013176526,2021-02-04,32.68
13614,FR0013176526,2021-02-05,33.12
13615,FR0013176526,2021-02-08,33.12
13616,FR0013176526,2021-02-09,33.12
13617,FR0013176526,2021-02-10,32.92
13618,FR0013176526,2021-02-11,32.44
13619,FR0013176526,2021-02-12,32.44
13620,FR0013176526,2021-02-15,32.54
13831,FR0013480613,2020-12-08,112.370552
13833,FR0013480613,2020-12-10,111.927444
13834,FR0013480613,2020-12-11,112.766335
13621,FR0013176526,2021-02-16,32.54
13832,FR0013480613,2020-12-09,112.01712
13835,FR0013480613,2020-12-14,112.737335
13622,FR0013176526,2021-02-17,32.36
13836,FR0013480613,2020-12-15,111.782974
13623,FR0013176526,2021-02-18,31.97
13624,FR0013176526,2021-02-19,32.46
13838,FR0013480613,2020-12-17,111.852913
13625,FR0013176526,2021-02-22,32.4
13839,FR0013480613,2020-12-18,112.326141
13626,FR0013176526,2021-02-23,30.57
13837,FR0013480613,2020-12-16,110.91516
13840,FR0013480613,2020-12-21,112.245377
13841,FR0013480613,2020-12-22,111.633888
13842,FR0013480613,2020-12-23,110.126755
13843,FR0013480613,2020-12-24,111.626717
13627,FR0013176526,2021-02-24,30.56
13844,FR0013480613,2020-12-28,110.491081
13628,FR0013176526,2021-02-25,32.55
13845,FR0013480613,2020-12-29,110.491081
13846,FR0013480613,2020-12-30,111.535851
13848,FR0013480613,2021-01-01,112.12979
13847,FR0013480613,2020-12-31,112.129791
13849,FR0013480613,2021-01-04,111.96976
13850,FR0013480613,2021-01-05,113.35468
13851,FR0013480613,2021-01-06,112.73718
13852,FR0013480613,2021-01-07,112.53264
13853,FR0013480613,2021-01-08,111.14169
13854,FR0013480613,2021-01-11,111.4567
13629,FR0013176526,2021-02-26,30.17
13856,FR0013480613,2021-01-13,109.54423
13855,FR0013480613,2021-01-12,110.49612
13857,FR0013480613,2021-01-14,110.49612
13858,FR0013480613,2021-01-15,111.2085
13860,FR0013480613,2021-01-19,109.91782
13861,FR0013480613,2021-01-20,110.17166
13862,FR0013480613,2021-01-21,109.91782
13859,FR0013480613,2021-01-18,111.62672
13863,FR0013480613,2021-01-22,109.29907
13864,FR0013480613,2021-01-25,111.2085
13865,FR0013480613,2021-01-26,109.20285
13867,FR0013480613,2021-01-28,109.84045
13870,FR0013480613,2021-02-02,108.36883
13899,GB00B15KXV33,2020-03-16,4.2128105
13900,GB00B15KXV33,2020-03-17,3.9326384
13902,GB00B15KXV33,2020-03-19,4.3823633
13908,GB00B15KXV33,2020-03-27,3.1617413
13901,GB00B15KXV33,2020-03-18,3.8125248
13905,GB00B15KXV33,2020-03-24,3.0221462
13907,GB00B15KXV33,2020-03-26,3.8125248
13909,GB00B15KXV33,2020-03-30,2.8511281
13910,GB00B15KXV33,2020-03-31,2.7048907
13911,GB00B15KXV33,2020-04-01,2.7560031
13912,GB00B15KXV33,2020-04-02,2.7560031
13903,GB00B15KXV33,2020-03-20,3.0838306
13904,GB00B15KXV33,2020-03-23,3.0838306
13915,GB00B15KXV33,2020-04-07,2.7048907
13906,GB00B15KXV33,2020-03-25,3.0221462
13913,GB00B15KXV33,2020-04-03,2.7048907
13916,GB00B15KXV33,2020-04-08,3.6128478
13914,GB00B15KXV33,2020-04-06,2.7048907
13926,GB00B15KXV33,2020-04-22,2.1739848
13934,GB00B15KXV33,2020-05-04,1.7406276
13935,GB00B15KXV33,2020-05-05,2.1186857
13936,GB00B15KXV33,2020-05-06,2.4825084
13939,GB00B15KXV33,2020-05-11,2.8576767
13937,GB00B15KXV33,2020-05-07,2.4825084
13938,GB00B15KXV33,2020-05-08,2.4825084
13940,GB00B15KXV33,2020-05-12,1.7395154
13941,GB00B15KXV33,2020-05-13,2.4552684
13942,GB00B15KXV33,2020-05-14,2.4444973
13943,GB00B15KXV33,2020-05-15,2.6216476
13945,GB00B15KXV33,2020-05-19,2.4862149
13984,GB00B15KXV33,2020-07-13,3.3132982
13983,GB00B15KXV33,2020-07-10,3.2781439
13985,GB00B15KXV33,2020-07-14,3.3952129
13982,GB00B15KXV33,2020-07-09,3.4008181
13986,GB00B15KXV33,2020-07-15,3.3828402
13987,GB00B15KXV33,2020-07-16,3.3784063
13988,GB00B15KXV33,2020-07-17,3.3784063
13989,GB00B15KXV33,2020-07-20,3.3975074
13990,GB00B15KXV33,2020-07-21,3.3646481
13991,GB00B15KXV33,2020-07-22,3.3496587
13993,GB00B15KXV33,2020-07-24,3.4014139
13992,GB00B15KXV33,2020-07-23,3.4707279
13996,GB00B15KXV33,2020-07-29,3.279964
13995,GB00B15KXV33,2020-07-28,3.3496587
13998,GB00B15KXV33,2020-07-31,3.3952129
13997,GB00B15KXV33,2020-07-30,3.3288403
14004,GB00B15KXV33,2020-08-10,3.2812741
14003,GB00B15KXV33,2020-08-07,3.3286116
14005,GB00B15KXV33,2020-08-11,3.3288403
14006,GB00B15KXV33,2020-08-12,3.3762779
14009,GB00B15KXV33,2020-08-17,3.3495367
14008,GB00B15KXV33,2020-08-14,3.3784063
14011,GB00B15KXV33,2020-08-19,3.3496587
14007,GB00B15KXV33,2020-08-13,3.3979356
14010,GB00B15KXV33,2020-08-18,3.3558295
14012,GB00B15KXV33,2020-08-20,3.3784063
14013,GB00B15KXV33,2020-08-21,3.3784063
14014,GB00B15KXV33,2020-08-24,3.3496587
14016,GB00B15KXV33,2020-08-26,3.4707279
14015,GB00B15KXV33,2020-08-25,3.4707279
14018,GB00B15KXV33,2020-08-28,3.4014139
14017,GB00B15KXV33,2020-08-27,3.4245822
14019,GB00B15KXV33,2020-08-31,3.3558295
14020,GB00B15KXV33,2020-09-01,3.3707156
14021,GB00B15KXV33,2020-09-02,3.1995614
14022,GB00B15KXV33,2020-09-03,3.3288403
14023,GB00B15KXV33,2020-09-04,3.3288403
14024,GB00B15KXV33,2020-09-07,3.2040896
14025,GB00B15KXV33,2020-09-08,3.2828877
14026,GB00B15KXV33,2020-09-09,3.3952129
14029,GB00B15KXV33,2020-09-14,2.9768991
14027,GB00B15KXV33,2020-09-10,3.1061833
14028,GB00B15KXV33,2020-09-11,3.0317976
14030,GB00B15KXV33,2020-09-15,2.9359789
14031,GB00B15KXV33,2020-09-16,3.318603
14032,GB00B15KXV33,2020-09-17,3.129746
14033,GB00B15KXV33,2020-09-18,3.213752
14035,GB00B15KXV33,2020-09-22,3.213752
14034,GB00B15KXV33,2020-09-21,3.2291822
14037,GB00B15KXV33,2020-09-24,3.2781439
14036,GB00B15KXV33,2020-09-23,3.2781439
14038,GB00B15KXV33,2020-09-25,3.2088547
14039,GB00B15KXV33,2020-09-28,3.2794023
14040,GB00B15KXV33,2020-09-29,3.076339
14041,GB00B15KXV33,2020-09-30,3.076339
14042,GB00B15KXV33,2020-10-01,3.1602418
14044,GB00B15KXV33,2020-10-05,3.076339
14043,GB00B15KXV33,2020-10-02,2.980536
14046,GB00B15KXV33,2020-10-07,3.2794023
14045,GB00B15KXV33,2020-10-06,3.1108036
14049,GB00B15KXV33,2020-10-12,3.2157719
14048,GB00B15KXV33,2020-10-09,3.3832839
14047,GB00B15KXV33,2020-10-08,3.2794023
14051,GB00B15KXV33,2020-10-14,2.980536
14050,GB00B15KXV33,2020-10-13,3.1110408
14052,GB00B15KXV33,2020-10-15,3.1513367
14053,GB00B15KXV33,2020-10-16,3.1980135
14055,GB00B15KXV33,2020-10-20,3.0799313
14054,GB00B15KXV33,2020-10-19,3.1980135
14056,GB00B15KXV33,2020-10-21,3.1110408
14058,GB00B15KXV33,2020-10-23,3.1702306
14057,GB00B15KXV33,2020-10-22,2.980536
14059,GB00B15KXV33,2020-10-26,3.1108036
14060,GB00B15KXV33,2020-10-27,3.1575949
14061,GB00B15KXV33,2020-10-28,3.1337221
14062,GB00B15KXV33,2020-10-29,2.9851925
14064,GB00B15KXV33,2020-11-02,2.7956889
14063,GB00B15KXV33,2020-10-30,2.8054233
14065,GB00B15KXV33,2020-11-03,2.8478487
14066,GB00B15KXV33,2020-11-04,2.9546161
14068,GB00B15KXV33,2020-11-06,3.2157719
14067,GB00B15KXV33,2020-11-05,3.0058115
14069,GB00B15KXV33,2020-11-09,3.1499286
14070,GB00B15KXV33,2020-11-10,3.2174582
14071,GB00B15KXV33,2020-11-11,3.1633224
14072,GB00B15KXV33,2020-11-12,3.2235072
14091,GB00B15KXV33,2020-12-09,3.3946617
14093,GB00B15KXV33,2020-12-11,3.5293376
14092,GB00B15KXV33,2020-12-10,3.3946617
14098,GB00B15KXV33,2020-12-18,3.5435631
14100,GB00B15KXV33,2020-12-22,3.3712997
14099,GB00B15KXV33,2020-12-21,3.3707156
14101,GB00B15KXV33,2020-12-23,3.4637022
14102,GB00B15KXV33,2020-12-24,3.4637022
14103,GB00B15KXV33,2020-12-28,3.4637022
14104,GB00B15KXV33,2020-12-29,3.5052576
14105,GB00B15KXV33,2020-12-30,3.5161939
14106,GB00B15KXV33,2020-12-31,3.4901638
14107,GB00B15KXV33,2021-01-01,3.4805171
14108,GB00B15KXV33,2021-01-04,3.5173733
14110,GB00B15KXV33,2021-01-06,3.6183033
14109,GB00B15KXV33,2021-01-05,3.4708226
14112,GB00B15KXV33,2021-01-08,3.6751156
14113,GB00B15KXV33,2021-01-11,3.7428358
14116,GB00B15KXV33,2021-01-14,3.8684912
14115,GB00B15KXV33,2021-01-13,3.8829997
14118,GB00B15KXV33,2021-01-18,3.8267641
14117,GB00B15KXV33,2021-01-15,3.8635178
14119,GB00B15KXV33,2021-01-19,3.8506436
14121,GB00B15KXV33,2021-01-21,3.9023407
14120,GB00B15KXV33,2021-01-20,3.902364
14122,GB00B15KXV33,2021-01-22,3.881762
14123,GB00B15KXV33,2021-01-25,3.881762
14124,GB00B15KXV33,2021-01-26,3.9023407
14125,GB00B15KXV33,2021-01-27,3.902364
14126,GB00B15KXV33,2021-01-28,3.8506436
14127,GB00B15KXV33,2021-01-29,3.8471477
14128,GB00B15KXV33,2021-02-01,3.8357968
14129,GB00B15KXV33,2021-02-02,3.8675809
14130,GB00B15KXV33,2021-02-03,4.0186615
14131,GB00B15KXV33,2021-02-04,4.1149411
14132,GB00B15KXV33,2021-02-05,4.1071582
14133,GB00B15KXV33,2021-02-08,4.2116761
14134,GB00B15KXV33,2021-02-09,4.2410955
14135,GB00B15KXV33,2021-02-10,4.2663622
14136,GB00B15KXV33,2021-02-11,4.2863064
14138,GB00B15KXV33,2021-02-15,4.2863064
14139,GB00B15KXV33,2021-02-16,4.3886809
14137,GB00B15KXV33,2021-02-12,4.2863064
14140,GB00B15KXV33,2021-02-17,4.2993035
14142,GB00B15KXV33,2021-02-19,4.3255796
14144,GB00B15KXV33,2021-02-23,4.36656
14141,GB00B15KXV33,2021-02-18,4.3255796
14143,GB00B15KXV33,2021-02-22,4.36656
14145,GB00B15KXV33,2021-02-24,4.4737701
14147,GB00B15KXV33,2021-02-26,4.625608
14146,GB00B15KXV33,2021-02-25,4.5979538
14177,GB00B15KY989,2020-04-10,6.0619526
14178,GB00B15KY989,2020-04-13,6.0619526
14183,GB00B15KY989,2020-04-20,5.9697666
14184,GB00B15KY989,2020-04-21,6.0784154
14198,GB00B15KY989,2020-05-11,5.8716888
14199,GB00B15KY989,2020-05-12,5.9121618
14200,GB00B15KY989,2020-05-13,5.8716888
14205,GB00B15KY989,2020-05-20,5.9802346
14206,GB00B15KY989,2020-05-21,6.0103769
14204,GB00B15KY989,2020-05-19,6.0251322
14208,GB00B15KY989,2020-05-25,5.9802346
14209,GB00B15KY989,2020-05-26,5.9726057
14210,GB00B15KY989,2020-05-27,5.9141526
14233,GB00B15KY989,2020-06-29,5.8841567
14231,GB00B15KY989,2020-06-25,5.8422899
14229,GB00B15KY989,2020-06-23,5.9816298
14234,GB00B15KY989,2020-06-30,5.8478384
14232,GB00B15KY989,2020-06-26,5.8057723
14235,GB00B15KY989,2020-07-01,5.9339199
14239,GB00B15KY989,2020-07-07,6.0721769
14240,GB00B15KY989,2020-07-08,6.0678749
14241,GB00B15KY989,2020-07-09,6.0678749
14242,GB00B15KY989,2020-07-10,6.0612988
14243,GB00B15KY989,2020-07-13,6.0989785
14245,GB00B15KY989,2020-07-15,6.0087123
14244,GB00B15KY989,2020-07-14,6.0791106
14246,GB00B15KY989,2020-07-16,6.0721769
14248,GB00B15KY989,2020-07-20,6.0992112
14247,GB00B15KY989,2020-07-17,6.0216198
14249,GB00B15KY989,2020-07-21,6.0612988
14252,GB00B15KY989,2020-07-24,6.0801897
14250,GB00B15KY989,2020-07-22,5.9735436
14253,GB00B15KY989,2020-07-27,6.0580788
14251,GB00B15KY989,2020-07-23,6.0360541
14254,GB00B15KY989,2020-07-28,6.0580788
14255,GB00B15KY989,2020-07-29,6.0092912
14256,GB00B15KY989,2020-07-30,6.0092912
14257,GB00B15KY989,2020-07-31,6.0092912
14258,GB00B15KY989,2020-08-03,6.0633364
14259,GB00B15KY989,2020-08-04,6.1193433
14260,GB00B15KY989,2020-08-05,6.1559992
14261,GB00B15KY989,2020-08-06,6.2486019
14262,GB00B15KY989,2020-08-07,6.2024026
14264,GB00B15KY989,2020-08-11,6.2001777
14263,GB00B15KY989,2020-08-10,6.1284971
14265,GB00B15KY989,2020-08-12,6.1651363
14266,GB00B15KY989,2020-08-13,6.1372442
14267,GB00B15KY989,2020-08-14,6.1570477
14268,GB00B15KY989,2020-08-17,6.1570477
14269,GB00B15KY989,2020-08-18,6.1887727
14270,GB00B15KY989,2020-08-19,6.2340994
14282,GB00B15KY989,2020-09-04,6.3376245
14283,GB00B15KY989,2020-09-07,6.2296944
14284,GB00B15KY989,2020-09-08,6.2744732
14285,GB00B15KY989,2020-09-09,6.271359
14286,GB00B15KY989,2020-09-10,6.2296944
14287,GB00B15KY989,2020-09-11,6.2744732
14288,GB00B15KY989,2020-09-14,6.271359
14289,GB00B15KY989,2020-09-15,6.2817755
14290,GB00B15KY989,2020-09-16,6.2650256
14291,GB00B15KY989,2020-09-17,6.2207246
14292,GB00B15KY989,2020-09-18,6.2366409
14293,GB00B15KY989,2020-09-21,6.2207246
14294,GB00B15KY989,2020-09-22,6.174479
14296,GB00B15KY989,2020-09-24,6.1887727
14295,GB00B15KY989,2020-09-23,6.292841
14298,GB00B15KY989,2020-09-28,6.2598529
14297,GB00B15KY989,2020-09-25,6.2486019
14299,GB00B15KY989,2020-09-29,6.0092912
14301,GB00B15KY989,2020-10-01,6.1918488
14300,GB00B15KY989,2020-09-30,6.2486019
14302,GB00B15KY989,2020-10-02,6.1918488
14305,GB00B15KY989,2020-10-07,6.2684159
14303,GB00B15KY989,2020-10-05,6.2490611
14304,GB00B15KY989,2020-10-06,6.2634144
14306,GB00B15KY989,2020-10-08,6.2942805
14307,GB00B15KY989,2020-10-09,6.3144388
14309,GB00B15KY989,2020-10-13,6.3468752
14310,GB00B15KY989,2020-10-14,6.2351451
14308,GB00B15KY989,2020-10-12,6.174479
14311,GB00B15KY989,2020-10-15,6.2442017
14312,GB00B15KY989,2020-10-16,6.2744732
14313,GB00B15KY989,2020-10-19,6.4456425
14314,GB00B15KY989,2020-10-20,6.4585376
14315,GB00B15KY989,2020-10-21,6.4585376
14316,GB00B15KY989,2020-10-22,6.4456425
14317,GB00B15KY989,2020-10-23,6.4456425
14318,GB00B15KY989,2020-10-26,6.4456425
14319,GB00B15KY989,2020-10-27,6.292841
14320,GB00B15KY989,2020-10-28,6.292841
14321,GB00B15KY989,2020-10-29,6.31002
14322,GB00B15KY989,2020-10-30,6.3347173
14324,GB00B15KY989,2020-11-03,6.3347173
14323,GB00B15KY989,2020-11-02,6.3347173
14325,GB00B15KY989,2020-11-04,6.2666655
14326,GB00B15KY989,2020-11-05,6.3525448
14327,GB00B15KY989,2020-11-06,6.4729443
14328,GB00B15KY989,2020-11-09,6.4006567
14329,GB00B15KY989,2020-11-10,6.3335519
14330,GB00B15KY989,2020-11-11,6.423686
14331,GB00B15KY989,2020-11-12,6.423686
14332,GB00B15KY989,2020-11-13,6.4930449
14333,GB00B15KY989,2020-11-16,6.4930449
14334,GB00B15KY989,2020-11-17,6.4752564
14336,GB00B15KY989,2020-11-19,6.4930449
14337,GB00B15KY989,2020-11-20,6.4752564
14335,GB00B15KY989,2020-11-18,6.456459
14338,GB00B15KY989,2020-11-23,6.4795971
14339,GB00B15KY989,2020-11-24,6.4766479
14341,GB00B15KY989,2020-11-26,6.4514961
14340,GB00B15KY989,2020-11-25,6.4766479
14342,GB00B15KY989,2020-11-27,6.489512
14343,GB00B15KY989,2020-11-30,6.5076385
14344,GB00B15KY989,2020-12-01,6.5076385
14346,GB00B15KY989,2020-12-03,6.489512
14345,GB00B15KY989,2020-12-02,6.4432406
14347,GB00B15KY989,2020-12-04,6.489512
14349,GB00B15KY989,2020-12-08,6.382535
14348,GB00B15KY989,2020-12-07,6.4134064
14350,GB00B15KY989,2020-12-09,6.3538456
14351,GB00B15KY989,2020-12-10,6.3810096
14352,GB00B15KY989,2020-12-11,6.3538456
14353,GB00B15KY989,2020-12-14,6.382535
14354,GB00B15KY989,2020-12-15,6.3463049
14356,GB00B15KY989,2020-12-17,6.4178195
14357,GB00B15KY989,2020-12-18,6.5407963
14355,GB00B15KY989,2020-12-16,6.4659724
14358,GB00B15KY989,2020-12-21,6.5519743
14359,GB00B15KY989,2020-12-22,6.5343947
14361,GB00B15KY989,2020-12-24,6.4514961
14360,GB00B15KY989,2020-12-23,6.51717
14362,GB00B15KY989,2020-12-28,6.4913688
14363,GB00B15KY989,2020-12-29,6.489512
14364,GB00B15KY989,2020-12-30,6.4134064
14365,GB00B15KY989,2020-12-31,6.4134064
14366,GB00B15KY989,2021-01-01,6.5919256
14367,GB00B15KY989,2021-01-04,6.6261883
14368,GB00B15KY989,2021-01-05,6.5919256
14369,GB00B15KY989,2021-01-06,6.8244152
14370,GB00B15KY989,2021-01-07,6.8096042
14371,GB00B15KY989,2021-01-08,6.8096042
14372,GB00B15KY989,2021-01-11,6.7795606
14373,GB00B15KY989,2021-01-12,6.8096042
14375,GB00B15KY989,2021-01-14,6.8096042
14374,GB00B15KY989,2021-01-13,6.8096042
14377,GB00B15KY989,2021-01-18,6.8778882
14376,GB00B15KY989,2021-01-15,6.8096042
14378,GB00B15KY989,2021-01-19,6.8778882
14379,GB00B15KY989,2021-01-20,6.901794
14380,GB00B15KY989,2021-01-21,6.8655491
14381,GB00B15KY989,2021-01-22,6.901794
14382,GB00B15KY989,2021-01-25,6.9024878
14383,GB00B15KY989,2021-01-26,6.7948852
14385,GB00B15KY989,2021-01-28,6.8770075
14384,GB00B15KY989,2021-01-27,6.7948852
14386,GB00B15KY989,2021-01-29,6.8770075
14387,GB00B15KY989,2021-02-01,6.8935432
14388,GB00B15KY989,2021-02-02,6.9536452
14389,GB00B15KY989,2021-02-03,6.8655491
14390,GB00B15KY989,2021-02-04,7.0387588
14391,GB00B15KY989,2021-02-05,7.0289207
14392,GB00B15KY989,2021-02-08,7.1949463
14393,GB00B15KY989,2021-02-09,7.2040529
14394,GB00B15KY989,2021-02-10,7.2040529
14395,GB00B15KY989,2021-02-11,7.2040529
14397,GB00B15KY989,2021-02-15,7.1641955
14396,GB00B15KY989,2021-02-12,7.2235708
14398,GB00B15KY989,2021-02-16,7.2380238
14399,GB00B15KY989,2021-02-17,7.18048
14400,GB00B15KY989,2021-02-18,7.2235708
14401,GB00B15KY989,2021-02-19,7.2040529
14407,GB00BH4HKS39,2020-03-02,1.5745783
14402,GB00B15KY989,2021-02-22,7.351203
14403,GB00B15KY989,2021-02-23,7.3752575
14404,GB00B15KY989,2021-02-24,7.3918386
14405,GB00B15KY989,2021-02-25,7.3918386
14406,GB00B15KY989,2021-02-26,7.4338369
14436,GB00BH4HKS39,2020-04-10,1.0892277
14437,GB00BH4HKS39,2020-04-13,1.2891061
14438,GB00BH4HKS39,2020-04-14,1.2980136
14439,GB00BH4HKS39,2020-04-15,1.2839067
14440,GB00BH4HKS39,2020-04-16,1.2839067
14442,GB00BH4HKS39,2020-04-20,1.2519022
14444,GB00BH4HKS39,2020-04-22,1.2121394
14445,GB00BH4HKS39,2020-04-23,1.2143737
14446,GB00BH4HKS39,2020-04-24,1.2281265
14447,GB00BH4HKS39,2020-04-27,1.2529166
14448,GB00BH4HKS39,2020-04-28,1.2660451
14449,GB00BH4HKS39,2020-04-29,1.2143737
14450,GB00BH4HKS39,2020-04-30,1.2143737
14451,GB00BH4HKS39,2020-05-01,1.197312
14452,GB00BH4HKS39,2020-05-04,1.2969153
14453,GB00BH4HKS39,2020-05-05,1.2671933
14454,GB00BH4HKS39,2020-05-06,1.2833968
14455,GB00BH4HKS39,2020-05-07,1.0892277
14456,GB00BH4HKS39,2020-05-08,1.2885753
14457,GB00BH4HKS39,2020-05-11,1.2778779
14458,GB00BH4HKS39,2020-05-12,1.2778779
14459,GB00BH4HKS39,2020-05-13,1.4016922
14460,GB00BH4HKS39,2020-05-14,1.3722745
14462,GB00BH4HKS39,2020-05-18,1.3692516
14474,GB00BH4HKS39,2020-06-03,1.5026339
14461,GB00BH4HKS39,2020-05-15,1.0892277
14475,GB00BH4HKS39,2020-06-04,1.514732
14473,GB00BH4HKS39,2020-06-02,1.4791558
14472,GB00BH4HKS39,2020-06-01,1.4791558
14476,GB00BH4HKS39,2020-06-05,1.5348204
14477,GB00BH4HKS39,2020-06-08,1.5348204
14479,GB00BH4HKS39,2020-06-10,1.5649645
14480,GB00BH4HKS39,2020-06-11,1.5282377
14481,GB00BH4HKS39,2020-06-12,1.4082485
14491,GB00BH4HKS39,2020-06-26,1.4017005
14493,GB00BH4HKS39,2020-06-30,1.4052504
14492,GB00BH4HKS39,2020-06-29,1.4311037
14494,GB00BH4HKS39,2020-07-01,1.4102696
14495,GB00BH4HKS39,2020-07-02,1.409436
14496,GB00BH4HKS39,2020-07-03,1.434237
14498,GB00BH4HKS39,2020-07-07,1.4441011
14497,GB00BH4HKS39,2020-07-06,1.4102696
14499,GB00BH4HKS39,2020-07-08,1.4379668
14500,GB00BH4HKS39,2020-07-09,1.5026339
14503,GB00BH4HKS39,2020-07-14,1.3923366
14501,GB00BH4HKS39,2020-07-10,1.3934518
14505,GB00BH4HKS39,2020-07-16,1.3934518
14502,GB00BH4HKS39,2020-07-13,1.378083
14504,GB00BH4HKS39,2020-07-15,1.4037932
14507,GB00BH4HKS39,2020-07-20,1.4028469
14506,GB00BH4HKS39,2020-07-17,1.4037932
14508,GB00BH4HKS39,2020-07-21,1.4201537
14509,GB00BH4HKS39,2020-07-22,1.4402961
14510,GB00BH4HKS39,2020-07-23,1.3934518
14511,GB00BH4HKS39,2020-07-24,1.3642719
14513,GB00BH4HKS39,2020-07-28,1.3281184
14512,GB00BH4HKS39,2020-07-27,1.378083
14538,GB00BH4HKS39,2020-09-01,1.2812693
14539,GB00BH4HKS39,2020-09-02,1.1994526
14540,GB00BH4HKS39,2020-09-03,1.2812693
14541,GB00BH4HKS39,2020-09-04,1.2133805
14544,GB00BH4HKS39,2020-09-09,1.2026386
14542,GB00BH4HKS39,2020-09-07,1.1994526
14543,GB00BH4HKS39,2020-09-08,1.2812693
14548,GB00BH4HKS39,2020-09-15,1.1853211
14546,GB00BH4HKS39,2020-09-11,1.2065476
14545,GB00BH4HKS39,2020-09-10,1.2065476
14549,GB00BH4HKS39,2020-09-16,1.1814387
14550,GB00BH4HKS39,2020-09-17,1.1890713
14547,GB00BH4HKS39,2020-09-14,1.1937819
14551,GB00BH4HKS39,2020-09-18,1.1814387
14552,GB00BH4HKS39,2020-09-21,1.1784
14553,GB00BH4HKS39,2020-09-22,1.1272172
14554,GB00BH4HKS39,2020-09-23,1.1327581
14555,GB00BH4HKS39,2020-09-24,1.1272172
14557,GB00BH4HKS39,2020-09-28,1.1272172
14556,GB00BH4HKS39,2020-09-25,1.1272172
14558,GB00BH4HKS39,2020-09-29,1.1272172
14560,GB00BH4HKS39,2020-10-01,1.1407437
14561,GB00BH4HKS39,2020-10-02,1.1203475
14559,GB00BH4HKS39,2020-09-30,1.1272172
14562,GB00BH4HKS39,2020-10-05,1.1247567
14563,GB00BH4HKS39,2020-10-06,1.1878935
14564,GB00BH4HKS39,2020-10-07,1.1878935
14566,GB00BH4HKS39,2020-10-09,1.1203475
14567,GB00BH4HKS39,2020-10-12,1.2223376
14565,GB00BH4HKS39,2020-10-08,1.1979219
14568,GB00BH4HKS39,2020-10-13,1.2332709
14570,GB00BH4HKS39,2020-10-15,1.2790152
14571,GB00BH4HKS39,2020-10-16,1.1203475
14572,GB00BH4HKS39,2020-10-19,1.1203475
14569,GB00BH4HKS39,2020-10-14,1.1203475
14573,GB00BH4HKS39,2020-10-20,1.1878935
14574,GB00BH4HKS39,2020-10-21,1.1203475
14575,GB00BH4HKS39,2020-10-22,1.2223376
14576,GB00BH4HKS39,2020-10-23,1.2050925
14577,GB00BH4HKS39,2020-10-26,1.2462004
14579,GB00BH4HKS39,2020-10-28,1.1203475
14582,GB00BH4HKS39,2020-11-02,1.17892
14581,GB00BH4HKS39,2020-10-30,1.136194
14583,GB00BH4HKS39,2020-11-03,1.1768225
14584,GB00BH4HKS39,2020-11-04,1.17892
14580,GB00BH4HKS39,2020-10-29,1.136194
14587,GB00BH4HKS39,2020-11-09,1.1890713
14585,GB00BH4HKS39,2020-11-05,1.1864668
14586,GB00BH4HKS39,2020-11-06,1.1723626
14588,GB00BH4HKS39,2020-11-10,1.2422361
14578,GB00BH4HKS39,2020-10-27,1.1979219
14589,GB00BH4HKS39,2020-11-11,1.2993952
14590,GB00BH4HKS39,2020-11-12,1.3137801
14591,GB00BH4HKS39,2020-11-13,1.3137801
14592,GB00BH4HKS39,2020-11-16,1.3284887
14594,GB00BH4HKS39,2020-11-18,1.3660024
14593,GB00BH4HKS39,2020-11-17,1.3284887
14595,GB00BH4HKS39,2020-11-19,1.3660024
14596,GB00BH4HKS39,2020-11-20,1.3611565
14597,GB00BH4HKS39,2020-11-23,1.3751692
14598,GB00BH4HKS39,2020-11-24,1.3675178
14599,GB00BH4HKS39,2020-11-25,1.3675178
14600,GB00BH4HKS39,2020-11-26,1.3966249
14602,GB00BH4HKS39,2020-11-30,1.4112607
14601,GB00BH4HKS39,2020-11-27,1.3966249
14603,GB00BH4HKS39,2020-12-01,1.3772386
14604,GB00BH4HKS39,2020-12-02,1.400154
14605,GB00BH4HKS39,2020-12-03,1.400154
14606,GB00BH4HKS39,2020-12-04,1.4126149
14607,GB00BH4HKS39,2020-12-07,1.4174569
14608,GB00BH4HKS39,2020-12-08,1.4410014
14609,GB00BH4HKS39,2020-12-09,1.463358
14610,GB00BH4HKS39,2020-12-10,1.4410014
14611,GB00BH4HKS39,2020-12-11,1.4410014
14612,GB00BH4HKS39,2020-12-14,1.2133805
14614,GB00BH4HKS39,2020-12-16,1.426204
14613,GB00BH4HKS39,2020-12-15,1.4348859
14615,GB00BH4HKS39,2020-12-17,1.426204
14616,GB00BH4HKS39,2020-12-18,1.3890009
14617,GB00BH4HKS39,2020-12-21,1.3939561
14619,GB00BH4HKS39,2020-12-23,1.3385693
14618,GB00BH4HKS39,2020-12-22,1.337889
14620,GB00BH4HKS39,2020-12-24,1.352139
14621,GB00BH4HKS39,2020-12-28,1.3648829
14622,GB00BH4HKS39,2020-12-29,1.3648829
14623,GB00BH4HKS39,2020-12-30,1.3594978
14624,GB00BH4HKS39,2020-12-31,1.3486766
14626,GB00BH4HKS39,2021-01-04,1.3746287
14627,GB00BH4HKS39,2021-01-05,1.3648829
14625,GB00BH4HKS39,2021-01-01,1.3400515
14628,GB00BH4HKS39,2021-01-06,1.4394679
14629,GB00BH4HKS39,2021-01-07,1.4634172
14630,GB00BH4HKS39,2021-01-08,1.4414983
14631,GB00BH4HKS39,2021-01-11,1.4202381
14632,GB00BH4HKS39,2021-01-12,1.4228213
14634,GB00BH4HKS39,2021-01-14,1.4394679
14633,GB00BH4HKS39,2021-01-13,1.4228213
14635,GB00BH4HKS39,2021-01-15,1.426204
14636,GB00BH4HKS39,2021-01-18,1.4634172
14637,GB00BH4HKS39,2021-01-19,1.4634172
14639,GB00BH4HKS39,2021-01-21,1.4278991
14638,GB00BH4HKS39,2021-01-20,1.4278991
14640,GB00BH4HKS39,2021-01-22,1.426204
14642,GB00BH4HKS39,2021-01-26,1.4441533
14641,GB00BH4HKS39,2021-01-25,1.4367517
14643,GB00BH4HKS39,2021-01-27,1.4429504
14645,GB00BH4HKS39,2021-01-29,1.4410014
14644,GB00BH4HKS39,2021-01-28,1.463358
14646,GB00BH4HKS39,2021-02-01,1.463358
14647,GB00BH4HKS39,2021-02-02,1.4278902
14650,GB00BH4HKS39,2021-02-05,1.5394925
14651,GB00BH4HKS39,2021-02-08,1.531998
14652,GB00BH4HKS39,2021-02-09,1.5094792
14653,GB00BH4HKS39,2021-02-10,1.5075823
14654,GB00BH4HKS39,2021-02-11,1.5157307
14655,GB00BH4HKS39,2021-02-12,1.5235701
14656,GB00BH4HKS39,2021-02-15,1.5235701
14666,GR0114031561,2020-03-02,111.7
14667,GR0114031561,2020-03-03,112.06
14668,GR0114031561,2020-03-04,112.06
14669,GR0114031561,2020-03-05,111.65
14670,GR0114031561,2020-03-06,111.69
14657,GB00BH4HKS39,2021-02-16,1.5094792
14671,GR0114031561,2020-03-09,110.97
14658,GB00BH4HKS39,2021-02-17,1.5094792
14672,GR0114031561,2020-03-10,110.97
14673,GR0114031561,2020-03-11,108.65
14659,GB00BH4HKS39,2021-02-18,1.5379755
14696,GR0114031561,2020-04-13,107.44
14697,GR0114031561,2020-04-14,107.41
14660,GB00BH4HKS39,2021-02-19,1.5273372
14700,GR0114031561,2020-04-17,108.75
14661,GB00BH4HKS39,2021-02-22,1.5149636
14701,GR0114031561,2020-04-20,106.9
14704,GR0114031561,2020-04-23,107.1
14705,GR0114031561,2020-04-24,105.0
14662,GB00BH4HKS39,2021-02-23,1.5379755
14663,GB00BH4HKS39,2021-02-24,1.5024962
14706,GR0114031561,2020-04-27,105.0
14664,GB00BH4HKS39,2021-02-25,1.4579461
14665,GB00BH4HKS39,2021-02-26,1.4494255
14707,GR0114031561,2020-04-28,106.2
14708,GR0114031561,2020-04-29,106.35
14709,GR0114031561,2020-04-30,106.25
14710,GR0114031561,2020-05-01,106.25
14711,GR0114031561,2020-05-04,106.25
14712,GR0114031561,2020-05-05,106.82
14713,GR0114031561,2020-05-06,106.6
14714,GR0114031561,2020-05-07,106.13
14715,GR0114031561,2020-05-08,106.44
14716,GR0114031561,2020-05-11,106.6
14717,GR0114031561,2020-05-12,106.6
14718,GR0114031561,2020-05-13,106.9
14719,GR0114031561,2020-05-14,106.6
14721,GR0114031561,2020-05-18,107.72
14720,GR0114031561,2020-05-15,106.44
14722,GR0114031561,2020-05-19,106.6
14724,GR0114031561,2020-05-21,107.8
14725,GR0114031561,2020-05-22,108.85
14723,GR0114031561,2020-05-20,108.33
14726,GR0114031561,2020-05-25,108.95
14727,GR0114031561,2020-05-26,109.01
14728,GR0114031561,2020-05-27,108.95
14729,GR0114031561,2020-05-28,108.89
14730,GR0114031561,2020-05-29,109.48
14731,GR0114031561,2020-06-01,109.55
14732,GR0114031561,2020-06-02,109.48
14733,GR0114031561,2020-06-03,109.55
14735,GR0114031561,2020-06-05,109.64
14734,GR0114031561,2020-06-04,109.49
14737,GR0114031561,2020-06-09,110.45
14736,GR0114031561,2020-06-08,109.64
14738,GR0114031561,2020-06-10,109.72
14739,GR0114031561,2020-06-11,110.45
14741,GR0114031561,2020-06-15,110.75
14740,GR0114031561,2020-06-12,109.79
14742,GR0114031561,2020-06-16,109.8
14743,GR0114031561,2020-06-17,110.9
14744,GR0114031561,2020-06-18,109.8
14745,GR0114031561,2020-06-19,111.0
14746,GR0114031561,2020-06-22,111.1
14747,GR0114031561,2020-06-23,111.0
14748,GR0114031561,2020-06-24,109.8
14749,GR0114031561,2020-06-25,110.9
14750,GR0114031561,2020-06-26,110.7
14751,GR0114031561,2020-06-29,111.0
14752,GR0114031561,2020-06-30,110.7
14753,GR0114031561,2020-07-01,110.7
14754,GR0114031561,2020-07-02,111.1
14755,GR0114031561,2020-07-03,111.0
14757,GR0114031561,2020-07-07,111.3
14756,GR0114031561,2020-07-06,111.1
14758,GR0114031561,2020-07-08,110.9
14759,GR0114031561,2020-07-09,110.7
14760,GR0114031561,2020-07-10,110.8
14761,GR0114031561,2020-07-13,110.8
14762,GR0114031561,2020-07-14,111.3
14763,GR0114031561,2020-07-15,111.2
14764,GR0114031561,2020-07-16,111.0
14765,GR0114031561,2020-07-17,111.2
14766,GR0114031561,2020-07-20,110.9
14767,GR0114031561,2020-07-21,110.9
14768,GR0114031561,2020-07-22,111.2
14769,GR0114031561,2020-07-23,111.3
14770,GR0114031561,2020-07-24,111.3
14771,GR0114031561,2020-07-27,110.9
14772,GR0114031561,2020-07-28,110.8
14773,GR0114031561,2020-07-29,111.6
14775,GR0114031561,2020-07-31,110.9
14774,GR0114031561,2020-07-30,111.0
14776,GR0114031561,2020-08-03,111.0
14777,GR0114031561,2020-08-04,111.6
14778,GR0114031561,2020-08-05,111.5
14780,GR0114031561,2020-08-07,111.7
14779,GR0114031561,2020-08-06,111.7
14781,GR0114031561,2020-08-10,111.7
14783,GR0114031561,2020-08-12,111.7
14782,GR0114031561,2020-08-11,111.7
14784,GR0114031561,2020-08-13,111.7
14785,GR0114031561,2020-08-14,111.6
14786,GR0114031561,2020-08-17,111.7
14787,GR0114031561,2020-08-18,111.7
14788,GR0114031561,2020-08-19,111.5
14789,GR0114031561,2020-08-20,111.4
14790,GR0114031561,2020-08-21,111.4
14791,GR0114031561,2020-08-24,111.6
14792,GR0114031561,2020-08-25,111.4
14793,GR0114031561,2020-08-26,111.3
14794,GR0114031561,2020-08-27,111.4
14795,GR0114031561,2020-08-28,111.4
14797,GR0114031561,2020-09-01,111.56
14796,GR0114031561,2020-08-31,111.36
14798,GR0114031561,2020-09-02,111.35
14799,GR0114031561,2020-09-03,111.22
14800,GR0114031561,2020-09-04,111.57
14801,GR0114031561,2020-09-07,111.54
14802,GR0114031561,2020-09-08,111.22
14803,GR0114031561,2020-09-09,111.33
14804,GR0114031561,2020-09-10,110.98
14805,GR0114031561,2020-09-11,111.24
14806,GR0114031561,2020-09-14,111.29
14807,GR0114031561,2020-09-15,111.27
14808,GR0114031561,2020-09-16,111.19
14809,GR0114031561,2020-09-17,111.45
14810,GR0114031561,2020-09-18,111.31
14811,GR0114031561,2020-09-21,111.31
14812,GR0114031561,2020-09-22,111.24
14813,GR0114031561,2020-09-23,111.24
14815,GR0114031561,2020-09-25,111.55
14814,GR0114031561,2020-09-24,111.22
14816,GR0114031561,2020-09-28,111.31
14817,GR0114031561,2020-09-29,111.28
14818,GR0114031561,2020-09-30,111.26
14819,GR0114031561,2020-10-01,111.1
14821,GR0114031561,2020-10-05,111.1
14820,GR0114031561,2020-10-02,111.06
14822,GR0114031561,2020-10-06,111.01
14823,GR0114031561,2020-10-07,110.99
14824,GR0114031561,2020-10-08,111.01
14825,GR0114031561,2020-10-09,110.99
14826,GR0114031561,2020-10-12,111.3
14827,GR0114031561,2020-10-13,111.57
14828,GR0114031561,2020-10-14,111.54
14829,GR0114031561,2020-10-15,111.35
14830,GR0114031561,2020-10-16,111.18
14831,GR0114031561,2020-10-19,111.04
14832,GR0114031561,2020-10-20,110.94
14833,GR0114031561,2020-10-21,110.94
14835,GR0114031561,2020-10-23,111.2
14834,GR0114031561,2020-10-22,111.05
14836,GR0114031561,2020-10-26,111.29
14837,GR0114031561,2020-10-27,111.27
14838,GR0114031561,2020-10-28,110.97
14839,GR0114031561,2020-10-29,111.0
14841,GR0114031561,2020-11-02,111.16
14840,GR0114031561,2020-10-30,111.19
14842,GR0114031561,2020-11-03,111.24
14843,GR0114031561,2020-11-04,111.35
14844,GR0114031561,2020-11-05,111.31
14846,GR0114031561,2020-11-09,111.58
14845,GR0114031561,2020-11-06,111.29
14847,GR0114031561,2020-11-10,111.27
14848,GR0114031561,2020-11-11,111.57
14849,GR0114031561,2020-11-12,111.54
14850,GR0114031561,2020-11-13,111.52
14851,GR0114031561,2020-11-16,111.59
14852,GR0114031561,2020-11-17,110.93
14853,GR0114031561,2020-11-18,111.74
14854,GR0114031561,2020-11-19,111.72
14855,GR0114031561,2020-11-20,111.73
14856,GR0114031561,2020-11-23,111.72
14857,GR0114031561,2020-11-24,111.6
14859,GR0114031561,2020-11-26,111.5
14858,GR0114031561,2020-11-25,111.51
14860,GR0114031561,2020-11-27,111.23
14861,GR0114031561,2020-11-30,111.5
14862,GR0114031561,2020-12-01,111.23
14863,GR0114031561,2020-12-02,111.37
14864,GR0114031561,2020-12-03,111.4
14866,GR0114031561,2020-12-07,111.72
14865,GR0114031561,2020-12-04,111.65
14867,GR0114031561,2020-12-08,111.65
14868,GR0114031561,2020-12-09,111.62
14869,GR0114031561,2020-12-10,111.63
14870,GR0114031561,2020-12-11,111.62
14871,GR0114031561,2020-12-14,111.63
14872,GR0114031561,2020-12-15,111.63
14873,GR0114031561,2020-12-16,111.64
14874,GR0114031561,2020-12-17,111.64
14875,GR0114031561,2020-12-18,111.65
14877,GR0114031561,2020-12-22,111.35
14876,GR0114031561,2020-12-21,111.46
14879,GR0114031561,2020-12-24,111.35
14878,GR0114031561,2020-12-23,111.38
14880,GR0114031561,2020-12-28,111.38
14881,GR0114031561,2020-12-29,111.4
14882,GR0114031561,2020-12-30,111.13
14883,GR0114031561,2020-12-31,111.26
14884,GR0114031561,2021-01-01,111.27
14886,GR0114031561,2021-01-05,111.38
14885,GR0114031561,2021-01-04,111.36
14887,GR0114031561,2021-01-06,111.27
14888,GR0114031561,2021-01-07,111.01
14890,GR0114031561,2021-01-11,111.4
14889,GR0114031561,2021-01-08,111.34
14891,GR0114031561,2021-01-12,111.4
14892,GR0114031561,2021-01-13,111.4
14893,GR0114031561,2021-01-14,111.33
14895,GR0114031561,2021-01-18,111.31
14894,GR0114031561,2021-01-15,111.21
14896,GR0114031561,2021-01-19,111.2
14897,GR0114031561,2021-01-20,111.29
14978,GR0118019679,2020-05-14,100.0
14979,GR0118019679,2020-05-15,100.5
14898,GR0114031561,2021-01-21,111.31
14980,GR0118019679,2020-05-18,100.8
14913,GR0114031561,2021-02-11,111.21
14914,GR0114031561,2021-02-12,111.26
14916,GR0114031561,2021-02-16,111.24
14917,GR0114031561,2021-02-17,111.25
14915,GR0114031561,2021-02-15,111.19
14981,GR0118019679,2020-05-19,100.8
14982,GR0118019679,2020-05-20,100.9
14983,GR0118019679,2020-05-21,100.9
14984,GR0118019679,2020-05-22,102.7
14985,GR0118019679,2020-05-25,100.8
14986,GR0118019679,2020-05-26,103.0
14918,GR0114031561,2021-02-18,111.06
14987,GR0118019679,2020-05-27,100.8
14919,GR0114031561,2021-02-19,111.22
14988,GR0118019679,2020-05-28,102.2
14920,GR0114031561,2021-02-22,110.98
14921,GR0114031561,2021-02-23,110.96
14990,GR0118019679,2020-06-01,104.0
14989,GR0118019679,2020-05-29,102.7
14991,GR0118019679,2020-06-02,104.1
14992,GR0118019679,2020-06-03,104.2
14993,GR0118019679,2020-06-04,104.1
14923,GR0114031561,2021-02-25,110.82
14994,GR0118019679,2020-06-05,104.6
14922,GR0114031561,2021-02-24,110.91
14924,GR0114031561,2021-02-26,110.82
14995,GR0118019679,2020-06-08,105.2
14996,GR0118019679,2020-06-09,104.4
14997,GR0118019679,2020-06-10,104.9
14998,GR0118019679,2020-06-11,105.3
14999,GR0118019679,2020-06-12,105.5
15000,GR0118019679,2020-06-15,105.4
15001,GR0118019679,2020-06-16,106.0
15002,GR0118019679,2020-06-17,106.5
15003,GR0118019679,2020-06-18,106.2
15004,GR0118019679,2020-06-19,106.0
15005,GR0118019679,2020-06-22,106.0
15006,GR0118019679,2020-06-23,106.2
15007,GR0118019679,2020-06-24,106.3
15008,GR0118019679,2020-06-25,106.2
15009,GR0118019679,2020-06-26,105.8
15010,GR0118019679,2020-06-29,106.0
15011,GR0118019679,2020-06-30,105.8
15012,GR0118019679,2020-07-01,105.8
15013,GR0118019679,2020-07-02,106.0
15014,GR0118019679,2020-07-03,106.1
15015,GR0118019679,2020-07-06,106.9
15016,GR0118019679,2020-07-07,106.3
15017,GR0118019679,2020-07-08,106.9
15018,GR0118019679,2020-07-09,106.9
15019,GR0118019679,2020-07-10,107.0
15020,GR0118019679,2020-07-13,107.1
15021,GR0118019679,2020-07-14,107.2
15022,GR0118019679,2020-07-15,106.5
15023,GR0118019679,2020-07-16,107.1
15024,GR0118019679,2020-07-17,106.9
15025,GR0118019679,2020-07-20,107.0
15026,GR0118019679,2020-07-21,106.1
15027,GR0118019679,2020-07-22,106.4
15028,GR0118019679,2020-07-23,106.8
15029,GR0118019679,2020-07-24,106.1
15030,GR0118019679,2020-07-27,107.4
15031,GR0118019679,2020-07-28,107.2
15032,GR0118019679,2020-07-29,107.4
15033,GR0118019679,2020-07-30,107.3
15034,GR0118019679,2020-07-31,107.3
15035,GR0118019679,2020-08-03,107.3
15036,GR0118019679,2020-08-04,106.9
15037,GR0118019679,2020-08-05,106.9
15038,GR0118019679,2020-08-06,107.3
15039,GR0118019679,2020-08-07,107.5
15040,GR0118019679,2020-08-10,106.2
15041,GR0118019679,2020-08-11,107.7
15042,GR0118019679,2020-08-12,107.6
15043,GR0118019679,2020-08-13,107.6
15044,GR0118019679,2020-08-14,107.7
15045,GR0118019679,2020-08-17,107.3
15046,GR0118019679,2020-08-18,106.8
15047,GR0118019679,2020-08-19,107.4
15048,GR0118019679,2020-08-20,107.4
15049,GR0118019679,2020-08-21,107.5
15050,GR0118019679,2020-08-24,107.6
15051,GR0118019679,2020-08-25,107.7
15052,GR0118019679,2020-08-26,107.3
15053,GR0118019679,2020-08-27,107.2
15054,GR0118019679,2020-08-28,107.5
15055,GR0118019679,2020-08-31,107.6
15056,GR0118019679,2020-09-01,107.5
15057,GR0118019679,2020-09-02,107.2
15058,GR0118019679,2020-09-03,107.3
15059,GR0118019679,2020-09-04,107.3
15060,GR0118019679,2020-09-07,107.3
15061,GR0118019679,2020-09-08,107.4
15062,GR0118019679,2020-09-09,107.2
15063,GR0118019679,2020-09-10,107.3
15064,GR0118019679,2020-09-11,107.4
15065,GR0118019679,2020-09-14,107.4
15066,GR0118019679,2020-09-15,107.7
15067,GR0118019679,2020-09-16,107.5
15069,GR0118019679,2020-09-18,107.2
15068,GR0118019679,2020-09-17,107.4
15070,GR0118019679,2020-09-21,107.4
15071,GR0118019679,2020-09-22,107.2
15072,GR0118019679,2020-09-23,107.3
15073,GR0118019679,2020-09-24,107.4
15074,GR0118019679,2020-09-25,107.4
15075,GR0118019679,2020-09-28,107.4
15076,GR0118019679,2020-09-29,107.5
15077,GR0118019679,2020-09-30,107.7
15078,GR0118019679,2020-10-01,107.6
15079,GR0118019679,2020-10-02,107.8
15080,GR0118019679,2020-10-05,107.9
15081,GR0118019679,2020-10-06,107.9
15082,GR0118019679,2020-10-07,107.9
15083,GR0118019679,2020-10-08,107.9
15084,GR0118019679,2020-10-09,108.0
15085,GR0118019679,2020-10-12,107.8
15086,GR0118019679,2020-10-13,108.6
15087,GR0118019679,2020-10-14,107.8
15089,GR0118019679,2020-10-16,107.8
15088,GR0118019679,2020-10-15,107.4
15090,GR0118019679,2020-10-19,108.6
15091,GR0118019679,2020-10-20,108.5
15092,GR0118019679,2020-10-21,108.5
15093,GR0118019679,2020-10-22,108.0
15094,GR0118019679,2020-10-23,108.6
15095,GR0118019679,2020-10-26,108.5
15096,GR0118019679,2020-10-27,108.6
15097,GR0118019679,2020-10-28,107.9
15098,GR0118019679,2020-10-29,107.9
15099,GR0118019679,2020-10-30,107.9
15100,GR0118019679,2020-11-02,107.4
15101,GR0118019679,2020-11-03,107.7
15102,GR0118019679,2020-11-04,107.7
15103,GR0118019679,2020-11-05,108.1
15104,GR0118019679,2020-11-06,108.1
15105,GR0118019679,2020-11-09,108.6
15106,GR0118019679,2020-11-10,108.8
15107,GR0118019679,2020-11-11,108.6
15108,GR0118019679,2020-11-12,108.5
15109,GR0118019679,2020-11-13,108.2
15110,GR0118019679,2020-11-16,108.7
15111,GR0118019679,2020-11-17,108.8
15112,GR0118019679,2020-11-18,109.5
15114,GR0118019679,2020-11-20,109.5
15113,GR0118019679,2020-11-19,109.3
15115,GR0118019679,2020-11-23,109.8
15116,GR0118019679,2020-11-24,109.3
15117,GR0118019679,2020-11-25,109.5
15118,GR0118019679,2020-11-26,109.4
15119,GR0118019679,2020-11-27,109.5
15120,GR0118019679,2020-11-30,109.6
15122,GR0118019679,2020-12-02,109.6
15121,GR0118019679,2020-12-01,109.6
15123,GR0118019679,2020-12-03,107.8
15124,GR0118019679,2020-12-04,109.8
15125,GR0118019679,2020-12-07,109.5
15126,GR0118019679,2020-12-08,109.5
15127,GR0118019679,2020-12-09,109.5
15128,GR0118019679,2020-12-10,109.5
15129,GR0118019679,2020-12-11,109.5
15130,GR0118019679,2020-12-14,109.6
15131,GR0118019679,2020-12-15,109.6
15132,GR0118019679,2020-12-16,109.54
15133,GR0118019679,2020-12-17,109.52
15134,GR0118019679,2020-12-18,109.6
15135,GR0118019679,2020-12-21,109.67
15136,GR0118019679,2020-12-22,109.67
15137,GR0118019679,2020-12-23,109.64
15138,GR0118019679,2020-12-24,109.66
15139,GR0118019679,2020-12-28,109.66
15140,GR0118019679,2020-12-29,109.64
15141,GR0118019679,2020-12-30,109.08
15142,GR0118019679,2020-12-31,109.05
15143,GR0118019679,2021-01-01,109.28
15144,GR0118019679,2021-01-04,109.08
15145,GR0118019679,2021-01-05,109.64
15146,GR0118019679,2021-01-06,109.05
15147,GR0118019679,2021-01-07,109.05
15148,GR0118019679,2021-01-08,109.64
15149,GR0118019679,2021-01-11,109.76
15150,GR0118019679,2021-01-12,109.52
15151,GR0118019679,2021-01-13,109.5
15152,GR0118019679,2021-01-14,109.25
15153,GR0118019679,2021-01-15,109.25
15154,GR0118019679,2021-01-18,109.38
15155,GR0118019679,2021-01-19,109.6
15156,GR0118019679,2021-01-20,109.67
15157,GR0118019679,2021-01-21,109.07
15163,GR0118019679,2021-01-29,109.38
15164,GR0118019679,2021-02-01,109.3
15165,GR0118019679,2021-02-02,109.02
15166,GR0118019679,2021-02-03,109.07
15167,GR0118019679,2021-02-04,109.08
15169,GR0118019679,2021-02-08,109.18
15168,GR0118019679,2021-02-05,109.67
15170,GR0118019679,2021-02-09,109.19
15171,GR0118019679,2021-02-10,109.23
15172,GR0118019679,2021-02-11,109.29
15173,GR0118019679,2021-02-12,109.23
15174,GR0118019679,2021-02-15,109.66
15175,GR0118019679,2021-02-16,109.55
15177,GR0118019679,2021-02-18,109.3
15403,GR0118020685,2021-02-17,110.4
15404,GR0118020685,2021-02-18,110.3
15176,GR0118019679,2021-02-17,109.41
15405,GR0118020685,2021-02-19,110.2
15406,GR0118020685,2021-02-22,109.5
15407,GR0118020685,2021-02-23,109.5
15179,GR0118019679,2021-02-22,109.23
15178,GR0118019679,2021-02-19,109.29
15180,GR0118019679,2021-02-23,108.64
15408,GR0118020685,2021-02-24,110.3
15409,GR0118020685,2021-02-25,109.2
15181,GR0118019679,2021-02-24,108.64
15182,GR0118019679,2021-02-25,108.58
15410,GR0118020685,2021-02-26,108.5
15402,GR0118020685,2021-02-16,110.5
15183,GR0118019679,2021-02-26,108.36
15411,GR0124035693,2020-03-02,121.04
15412,GR0124035693,2020-03-03,122.97
15413,GR0124035693,2020-03-04,121.04
15414,GR0124035693,2020-03-05,121.04
15415,GR0124035693,2020-03-06,122.58
15416,GR0124035693,2020-03-09,120.65
15418,GR0124035693,2020-03-11,118.1
15441,GR0124035693,2020-04-13,117.25
15442,GR0124035693,2020-04-14,116.09
15443,GR0124035693,2020-04-15,115.5
15444,GR0124035693,2020-04-16,116.09
15445,GR0124035693,2020-04-17,114.55
15446,GR0124035693,2020-04-20,115.05
15447,GR0124035693,2020-04-21,114.0
15449,GR0124035693,2020-04-23,115.5
15450,GR0124035693,2020-04-24,118.85
15451,GR0124035693,2020-04-27,115.5
15456,GR0124035693,2020-05-04,113.04
15457,GR0124035693,2020-05-05,113.3
15458,GR0124035693,2020-05-06,113.25
15459,GR0124035693,2020-05-07,113.3
15460,GR0124035693,2020-05-08,113.25
15461,GR0124035693,2020-05-11,113.37
15463,GR0124035693,2020-05-13,113.25
15462,GR0124035693,2020-05-12,113.3
15464,GR0124035693,2020-05-14,113.54
15465,GR0124035693,2020-05-15,114.65
15466,GR0124035693,2020-05-18,114.8
15468,GR0124035693,2020-05-20,114.8
15467,GR0124035693,2020-05-19,114.65
15470,GR0124035693,2020-05-22,114.65
15469,GR0124035693,2020-05-21,115.05
15472,GR0124035693,2020-05-26,117.01
15471,GR0124035693,2020-05-25,114.8
15473,GR0124035693,2020-05-27,116.3
15475,GR0124035693,2020-05-29,117.99
15474,GR0124035693,2020-05-28,114.55
15476,GR0124035693,2020-06-01,117.39
15478,GR0124035693,2020-06-03,117.99
15477,GR0124035693,2020-06-02,118.86
15480,GR0124035693,2020-06-05,119.3
15479,GR0124035693,2020-06-04,117.39
15481,GR0124035693,2020-06-08,114.55
15483,GR0124035693,2020-06-10,120.05
15482,GR0124035693,2020-06-09,119.56
15484,GR0124035693,2020-06-11,119.56
15485,GR0124035693,2020-06-12,120.8
15486,GR0124035693,2020-06-15,120.85
15487,GR0124035693,2020-06-16,121.61
15488,GR0124035693,2020-06-17,121.61
15489,GR0124035693,2020-06-18,120.85
15490,GR0124035693,2020-06-19,122.25
15491,GR0124035693,2020-06-22,112.75
15492,GR0124035693,2020-06-23,122.05
15494,GR0124035693,2020-06-25,124.95
15493,GR0124035693,2020-06-24,110.95
15495,GR0124035693,2020-06-26,122.11
15496,GR0124035693,2020-06-29,124.95
15497,GR0124035693,2020-06-30,122.1
15498,GR0124035693,2020-07-01,122.6
15500,GR0124035693,2020-07-03,123.03
15499,GR0124035693,2020-07-02,122.69
15501,GR0124035693,2020-07-06,123.03
15502,GR0124035693,2020-07-07,123.03
15503,GR0124035693,2020-07-08,123.1
15505,GR0124035693,2020-07-10,123.63
15504,GR0124035693,2020-07-09,123.6
15507,GR0124035693,2020-07-14,122.71
15506,GR0124035693,2020-07-13,123.21
15508,GR0124035693,2020-07-15,122.2
15509,GR0124035693,2020-07-16,121.9
15510,GR0124035693,2020-07-17,122.2
15511,GR0124035693,2020-07-20,122.65
15512,GR0124035693,2020-07-21,121.6
15514,GR0124035693,2020-07-23,122.71
15513,GR0124035693,2020-07-22,123.4
15515,GR0124035693,2020-07-24,117.5
15516,GR0124035693,2020-07-27,122.11
15517,GR0124035693,2020-07-28,124.0
15518,GR0124035693,2020-07-29,124.0
15519,GR0124035693,2020-07-30,123.7
15520,GR0124035693,2020-07-31,122.2
15521,GR0124035693,2020-08-03,124.0
15523,GR0124035693,2020-08-05,124.0
15524,GR0124035693,2020-08-06,124.1
15522,GR0124035693,2020-08-04,124.1
15525,GR0124035693,2020-08-07,124.1
15526,GR0124035693,2020-08-10,124.2
15528,GR0124035693,2020-08-12,124.0
15527,GR0124035693,2020-08-11,124.4
15530,GR0124035693,2020-08-14,124.0
15529,GR0124035693,2020-08-13,124.0
15531,GR0124035693,2020-08-17,123.8
15532,GR0124035693,2020-08-18,123.8
15534,GR0124035693,2020-08-20,123.8
15533,GR0124035693,2020-08-19,124.0
15535,GR0124035693,2020-08-21,123.6
15536,GR0124035693,2020-08-24,123.7
15537,GR0124035693,2020-08-25,124.0
15538,GR0124035693,2020-08-26,123.6
15539,GR0124035693,2020-08-27,123.7
15540,GR0124035693,2020-08-28,123.7
15541,GR0124035693,2020-08-31,124.0
15542,GR0124035693,2020-09-01,124.2
15543,GR0124035693,2020-09-02,123.6
15545,GR0124035693,2020-09-04,121.9
15544,GR0124035693,2020-09-03,123.4
15546,GR0124035693,2020-09-07,122.2
15548,GR0124035693,2020-09-09,123.1
15547,GR0124035693,2020-09-08,122.7
15549,GR0124035693,2020-09-10,122.8
15550,GR0124035693,2020-09-11,123.6
15551,GR0124035693,2020-09-14,123.1
15552,GR0124035693,2020-09-15,123.4
15554,GR0124035693,2020-09-17,123.8
15553,GR0124035693,2020-09-16,123.6
15555,GR0124035693,2020-09-18,123.8
15556,GR0124035693,2020-09-21,123.6
15557,GR0124035693,2020-09-22,123.8
15558,GR0124035693,2020-09-23,123.3
15559,GR0124035693,2020-09-24,123.8
15560,GR0124035693,2020-09-25,124.3
15561,GR0124035693,2020-09-28,123.9
15563,GR0124035693,2020-09-30,124.3
15562,GR0124035693,2020-09-29,124.2
15564,GR0124035693,2020-10-01,124.3
15565,GR0124035693,2020-10-02,123.8
15566,GR0124035693,2020-10-05,123.1
15567,GR0124035693,2020-10-06,124.6
15568,GR0124035693,2020-10-07,124.6
15569,GR0124035693,2020-10-08,124.8
15570,GR0124035693,2020-10-09,125.4
15571,GR0124035693,2020-10-12,125.5
15572,GR0124035693,2020-10-13,125.9
15573,GR0124035693,2020-10-14,126.4
15574,GR0124035693,2020-10-15,126.4
15575,GR0124035693,2020-10-16,126.4
15576,GR0124035693,2020-10-19,123.8
15577,GR0124035693,2020-10-20,124.0
15578,GR0124035693,2020-10-21,125.9
15579,GR0124035693,2020-10-22,123.8
15581,GR0124035693,2020-10-26,125.2
15590,GR0124035693,2020-11-06,125.3
15588,GR0124035693,2020-11-04,124.1
15582,GR0124035693,2020-10-27,125.2
15593,GR0124035693,2020-11-11,126.4
15585,GR0124035693,2020-10-30,125.2
15597,GR0124035693,2020-11-17,126.7
15595,GR0124035693,2020-11-13,125.9
15587,GR0124035693,2020-11-03,124.8
15586,GR0124035693,2020-11-02,124.8
15596,GR0124035693,2020-11-16,125.2
15583,GR0124035693,2020-10-28,125.2
15592,GR0124035693,2020-11-10,125.9
15594,GR0124035693,2020-11-12,124.8
15591,GR0124035693,2020-11-09,125.3
15598,GR0124035693,2020-11-18,127.1
15584,GR0124035693,2020-10-29,125.2
15599,GR0124035693,2020-11-19,127.1
15589,GR0124035693,2020-11-05,126.4
15600,GR0124035693,2020-11-20,127.1
15602,GR0124035693,2020-11-24,127.1
15604,GR0124035693,2020-11-26,127.1
15603,GR0124035693,2020-11-25,127.6
15611,GR0124035693,2020-12-07,126.9
15601,GR0124035693,2020-11-23,126.8
15606,GR0124035693,2020-11-30,126.9
15608,GR0124035693,2020-12-02,127.2
15605,GR0124035693,2020-11-27,126.9
15607,GR0124035693,2020-12-01,127.2
15609,GR0124035693,2020-12-03,127.2
15610,GR0124035693,2020-12-04,126.8
15612,GR0124035693,2020-12-08,126.8
15614,GR0124035693,2020-12-10,127.1
15617,GR0124035693,2020-12-15,127.1
15615,GR0124035693,2020-12-11,127.1
15616,GR0124035693,2020-12-14,127.2
15613,GR0124035693,2020-12-09,126.8
15618,GR0124035693,2020-12-16,126.8
15619,GR0124035693,2020-12-17,126.9
15620,GR0124035693,2020-12-18,127.1
15621,GR0124035693,2020-12-21,127.1
15623,GR0124035693,2020-12-23,127.1
15628,GR0124035693,2020-12-31,126.8
15629,GR0124035693,2021-01-01,127.5
15626,GR0124035693,2020-12-29,127.2
15625,GR0124035693,2020-12-28,127.1
15622,GR0124035693,2020-12-22,126.8
15630,GR0124035693,2021-01-04,127.3
15627,GR0124035693,2020-12-30,127.5
15634,GR0124035693,2021-01-08,126.68
15624,GR0124035693,2020-12-24,126.8
15631,GR0124035693,2021-01-05,127.2
15635,GR0124035693,2021-01-11,127.21
15632,GR0124035693,2021-01-06,126.7
15633,GR0124035693,2021-01-07,126.8
15636,GR0124035693,2021-01-12,126.68
15637,GR0124035693,2021-01-13,126.68
15639,GR0124035693,2021-01-15,126.36
15638,GR0124035693,2021-01-14,126.45
15640,GR0124035693,2021-01-18,126.41
15641,GR0124035693,2021-01-19,126.51
15642,GR0124035693,2021-01-20,126.56
15646,GR0124035693,2021-01-26,127.21
15643,GR0124035693,2021-01-21,126.56
15647,GR0124035693,2021-01-27,126.68
15649,GR0124035693,2021-01-29,126.15
15648,GR0124035693,2021-01-28,127.25
15644,GR0124035693,2021-01-22,126.41
15651,GR0124035693,2021-02-02,125.83
15645,GR0124035693,2021-01-25,126.41
15652,GR0124035693,2021-02-03,125.95
15650,GR0124035693,2021-02-01,127.02
15653,GR0124035693,2021-02-04,127.12
15654,GR0124035693,2021-02-05,126.95
15655,GR0124035693,2021-02-08,126.23
15657,GR0124035693,2021-02-10,125.95
15658,GR0124035693,2021-02-11,126.56
15656,GR0124035693,2021-02-09,126.41
15659,GR0124035693,2021-02-12,126.47
16049,GR0128016731,2020-11-24,113.3
16050,GR0128016731,2020-11-25,112.9
16051,GR0128016731,2020-11-26,112.9
16052,GR0128016731,2020-11-27,112.94
16053,GR0128016731,2020-11-30,113.22
16054,GR0128016731,2020-12-01,113.55
16063,GR0128016731,2020-12-14,113.43
16064,GR0128016731,2020-12-15,113.37
16065,GR0128016731,2020-12-16,113.91
16170,GRC1441197B3,2020-05-14,76.5075
16172,GRC1441197B3,2020-05-18,75.7143
16171,GRC1441197B3,2020-05-15,73.4492
16173,GRC1441197B3,2020-05-19,77.0
16174,GRC1441197B3,2020-05-20,77.0
16175,GRC1441197B3,2020-05-21,78.0
16176,GRC1441197B3,2020-05-22,76.5
16177,GRC1441197B3,2020-05-25,78.0
16178,GRC1441197B3,2020-05-26,76.5
16179,GRC1441197B3,2020-05-27,78.1
16180,GRC1441197B3,2020-05-28,81.0
16181,GRC1441197B3,2020-05-29,77.2
15660,GR0124035693,2021-02-15,126.35
15661,GR0124035693,2021-02-16,126.27
15662,GR0124035693,2021-02-17,126.45
15666,GR0124035693,2021-02-23,126.27
15665,GR0124035693,2021-02-22,126.18
15663,GR0124035693,2021-02-18,125.93
15667,GR0124035693,2021-02-24,124.12
15664,GR0124035693,2021-02-19,126.47
16182,GRC1441197B3,2020-06-01,79.0
16183,GRC1441197B3,2020-06-02,76.6
16198,GRC1441197B3,2020-06-23,86.5
16200,GRC1441197B3,2020-06-25,84.1
16201,GRC1441197B3,2020-06-26,82.2
16202,GRC1441197B3,2020-06-29,82.5
16203,GRC1441197B3,2020-06-30,82.5
16204,GRC1441197B3,2020-07-01,84.1
16205,GRC1441197B3,2020-07-02,86.4
16206,GRC1441197B3,2020-07-03,82.0
16207,GRC1441197B3,2020-07-06,82.0
16208,GRC1441197B3,2020-07-07,85.5
16209,GRC1441197B3,2020-07-08,85.5
16210,GRC1441197B3,2020-07-09,85.5
16211,GRC1441197B3,2020-07-10,85.5
16212,GRC1441197B3,2020-07-13,84.0
16213,GRC1441197B3,2020-07-14,84.0
16214,GRC1441197B3,2020-07-15,82.7
16216,GRC1441197B3,2020-07-17,83.6
16215,GRC1441197B3,2020-07-16,83.6
16217,GRC1441197B3,2020-07-20,82.0
16218,GRC1441197B3,2020-07-21,84.5
16219,GRC1441197B3,2020-07-22,82.9
16221,GRC1441197B3,2020-07-24,83.0
16222,GRC1441197B3,2020-07-27,84.3
16223,GRC1441197B3,2020-07-28,83.9
16224,GRC1441197B3,2020-07-29,84.3
16220,GRC1441197B3,2020-07-23,83.0
16225,GRC1441197B3,2020-07-30,83.5
16226,GRC1441197B3,2020-07-31,82.0
16227,GRC1441197B3,2020-08-03,83.6
16228,GRC1441197B3,2020-08-04,82.0
16229,GRC1441197B3,2020-08-05,84.3
16231,GRC1441197B3,2020-08-07,81.0
16230,GRC1441197B3,2020-08-06,80.7
16232,GRC1441197B3,2020-08-10,81.1
16233,GRC1441197B3,2020-08-11,81.1
16234,GRC1441197B3,2020-08-12,81.1
16235,GRC1441197B3,2020-08-13,81.6
16236,GRC1441197B3,2020-08-14,81.0
16237,GRC1441197B3,2020-08-17,80.0
16238,GRC1441197B3,2020-08-18,81.1
16239,GRC1441197B3,2020-08-19,81.1
16240,GRC1441197B3,2020-08-20,84.4
16241,GRC1441197B3,2020-08-21,83.0
16249,GRC1441197B3,2020-09-02,84.0
16250,GRC1441197B3,2020-09-03,84.0
16251,GRC1441197B3,2020-09-04,84.0
16252,GRC1441197B3,2020-09-07,84.0
15580,GR0124035693,2020-10-23,124.8
15597,GR0124035693,2020-11-17,126.7
15584,GR0124035693,2020-10-29,125.2
15593,GR0124035693,2020-11-11,126.4
15585,GR0124035693,2020-10-30,125.2
15588,GR0124035693,2020-11-04,124.1
15581,GR0124035693,2020-10-26,125.2
15587,GR0124035693,2020-11-03,124.8
15586,GR0124035693,2020-11-02,124.8
15591,GR0124035693,2020-11-09,125.3
15596,GR0124035693,2020-11-16,125.2
15583,GR0124035693,2020-10-28,125.2
15590,GR0124035693,2020-11-06,125.3
15592,GR0124035693,2020-11-10,125.9
15589,GR0124035693,2020-11-05,126.4
15594,GR0124035693,2020-11-12,124.8
15598,GR0124035693,2020-11-18,127.1
15582,GR0124035693,2020-10-27,125.2
15595,GR0124035693,2020-11-13,125.9
15599,GR0124035693,2020-11-19,127.1
15600,GR0124035693,2020-11-20,127.1
15604,GR0124035693,2020-11-26,127.1
15602,GR0124035693,2020-11-24,127.1
15601,GR0124035693,2020-11-23,126.8
15611,GR0124035693,2020-12-07,126.9
15613,GR0124035693,2020-12-09,126.8
15612,GR0124035693,2020-12-08,126.8
15609,GR0124035693,2020-12-03,127.2
15603,GR0124035693,2020-11-25,127.6
15610,GR0124035693,2020-12-04,126.8
15605,GR0124035693,2020-11-27,126.9
15607,GR0124035693,2020-12-01,127.2
15608,GR0124035693,2020-12-02,127.2
15616,GR0124035693,2020-12-14,127.2
15614,GR0124035693,2020-12-10,127.1
15606,GR0124035693,2020-11-30,126.9
15618,GR0124035693,2020-12-16,126.8
15617,GR0124035693,2020-12-15,127.1
15615,GR0124035693,2020-12-11,127.1
15619,GR0124035693,2020-12-17,126.9
15624,GR0124035693,2020-12-24,126.8
15621,GR0124035693,2020-12-21,127.1
15620,GR0124035693,2020-12-18,127.1
15622,GR0124035693,2020-12-22,126.8
15630,GR0124035693,2021-01-04,127.3
15625,GR0124035693,2020-12-28,127.1
15626,GR0124035693,2020-12-29,127.2
15623,GR0124035693,2020-12-23,127.1
15631,GR0124035693,2021-01-05,127.2
15627,GR0124035693,2020-12-30,127.5
15629,GR0124035693,2021-01-01,127.5
15628,GR0124035693,2020-12-31,126.8
15632,GR0124035693,2021-01-06,126.7
15638,GR0124035693,2021-01-14,126.45
15639,GR0124035693,2021-01-15,126.36
15633,GR0124035693,2021-01-07,126.8
15634,GR0124035693,2021-01-08,126.68
15635,GR0124035693,2021-01-11,127.21
15636,GR0124035693,2021-01-12,126.68
15637,GR0124035693,2021-01-13,126.68
15645,GR0124035693,2021-01-25,126.41
15640,GR0124035693,2021-01-18,126.41
15644,GR0124035693,2021-01-22,126.41
15641,GR0124035693,2021-01-19,126.51
15642,GR0124035693,2021-01-20,126.56
15643,GR0124035693,2021-01-21,126.56
15646,GR0124035693,2021-01-26,127.21
15647,GR0124035693,2021-01-27,126.68
15648,GR0124035693,2021-01-28,127.25
15652,GR0124035693,2021-02-03,125.95
15650,GR0124035693,2021-02-01,127.02
15649,GR0124035693,2021-01-29,126.15
15651,GR0124035693,2021-02-02,125.83
15653,GR0124035693,2021-02-04,127.12
15655,GR0124035693,2021-02-08,126.23
15656,GR0124035693,2021-02-09,126.41
15658,GR0124035693,2021-02-11,126.35
15657,GR0124035693,2021-02-10,125.95
15654,GR0124035693,2021-02-05,126.95
15659,GR0124035693,2021-02-12,126.47
16041,GR0128016731,2020-11-12,110.91
16045,GR0128016731,2020-11-18,113.33
16046,GR0128016731,2020-11-19,114.05
16047,GR0128016731,2020-11-20,113.1
16048,GR0128016731,2020-11-23,114.05
16049,GR0128016731,2020-11-24,113.3
16050,GR0128016731,2020-11-25,112.9
16051,GR0128016731,2020-11-26,112.9
16052,GR0128016731,2020-11-27,112.94
16053,GR0128016731,2020-11-30,113.22
16054,GR0128016731,2020-12-01,113.55
16056,GR0128016731,2020-12-03,112.61
16055,GR0128016731,2020-12-02,113.53
16061,GR0128016731,2020-12-10,113.27
16062,GR0128016731,2020-12-11,113.61
15660,GR0124035693,2021-02-15,126.35
16063,GR0128016731,2020-12-14,113.43
15663,GR0124035693,2021-02-18,125.93
15661,GR0124035693,2021-02-16,126.27
15662,GR0124035693,2021-02-17,126.45
15664,GR0124035693,2021-02-19,126.47
15668,GR0124035693,2021-02-25,124.77
15667,GR0124035693,2021-02-24,124.12
15666,GR0124035693,2021-02-23,126.27
15665,GR0124035693,2021-02-22,126.18
15669,GR0124035693,2021-02-26,123.25
16064,GR0128016731,2020-12-15,113.37
16066,GR0128016731,2020-12-17,113.92
16065,GR0128016731,2020-12-16,113.91
16067,GR0128016731,2020-12-18,113.69
16068,GR0128016731,2020-12-21,112.22
16069,GR0128016731,2020-12-22,112.25
16070,GR0128016731,2020-12-23,113.69
16057,GR0128016731,2020-12-04,111.26
16071,GR0128016731,2020-12-24,112.22
16072,GR0128016731,2020-12-28,112.8
16073,GR0128016731,2020-12-29,112.53
16074,GR0128016731,2020-12-30,112.53
16075,GR0128016731,2020-12-31,112.53
16077,GR0128016731,2021-01-04,112.88
16078,GR0128016731,2021-01-05,113.37
16079,GR0128016731,2021-01-06,112.22
16076,GR0128016731,2021-01-01,112.8
16080,GR0128016731,2021-01-07,112.22
16081,GR0128016731,2021-01-08,113.07
16082,GR0128016731,2021-01-11,112.22
16083,GR0128016731,2021-01-12,112.25
16084,GR0128016731,2021-01-13,112.25
16085,GR0128016731,2021-01-14,109.43
16087,GR0128016731,2021-01-18,111.96
16086,GR0128016731,2021-01-15,110.89
16088,GR0128016731,2021-01-19,109.97
16089,GR0128016731,2021-01-20,112.17
16111,GR0128016731,2021-02-19,110.55
16169,GRC1441197B3,2020-05-13,78.0
16170,GRC1441197B3,2020-05-14,76.5075
16171,GRC1441197B3,2020-05-15,73.4492
16093,GR0128016731,2021-01-26,111.48
16172,GRC1441197B3,2020-05-18,75.7143
16173,GRC1441197B3,2020-05-19,77.0
16174,GRC1441197B3,2020-05-20,77.0
16175,GRC1441197B3,2020-05-21,78.0
16100,GR0128016731,2021-02-04,112.28
16176,GRC1441197B3,2020-05-22,76.5
16177,GRC1441197B3,2020-05-25,78.0
16178,GRC1441197B3,2020-05-26,76.5
16114,GR0128016731,2021-02-24,108.8
16179,GRC1441197B3,2020-05-27,78.1
16094,GR0128016731,2021-01-27,110.41
16180,GRC1441197B3,2020-05-28,81.0
16181,GRC1441197B3,2020-05-29,77.2
16182,GRC1441197B3,2020-06-01,79.0
16183,GRC1441197B3,2020-06-02,76.6
16098,GR0128016731,2021-02-02,111.77
16101,GR0128016731,2021-02-05,112.07
16184,GRC1441197B3,2020-06-03,79.0
16185,GRC1441197B3,2020-06-04,77.1
16186,GRC1441197B3,2020-06-05,74.2
16187,GRC1441197B3,2020-06-08,80.0
16104,GR0128016731,2021-02-10,112.28
16188,GRC1441197B3,2020-06-09,88.2
16193,GRC1441197B3,2020-06-16,87.9
16194,GRC1441197B3,2020-06-17,87.9
16189,GRC1441197B3,2020-06-10,89.2
16191,GRC1441197B3,2020-06-12,87.4
16195,GRC1441197B3,2020-06-18,87.0
16190,GRC1441197B3,2020-06-11,87.9
16192,GRC1441197B3,2020-06-15,89.2
16102,GR0128016731,2021-02-08,111.97
16197,GRC1441197B3,2020-06-22,84.1
16103,GR0128016731,2021-02-09,111.52
16198,GRC1441197B3,2020-06-23,86.5
16196,GRC1441197B3,2020-06-19,84.1
16199,GRC1441197B3,2020-06-24,86.4
16200,GRC1441197B3,2020-06-25,84.1
16201,GRC1441197B3,2020-06-26,82.2
16202,GRC1441197B3,2020-06-29,82.5
16203,GRC1441197B3,2020-06-30,82.5
16204,GRC1441197B3,2020-07-01,84.1
16205,GRC1441197B3,2020-07-02,86.4
16206,GRC1441197B3,2020-07-03,82.0
16207,GRC1441197B3,2020-07-06,82.0
16208,GRC1441197B3,2020-07-07,85.5
16209,GRC1441197B3,2020-07-08,85.5
16210,GRC1441197B3,2020-07-09,85.5
16211,GRC1441197B3,2020-07-10,85.5
16212,GRC1441197B3,2020-07-13,84.0
16213,GRC1441197B3,2020-07-14,84.0
16214,GRC1441197B3,2020-07-15,82.7
16215,GRC1441197B3,2020-07-16,83.6
16216,GRC1441197B3,2020-07-17,83.6
16217,GRC1441197B3,2020-07-20,82.0
16218,GRC1441197B3,2020-07-21,84.5
16219,GRC1441197B3,2020-07-22,82.9
16220,GRC1441197B3,2020-07-23,83.0
16221,GRC1441197B3,2020-07-24,83.0
16222,GRC1441197B3,2020-07-27,84.3
16223,GRC1441197B3,2020-07-28,83.9
16224,GRC1441197B3,2020-07-29,84.3
16225,GRC1441197B3,2020-07-30,83.5
16226,GRC1441197B3,2020-07-31,82.0
16227,GRC1441197B3,2020-08-03,83.6
16228,GRC1441197B3,2020-08-04,82.0
16229,GRC1441197B3,2020-08-05,84.3
16230,GRC1441197B3,2020-08-06,80.7
16231,GRC1441197B3,2020-08-07,81.0
16232,GRC1441197B3,2020-08-10,81.1
16233,GRC1441197B3,2020-08-11,81.1
16234,GRC1441197B3,2020-08-12,81.1
16235,GRC1441197B3,2020-08-13,81.6
16236,GRC1441197B3,2020-08-14,81.0
16237,GRC1441197B3,2020-08-17,80.0
16238,GRC1441197B3,2020-08-18,81.1
16239,GRC1441197B3,2020-08-19,81.1
16240,GRC1441197B3,2020-08-20,84.4
16241,GRC1441197B3,2020-08-21,83.0
16243,GRC1441197B3,2020-08-25,84.3
16244,GRC1441197B3,2020-08-26,84.0
16242,GRC1441197B3,2020-08-24,83.6
16246,GRC1441197B3,2020-08-28,84.0
16245,GRC1441197B3,2020-08-27,83.0
16247,GRC1441197B3,2020-08-31,84.0
16248,GRC1441197B3,2020-09-01,84.0
16249,GRC1441197B3,2020-09-02,84.0
16250,GRC1441197B3,2020-09-03,84.0
16251,GRC1441197B3,2020-09-04,84.0
16252,GRC1441197B3,2020-09-07,84.0
16253,GRC1441197B3,2020-09-08,84.0
16254,GRC1441197B3,2020-09-09,84.3
16255,GRC1441197B3,2020-09-10,85.0
16256,GRC1441197B3,2020-09-11,84.4
16257,GRC1441197B3,2020-09-14,86.5
16258,GRC1441197B3,2020-09-15,84.4
16259,GRC1441197B3,2020-09-16,86.0
16260,GRC1441197B3,2020-09-17,84.4
16261,GRC1441197B3,2020-09-18,86.0
16262,GRC1441197B3,2020-09-21,82.0
16263,GRC1441197B3,2020-09-22,85.0
16264,GRC1441197B3,2020-09-23,83.0
16265,GRC1441197B3,2020-09-24,80.7
16266,GRC1441197B3,2020-09-25,84.7
16267,GRC1441197B3,2020-09-28,83.5
16268,GRC1441197B3,2020-09-29,83.5
16269,GRC1441197B3,2020-09-30,83.0
16270,GRC1441197B3,2020-10-01,83.0
16271,GRC1441197B3,2020-10-02,84.0
16272,GRC1441197B3,2020-10-05,83.2
16273,GRC1441197B3,2020-10-06,85.0
16274,GRC1441197B3,2020-10-07,85.5
16275,GRC1441197B3,2020-10-08,84.0
16276,GRC1441197B3,2020-10-09,82.2
16277,GRC1441197B3,2020-10-12,82.0
16278,GRC1441197B3,2020-10-13,80.9
16280,GRC1441197B3,2020-10-15,81.0
16279,GRC1441197B3,2020-10-14,80.7
16281,GRC1441197B3,2020-10-16,82.4
16282,GRC1441197B3,2020-10-19,80.9
16284,GRC1441197B3,2020-10-21,81.0
16288,GRC1441197B3,2020-10-27,80.3
16289,GRC1441197B3,2020-10-28,80.3
16285,GRC1441197B3,2020-10-22,80.7
16290,GRC1441197B3,2020-10-29,80.1
16287,GRC1441197B3,2020-10-26,80.3
16286,GRC1441197B3,2020-10-23,80.6
16294,GRC1441197B3,2020-11-04,80.9
16295,GRC1441197B3,2020-11-05,80.9
16292,GRC1441197B3,2020-11-02,80.3
16291,GRC1441197B3,2020-10-30,80.3
16296,GRC1441197B3,2020-11-06,80.9
16297,GRC1441197B3,2020-11-09,80.0
16298,GRC1441197B3,2020-11-10,83.1
16299,GRC1441197B3,2020-11-11,85.1
16300,GRC1441197B3,2020-11-12,86.3
16301,GRC1441197B3,2020-11-13,85.8
16302,GRC1441197B3,2020-11-16,87.0
16303,GRC1441197B3,2020-11-17,87.3
16304,GRC1441197B3,2020-11-18,87.0
16305,GRC1441197B3,2020-11-19,87.0
16306,GRC1441197B3,2020-11-20,87.5
16307,GRC1441197B3,2020-11-23,87.9
16309,GRC1441197B3,2020-11-25,84.0
16308,GRC1441197B3,2020-11-24,87.9
16310,GRC1441197B3,2020-11-26,88.0
16311,GRC1441197B3,2020-11-27,89.7
16312,GRC1441197B3,2020-11-30,88.0
16313,GRC1441197B3,2020-12-01,89.0
16314,GRC1441197B3,2020-12-02,89.7
16316,GRC1441197B3,2020-12-04,87.5
16315,GRC1441197B3,2020-12-03,89.5
16317,GRC1441197B3,2020-12-07,89.5
16319,GRC1441197B3,2020-12-09,91.4
16318,GRC1441197B3,2020-12-08,86.0
16320,GRC1441197B3,2020-12-10,91.4
16321,GRC1441197B3,2020-12-11,87.5
16322,GRC1441197B3,2020-12-14,87.5
16323,GRC1441197B3,2020-12-15,87.5
16324,GRC1441197B3,2020-12-16,91.0
16325,GRC1441197B3,2020-12-17,89.1
16326,GRC1441197B3,2020-12-18,87.5
16327,GRC1441197B3,2020-12-21,91.4
16329,GRC1441197B3,2020-12-23,87.5
16328,GRC1441197B3,2020-12-22,88.5
16330,GRC1441197B3,2020-12-24,89.7
16331,GRC1441197B3,2020-12-28,89.0
16332,GRC1441197B3,2020-12-29,90.0
16333,GRC1441197B3,2020-12-30,88.5
16335,GRC1441197B3,2021-01-01,91.0
16334,GRC1441197B3,2020-12-31,89.8
16336,GRC1441197B3,2021-01-04,89.0
16337,GRC1441197B3,2021-01-05,91.9
16339,GRC1441197B3,2021-01-07,90.7
16338,GRC1441197B3,2021-01-06,89.5
16340,GRC1441197B3,2021-01-08,93.0
16341,GRC1441197B3,2021-01-11,90.1
16342,GRC1441197B3,2021-01-12,94.0
16343,GRC1441197B3,2021-01-13,92.3
16344,GRC1441197B3,2021-01-14,89.7
16346,GRC1441197B3,2021-01-18,92.9
16345,GRC1441197B3,2021-01-15,91.6
16347,GRC1441197B3,2021-01-19,91.6
16348,GRC1441197B3,2021-01-20,92.3
16349,GRC1441197B3,2021-01-21,93.7
16350,GRC1441197B3,2021-01-22,91.6
16351,GRC1441197B3,2021-01-25,93.6
16352,GRC1441197B3,2021-01-26,93.2
16353,GRC1441197B3,2021-01-27,92.5
16354,GRC1441197B3,2021-01-28,93.9
16355,GRC1441197B3,2021-01-29,93.3
16356,GRC1441197B3,2021-02-01,88.3
16357,GRC1441197B3,2021-02-02,93.9
16358,GRC1441197B3,2021-02-03,92.4
16359,GRC1441197B3,2021-02-04,91.9
16360,GRC1441197B3,2021-02-05,93.0
16361,GRC1441197B3,2021-02-08,91.9
16362,GRC1441197B3,2021-02-09,92.9
16363,GRC1441197B3,2021-02-10,93.0
16364,GRC1441197B3,2021-02-11,92.4
16365,GRC1441197B3,2021-02-12,93.3
16366,GRC1441197B3,2021-02-15,91.1
16367,GRC1441197B3,2021-02-16,91.9
16368,GRC1441197B3,2021-02-17,91.9
16369,GRC1441197B3,2021-02-18,92.4
16370,GRC1441197B3,2021-02-19,91.9
16371,GRC1441197B3,2021-02-22,91.7
16372,GRC1441197B3,2021-02-23,92.5
16373,GRC1441197B3,2021-02-24,92.3
16374,GRC1441197B3,2021-02-25,91.9
16375,GRC1441197B3,2021-02-26,92.0
16378,GRC1451184D4,2020-03-04,106.2
16404,GRC1451184D4,2020-04-09,98.0
16405,GRC1451184D4,2020-04-10,98.0
16403,GRC1451184D4,2020-04-08,91.0
16406,GRC1451184D4,2020-04-13,98.0
16394,GRC1451184D4,2020-03-26,96.3
16407,GRC1451184D4,2020-04-14,98.0
16408,GRC1451184D4,2020-04-15,99.2
16388,GRC1451184D4,2020-03-18,91.0
16409,GRC1451184D4,2020-04-16,98.8
16387,GRC1451184D4,2020-03-17,93.4
16411,GRC1451184D4,2020-04-20,99.0
16410,GRC1451184D4,2020-04-17,99.1
16412,GRC1451184D4,2020-04-21,99.0
16413,GRC1451184D4,2020-04-22,98.4
16414,GRC1451184D4,2020-04-23,98.4
16415,GRC1451184D4,2020-04-24,97.6
16416,GRC1451184D4,2020-04-27,99.5
16417,GRC1451184D4,2020-04-28,97.6
16418,GRC1451184D4,2020-04-29,99.5
16420,GRC1451184D4,2020-05-01,99.9
16419,GRC1451184D4,2020-04-30,99.1
16421,GRC1451184D4,2020-05-04,99.6
16424,GRC1451184D4,2020-05-07,99.9
16422,GRC1451184D4,2020-05-05,99.5
16423,GRC1451184D4,2020-05-06,100.0
16425,GRC1451184D4,2020-05-08,98.0
16401,GRC1451184D4,2020-04-06,95.4
16398,GRC1451184D4,2020-04-01,96.4
16426,GRC1451184D4,2020-05-11,98.0
16427,GRC1451184D4,2020-05-12,100.0
16428,GRC1451184D4,2020-05-13,100.0
16429,GRC1451184D4,2020-05-14,100.0
16430,GRC1451184D4,2020-05-15,100.0
16431,GRC1451184D4,2020-05-18,100.0
16432,GRC1451184D4,2020-05-19,99.9
16433,GRC1451184D4,2020-05-20,100.0
16434,GRC1451184D4,2020-05-21,100.0
16435,GRC1451184D4,2020-05-22,99.8
16436,GRC1451184D4,2020-05-25,99.9
16437,GRC1451184D4,2020-05-26,100.2
16438,GRC1451184D4,2020-05-27,100.0
16440,GRC1451184D4,2020-05-29,102.4
16439,GRC1451184D4,2020-05-28,102.3
16441,GRC1451184D4,2020-06-01,102.5
16442,GRC1451184D4,2020-06-02,101.9
16443,GRC1451184D4,2020-06-03,102.5
16444,GRC1451184D4,2020-06-04,102.5
16445,GRC1451184D4,2020-06-05,102.8
16446,GRC1451184D4,2020-06-08,102.8
16447,GRC1451184D4,2020-06-09,102.8
16448,GRC1451184D4,2020-06-10,102.8
16449,GRC1451184D4,2020-06-11,102.5
16450,GRC1451184D4,2020-06-12,103.0
16451,GRC1451184D4,2020-06-15,103.0
16452,GRC1451184D4,2020-06-16,102.9
16454,GRC1451184D4,2020-06-18,102.5
16453,GRC1451184D4,2020-06-17,103.0
16456,GRC1451184D4,2020-06-22,103.5
16455,GRC1451184D4,2020-06-19,103.5
16457,GRC1451184D4,2020-06-23,104.0
16458,GRC1451184D4,2020-06-24,103.2
16459,GRC1451184D4,2020-06-25,103.4
16460,GRC1451184D4,2020-06-26,105.0
16461,GRC1451184D4,2020-06-29,103.9
16462,GRC1451184D4,2020-06-30,103.4
16463,GRC1451184D4,2020-07-01,103.5
16464,GRC1451184D4,2020-07-02,105.0
16465,GRC1451184D4,2020-07-03,103.2
16466,GRC1451184D4,2020-07-06,103.4
16467,GRC1451184D4,2020-07-07,103.5
16468,GRC1451184D4,2020-07-08,103.4
16469,GRC1451184D4,2020-07-09,102.6
16470,GRC1451184D4,2020-07-10,103.4
16471,GRC1451184D4,2020-07-13,103.3
16472,GRC1451184D4,2020-07-14,103.3
16473,GRC1451184D4,2020-07-15,103.3
16474,GRC1451184D4,2020-07-16,102.9
16475,GRC1451184D4,2020-07-17,103.4
16476,GRC1451184D4,2020-07-20,103.4
16477,GRC1451184D4,2020-07-21,103.5
16478,GRC1451184D4,2020-07-22,103.8
16479,GRC1451184D4,2020-07-23,103.6
16480,GRC1451184D4,2020-07-24,103.2
16481,GRC1451184D4,2020-07-27,103.5
16482,GRC1451184D4,2020-07-28,103.5
16483,GRC1451184D4,2020-07-29,103.3
16484,GRC1451184D4,2020-07-30,103.5
16485,GRC1451184D4,2020-07-31,103.4
16486,GRC1451184D4,2020-08-03,103.8
16487,GRC1451184D4,2020-08-04,103.8
16488,GRC1451184D4,2020-08-05,103.3
16489,GRC1451184D4,2020-08-06,103.6
16490,GRC1451184D4,2020-08-07,103.6
16491,GRC1451184D4,2020-08-10,103.2
16492,GRC1451184D4,2020-08-11,103.7
16493,GRC1451184D4,2020-08-12,103.8
16495,GRC1451184D4,2020-08-14,102.8
16494,GRC1451184D4,2020-08-13,102.8
16496,GRC1451184D4,2020-08-17,103.2
16497,GRC1451184D4,2020-08-18,103.2
16498,GRC1451184D4,2020-08-19,103.9
16501,GRC1451184D4,2020-08-24,104.1
16499,GRC1451184D4,2020-08-20,104.1
16500,GRC1451184D4,2020-08-21,103.9
16502,GRC1451184D4,2020-08-25,104.1
16503,GRC1451184D4,2020-08-26,103.6
16504,GRC1451184D4,2020-08-27,103.8
16505,GRC1451184D4,2020-08-28,103.9
16506,GRC1451184D4,2020-08-31,103.7
16507,GRC1451184D4,2020-09-01,103.8
16508,GRC1451184D4,2020-09-02,103.7
16509,GRC1451184D4,2020-09-03,104.0
16510,GRC1451184D4,2020-09-04,103.7
16511,GRC1451184D4,2020-09-07,103.7
16512,GRC1451184D4,2020-09-08,103.9
16514,GRC1451184D4,2020-09-10,103.6
16513,GRC1451184D4,2020-09-09,103.7
16515,GRC1451184D4,2020-09-11,103.7
16516,GRC1451184D4,2020-09-14,103.6
16517,GRC1451184D4,2020-09-15,103.7
16518,GRC1451184D4,2020-09-16,103.8
16519,GRC1451184D4,2020-09-17,103.8
16520,GRC1451184D4,2020-09-18,104.1
16521,GRC1451184D4,2020-09-21,104.0
16522,GRC1451184D4,2020-09-22,104.0
16523,GRC1451184D4,2020-09-23,103.8
16524,GRC1451184D4,2020-09-24,103.8
16525,GRC1451184D4,2020-09-25,103.6
16526,GRC1451184D4,2020-09-28,103.8
16527,GRC1451184D4,2020-09-29,103.6
16528,GRC1451184D4,2020-09-30,103.7
16529,GRC1451184D4,2020-10-01,104.0
16530,GRC1451184D4,2020-10-02,103.7
16531,GRC1451184D4,2020-10-05,103.7
16532,GRC1451184D4,2020-10-06,103.6
16533,GRC1451184D4,2020-10-07,103.7
16534,GRC1451184D4,2020-10-08,104.0
16535,GRC1451184D4,2020-10-09,103.6
16537,GRC1451184D4,2020-10-13,104.0
16539,GRC1451184D4,2020-10-15,103.4
16540,GRC1451184D4,2020-10-16,104.0
16541,GRC1451184D4,2020-10-19,103.6
16536,GRC1451184D4,2020-10-12,103.6
16538,GRC1451184D4,2020-10-14,103.8
16545,GRC1451184D4,2020-10-23,103.2
16546,GRC1451184D4,2020-10-26,103.7
16547,GRC1451184D4,2020-10-27,103.4
16548,GRC1451184D4,2020-10-28,103.3
16549,GRC1451184D4,2020-10-29,103.5
16550,GRC1451184D4,2020-10-30,103.6
16551,GRC1451184D4,2020-11-02,103.4
16552,GRC1451184D4,2020-11-03,102.9
16554,GRC1451184D4,2020-11-05,103.4
16555,GRC1451184D4,2020-11-06,102.4
16559,GRC1451184D4,2020-11-12,102.8
16560,GRC1451184D4,2020-11-13,102.8
16561,GRC1451184D4,2020-11-16,102.8
16562,GRC1451184D4,2020-11-17,102.8
16564,GRC1451184D4,2020-11-19,103.2
16565,GRC1451184D4,2020-11-20,103.2
16566,GRC1451184D4,2020-11-23,102.8
16567,GRC1451184D4,2020-11-24,103.3
16572,GRC1451184D4,2020-12-01,103.2
16573,GRC1451184D4,2020-12-02,103.2
16574,GRC1451184D4,2020-12-03,103.3
16575,GRC1451184D4,2020-12-04,103.2
16576,GRC1451184D4,2020-12-07,103.3
16577,GRC1451184D4,2020-12-08,103.3
16578,GRC1451184D4,2020-12-09,103.3
16579,GRC1451184D4,2020-12-10,103.3
16580,GRC1451184D4,2020-12-11,103.7
16581,GRC1451184D4,2020-12-14,103.75
16582,GRC1451184D4,2020-12-15,103.15
16583,GRC1451184D4,2020-12-16,103.93
16584,GRC1451184D4,2020-12-17,103.15
16586,GRC1451184D4,2020-12-21,103.9
16588,GRC1451184D4,2020-12-23,103.6
16587,GRC1451184D4,2020-12-22,104.0
16589,GRC1451184D4,2020-12-24,103.7
16591,GRC1451184D4,2020-12-29,104.1
16592,GRC1451184D4,2020-12-30,104.0
16585,GRC1451184D4,2020-12-18,104.02
16602,GRC1451184D4,2021-01-13,103.9
16603,GRC1451184D4,2021-01-14,104.0
16604,GRC1451184D4,2021-01-15,104.26
16605,GRC1451184D4,2021-01-18,104.18
16609,GRC1451184D4,2021-01-22,104.4
16612,GRC1451184D4,2021-01-27,104.8
16613,GRC1451184D4,2021-01-28,104.0
16614,GRC1451184D4,2021-01-29,103.8
16615,GRC1451184D4,2021-02-01,104.3
16616,GRC1451184D4,2021-02-02,103.8
16617,GRC1451184D4,2021-02-03,103.8
16618,GRC1451184D4,2021-02-04,103.9
16619,GRC1451184D4,2021-02-05,103.9
16590,GRC1451184D4,2020-12-28,103.8
16620,GRC1451184D4,2021-02-08,104.4
16621,GRC1451184D4,2021-02-09,104.78
16622,GRC1451184D4,2021-02-10,104.78
16623,GRC1451184D4,2021-02-11,104.71
16624,GRC1451184D4,2021-02-12,104.8
16625,GRC1451184D4,2021-02-15,104.78
16626,GRC1451184D4,2021-02-16,103.84
16627,GRC1451184D4,2021-02-17,103.84
16628,GRC1451184D4,2021-02-18,104.7
16629,GRC1451184D4,2021-02-19,104.7
16630,GRC1451184D4,2021-02-22,104.0
16631,GRC1451184D4,2021-02-23,103.84
16632,GRC1451184D4,2021-02-24,104.4
16633,GRC1451184D4,2021-02-25,104.05
16635,GRC422116743,2020-03-02,93.0
16636,GRC422116743,2020-03-03,93.0
16637,GRC422116743,2020-03-04,91.9
16638,GRC422116743,2020-03-05,93.0
16634,GRC1451184D4,2021-02-26,104.71
16639,GRC422116743,2020-03-06,91.9
16640,GRC422116743,2020-03-09,91.9
16641,GRC422116743,2020-03-10,83.0
16642,GRC422116743,2020-03-11,87.6
16643,GRC422116743,2020-03-12,89.0
16644,GRC422116743,2020-03-13,89.0
16646,GRC422116743,2020-03-17,90.0
16650,GRC422116743,2020-03-23,90.0
16649,GRC422116743,2020-03-20,90.0
16651,GRC422116743,2020-03-24,90.0
16652,GRC422116743,2020-03-25,90.0
16653,GRC422116743,2020-03-26,90.0
16654,GRC422116743,2020-03-27,90.0
16655,GRC422116743,2020-03-30,90.0
16656,GRC422116743,2020-03-31,90.0
16657,GRC422116743,2020-04-01,90.0
16658,GRC422116743,2020-04-02,90.0
16659,GRC422116743,2020-04-03,90.0
16660,GRC422116743,2020-04-06,90.0
16661,GRC422116743,2020-04-07,90.0
16662,GRC422116743,2020-04-08,90.0
16663,GRC422116743,2020-04-09,90.0
16664,GRC422116743,2020-04-10,90.0
16665,GRC422116743,2020-04-13,90.0
16666,GRC422116743,2020-04-14,90.0
16667,GRC422116743,2020-04-15,90.0
16668,GRC422116743,2020-04-16,90.0
16669,GRC422116743,2020-04-17,90.0
16670,GRC422116743,2020-04-20,90.0
16671,GRC422116743,2020-04-21,90.0
16672,GRC422116743,2020-04-22,90.0
16674,GRC422116743,2020-04-24,90.0
16673,GRC422116743,2020-04-23,90.0
16675,GRC422116743,2020-04-27,90.0
16676,GRC422116743,2020-04-28,90.0
16677,GRC422116743,2020-04-29,90.0
16678,GRC422116743,2020-04-30,90.0
16679,GRC422116743,2020-05-01,90.0
16680,GRC422116743,2020-05-04,90.0
16681,GRC422116743,2020-05-05,90.0
16682,GRC422116743,2020-05-06,90.0
16683,GRC422116743,2020-05-07,90.0
16684,GRC422116743,2020-05-08,90.0
16685,GRC422116743,2020-05-11,90.0
16686,GRC422116743,2020-05-12,90.0
16687,GRC422116743,2020-05-13,90.0
16688,GRC422116743,2020-05-14,90.0
16690,GRC422116743,2020-05-18,89.9
16689,GRC422116743,2020-05-15,89.9
16691,GRC422116743,2020-05-19,89.9
16692,GRC422116743,2020-05-20,89.9
16693,GRC422116743,2020-05-21,89.9
16694,GRC422116743,2020-05-22,89.9
16695,GRC422116743,2020-05-25,89.9
16696,GRC422116743,2020-05-26,89.9
16697,GRC422116743,2020-05-27,89.9
16698,GRC422116743,2020-05-28,89.9
16699,GRC422116743,2020-05-29,89.9
16700,GRC422116743,2020-06-01,89.9
16701,GRC422116743,2020-06-02,89.9
16703,GRC422116743,2020-06-04,89.9
16702,GRC422116743,2020-06-03,89.9
16704,GRC422116743,2020-06-05,89.9
16705,GRC422116743,2020-06-08,89.9
16706,GRC422116743,2020-06-09,89.9
16707,GRC422116743,2020-06-10,89.9
16708,GRC422116743,2020-06-11,89.9
16709,GRC422116743,2020-06-12,90.0
16710,GRC422116743,2020-06-15,89.9
16711,GRC422116743,2020-06-16,90.0
16712,GRC422116743,2020-06-17,90.0
16713,GRC422116743,2020-06-18,90.0
16714,GRC422116743,2020-06-19,90.0
16715,GRC422116743,2020-06-22,90.0
16716,GRC422116743,2020-06-23,90.0
16717,GRC422116743,2020-06-24,90.0
16718,GRC422116743,2020-06-25,90.0
16719,GRC422116743,2020-06-26,90.0
16722,GRC422116743,2020-07-01,90.0
16720,GRC422116743,2020-06-29,90.0
16723,GRC422116743,2020-07-02,90.0
16721,GRC422116743,2020-06-30,90.0
16724,GRC422116743,2020-07-03,90.0
16725,GRC422116743,2020-07-06,90.0
16727,GRC422116743,2020-07-08,89.9
16726,GRC422116743,2020-07-07,89.9
16728,GRC422116743,2020-07-09,89.9
16729,GRC422116743,2020-07-10,89.9
16730,GRC422116743,2020-07-13,89.9
16731,GRC422116743,2020-07-14,89.9
16732,GRC422116743,2020-07-15,89.9
16733,GRC422116743,2020-07-16,90.0
16734,GRC422116743,2020-07-17,89.9
16735,GRC422116743,2020-07-20,89.9
16736,GRC422116743,2020-07-21,89.9
16737,GRC422116743,2020-07-22,89.9
16738,GRC422116743,2020-07-23,89.9
16739,GRC422116743,2020-07-24,89.9
16740,GRC422116743,2020-07-27,89.9
16741,GRC422116743,2020-07-28,89.9
16742,GRC422116743,2020-07-29,89.9
16743,GRC422116743,2020-07-30,89.9
16745,GRC422116743,2020-08-03,89.9
16744,GRC422116743,2020-07-31,89.9
16747,GRC422116743,2020-08-05,89.9
16746,GRC422116743,2020-08-04,89.9
16748,GRC422116743,2020-08-06,89.9
16749,GRC422116743,2020-08-07,89.9
16750,GRC422116743,2020-08-10,89.9
16751,GRC422116743,2020-08-11,89.9
16752,GRC422116743,2020-08-12,89.9
16753,GRC422116743,2020-08-13,89.9
16754,GRC422116743,2020-08-14,89.9
16755,GRC422116743,2020-08-17,89.9
16756,GRC422116743,2020-08-18,89.9
16757,GRC422116743,2020-08-19,89.9
16759,GRC422116743,2020-08-21,89.9
16758,GRC422116743,2020-08-20,89.9
16760,GRC422116743,2020-08-24,89.9
16762,GRC422116743,2020-08-26,89.9
16761,GRC422116743,2020-08-25,89.9
16763,GRC422116743,2020-08-27,89.9
16765,GRC422116743,2020-08-31,89.9
16764,GRC422116743,2020-08-28,89.9
16766,GRC422116743,2020-09-01,89.9
16768,GRC422116743,2020-09-03,89.9
16767,GRC422116743,2020-09-02,89.9
16769,GRC422116743,2020-09-04,89.9
16770,GRC422116743,2020-09-07,89.9
16771,GRC422116743,2020-09-08,89.9
16772,GRC422116743,2020-09-09,89.9
16773,GRC422116743,2020-09-10,89.9
16894,GRC4221178B3,2020-03-02,72.4
16895,GRC4221178B3,2020-03-03,70.0
16897,GRC4221178B3,2020-03-05,72.8
16896,GRC4221178B3,2020-03-04,70.0
16898,GRC4221178B3,2020-03-06,72.8
16899,GRC4221178B3,2020-03-09,73.0
16900,GRC4221178B3,2020-03-10,73.0
16901,GRC4221178B3,2020-03-11,70.5
16903,GRC4221178B3,2020-03-13,71.8
16902,GRC4221178B3,2020-03-12,70.5
16904,GRC4221178B3,2020-03-16,70.0
16905,GRC4221178B3,2020-03-17,70.0
16906,GRC4221178B3,2020-03-18,68.0
16907,GRC4221178B3,2020-03-19,68.0
16909,GRC4221178B3,2020-03-23,67.6
16908,GRC4221178B3,2020-03-20,68.5
16910,GRC4221178B3,2020-03-24,67.6
16913,GRC4221178B3,2020-03-27,68.5
16911,GRC4221178B3,2020-03-25,67.6
16912,GRC4221178B3,2020-03-26,67.6
16916,GRC4221178B3,2020-04-01,70.5
16915,GRC4221178B3,2020-03-31,69.9
16914,GRC4221178B3,2020-03-30,69.9
16917,GRC4221178B3,2020-04-02,70.0
16918,GRC4221178B3,2020-04-03,69.5
16919,GRC4221178B3,2020-04-06,69.9
16920,GRC4221178B3,2020-04-07,69.5
16921,GRC4221178B3,2020-04-08,69.9
16924,GRC4221178B3,2020-04-13,69.9
16922,GRC4221178B3,2020-04-09,69.9
16925,GRC4221178B3,2020-04-14,69.9
16923,GRC4221178B3,2020-04-10,69.9
16927,GRC4221178B3,2020-04-16,69.9
16926,GRC4221178B3,2020-04-15,69.9
16928,GRC4221178B3,2020-04-17,69.9
16929,GRC4221178B3,2020-04-20,69.9
16930,GRC4221178B3,2020-04-21,69.9
16931,GRC4221178B3,2020-04-22,69.9
16932,GRC4221178B3,2020-04-23,70.0
16933,GRC4221178B3,2020-04-24,69.5
16934,GRC4221178B3,2020-04-27,69.5
16936,GRC4221178B3,2020-04-29,67.5
16937,GRC4221178B3,2020-04-30,67.5
16935,GRC4221178B3,2020-04-28,69.5
16938,GRC4221178B3,2020-05-01,67.5
16941,GRC4221178B3,2020-05-06,68.2
16939,GRC4221178B3,2020-05-04,67.5
16940,GRC4221178B3,2020-05-05,69.5
16942,GRC4221178B3,2020-05-07,69.5
16944,GRC4221178B3,2020-05-11,68.5
16943,GRC4221178B3,2020-05-08,69.5
16945,GRC4221178B3,2020-05-12,68.5
16947,GRC4221178B3,2020-05-14,69.9
16946,GRC4221178B3,2020-05-13,65.0
16948,GRC4221178B3,2020-05-15,69.5
16953,GRC4221178B3,2020-05-22,65.0
16954,GRC4221178B3,2020-05-25,65.0
16951,GRC4221178B3,2020-05-20,65.0
16952,GRC4221178B3,2020-05-21,65.0
16950,GRC4221178B3,2020-05-19,65.0
16949,GRC4221178B3,2020-05-18,73.7
16955,GRC4221178B3,2020-05-26,65.0
16956,GRC4221178B3,2020-05-27,65.0
16961,GRC4221178B3,2020-06-03,65.0
16960,GRC4221178B3,2020-06-02,65.0
16957,GRC4221178B3,2020-05-28,65.0
16962,GRC4221178B3,2020-06-04,65.0
16958,GRC4221178B3,2020-05-29,65.0
16959,GRC4221178B3,2020-06-01,65.0
16965,GRC4221178B3,2020-06-09,65.0
16963,GRC4221178B3,2020-06-05,65.0
16967,GRC4221178B3,2020-06-11,65.0
16966,GRC4221178B3,2020-06-10,65.0
16964,GRC4221178B3,2020-06-08,65.0
16968,GRC4221178B3,2020-06-12,65.0
16969,GRC4221178B3,2020-06-15,65.0
16991,GRC4221178B3,2020-07-15,65.0
17005,GRC4221178B3,2020-08-04,65.0
17004,GRC4221178B3,2020-08-03,65.0
17006,GRC4221178B3,2020-08-05,65.0
17007,GRC4221178B3,2020-08-06,65.0
17028,GRC4221178B3,2020-09-04,69.9
17221,GRC4221197B3,2020-06-04,74.0
17220,GRC4221197B3,2020-06-03,74.0
17224,GRC4221197B3,2020-06-09,74.0
17223,GRC4221197B3,2020-06-08,74.0
17225,GRC4221197B3,2020-06-10,74.0
17227,GRC4221197B3,2020-06-12,74.0
17228,GRC4221197B3,2020-06-15,74.0
17229,GRC4221197B3,2020-06-16,74.0
17219,GRC4221197B3,2020-06-02,74.0
17234,GRC4221197B3,2020-06-23,74.0
17232,GRC4221197B3,2020-06-19,74.0
17233,GRC4221197B3,2020-06-22,74.0
17237,GRC4221197B3,2020-06-26,74.0
17238,GRC4221197B3,2020-06-29,74.0
17239,GRC4221197B3,2020-06-30,74.0
17240,GRC4221197B3,2020-07-01,77.5
17244,GRC4221197B3,2020-07-07,74.0
17245,GRC4221197B3,2020-07-08,74.0
17247,GRC4221197B3,2020-07-10,74.0
17248,GRC4221197B3,2020-07-13,74.0
17249,GRC4221197B3,2020-07-14,74.0
17250,GRC4221197B3,2020-07-15,74.0
17251,GRC4221197B3,2020-07-16,74.0
17241,GRC4221197B3,2020-07-02,74.0
17255,GRC4221197B3,2020-07-22,74.0
17256,GRC4221197B3,2020-07-23,74.0
17258,GRC4221197B3,2020-07-27,74.0
17259,GRC4221197B3,2020-07-28,74.0
17260,GRC4221197B3,2020-07-29,74.0
17261,GRC4221197B3,2020-07-30,74.0
17262,GRC4221197B3,2020-07-31,74.0
17263,GRC4221197B3,2020-08-03,74.0
17264,GRC4221197B3,2020-08-04,74.0
17265,GRC4221197B3,2020-08-05,74.0
17423,GRC4951193D4,2020-03-17,62.6
17424,GRC4951193D4,2020-03-18,64.0
17422,GRC4951193D4,2020-03-16,79.4
17428,GRC4951193D4,2020-03-24,63.0
17427,GRC4951193D4,2020-03-23,62.6
17425,GRC4951193D4,2020-03-19,54.7
17430,GRC4951193D4,2020-03-26,64.1
17428,GRC4951193D4,2020-03-24,63.0
17426,GRC4951193D4,2020-03-20,62.6
17432,GRC4951193D4,2020-03-30,79.0
17429,GRC4951193D4,2020-03-25,80.7
17433,GRC4951193D4,2020-03-31,79.0
17434,GRC4951193D4,2020-04-01,78.7
17436,GRC4951193D4,2020-04-03,79.0
17435,GRC4951193D4,2020-04-02,54.7
17437,GRC4951193D4,2020-04-06,71.2
17438,GRC4951193D4,2020-04-07,76.0
17439,GRC4951193D4,2020-04-08,79.8
17440,GRC4951193D4,2020-04-09,80.8
17442,GRC4951193D4,2020-04-13,76.0
17441,GRC4951193D4,2020-04-10,80.8
17427,GRC4951193D4,2020-03-23,54.7
17431,GRC4951193D4,2020-03-27,54.7
17451,GRC4951193D4,2020-04-24,71.153999
17452,GRC4951193D4,2020-04-27,88.467796
17453,GRC4951193D4,2020-04-28,71.153999
17454,GRC4951193D4,2020-04-29,87.801903
17455,GRC4951193D4,2020-04-30,88.900002
17456,GRC4951193D4,2020-05-01,90.0
17457,GRC4951193D4,2020-05-04,88.72274
17458,GRC4951193D4,2020-05-05,88.72274
17460,GRC4951193D4,2020-05-07,80.0
17459,GRC4951193D4,2020-05-06,88.72274
17461,GRC4951193D4,2020-05-08,78.0
17462,GRC4951193D4,2020-05-11,80.0
17463,GRC4951193D4,2020-05-12,69.599998
17464,GRC4951193D4,2020-05-13,78.625
17465,GRC4951193D4,2020-05-14,78.9589
17466,GRC4951193D4,2020-05-15,76.007698
17467,GRC4951193D4,2020-05-18,77.434998
17468,GRC4951193D4,2020-05-19,84.972
17469,GRC4951193D4,2020-05-20,78.000099
17472,GRC4951193D4,2020-05-25,85.295197
17471,GRC4951193D4,2020-05-22,84.113503
17470,GRC4951193D4,2020-05-21,83.599998
17473,GRC4951193D4,2020-05-26,85.295197
17474,GRC4951193D4,2020-05-27,87.7733
17475,GRC4951193D4,2020-05-28,87.7733
17476,GRC4951193D4,2020-05-29,93.0
17477,GRC4951193D4,2020-06-01,92.0
17478,GRC4951193D4,2020-06-02,92.0
17479,GRC4951193D4,2020-06-03,92.790298
17481,GRC4951193D4,2020-06-05,92.0
17480,GRC4951193D4,2020-06-04,92.949898
17483,GRC4951193D4,2020-06-09,88.72274
17482,GRC4951193D4,2020-06-08,92.300003
17484,GRC4951193D4,2020-06-10,92.949898
17486,GRC4951193D4,2020-06-12,92.0
17485,GRC4951193D4,2020-06-11,92.849998
17487,GRC4951193D4,2020-06-15,92.790298
17488,GRC4951193D4,2020-06-16,91.002296
17489,GRC4951193D4,2020-06-17,91.0
17490,GRC4951193D4,2020-06-18,91.0
17491,GRC4951193D4,2020-06-19,91.0
17493,GRC4951193D4,2020-06-23,90.6
17492,GRC4951193D4,2020-06-22,91.0
17494,GRC4951193D4,2020-06-24,91.0
17495,GRC4951193D4,2020-06-25,91.5
17496,GRC4951193D4,2020-06-26,90.0
17498,GRC4951193D4,2020-06-30,91.0
17497,GRC4951193D4,2020-06-29,91.0
17500,GRC4951193D4,2020-07-02,91.0
17499,GRC4951193D4,2020-07-01,91.1
17450,GRC4951193D4,2020-04-23,83.100098
17501,GRC4951193D4,2020-07-03,90.6
17502,GRC4951193D4,2020-07-06,90.7
17503,GRC4951193D4,2020-07-07,91.3
17504,GRC4951193D4,2020-07-08,92.0
17505,GRC4951193D4,2020-07-09,90.9
17506,GRC4951193D4,2020-07-10,92.0
17507,GRC4951193D4,2020-07-13,90.2
17508,GRC4951193D4,2020-07-14,91.3
17509,GRC4951193D4,2020-07-15,91.1
17510,GRC4951193D4,2020-07-16,91.0
17511,GRC4951193D4,2020-07-17,89.5
17512,GRC4951193D4,2020-07-20,92.0
17513,GRC4951193D4,2020-07-21,91.1
17514,GRC4951193D4,2020-07-22,90.8
17515,GRC4951193D4,2020-07-23,89.6
17516,GRC4951193D4,2020-07-24,90.4
17517,GRC4951193D4,2020-07-27,91.0
17519,GRC4951193D4,2020-07-29,91.0
17518,GRC4951193D4,2020-07-28,89.6
17520,GRC4951193D4,2020-07-30,89.9
17521,GRC4951193D4,2020-07-31,89.5
17524,GRC4951193D4,2020-08-05,90.8
17522,GRC4951193D4,2020-08-03,90.3
17523,GRC4951193D4,2020-08-04,89.9
17525,GRC4951193D4,2020-08-06,90.0
17526,GRC4951193D4,2020-08-07,90.0
17527,GRC4951193D4,2020-08-10,80.0
17528,GRC4951193D4,2020-08-11,91.1
17529,GRC4951193D4,2020-08-12,88.4
17530,GRC4951193D4,2020-08-13,89.4
17532,GRC4951193D4,2020-08-17,85.0
17531,GRC4951193D4,2020-08-14,84.0
17533,GRC4951193D4,2020-08-18,80.0
17534,GRC4951193D4,2020-08-19,88.7
17536,GRC4951193D4,2020-08-21,85.1
17538,GRC4951193D4,2020-08-25,87.0
17539,GRC4951193D4,2020-08-26,88.8
17537,GRC4951193D4,2020-08-24,88.4
17540,GRC4951193D4,2020-08-27,88.0
17541,GRC4951193D4,2020-08-28,88.0
17535,GRC4951193D4,2020-08-20,76.0
17542,GRC4951193D4,2020-08-31,86.0
17543,GRC4951193D4,2020-09-01,85.1
17544,GRC4951193D4,2020-09-02,85.1
17545,GRC4951193D4,2020-09-03,85.1
17546,GRC4951193D4,2020-09-04,85.4
17547,GRC4951193D4,2020-09-07,86.0
17548,GRC4951193D4,2020-09-08,87.0
17549,GRC4951193D4,2020-09-09,86.5
17550,GRC4951193D4,2020-09-10,87.0
17551,GRC4951193D4,2020-09-11,86.0
17553,GRC4951193D4,2020-09-15,87.0
17552,GRC4951193D4,2020-09-14,87.0
17554,GRC4951193D4,2020-09-16,85.0
17555,GRC4951193D4,2020-09-17,88.0
17556,GRC4951193D4,2020-09-18,88.3
17560,GRC4951193D4,2020-09-24,88.5
17558,GRC4951193D4,2020-09-22,88.5
17557,GRC4951193D4,2020-09-21,86.0
17561,GRC4951193D4,2020-09-25,88.0
17559,GRC4951193D4,2020-09-23,89.5
17563,GRC4951193D4,2020-09-29,85.0
17562,GRC4951193D4,2020-09-28,88.0
17564,GRC4951193D4,2020-09-30,88.0
17565,GRC4951193D4,2020-10-01,88.0
17566,GRC4951193D4,2020-10-02,88.9
17567,GRC4951193D4,2020-10-05,88.9
17568,GRC4951193D4,2020-10-06,88.4
17569,GRC4951193D4,2020-10-07,89.2
17570,GRC4951193D4,2020-10-08,88.8
17572,GRC4951193D4,2020-10-12,90.0
17571,GRC4951193D4,2020-10-09,87.8
17573,GRC4951193D4,2020-10-13,88.0
17574,GRC4951193D4,2020-10-14,89.3
17575,GRC4951193D4,2020-10-15,84.0
17576,GRC4951193D4,2020-10-16,89.3
17578,GRC4951193D4,2020-10-20,85.4
17577,GRC4951193D4,2020-10-19,85.9
17581,GRC4951193D4,2020-10-23,87.0
17579,GRC4951193D4,2020-10-21,86.0
17580,GRC4951193D4,2020-10-22,85.4
17582,GRC4951193D4,2020-10-26,85.9
17583,GRC4951193D4,2020-10-27,86.0
17584,GRC4951193D4,2020-10-28,85.0
17585,GRC4951193D4,2020-10-29,85.0
17590,GRC4951193D4,2020-11-05,85.0
17592,GRC4951193D4,2020-11-09,86.0
17591,GRC4951193D4,2020-11-06,85.0
17593,GRC4951193D4,2020-11-10,88.7
17594,GRC4951193D4,2020-11-11,92.0
17595,GRC4951193D4,2020-11-12,92.7
17596,GRC4951193D4,2020-11-13,88.9
17597,GRC4951193D4,2020-11-16,92.7
17599,GRC4951193D4,2020-11-18,88.0
17598,GRC4951193D4,2020-11-17,89.5
17600,GRC4951193D4,2020-11-19,89.0
17601,GRC4951193D4,2020-11-20,88.0
17603,GRC4951193D4,2020-11-24,93.0
17602,GRC4951193D4,2020-11-23,93.0
17604,GRC4951193D4,2020-11-25,95.4
17605,GRC4951193D4,2020-11-26,95.5
17589,GRC4951193D4,2020-11-04,83.0
17606,GRC4951193D4,2020-11-27,97.5
17608,GRC4951193D4,2020-12-01,95.5
17607,GRC4951193D4,2020-11-30,95.5
17609,GRC4951193D4,2020-12-02,94.8
17610,GRC4951193D4,2020-12-03,90.8
17611,GRC4951193D4,2020-12-04,89.6
17612,GRC4951193D4,2020-12-07,90.4
17613,GRC4951193D4,2020-12-08,95.0
17614,GRC4951193D4,2020-12-09,95.2
17615,GRC4951193D4,2020-12-10,95.2
17616,GRC4951193D4,2020-12-11,97.5
17617,GRC4951193D4,2020-12-14,96.9
17618,GRC4951193D4,2020-12-15,97.5
17619,GRC4951193D4,2020-12-16,96.9
17620,GRC4951193D4,2020-12-17,98.1
17621,GRC4951193D4,2020-12-18,98.1
17622,GRC4951193D4,2020-12-21,95.9
17623,GRC4951193D4,2020-12-22,98.1
17625,GRC4951193D4,2020-12-24,96.9
17624,GRC4951193D4,2020-12-23,95.9
17626,GRC4951193D4,2020-12-28,97.5
17627,GRC4951193D4,2020-12-29,97.6
17628,GRC4951193D4,2020-12-30,96.7
17629,GRC4951193D4,2020-12-31,98.1
17631,GRC4951193D4,2021-01-04,97.4
17630,GRC4951193D4,2021-01-01,98.1
17632,GRC4951193D4,2021-01-05,98.0
17633,GRC4951193D4,2021-01-06,98.6
17634,GRC4951193D4,2021-01-07,96.9
17635,GRC4951193D4,2021-01-08,98.3
17636,GRC4951193D4,2021-01-11,98.3
17638,GRC4951193D4,2021-01-13,97.5
17637,GRC4951193D4,2021-01-12,98.2
17639,GRC4951193D4,2021-01-14,97.5
17640,GRC4951193D4,2021-01-15,98.0
17641,GRC4951193D4,2021-01-18,98.6
17642,GRC4951193D4,2021-01-19,98.0
17643,GRC4951193D4,2021-01-20,98.1
17644,GRC4951193D4,2021-01-21,98.0
17645,GRC4951193D4,2021-01-22,98.0
17646,GRC4951193D4,2021-01-25,98.0
17649,GRC4951193D4,2021-01-28,98.0
17647,GRC4951193D4,2021-01-26,96.5
17650,GRC4951193D4,2021-01-29,98.0
17648,GRC4951193D4,2021-01-27,97.1
17652,GRC4951193D4,2021-02-02,96.7
17651,GRC4951193D4,2021-02-01,98.2
17653,GRC4951193D4,2021-02-03,96.9
17654,GRC4951193D4,2021-02-04,96.7
17655,GRC4951193D4,2021-02-05,97.5
17656,GRC4951193D4,2021-02-08,97.5
17657,GRC4951193D4,2021-02-09,96.5
17588,GRC4951193D4,2020-11-03,86.4
17659,GRC4951193D4,2021-02-11,96.0
17658,GRC4951193D4,2021-02-10,96.5
17660,GRC4951193D4,2021-02-12,97.0
17662,GRC4951193D4,2021-02-16,96.0
17661,GRC4951193D4,2021-02-15,96.5
17663,GRC4951193D4,2021-02-17,96.0
17664,GRC4951193D4,2021-02-18,96.3
17665,GRC4951193D4,2021-02-19,97.2
17667,GRC4951193D4,2021-02-23,96.0
17666,GRC4951193D4,2021-02-22,96.5
17668,GRC4951193D4,2021-02-24,97.9
17669,GRC4951193D4,2021-02-25,96.5
17671,GRC8081169B2,2020-03-02,101.8
17670,GRC4951193D4,2021-02-26,97.6
17684,GRC8081169B2,2020-03-19,93.9
17694,GRC8081169B2,2020-04-02,99.0
17700,GRC8081169B2,2020-04-10,98.5
17701,GRC8081169B2,2020-04-13,98.1
17696,GRC8081169B2,2020-04-06,98.0
17703,GRC8081169B2,2020-04-15,98.5
17702,GRC8081169B2,2020-04-14,98.1
17695,GRC8081169B2,2020-04-03,98.0
17699,GRC8081169B2,2020-04-09,98.0
17697,GRC8081169B2,2020-04-07,98.0
17705,GRC8081169B2,2020-04-17,98.1
17704,GRC8081169B2,2020-04-16,98.1
17706,GRC8081169B2,2020-04-20,98.7
17698,GRC8081169B2,2020-04-08,98.0
17707,GRC8081169B2,2020-04-21,98.7
17708,GRC8081169B2,2020-04-22,98.7
17709,GRC8081169B2,2020-04-23,98.0
17710,GRC8081169B2,2020-04-24,98.4
17711,GRC8081169B2,2020-04-27,98.4
17712,GRC8081169B2,2020-04-28,98.7
17714,GRC8081169B2,2020-04-30,98.0
17713,GRC8081169B2,2020-04-29,98.0
17715,GRC8081169B2,2020-05-01,98.0
17716,GRC8081169B2,2020-05-04,98.4
17717,GRC8081169B2,2020-05-05,98.2
17718,GRC8081169B2,2020-05-06,98.0
17719,GRC8081169B2,2020-05-07,98.0
17720,GRC8081169B2,2020-05-08,97.7
17721,GRC8081169B2,2020-05-11,98.2
17722,GRC8081169B2,2020-05-12,98.0
17723,GRC8081169B2,2020-05-13,99.5
17725,GRC8081169B2,2020-05-15,99.5
17724,GRC8081169B2,2020-05-14,99.8
17726,GRC8081169B2,2020-05-18,99.4
17727,GRC8081169B2,2020-05-19,98.8
17728,GRC8081169B2,2020-05-20,99.4
17729,GRC8081169B2,2020-05-21,98.0
17730,GRC8081169B2,2020-05-22,99.7
17731,GRC8081169B2,2020-05-25,100.0
17732,GRC8081169B2,2020-05-26,99.9
17733,GRC8081169B2,2020-05-27,101.0
17734,GRC8081169B2,2020-05-28,101.0
17735,GRC8081169B2,2020-05-29,101.0
17736,GRC8081169B2,2020-06-01,101.5
17738,GRC8081169B2,2020-06-03,101.5
17737,GRC8081169B2,2020-06-02,101.4
17739,GRC8081169B2,2020-06-04,101.5
17740,GRC8081169B2,2020-06-05,101.5
17741,GRC8081169B2,2020-06-08,101.4
17742,GRC8081169B2,2020-06-09,101.7
17743,GRC8081169B2,2020-06-10,101.6
17744,GRC8081169B2,2020-06-11,101.9
17745,GRC8081169B2,2020-06-12,101.9
17746,GRC8081169B2,2020-06-15,101.9
17748,GRC8081169B2,2020-06-17,102.3
17747,GRC8081169B2,2020-06-16,101.9
17749,GRC8081169B2,2020-06-18,102.3
17750,GRC8081169B2,2020-06-19,102.4
17751,GRC8081169B2,2020-06-22,102.4
17752,GRC8081169B2,2020-06-23,103.0
17753,GRC8081169B2,2020-06-24,102.9
17754,GRC8081169B2,2020-06-25,102.6
17755,GRC8081169B2,2020-06-26,102.6
17756,GRC8081169B2,2020-06-29,102.0
17691,GRC8081169B2,2020-03-30,96.6
17757,GRC8081169B2,2020-06-30,102.0
17758,GRC8081169B2,2020-07-01,102.1
17759,GRC8081169B2,2020-07-02,102.0
17760,GRC8081169B2,2020-07-03,102.0
17761,GRC8081169B2,2020-07-06,102.0
17762,GRC8081169B2,2020-07-07,102.0
17763,GRC8081169B2,2020-07-08,102.0
17765,GRC8081169B2,2020-07-10,103.0
17764,GRC8081169B2,2020-07-09,102.4
17766,GRC8081169B2,2020-07-13,102.8
17767,GRC8081169B2,2020-07-14,102.8
17768,GRC8081169B2,2020-07-15,101.8
17769,GRC8081169B2,2020-07-16,102.0
17771,GRC8081169B2,2020-07-20,102.7
17770,GRC8081169B2,2020-07-17,100.3
17772,GRC8081169B2,2020-07-21,101.3
17773,GRC8081169B2,2020-07-22,102.0
17774,GRC8081169B2,2020-07-23,102.2
17776,GRC8081169B2,2020-07-27,102.0
17775,GRC8081169B2,2020-07-24,102.2
17777,GRC8081169B2,2020-07-28,102.4
17779,GRC8081169B2,2020-07-30,102.0
17778,GRC8081169B2,2020-07-29,102.4
17780,GRC8081169B2,2020-07-31,102.8
17783,GRC8081169B2,2020-08-05,101.9
17781,GRC8081169B2,2020-08-03,101.8
17782,GRC8081169B2,2020-08-04,102.4
17784,GRC8081169B2,2020-08-06,102.0
17785,GRC8081169B2,2020-08-07,101.9
17786,GRC8081169B2,2020-08-10,101.8
17787,GRC8081169B2,2020-08-11,101.6
17788,GRC8081169B2,2020-08-12,101.6
17789,GRC8081169B2,2020-08-13,102.1
17790,GRC8081169B2,2020-08-14,102.1
17791,GRC8081169B2,2020-08-17,102.0
17792,GRC8081169B2,2020-08-18,102.1
17794,GRC8081169B2,2020-08-20,102.0001
17793,GRC8081169B2,2020-08-19,102.0
17795,GRC8081169B2,2020-08-21,102.0
17796,GRC8081169B2,2020-08-24,102.085
17797,GRC8081169B2,2020-08-25,102.305
17798,GRC8081169B2,2020-08-26,102.0001
17799,GRC8081169B2,2020-08-27,102.4224
17800,GRC8081169B2,2020-08-28,102.4224
17801,GRC8081169B2,2020-08-31,103.2048
17803,GRC8081169B2,2020-09-02,102.7476
17802,GRC8081169B2,2020-09-01,103.2048
17805,GRC8081169B2,2020-09-04,99.3985
17804,GRC8081169B2,2020-09-03,102.0
17806,GRC8081169B2,2020-09-07,102.6931
17807,GRC8081169B2,2020-09-08,98.0
17808,GRC8081169B2,2020-09-09,102.6807
17809,GRC8081169B2,2020-09-10,102.6807
17811,GRC8081169B2,2020-09-14,102.6807
17810,GRC8081169B2,2020-09-11,102.6807
17812,GRC8081169B2,2020-09-15,102.5001
17813,GRC8081169B2,2020-09-16,102.5001
17814,GRC8081169B2,2020-09-17,102.75
17815,GRC8081169B2,2020-09-18,102.75
17816,GRC8081169B2,2020-09-21,102.75
17817,GRC8081169B2,2020-09-22,102.75
17818,GRC8081169B2,2020-09-23,103.2
17819,GRC8081169B2,2020-09-24,103.2
17820,GRC8081169B2,2020-09-25,102.6807
17821,GRC8081169B2,2020-09-28,102.9
17822,GRC8081169B2,2020-09-29,103.3
17823,GRC8081169B2,2020-09-30,102.55
17825,GRC8081169B2,2020-10-02,102.6
17826,GRC8081169B2,2020-10-05,102.75
17824,GRC8081169B2,2020-10-01,103.5
17827,GRC8081169B2,2020-10-06,102.5911
17828,GRC8081169B2,2020-10-07,101.8
17835,GRC8081169B2,2020-10-16,102.35
17836,GRC8081169B2,2020-10-19,102.35
17837,GRC8081169B2,2020-10-20,102.35
17838,GRC8081169B2,2020-10-21,102.35
17839,GRC8081169B2,2020-10-22,102.35
17840,GRC8081169B2,2020-10-23,102.35
17841,GRC8081169B2,2020-10-26,102.35
17842,GRC8081169B2,2020-10-27,102.2
17843,GRC8081169B2,2020-10-28,102.7824
17844,GRC8081169B2,2020-10-29,102.3486
17845,GRC8081169B2,2020-10-30,102.4102
17846,GRC8081169B2,2020-11-02,102.2
17847,GRC8081169B2,2020-11-03,102.35
17848,GRC8081169B2,2020-11-04,102.0
17849,GRC8081169B2,2020-11-05,102.2
17850,GRC8081169B2,2020-11-06,102.1
17851,GRC8081169B2,2020-11-09,102.2
17852,GRC8081169B2,2020-11-10,102.2
17853,GRC8081169B2,2020-11-11,102.1
17854,GRC8081169B2,2020-11-12,102.1
17855,GRC8081169B2,2020-11-13,102.0
17857,GRC8081169B2,2020-11-17,101.8
17856,GRC8081169B2,2020-11-16,101.6
17831,GRC8081169B2,2020-10-12,99.9294
17858,GRC8081169B2,2020-11-18,101.8
17859,GRC8081169B2,2020-11-19,101.8
17860,GRC8081169B2,2020-11-20,101.8
17861,GRC8081169B2,2020-11-23,101.8
17862,GRC8081169B2,2020-11-24,101.8
17863,GRC8081169B2,2020-11-25,102.1
17864,GRC8081169B2,2020-11-26,102.1
17865,GRC8081169B2,2020-11-27,102.1
17866,GRC8081169B2,2020-11-30,102.0
17829,GRC8081169B2,2020-10-08,100.3769
17867,GRC8081169B2,2020-12-01,102.0
17868,GRC8081169B2,2020-12-02,102.0
17869,GRC8081169B2,2020-12-03,102.0
17871,GRC8081169B2,2020-12-07,102.1
17870,GRC8081169B2,2020-12-04,102.0
17873,GRC8081169B2,2020-12-09,102.3
17872,GRC8081169B2,2020-12-08,102.0
17874,GRC8081169B2,2020-12-10,102.3
17875,GRC8081169B2,2020-12-11,102.1
17876,GRC8081169B2,2020-12-14,102.1
17877,GRC8081169B2,2020-12-15,102.1
17878,GRC8081169B2,2020-12-16,102.4
17879,GRC8081169B2,2020-12-17,102.4
17880,GRC8081169B2,2020-12-18,102.4
17881,GRC8081169B2,2020-12-21,102.3
17882,GRC8081169B2,2020-12-22,102.4
17883,GRC8081169B2,2020-12-23,102.4
17884,GRC8081169B2,2020-12-24,102.4
17885,GRC8081169B2,2020-12-28,102.4
17886,GRC8081169B2,2020-12-29,102.4
17887,GRC8081169B2,2020-12-30,102.2
17888,GRC8081169B2,2020-12-31,102.5
17889,GRC8081169B2,2021-01-01,102.2
17890,GRC8081169B2,2021-01-04,102.8
17891,GRC8081169B2,2021-01-05,102.0
17892,GRC8081169B2,2021-01-06,101.8
17893,GRC8081169B2,2021-01-07,102.8
17830,GRC8081169B2,2020-10-09,101.3832
17894,GRC8081169B2,2021-01-08,102.2
17895,GRC8081169B2,2021-01-11,101.8
17896,GRC8081169B2,2021-01-12,102.7
17897,GRC8081169B2,2021-01-13,102.2
17898,GRC8081169B2,2021-01-14,102.5
17899,GRC8081169B2,2021-01-15,102.6
17900,GRC8081169B2,2021-01-18,102.5
17901,GRC8081169B2,2021-01-19,102.5
17902,GRC8081169B2,2021-01-20,102.5
17903,GRC8081169B2,2021-01-21,102.5
17904,GRC8081169B2,2021-01-22,102.5
17905,GRC8081169B2,2021-01-25,102.5
17906,GRC8081169B2,2021-01-26,102.4
17907,GRC8081169B2,2021-01-27,102.4
17908,GRC8081169B2,2021-01-28,102.3
17909,GRC8081169B2,2021-01-29,102.4
17910,GRC8081169B2,2021-02-01,102.3
17911,GRC8081169B2,2021-02-02,102.8
17912,GRC8081169B2,2021-02-03,102.4
17913,GRC8081169B2,2021-02-04,102.8
17915,GRC8081169B2,2021-02-08,102.6
17914,GRC8081169B2,2021-02-05,102.3
17916,GRC8081169B2,2021-02-09,102.6
17917,GRC8081169B2,2021-02-10,102.5
17919,GRC8081169B2,2021-02-12,102.4
17918,GRC8081169B2,2021-02-11,102.8
18040,GRC813119AD1,2020-08-03,99.9985
17920,GRC8081169B2,2021-02-15,102.3
18037,GRC813119AD1,2020-07-29,99.4
17921,GRC8081169B2,2021-02-16,102.3
18046,GRC813119AD1,2020-08-11,98.8
18047,GRC813119AD1,2020-08-12,99.6
17922,GRC8081169B2,2021-02-17,102.4
17923,GRC8081169B2,2021-02-18,102.5
18049,GRC813119AD1,2020-08-14,99.6
18048,GRC813119AD1,2020-08-13,99.6
18045,GRC813119AD1,2020-08-10,99.7
17925,GRC8081169B2,2021-02-22,102.5
17924,GRC8081169B2,2021-02-19,102.4
17926,GRC8081169B2,2021-02-23,102.7
17927,GRC8081169B2,2021-02-24,102.4
18050,GRC813119AD1,2020-08-17,99.6
18051,GRC813119AD1,2020-08-18,99.6
18052,GRC813119AD1,2020-08-19,99.6
17928,GRC8081169B2,2021-02-25,102.8
18053,GRC813119AD1,2020-08-20,99.7
18054,GRC813119AD1,2020-08-21,100.0
18055,GRC813119AD1,2020-08-24,99.6
17929,GRC8081169B2,2021-02-26,102.3
18056,GRC813119AD1,2020-08-25,100.0
18057,GRC813119AD1,2020-08-26,99.6
18064,GRC813119AD1,2020-09-04,99.6
18062,GRC813119AD1,2020-09-02,99.1
18059,GRC813119AD1,2020-08-28,99.8
18065,GRC813119AD1,2020-09-07,99.6
18063,GRC813119AD1,2020-09-03,99.1
18066,GRC813119AD1,2020-09-08,99.6
18067,GRC813119AD1,2020-09-09,99.9
18061,GRC813119AD1,2020-09-01,99.7
18068,GRC813119AD1,2020-09-10,99.9
18060,GRC813119AD1,2020-08-31,100.0
18070,GRC813119AD1,2020-09-14,100.0
18071,GRC813119AD1,2020-09-15,100.0
18069,GRC813119AD1,2020-09-11,99.7
18043,GRC813119AD1,2020-08-06,99.6196
18074,GRC813119AD1,2020-09-18,100.0
18076,GRC813119AD1,2020-09-22,99.7
18072,GRC813119AD1,2020-09-16,100.0
18075,GRC813119AD1,2020-09-21,99.1
18077,GRC813119AD1,2020-09-23,99.6
18078,GRC813119AD1,2020-09-24,99.6
18079,GRC813119AD1,2020-09-25,99.9
18080,GRC813119AD1,2020-09-28,99.9
18081,GRC813119AD1,2020-09-29,99.9
18058,GRC813119AD1,2020-08-27,99.8
18087,GRC813119AD1,2020-10-07,100.0
18088,GRC813119AD1,2020-10-08,100.3
18089,GRC813119AD1,2020-10-09,100.0
18090,GRC813119AD1,2020-10-12,100.3
18091,GRC813119AD1,2020-10-13,100.0
18092,GRC813119AD1,2020-10-14,100.0
18093,GRC813119AD1,2020-10-15,100.0
18094,GRC813119AD1,2020-10-16,100.0
18095,GRC813119AD1,2020-10-19,99.9
18096,GRC813119AD1,2020-10-20,100.0
18097,GRC813119AD1,2020-10-21,100.1
18098,GRC813119AD1,2020-10-22,99.7
18099,GRC813119AD1,2020-10-23,99.7
18100,GRC813119AD1,2020-10-26,99.7
18101,GRC813119AD1,2020-10-27,99.7
18102,GRC813119AD1,2020-10-28,99.7
18103,GRC813119AD1,2020-10-29,99.7
18104,GRC813119AD1,2020-10-30,99.2
18106,GRC813119AD1,2020-11-03,99.0
18107,GRC813119AD1,2020-11-04,99.0
18110,GRC813119AD1,2020-11-09,100.6
18111,GRC813119AD1,2020-11-10,100.0
18112,GRC813119AD1,2020-11-11,100.0
18113,GRC813119AD1,2020-11-12,99.8
18114,GRC813119AD1,2020-11-13,99.8
18115,GRC813119AD1,2020-11-16,99.9
18116,GRC813119AD1,2020-11-17,100.0
18117,GRC813119AD1,2020-11-18,99.7
18118,GRC813119AD1,2020-11-19,100.0
18119,GRC813119AD1,2020-11-20,100.0
18120,GRC813119AD1,2020-11-23,100.5
18121,GRC813119AD1,2020-11-24,100.3
18122,GRC813119AD1,2020-11-25,100.7
18123,GRC813119AD1,2020-11-26,100.3
18124,GRC813119AD1,2020-11-27,100.0
18125,GRC813119AD1,2020-11-30,100.0
18126,GRC813119AD1,2020-12-01,100.1
18127,GRC813119AD1,2020-12-02,100.0
18128,GRC813119AD1,2020-12-03,100.5
18129,GRC813119AD1,2020-12-04,100.1
18130,GRC813119AD1,2020-12-07,100.5
18131,GRC813119AD1,2020-12-08,100.6
18132,GRC813119AD1,2020-12-09,101.0
18073,GRC813119AD1,2020-09-17,100.0
18133,GRC813119AD1,2020-12-10,100.5
18134,GRC813119AD1,2020-12-11,100.4
18135,GRC813119AD1,2020-12-14,100.0
18136,GRC813119AD1,2020-12-15,100.7
18137,GRC813119AD1,2020-12-16,100.8
18138,GRC813119AD1,2020-12-17,100.4
18139,GRC813119AD1,2020-12-18,101.0
18140,GRC813119AD1,2020-12-21,100.0
18141,GRC813119AD1,2020-12-22,100.0
18142,GRC813119AD1,2020-12-23,100.2
18144,GRC813119AD1,2020-12-28,100.8
18143,GRC813119AD1,2020-12-24,100.7
18145,GRC813119AD1,2020-12-29,100.4
18146,GRC813119AD1,2020-12-30,100.3
18147,GRC813119AD1,2020-12-31,100.0
18148,GRC813119AD1,2021-01-01,100.4
18149,GRC813119AD1,2021-01-04,100.4
18150,GRC813119AD1,2021-01-05,100.4
18151,GRC813119AD1,2021-01-06,100.4
18152,GRC813119AD1,2021-01-07,100.5
18153,GRC813119AD1,2021-01-08,100.3
18154,GRC813119AD1,2021-01-11,101.0
18155,GRC813119AD1,2021-01-12,100.9
18156,GRC813119AD1,2021-01-13,101.6
18157,GRC813119AD1,2021-01-14,100.5
18158,GRC813119AD1,2021-01-15,100.5
18159,GRC813119AD1,2021-01-18,99.6
18160,GRC813119AD1,2021-01-19,99.6
18161,GRC813119AD1,2021-01-20,101.7
18162,GRC813119AD1,2021-01-21,100.5
18163,GRC813119AD1,2021-01-22,100.7
18164,GRC813119AD1,2021-01-25,100.5
18165,GRC813119AD1,2021-01-26,100.6
18166,GRC813119AD1,2021-01-27,100.6
18167,GRC813119AD1,2021-01-28,100.6
18168,GRC813119AD1,2021-01-29,100.6
18169,GRC813119AD1,2021-02-01,100.6
18170,GRC813119AD1,2021-02-02,100.6
18171,GRC813119AD1,2021-02-03,100.0
18173,GRC813119AD1,2021-02-05,100.0
18172,GRC813119AD1,2021-02-04,101.0
18174,GRC813119AD1,2021-02-08,100.5
18175,GRC813119AD1,2021-02-09,100.4
18176,GRC813119AD1,2021-02-10,100.0
18177,GRC813119AD1,2021-02-11,100.4
18178,GRC813119AD1,2021-02-12,100.2
18179,GRC813119AD1,2021-02-15,100.8
18180,GRC813119AD1,2021-02-16,100.7
18181,GRC813119AD1,2021-02-17,100.9
18182,GRC813119AD1,2021-02-18,100.7
18183,GRC813119AD1,2021-02-19,100.7
18184,GRC813119AD1,2021-02-22,100.3
18185,GRC813119AD1,2021-02-23,100.0
18186,GRC813119AD1,2021-02-24,99.9
18187,GRC813119AD1,2021-02-25,99.9
18188,GRC813119AD1,2021-02-26,100.0
18189,GRC815117CD9,2020-03-02,98.6
18190,GRC815117CD9,2020-03-03,100.0
18191,GRC815117CD9,2020-03-04,99.6
18192,GRC815117CD9,2020-03-05,99.6
18193,GRC815117CD9,2020-03-06,99.6
18194,GRC815117CD9,2020-03-09,100.0
18195,GRC815117CD9,2020-03-10,100.0
18196,GRC815117CD9,2020-03-11,100.0
18197,GRC815117CD9,2020-03-12,100.1
18198,GRC815117CD9,2020-03-13,100.0
18199,GRC815117CD9,2020-03-16,100.0
18200,GRC815117CD9,2020-03-17,100.0
18201,GRC815117CD9,2020-03-18,98.9
18215,GRC815117CD9,2020-04-07,90.0
18214,GRC815117CD9,2020-04-06,89.0
18218,GRC815117CD9,2020-04-10,92.0
18213,GRC815117CD9,2020-04-03,90.0
18216,GRC815117CD9,2020-04-08,98.3
18221,GRC815117CD9,2020-04-15,96.8
18225,GRC815117CD9,2020-04-21,94.0
18226,GRC815117CD9,2020-04-22,95.0
18223,GRC815117CD9,2020-04-17,95.0
18227,GRC815117CD9,2020-04-23,95.0
18224,GRC815117CD9,2020-04-20,94.0
18228,GRC815117CD9,2020-04-24,95.0
18229,GRC815117CD9,2020-04-27,95.0
18230,GRC815117CD9,2020-04-28,95.0
18231,GRC815117CD9,2020-04-29,95.0
18212,GRC815117CD9,2020-04-02,90.0
18232,GRC815117CD9,2020-04-30,95.0
18233,GRC815117CD9,2020-05-01,99.0
18234,GRC815117CD9,2020-05-04,95.0
18235,GRC815117CD9,2020-05-05,98.0
18222,GRC815117CD9,2020-04-16,97.3
18236,GRC815117CD9,2020-05-06,98.0
18237,GRC815117CD9,2020-05-07,91.0
18238,GRC815117CD9,2020-05-08,91.0
18239,GRC815117CD9,2020-05-11,91.0
18240,GRC815117CD9,2020-05-12,91.0
18241,GRC815117CD9,2020-05-13,92.0
18242,GRC815117CD9,2020-05-14,91.4
18248,GRC815117CD9,2020-05-22,92.0
18249,GRC815117CD9,2020-05-25,92.0
18251,GRC815117CD9,2020-05-27,91.9
18256,GRC815117CD9,2020-06-03,92.6
18257,GRC815117CD9,2020-06-04,92.6
18243,GRC815117CD9,2020-05-15,92.0
18258,GRC815117CD9,2020-06-05,95.0
18259,GRC815117CD9,2020-06-08,95.0
18260,GRC815117CD9,2020-06-09,92.6
18261,GRC815117CD9,2020-06-10,95.2
18262,GRC815117CD9,2020-06-11,97.7
18252,GRC815117CD9,2020-05-28,92.6
18270,GRC815117CD9,2020-06-23,100.0
18271,GRC815117CD9,2020-06-24,100.0
18272,GRC815117CD9,2020-06-25,100.0
18273,GRC815117CD9,2020-06-26,100.0
18274,GRC815117CD9,2020-06-29,100.0
18267,GRC815117CD9,2020-06-18,99.0
18275,GRC815117CD9,2020-06-30,100.0
18276,GRC815117CD9,2020-07-01,95.0
18265,GRC815117CD9,2020-06-16,99.0
18255,GRC815117CD9,2020-06-02,92.4
18269,GRC815117CD9,2020-06-22,100.0
18277,GRC815117CD9,2020-07-02,95.0
18279,GRC815117CD9,2020-07-06,100.0
18280,GRC815117CD9,2020-07-07,100.1
18281,GRC815117CD9,2020-07-08,99.9
18278,GRC815117CD9,2020-07-03,99.3
18282,GRC815117CD9,2020-07-09,100.0
18283,GRC815117CD9,2020-07-10,100.0
18284,GRC815117CD9,2020-07-13,100.0
18266,GRC815117CD9,2020-06-17,99.0
18285,GRC815117CD9,2020-07-14,95.0
18286,GRC815117CD9,2020-07-15,95.0
18287,GRC815117CD9,2020-07-16,95.0
18288,GRC815117CD9,2020-07-17,92.2
18289,GRC815117CD9,2020-07-20,94.1
18290,GRC815117CD9,2020-07-21,96.0
18291,GRC815117CD9,2020-07-22,96.0
18245,GRC815117CD9,2020-05-19,92.0
18292,GRC815117CD9,2020-07-23,100.0
18293,GRC815117CD9,2020-07-24,100.0
18294,GRC815117CD9,2020-07-27,96.8
18295,GRC815117CD9,2020-07-28,96.8
18268,GRC815117CD9,2020-06-19,100.0
18264,GRC815117CD9,2020-06-15,99.0
18296,GRC815117CD9,2020-07-29,96.8
18297,GRC815117CD9,2020-07-30,100.0
18298,GRC815117CD9,2020-07-31,98.9
18299,GRC815117CD9,2020-08-03,95.0
18300,GRC815117CD9,2020-08-04,99.2
18301,GRC815117CD9,2020-08-05,99.2
18302,GRC815117CD9,2020-08-06,99.2
18305,GRC815117CD9,2020-08-11,95.0
18303,GRC815117CD9,2020-08-07,99.2
18304,GRC815117CD9,2020-08-10,99.2
18306,GRC815117CD9,2020-08-12,95.0
18307,GRC815117CD9,2020-08-13,99.2
18308,GRC815117CD9,2020-08-14,99.2
18309,GRC815117CD9,2020-08-17,99.2
18310,GRC815117CD9,2020-08-18,99.2
18311,GRC815117CD9,2020-08-19,99.2
18312,GRC815117CD9,2020-08-20,99.2
18313,GRC815117CD9,2020-08-21,99.5
18314,GRC815117CD9,2020-08-24,99.5
18315,GRC815117CD9,2020-08-25,99.5
18317,GRC815117CD9,2020-08-27,99.5
18316,GRC815117CD9,2020-08-26,99.5
18318,GRC815117CD9,2020-08-28,99.1
18319,GRC815117CD9,2020-08-31,99.1
18320,GRC815117CD9,2020-09-01,99.1
18321,GRC815117CD9,2020-09-02,99.1
18322,GRC815117CD9,2020-09-03,99.6
18323,GRC815117CD9,2020-09-04,99.8
18324,GRC815117CD9,2020-09-07,99.8
18325,GRC815117CD9,2020-09-08,99.8
18326,GRC815117CD9,2020-09-09,99.8
18327,GRC815117CD9,2020-09-10,99.8
18328,GRC815117CD9,2020-09-11,99.8
18330,GRC815117CD9,2020-09-15,99.7
18329,GRC815117CD9,2020-09-14,99.8
18331,GRC815117CD9,2020-09-16,99.1
18332,GRC815117CD9,2020-09-17,99.7
18333,GRC815117CD9,2020-09-18,99.7
18334,GRC815117CD9,2020-09-21,99.1
18335,GRC815117CD9,2020-09-22,99.5
18336,GRC815117CD9,2020-09-23,96.0
18337,GRC815117CD9,2020-09-24,96.0
18338,GRC815117CD9,2020-09-25,96.0
18339,GRC815117CD9,2020-09-28,100.0
18340,GRC815117CD9,2020-09-29,97.0
18341,GRC815117CD9,2020-09-30,100.0
18342,GRC815117CD9,2020-10-01,100.0
18343,GRC815117CD9,2020-10-02,97.0
18344,GRC815117CD9,2020-10-05,97.0
18345,GRC815117CD9,2020-10-06,97.0
18346,GRC815117CD9,2020-10-07,97.1
18347,GRC815117CD9,2020-10-08,97.1
18348,GRC815117CD9,2020-10-09,97.1
18350,GRC815117CD9,2020-10-13,97.1
18349,GRC815117CD9,2020-10-12,97.0
18351,GRC815117CD9,2020-10-14,97.0
18352,GRC815117CD9,2020-10-15,97.0
18353,GRC815117CD9,2020-10-16,97.0
18354,GRC815117CD9,2020-10-19,97.1
18355,GRC815117CD9,2020-10-20,97.0
18356,GRC815117CD9,2020-10-21,97.0
18357,GRC815117CD9,2020-10-22,97.1
18358,GRC815117CD9,2020-10-23,99.2
18360,GRC815117CD9,2020-10-27,99.8
18359,GRC815117CD9,2020-10-26,99.5
18361,GRC815117CD9,2020-10-28,99.8
18362,GRC815117CD9,2020-10-29,99.8
18363,GRC815117CD9,2020-10-30,99.8
18364,GRC815117CD9,2020-11-02,99.8
18365,GRC815117CD9,2020-11-03,96.0
18366,GRC815117CD9,2020-11-04,97.0
18367,GRC815117CD9,2020-11-05,97.0
18368,GRC815117CD9,2020-11-06,96.0
18369,GRC815117CD9,2020-11-09,99.2
18370,GRC815117CD9,2020-11-10,99.0
18371,GRC815117CD9,2020-11-11,99.0
18372,GRC815117CD9,2020-11-12,99.0
18374,GRC815117CD9,2020-11-16,99.0
18373,GRC815117CD9,2020-11-13,99.0
18375,GRC815117CD9,2020-11-17,99.0
18376,GRC815117CD9,2020-11-18,99.8
18377,GRC815117CD9,2020-11-19,99.8
18378,GRC815117CD9,2020-11-20,99.8
18380,GRC815117CD9,2020-11-24,99.0
18379,GRC815117CD9,2020-11-23,99.8
18381,GRC815117CD9,2020-11-25,99.2
18382,GRC815117CD9,2020-11-26,99.2
18383,GRC815117CD9,2020-11-27,99.5
18384,GRC815117CD9,2020-11-30,99.5
18385,GRC815117CD9,2020-12-01,99.9
18386,GRC815117CD9,2020-12-02,99.0
18387,GRC815117CD9,2020-12-03,99.1
18388,GRC815117CD9,2020-12-04,98.8
18389,GRC815117CD9,2020-12-07,98.5
18390,GRC815117CD9,2020-12-08,98.8
18391,GRC815117CD9,2020-12-09,98.5
18392,GRC815117CD9,2020-12-10,98.5
18394,GRC815117CD9,2020-12-14,98.5
18393,GRC815117CD9,2020-12-11,98.5
18395,GRC815117CD9,2020-12-15,100.5
18396,GRC815117CD9,2020-12-16,99.7
18397,GRC815117CD9,2020-12-17,99.7
18398,GRC815117CD9,2020-12-18,100.0
18399,GRC815117CD9,2020-12-21,101.5
18400,GRC815117CD9,2020-12-22,101.5
18401,GRC815117CD9,2020-12-23,101.5
18402,GRC815117CD9,2020-12-24,100.0
18404,GRC815117CD9,2020-12-29,100.0
18403,GRC815117CD9,2020-12-28,100.0
18405,GRC815117CD9,2020-12-30,100.0
18406,GRC815117CD9,2020-12-31,100.9
18407,GRC815117CD9,2021-01-01,100.0
18409,GRC815117CD9,2021-01-05,100.0
18408,GRC815117CD9,2021-01-04,100.0
18410,GRC815117CD9,2021-01-06,99.9
18411,GRC815117CD9,2021-01-07,102.4
18413,GRC815117CD9,2021-01-11,100.0
18412,GRC815117CD9,2021-01-08,100.0
18416,GRC815117CD9,2021-01-14,100.6
18415,GRC815117CD9,2021-01-13,100.0
18414,GRC815117CD9,2021-01-12,100.0
18417,GRC815117CD9,2021-01-15,100.0
18418,GRC815117CD9,2021-01-18,100.0
18420,GRC815117CD9,2021-01-20,100.0
18419,GRC815117CD9,2021-01-19,100.6
18422,GRC815117CD9,2021-01-22,100.3
18421,GRC815117CD9,2021-01-21,100.6
18423,GRC815117CD9,2021-01-25,100.3
18424,GRC815117CD9,2021-01-26,100.3
18425,GRC815117CD9,2021-01-27,100.3
18426,GRC815117CD9,2021-01-28,100.3
18427,GRC815117CD9,2021-01-29,100.3
18428,GRC815117CD9,2021-02-01,100.3
18429,GRC815117CD9,2021-02-02,100.3
18431,GRC815117CD9,2021-02-04,100.3
18430,GRC815117CD9,2021-02-03,100.3
18435,GRC815117CD9,2021-02-10,100.55
18432,GRC815117CD9,2021-02-05,101.2
18433,GRC815117CD9,2021-02-08,100.0
18434,GRC815117CD9,2021-02-09,100.0
18436,GRC815117CD9,2021-02-11,100.55
18437,GRC815117CD9,2021-02-12,100.0
18438,GRC815117CD9,2021-02-15,100.0
18439,GRC815117CD9,2021-02-16,100.0
18440,GRC815117CD9,2021-02-17,100.0
18449,GRC8161185B1,2020-03-03,101.7
18450,GRC8161185B1,2020-03-04,100.2
18441,GRC815117CD9,2021-02-18,100.0
18442,GRC815117CD9,2021-02-19,101.5
18463,GRC8161185B1,2020-03-23,95.0
18464,GRC8161185B1,2020-03-24,95.0
18443,GRC815117CD9,2021-02-22,100.0
18444,GRC815117CD9,2021-02-23,100.0
18445,GRC815117CD9,2021-02-24,99.3
18465,GRC8161185B1,2020-03-25,95.0
18467,GRC8161185B1,2020-03-27,96.5
18446,GRC815117CD9,2021-02-25,99.3
18447,GRC815117CD9,2021-02-26,99.3
18462,GRC8161185B1,2020-03-20,101.5
18470,GRC8161185B1,2020-04-01,98.8
18469,GRC8161185B1,2020-03-31,99.7
18471,GRC8161185B1,2020-04-02,98.0
18472,GRC8161185B1,2020-04-03,98.0
18473,GRC8161185B1,2020-04-06,99.9
18474,GRC8161185B1,2020-04-07,99.9
18475,GRC8161185B1,2020-04-08,97.7
18476,GRC8161185B1,2020-04-09,99.0
18477,GRC8161185B1,2020-04-10,99.0
18478,GRC8161185B1,2020-04-13,99.0
18479,GRC8161185B1,2020-04-14,98.9
18480,GRC8161185B1,2020-04-15,99.6
18481,GRC8161185B1,2020-04-16,99.2
18482,GRC8161185B1,2020-04-17,99.7
18484,GRC8161185B1,2020-04-21,99.2
18483,GRC8161185B1,2020-04-20,99.7
18485,GRC8161185B1,2020-04-22,99.9
18486,GRC8161185B1,2020-04-23,99.0
18487,GRC8161185B1,2020-04-24,99.9
18488,GRC8161185B1,2020-04-27,99.0
18489,GRC8161185B1,2020-04-28,98.2
18490,GRC8161185B1,2020-04-29,98.2
18491,GRC8161185B1,2020-04-30,99.6
18492,GRC8161185B1,2020-05-01,99.6
18493,GRC8161185B1,2020-05-04,99.8
18494,GRC8161185B1,2020-05-05,98.3
18495,GRC8161185B1,2020-05-06,99.8
18496,GRC8161185B1,2020-05-07,98.2
18497,GRC8161185B1,2020-05-08,99.8
18498,GRC8161185B1,2020-05-11,98.2
18499,GRC8161185B1,2020-05-12,98.2
18500,GRC8161185B1,2020-05-13,100.3
18501,GRC8161185B1,2020-05-14,100.3
18502,GRC8161185B1,2020-05-15,98.4
18503,GRC8161185B1,2020-05-18,99.0
18504,GRC8161185B1,2020-05-19,98.2
18505,GRC8161185B1,2020-05-20,100.0
18506,GRC8161185B1,2020-05-21,99.4467
18507,GRC8161185B1,2020-05-22,99.0
18508,GRC8161185B1,2020-05-25,99.4
18509,GRC8161185B1,2020-05-26,99.1
18510,GRC8161185B1,2020-05-27,98.9
18511,GRC8161185B1,2020-05-28,100.5
18512,GRC8161185B1,2020-05-29,99.8
18513,GRC8161185B1,2020-06-01,99.8
18514,GRC8161185B1,2020-06-02,101.9
18515,GRC8161185B1,2020-06-03,100.8
18516,GRC8161185B1,2020-06-04,101.4
18517,GRC8161185B1,2020-06-05,100.8
18518,GRC8161185B1,2020-06-08,100.3
18519,GRC8161185B1,2020-06-09,101.3
18520,GRC8161185B1,2020-06-10,100.3
18521,GRC8161185B1,2020-06-11,101.2
18522,GRC8161185B1,2020-06-12,101.2
18523,GRC8161185B1,2020-06-15,101.2
18524,GRC8161185B1,2020-06-16,102.0
18525,GRC8161185B1,2020-06-17,102.0
18527,GRC8161185B1,2020-06-19,102.0
18526,GRC8161185B1,2020-06-18,102.0
18528,GRC8161185B1,2020-06-22,101.3
18529,GRC8161185B1,2020-06-23,101.2
18530,GRC8161185B1,2020-06-24,100.8
18531,GRC8161185B1,2020-06-25,101.8
18532,GRC8161185B1,2020-06-26,100.8
18533,GRC8161185B1,2020-06-29,100.2
18534,GRC8161185B1,2020-06-30,100.2
18535,GRC8161185B1,2020-07-01,102.0
18536,GRC8161185B1,2020-07-02,101.8
18537,GRC8161185B1,2020-07-03,100.8
18538,GRC8161185B1,2020-07-06,101.2
18539,GRC8161185B1,2020-07-07,100.2
18541,GRC8161185B1,2020-07-09,100.2
18540,GRC8161185B1,2020-07-08,100.2
18543,GRC8161185B1,2020-07-13,101.0
18542,GRC8161185B1,2020-07-10,100.5
18544,GRC8161185B1,2020-07-14,101.4
18545,GRC8161185B1,2020-07-15,100.2
18547,GRC8161185B1,2020-07-17,101.8
18546,GRC8161185B1,2020-07-16,100.0
18548,GRC8161185B1,2020-07-20,102.0
18549,GRC8161185B1,2020-07-21,100.6
18550,GRC8161185B1,2020-07-22,100.0
18551,GRC8161185B1,2020-07-23,101.7
18552,GRC8161185B1,2020-07-24,100.0
18553,GRC8161185B1,2020-07-27,100.0
18555,GRC8161185B1,2020-07-29,101.8
18554,GRC8161185B1,2020-07-28,100.4
18556,GRC8161185B1,2020-07-30,100.4
18557,GRC8161185B1,2020-07-31,100.6
18558,GRC8161185B1,2020-08-03,100.2
18560,GRC8161185B1,2020-08-05,100.2
18559,GRC8161185B1,2020-08-04,100.5
18561,GRC8161185B1,2020-08-06,100.5
18562,GRC8161185B1,2020-08-07,100.5
18563,GRC8161185B1,2020-08-10,100.5
18566,GRC8161185B1,2020-08-13,100.6
18564,GRC8161185B1,2020-08-11,101.7
18565,GRC8161185B1,2020-08-12,100.5
18567,GRC8161185B1,2020-08-14,100.6
18568,GRC8161185B1,2020-08-17,100.6
18569,GRC8161185B1,2020-08-18,100.6
18570,GRC8161185B1,2020-08-19,100.6
18571,GRC8161185B1,2020-08-20,101.0
18572,GRC8161185B1,2020-08-21,101.0
18575,GRC8161185B1,2020-08-26,101.1
18574,GRC8161185B1,2020-08-25,101.1
18573,GRC8161185B1,2020-08-24,101.1
18576,GRC8161185B1,2020-08-27,101.1
18577,GRC8161185B1,2020-08-28,101.1
18578,GRC8161185B1,2020-08-31,101.1
18579,GRC8161185B1,2020-09-01,101.1
18580,GRC8161185B1,2020-09-02,101.1
18582,GRC8161185B1,2020-09-04,101.9
18581,GRC8161185B1,2020-09-03,101.1
18583,GRC8161185B1,2020-09-07,101.4
18584,GRC8161185B1,2020-09-08,101.4
18585,GRC8161185B1,2020-09-09,101.5
18586,GRC8161185B1,2020-09-10,101.9
18587,GRC8161185B1,2020-09-11,101.9
18588,GRC8161185B1,2020-09-14,101.9
18589,GRC8161185B1,2020-09-15,101.6
18590,GRC8161185B1,2020-09-16,102.4
18591,GRC8161185B1,2020-09-17,102.4
18592,GRC8161185B1,2020-09-18,101.8
18593,GRC8161185B1,2020-09-21,101.9
18595,GRC8161185B1,2020-09-23,101.1
18594,GRC8161185B1,2020-09-22,101.5
18596,GRC8161185B1,2020-09-24,102.1
18597,GRC8161185B1,2020-09-25,101.4
18598,GRC8161185B1,2020-09-28,101.5
18599,GRC8161185B1,2020-09-29,102.3
18600,GRC8161185B1,2020-09-30,102.3
18602,GRC8161185B1,2020-10-02,101.8
18601,GRC8161185B1,2020-10-01,101.8
18606,GRC8161185B1,2020-10-08,102.2
18604,GRC8161185B1,2020-10-06,101.8
18603,GRC8161185B1,2020-10-05,101.8
18605,GRC8161185B1,2020-10-07,101.4
18616,GRC8161185B1,2020-10-22,101.0
18625,GRC8161185B1,2020-11-04,100.8
18626,GRC8161185B1,2020-11-05,101.5
18627,GRC8161185B1,2020-11-06,100.7
18628,GRC8161185B1,2020-11-09,101.2
18629,GRC8161185B1,2020-11-10,101.5
18630,GRC8161185B1,2020-11-11,101.58
18631,GRC8161185B1,2020-11-12,101.58
18632,GRC8161185B1,2020-11-13,102.5
18633,GRC8161185B1,2020-11-16,102.1
18607,GRC8161185B1,2020-10-09,101.4
18634,GRC8161185B1,2020-11-17,102.45
18635,GRC8161185B1,2020-11-18,101.7
18636,GRC8161185B1,2020-11-19,102.45
18637,GRC8161185B1,2020-11-20,101.7
18639,GRC8161185B1,2020-11-24,101.1
18638,GRC8161185B1,2020-11-23,101.8
18640,GRC8161185B1,2020-11-25,101.4
18641,GRC8161185B1,2020-11-26,101.3
18642,GRC8161185B1,2020-11-27,102.1
18643,GRC8161185B1,2020-11-30,101.8
18644,GRC8161185B1,2020-12-01,101.1
18646,GRC8161185B1,2020-12-03,101.9
18645,GRC8161185B1,2020-12-02,101.8
18649,GRC8161185B1,2020-12-08,101.7
18650,GRC8161185B1,2020-12-09,101.9
18651,GRC8161185B1,2020-12-10,101.9
18653,GRC8161185B1,2020-12-14,101.8
18652,GRC8161185B1,2020-12-11,101.8
18655,GRC8161185B1,2020-12-16,101.8
18656,GRC8161185B1,2020-12-17,101.0
18657,GRC8161185B1,2020-12-18,101.8
18658,GRC8161185B1,2020-12-21,101.8
18659,GRC8161185B1,2020-12-22,101.5
18660,GRC8161185B1,2020-12-23,102.6
18666,GRC8161185B1,2021-01-01,101.8
18678,GRC8161185B1,2021-01-19,102.4
18680,GRC8161185B1,2021-01-21,103.0
18681,GRC8161185B1,2021-01-22,103.0
18687,GRC8161185B1,2021-02-01,101.9
18688,GRC8161185B1,2021-02-02,101.9
18689,GRC8161185B1,2021-02-03,101.9
18690,GRC8161185B1,2021-02-04,103.1
18691,GRC8161185B1,2021-02-05,103.1
18692,GRC8161185B1,2021-02-08,102.2
18693,GRC8161185B1,2021-02-09,102.2
18694,GRC8161185B1,2021-02-10,102.0
18695,GRC8161185B1,2021-02-11,102.0
18696,GRC8161185B1,2021-02-12,101.9
18707,GRC8171186B7,2020-03-02,90.0
18697,GRC8161185B1,2021-02-15,102.0
18698,GRC8161185B1,2021-02-16,102.0
18699,GRC8161185B1,2021-02-17,101.8
18700,GRC8161185B1,2021-02-18,102.0
18708,GRC8171186B7,2020-03-03,91.9
18701,GRC8161185B1,2021-02-19,102.5
18709,GRC8171186B7,2020-03-04,92.5
18702,GRC8161185B1,2021-02-22,102.1
18710,GRC8171186B7,2020-03-05,90.9
18711,GRC8171186B7,2020-03-06,90.9
18706,GRC8161185B1,2021-02-26,103.0
18719,GRC8171186B7,2020-03-18,72.5
18720,GRC8171186B7,2020-03-19,70.0
18721,GRC8171186B7,2020-03-20,70.0
18722,GRC8171186B7,2020-03-23,70.0
18723,GRC8171186B7,2020-03-24,72.0
18724,GRC8171186B7,2020-03-25,70.0
18727,GRC8171186B7,2020-03-30,69.0
18729,GRC8171186B7,2020-04-01,68.0
18730,GRC8171186B7,2020-04-02,68.1
18731,GRC8171186B7,2020-04-03,68.1
18732,GRC8171186B7,2020-04-06,69.0
18733,GRC8171186B7,2020-04-07,68.0
18734,GRC8171186B7,2020-04-08,68.0
18735,GRC8171186B7,2020-04-09,68.0
18738,GRC8171186B7,2020-04-14,68.0
18737,GRC8171186B7,2020-04-13,68.0
18736,GRC8171186B7,2020-04-10,68.1
18740,GRC8171186B7,2020-04-16,74.1
18741,GRC8171186B7,2020-04-17,77.5
18742,GRC8171186B7,2020-04-20,75.4
18744,GRC8171186B7,2020-04-22,68.0
18743,GRC8171186B7,2020-04-21,77.5
18745,GRC8171186B7,2020-04-23,74.0
18748,GRC8171186B7,2020-04-28,68.0
18747,GRC8171186B7,2020-04-27,69.59
18746,GRC8171186B7,2020-04-24,68.0
18749,GRC8171186B7,2020-04-29,82.94
18750,GRC8171186B7,2020-04-30,68.0
18752,GRC8171186B7,2020-05-04,82.44
18751,GRC8171186B7,2020-05-01,68.0
18754,GRC8171186B7,2020-05-06,84.35
18753,GRC8171186B7,2020-05-05,69.03
18758,GRC8171186B7,2020-05-12,68.0
18760,GRC8171186B7,2020-05-14,85.0
18759,GRC8171186B7,2020-05-13,85.0
18761,GRC8171186B7,2020-05-15,84.27
18757,GRC8171186B7,2020-05-11,68.0
18718,GRC8171186B7,2020-03-17,78.2
18762,GRC8171186B7,2020-05-18,84.27
18756,GRC8171186B7,2020-05-08,72.54
18755,GRC8171186B7,2020-05-07,68.0
18763,GRC8171186B7,2020-05-19,84.27
18764,GRC8171186B7,2020-05-20,85.0
18765,GRC8171186B7,2020-05-21,85.4
18766,GRC8171186B7,2020-05-22,85.0
18767,GRC8171186B7,2020-05-25,82.97
18768,GRC8171186B7,2020-05-26,82.42
18769,GRC8171186B7,2020-05-27,82.97
18770,GRC8171186B7,2020-05-28,85.4
18771,GRC8171186B7,2020-05-29,88.04
18773,GRC8171186B7,2020-06-02,83.41
18774,GRC8171186B7,2020-06-03,92.99
18772,GRC8171186B7,2020-06-01,91.68
18775,GRC8171186B7,2020-06-04,93.49
18776,GRC8171186B7,2020-06-05,92.99
18777,GRC8171186B7,2020-06-08,92.99
18778,GRC8171186B7,2020-06-09,92.99
18779,GRC8171186B7,2020-06-10,92.99
18780,GRC8171186B7,2020-06-11,92.99
18781,GRC8171186B7,2020-06-12,92.05
18782,GRC8171186B7,2020-06-15,92.0
18783,GRC8171186B7,2020-06-16,90.3
18784,GRC8171186B7,2020-06-17,90.9
18785,GRC8171186B7,2020-06-18,90.9
18786,GRC8171186B7,2020-06-19,88.0
18787,GRC8171186B7,2020-06-22,90.3
18788,GRC8171186B7,2020-06-23,92.0
18789,GRC8171186B7,2020-06-24,92.0
18790,GRC8171186B7,2020-06-25,91.9
18791,GRC8171186B7,2020-06-26,93.5
18792,GRC8171186B7,2020-06-29,93.5
18793,GRC8171186B7,2020-06-30,92.5
18795,GRC8171186B7,2020-07-02,92.7
18794,GRC8171186B7,2020-07-01,90.8
18796,GRC8171186B7,2020-07-03,91.0
18798,GRC8171186B7,2020-07-07,92.7
18797,GRC8171186B7,2020-07-06,91.0
18799,GRC8171186B7,2020-07-08,92.7357
18800,GRC8171186B7,2020-07-09,92.0833
18801,GRC8171186B7,2020-07-10,93.5
18802,GRC8171186B7,2020-07-13,92.6695
18803,GRC8171186B7,2020-07-14,90.1301
18804,GRC8171186B7,2020-07-15,90.8286
18805,GRC8171186B7,2020-07-16,90.025
18806,GRC8171186B7,2020-07-17,90.8286
18807,GRC8171186B7,2020-07-20,90.5
18809,GRC8171186B7,2020-07-22,92.695
18808,GRC8171186B7,2020-07-21,77.4828
18811,GRC8171186B7,2020-07-24,90.8286
18810,GRC8171186B7,2020-07-23,90.1017
18812,GRC8171186B7,2020-07-27,92.7617
18813,GRC8171186B7,2020-07-28,92.7617
18814,GRC8171186B7,2020-07-29,92.3463
18815,GRC8171186B7,2020-07-30,90.9999
18818,GRC8171186B7,2020-08-04,92.0
18817,GRC8171186B7,2020-08-03,92.0
18816,GRC8171186B7,2020-07-31,92.3463
18819,GRC8171186B7,2020-08-05,92.0
18820,GRC8171186B7,2020-08-06,90.0
18821,GRC8171186B7,2020-08-07,90.0
18822,GRC8171186B7,2020-08-10,91.9999
18823,GRC8171186B7,2020-08-11,88.0051
18824,GRC8171186B7,2020-08-12,90.0817
18825,GRC8171186B7,2020-08-13,90.0817
18826,GRC8171186B7,2020-08-14,90.378
18827,GRC8171186B7,2020-08-17,90.378
18829,GRC8171186B7,2020-08-19,90.5
18828,GRC8171186B7,2020-08-18,88.2401
18830,GRC8171186B7,2020-08-20,92.5
18831,GRC8171186B7,2020-08-21,91.0
18833,GRC8171186B7,2020-08-25,91.075
18832,GRC8171186B7,2020-08-24,91.075
18834,GRC8171186B7,2020-08-26,90.2233
18835,GRC8171186B7,2020-08-27,90.5
18836,GRC8171186B7,2020-08-28,90.5
18837,GRC8171186B7,2020-08-31,91.099
18838,GRC8171186B7,2020-09-01,90.1301
18841,GRC8171186B7,2020-09-04,93.0
18839,GRC8171186B7,2020-09-02,92.6706
18840,GRC8171186B7,2020-09-03,90.9994
18842,GRC8171186B7,2020-09-07,90.8286
18843,GRC8171186B7,2020-09-08,90.8211
18844,GRC8171186B7,2020-09-09,90.8211
18845,GRC8171186B7,2020-09-10,91.099
18846,GRC8171186B7,2020-09-11,91.5
18847,GRC8171186B7,2020-09-14,91.5
18849,GRC8171186B7,2020-09-16,91.5
18848,GRC8171186B7,2020-09-15,91.5
18850,GRC8171186B7,2020-09-17,91.5
18851,GRC8171186B7,2020-09-18,91.099
18852,GRC8171186B7,2020-09-21,91.5
18853,GRC8171186B7,2020-09-22,91.5
18854,GRC8171186B7,2020-09-23,90.55
18855,GRC8171186B7,2020-09-24,90.55
18858,GRC8171186B7,2020-09-29,91.5
18856,GRC8171186B7,2020-09-25,90.6
18857,GRC8171186B7,2020-09-28,91.5
18859,GRC8171186B7,2020-09-30,91.5
18861,GRC8171186B7,2020-10-02,90.8
18860,GRC8171186B7,2020-10-01,91.5
18862,GRC8171186B7,2020-10-05,90.6
18863,GRC8171186B7,2020-10-06,90.6
18864,GRC8171186B7,2020-10-07,92.0
18865,GRC8171186B7,2020-10-08,92.0
18866,GRC8171186B7,2020-10-09,92.0
18867,GRC8171186B7,2020-10-12,91.6
18868,GRC8171186B7,2020-10-13,90.6
18870,GRC8171186B7,2020-10-15,91.8
18869,GRC8171186B7,2020-10-14,91.8
18871,GRC8171186B7,2020-10-16,92.0
18873,GRC8171186B7,2020-10-20,90.6
18872,GRC8171186B7,2020-10-19,90.6
18874,GRC8171186B7,2020-10-21,90.6
18875,GRC8171186B7,2020-10-22,91.5
18876,GRC8171186B7,2020-10-23,91.1
18877,GRC8171186B7,2020-10-26,89.4
18878,GRC8171186B7,2020-10-27,91.3
18880,GRC8171186B7,2020-10-29,90.0
18879,GRC8171186B7,2020-10-28,89.4
18881,GRC8171186B7,2020-10-30,89.3
18882,GRC8171186B7,2020-11-02,91.5
18883,GRC8171186B7,2020-11-03,91.5
18884,GRC8171186B7,2020-11-04,91.5
18885,GRC8171186B7,2020-11-05,90.7
18886,GRC8171186B7,2020-11-06,90.0
18887,GRC8171186B7,2020-11-09,91.4
18888,GRC8171186B7,2020-11-10,93.4
18889,GRC8171186B7,2020-11-11,91.5
18891,GRC8171186B7,2020-11-13,91.5
18890,GRC8171186B7,2020-11-12,90.5
18892,GRC8171186B7,2020-11-16,92.0
18893,GRC8171186B7,2020-11-17,91.5
18894,GRC8171186B7,2020-11-18,91.5
18896,GRC8171186B7,2020-11-20,94.6
18895,GRC8171186B7,2020-11-19,92.5
18897,GRC8171186B7,2020-11-23,96.0
18898,GRC8171186B7,2020-11-24,93.3
18900,GRC8171186B7,2020-11-26,93.0
18899,GRC8171186B7,2020-11-25,94.6
18901,GRC8171186B7,2020-11-27,92.0
18902,GRC8171186B7,2020-11-30,95.0
18903,GRC8171186B7,2020-12-01,95.0
18904,GRC8171186B7,2020-12-02,92.0
18905,GRC8171186B7,2020-12-03,92.0
18906,GRC8171186B7,2020-12-04,95.0
18907,GRC8171186B7,2020-12-07,94.0
18908,GRC8171186B7,2020-12-08,94.0
18909,GRC8171186B7,2020-12-09,94.0
18910,GRC8171186B7,2020-12-10,94.0
18912,GRC8171186B7,2020-12-14,94.5
18911,GRC8171186B7,2020-12-11,94.5
18913,GRC8171186B7,2020-12-15,94.2
18915,GRC8171186B7,2020-12-17,95.0
18914,GRC8171186B7,2020-12-16,95.0
18918,GRC8171186B7,2020-12-22,94.3
18917,GRC8171186B7,2020-12-21,94.3
18916,GRC8171186B7,2020-12-18,94.9
18919,GRC8171186B7,2020-12-23,96.0
18921,GRC8171186B7,2020-12-28,94.3
18920,GRC8171186B7,2020-12-24,94.3
18922,GRC8171186B7,2020-12-29,94.5
18923,GRC8171186B7,2020-12-30,94.5
18924,GRC8171186B7,2020-12-31,94.2
18925,GRC8171186B7,2021-01-01,95.5
18926,GRC8171186B7,2021-01-04,95.0
18927,GRC8171186B7,2021-01-05,95.1
18928,GRC8171186B7,2021-01-06,95.5
18929,GRC8171186B7,2021-01-07,94.3
18930,GRC8171186B7,2021-01-08,96.0
18931,GRC8171186B7,2021-01-11,94.0
18932,GRC8171186B7,2021-01-12,94.1
18933,GRC8171186B7,2021-01-13,94.5
18935,GRC8171186B7,2021-01-15,95.5
18934,GRC8171186B7,2021-01-14,94.5
18936,GRC8171186B7,2021-01-18,93.0
18938,GRC8171186B7,2021-01-20,94.5
18937,GRC8171186B7,2021-01-19,93.0
18940,GRC8171186B7,2021-01-22,94.0
18939,GRC8171186B7,2021-01-21,94.3
18941,GRC8171186B7,2021-01-25,94.3
18942,GRC8171186B7,2021-01-26,94.9
18943,GRC8171186B7,2021-01-27,92.7
18944,GRC8171186B7,2021-01-28,94.5
18945,GRC8171186B7,2021-01-29,92.2
18946,GRC8171186B7,2021-02-01,93.0
18947,GRC8171186B7,2021-02-02,93.0
18948,GRC8171186B7,2021-02-03,93.0
18951,GRC8171186B7,2021-02-08,93.0
18949,GRC8171186B7,2021-02-04,94.0
18950,GRC8171186B7,2021-02-05,94.5
18952,GRC8171186B7,2021-02-09,95.5
18953,GRC8171186B7,2021-02-10,94.9
18955,GRC8171186B7,2021-02-12,94.2
18954,GRC8171186B7,2021-02-11,94.2
18956,GRC8171186B7,2021-02-15,94.3
18957,GRC8171186B7,2021-02-16,93.0
18958,GRC8171186B7,2021-02-17,94.0
18959,GRC8171186B7,2021-02-18,94.0
18961,GRC8171186B7,2021-02-22,94.5
18960,GRC8171186B7,2021-02-19,94.2
18962,GRC8171186B7,2021-02-23,94.6
18963,GRC8171186B7,2021-02-24,95.0
18968,GRF000011004,2020-03-04,3.7167
18969,GRF000011004,2020-03-05,3.7338
18970,GRF000011004,2020-03-06,3.7338
18971,GRF000011004,2020-03-09,3.5629
18972,GRF000011004,2020-03-10,3.3349
18967,GRF000011004,2020-03-03,3.765032
18973,GRF000011004,2020-03-11,3.4083
18965,GRC8171186B7,2021-02-26,94.3
18964,GRC8171186B7,2021-02-25,95.0
18974,GRF000011004,2020-03-12,3.3805
18975,GRF000011004,2020-03-13,3.4083
18976,GRF000011004,2020-03-16,3.2135
18978,GRF000011004,2020-03-18,2.94
18977,GRF000011004,2020-03-17,3.765032
18979,GRF000011004,2020-03-19,2.94
18980,GRF000011004,2020-03-20,2.8814
18981,GRF000011004,2020-03-23,2.8814
18982,GRF000011004,2020-03-24,3.0332
18983,GRF000011004,2020-03-25,2.8814
18984,GRF000011004,2020-03-26,3.0459
18985,GRF000011004,2020-03-27,3.0459
18986,GRF000011004,2020-03-30,3.2138
18987,GRF000011004,2020-03-31,3.2219
18988,GRF000011004,2020-04-01,3.1384
18989,GRF000011004,2020-04-02,2.8814
18993,GRF000011004,2020-04-08,3.3039
18994,GRF000011004,2020-04-09,3.3088
18995,GRF000011004,2020-04-10,3.3088
18996,GRF000011004,2020-04-13,3.3168
18990,GRF000011004,2020-04-03,2.8814
18992,GRF000011004,2020-04-07,3.2562
18997,GRF000011004,2020-04-14,3.3166
18991,GRF000011004,2020-04-06,2.8814
18998,GRF000011004,2020-04-15,3.3455
18999,GRF000011004,2020-04-16,3.3455
19000,GRF000011004,2020-04-17,3.2835
19001,GRF000011004,2020-04-20,3.2835
19002,GRF000011004,2020-04-21,3.2835
19003,GRF000011004,2020-04-22,3.2286
19004,GRF000011004,2020-04-23,3.2286
19006,GRF000011004,2020-04-27,3.2638
19010,GRF000011004,2020-05-01,3.334
19009,GRF000011004,2020-04-30,3.3648
19008,GRF000011004,2020-04-29,3.3406
19011,GRF000011004,2020-05-04,3.334
19012,GRF000011004,2020-05-05,3.32388
19013,GRF000011004,2020-05-06,3.2773
19014,GRF000011004,2020-05-07,3.2798
19015,GRF000011004,2020-05-08,3.2879
19017,GRF000011004,2020-05-12,3.2729
19016,GRF000011004,2020-05-11,3.2879
19018,GRF000011004,2020-05-13,3.2821
19019,GRF000011004,2020-05-14,3.267
19020,GRF000011004,2020-05-15,3.267
19021,GRF000011004,2020-05-18,3.3406
19022,GRF000011004,2020-05-19,3.334
19023,GRF000011004,2020-05-20,3.325
19025,GRF000011004,2020-05-22,3.2773
19026,GRF000011004,2020-05-25,3.3567
19027,GRF000011004,2020-05-26,3.3944
19030,GRF000011004,2020-05-29,3.4974
19032,GRF000011004,2020-06-02,3.4684
19033,GRF000011004,2020-06-03,3.4684
19038,GRF000011004,2020-06-10,3.5661
19039,GRF000011004,2020-06-11,3.5661
19037,GRF000011004,2020-06-09,3.53944
19040,GRF000011004,2020-06-12,3.5483
19041,GRF000011004,2020-06-15,3.4985
19042,GRF000011004,2020-06-16,3.5046
19043,GRF000011004,2020-06-17,3.4985
19044,GRF000011004,2020-06-18,3.4985
19045,GRF000011004,2020-06-19,3.567
19049,GRF000011004,2020-06-25,3.5509
19050,GRF000011004,2020-06-26,3.5256
19051,GRF000011004,2020-06-29,3.5131
19052,GRF000011004,2020-06-30,3.5256
19054,GRF000011004,2020-07-02,3.5081
19053,GRF000011004,2020-07-01,3.5081
19055,GRF000011004,2020-07-03,3.5753
19056,GRF000011004,2020-07-06,3.5753
19057,GRF000011004,2020-07-07,3.5766
19058,GRF000011004,2020-07-08,3.5509
19059,GRF000011004,2020-07-09,3.5447
19060,GRF000011004,2020-07-10,3.5444
19061,GRF000011004,2020-07-13,3.5322
19062,GRF000011004,2020-07-14,3.5339
19064,GRF000011004,2020-07-16,3.5277
19063,GRF000011004,2020-07-15,3.5194
19065,GRF000011004,2020-07-17,3.5392
19066,GRF000011004,2020-07-20,3.5817
19067,GRF000011004,2020-07-21,3.5766
19068,GRF000011004,2020-07-22,3.5535
19069,GRF000011004,2020-07-23,3.5535
19070,GRF000011004,2020-07-24,3.5447
19071,GRF000011004,2020-07-27,3.5436
19072,GRF000011004,2020-07-28,3.5279
19073,GRF000011004,2020-07-29,3.5339
19074,GRF000011004,2020-07-30,3.5227
19075,GRF000011004,2020-07-31,3.5277
19076,GRF000011004,2020-08-03,3.4889
19077,GRF000011004,2020-08-04,3.499
19079,GRF000011004,2020-08-06,3.5606
19078,GRF000011004,2020-08-05,3.5231
19080,GRF000011004,2020-08-07,3.552
19081,GRF000011004,2020-08-10,3.5279
19082,GRF000011004,2020-08-11,3.5407
19083,GRF000011004,2020-08-12,3.5367
19084,GRF000011004,2020-08-13,3.5367
19085,GRF000011004,2020-08-14,3.5392
19086,GRF000011004,2020-08-17,3.5279
19087,GRF000011004,2020-08-18,3.5341
19088,GRF000011004,2020-08-19,3.5411
19089,GRF000011004,2020-08-20,3.5425
19090,GRF000011004,2020-08-21,3.4889
19091,GRF000011004,2020-08-24,3.5208
19093,GRF000011004,2020-08-26,3.551
19092,GRF000011004,2020-08-25,3.551
19094,GRF000011004,2020-08-27,3.5291
19095,GRF000011004,2020-08-28,3.5295
19096,GRF000011004,2020-08-31,3.5034
19097,GRF000011004,2020-09-01,3.5286
19098,GRF000011004,2020-09-02,3.5427
19099,GRF000011004,2020-09-03,3.5344
19100,GRF000011004,2020-09-04,3.535
19101,GRF000011004,2020-09-07,3.5255
19103,GRF000011004,2020-09-09,3.5302
19102,GRF000011004,2020-09-08,3.5302
19104,GRF000011004,2020-09-10,3.5506
19105,GRF000011004,2020-09-11,3.5485
19106,GRF000011004,2020-09-14,3.5255
19107,GRF000011004,2020-09-15,3.5485
19108,GRF000011004,2020-09-16,3.5892
19109,GRF000011004,2020-09-17,3.5753
19110,GRF000011004,2020-09-18,3.5753
19111,GRF000011004,2020-09-21,3.5645
19112,GRF000011004,2020-09-22,3.5436
19113,GRF000011004,2020-09-23,3.4944
19114,GRF000011004,2020-09-24,3.4974
19115,GRF000011004,2020-09-25,3.4889
19116,GRF000011004,2020-09-28,3.4799
19117,GRF000011004,2020-09-29,3.4799
19118,GRF000011004,2020-09-30,3.5059
19119,GRF000011004,2020-10-01,3.5231
19120,GRF000011004,2020-10-02,3.5387
19122,GRF000011004,2020-10-06,3.5295
19121,GRF000011004,2020-10-05,3.5392
19123,GRF000011004,2020-10-07,3.5295
19124,GRF000011004,2020-10-08,3.4895
19125,GRF000011004,2020-10-09,3.5708
19126,GRF000011004,2020-10-12,3.5793
19127,GRF000011004,2020-10-13,3.5667
19128,GRF000011004,2020-10-14,3.551
19129,GRF000011004,2020-10-15,3.5029
19130,GRF000011004,2020-10-16,3.5163
19131,GRF000011004,2020-10-19,3.5286
19133,GRF000011004,2020-10-21,3.4889
19132,GRF000011004,2020-10-20,3.5427
19134,GRF000011004,2020-10-22,3.4889
19135,GRF000011004,2020-10-23,3.5231
19136,GRF000011004,2020-10-26,3.5582
19137,GRF000011004,2020-10-27,3.5582
19138,GRF000011004,2020-10-28,3.5582
19139,GRF000011004,2020-10-29,3.5337
19145,GRF000011004,2020-11-06,3.4606
19140,GRF000011004,2020-10-30,3.3695
19147,GRF000011004,2020-11-10,3.478
19148,GRF000011004,2020-11-11,3.6272
19146,GRF000011004,2020-11-09,3.4606
19149,GRF000011004,2020-11-12,3.6449
19144,GRF000011004,2020-11-05,3.4606
19150,GRF000011004,2020-11-13,3.6449
19151,GRF000011004,2020-11-16,3.633
19152,GRF000011004,2020-11-17,3.5124
19143,GRF000011004,2020-11-04,3.4408
19142,GRF000011004,2020-11-03,3.5159
19141,GRF000011004,2020-11-02,3.3695
19167,GRF000011004,2020-12-08,3.8717
19166,GRF000011004,2020-12-07,3.8686
19168,GRF000011004,2020-12-09,3.8777
19169,GRF000011004,2020-12-10,3.8889
19170,GRF000011004,2020-12-11,3.8485
19171,GRF000011004,2020-12-14,3.8889
19172,GRF000011004,2020-12-15,3.8731
19154,GRF000011004,2020-11-19,3.4944
19173,GRF000011004,2020-12-16,3.8808
19158,GRF000011004,2020-11-25,3.7289
19174,GRF000011004,2020-12-17,3.8808
19175,GRF000011004,2020-12-18,3.8927
19176,GRF000011004,2020-12-21,3.8927
19177,GRF000011004,2020-12-22,3.8291
19179,GRF000011004,2020-12-24,3.8757
19178,GRF000011004,2020-12-23,3.8291
19180,GRF000011004,2020-12-28,3.8761
19181,GRF000011004,2020-12-29,3.9154
19182,GRF000011004,2020-12-30,3.915
19183,GRF000011004,2020-12-31,3.9119
19184,GRF000011004,2021-01-01,3.9087
19186,GRF000011004,2021-01-05,3.90542
19185,GRF000011004,2021-01-04,3.90542
19187,GRF000011004,2021-01-06,3.90542
19189,GRF000011004,2021-01-08,3.9087
19188,GRF000011004,2021-01-07,3.9119
19190,GRF000011004,2021-01-11,3.9087
19191,GRF000011004,2021-01-12,3.9083
19162,GRF000011004,2020-12-01,3.7736
19192,GRF000011004,2021-01-13,3.8986
19193,GRF000011004,2021-01-14,3.9079
19194,GRF000011004,2021-01-15,3.9016
19195,GRF000011004,2021-01-18,3.8883
19196,GRF000011004,2021-01-19,3.9442
19157,GRF000011004,2020-11-24,3.4935
19197,GRF000011004,2021-01-20,3.9015
19198,GRF000011004,2021-01-21,3.9015
19200,GRF000011004,2021-01-25,3.8714
19199,GRF000011004,2021-01-22,3.9115
19201,GRF000011004,2021-01-26,3.8374
19202,GRF000011004,2021-01-27,3.8514
19203,GRF000011004,2021-01-28,3.8514
19165,GRF000011004,2020-12-04,3.8321
19204,GRF000011004,2021-01-29,3.8275
19155,GRF000011004,2020-11-20,3.613
19205,GRF000011004,2021-02-01,3.8374
19206,GRF000011004,2021-02-02,3.8197
19208,GRF000011004,2021-02-04,3.8607
19207,GRF000011004,2021-02-03,3.8504
19209,GRF000011004,2021-02-05,3.8606
19210,GRF000011004,2021-02-08,3.8514
19212,GRF000011004,2021-02-10,3.8514
19211,GRF000011004,2021-02-09,3.8885
19213,GRF000011004,2021-02-11,3.8639
19214,GRF000011004,2021-02-12,3.8858
19215,GRF000011004,2021-02-15,3.8639
19216,GRF000011004,2021-02-16,3.929
19217,GRF000011004,2021-02-17,3.8858
19218,GRF000011004,2021-02-18,3.9087
19219,GRF000011004,2021-02-19,3.8907
19220,GRF000011004,2021-02-22,3.9054
19221,GRF000011004,2021-02-23,3.8941
19222,GRF000011004,2021-02-24,3.8769
19225,GRF000014008,2020-03-02,11.0557
19226,GRF000014008,2020-03-03,11.0959
19227,GRF000014008,2020-03-04,11.0959
19223,GRF000011004,2021-02-25,3.9015
19228,GRF000014008,2020-03-05,11.1103
19229,GRF000014008,2020-03-06,11.098
19224,GRF000011004,2021-02-26,3.9015
19230,GRF000014008,2020-03-09,11.0659
19231,GRF000014008,2020-03-10,10.9572
19232,GRF000014008,2020-03-11,11.0557
19251,GRF000014008,2020-04-07,10.254
19252,GRF000014008,2020-04-08,10.212
19253,GRF000014008,2020-04-09,10.212
19254,GRF000014008,2020-04-10,9.927
19255,GRF000014008,2020-04-13,10.282
19256,GRF000014008,2020-04-14,10.281
19257,GRF000014008,2020-04-15,10.281
19258,GRF000014008,2020-04-16,10.288
19261,GRF000014008,2020-04-21,10.286
19268,GRF000014008,2020-04-30,10.3413
19269,GRF000014008,2020-05-01,10.3888
19248,GRF000014008,2020-04-02,10.267
19270,GRF000014008,2020-05-04,10.3888
19271,GRF000014008,2020-05-05,10.32168
19272,GRF000014008,2020-05-06,10.3625
19273,GRF000014008,2020-05-07,10.2168
19275,GRF000014008,2020-05-11,10.3271
19276,GRF000014008,2020-05-12,10.2949
19280,GRF000014008,2020-05-18,10.3347
19281,GRF000014008,2020-05-19,10.3385
19282,GRF000014008,2020-05-20,10.3385
19283,GRF000014008,2020-05-21,10.3755
19284,GRF000014008,2020-05-22,10.4206
19285,GRF000014008,2020-05-25,10.4244
19286,GRF000014008,2020-05-26,10.4329
19287,GRF000014008,2020-05-27,10.4329
19288,GRF000014008,2020-05-28,10.4244
19289,GRF000014008,2020-05-29,10.4969
19290,GRF000014008,2020-06-01,10.5106
19291,GRF000014008,2020-06-02,10.4275
19293,GRF000014008,2020-06-04,10.4244
19292,GRF000014008,2020-06-03,10.522
19294,GRF000014008,2020-06-05,10.5569
19295,GRF000014008,2020-06-08,10.5835
19297,GRF000014008,2020-06-10,10.5731
19299,GRF000014008,2020-06-12,10.5909
19298,GRF000014008,2020-06-11,10.5731
19301,GRF000014008,2020-06-16,10.6073
19300,GRF000014008,2020-06-15,10.6073
19302,GRF000014008,2020-06-17,10.6073
19303,GRF000014008,2020-06-18,10.6303
19274,GRF000014008,2020-05-08,10.2168
19304,GRF000014008,2020-06-19,10.6303
19305,GRF000014008,2020-06-22,10.5731
19296,GRF000014008,2020-06-09,10.3943
19306,GRF000014008,2020-06-23,10.5731
19307,GRF000014008,2020-06-24,10.6073
19308,GRF000014008,2020-06-25,10.6109
19309,GRF000014008,2020-06-26,10.6377
19310,GRF000014008,2020-06-29,10.635
19311,GRF000014008,2020-06-30,10.638
19312,GRF000014008,2020-07-01,10.653
19313,GRF000014008,2020-07-02,10.653
19314,GRF000014008,2020-07-03,10.654
19316,GRF000014008,2020-07-07,10.661
19315,GRF000014008,2020-07-06,10.635
19317,GRF000014008,2020-07-08,10.635
19318,GRF000014008,2020-07-09,10.653
19320,GRF000014008,2020-07-13,10.635
19319,GRF000014008,2020-07-10,10.668
19321,GRF000014008,2020-07-14,10.673
19322,GRF000014008,2020-07-15,10.668
19279,GRF000014008,2020-05-15,10.352
19323,GRF000014008,2020-07-16,10.673
19324,GRF000014008,2020-07-17,10.664
19325,GRF000014008,2020-07-20,10.667
19326,GRF000014008,2020-07-21,10.678
19278,GRF000014008,2020-05-14,10.352
19327,GRF000014008,2020-07-22,10.676
19328,GRF000014008,2020-07-23,10.698
19329,GRF000014008,2020-07-24,10.705
19330,GRF000014008,2020-07-27,10.721
19331,GRF000014008,2020-07-28,10.709
19332,GRF000014008,2020-07-29,10.705
19333,GRF000014008,2020-07-30,10.705
19334,GRF000014008,2020-07-31,10.721
19335,GRF000014008,2020-08-03,10.721
19336,GRF000014008,2020-08-04,10.736
19338,GRF000014008,2020-08-06,10.72
19337,GRF000014008,2020-08-05,10.72
19339,GRF000014008,2020-08-07,10.736
19340,GRF000014008,2020-08-10,10.668
19341,GRF000014008,2020-08-11,10.635
19342,GRF000014008,2020-08-12,10.723
19343,GRF000014008,2020-08-13,10.653
19344,GRF000014008,2020-08-14,10.653
19345,GRF000014008,2020-08-17,10.695
19346,GRF000014008,2020-08-18,10.63
19347,GRF000014008,2020-08-19,10.63
19348,GRF000014008,2020-08-20,10.731
19349,GRF000014008,2020-08-21,10.731
19350,GRF000014008,2020-08-24,10.738
19351,GRF000014008,2020-08-25,10.738
19352,GRF000014008,2020-08-26,10.7
19353,GRF000014008,2020-08-27,10.673
19355,GRF000014008,2020-08-31,10.668
19354,GRF000014008,2020-08-28,10.679
19357,GRF000014008,2020-09-02,10.693
19356,GRF000014008,2020-09-01,10.661
19358,GRF000014008,2020-09-03,10.692
19359,GRF000014008,2020-09-04,10.731
19360,GRF000014008,2020-09-07,10.7
19361,GRF000014008,2020-09-08,10.732
19363,GRF000014008,2020-09-10,10.7
19362,GRF000014008,2020-09-09,10.7
19364,GRF000014008,2020-09-11,10.691
19365,GRF000014008,2020-09-14,10.729
19366,GRF000014008,2020-09-15,10.736
19367,GRF000014008,2020-09-16,10.673
19368,GRF000014008,2020-09-17,10.673
19369,GRF000014008,2020-09-18,10.753
19370,GRF000014008,2020-09-21,10.75
19371,GRF000014008,2020-09-22,10.767
19372,GRF000014008,2020-09-23,10.767
19373,GRF000014008,2020-09-24,10.767
19375,GRF000014008,2020-09-28,10.722
19374,GRF000014008,2020-09-25,10.762
19376,GRF000014008,2020-09-29,10.762
19377,GRF000014008,2020-09-30,10.767
19378,GRF000014008,2020-10-01,10.772
19379,GRF000014008,2020-10-02,10.772
19380,GRF000014008,2020-10-05,10.774
19381,GRF000014008,2020-10-06,10.782
19382,GRF000014008,2020-10-07,10.78
19383,GRF000014008,2020-10-08,10.782
19384,GRF000014008,2020-10-09,10.782
19385,GRF000014008,2020-10-12,10.771
19386,GRF000014008,2020-10-13,10.771
19388,GRF000014008,2020-10-15,10.673
19387,GRF000014008,2020-10-14,10.673
19389,GRF000014008,2020-10-16,10.668
19390,GRF000014008,2020-10-19,10.848
19392,GRF000014008,2020-10-21,10.829
19391,GRF000014008,2020-10-20,10.841
19393,GRF000014008,2020-10-22,10.838
19395,GRF000014008,2020-10-26,10.812
19394,GRF000014008,2020-10-23,10.679
19396,GRF000014008,2020-10-27,10.812
19397,GRF000014008,2020-10-28,10.812
19398,GRF000014008,2020-10-29,10.679
19400,GRF000014008,2020-11-02,10.654
19399,GRF000014008,2020-10-30,10.815
19401,GRF000014008,2020-11-03,10.825
19402,GRF000014008,2020-11-04,10.679
19404,GRF000014008,2020-11-06,10.853
19403,GRF000014008,2020-11-05,10.679
19405,GRF000014008,2020-11-09,10.853
19406,GRF000014008,2020-11-10,10.823
19407,GRF000014008,2020-11-11,10.807
19408,GRF000014008,2020-11-12,10.6999
19409,GRF000014008,2020-11-13,10.8358
19410,GRF000014008,2020-11-16,10.8529
19412,GRF000014008,2020-11-18,10.7219
19411,GRF000014008,2020-11-17,10.6999
19413,GRF000014008,2020-11-19,10.7515
19414,GRF000014008,2020-11-20,10.7212
19415,GRF000014008,2020-11-23,10.73024
19417,GRF000014008,2020-11-25,10.72792
19416,GRF000014008,2020-11-24,10.81575
19418,GRF000014008,2020-11-26,10.80989
19419,GRF000014008,2020-11-27,10.76287
19420,GRF000014008,2020-11-30,10.85985
19421,GRF000014008,2020-12-01,10.82028
19424,GRF000014008,2020-12-04,10.8775
19423,GRF000014008,2020-12-03,10.8562
19422,GRF000014008,2020-12-02,10.8565
19425,GRF000014008,2020-12-07,10.8775
19426,GRF000014008,2020-12-08,10.78225
19427,GRF000014008,2020-12-09,10.86423
19428,GRF000014008,2020-12-10,10.8432
19429,GRF000014008,2020-12-11,10.8139
19433,GRF000014008,2020-12-17,10.894
19432,GRF000014008,2020-12-16,10.9184
19434,GRF000014008,2020-12-18,10.8968
19430,GRF000014008,2020-12-14,10.9196
19431,GRF000014008,2020-12-15,10.77583
19435,GRF000014008,2020-12-21,10.8905
19437,GRF000014008,2020-12-23,10.8891
19436,GRF000014008,2020-12-22,10.8891
19438,GRF000014008,2020-12-24,10.8891
19439,GRF000014008,2020-12-28,10.8725
19440,GRF000014008,2020-12-29,10.8725
19441,GRF000014008,2020-12-30,10.8908
19442,GRF000014008,2020-12-31,10.8891
19444,GRF000014008,2021-01-04,10.9149
19443,GRF000014008,2021-01-01,10.8891
19445,GRF000014008,2021-01-05,10.9184
19446,GRF000014008,2021-01-06,10.9093
19447,GRF000014008,2021-01-07,10.8977
19449,GRF000014008,2021-01-11,10.8978
19448,GRF000014008,2021-01-08,10.8977
19451,GRF000014008,2021-01-13,10.8815
19450,GRF000014008,2021-01-12,10.9184
19452,GRF000014008,2021-01-14,10.8978
19453,GRF000014008,2021-01-15,10.8905
19454,GRF000014008,2021-01-18,10.8905
19455,GRF000014008,2021-01-19,10.8978
19456,GRF000014008,2021-01-20,10.9093
19457,GRF000014008,2021-01-21,10.9093
19458,GRF000014008,2021-01-22,10.8787
19459,GRF000014008,2021-01-25,10.8787
19460,GRF000014008,2021-01-26,10.8802
19461,GRF000014008,2021-01-27,10.9093
19462,GRF000014008,2021-01-28,10.8703
19464,GRF000014008,2021-02-01,10.8815
19463,GRF000014008,2021-01-29,10.8703
19465,GRF000014008,2021-02-02,10.9093
19466,GRF000014008,2021-02-03,10.918
19467,GRF000014008,2021-02-04,10.8072
19468,GRF000014008,2021-02-05,10.8202
19469,GRF000014008,2021-02-08,10.8455
19470,GRF000014008,2021-02-09,10.8465
19472,GRF000014008,2021-02-11,10.8486
19473,GRF000014008,2021-02-12,10.8465
19471,GRF000014008,2021-02-10,10.8491
19474,GRF000014008,2021-02-15,10.8476
19475,GRF000014008,2021-02-16,10.8065
19477,GRF000014008,2021-02-18,10.8221
19476,GRF000014008,2021-02-17,10.8221
19478,GRF000014008,2021-02-19,10.8432
19484,GRF000022001,2020-03-02,13.3722
19485,GRF000022001,2020-03-03,13.3722
19480,GRF000014008,2021-02-23,10.78
19486,GRF000022001,2020-03-04,13.3722
19481,GRF000014008,2021-02-24,10.7595
19479,GRF000014008,2021-02-22,10.8218
19482,GRF000014008,2021-02-25,10.7441
19487,GRF000022001,2020-03-05,13.3861
19483,GRF000014008,2021-02-26,10.7441
19488,GRF000022001,2020-03-06,13.3465
19500,GRF000022001,2020-03-24,12.7456
19513,GRF000022001,2020-04-10,12.9488
19498,GRF000022001,2020-03-20,12.5876
19501,GRF000022001,2020-03-25,12.7698
19502,GRF000022001,2020-03-26,12.6344
19503,GRF000022001,2020-03-27,12.861
19523,GRF000022001,2020-04-24,12.913
19524,GRF000022001,2020-04-27,12.913
19525,GRF000022001,2020-04-28,12.9881
19526,GRF000022001,2020-04-29,12.997
19527,GRF000022001,2020-04-30,12.997
19528,GRF000022001,2020-05-01,13.0206
19529,GRF000022001,2020-05-04,13.0206
19530,GRF000022001,2020-05-05,13.0256
19532,GRF000022001,2020-05-07,13.0324
19531,GRF000022001,2020-05-06,13.0256
19533,GRF000022001,2020-05-08,13.0369
19534,GRF000022001,2020-05-11,13.0369
19535,GRF000022001,2020-05-12,13.021
19536,GRF000022001,2020-05-13,13.0256
19537,GRF000022001,2020-05-14,13.0723
19538,GRF000022001,2020-05-15,13.0744
19539,GRF000022001,2020-05-18,13.0712
19540,GRF000022001,2020-05-19,13.0981
19541,GRF000022001,2020-05-20,13.1232
19542,GRF000022001,2020-05-21,13.1371
19543,GRF000022001,2020-05-22,13.1528
19544,GRF000022001,2020-05-25,13.1523
19545,GRF000022001,2020-05-26,13.1523
19547,GRF000022001,2020-05-28,13.1851
19546,GRF000022001,2020-05-27,13.1637
19548,GRF000022001,2020-05-29,13.2076
19549,GRF000022001,2020-06-01,13.2047
19551,GRF000022001,2020-06-03,13.2264
19550,GRF000022001,2020-06-02,13.2131
19552,GRF000022001,2020-06-04,13.2264
19553,GRF000022001,2020-06-05,13.2755
19554,GRF000022001,2020-06-08,13.2755
19555,GRF000022001,2020-06-09,13.3003
19556,GRF000022001,2020-06-10,13.3041
19557,GRF000022001,2020-06-11,13.2992
19558,GRF000022001,2020-06-12,13.2992
19559,GRF000022001,2020-06-15,13.2992
19560,GRF000022001,2020-06-16,13.3041
19561,GRF000022001,2020-06-17,13.3235
19562,GRF000022001,2020-06-18,13.3235
19563,GRF000022001,2020-06-19,13.3197
19564,GRF000022001,2020-06-22,13.3197
19565,GRF000022001,2020-06-23,13.3197
19566,GRF000022001,2020-06-24,13.3121
19567,GRF000022001,2020-06-25,13.3197
19570,GRF000022001,2020-06-30,13.3133
19568,GRF000022001,2020-06-26,13.3235
19569,GRF000022001,2020-06-29,13.3201
19571,GRF000022001,2020-07-01,13.3271
19572,GRF000022001,2020-07-02,13.3224
19573,GRF000022001,2020-07-03,13.07
19574,GRF000022001,2020-07-06,13.3396
19575,GRF000022001,2020-07-07,13.344
19576,GRF000022001,2020-07-08,13.3464
19577,GRF000022001,2020-07-09,13.344
19578,GRF000022001,2020-07-10,13.344
19579,GRF000022001,2020-07-13,13.346
19580,GRF000022001,2020-07-14,13.346
19581,GRF000022001,2020-07-15,13.346
19582,GRF000022001,2020-07-16,13.344
19583,GRF000022001,2020-07-17,13.341
19584,GRF000022001,2020-07-20,13.346
19585,GRF000022001,2020-07-21,13.337
19586,GRF000022001,2020-07-22,13.342
19587,GRF000022001,2020-07-23,13.349
19588,GRF000022001,2020-07-24,13.358
19589,GRF000022001,2020-07-27,13.358
19590,GRF000022001,2020-07-28,13.3578
19591,GRF000022001,2020-07-29,13.3578
19592,GRF000022001,2020-07-30,13.3578
19593,GRF000022001,2020-07-31,13.3809
19594,GRF000022001,2020-08-03,13.3742
19595,GRF000022001,2020-08-04,13.3779
19596,GRF000022001,2020-08-05,13.3809
19597,GRF000022001,2020-08-06,13.3809
19598,GRF000022001,2020-08-07,13.3779
19599,GRF000022001,2020-08-10,13.3779
19600,GRF000022001,2020-08-11,13.3918
19602,GRF000022001,2020-08-13,13.3809
19601,GRF000022001,2020-08-12,13.3809
19603,GRF000022001,2020-08-14,13.3809
19604,GRF000022001,2020-08-17,13.3779
19605,GRF000022001,2020-08-18,13.3922
19606,GRF000022001,2020-08-19,13.3843
19607,GRF000022001,2020-08-20,13.3899
19608,GRF000022001,2020-08-21,13.3843
19609,GRF000022001,2020-08-24,13.3197
19610,GRF000022001,2020-08-25,13.3121
19611,GRF000022001,2020-08-26,13.3915
19612,GRF000022001,2020-08-27,13.3941
19613,GRF000022001,2020-08-28,13.3121
19614,GRF000022001,2020-08-31,13.3909
19615,GRF000022001,2020-09-01,13.3232
19616,GRF000022001,2020-09-02,13.3908
19617,GRF000022001,2020-09-03,13.3976
19618,GRF000022001,2020-09-04,13.3207
19619,GRF000022001,2020-09-07,13.3173
19620,GRF000022001,2020-09-08,13.3232
19621,GRF000022001,2020-09-09,13.3892
19622,GRF000022001,2020-09-10,13.3892
19623,GRF000022001,2020-09-11,13.3892
19624,GRF000022001,2020-09-14,13.3984
19625,GRF000022001,2020-09-15,13.3993
19626,GRF000022001,2020-09-16,13.3966
19627,GRF000022001,2020-09-17,13.403
19628,GRF000022001,2020-09-18,13.4085
19630,GRF000022001,2020-09-22,13.3966
19629,GRF000022001,2020-09-21,13.4095
19631,GRF000022001,2020-09-23,13.3957
19632,GRF000022001,2020-09-24,13.4085
19633,GRF000022001,2020-09-25,13.4085
19634,GRF000022001,2020-09-28,13.3976
19635,GRF000022001,2020-09-29,13.4042
19636,GRF000022001,2020-09-30,13.4112
19637,GRF000022001,2020-10-01,13.4053
19638,GRF000022001,2020-10-02,13.4053
19639,GRF000022001,2020-10-05,13.3852
19640,GRF000022001,2020-10-06,13.3852
19642,GRF000022001,2020-10-08,13.4101
19641,GRF000022001,2020-10-07,13.3809
19643,GRF000022001,2020-10-09,13.4156
19644,GRF000022001,2020-10-12,13.4156
19645,GRF000022001,2020-10-13,13.4204
19646,GRF000022001,2020-10-14,13.4307
19647,GRF000022001,2020-10-15,13.4308
19648,GRF000022001,2020-10-16,13.4308
19649,GRF000022001,2020-10-19,13.4308
19650,GRF000022001,2020-10-20,13.4256
19652,GRF000022001,2020-10-22,13.4191
19653,GRF000022001,2020-10-23,13.4224
19651,GRF000022001,2020-10-21,13.4256
19654,GRF000022001,2020-10-26,13.4256
19655,GRF000022001,2020-10-27,13.4256
19656,GRF000022001,2020-10-28,13.4199
19657,GRF000022001,2020-10-29,13.4199
19658,GRF000022001,2020-10-30,13.4199
19659,GRF000022001,2020-11-02,13.4087
19660,GRF000022001,2020-11-03,13.4307
19661,GRF000022001,2020-11-04,13.4177
19662,GRF000022001,2020-11-05,13.4177
19663,GRF000022001,2020-11-06,13.4283
19664,GRF000022001,2020-11-09,13.403
19665,GRF000022001,2020-11-10,13.431
19666,GRF000022001,2020-11-11,13.4308
19667,GRF000022001,2020-11-12,13.4209
19668,GRF000022001,2020-11-13,13.4462
19669,GRF000022001,2020-11-16,13.4499
19670,GRF000022001,2020-11-17,13.4056
19682,GRF000022001,2020-12-03,13.4708
19709,GRF000022001,2021-01-12,13.4825
19693,GRF000022001,2020-12-18,13.4809
19694,GRF000022001,2020-12-21,13.4809
19708,GRF000022001,2021-01-11,13.4385
19692,GRF000022001,2020-12-17,13.4834
19715,GRF000022001,2021-01-20,13.4907
19716,GRF000022001,2021-01-21,13.4891
19717,GRF000022001,2021-01-22,13.4907
19718,GRF000022001,2021-01-25,13.496
19719,GRF000022001,2021-01-26,13.496
19720,GRF000022001,2021-01-27,13.4915
19722,GRF000022001,2021-01-29,13.4977
19723,GRF000022001,2021-02-01,13.4977
19724,GRF000022001,2021-02-02,13.4983
19725,GRF000022001,2021-02-03,13.4971
19726,GRF000022001,2021-02-04,13.5014
19727,GRF000022001,2021-02-05,13.5026
19728,GRF000022001,2021-02-08,13.5066
19736,GRF000022001,2021-02-18,13.5169
19737,GRF000022001,2021-02-19,13.5169
19738,GRF000022001,2021-02-22,13.5169
19739,GRF000022001,2021-02-23,13.5169
19743,GRF000023009,2020-03-02,28.990601
19744,GRF000023009,2020-03-03,28.990601
19745,GRF000023009,2020-03-04,29.222099
19746,GRF000023009,2020-03-05,29.222099
19742,GRF000022001,2021-02-26,13.4968
19741,GRF000022001,2021-02-25,13.5037
19740,GRF000022001,2021-02-24,13.5169
19747,GRF000023009,2020-03-06,28.990601
19748,GRF000023009,2020-03-09,28.4259
19764,GRF000023009,2020-03-31,27.887899
19763,GRF000023009,2020-03-30,28.0049
19756,GRF000023009,2020-03-19,24.361401
19762,GRF000023009,2020-03-27,27.864201
19766,GRF000023009,2020-04-02,27.6322
19767,GRF000023009,2020-04-03,27.6056
19765,GRF000023009,2020-04-01,27.883699
19768,GRF000023009,2020-04-06,27.379999
19769,GRF000023009,2020-04-07,27.441799
19761,GRF000023009,2020-03-26,25.96652
19770,GRF000023009,2020-04-08,27.542801
19771,GRF000023009,2020-04-09,27.576099
19772,GRF000023009,2020-04-10,27.441799
19773,GRF000023009,2020-04-13,27.6689
19774,GRF000023009,2020-04-14,27.673
19775,GRF000023009,2020-04-15,27.673
19776,GRF000023009,2020-04-16,27.673
19777,GRF000023009,2020-04-17,27.076
19778,GRF000023009,2020-04-20,27.190399
19779,GRF000023009,2020-04-21,27.190399
19781,GRF000023009,2020-04-23,27.441799
19780,GRF000023009,2020-04-22,26.5047
19782,GRF000023009,2020-04-24,26.262199
19783,GRF000023009,2020-04-27,26.262199
19784,GRF000023009,2020-04-28,26.8839
19785,GRF000023009,2020-04-29,26.979
19786,GRF000023009,2020-04-30,26.979
19787,GRF000023009,2020-05-01,26.979
19788,GRF000023009,2020-05-04,27.048599
19789,GRF000023009,2020-05-05,26.262199
19790,GRF000023009,2020-05-06,26.970501
19791,GRF000023009,2020-05-07,26.993799
19792,GRF000023009,2020-05-08,26.957701
19793,GRF000023009,2020-05-11,26.9519
19794,GRF000023009,2020-05-12,27.0324
19795,GRF000023009,2020-05-13,27.0324
19796,GRF000023009,2020-05-14,27.0527
19797,GRF000023009,2020-05-15,27.1511
19798,GRF000023009,2020-05-18,27.228901
19799,GRF000023009,2020-05-19,27.228901
19800,GRF000023009,2020-05-20,27.377899
19801,GRF000023009,2020-05-21,27.377899
19802,GRF000023009,2020-05-22,27.723
19803,GRF000023009,2020-05-25,27.934799
19804,GRF000023009,2020-05-26,27.993401
19805,GRF000023009,2020-05-27,27.993401
19806,GRF000023009,2020-05-28,27.934799
19807,GRF000023009,2020-05-29,28.3915
19808,GRF000023009,2020-06-01,27.8528
19809,GRF000023009,2020-06-02,27.8528
19810,GRF000023009,2020-06-03,28.4261
19811,GRF000023009,2020-06-04,28.411501
19812,GRF000023009,2020-06-05,28.411501
19813,GRF000023009,2020-06-08,28.687099
19814,GRF000023009,2020-06-09,28.844299
19816,GRF000023009,2020-06-11,28.623301
19815,GRF000023009,2020-06-10,28.623301
19817,GRF000023009,2020-06-12,28.8284
19818,GRF000023009,2020-06-15,28.922899
19819,GRF000023009,2020-06-16,29.0315
19820,GRF000023009,2020-06-17,29.1714
19821,GRF000023009,2020-06-18,29.1714
19822,GRF000023009,2020-06-19,29.3151
19823,GRF000023009,2020-06-22,29.154499
19824,GRF000023009,2020-06-23,29.099899
19825,GRF000023009,2020-06-24,29.462999
19826,GRF000023009,2020-06-25,29.619301
19827,GRF000023009,2020-06-26,29.0348
19828,GRF000023009,2020-06-29,29.0348
19829,GRF000023009,2020-06-30,29.0348
19830,GRF000023009,2020-07-01,29.0348
19831,GRF000023009,2020-07-02,29.8908
19832,GRF000023009,2020-07-03,29.9088
19833,GRF000023009,2020-07-06,29.4037
19834,GRF000023009,2020-07-07,29.4037
19836,GRF000023009,2020-07-09,29.4856
19835,GRF000023009,2020-07-08,29.070299
19837,GRF000023009,2020-07-10,29.521299
19838,GRF000023009,2020-07-13,29.521299
19839,GRF000023009,2020-07-14,29.2537
19840,GRF000023009,2020-07-15,29.2537
19841,GRF000023009,2020-07-16,29.028
19842,GRF000023009,2020-07-17,29.038099
19843,GRF000023009,2020-07-20,29.028
19844,GRF000023009,2020-07-21,29.028
19845,GRF000023009,2020-07-22,29.2908
19846,GRF000023009,2020-07-23,28.1905
19847,GRF000023009,2020-07-24,29.4303
19848,GRF000023009,2020-07-27,29.4131
19849,GRF000023009,2020-07-28,29.4131
19851,GRF000023009,2020-07-30,29.4235
19850,GRF000023009,2020-07-29,29.4073
19852,GRF000023009,2020-07-31,29.2887
19853,GRF000023009,2020-08-03,29.4235
19854,GRF000023009,2020-08-04,29.362
19856,GRF000023009,2020-08-06,29.4449
19855,GRF000023009,2020-08-05,29.343
19857,GRF000023009,2020-08-07,29.506
19858,GRF000023009,2020-08-10,29.521
19859,GRF000023009,2020-08-11,29.289
19860,GRF000023009,2020-08-12,29.254
19861,GRF000023009,2020-08-13,29.386
19862,GRF000023009,2020-08-14,29.301
19863,GRF000023009,2020-08-17,29.264
19864,GRF000023009,2020-08-18,29.314
19865,GRF000023009,2020-08-19,29.328
19867,GRF000023009,2020-08-21,29.343
19866,GRF000023009,2020-08-20,29.386
19868,GRF000023009,2020-08-24,29.308
19869,GRF000023009,2020-08-25,29.426
19871,GRF000023009,2020-08-27,29.413
19870,GRF000023009,2020-08-26,29.424
19872,GRF000023009,2020-08-28,29.324
19873,GRF000023009,2020-08-31,29.038
19874,GRF000023009,2020-09-01,29.363
19876,GRF000023009,2020-09-03,29.444
19875,GRF000023009,2020-09-02,29.362
19877,GRF000023009,2020-09-04,29.506
19878,GRF000023009,2020-09-07,29.362
19879,GRF000023009,2020-09-08,29.169
19880,GRF000023009,2020-09-09,29.426
19881,GRF000023009,2020-09-10,29.258
19882,GRF000023009,2020-09-11,29.424
19883,GRF000023009,2020-09-14,29.424
19884,GRF000023009,2020-09-15,29.424
19885,GRF000023009,2020-09-16,29.421
19887,GRF000023009,2020-09-18,29.458
19886,GRF000023009,2020-09-17,29.458
19889,GRF000023009,2020-09-22,29.458
19888,GRF000023009,2020-09-21,29.458
19890,GRF000023009,2020-09-23,29.386
19892,GRF000023009,2020-09-25,29.07
19891,GRF000023009,2020-09-24,29.583
19893,GRF000023009,2020-09-28,29.566
19894,GRF000023009,2020-09-29,29.536
19896,GRF000023009,2020-10-01,29.545
19895,GRF000023009,2020-09-30,29.545
19897,GRF000023009,2020-10-02,29.536
19898,GRF000023009,2020-10-05,29.644
19899,GRF000023009,2020-10-06,29.576
19900,GRF000023009,2020-10-07,29.07
19901,GRF000023009,2020-10-08,29.744
19902,GRF000023009,2020-10-09,29.668
19903,GRF000023009,2020-10-12,29.07
19904,GRF000023009,2020-10-13,30.013
19905,GRF000023009,2020-10-14,30.073
19906,GRF000023009,2020-10-15,29.154
19907,GRF000023009,2020-10-16,29.996
19908,GRF000023009,2020-10-19,29.996
19910,GRF000023009,2020-10-21,29.92
19909,GRF000023009,2020-10-20,30.0
19911,GRF000023009,2020-10-22,29.78
19912,GRF000023009,2020-10-23,29.731
19913,GRF000023009,2020-10-26,29.75
19914,GRF000023009,2020-10-27,29.731
19916,GRF000023009,2020-10-29,29.7503
19915,GRF000023009,2020-10-28,29.75
19917,GRF000023009,2020-10-30,29.8747
19918,GRF000023009,2020-11-02,29.6395
19919,GRF000023009,2020-11-03,29.6248
19920,GRF000023009,2020-11-04,30.1026
19921,GRF000023009,2020-11-05,29.8246
19922,GRF000023009,2020-11-06,29.8945
19923,GRF000023009,2020-11-09,29.9217
19924,GRF000023009,2020-11-10,29.328
19925,GRF000023009,2020-11-11,29.9443
19926,GRF000023009,2020-11-12,29.996
19927,GRF000023009,2020-11-13,30.0005
19929,GRF000023009,2020-11-17,29.694
19928,GRF000023009,2020-11-16,29.996
19931,GRF000023009,2020-11-19,29.5637
19930,GRF000023009,2020-11-18,30.3589
19932,GRF000023009,2020-11-20,30.3186
19933,GRF000023009,2020-11-23,30.313
19934,GRF000023009,2020-11-24,29.3243
19935,GRF000023009,2020-11-25,30.398
19936,GRF000023009,2020-11-26,29.3243
19937,GRF000023009,2020-11-27,29.2672
19938,GRF000023009,2020-11-30,30.3651
19939,GRF000023009,2020-12-01,30.3833
19940,GRF000023009,2020-12-02,30.313
19941,GRF000023009,2020-12-03,30.392
19943,GRF000023009,2020-12-07,30.392
19942,GRF000023009,2020-12-04,30.3838
19944,GRF000023009,2020-12-08,30.3833
19946,GRF000023009,2020-12-10,30.2945
19945,GRF000023009,2020-12-09,30.3958
19948,GRF000023009,2020-12-14,30.4636
19947,GRF000023009,2020-12-11,29.3076
19950,GRF000023009,2020-12-16,30.4671
19949,GRF000023009,2020-12-15,30.4671
19951,GRF000023009,2020-12-17,30.4671
19952,GRF000023009,2020-12-18,30.5018
19953,GRF000023009,2020-12-21,30.5018
19954,GRF000023009,2020-12-22,30.3322
19955,GRF000023009,2020-12-23,30.3269
19957,GRF000023009,2020-12-28,30.334
19956,GRF000023009,2020-12-24,30.348
19958,GRF000023009,2020-12-29,30.3269
19959,GRF000023009,2020-12-30,30.3852
19960,GRF000023009,2020-12-31,30.3895
19961,GRF000023009,2021-01-01,30.546
19962,GRF000023009,2021-01-04,30.546
19963,GRF000023009,2021-01-05,30.5127
19964,GRF000023009,2021-01-06,30.5018
19965,GRF000023009,2021-01-07,30.546
19966,GRF000023009,2021-01-08,30.5127
19967,GRF000023009,2021-01-11,30.4037
19969,GRF000023009,2021-01-13,30.2723
19968,GRF000023009,2021-01-12,30.3854
19971,GRF000023009,2021-01-15,30.5018
19970,GRF000023009,2021-01-14,30.3322
19973,GRF000023009,2021-01-19,30.4671
19972,GRF000023009,2021-01-18,30.546
19974,GRF000023009,2021-01-20,30.3852
19976,GRF000023009,2021-01-22,30.3671
19975,GRF000023009,2021-01-21,30.3142
19977,GRF000023009,2021-01-25,30.3671
19978,GRF000023009,2021-01-26,30.4122
19979,GRF000023009,2021-01-27,30.4295
19980,GRF000023009,2021-01-28,30.2784
19981,GRF000023009,2021-01-29,30.3142
19983,GRF000023009,2021-02-02,30.379
19982,GRF000023009,2021-02-01,30.3194
19984,GRF000023009,2021-02-03,30.3656
19985,GRF000023009,2021-02-04,30.3656
19987,GRF000023009,2021-02-08,30.4122
19986,GRF000023009,2021-02-05,30.3656
19988,GRF000023009,2021-02-09,30.4037
19989,GRF000023009,2021-02-10,30.4037
19990,GRF000023009,2021-02-11,30.4517
19991,GRF000023009,2021-02-12,30.4173
19992,GRF000023009,2021-02-15,30.4037
19993,GRF000023009,2021-02-16,30.3966
19994,GRF000023009,2021-02-17,30.4077
19995,GRF000023009,2021-02-18,30.3179
19996,GRF000023009,2021-02-19,30.1734
19997,GRF000023009,2021-02-22,30.1421
19998,GRF000023009,2021-02-23,30.3948
20002,GRF000024007,2020-03-02,8.2234
20003,GRF000024007,2020-03-03,8.2336
20004,GRF000024007,2020-03-04,8.2336
20005,GRF000024007,2020-03-05,8.1958
19999,GRF000023009,2021-02-24,30.0378
20006,GRF000024007,2020-03-06,8.1965
20007,GRF000024007,2020-03-09,8.1958
20000,GRF000023009,2021-02-25,29.5994
20001,GRF000023009,2021-02-26,29.6395
20008,GRF000024007,2020-03-10,8.2063
20019,GRF000024007,2020-03-25,7.3218
20020,GRF000024007,2020-03-26,7.3093
20022,GRF000024007,2020-03-30,7.4557
20023,GRF000024007,2020-03-31,7.4579
20024,GRF000024007,2020-04-01,7.4784
20021,GRF000024007,2020-03-27,7.3093
20025,GRF000024007,2020-04-02,7.4784
20029,GRF000024007,2020-04-08,7.5019
20026,GRF000024007,2020-04-03,7.3093
20030,GRF000024007,2020-04-09,7.3093
20032,GRF000024007,2020-04-13,7.5951
20027,GRF000024007,2020-04-06,7.4674
20034,GRF000024007,2020-04-15,7.6419
20033,GRF000024007,2020-04-14,7.3093
20036,GRF000024007,2020-04-17,7.6436
20035,GRF000024007,2020-04-16,7.3093
20037,GRF000024007,2020-04-20,7.6252
20028,GRF000024007,2020-04-07,7.3175
20039,GRF000024007,2020-04-22,7.5969
20041,GRF000024007,2020-04-24,7.6292
20040,GRF000024007,2020-04-23,7.3093
20038,GRF000024007,2020-04-21,7.3093
20043,GRF000024007,2020-04-28,7.6679
20044,GRF000024007,2020-04-29,7.6679
20045,GRF000024007,2020-04-30,7.6808
20050,GRF000024007,2020-05-07,7.6842
20049,GRF000024007,2020-05-06,7.7138
20046,GRF000024007,2020-05-01,7.6808
20053,GRF000024007,2020-05-12,7.6846
20052,GRF000024007,2020-05-11,7.8629
20054,GRF000024007,2020-05-13,7.9794
20061,GRF000024007,2020-05-22,7.7248
20047,GRF000024007,2020-05-04,7.4743
20057,GRF000024007,2020-05-18,8.1045
20051,GRF000024007,2020-05-08,7.8291
20056,GRF000024007,2020-05-15,7.7726
20048,GRF000024007,2020-05-05,7.3733
20062,GRF000024007,2020-05-25,7.727
20063,GRF000024007,2020-05-26,7.7296
20065,GRF000024007,2020-05-28,7.7935
20066,GRF000024007,2020-05-29,7.8141
20068,GRF000024007,2020-06-02,7.8312
20067,GRF000024007,2020-06-01,7.8141
20069,GRF000024007,2020-06-03,7.8612
20070,GRF000024007,2020-06-04,7.8939
20071,GRF000024007,2020-06-05,7.9384
20072,GRF000024007,2020-06-08,7.9945
20058,GRF000024007,2020-05-19,7.7073
20064,GRF000024007,2020-05-27,7.7248
20073,GRF000024007,2020-06-09,7.9945
20074,GRF000024007,2020-06-10,7.9986
20075,GRF000024007,2020-06-11,7.9786
20059,GRF000024007,2020-05-20,7.8405
20076,GRF000024007,2020-06-12,7.9679
20060,GRF000024007,2020-05-21,7.3854
20055,GRF000024007,2020-05-14,8.1556
20080,GRF000024007,2020-06-18,7.9686
20094,GRF000024007,2020-07-08,8.0003
20099,GRF000024007,2020-07-15,7.9934
20096,GRF000024007,2020-07-10,7.9927
20097,GRF000024007,2020-07-13,8.0003
20088,GRF000024007,2020-06-30,7.887601
20095,GRF000024007,2020-07-09,8.0003
20098,GRF000024007,2020-07-14,8.0003
20089,GRF000024007,2020-07-01,7.9762
20085,GRF000024007,2020-06-25,7.9854
20100,GRF000024007,2020-07-16,8.0012
20086,GRF000024007,2020-06-26,7.9771
20101,GRF000024007,2020-07-17,8.0158
20083,GRF000024007,2020-06-23,7.9903
20103,GRF000024007,2020-07-21,8.0302
20102,GRF000024007,2020-07-20,8.0178
20087,GRF000024007,2020-06-29,8.123691
20093,GRF000024007,2020-07-07,7.780445
20104,GRF000024007,2020-07-22,8.0434
20109,GRF000024007,2020-07-29,8.0595
20091,GRF000024007,2020-07-03,7.9932
20092,GRF000024007,2020-07-06,7.801676
20090,GRF000024007,2020-07-02,7.9762
20108,GRF000024007,2020-07-28,7.993293
20106,GRF000024007,2020-07-24,7.808241
20111,GRF000024007,2020-07-31,8.0529
20110,GRF000024007,2020-07-30,8.0595
20115,GRF000024007,2020-08-06,8.0558
20107,GRF000024007,2020-07-27,7.751554
20105,GRF000024007,2020-07-23,7.816104
20114,GRF000024007,2020-08-05,8.0529
20112,GRF000024007,2020-08-03,8.0529
20084,GRF000024007,2020-06-24,7.9854
20127,GRF000024007,2020-08-24,8.0792
20113,GRF000024007,2020-08-04,8.0529
20128,GRF000024007,2020-08-25,8.084
20129,GRF000024007,2020-08-26,8.0854
20130,GRF000024007,2020-08-27,8.0767
20131,GRF000024007,2020-08-28,8.0808
20132,GRF000024007,2020-08-31,8.0864
20133,GRF000024007,2020-09-01,8.0864
20134,GRF000024007,2020-09-02,8.0893
20135,GRF000024007,2020-09-03,8.0864
20136,GRF000024007,2020-09-04,8.0851
20137,GRF000024007,2020-09-07,8.0893
20138,GRF000024007,2020-09-08,8.0792
20139,GRF000024007,2020-09-09,8.1071
20116,GRF000024007,2020-08-07,7.997
20140,GRF000024007,2020-09-10,8.0992
20141,GRF000024007,2020-09-11,8.0942
20142,GRF000024007,2020-09-14,8.1055
20149,GRF000024007,2020-09-23,8.106
20151,GRF000024007,2020-09-25,8.0958
20152,GRF000024007,2020-09-28,8.0958
20153,GRF000024007,2020-09-29,8.0997
20154,GRF000024007,2020-09-30,8.0997
20155,GRF000024007,2020-10-01,8.1215
20156,GRF000024007,2020-10-02,8.1155
20157,GRF000024007,2020-10-05,8.1226
20159,GRF000024007,2020-10-07,8.1302
20160,GRF000024007,2020-10-08,8.1302
20170,GRF000024007,2020-10-22,8.1565
20173,GRF000024007,2020-10-27,8.1503
20174,GRF000024007,2020-10-28,8.1486
20175,GRF000024007,2020-10-29,8.1486
20176,GRF000024007,2020-10-30,8.1497
20177,GRF000024007,2020-11-02,8.1258
20178,GRF000024007,2020-11-03,8.1206
20179,GRF000024007,2020-11-04,8.1126
20180,GRF000024007,2020-11-05,8.1126
20181,GRF000024007,2020-11-06,8.1497
20182,GRF000024007,2020-11-09,8.16
20183,GRF000024007,2020-11-10,8.1497
20184,GRF000024007,2020-11-11,8.1258
20185,GRF000024007,2020-11-12,8.1497
20186,GRF000024007,2020-11-13,8.188
20187,GRF000024007,2020-11-16,8.1565
20188,GRF000024007,2020-11-17,8.0864
20189,GRF000024007,2020-11-18,8.0808
20190,GRF000024007,2020-11-19,8.0792
20191,GRF000024007,2020-11-20,8.0178
20193,GRF000024007,2020-11-24,8.2239
20194,GRF000024007,2020-11-25,8.2405
20195,GRF000024007,2020-11-26,8.2422
20196,GRF000024007,2020-11-27,8.2422
20197,GRF000024007,2020-11-30,8.2422
20198,GRF000024007,2020-12-01,8.2422
20199,GRF000024007,2020-12-02,8.2458
20200,GRF000024007,2020-12-03,8.2458
20201,GRF000024007,2020-12-04,8.2456
20202,GRF000024007,2020-12-07,8.2674
20203,GRF000024007,2020-12-08,8.2722
20204,GRF000024007,2020-12-09,8.2764
20205,GRF000024007,2020-12-10,8.2787
20206,GRF000024007,2020-12-11,8.2674
20207,GRF000024007,2020-12-14,8.2674
20208,GRF000024007,2020-12-15,8.2764
20209,GRF000024007,2020-12-16,8.2771
20210,GRF000024007,2020-12-17,8.2771
20211,GRF000024007,2020-12-18,8.2771
20212,GRF000024007,2020-12-21,8.2728
20213,GRF000024007,2020-12-22,8.2728
20214,GRF000024007,2020-12-23,8.2711
20215,GRF000024007,2020-12-24,8.2636
20216,GRF000024007,2020-12-28,8.2645
20218,GRF000024007,2020-12-30,8.2636
20219,GRF000024007,2020-12-31,8.2731
20220,GRF000024007,2021-01-01,8.2728
20221,GRF000024007,2021-01-04,8.2708
20222,GRF000024007,2021-01-05,8.2737
20223,GRF000024007,2021-01-06,8.2737
20224,GRF000024007,2021-01-07,8.2708
20225,GRF000024007,2021-01-08,8.2737
20226,GRF000024007,2021-01-11,8.2708
20228,GRF000024007,2021-01-13,8.2802
20235,GRF000024007,2021-01-22,8.2889
20237,GRF000024007,2021-01-26,8.2975
20238,GRF000024007,2021-01-27,8.2897
20239,GRF000024007,2021-01-28,8.2871
20240,GRF000024007,2021-01-29,8.2802
20241,GRF000024007,2021-02-01,8.2729
20242,GRF000024007,2021-02-02,8.2721
20243,GRF000024007,2021-02-03,8.2759
20244,GRF000024007,2021-02-04,8.2816
20245,GRF000024007,2021-02-05,8.2886
20246,GRF000024007,2021-02-08,8.2931
20247,GRF000024007,2021-02-09,8.2963
20248,GRF000024007,2021-02-10,8.294
20253,GRF000024007,2021-02-17,8.301
20255,GRF000024007,2021-02-19,8.2912
20256,GRF000024007,2021-02-22,8.2895
20257,GRF000024007,2021-02-23,8.2729
20258,GRF000024007,2021-02-24,8.2721
20259,GRF000024007,2021-02-25,8.2759
20261,GRF000025004,2020-03-02,8.036
20262,GRF000025004,2020-03-03,8.036
20263,GRF000025004,2020-03-04,8.003
20264,GRF000025004,2020-03-05,8.031
20265,GRF000025004,2020-03-06,7.977
20266,GRF000025004,2020-03-09,7.977
20267,GRF000025004,2020-03-10,7.977
20260,GRF000024007,2021-02-26,8.2823
20268,GRF000025004,2020-03-11,7.901
20269,GRF000025004,2020-03-12,7.9774
20270,GRF000025004,2020-03-13,7.9774
20271,GRF000025004,2020-03-16,7.9774
20272,GRF000025004,2020-03-17,7.9774
20274,GRF000025004,2020-03-19,8.03132
20273,GRF000025004,2020-03-18,7.9012
20279,GRF000025004,2020-03-26,7.6228
20280,GRF000025004,2020-03-27,8.098
20281,GRF000025004,2020-03-30,8.1535
20282,GRF000025004,2020-03-31,7.9012
20283,GRF000025004,2020-04-01,8.0359
20284,GRF000025004,2020-04-02,8.0359
20285,GRF000025004,2020-04-03,8.0359
20286,GRF000025004,2020-04-06,8.3181
20287,GRF000025004,2020-04-07,8.2935
20288,GRF000025004,2020-04-08,8.3181
20289,GRF000025004,2020-04-09,8.2935
20290,GRF000025004,2020-04-10,8.2543
20291,GRF000025004,2020-04-13,8.2543
20292,GRF000025004,2020-04-14,8.2393
20294,GRF000025004,2020-04-16,8.2655
20293,GRF000025004,2020-04-15,8.1846
20300,GRF000025004,2020-04-24,8.3717
20302,GRF000025004,2020-04-28,8.2889
20317,GRF000025004,2020-05-19,8.3173
20326,GRF000025004,2020-06-01,8.1202
20331,GRF000025004,2020-06-08,7.9404
20332,GRF000025004,2020-06-09,8.05276
20333,GRF000025004,2020-06-10,7.9861
20334,GRF000025004,2020-06-11,7.9633
20335,GRF000025004,2020-06-12,7.9812
20336,GRF000025004,2020-06-15,8.0075
20337,GRF000025004,2020-06-16,8.0395
20338,GRF000025004,2020-06-17,8.0528
20339,GRF000025004,2020-06-18,8.0564
20340,GRF000025004,2020-06-19,8.0679
20342,GRF000025004,2020-06-23,8.073
20341,GRF000025004,2020-06-22,8.0528
20343,GRF000025004,2020-06-24,8.0006
20344,GRF000025004,2020-06-25,8.0328
20345,GRF000025004,2020-06-26,8.0884
20348,GRF000025004,2020-07-01,8.1039
20349,GRF000025004,2020-07-02,8.0952
20350,GRF000025004,2020-07-03,8.041
20351,GRF000025004,2020-07-06,8.0805
20353,GRF000025004,2020-07-08,8.0426
20355,GRF000025004,2020-07-10,8.0426
20357,GRF000025004,2020-07-14,8.0179
20364,GRF000025004,2020-07-23,7.8536
20397,GRF000025004,2020-09-08,7.6886
20398,GRF000025004,2020-09-09,7.7239
20399,GRF000025004,2020-09-10,7.726
20400,GRF000025004,2020-09-11,7.6849
20401,GRF000025004,2020-09-14,7.6065
20405,GRF000025004,2020-09-18,7.6886
20406,GRF000025004,2020-09-21,7.7239
20407,GRF000025004,2020-09-22,7.726
20408,GRF000025004,2020-09-23,7.7526
20409,GRF000025004,2020-09-24,7.7816
20410,GRF000025004,2020-09-25,7.8118
20411,GRF000025004,2020-09-28,7.8118
20412,GRF000025004,2020-09-29,7.8002
20413,GRF000025004,2020-09-30,7.7805
20414,GRF000025004,2020-10-01,7.7666
20415,GRF000025004,2020-10-02,7.7409
20416,GRF000025004,2020-10-05,7.7238
20417,GRF000025004,2020-10-06,7.7526
20418,GRF000025004,2020-10-07,7.7238
20419,GRF000025004,2020-10-08,7.7526
20420,GRF000025004,2020-10-09,7.7081
20421,GRF000025004,2020-10-12,7.7081
20422,GRF000025004,2020-10-13,7.6858
20423,GRF000025004,2020-10-14,7.6848
20424,GRF000025004,2020-10-15,7.7298
20425,GRF000025004,2020-10-16,7.7298
20428,GRF000025004,2020-10-21,7.6788
20429,GRF000025004,2020-10-22,7.6444
20430,GRF000025004,2020-10-23,7.6065
20431,GRF000025004,2020-10-26,7.6564
20432,GRF000025004,2020-10-27,7.7391
20433,GRF000025004,2020-10-28,7.6782
20434,GRF000025004,2020-10-29,7.65408
20435,GRF000025004,2020-10-30,7.7159
20436,GRF000025004,2020-11-02,7.726
20437,GRF000025004,2020-11-03,7.8118
20442,GRF000025004,2020-11-10,7.5981
20443,GRF000025004,2020-11-11,7.6896
20444,GRF000025004,2020-11-12,7.6782
20445,GRF000025004,2020-11-13,7.6886
20446,GRF000025004,2020-11-16,7.7239
20448,GRF000025004,2020-11-18,7.6162
20449,GRF000025004,2020-11-19,7.6162
20450,GRF000025004,2020-11-20,7.6701
20451,GRF000025004,2020-11-23,7.6686
20452,GRF000025004,2020-11-24,7.6315
20453,GRF000025004,2020-11-25,7.6221
20454,GRF000025004,2020-11-26,7.6072
20455,GRF000025004,2020-11-27,7.6072
20460,GRF000025004,2020-12-04,7.4491
20463,GRF000025004,2020-12-09,7.4707
20464,GRF000025004,2020-12-10,7.4707
20465,GRF000025004,2020-12-11,7.4707
20467,GRF000025004,2020-12-15,7.4713
20468,GRF000025004,2020-12-16,7.4628
20466,GRF000025004,2020-12-14,7.4341
20469,GRF000025004,2020-12-17,7.4327
20470,GRF000025004,2020-12-18,7.3957
20471,GRF000025004,2020-12-21,7.3855
20472,GRF000025004,2020-12-22,7.4372
20474,GRF000025004,2020-12-24,7.4428
20475,GRF000025004,2020-12-28,7.4713
20476,GRF000025004,2020-12-29,7.4724
20477,GRF000025004,2020-12-30,7.4156
20479,GRF000025004,2021-01-01,7.3793
20481,GRF000025004,2021-01-05,7.3759
20482,GRF000025004,2021-01-06,7.3759
20478,GRF000025004,2020-12-31,7.3793
20483,GRF000025004,2021-01-07,7.3793
20484,GRF000025004,2021-01-08,7.381
20485,GRF000025004,2021-01-11,7.3998
20486,GRF000025004,2021-01-12,7.3491
20487,GRF000025004,2021-01-13,7.4021
20488,GRF000025004,2021-01-14,7.4101
20489,GRF000025004,2021-01-15,7.4285
20490,GRF000025004,2021-01-18,7.4398
20492,GRF000025004,2021-01-20,7.4357
20493,GRF000025004,2021-01-21,7.4101
20494,GRF000025004,2021-01-22,7.4357
20495,GRF000025004,2021-01-25,7.4557
20496,GRF000025004,2021-01-26,7.4398
20497,GRF000025004,2021-01-27,7.4751
20498,GRF000025004,2021-01-28,7.4357
20499,GRF000025004,2021-01-29,7.4557
20500,GRF000025004,2021-02-01,7.3491
20501,GRF000025004,2021-02-02,7.4219
20502,GRF000025004,2021-02-03,7.437
20503,GRF000025004,2021-02-04,7.4398
20504,GRF000025004,2021-02-05,7.5115
20505,GRF000025004,2021-02-08,7.4677
20506,GRF000025004,2021-02-09,7.4404
20507,GRF000025004,2021-02-10,7.4409
20508,GRF000025004,2021-02-11,7.4359
20509,GRF000025004,2021-02-12,7.4183
20510,GRF000025004,2021-02-15,7.4317
20511,GRF000025004,2021-02-16,7.3554
20515,GRF000025004,2021-02-22,7.382
20516,GRF000025004,2021-02-23,7.3784
20522,GRF000029006,2020-03-04,11.4843
20517,GRF000025004,2021-02-24,7.3818
20519,GRF000025004,2021-02-26,7.3759
20539,GRF000029006,2020-03-27,11.2189
20540,GRF000029006,2020-03-30,11.2385
20541,GRF000029006,2020-03-31,11.2189
20546,GRF000029006,2020-04-07,11.204
20547,GRF000029006,2020-04-08,11.1088
20538,GRF000029006,2020-03-26,11.1649
20548,GRF000029006,2020-04-09,11.1852
20545,GRF000029006,2020-04-06,11.2041
20549,GRF000029006,2020-04-10,11.2178
20550,GRF000029006,2020-04-13,11.2178
20551,GRF000029006,2020-04-14,11.2179
20552,GRF000029006,2020-04-15,11.2083
20555,GRF000029006,2020-04-20,11.2179
20554,GRF000029006,2020-04-17,11.2179
20556,GRF000029006,2020-04-21,11.2179
20557,GRF000029006,2020-04-22,11.2081
20543,GRF000029006,2020-04-02,11.1313
20558,GRF000029006,2020-04-23,11.1852
20559,GRF000029006,2020-04-24,11.226
20560,GRF000029006,2020-04-27,11.2388
20537,GRF000029006,2020-03-25,11.1695
20561,GRF000029006,2020-04-28,11.2509
20562,GRF000029006,2020-04-29,11.256
20563,GRF000029006,2020-04-30,11.2619
20544,GRF000029006,2020-04-03,11.225
20564,GRF000029006,2020-05-01,11.2081
20565,GRF000029006,2020-05-04,11.213
20566,GRF000029006,2020-05-05,11.2118
20567,GRF000029006,2020-05-06,11.2088
20568,GRF000029006,2020-05-07,11.186
20569,GRF000029006,2020-05-08,11.2619
20542,GRF000029006,2020-04-01,11.2158
20570,GRF000029006,2020-05-11,11.2743
20571,GRF000029006,2020-05-12,11.256
20572,GRF000029006,2020-05-13,11.2619
20573,GRF000029006,2020-05-14,11.2678
20574,GRF000029006,2020-05-15,11.2603
20575,GRF000029006,2020-05-18,11.2683
20577,GRF000029006,2020-05-20,11.2685
20576,GRF000029006,2020-05-19,11.2625
20578,GRF000029006,2020-05-21,11.267
20579,GRF000029006,2020-05-22,11.2628
20580,GRF000029006,2020-05-25,11.2847
20581,GRF000029006,2020-05-26,11.2902
20582,GRF000029006,2020-05-27,11.2958
20583,GRF000029006,2020-05-28,11.3029
20584,GRF000029006,2020-05-29,11.306
20585,GRF000029006,2020-06-01,11.3105
20586,GRF000029006,2020-06-02,11.3138
20588,GRF000029006,2020-06-04,11.3415
20587,GRF000029006,2020-06-03,11.3264
20589,GRF000029006,2020-06-05,11.3416
20590,GRF000029006,2020-06-08,11.3457
20591,GRF000029006,2020-06-09,11.361
20592,GRF000029006,2020-06-10,11.3783
20593,GRF000029006,2020-06-11,11.3763
20594,GRF000029006,2020-06-12,11.3763
20595,GRF000029006,2020-06-15,11.3794
20597,GRF000029006,2020-06-17,11.3416
20596,GRF000029006,2020-06-16,11.3794
20598,GRF000029006,2020-06-18,11.3894
20599,GRF000029006,2020-06-19,11.3894
20601,GRF000029006,2020-06-23,11.3862
20600,GRF000029006,2020-06-22,11.3894
20602,GRF000029006,2020-06-24,11.388
20603,GRF000029006,2020-06-25,11.3888
20604,GRF000029006,2020-06-26,11.3874
20605,GRF000029006,2020-06-29,11.3264
20606,GRF000029006,2020-06-30,11.3859
20607,GRF000029006,2020-07-01,11.3874
20608,GRF000029006,2020-07-02,11.1651
20609,GRF000029006,2020-07-03,11.3885
20610,GRF000029006,2020-07-06,11.1651
20611,GRF000029006,2020-07-07,11.3895
20612,GRF000029006,2020-07-08,11.3892
20613,GRF000029006,2020-07-09,11.3915
20614,GRF000029006,2020-07-10,11.3904
20615,GRF000029006,2020-07-13,11.3874
20616,GRF000029006,2020-07-14,11.3885
20617,GRF000029006,2020-07-15,11.1651
20618,GRF000029006,2020-07-16,11.3895
20619,GRF000029006,2020-07-17,11.3885
20620,GRF000029006,2020-07-20,11.3915
20621,GRF000029006,2020-07-21,11.3895
20622,GRF000029006,2020-07-22,11.3936
20623,GRF000029006,2020-07-23,11.3915
20624,GRF000029006,2020-07-24,11.3873
20625,GRF000029006,2020-07-27,11.408
20626,GRF000029006,2020-07-28,11.3879
20627,GRF000029006,2020-07-29,11.3909
20628,GRF000029006,2020-07-30,11.3942
20629,GRF000029006,2020-07-31,11.3936
20630,GRF000029006,2020-08-03,11.3983
20631,GRF000029006,2020-08-04,11.4021
20632,GRF000029006,2020-08-05,11.408
20633,GRF000029006,2020-08-06,11.4075
20634,GRF000029006,2020-08-07,11.4046
20635,GRF000029006,2020-08-10,11.4139
20636,GRF000029006,2020-08-11,11.4139
20637,GRF000029006,2020-08-12,11.4139
20638,GRF000029006,2020-08-13,11.4108
20639,GRF000029006,2020-08-14,11.4139
20640,GRF000029006,2020-08-17,11.4108
20641,GRF000029006,2020-08-18,11.4079
20642,GRF000029006,2020-08-19,11.4181
20643,GRF000029006,2020-08-20,11.4046
20644,GRF000029006,2020-08-21,11.4119
20645,GRF000029006,2020-08-24,11.4177
20646,GRF000029006,2020-08-25,11.4056
20647,GRF000029006,2020-08-26,11.4168
20648,GRF000029006,2020-08-27,11.4118
20649,GRF000029006,2020-08-28,11.4102
20650,GRF000029006,2020-08-31,11.4116
20651,GRF000029006,2020-09-01,11.4177
20652,GRF000029006,2020-09-02,11.4185
20654,GRF000029006,2020-09-04,11.3138
20653,GRF000029006,2020-09-03,11.4168
20655,GRF000029006,2020-09-07,11.3105
20656,GRF000029006,2020-09-08,11.3029
20657,GRF000029006,2020-09-09,11.2487
20659,GRF000029006,2020-09-11,11.4177
20658,GRF000029006,2020-09-10,11.2973
20660,GRF000029006,2020-09-14,11.3586
20661,GRF000029006,2020-09-15,11.3582
20662,GRF000029006,2020-09-16,11.4165
20663,GRF000029006,2020-09-17,11.3433
20664,GRF000029006,2020-09-18,11.3942
20665,GRF000029006,2020-09-21,11.3359
20667,GRF000029006,2020-09-23,11.2895
20668,GRF000029006,2020-09-24,11.4275
20666,GRF000029006,2020-09-22,11.351
20669,GRF000029006,2020-09-25,11.4275
20670,GRF000029006,2020-09-28,11.4187
20671,GRF000029006,2020-09-29,11.4205
20672,GRF000029006,2020-09-30,11.4224
20673,GRF000029006,2020-10-01,11.4264
20674,GRF000029006,2020-10-02,11.3865
20675,GRF000029006,2020-10-05,11.4284
20677,GRF000029006,2020-10-07,11.4292
20676,GRF000029006,2020-10-06,11.39
20678,GRF000029006,2020-10-08,11.4078
20679,GRF000029006,2020-10-09,11.3703
20680,GRF000029006,2020-10-12,11.3744
20691,GRF000029006,2020-10-27,11.4392
20683,GRF000029006,2020-10-15,11.4392
20688,GRF000029006,2020-10-22,11.4357
20681,GRF000029006,2020-10-13,11.3965
20686,GRF000029006,2020-10-20,11.4364
20694,GRF000029006,2020-10-30,11.4213
20695,GRF000029006,2020-11-02,11.4377
20696,GRF000029006,2020-11-03,11.4217
20684,GRF000029006,2020-10-16,11.4392
20697,GRF000029006,2020-11-04,11.4221
20698,GRF000029006,2020-11-05,11.4356
20682,GRF000029006,2020-10-14,11.4154
20699,GRF000029006,2020-11-06,11.4351
20692,GRF000029006,2020-10-28,11.4392
20687,GRF000029006,2020-10-21,11.4377
20700,GRF000029006,2020-11-09,11.4286
20702,GRF000029006,2020-11-11,11.4341
20701,GRF000029006,2020-11-10,11.4341
20703,GRF000029006,2020-11-12,11.4353
20704,GRF000029006,2020-11-13,11.438
20705,GRF000029006,2020-11-16,11.4364
20706,GRF000029006,2020-11-17,11.4192
20707,GRF000029006,2020-11-18,11.4216
20708,GRF000029006,2020-11-19,11.4341
20709,GRF000029006,2020-11-20,11.4364
20710,GRF000029006,2020-11-23,11.4377
20685,GRF000029006,2020-10-19,11.4392
20712,GRF000029006,2020-11-25,11.4351
20693,GRF000029006,2020-10-29,11.4392
20719,GRF000029006,2020-12-04,11.4378
20718,GRF000029006,2020-12-03,11.4378
20716,GRF000029006,2020-12-01,11.4284
20720,GRF000029006,2020-12-07,11.442
20711,GRF000029006,2020-11-24,11.4344
20715,GRF000029006,2020-11-30,11.4351
20722,GRF000029006,2020-12-09,11.4433
20721,GRF000029006,2020-12-08,11.417
20717,GRF000029006,2020-12-02,11.4208
20723,GRF000029006,2020-12-10,11.4448
20724,GRF000029006,2020-12-11,11.4479
20725,GRF000029006,2020-12-14,11.4476
20727,GRF000029006,2020-12-16,11.4478
20728,GRF000029006,2020-12-17,11.4453
20729,GRF000029006,2020-12-18,11.4134
20730,GRF000029006,2020-12-21,11.4281
20731,GRF000029006,2020-12-22,11.4422
20733,GRF000029006,2020-12-24,11.441
20732,GRF000029006,2020-12-23,11.4384
20734,GRF000029006,2020-12-28,11.4433
20735,GRF000029006,2020-12-29,11.4443
20726,GRF000029006,2020-12-15,11.4207
20736,GRF000029006,2020-12-30,11.4463
20737,GRF000029006,2020-12-31,11.4479
20739,GRF000029006,2021-01-04,11.4484
20738,GRF000029006,2021-01-01,11.4476
20740,GRF000029006,2021-01-05,11.448
20741,GRF000029006,2021-01-06,11.4478
20742,GRF000029006,2021-01-07,11.4453
20743,GRF000029006,2021-01-08,11.4452
20744,GRF000029006,2021-01-11,11.4435
20745,GRF000029006,2021-01-12,11.4123
20746,GRF000029006,2021-01-13,11.4312
20749,GRF000029006,2021-01-18,11.4277
20750,GRF000029006,2021-01-19,11.4282
20747,GRF000029006,2021-01-14,11.434
20748,GRF000029006,2021-01-15,11.4212
20751,GRF000029006,2021-01-20,11.4476
20752,GRF000029006,2021-01-21,11.442
20753,GRF000029006,2021-01-22,11.4365
20754,GRF000029006,2021-01-25,11.4412
20755,GRF000029006,2021-01-26,11.4351
20757,GRF000029006,2021-01-28,11.4392
20756,GRF000029006,2021-01-27,11.4364
20758,GRF000029006,2021-01-29,11.4283
20761,GRF000029006,2021-02-03,11.4375
20759,GRF000029006,2021-02-01,11.4344
20760,GRF000029006,2021-02-02,11.4353
20762,GRF000029006,2021-02-04,11.4406
20763,GRF000029006,2021-02-05,11.4412
20764,GRF000029006,2021-02-08,11.4321
20765,GRF000029006,2021-02-09,11.4375
20766,GRF000029006,2021-02-10,11.4323
20767,GRF000029006,2021-02-11,11.434
20768,GRF000029006,2021-02-12,11.4377
20769,GRF000029006,2021-02-15,11.4321
20770,GRF000029006,2021-02-16,11.4353
20771,GRF000029006,2021-02-17,11.4351
20773,GRF000029006,2021-02-19,11.4311
20772,GRF000029006,2021-02-18,11.4359
20774,GRF000029006,2021-02-22,11.433
20779,GRF000030004,2020-03-02,11.4024868
20780,GRF000030004,2020-03-03,11.4024868
20781,GRF000030004,2020-03-04,11.2159424
20782,GRF000030004,2020-03-05,11.4048967
20775,GRF000029006,2021-02-23,11.4375
20783,GRF000030004,2020-03-06,11.3942871
20776,GRF000029006,2021-02-24,11.4251
20777,GRF000029006,2021-02-25,11.424
20778,GRF000029006,2021-02-26,11.4303
20784,GRF000030004,2020-03-09,11.4024868
20785,GRF000030004,2020-03-10,10.944685
20786,GRF000030004,2020-03-11,10.9549589
20787,GRF000030004,2020-03-12,10.979228
20788,GRF000030004,2020-03-13,11.0728445
20791,GRF000030004,2020-03-18,10.9909153
20792,GRF000030004,2020-03-19,10.9909153
20794,GRF000030004,2020-03-23,11.4570751
20795,GRF000030004,2020-03-24,11.5459642
20796,GRF000030004,2020-03-25,11.4570751
20799,GRF000030004,2020-03-30,11.23806
20800,GRF000030004,2020-03-31,11.1460705
20801,GRF000030004,2020-04-01,11.1460705
20803,GRF000030004,2020-04-03,11.388196
20802,GRF000030004,2020-04-02,11.2876406
20804,GRF000030004,2020-04-06,11.4765759
20805,GRF000030004,2020-04-07,11.509717
20806,GRF000030004,2020-04-08,11.5289955
20807,GRF000030004,2020-04-09,11.4323397
20808,GRF000030004,2020-04-10,11.5289955
20809,GRF000030004,2020-04-13,11.4210052
20810,GRF000030004,2020-04-14,11.5289955
20811,GRF000030004,2020-04-15,11.0124979
20813,GRF000030004,2020-04-17,11.5191956
20814,GRF000030004,2020-04-20,11.2159424
20815,GRF000030004,2020-04-21,11.5300694
20816,GRF000030004,2020-04-22,11.5611448
20817,GRF000030004,2020-04-23,11.5509958
20818,GRF000030004,2020-04-24,11.5778112
20819,GRF000030004,2020-04-27,11.6444025
20820,GRF000030004,2020-04-28,11.5943909
20821,GRF000030004,2020-04-29,11.6034822
20822,GRF000030004,2020-04-30,11.0124979
20823,GRF000030004,2020-05-01,11.5583439
20824,GRF000030004,2020-05-04,10.954855
20825,GRF000030004,2020-05-05,11.4741535
20827,GRF000030004,2020-05-07,11.5987511
20826,GRF000030004,2020-05-06,11.4711952
20828,GRF000030004,2020-05-08,11.5987511
20829,GRF000030004,2020-05-11,11.5987511
20830,GRF000030004,2020-05-12,11.6095791
20831,GRF000030004,2020-05-13,11.6027269
20832,GRF000030004,2020-05-14,11.4741535
20833,GRF000030004,2020-05-15,11.4741535
20834,GRF000030004,2020-05-18,11.6535139
20835,GRF000030004,2020-05-19,11.4741535
20836,GRF000030004,2020-05-20,11.5315228
20837,GRF000030004,2020-05-21,11.5315228
20839,GRF000030004,2020-05-25,11.468749
20838,GRF000030004,2020-05-22,11.468749
20840,GRF000030004,2020-05-26,11.5000563
20842,GRF000030004,2020-05-28,11.6434679
20841,GRF000030004,2020-05-27,11.468749
20843,GRF000030004,2020-05-29,11.6027269
20844,GRF000030004,2020-06-01,11.468749
20845,GRF000030004,2020-06-02,11.5358715
20846,GRF000030004,2020-06-03,11.2159424
20847,GRF000030004,2020-06-04,11.0289631
20848,GRF000030004,2020-06-05,11.1717472
20852,GRF000030004,2020-06-11,11.1315393
20855,GRF000030004,2020-06-16,11.2027082
20856,GRF000030004,2020-06-17,11.1243515
20859,GRF000030004,2020-06-22,11.2554626
20860,GRF000030004,2020-06-23,11.2554626
20861,GRF000030004,2020-06-24,11.1876402
20864,GRF000030004,2020-06-29,11.2536125
20863,GRF000030004,2020-06-26,11.1586056
20862,GRF000030004,2020-06-25,11.1586056
20865,GRF000030004,2020-06-30,11.2542782
20866,GRF000030004,2020-07-01,11.2312374
20867,GRF000030004,2020-07-02,11.2380304
20868,GRF000030004,2020-07-03,11.2380304
20870,GRF000030004,2020-07-07,11.2318602
20869,GRF000030004,2020-07-06,11.3637238
20871,GRF000030004,2020-07-08,11.2159424
20872,GRF000030004,2020-07-09,11.1744547
20874,GRF000030004,2020-07-13,11.1918402
20875,GRF000030004,2020-07-14,11.1918402
20877,GRF000030004,2020-07-16,11.0124979
20878,GRF000030004,2020-07-17,11.0728445
20879,GRF000030004,2020-07-20,11.0295372
20880,GRF000030004,2020-07-21,11.0295372
20908,GRF000030004,2020-08-28,10.7177324
20916,GRF000030004,2020-09-09,10.6974201
20917,GRF000030004,2020-09-10,10.7412376
20918,GRF000030004,2020-09-11,10.7099762
20919,GRF000030004,2020-09-14,10.7099762
20920,GRF000030004,2020-09-15,10.6119032
20922,GRF000030004,2020-09-17,10.6517277
20921,GRF000030004,2020-09-16,10.6773911
20923,GRF000030004,2020-09-18,10.6112137
20924,GRF000030004,2020-09-21,10.6791525
20925,GRF000030004,2020-09-22,10.7412376
20926,GRF000030004,2020-09-23,10.7412376
20927,GRF000030004,2020-09-24,10.7931356
20928,GRF000030004,2020-09-25,10.669838
20929,GRF000030004,2020-09-28,10.6983871
20930,GRF000030004,2020-09-29,10.8200445
20931,GRF000030004,2020-09-30,10.8177767
20932,GRF000030004,2020-10-01,10.7552767
20933,GRF000030004,2020-10-02,10.7552767
20934,GRF000030004,2020-10-05,10.7712049
20935,GRF000030004,2020-10-06,10.764183
20936,GRF000030004,2020-10-07,10.7055759
20937,GRF000030004,2020-10-08,10.7502871
20938,GRF000030004,2020-10-09,10.723711
20939,GRF000030004,2020-10-12,10.669838
20949,GRF000030004,2020-10-26,10.7116146
20950,GRF000030004,2020-10-27,10.7177324
20951,GRF000030004,2020-10-28,10.7177324
20952,GRF000030004,2020-10-29,10.7065992
20953,GRF000030004,2020-10-30,10.718689
20954,GRF000030004,2020-11-02,10.8352289
20955,GRF000030004,2020-11-03,10.8200445
20956,GRF000030004,2020-11-04,10.6647263
20957,GRF000030004,2020-11-05,10.8565722
20963,GRF000030004,2020-11-13,10.718689
20962,GRF000030004,2020-11-12,10.7177324
20964,GRF000030004,2020-11-16,10.6822805
20965,GRF000030004,2020-11-17,10.6822805
20966,GRF000030004,2020-11-18,10.669838
20967,GRF000030004,2020-11-19,10.6281681
20968,GRF000030004,2020-11-20,10.6476908
20969,GRF000030004,2020-11-23,10.6305342
20970,GRF000030004,2020-11-24,10.6819592
20971,GRF000030004,2020-11-25,10.6773911
20972,GRF000030004,2020-11-26,10.5843229
20974,GRF000030004,2020-11-30,10.5888748
20973,GRF000030004,2020-11-27,10.5810385
20975,GRF000030004,2020-12-01,10.5810385
20976,GRF000030004,2020-12-02,10.5414047
20977,GRF000030004,2020-12-03,10.4414482
20978,GRF000030004,2020-12-04,10.4111528
20979,GRF000030004,2020-12-07,10.3779535
20983,GRF000030004,2020-12-11,10.4392395
20984,GRF000030004,2020-12-14,10.3892412
20980,GRF000030004,2020-12-08,10.3779535
20993,GRF000030004,2020-12-28,10.3480444
20994,GRF000030004,2020-12-29,10.3460598
20995,GRF000030004,2020-12-30,10.3199224
20996,GRF000030004,2020-12-31,10.2818165
20997,GRF000030004,2021-01-01,10.2604122
20998,GRF000030004,2021-01-04,10.3460598
21000,GRF000030004,2021-01-06,10.2604122
21005,GRF000030004,2021-01-13,10.2096987
20999,GRF000030004,2021-01-05,10.2604122
21006,GRF000030004,2021-01-14,10.3197718
21007,GRF000030004,2021-01-15,10.356267
21008,GRF000030004,2021-01-18,10.3710241
21001,GRF000030004,2021-01-07,10.2595472
21009,GRF000030004,2021-01-19,10.4433069
21010,GRF000030004,2021-01-20,10.3710241
21011,GRF000030004,2021-01-21,10.3838339
21012,GRF000030004,2021-01-22,10.3838339
21013,GRF000030004,2021-01-25,10.3597698
21014,GRF000030004,2021-01-26,10.4433069
21015,GRF000030004,2021-01-27,10.4360294
21016,GRF000030004,2021-01-28,10.3680887
21017,GRF000030004,2021-01-29,10.4121647
21018,GRF000030004,2021-02-01,10.4009581
21019,GRF000030004,2021-02-02,10.3946295
21020,GRF000030004,2021-02-03,10.4411459
21021,GRF000030004,2021-02-04,10.4631968
21022,GRF000030004,2021-02-05,10.4597187
21024,GRF000030004,2021-02-09,10.525095
21023,GRF000030004,2021-02-08,10.4597187
21025,GRF000030004,2021-02-10,10.4597187
21026,GRF000030004,2021-02-11,10.3580313
21027,GRF000030004,2021-02-12,10.3026781
21028,GRF000030004,2021-02-15,10.2604122
21030,GRF000030004,2021-02-17,10.2604122
21029,GRF000030004,2021-02-16,10.3580313
21031,GRF000030004,2021-02-18,10.409194
21040,GRF000031002,2020-03-04,13.7577
21041,GRF000031002,2020-03-05,13.7987
21042,GRF000031002,2020-03-06,13.45
21043,GRF000031002,2020-03-09,13.0056
21033,GRF000030004,2021-02-22,10.409194
21032,GRF000030004,2021-02-19,10.4462118
21034,GRF000030004,2021-02-23,10.409194
21035,GRF000030004,2021-02-24,10.2604122
21037,GRF000030004,2021-02-26,10.2604122
21036,GRF000030004,2021-02-25,10.2604122
21044,GRF000031002,2020-03-10,13.45
21045,GRF000031002,2020-03-11,13.7577
21046,GRF000031002,2020-03-12,12.3013
21047,GRF000031002,2020-03-13,11.5081
21048,GRF000031002,2020-03-16,11.6231
21049,GRF000031002,2020-03-17,10.656
21050,GRF000031002,2020-03-18,10.2257
21051,GRF000031002,2020-03-19,10.0463
21052,GRF000031002,2020-03-20,11.0301
21054,GRF000031002,2020-03-24,10.0463
21056,GRF000031002,2020-03-26,10.8742
21053,GRF000031002,2020-03-23,10.0463
21059,GRF000031002,2020-03-31,11.6683
21058,GRF000031002,2020-03-30,11.6172
21060,GRF000031002,2020-04-01,11.6806
21061,GRF000031002,2020-04-02,11.4211
21055,GRF000031002,2020-03-25,10.0463
21057,GRF000031002,2020-03-27,10.0463
21062,GRF000031002,2020-04-03,10.0463
21063,GRF000031002,2020-04-06,10.2257
21064,GRF000031002,2020-04-07,10.0463
21065,GRF000031002,2020-04-08,12.0726
21066,GRF000031002,2020-04-09,11.0301
21067,GRF000031002,2020-04-10,12.0762
21069,GRF000031002,2020-04-14,12.0549
21068,GRF000031002,2020-04-13,11.4776
21072,GRF000031002,2020-04-17,11.8439
21073,GRF000031002,2020-04-20,12.0162
21074,GRF000031002,2020-04-21,11.8439
21075,GRF000031002,2020-04-22,11.4089
21076,GRF000031002,2020-04-23,11.5453
21077,GRF000031002,2020-04-24,11.5353
21078,GRF000031002,2020-04-27,11.7492
21079,GRF000031002,2020-04-28,11.9142
21080,GRF000031002,2020-04-29,11.4089
21081,GRF000031002,2020-04-30,12.1612
21082,GRF000031002,2020-05-01,12.1612
21083,GRF000031002,2020-05-04,12.0584
21084,GRF000031002,2020-05-05,11.9142
21085,GRF000031002,2020-05-06,11.9142
21086,GRF000031002,2020-05-07,11.9142
21088,GRF000031002,2020-05-11,11.9142
21087,GRF000031002,2020-05-08,11.7895
21089,GRF000031002,2020-05-12,11.7264
21090,GRF000031002,2020-05-13,11.7873
21091,GRF000031002,2020-05-14,11.9142
21092,GRF000031002,2020-05-15,11.683
21093,GRF000031002,2020-05-18,11.7446
21094,GRF000031002,2020-05-19,11.9142
21095,GRF000031002,2020-05-20,11.4089
21096,GRF000031002,2020-05-21,11.8965
21097,GRF000031002,2020-05-22,12.0053
21098,GRF000031002,2020-05-25,12.0273
21099,GRF000031002,2020-05-26,12.1876
21100,GRF000031002,2020-05-27,12.1876
21101,GRF000031002,2020-05-28,12.5765
21102,GRF000031002,2020-05-29,12.6765
21103,GRF000031002,2020-06-01,12.5309
21104,GRF000031002,2020-06-02,12.6765
21105,GRF000031002,2020-06-03,12.7124
21106,GRF000031002,2020-06-04,12.7124
21107,GRF000031002,2020-06-05,12.7497
21108,GRF000031002,2020-06-08,12.9203
21111,GRF000031002,2020-06-11,12.7105
21109,GRF000031002,2020-06-09,12.7382
21110,GRF000031002,2020-06-10,12.7382
21112,GRF000031002,2020-06-12,12.7105
21113,GRF000031002,2020-06-15,12.7105
21114,GRF000031002,2020-06-16,12.645
21115,GRF000031002,2020-06-17,12.9398
21116,GRF000031002,2020-06-18,12.8904
21117,GRF000031002,2020-06-19,12.9398
21118,GRF000031002,2020-06-22,12.7868
21119,GRF000031002,2020-06-23,12.8554
21120,GRF000031002,2020-06-24,12.842
21121,GRF000031002,2020-06-25,12.8938
21122,GRF000031002,2020-06-26,12.5309
21127,GRF000031002,2020-07-03,12.9154
21129,GRF000031002,2020-07-07,12.8686
21128,GRF000031002,2020-07-06,12.8974
21130,GRF000031002,2020-07-08,12.7809
21131,GRF000031002,2020-07-09,12.8686
21132,GRF000031002,2020-07-10,12.7019
21142,GRF000031002,2020-07-24,12.7768
21141,GRF000031002,2020-07-23,12.8168
21144,GRF000031002,2020-07-28,12.633
21145,GRF000031002,2020-07-29,12.633
21147,GRF000031002,2020-07-31,12.5539
21150,GRF000031002,2020-08-05,12.6296
21151,GRF000031002,2020-08-06,12.6296
21149,GRF000031002,2020-08-04,12.4921
21152,GRF000031002,2020-08-07,12.6457
21153,GRF000031002,2020-08-10,12.7381
21155,GRF000031002,2020-08-12,12.6036
21143,GRF000031002,2020-07-27,12.633
21146,GRF000031002,2020-07-30,12.697
21154,GRF000031002,2020-08-11,12.6678
21160,GRF000031002,2020-08-19,12.6632
21159,GRF000031002,2020-08-18,12.6632
21157,GRF000031002,2020-08-14,12.6853
21161,GRF000031002,2020-08-20,12.6632
21162,GRF000031002,2020-08-21,12.6632
21156,GRF000031002,2020-08-13,12.6762
21163,GRF000031002,2020-08-24,12.6286
21164,GRF000031002,2020-08-25,12.6762
21165,GRF000031002,2020-08-26,12.57
21166,GRF000031002,2020-08-27,12.6762
21148,GRF000031002,2020-08-03,12.6636
21167,GRF000031002,2020-08-28,12.6009
21168,GRF000031002,2020-08-31,12.6286
21169,GRF000031002,2020-09-01,12.9398
21170,GRF000031002,2020-09-02,12.6197
21171,GRF000031002,2020-09-03,12.5842
21172,GRF000031002,2020-09-04,12.9398
21173,GRF000031002,2020-09-07,12.5765
21174,GRF000031002,2020-09-08,12.6765
21175,GRF000031002,2020-09-09,12.6765
21176,GRF000031002,2020-09-10,12.5765
21179,GRF000031002,2020-09-15,12.9102
21177,GRF000031002,2020-09-11,12.6197
21178,GRF000031002,2020-09-14,12.708
21180,GRF000031002,2020-09-16,12.9196
21181,GRF000031002,2020-09-17,12.8821
21182,GRF000031002,2020-09-18,12.9
21183,GRF000031002,2020-09-21,12.6044
21184,GRF000031002,2020-09-22,12.5803
21185,GRF000031002,2020-09-23,12.535
21186,GRF000031002,2020-09-24,12.5389
21187,GRF000031002,2020-09-25,12.5153
21188,GRF000031002,2020-09-28,12.6457
21189,GRF000031002,2020-09-29,12.6296
21190,GRF000031002,2020-09-30,12.7009
21191,GRF000031002,2020-10-01,12.5805
21192,GRF000031002,2020-10-02,12.6729
21193,GRF000031002,2020-10-05,12.5951
21194,GRF000031002,2020-10-06,12.6813
21195,GRF000031002,2020-10-07,12.7805
21196,GRF000031002,2020-10-08,12.6853
21197,GRF000031002,2020-10-09,12.8538
21198,GRF000031002,2020-10-12,12.877
21199,GRF000031002,2020-10-13,12.7758
21200,GRF000031002,2020-10-14,12.7828
21201,GRF000031002,2020-10-15,12.7508
21202,GRF000031002,2020-10-16,12.6009
21203,GRF000031002,2020-10-19,12.57
21210,GRF000031002,2020-10-28,12.2629
21212,GRF000031002,2020-10-30,11.9663
21214,GRF000031002,2020-11-03,12.0058
21213,GRF000031002,2020-11-02,12.0058
21215,GRF000031002,2020-11-04,11.9663
21217,GRF000031002,2020-11-06,12.2915
21216,GRF000031002,2020-11-05,12.6286
21218,GRF000031002,2020-11-09,12.2723
21219,GRF000031002,2020-11-10,12.9078
21220,GRF000031002,2020-11-11,12.9211
21221,GRF000031002,2020-11-12,13.0074
21222,GRF000031002,2020-11-13,13.0074
21223,GRF000031002,2020-11-16,12.9852
21225,GRF000031002,2020-11-18,12.8562
21226,GRF000031002,2020-11-19,13.5449
21227,GRF000031002,2020-11-20,13.4326
21228,GRF000031002,2020-11-23,13.4326
21229,GRF000031002,2020-11-24,13.4375
21230,GRF000031002,2020-11-25,13.4375
21231,GRF000031002,2020-11-26,13.4771
21232,GRF000031002,2020-11-27,13.4771
21233,GRF000031002,2020-11-30,13.8222
21234,GRF000031002,2020-12-01,13.812
21235,GRF000031002,2020-12-02,14.0279
21236,GRF000031002,2020-12-03,14.0307
21237,GRF000031002,2020-12-04,12.6909
21238,GRF000031002,2020-12-07,14.3464
21239,GRF000031002,2020-12-08,14.3497
21240,GRF000031002,2020-12-09,14.3841
21241,GRF000031002,2020-12-10,14.3841
21242,GRF000031002,2020-12-11,14.3841
21243,GRF000031002,2020-12-14,14.2879
21244,GRF000031002,2020-12-15,14.2879
21245,GRF000031002,2020-12-16,14.2879
21246,GRF000031002,2020-12-17,14.3831
21247,GRF000031002,2020-12-18,14.4146
21248,GRF000031002,2020-12-21,14.4388
21249,GRF000031002,2020-12-22,14.4622
21251,GRF000031002,2020-12-24,14.2824
21250,GRF000031002,2020-12-23,14.2824
21252,GRF000031002,2020-12-28,14.2824
21253,GRF000031002,2020-12-29,14.5653
21254,GRF000031002,2020-12-30,14.5568
21255,GRF000031002,2020-12-31,14.3517
21256,GRF000031002,2021-01-01,14.5427
21257,GRF000031002,2021-01-04,14.5119
21258,GRF000031002,2021-01-05,14.5119
21259,GRF000031002,2021-01-06,14.5119
21260,GRF000031002,2021-01-07,14.5427
21261,GRF000031002,2021-01-08,14.5119
21262,GRF000031002,2021-01-11,14.5917
21263,GRF000031002,2021-01-12,14.5119
21264,GRF000031002,2021-01-13,14.3426
21265,GRF000031002,2021-01-14,14.3426
21266,GRF000031002,2021-01-15,14.579675
21267,GRF000031002,2021-01-18,14.5427
21268,GRF000031002,2021-01-19,14.2683
21269,GRF000031002,2021-01-20,14.2683
21270,GRF000031002,2021-01-21,14.4602
21271,GRF000031002,2021-01-22,14.4018
21272,GRF000031002,2021-01-25,14.2683
21273,GRF000031002,2021-01-26,14.4018
21274,GRF000031002,2021-01-27,14.6636
21275,GRF000031002,2021-01-28,14.5427
21276,GRF000031002,2021-01-29,14.3841
21277,GRF000031002,2021-02-01,14.3464
21278,GRF000031002,2021-02-02,14.3464
21279,GRF000031002,2021-02-03,14.0929
21280,GRF000031002,2021-02-04,14.1471
21282,GRF000031002,2021-02-08,14.1493
21281,GRF000031002,2021-02-05,14.1074
21284,GRF000031002,2021-02-10,14.1493
21283,GRF000031002,2021-02-09,14.1493
21285,GRF000031002,2021-02-11,14.1493
21286,GRF000031002,2021-02-12,14.2198
21287,GRF000031002,2021-02-15,14.2198
21288,GRF000031002,2021-02-16,14.2317
21289,GRF000031002,2021-02-17,14.379
21290,GRF000031002,2021-02-18,14.396
21291,GRF000031002,2021-02-19,14.2317
21292,GRF000031002,2021-02-22,14.1859
21293,GRF000031002,2021-02-23,14.1916
21294,GRF000031002,2021-02-24,14.1916
21296,GRF000031002,2021-02-26,14.1775
21295,GRF000031002,2021-02-25,14.1023
21308,GRF000032000,2020-03-17,11.6328
21307,GRF000032000,2020-03-16,11.9998
21309,GRF000032000,2020-03-18,11.6758
21310,GRF000032000,2020-03-19,11.3303
21311,GRF000032000,2020-03-20,11.5621
21312,GRF000032000,2020-03-23,11.5621
21313,GRF000032000,2020-03-24,11.634
21314,GRF000032000,2020-03-25,12.143
21315,GRF000032000,2020-03-26,12.817
21316,GRF000032000,2020-03-27,11.3303
21318,GRF000032000,2020-03-31,12.3261
21320,GRF000032000,2020-04-02,12.1579
21319,GRF000032000,2020-04-01,11.6758
21317,GRF000032000,2020-03-30,11.6758
21321,GRF000032000,2020-04-03,12.1804
21322,GRF000032000,2020-04-06,12.3971
21328,GRF000032000,2020-04-14,12.6637
21329,GRF000032000,2020-04-15,12.6644
21330,GRF000032000,2020-04-16,12.6637
21331,GRF000032000,2020-04-17,12.4902
21332,GRF000032000,2020-04-20,12.498
21333,GRF000032000,2020-04-21,12.5985
21335,GRF000032000,2020-04-23,12.5047
21336,GRF000032000,2020-04-24,12.5047
21337,GRF000032000,2020-04-27,12.4834
21338,GRF000032000,2020-04-28,12.6528
21325,GRF000032000,2020-04-09,12.5467
21339,GRF000032000,2020-04-29,12.7645
21340,GRF000032000,2020-04-30,12.9114
21341,GRF000032000,2020-05-01,12.9114
21342,GRF000032000,2020-05-04,12.7156
21324,GRF000032000,2020-04-08,12.406
21343,GRF000032000,2020-05-05,12.5279
21344,GRF000032000,2020-05-06,12.7645
21345,GRF000032000,2020-05-07,12.9114
21346,GRF000032000,2020-05-08,12.6084
21347,GRF000032000,2020-05-11,12.7156
21349,GRF000032000,2020-05-13,12.5279
21356,GRF000032000,2020-05-22,12.8015
21357,GRF000032000,2020-05-25,12.8078
21358,GRF000032000,2020-05-26,12.9525
21359,GRF000032000,2020-05-27,13.0254
21327,GRF000032000,2020-04-13,12.6644
21326,GRF000032000,2020-04-10,12.6651
21360,GRF000032000,2020-05-28,13.1628
21361,GRF000032000,2020-05-29,13.2638
21362,GRF000032000,2020-06-01,13.1623
21363,GRF000032000,2020-06-02,13.2258
21364,GRF000032000,2020-06-03,13.4172
21365,GRF000032000,2020-06-04,13.6731
21366,GRF000032000,2020-06-05,13.684
21367,GRF000032000,2020-06-08,13.9673
21368,GRF000032000,2020-06-09,13.59348
21369,GRF000032000,2020-06-10,13.8223
21370,GRF000032000,2020-06-11,13.7546
21371,GRF000032000,2020-06-12,13.4547
21372,GRF000032000,2020-06-15,13.4759
21373,GRF000032000,2020-06-16,13.4759
21374,GRF000032000,2020-06-17,13.4424
21375,GRF000032000,2020-06-18,13.7293
21376,GRF000032000,2020-06-19,13.6841
21378,GRF000032000,2020-06-23,13.7245
21377,GRF000032000,2020-06-22,13.7245
21379,GRF000032000,2020-06-24,13.7245
21380,GRF000032000,2020-06-25,13.668
21381,GRF000032000,2020-06-26,13.59348
21382,GRF000032000,2020-06-29,13.5987
21383,GRF000032000,2020-06-30,13.6576
21384,GRF000032000,2020-07-01,13.7245
21386,GRF000032000,2020-07-03,13.6533
21385,GRF000032000,2020-07-02,13.6533
21352,GRF000032000,2020-05-18,12.4688
21387,GRF000032000,2020-07-06,13.6533
21390,GRF000032000,2020-07-09,13.5987
21388,GRF000032000,2020-07-07,13.6533
21389,GRF000032000,2020-07-08,13.8525
21391,GRF000032000,2020-07-10,13.6841
21353,GRF000032000,2020-05-19,12.7156
21392,GRF000032000,2020-07-13,13.7245
21393,GRF000032000,2020-07-14,13.7245
21394,GRF000032000,2020-07-15,13.668
21395,GRF000032000,2020-07-16,13.9734
21396,GRF000032000,2020-07-17,13.8525
21397,GRF000032000,2020-07-20,13.6533
21399,GRF000032000,2020-07-22,14.0551
21398,GRF000032000,2020-07-21,13.7245
21400,GRF000032000,2020-07-23,13.9173
21401,GRF000032000,2020-07-24,14.0168
21403,GRF000032000,2020-07-28,13.7342
21402,GRF000032000,2020-07-27,13.9734
21404,GRF000032000,2020-07-29,13.9544
21405,GRF000032000,2020-07-30,13.842
21406,GRF000032000,2020-07-31,13.842
21407,GRF000032000,2020-08-03,13.9869
21408,GRF000032000,2020-08-04,13.6319
21409,GRF000032000,2020-08-05,13.668
21410,GRF000032000,2020-08-06,13.7245
21411,GRF000032000,2020-08-07,13.7245
21412,GRF000032000,2020-08-10,13.7192
21413,GRF000032000,2020-08-11,13.7192
21414,GRF000032000,2020-08-12,13.9139
21415,GRF000032000,2020-08-13,13.9831
21416,GRF000032000,2020-08-14,13.9831
21417,GRF000032000,2020-08-17,13.8525
21419,GRF000032000,2020-08-19,13.8524
21420,GRF000032000,2020-08-20,13.9173
21418,GRF000032000,2020-08-18,13.9332
21422,GRF000032000,2020-08-24,13.9734
21421,GRF000032000,2020-08-21,13.6449
21423,GRF000032000,2020-08-25,13.9173
21424,GRF000032000,2020-08-26,13.9638
21425,GRF000032000,2020-08-27,14.0168
21426,GRF000032000,2020-08-28,14.0551
21427,GRF000032000,2020-08-31,13.9024
21428,GRF000032000,2020-09-01,13.8701
21430,GRF000032000,2020-09-03,13.8414
21429,GRF000032000,2020-09-02,13.8626
21431,GRF000032000,2020-09-04,13.8495
21432,GRF000032000,2020-09-07,13.842
21433,GRF000032000,2020-09-08,13.8967
21434,GRF000032000,2020-09-09,13.954
21435,GRF000032000,2020-09-10,13.7208
21436,GRF000032000,2020-09-11,13.7429
21437,GRF000032000,2020-09-14,13.9024
21439,GRF000032000,2020-09-16,13.954
21438,GRF000032000,2020-09-15,13.8967
21440,GRF000032000,2020-09-17,13.8541
21442,GRF000032000,2020-09-21,13.8841
21441,GRF000032000,2020-09-18,13.9302
21443,GRF000032000,2020-09-22,13.6449
21444,GRF000032000,2020-09-23,13.9302
21452,GRF000032000,2020-10-05,13.5935
21447,GRF000032000,2020-09-28,13.4408
21445,GRF000032000,2020-09-24,13.3739
21451,GRF000032000,2020-10-02,13.5997
21454,GRF000032000,2020-10-07,13.6629
21453,GRF000032000,2020-10-06,13.5955
21449,GRF000032000,2020-09-30,13.636
21455,GRF000032000,2020-10-08,13.7066
21456,GRF000032000,2020-10-09,13.7066
21448,GRF000032000,2020-09-29,13.6615
21457,GRF000032000,2020-10-12,13.7636
21446,GRF000032000,2020-09-25,13.6654
21459,GRF000032000,2020-10-14,13.7971
21458,GRF000032000,2020-10-13,13.8419
21450,GRF000032000,2020-10-01,13.5997
21460,GRF000032000,2020-10-15,13.7564
21462,GRF000032000,2020-10-19,13.728
21463,GRF000032000,2020-10-20,13.7183
21461,GRF000032000,2020-10-16,13.6077
21464,GRF000032000,2020-10-21,13.7183
21465,GRF000032000,2020-10-22,13.5821
21466,GRF000032000,2020-10-23,13.5821
21467,GRF000032000,2020-10-26,13.6276
21468,GRF000032000,2020-10-27,13.4192
21477,GRF000032000,2020-11-09,13.6006
21478,GRF000032000,2020-11-10,14.0942
21480,GRF000032000,2020-11-12,14.2452
21479,GRF000032000,2020-11-11,14.1981
21482,GRF000032000,2020-11-16,14.1668
21483,GRF000032000,2020-11-17,14.1668
21481,GRF000032000,2020-11-13,14.2452
21484,GRF000032000,2020-11-18,14.1668
21485,GRF000032000,2020-11-19,14.2587
21487,GRF000032000,2020-11-23,14.0168
21469,GRF000032000,2020-10-28,13.4192
21489,GRF000032000,2020-11-25,14.4019
21490,GRF000032000,2020-11-26,14.4019
21491,GRF000032000,2020-11-27,14.4061
21492,GRF000032000,2020-11-30,14.4061
21493,GRF000032000,2020-12-01,13.8495
21495,GRF000032000,2020-12-03,14.3577
21494,GRF000032000,2020-12-02,14.3577
21496,GRF000032000,2020-12-04,14.4324
21497,GRF000032000,2020-12-07,14.4367
21498,GRF000032000,2020-12-08,14.4632
21499,GRF000032000,2020-12-09,14.4632
21500,GRF000032000,2020-12-10,14.4632
21501,GRF000032000,2020-12-11,14.4632
21502,GRF000032000,2020-12-14,14.423
21503,GRF000032000,2020-12-15,14.4072
21504,GRF000032000,2020-12-16,14.4378
21505,GRF000032000,2020-12-17,13.6449
21507,GRF000032000,2020-12-21,13.7208
21508,GRF000032000,2020-12-22,13.7666
21506,GRF000032000,2020-12-18,14.4562
21509,GRF000032000,2020-12-23,14.455
21510,GRF000032000,2020-12-24,14.4339
21511,GRF000032000,2020-12-28,14.443
21513,GRF000032000,2020-12-30,14.2443
21512,GRF000032000,2020-12-29,14.52
21514,GRF000032000,2020-12-31,14.3498
21515,GRF000032000,2021-01-01,14.4339
21516,GRF000032000,2021-01-04,14.443
21518,GRF000032000,2021-01-06,14.52
21517,GRF000032000,2021-01-05,14.5098
21519,GRF000032000,2021-01-07,14.4929
21520,GRF000032000,2021-01-08,14.662
21521,GRF000032000,2021-01-11,14.7036
21522,GRF000032000,2021-01-12,14.6481
21523,GRF000032000,2021-01-13,14.6297
21524,GRF000032000,2021-01-14,14.6415
21525,GRF000032000,2021-01-15,14.6939
21526,GRF000032000,2021-01-18,14.7036
21527,GRF000032000,2021-01-19,14.7036
21528,GRF000032000,2021-01-20,14.3498
21529,GRF000032000,2021-01-21,14.6434
21530,GRF000032000,2021-01-22,14.4339
21531,GRF000032000,2021-01-25,14.583
21533,GRF000032000,2021-01-27,14.5588
21536,GRF000032000,2021-02-01,14.4788
21535,GRF000032000,2021-01-29,14.4788
21532,GRF000032000,2021-01-26,14.4712
21538,GRF000032000,2021-02-03,14.6251
21541,GRF000032000,2021-02-08,14.6695
21540,GRF000032000,2021-02-05,14.6426
21539,GRF000032000,2021-02-04,14.5921
21542,GRF000032000,2021-02-09,14.6979
21543,GRF000032000,2021-02-10,14.6853
21546,GRF000032000,2021-02-15,14.7535
21545,GRF000032000,2021-02-12,14.6588
21547,GRF000032000,2021-02-16,14.8483
21548,GRF000032000,2021-02-17,14.8305
21552,GRF000032000,2021-02-23,14.7232
21554,GRF000032000,2021-02-25,14.7686
21553,GRF000032000,2021-02-24,14.7686
21556,GRF000034006,2020-03-02,8.2248
21555,GRF000032000,2021-02-26,14.7562
21558,GRF000034006,2020-03-04,8.3799
21559,GRF000034006,2020-03-05,8.4016
21560,GRF000034006,2020-03-06,8.2713
21561,GRF000034006,2020-03-09,8.1101
21563,GRF000034006,2020-03-11,7.7159
21562,GRF000034006,2020-03-10,7.7159
21564,GRF000034006,2020-03-12,7.8368
21565,GRF000034006,2020-03-13,7.5397
21566,GRF000034006,2020-03-16,7.8368
21567,GRF000034006,2020-03-17,7.1968
21570,GRF000034006,2020-03-20,7.3276
21573,GRF000034006,2020-03-25,7.4015
21574,GRF000034006,2020-03-26,7.2655
21575,GRF000034006,2020-03-27,6.9213
21576,GRF000034006,2020-03-30,7.2596
21581,GRF000034006,2020-04-06,7.5131
21582,GRF000034006,2020-04-07,7.6374
21583,GRF000034006,2020-04-08,7.7173
21578,GRF000034006,2020-04-01,8.3017
21584,GRF000034006,2020-04-09,7.7261
21585,GRF000034006,2020-04-10,7.7349
21586,GRF000034006,2020-04-13,7.7349
21587,GRF000034006,2020-04-14,7.7354
21588,GRF000034006,2020-04-15,7.7856
21579,GRF000034006,2020-04-02,6.9213
21589,GRF000034006,2020-04-16,7.6974
21590,GRF000034006,2020-04-17,7.6868
21591,GRF000034006,2020-04-20,7.6974
21592,GRF000034006,2020-04-21,7.7281
21593,GRF000034006,2020-04-22,7.7267
21594,GRF000034006,2020-04-23,7.5779
21596,GRF000034006,2020-04-27,7.5682
21595,GRF000034006,2020-04-24,7.5682
21597,GRF000034006,2020-04-28,7.5779
21598,GRF000034006,2020-04-29,7.5682
21601,GRF000034006,2020-05-04,7.7646
21602,GRF000034006,2020-05-05,7.7454
21600,GRF000034006,2020-05-01,7.7646
21599,GRF000034006,2020-04-30,7.7734
21603,GRF000034006,2020-05-06,7.701
21605,GRF000034006,2020-05-08,7.701
21604,GRF000034006,2020-05-07,7.701
21606,GRF000034006,2020-05-11,7.68
21608,GRF000034006,2020-05-13,7.656
21607,GRF000034006,2020-05-12,7.656
21609,GRF000034006,2020-05-14,7.7365
21610,GRF000034006,2020-05-15,7.7365
21611,GRF000034006,2020-05-18,7.6844
21612,GRF000034006,2020-05-19,7.7584
21613,GRF000034006,2020-05-20,7.761
21614,GRF000034006,2020-05-21,7.682
21615,GRF000034006,2020-05-22,7.682
21616,GRF000034006,2020-05-25,7.8253
21617,GRF000034006,2020-05-26,7.8822
21618,GRF000034006,2020-05-27,7.9242
21619,GRF000034006,2020-05-28,7.8822
21620,GRF000034006,2020-05-29,8.0574
21622,GRF000034006,2020-06-02,8.0422
21621,GRF000034006,2020-06-01,8.0574
21623,GRF000034006,2020-06-03,8.0952
21625,GRF000034006,2020-06-05,8.1235
21624,GRF000034006,2020-06-04,8.0422
21626,GRF000034006,2020-06-08,8.1818
21627,GRF000034006,2020-06-09,8.11058
21628,GRF000034006,2020-06-10,8.1413
21629,GRF000034006,2020-06-11,8.0934
21630,GRF000034006,2020-06-12,8.0934
21631,GRF000034006,2020-06-15,8.0134
21632,GRF000034006,2020-06-16,8.0405
21633,GRF000034006,2020-06-17,8.0405
21634,GRF000034006,2020-06-18,8.1671
21635,GRF000034006,2020-06-19,8.1235
21636,GRF000034006,2020-06-22,8.1818
21637,GRF000034006,2020-06-23,8.1106
21638,GRF000034006,2020-06-24,8.1755
21639,GRF000034006,2020-06-25,8.1538
21641,GRF000034006,2020-06-29,8.1538
21640,GRF000034006,2020-06-26,8.0974
21642,GRF000034006,2020-06-30,8.1413
21643,GRF000034006,2020-07-01,8.0614
21644,GRF000034006,2020-07-02,8.1031
21645,GRF000034006,2020-07-03,8.0848
21646,GRF000034006,2020-07-06,8.1031
21647,GRF000034006,2020-07-07,8.172
21648,GRF000034006,2020-07-08,8.1353
21649,GRF000034006,2020-07-09,8.127
21650,GRF000034006,2020-07-10,7.6711
21651,GRF000034006,2020-07-13,8.0961
21652,GRF000034006,2020-07-14,8.0856
21653,GRF000034006,2020-07-15,8.0694
21654,GRF000034006,2020-07-16,8.0694
21655,GRF000034006,2020-07-17,8.1012
21656,GRF000034006,2020-07-20,8.131
21657,GRF000034006,2020-07-21,8.1795
21658,GRF000034006,2020-07-22,8.1795
21659,GRF000034006,2020-07-23,8.1353
21661,GRF000034006,2020-07-27,8.0961
21660,GRF000034006,2020-07-24,8.1317
21662,GRF000034006,2020-07-28,8.0961
21663,GRF000034006,2020-07-29,8.0856
21665,GRF000034006,2020-07-31,8.091
21664,GRF000034006,2020-07-30,8.0694
21666,GRF000034006,2020-08-03,8.1031
21667,GRF000034006,2020-08-04,8.1876
21668,GRF000034006,2020-08-05,8.1829
21669,GRF000034006,2020-08-06,8.172
21670,GRF000034006,2020-08-07,8.1353
21671,GRF000034006,2020-08-10,8.127
21673,GRF000034006,2020-08-12,8.0961
21672,GRF000034006,2020-08-11,8.1317
21674,GRF000034006,2020-08-13,8.0856
21675,GRF000034006,2020-08-14,8.0694
21676,GRF000034006,2020-08-17,8.1056
21677,GRF000034006,2020-08-18,8.1012
21678,GRF000034006,2020-08-19,8.131
21679,GRF000034006,2020-08-20,8.0826
21680,GRF000034006,2020-08-21,8.1135
21681,GRF000034006,2020-08-24,8.1255
21682,GRF000034006,2020-08-25,8.0826
21683,GRF000034006,2020-08-26,8.1255
21685,GRF000034006,2020-08-28,8.1162
21684,GRF000034006,2020-08-27,8.1135
21686,GRF000034006,2020-08-31,8.1162
21687,GRF000034006,2020-09-01,8.1485
21688,GRF000034006,2020-09-02,8.132
21689,GRF000034006,2020-09-03,8.1542
21694,GRF000034006,2020-09-10,8.1296
21695,GRF000034006,2020-09-11,8.1232
21696,GRF000034006,2020-09-14,8.1638
21697,GRF000034006,2020-09-15,8.1638
21698,GRF000034006,2020-09-16,8.1466
21690,GRF000034006,2020-09-04,7.9263
21699,GRF000034006,2020-09-17,8.1011
21706,GRF000034006,2020-09-28,8.1111
21705,GRF000034006,2020-09-25,8.091
21710,GRF000034006,2020-10-02,8.1645
21709,GRF000034006,2020-10-01,8.1291
21707,GRF000034006,2020-09-29,8.0999
21711,GRF000034006,2020-10-05,8.1699
21712,GRF000034006,2020-10-06,8.1936
21714,GRF000034006,2020-10-08,8.1056
21713,GRF000034006,2020-10-07,8.2264
21715,GRF000034006,2020-10-09,8.1353
21716,GRF000034006,2020-10-12,8.2666
21691,GRF000034006,2020-09-07,8.1595
21719,GRF000034006,2020-10-15,8.1364
21720,GRF000034006,2020-10-16,8.1169
21721,GRF000034006,2020-10-19,8.117
21722,GRF000034006,2020-10-20,8.1592
21723,GRF000034006,2020-10-21,8.0999
21724,GRF000034006,2020-10-22,8.1243
21725,GRF000034006,2020-10-23,8.1218
21726,GRF000034006,2020-10-26,8.1291
21728,GRF000034006,2020-10-28,8.1569
21727,GRF000034006,2020-10-27,8.1645
21729,GRF000034006,2020-10-29,8.1569
21733,GRF000034006,2020-11-04,8.0411
21734,GRF000034006,2020-11-05,8.0588
21735,GRF000034006,2020-11-06,8.0726
21736,GRF000034006,2020-11-09,8.0661
21737,GRF000034006,2020-11-10,8.3051
21739,GRF000034006,2020-11-12,8.3051
21738,GRF000034006,2020-11-11,8.3051
21740,GRF000034006,2020-11-13,8.3313
21741,GRF000034006,2020-11-16,8.3405
21742,GRF000034006,2020-11-17,8.4711
21743,GRF000034006,2020-11-18,8.1364
21744,GRF000034006,2020-11-19,8.5434
21745,GRF000034006,2020-11-20,8.5065
21746,GRF000034006,2020-11-23,8.5034
21747,GRF000034006,2020-11-24,8.5098
21748,GRF000034006,2020-11-25,8.5125
21749,GRF000034006,2020-11-26,8.5065
21750,GRF000034006,2020-11-27,8.5979
21751,GRF000034006,2020-11-30,8.6296
21752,GRF000034006,2020-12-01,8.6256
21753,GRF000034006,2020-12-02,8.7084
21754,GRF000034006,2020-12-03,8.7084
21755,GRF000034006,2020-12-04,8.7422
21756,GRF000034006,2020-12-07,8.8125
21760,GRF000034006,2020-12-11,8.7773
21761,GRF000034006,2020-12-14,8.8015
21784,GRF000034006,2021-01-15,8.8394
21786,GRF000034006,2021-01-19,8.9368
21785,GRF000034006,2021-01-18,8.8323
21790,GRF000034006,2021-01-25,8.796
21791,GRF000034006,2021-01-26,8.7431
21783,GRF000034006,2021-01-14,8.8694
21792,GRF000034006,2021-01-27,8.7538
21802,GRF000034006,2021-02-10,8.8078
21795,GRF000034006,2021-02-01,8.7091
21804,GRF000034006,2021-02-12,8.801
21803,GRF000034006,2021-02-11,8.7623
21805,GRF000034006,2021-02-15,8.8045
21806,GRF000034006,2021-02-16,8.8671
21807,GRF000034006,2021-02-17,8.8636
21809,GRF000034006,2021-02-19,8.8067
21808,GRF000034006,2021-02-18,8.8338
21810,GRF000034006,2021-02-22,8.8338
21811,GRF000034006,2021-02-23,8.8067
21812,GRF000034006,2021-02-24,8.9024
21813,GRF000034006,2021-02-25,8.801
21814,GRF000034006,2021-02-26,8.801
21797,GRF000034006,2021-02-03,8.7577
21824,GRF000036001,2020-03-13,11.7596
21823,GRF000036001,2020-03-12,11.7596
21825,GRF000036001,2020-03-16,11.313
21826,GRF000036001,2020-03-17,11.7596
21836,GRF000036001,2020-03-31,11.3581
21837,GRF000036001,2020-04-01,11.4805
21838,GRF000036001,2020-04-02,11.3216
21839,GRF000036001,2020-04-03,11.3401
21840,GRF000036001,2020-04-06,11.3349
21841,GRF000036001,2020-04-07,11.5176
21842,GRF000036001,2020-04-08,11.6521
21843,GRF000036001,2020-04-09,11.6626
21844,GRF000036001,2020-04-10,11.7538
21845,GRF000036001,2020-04-13,11.7535
21835,GRF000036001,2020-03-30,11.3581
21846,GRF000036001,2020-04-14,11.7515
21847,GRF000036001,2020-04-15,11.8075
21848,GRF000036001,2020-04-16,11.7515
21849,GRF000036001,2020-04-17,11.7809
21850,GRF000036001,2020-04-20,11.7584
21851,GRF000036001,2020-04-21,11.7538
21852,GRF000036001,2020-04-22,11.727
21853,GRF000036001,2020-04-23,11.7742
21854,GRF000036001,2020-04-24,11.8568
21855,GRF000036001,2020-04-27,11.8541
21856,GRF000036001,2020-04-28,11.8541
21857,GRF000036001,2020-04-29,11.9934
21858,GRF000036001,2020-04-30,12.0791
21859,GRF000036001,2020-05-01,12.0319
21860,GRF000036001,2020-05-04,11.98108
21861,GRF000036001,2020-05-05,11.8641
21862,GRF000036001,2020-05-06,11.9934
21863,GRF000036001,2020-05-07,11.9934
21864,GRF000036001,2020-05-08,11.8541
21865,GRF000036001,2020-05-11,12.0667
21866,GRF000036001,2020-05-12,12.0981
21867,GRF000036001,2020-05-13,12.0981
21868,GRF000036001,2020-05-14,12.0667
21869,GRF000036001,2020-05-15,11.9719
21870,GRF000036001,2020-05-18,11.8541
21871,GRF000036001,2020-05-19,12.0892
21872,GRF000036001,2020-05-20,12.0948
21873,GRF000036001,2020-05-21,12.1137
21874,GRF000036001,2020-05-22,12.1056
21876,GRF000036001,2020-05-26,12.1617
21875,GRF000036001,2020-05-25,12.1146
21878,GRF000036001,2020-05-28,11.9469
21877,GRF000036001,2020-05-27,12.1971
21879,GRF000036001,2020-05-29,12.2501
21880,GRF000036001,2020-06-01,12.2501
21881,GRF000036001,2020-06-02,12.2163
21882,GRF000036001,2020-06-03,12.265
21883,GRF000036001,2020-06-04,12.3337
21884,GRF000036001,2020-06-05,12.265
21885,GRF000036001,2020-06-08,12.3931
21886,GRF000036001,2020-06-09,12.30372
21887,GRF000036001,2020-06-10,12.3931
21888,GRF000036001,2020-06-11,12.30372
21889,GRF000036001,2020-06-12,12.3105
21890,GRF000036001,2020-06-15,12.3105
21891,GRF000036001,2020-06-16,12.0892
21892,GRF000036001,2020-06-17,12.334
21893,GRF000036001,2020-06-18,12.3706
21894,GRF000036001,2020-06-19,12.36
21895,GRF000036001,2020-06-22,12.3925
21896,GRF000036001,2020-06-23,12.359
21897,GRF000036001,2020-06-24,12.3925
21898,GRF000036001,2020-06-25,12.3925
21899,GRF000036001,2020-06-26,12.1764
21900,GRF000036001,2020-06-29,12.334
21901,GRF000036001,2020-06-30,12.334
21902,GRF000036001,2020-07-01,12.30372
21903,GRF000036001,2020-07-02,12.3643
21904,GRF000036001,2020-07-03,12.4314
21905,GRF000036001,2020-07-06,12.4332
21906,GRF000036001,2020-07-07,12.4713
21907,GRF000036001,2020-07-08,12.4793
21908,GRF000036001,2020-07-09,12.1137
21909,GRF000036001,2020-07-10,12.4544
21910,GRF000036001,2020-07-13,12.4544
21912,GRF000036001,2020-07-15,12.4201
21911,GRF000036001,2020-07-14,12.334
21913,GRF000036001,2020-07-16,12.1056
21914,GRF000036001,2020-07-17,12.4583
21915,GRF000036001,2020-07-20,12.4793
21916,GRF000036001,2020-07-21,12.5311
21917,GRF000036001,2020-07-22,12.4834
21918,GRF000036001,2020-07-23,12.4201
21919,GRF000036001,2020-07-24,12.4938
21920,GRF000036001,2020-07-27,12.4932
21921,GRF000036001,2020-07-28,12.4834
21922,GRF000036001,2020-07-29,12.4074
21923,GRF000036001,2020-07-30,11.2903
21924,GRF000036001,2020-07-31,12.3668
21925,GRF000036001,2020-08-03,12.3555
21926,GRF000036001,2020-08-04,12.4231
21927,GRF000036001,2020-08-05,12.4231
21928,GRF000036001,2020-08-06,12.4449
21929,GRF000036001,2020-08-07,12.4556
21930,GRF000036001,2020-08-10,12.4819
21932,GRF000036001,2020-08-12,12.4978
21931,GRF000036001,2020-08-11,12.4819
21933,GRF000036001,2020-08-13,12.5209
21934,GRF000036001,2020-08-14,12.547
21935,GRF000036001,2020-08-17,12.5297
21936,GRF000036001,2020-08-18,12.5327
21937,GRF000036001,2020-08-19,12.5297
21938,GRF000036001,2020-08-20,12.5387
21939,GRF000036001,2020-08-21,12.5316
21940,GRF000036001,2020-08-24,12.5612
21941,GRF000036001,2020-08-25,12.603
21942,GRF000036001,2020-08-26,12.5316
21943,GRF000036001,2020-08-27,12.662
21944,GRF000036001,2020-08-28,12.7006
21945,GRF000036001,2020-08-31,12.6661
21946,GRF000036001,2020-09-01,12.6661
21947,GRF000036001,2020-09-02,12.6661
21948,GRF000036001,2020-09-03,12.6661
21949,GRF000036001,2020-09-04,12.7023
21950,GRF000036001,2020-09-07,12.6661
21951,GRF000036001,2020-09-08,12.5957
21954,GRF000036001,2020-09-11,12.4083
21955,GRF000036001,2020-09-14,12.4083
21956,GRF000036001,2020-09-15,12.4083
21957,GRF000036001,2020-09-16,12.5952
21966,GRF000036001,2020-09-29,12.4687
21962,GRF000036001,2020-09-23,12.4723
21967,GRF000036001,2020-09-30,12.4687
21968,GRF000036001,2020-10-01,12.5687
21970,GRF000036001,2020-10-05,12.5858
21969,GRF000036001,2020-10-02,12.5687
21971,GRF000036001,2020-10-06,12.5742
21972,GRF000036001,2020-10-07,12.5943
21973,GRF000036001,2020-10-08,12.5943
21974,GRF000036001,2020-10-09,12.6661
21975,GRF000036001,2020-10-12,12.5943
21976,GRF000036001,2020-10-13,12.6661
21977,GRF000036001,2020-10-14,12.6661
21979,GRF000036001,2020-10-16,12.6661
21978,GRF000036001,2020-10-15,12.6661
21980,GRF000036001,2020-10-19,12.7569
21981,GRF000036001,2020-10-20,12.7253
21982,GRF000036001,2020-10-21,12.6659
21983,GRF000036001,2020-10-22,12.6421
21984,GRF000036001,2020-10-23,12.6311
21985,GRF000036001,2020-10-26,12.6425
21986,GRF000036001,2020-10-27,12.5809
21987,GRF000036001,2020-10-28,12.5809
21988,GRF000036001,2020-10-29,12.5952
21989,GRF000036001,2020-10-30,12.5613
21990,GRF000036001,2020-11-02,12.5415
21992,GRF000036001,2020-11-04,12.4687
21991,GRF000036001,2020-11-03,12.5166
21993,GRF000036001,2020-11-05,12.5687
21994,GRF000036001,2020-11-06,12.6661
21995,GRF000036001,2020-11-09,12.6482
21996,GRF000036001,2020-11-10,12.7386
21997,GRF000036001,2020-11-11,12.5415
21999,GRF000036001,2020-11-13,12.8422
21998,GRF000036001,2020-11-12,12.7569
22000,GRF000036001,2020-11-16,12.8405
22001,GRF000036001,2020-11-17,12.8998
22002,GRF000036001,2020-11-18,12.8998
22003,GRF000036001,2020-11-19,12.8791
22004,GRF000036001,2020-11-20,12.858
22005,GRF000036001,2020-11-23,12.8998
22006,GRF000036001,2020-11-24,12.8682
22007,GRF000036001,2020-11-25,12.8682
22010,GRF000036001,2020-11-30,12.9185
22008,GRF000036001,2020-11-26,12.9175
22009,GRF000036001,2020-11-27,12.9185
22011,GRF000036001,2020-12-01,12.9185
22012,GRF000036001,2020-12-02,12.9223
22013,GRF000036001,2020-12-03,12.9223
22014,GRF000036001,2020-12-04,12.8894
22015,GRF000036001,2020-12-07,12.9075
22016,GRF000036001,2020-12-08,12.9075
22017,GRF000036001,2020-12-09,12.9075
22018,GRF000036001,2020-12-10,12.9333
22019,GRF000036001,2020-12-11,12.9333
22020,GRF000036001,2020-12-14,12.9215
22021,GRF000036001,2020-12-15,12.9075
22022,GRF000036001,2020-12-16,12.9151
22023,GRF000036001,2020-12-17,12.9564
22024,GRF000036001,2020-12-18,12.9465
22025,GRF000036001,2020-12-21,12.9333
22026,GRF000036001,2020-12-22,12.9151
22027,GRF000036001,2020-12-23,12.9314
22028,GRF000036001,2020-12-24,12.9314
22030,GRF000036001,2020-12-29,12.9644
22029,GRF000036001,2020-12-28,13.0105
22031,GRF000036001,2020-12-30,13.0403
22032,GRF000036001,2020-12-31,13.0341
22033,GRF000036001,2021-01-01,13.0433
22034,GRF000036001,2021-01-04,13.0401
22035,GRF000036001,2021-01-05,13.0561
22036,GRF000036001,2021-01-06,13.03358
22037,GRF000036001,2021-01-07,13.03358
22039,GRF000036001,2021-01-11,12.9075
22038,GRF000036001,2021-01-08,13.03358
22040,GRF000036001,2021-01-12,12.9075
22041,GRF000036001,2021-01-13,12.9075
22042,GRF000036001,2021-01-14,12.9075
22043,GRF000036001,2021-01-15,12.9075
22044,GRF000036001,2021-01-18,12.9075
22045,GRF000036001,2021-01-19,13.2673
22047,GRF000036001,2021-01-21,13.2861
22046,GRF000036001,2021-01-20,13.2673
22048,GRF000036001,2021-01-22,13.2803
22049,GRF000036001,2021-01-25,13.3214
22050,GRF000036001,2021-01-26,13.3286
22051,GRF000036001,2021-01-27,13.309
22052,GRF000036001,2021-01-28,13.309
22053,GRF000036001,2021-01-29,13.2042
22054,GRF000036001,2021-02-01,13.1354
22055,GRF000036001,2021-02-02,13.1354
22056,GRF000036001,2021-02-03,13.1354
22057,GRF000036001,2021-02-04,13.2042
22059,GRF000036001,2021-02-08,13.3194
22058,GRF000036001,2021-02-05,13.309
22060,GRF000036001,2021-02-09,13.4262
22061,GRF000036001,2021-02-10,13.4262
22062,GRF000036001,2021-02-11,13.3194
22063,GRF000036001,2021-02-12,13.4328
22064,GRF000036001,2021-02-15,13.3194
22065,GRF000036001,2021-02-16,13.3194
22074,GRF000037009,2020-03-02,3.4327
22067,GRF000036001,2021-02-18,13.4567
22066,GRF000036001,2021-02-17,13.4997
22068,GRF000036001,2021-02-19,13.4348
22069,GRF000036001,2021-02-22,13.4442
22070,GRF000036001,2021-02-23,13.3934
22071,GRF000036001,2021-02-24,13.3398
22072,GRF000036001,2021-02-25,13.3668
22073,GRF000036001,2021-02-26,13.327
22076,GRF000037009,2020-03-04,3.2504
22077,GRF000037009,2020-03-05,3.2645
22078,GRF000037009,2020-03-06,3.0856
22079,GRF000037009,2020-03-09,3.2504
22083,GRF000037009,2020-03-13,2.3297
22084,GRF000037009,2020-03-16,2.3297
22085,GRF000037009,2020-03-17,2.1111
22086,GRF000037009,2020-03-18,2.1111
22088,GRF000037009,2020-03-20,3.1349
22094,GRF000037009,2020-03-30,2.4739
22099,GRF000037009,2020-04-06,2.3321
22098,GRF000037009,2020-04-03,2.3321
22100,GRF000037009,2020-04-07,2.5153
22097,GRF000037009,2020-04-02,2.3202
22106,GRF000037009,2020-04-15,2.7006
22108,GRF000037009,2020-04-17,2.7006
22107,GRF000037009,2020-04-16,2.6186
22109,GRF000037009,2020-04-20,2.6118
22089,GRF000037009,2020-03-23,2.1111
22110,GRF000037009,2020-04-21,2.6326
22111,GRF000037009,2020-04-22,2.5486
22112,GRF000037009,2020-04-23,2.5486
22113,GRF000037009,2020-04-24,2.6306
22114,GRF000037009,2020-04-27,2.6118
22115,GRF000037009,2020-04-28,2.4105
22117,GRF000037009,2020-04-30,2.767
22118,GRF000037009,2020-05-01,2.7049
22119,GRF000037009,2020-05-04,2.7047
22120,GRF000037009,2020-05-05,2.6144
22121,GRF000037009,2020-05-06,2.6118
22124,GRF000037009,2020-05-11,2.6033
22125,GRF000037009,2020-05-12,2.5755
22127,GRF000037009,2020-05-14,2.5755
22126,GRF000037009,2020-05-13,2.5724
22128,GRF000037009,2020-05-15,2.5913
22129,GRF000037009,2020-05-18,2.6256
22131,GRF000037009,2020-05-20,2.5905
22132,GRF000037009,2020-05-21,2.6308
22137,GRF000037009,2020-05-28,2.836
22138,GRF000037009,2020-05-29,2.8534
22139,GRF000037009,2020-06-01,2.7992
22140,GRF000037009,2020-06-02,2.8309
22141,GRF000037009,2020-06-03,2.8309
22142,GRF000037009,2020-06-04,2.914
22143,GRF000037009,2020-06-05,2.8936
22144,GRF000037009,2020-06-08,2.9569
22145,GRF000037009,2020-06-09,2.89762
22146,GRF000037009,2020-06-10,2.89762
22147,GRF000037009,2020-06-11,2.8595
22148,GRF000037009,2020-06-12,2.7721
22151,GRF000037009,2020-06-17,2.9078
22149,GRF000037009,2020-06-15,2.7803
22150,GRF000037009,2020-06-16,2.7839
22152,GRF000037009,2020-06-18,2.8906
22153,GRF000037009,2020-06-19,2.8906
22154,GRF000037009,2020-06-22,2.8435
22155,GRF000037009,2020-06-23,2.8685
22156,GRF000037009,2020-06-24,2.9066
22157,GRF000037009,2020-06-25,2.9066
22158,GRF000037009,2020-06-26,2.9066
22159,GRF000037009,2020-06-29,2.7786
22160,GRF000037009,2020-06-30,2.9066
22161,GRF000037009,2020-07-01,2.7719
22162,GRF000037009,2020-07-02,2.6256
22163,GRF000037009,2020-07-03,2.8795
22164,GRF000037009,2020-07-06,2.8659
22165,GRF000037009,2020-07-07,2.9066
22166,GRF000037009,2020-07-08,2.9066
22167,GRF000037009,2020-07-09,2.789
22168,GRF000037009,2020-07-10,2.7885
22169,GRF000037009,2020-07-13,2.7719
22170,GRF000037009,2020-07-14,2.7719
22172,GRF000037009,2020-07-16,2.782
22171,GRF000037009,2020-07-15,2.7491
22174,GRF000037009,2020-07-20,2.8119
22173,GRF000037009,2020-07-17,2.8795
22175,GRF000037009,2020-07-21,2.8598
22176,GRF000037009,2020-07-22,2.8021
22177,GRF000037009,2020-07-23,2.77
22178,GRF000037009,2020-07-24,2.8104
22179,GRF000037009,2020-07-27,2.7823
22180,GRF000037009,2020-07-28,2.7465
22181,GRF000037009,2020-07-29,2.8659
22182,GRF000037009,2020-07-30,2.7823
22183,GRF000037009,2020-07-31,2.8104
22184,GRF000037009,2020-08-03,2.7141
22185,GRF000037009,2020-08-04,2.6998
22186,GRF000037009,2020-08-05,2.5838
22187,GRF000037009,2020-08-06,2.5925
22188,GRF000037009,2020-08-07,2.802
22189,GRF000037009,2020-08-10,2.5913
22192,GRF000037009,2020-08-13,2.802
22190,GRF000037009,2020-08-11,2.753
22191,GRF000037009,2020-08-12,2.7361
22193,GRF000037009,2020-08-14,2.7823
22194,GRF000037009,2020-08-17,2.7691
22195,GRF000037009,2020-08-18,2.7719
22196,GRF000037009,2020-08-19,2.8066
22197,GRF000037009,2020-08-20,2.8173
22199,GRF000037009,2020-08-24,2.753
22198,GRF000037009,2020-08-21,2.7691
22200,GRF000037009,2020-08-25,2.753
22201,GRF000037009,2020-08-26,2.802
22202,GRF000037009,2020-08-27,2.7786
22203,GRF000037009,2020-08-28,2.7653
22204,GRF000037009,2020-08-31,2.7722
22205,GRF000037009,2020-09-01,2.7691
22206,GRF000037009,2020-09-02,2.7803
22207,GRF000037009,2020-09-03,2.7803
22208,GRF000037009,2020-09-04,2.7788
22209,GRF000037009,2020-09-07,2.794
22212,GRF000037009,2020-09-10,2.765
22210,GRF000037009,2020-09-08,2.8035
22211,GRF000037009,2020-09-09,2.747
22213,GRF000037009,2020-09-11,2.7788
22216,GRF000037009,2020-09-16,2.9023
22215,GRF000037009,2020-09-15,2.8901
22214,GRF000037009,2020-09-14,2.7691
22217,GRF000037009,2020-09-17,2.9023
22218,GRF000037009,2020-09-18,2.7788
22219,GRF000037009,2020-09-21,2.8792
22220,GRF000037009,2020-09-22,2.7559
22221,GRF000037009,2020-09-23,2.7301
22222,GRF000037009,2020-09-24,2.7206
22223,GRF000037009,2020-09-25,2.7119
22224,GRF000037009,2020-09-28,2.7027
22225,GRF000037009,2020-09-29,2.753
22226,GRF000037009,2020-09-30,2.753
22227,GRF000037009,2020-10-01,2.7914
22228,GRF000037009,2020-10-02,2.802
22229,GRF000037009,2020-10-05,2.7628
22230,GRF000037009,2020-10-06,2.7994
22232,GRF000037009,2020-10-08,2.8309
22231,GRF000037009,2020-10-07,2.8413
22233,GRF000037009,2020-10-09,2.8309
22234,GRF000037009,2020-10-12,2.8708
22236,GRF000037009,2020-10-14,2.7141
22235,GRF000037009,2020-10-13,2.807
22237,GRF000037009,2020-10-15,2.7637
22238,GRF000037009,2020-10-16,2.7722
22239,GRF000037009,2020-10-19,2.7691
22240,GRF000037009,2020-10-20,2.7934
22241,GRF000037009,2020-10-21,2.7508
22242,GRF000037009,2020-10-22,2.7368
22243,GRF000037009,2020-10-23,2.6888
22244,GRF000037009,2020-10-26,2.7034
22245,GRF000037009,2020-10-27,2.6302
22246,GRF000037009,2020-10-28,2.6312
22247,GRF000037009,2020-10-29,2.6781
22248,GRF000037009,2020-10-30,2.7361
22252,GRF000037009,2020-11-05,2.6115
22251,GRF000037009,2020-11-04,2.5985
22253,GRF000037009,2020-11-06,2.5077
22250,GRF000037009,2020-11-03,2.6804
22254,GRF000037009,2020-11-09,2.5077
22249,GRF000037009,2020-11-02,2.5077
22258,GRF000037009,2020-11-13,2.8358
22257,GRF000037009,2020-11-12,2.9192
22256,GRF000037009,2020-11-11,2.8175
22259,GRF000037009,2020-11-16,2.9117
22260,GRF000037009,2020-11-17,3.0583
22261,GRF000037009,2020-11-18,3.0583
22255,GRF000037009,2020-11-10,2.7139
22262,GRF000037009,2020-11-19,3.1297
22263,GRF000037009,2020-11-20,3.0928
22264,GRF000037009,2020-11-23,3.0893
22265,GRF000037009,2020-11-24,3.0894
22266,GRF000037009,2020-11-25,3.0966
22267,GRF000037009,2020-11-26,3.1085
22268,GRF000037009,2020-11-27,3.1989
22270,GRF000037009,2020-12-01,3.2235
22269,GRF000037009,2020-11-30,3.2361
22271,GRF000037009,2020-12-02,3.2235
22274,GRF000037009,2020-12-07,3.4422
22272,GRF000037009,2020-12-03,3.2361
22273,GRF000037009,2020-12-04,3.1989
22275,GRF000037009,2020-12-08,3.4483
22276,GRF000037009,2020-12-09,3.4615
22278,GRF000037009,2020-12-11,3.3886
22277,GRF000037009,2020-12-10,3.4803
22279,GRF000037009,2020-12-14,3.4803
22280,GRF000037009,2020-12-15,3.4517
22281,GRF000037009,2020-12-16,3.4505
22282,GRF000037009,2020-12-17,3.4505
22283,GRF000037009,2020-12-18,3.4628
22284,GRF000037009,2020-12-21,3.5037
22285,GRF000037009,2020-12-22,3.5037
22286,GRF000037009,2020-12-23,3.4517
22287,GRF000037009,2020-12-24,3.4517
22288,GRF000037009,2020-12-28,3.4501
22289,GRF000037009,2020-12-29,3.5429
22290,GRF000037009,2020-12-30,3.5335
22294,GRF000037009,2021-01-05,3.5914
22291,GRF000037009,2020-12-31,3.5317
22292,GRF000037009,2021-01-01,3.5358
22293,GRF000037009,2021-01-04,3.5188
22295,GRF000037009,2021-01-06,3.5335
22296,GRF000037009,2021-01-07,3.5317
22298,GRF000037009,2021-01-11,3.5188
22297,GRF000037009,2021-01-08,3.5358
22299,GRF000037009,2021-01-12,3.4936
22302,GRF000037009,2021-01-15,3.5335
22300,GRF000037009,2021-01-13,3.5358
22301,GRF000037009,2021-01-14,3.5039
22303,GRF000037009,2021-01-18,3.5335
22304,GRF000037009,2021-01-19,3.4421
22305,GRF000037009,2021-01-20,3.4966
22306,GRF000037009,2021-01-21,3.5019
22307,GRF000037009,2021-01-22,3.5019
22308,GRF000037009,2021-01-25,3.4856
22310,GRF000037009,2021-01-27,3.5429
22309,GRF000037009,2021-01-26,3.5188
22312,GRF000037009,2021-01-29,3.4615
22313,GRF000037009,2021-02-01,3.3886
22311,GRF000037009,2021-01-28,3.4628
22314,GRF000037009,2021-02-02,3.3033
22315,GRF000037009,2021-02-03,3.3486
22316,GRF000037009,2021-02-04,3.3634
22317,GRF000037009,2021-02-05,3.3452
22318,GRF000037009,2021-02-08,3.3632
22319,GRF000037009,2021-02-09,3.4172
22320,GRF000037009,2021-02-10,3.329
22321,GRF000037009,2021-02-11,3.3591
22322,GRF000037009,2021-02-12,3.4041
22323,GRF000037009,2021-02-15,3.4089
22324,GRF000037009,2021-02-16,3.4965
22326,GRF000037009,2021-02-18,3.4625
22325,GRF000037009,2021-02-17,3.49
22327,GRF000037009,2021-02-19,3.4625
22328,GRF000037009,2021-02-22,3.4418
22346,GRF000038007,2020-03-19,0.888
22344,GRF000038007,2020-03-17,0.8656
22345,GRF000038007,2020-03-18,0.8656
22343,GRF000038007,2020-03-16,0.9539
22347,GRF000038007,2020-03-20,0.9504
22349,GRF000038007,2020-03-24,0.9504
22329,GRF000037009,2021-02-23,3.4501
22330,GRF000037009,2021-02-24,3.4501
22342,GRF000038007,2020-03-13,0.9357
22331,GRF000037009,2021-02-25,3.4208
22332,GRF000037009,2021-02-26,3.4735
22338,GRF000038007,2020-03-09,1.1641
22348,GRF000038007,2020-03-23,0.8656
22350,GRF000038007,2020-03-25,0.8656
22351,GRF000038007,2020-03-26,0.8656
22356,GRF000038007,2020-04-02,0.9889
22357,GRF000038007,2020-04-03,0.958
22358,GRF000038007,2020-04-06,0.9635
22359,GRF000038007,2020-04-07,1.0352
22360,GRF000038007,2020-04-08,1.0352
22361,GRF000038007,2020-04-09,1.081
22362,GRF000038007,2020-04-10,1.081
22363,GRF000038007,2020-04-13,1.0716
22365,GRF000038007,2020-04-15,1.081
22364,GRF000038007,2020-04-14,0.9635
22366,GRF000038007,2020-04-16,1.0913
22367,GRF000038007,2020-04-17,1.0717
22368,GRF000038007,2020-04-20,0.9635
22369,GRF000038007,2020-04-21,1.0946
22370,GRF000038007,2020-04-22,1.0974
22371,GRF000038007,2020-04-23,1.0805
22372,GRF000038007,2020-04-24,1.1067
22373,GRF000038007,2020-04-27,1.1033
22374,GRF000038007,2020-04-28,1.1336
22375,GRF000038007,2020-04-29,1.1422
22376,GRF000038007,2020-04-30,1.1336
22378,GRF000038007,2020-05-04,1.1224
22377,GRF000038007,2020-05-01,1.1282
22379,GRF000038007,2020-05-05,1.0753
22380,GRF000038007,2020-05-06,1.0961
22354,GRF000038007,2020-03-31,0.8656
22381,GRF000038007,2020-05-07,1.132
22382,GRF000038007,2020-05-08,1.132
22383,GRF000038007,2020-05-11,1.1014
22384,GRF000038007,2020-05-12,1.1014
22385,GRF000038007,2020-05-13,1.0884
22386,GRF000038007,2020-05-14,1.132
22387,GRF000038007,2020-05-15,1.132
22388,GRF000038007,2020-05-18,1.0862
22389,GRF000038007,2020-05-19,1.0862
22390,GRF000038007,2020-05-20,1.132
22391,GRF000038007,2020-05-21,1.1322
22392,GRF000038007,2020-05-22,1.1279
22393,GRF000038007,2020-05-25,1.1291
22394,GRF000038007,2020-05-26,1.1291
22396,GRF000038007,2020-05-28,1.1944
22395,GRF000038007,2020-05-27,1.1291
22397,GRF000038007,2020-05-29,1.1955
22398,GRF000038007,2020-06-01,1.1843
22400,GRF000038007,2020-06-03,1.1994
22399,GRF000038007,2020-06-02,1.1994
22401,GRF000038007,2020-06-04,1.1843
22402,GRF000038007,2020-06-05,1.1944
22403,GRF000038007,2020-06-08,1.233
22404,GRF000038007,2020-06-09,1.233
22405,GRF000038007,2020-06-10,1.1944
22406,GRF000038007,2020-06-11,1.1878
22407,GRF000038007,2020-06-12,1.1555
22408,GRF000038007,2020-06-15,1.1843
22409,GRF000038007,2020-06-16,1.1563
22410,GRF000038007,2020-06-17,1.1955
22411,GRF000038007,2020-06-18,1.197
22412,GRF000038007,2020-06-19,1.174
22413,GRF000038007,2020-06-22,1.179
22414,GRF000038007,2020-06-23,1.179
22415,GRF000038007,2020-06-24,1.179
22416,GRF000038007,2020-06-25,1.1858
22417,GRF000038007,2020-06-26,1.171
22418,GRF000038007,2020-06-29,1.171
22419,GRF000038007,2020-06-30,1.1512
22420,GRF000038007,2020-07-01,1.1542
22421,GRF000038007,2020-07-02,1.1563
22422,GRF000038007,2020-07-03,1.1999
22423,GRF000038007,2020-07-06,1.197
22424,GRF000038007,2020-07-07,1.174
22425,GRF000038007,2020-07-08,1.179
22426,GRF000038007,2020-07-09,1.19
22427,GRF000038007,2020-07-10,1.1563
22428,GRF000038007,2020-07-13,1.1514
22429,GRF000038007,2020-07-14,1.1416
22430,GRF000038007,2020-07-15,1.1416
22431,GRF000038007,2020-07-16,1.1551
22434,GRF000038007,2020-07-21,1.1904
22432,GRF000038007,2020-07-17,1.1856
22433,GRF000038007,2020-07-20,1.1611
22435,GRF000038007,2020-07-22,1.1542
22438,GRF000038007,2020-07-27,1.1613
22436,GRF000038007,2020-07-23,1.1786
22437,GRF000038007,2020-07-24,1.1681
22439,GRF000038007,2020-07-28,1.1663
22440,GRF000038007,2020-07-29,1.1663
22442,GRF000038007,2020-07-31,1.1358
22441,GRF000038007,2020-07-30,1.1663
22443,GRF000038007,2020-08-03,1.1663
22444,GRF000038007,2020-08-04,1.1347
22445,GRF000038007,2020-08-05,1.1479
22446,GRF000038007,2020-08-06,1.1663
22447,GRF000038007,2020-08-07,1.1944
22448,GRF000038007,2020-08-10,1.1523
22449,GRF000038007,2020-08-11,1.1523
22450,GRF000038007,2020-08-12,1.1297
22451,GRF000038007,2020-08-13,1.1693
22452,GRF000038007,2020-08-14,1.0922
22453,GRF000038007,2020-08-17,1.1398
22454,GRF000038007,2020-08-18,1.1551
22455,GRF000038007,2020-08-19,1.1552
22456,GRF000038007,2020-08-20,1.1575
22457,GRF000038007,2020-08-21,1.1455
22458,GRF000038007,2020-08-24,1.1401
22459,GRF000038007,2020-08-25,1.1532
22460,GRF000038007,2020-08-26,1.1342
22461,GRF000038007,2020-08-27,1.1431
22462,GRF000038007,2020-08-28,1.1372
22463,GRF000038007,2020-08-31,1.1389
22464,GRF000038007,2020-09-01,1.142
22465,GRF000038007,2020-09-02,1.132
22466,GRF000038007,2020-09-03,1.132
22467,GRF000038007,2020-09-04,1.1538
22468,GRF000038007,2020-09-07,1.1534
22469,GRF000038007,2020-09-08,1.1588
22470,GRF000038007,2020-09-09,1.1404
22471,GRF000038007,2020-09-10,1.1457
22474,GRF000038007,2020-09-15,1.1958
22473,GRF000038007,2020-09-14,1.1534
22472,GRF000038007,2020-09-11,1.1573
22475,GRF000038007,2020-09-16,1.2051
22477,GRF000038007,2020-09-18,1.2166
22476,GRF000038007,2020-09-17,1.1404
22478,GRF000038007,2020-09-21,1.2095
22479,GRF000038007,2020-09-22,1.1669
22480,GRF000038007,2020-09-23,1.1546
22481,GRF000038007,2020-09-24,1.152
22482,GRF000038007,2020-09-25,1.1401
22483,GRF000038007,2020-09-28,1.1347
22484,GRF000038007,2020-09-29,1.1479
22485,GRF000038007,2020-09-30,1.1637
22486,GRF000038007,2020-10-01,1.1636
22487,GRF000038007,2020-10-02,1.1905
22488,GRF000038007,2020-10-05,1.1887
22489,GRF000038007,2020-10-06,1.1681
22490,GRF000038007,2020-10-07,1.1613
22491,GRF000038007,2020-10-08,1.2143
22494,GRF000038007,2020-10-13,1.2025
22492,GRF000038007,2020-10-09,1.2143
22493,GRF000038007,2020-10-12,1.2226
22495,GRF000038007,2020-10-14,1.1988
22497,GRF000038007,2020-10-16,1.1551
22496,GRF000038007,2020-10-15,1.1952
22498,GRF000038007,2020-10-19,1.1712
22499,GRF000038007,2020-10-20,1.1734
22500,GRF000038007,2020-10-21,1.1789
22501,GRF000038007,2020-10-22,1.1779
22502,GRF000038007,2020-10-23,1.161
22503,GRF000038007,2020-10-26,1.1616
22504,GRF000038007,2020-10-27,1.136
22505,GRF000038007,2020-10-28,1.1431
22506,GRF000038007,2020-10-29,1.1559
22507,GRF000038007,2020-10-30,1.1035
22508,GRF000038007,2020-11-02,1.1205
22509,GRF000038007,2020-11-03,1.19
22510,GRF000038007,2020-11-04,1.1705
22511,GRF000038007,2020-11-05,1.1416
22513,GRF000038007,2020-11-09,1.1434
22514,GRF000038007,2020-11-10,1.1705
22512,GRF000038007,2020-11-06,1.1416
22515,GRF000038007,2020-11-11,1.1904
22516,GRF000038007,2020-11-12,1.2606
22517,GRF000038007,2020-11-13,1.2606
22518,GRF000038007,2020-11-16,1.2659
22520,GRF000038007,2020-11-18,1.1789
22522,GRF000038007,2020-11-20,1.3212
22521,GRF000038007,2020-11-19,1.1712
22519,GRF000038007,2020-11-17,1.2077
22523,GRF000038007,2020-11-23,1.1734
22525,GRF000038007,2020-11-25,1.1734
22524,GRF000038007,2020-11-24,1.1789
22526,GRF000038007,2020-11-26,1.1789
22527,GRF000038007,2020-11-27,1.3159
22528,GRF000038007,2020-11-30,1.3578
22529,GRF000038007,2020-12-01,1.3495
22530,GRF000038007,2020-12-02,1.3495
22531,GRF000038007,2020-12-03,1.1534
22532,GRF000038007,2020-12-04,1.376
22534,GRF000038007,2020-12-08,1.3973
22533,GRF000038007,2020-12-07,1.3973
22536,GRF000038007,2020-12-10,1.4065
22537,GRF000038007,2020-12-11,1.3782
22535,GRF000038007,2020-12-09,1.3973
22538,GRF000038007,2020-12-14,1.3799
22540,GRF000038007,2020-12-16,1.3958
22539,GRF000038007,2020-12-15,1.3958
22541,GRF000038007,2020-12-17,1.4065
22542,GRF000038007,2020-12-18,1.4008
22543,GRF000038007,2020-12-21,1.3973
22544,GRF000038007,2020-12-22,1.3782
22545,GRF000038007,2020-12-23,1.3782
22546,GRF000038007,2020-12-24,1.3968
22547,GRF000038007,2020-12-28,1.3782
22548,GRF000038007,2020-12-29,1.4274
22549,GRF000038007,2020-12-30,1.4274
22550,GRF000038007,2020-12-31,1.3782
22551,GRF000038007,2021-01-01,1.3944
22552,GRF000038007,2021-01-04,1.3968
22553,GRF000038007,2021-01-05,1.3967
22554,GRF000038007,2021-01-06,1.3968
22555,GRF000038007,2021-01-07,1.4187
22556,GRF000038007,2021-01-08,1.4315
22557,GRF000038007,2021-01-11,1.3968
22558,GRF000038007,2021-01-12,1.3968
22560,GRF000038007,2021-01-14,1.4323
22559,GRF000038007,2021-01-13,1.4323
22561,GRF000038007,2021-01-15,1.4315
22562,GRF000038007,2021-01-18,1.4543
22563,GRF000038007,2021-01-19,1.4467
22564,GRF000038007,2021-01-20,1.4111
22565,GRF000038007,2021-01-21,1.4111
22566,GRF000038007,2021-01-22,1.4073
22567,GRF000038007,2021-01-25,1.4085
22569,GRF000038007,2021-01-27,1.365
22568,GRF000038007,2021-01-26,1.3602
22570,GRF000038007,2021-01-28,1.343
22571,GRF000038007,2021-01-29,1.3497
22572,GRF000038007,2021-02-01,1.3482
22573,GRF000038007,2021-02-02,1.3482
22574,GRF000038007,2021-02-03,1.3482
22575,GRF000038007,2021-02-04,1.3482
22576,GRF000038007,2021-02-05,1.3594
22578,GRF000038007,2021-02-09,1.3799
22577,GRF000038007,2021-02-08,1.3626
22579,GRF000038007,2021-02-10,1.3594
22580,GRF000038007,2021-02-11,1.4204
22581,GRF000038007,2021-02-12,1.3815
22582,GRF000038007,2021-02-15,1.3815
22583,GRF000038007,2021-02-16,1.4188
22584,GRF000038007,2021-02-17,1.4159
22585,GRF000038007,2021-02-18,1.4108
22586,GRF000038007,2021-02-19,1.4108
22587,GRF000038007,2021-02-22,1.4108
22588,GRF000038007,2021-02-23,1.3967
22600,GRF000045002,2020-03-12,14.2448
22601,GRF000045002,2020-03-13,13.2951
22602,GRF000045002,2020-03-16,13.2266
22589,GRF000038007,2021-02-24,1.4204
22604,GRF000045002,2020-03-18,12.7868
22603,GRF000045002,2020-03-17,13.2266
22605,GRF000045002,2020-03-19,12.5441
22606,GRF000045002,2020-03-20,12.7364
22590,GRF000038007,2021-02-25,1.4187
22591,GRF000038007,2021-02-26,1.4294
22609,GRF000045002,2020-03-25,12.9013
22611,GRF000045002,2020-03-27,13.6122
22607,GRF000045002,2020-03-23,12.5441
22612,GRF000045002,2020-03-30,13.4146
22610,GRF000045002,2020-03-26,12.3012
22613,GRF000045002,2020-03-31,13.5621
22614,GRF000045002,2020-04-01,13.7154
22615,GRF000045002,2020-04-02,13.3288
22616,GRF000045002,2020-04-03,13.7154
22617,GRF000045002,2020-04-06,12.3012
22618,GRF000045002,2020-04-07,13.7596
22619,GRF000045002,2020-04-08,13.7596
22620,GRF000045002,2020-04-09,13.7596
22621,GRF000045002,2020-04-10,14.3436
22622,GRF000045002,2020-04-13,14.3429
22624,GRF000045002,2020-04-15,12.3012
22623,GRF000045002,2020-04-14,13.3288
22625,GRF000045002,2020-04-16,13.7154
22627,GRF000045002,2020-04-20,13.3339
22626,GRF000045002,2020-04-17,13.7154
22628,GRF000045002,2020-04-21,14.38524
22629,GRF000045002,2020-04-22,14.393708
22630,GRF000045002,2020-04-23,13.3505
22631,GRF000045002,2020-04-24,13.5621
22632,GRF000045002,2020-04-27,13.5621
22633,GRF000045002,2020-04-28,14.7801
22634,GRF000045002,2020-04-29,14.888
22635,GRF000045002,2020-04-30,15.07
22636,GRF000045002,2020-05-01,14.9499
22637,GRF000045002,2020-05-04,14.9499
22638,GRF000045002,2020-05-05,14.5524
22640,GRF000045002,2020-05-07,14.5524
22639,GRF000045002,2020-05-06,14.5524
22641,GRF000045002,2020-05-08,14.5524
22642,GRF000045002,2020-05-11,15.0923
22643,GRF000045002,2020-05-12,15.1582
22644,GRF000045002,2020-05-13,15.1285
22645,GRF000045002,2020-05-14,15.0923
22646,GRF000045002,2020-05-15,15.0923
22647,GRF000045002,2020-05-18,14.7413
22648,GRF000045002,2020-05-19,15.0923
22649,GRF000045002,2020-05-20,14.5524
22650,GRF000045002,2020-05-21,15.182
22651,GRF000045002,2020-05-22,16.563299
22652,GRF000045002,2020-05-25,16.515825
22653,GRF000045002,2020-05-26,15.2216
22655,GRF000045002,2020-05-28,15.4046
22656,GRF000045002,2020-05-29,15.1911
22657,GRF000045002,2020-06-01,15.435
22659,GRF000045002,2020-06-03,15.5465
22660,GRF000045002,2020-06-04,16.8438
22661,GRF000045002,2020-06-05,15.6343
22664,GRF000045002,2020-06-10,15.8585
22663,GRF000045002,2020-06-09,15.63504
22665,GRF000045002,2020-06-11,15.8585
22667,GRF000045002,2020-06-15,15.3865
22673,GRF000045002,2020-06-23,15.7665
22676,GRF000045002,2020-06-26,15.6328
22678,GRF000045002,2020-06-30,15.6584
22677,GRF000045002,2020-06-29,15.6584
22679,GRF000045002,2020-07-01,15.6969
22680,GRF000045002,2020-07-02,15.8039
22681,GRF000045002,2020-07-03,15.9556
22682,GRF000045002,2020-07-06,15.9684
22683,GRF000045002,2020-07-07,15.8032
22684,GRF000045002,2020-07-08,16.082899
22654,GRF000045002,2020-05-27,15.3567
22685,GRF000045002,2020-07-09,15.6328
22686,GRF000045002,2020-07-10,16.0529
22687,GRF000045002,2020-07-13,16.0905
22688,GRF000045002,2020-07-14,16.0905
22689,GRF000045002,2020-07-15,16.086399
22690,GRF000045002,2020-07-16,16.086399
22691,GRF000045002,2020-07-17,16.053801
22692,GRF000045002,2020-07-20,16.086399
22693,GRF000045002,2020-07-21,16.167999
22694,GRF000045002,2020-07-22,16.262899
22695,GRF000045002,2020-07-23,16.126801
22696,GRF000045002,2020-07-24,16.262899
22697,GRF000045002,2020-07-27,16.167999
22698,GRF000045002,2020-07-28,16.086399
22699,GRF000045002,2020-07-29,15.848
22702,GRF000045002,2020-08-03,15.8499
22709,GRF000045002,2020-08-12,16.1031
22710,GRF000045002,2020-08-13,16.1539
22711,GRF000045002,2020-08-14,16.178301
22712,GRF000045002,2020-08-17,16.178301
22662,GRF000045002,2020-06-08,16.059953
22714,GRF000045002,2020-08-19,16.1278
22713,GRF000045002,2020-08-18,16.178301
22715,GRF000045002,2020-08-20,16.167999
22716,GRF000045002,2020-08-21,16.262899
22717,GRF000045002,2020-08-24,16.167999
22718,GRF000045002,2020-08-25,16.3167
22720,GRF000045002,2020-08-27,16.475599
22719,GRF000045002,2020-08-26,16.354401
22721,GRF000045002,2020-08-28,16.354401
22722,GRF000045002,2020-08-31,16.4737
22724,GRF000045002,2020-09-02,16.4737
22723,GRF000045002,2020-09-01,16.354401
22725,GRF000045002,2020-09-03,16.086399
22727,GRF000045002,2020-09-07,16.212601
22726,GRF000045002,2020-09-04,16.530199
22728,GRF000045002,2020-09-08,16.4737
22729,GRF000045002,2020-09-09,16.066
22730,GRF000045002,2020-09-10,16.1469
22731,GRF000045002,2020-09-11,16.1523
22732,GRF000045002,2020-09-14,16.069
22733,GRF000045002,2020-09-15,16.1469
22734,GRF000045002,2020-09-16,16.2848
22736,GRF000045002,2020-09-18,16.2848
22735,GRF000045002,2020-09-17,16.3432
22737,GRF000045002,2020-09-21,15.8225
22738,GRF000045002,2020-09-22,15.848
22739,GRF000045002,2020-09-23,15.8499
22740,GRF000045002,2020-09-24,15.8499
22741,GRF000045002,2020-09-25,15.8499
22742,GRF000045002,2020-09-28,16.2848
22743,GRF000045002,2020-09-29,16.2553
22744,GRF000045002,2020-09-30,16.2553
22745,GRF000045002,2020-10-01,16.21
22746,GRF000045002,2020-10-02,16.2946
22747,GRF000045002,2020-10-05,16.2559
22748,GRF000045002,2020-10-06,16.3191
22749,GRF000045002,2020-10-07,16.3191
22750,GRF000045002,2020-10-08,16.5583
22751,GRF000045002,2020-10-09,16.5309
22752,GRF000045002,2020-10-12,16.2946
22754,GRF000045002,2020-10-14,16.8187
22753,GRF000045002,2020-10-13,16.7615
22755,GRF000045002,2020-10-15,16.8208
22757,GRF000045002,2020-10-19,16.76
22756,GRF000045002,2020-10-16,16.2946
22758,GRF000045002,2020-10-20,16.76
22759,GRF000045002,2020-10-21,16.5032
22760,GRF000045002,2020-10-22,16.4417
22761,GRF000045002,2020-10-23,16.4417
22762,GRF000045002,2020-10-26,16.1523
22763,GRF000045002,2020-10-27,16.2614
22764,GRF000045002,2020-10-28,16.216
22765,GRF000045002,2020-10-29,16.216
22766,GRF000045002,2020-10-30,16.1249
22767,GRF000045002,2020-11-02,16.0967
22768,GRF000045002,2020-11-03,16.0967
22769,GRF000045002,2020-11-04,16.1839
22770,GRF000045002,2020-11-05,16.2553
22771,GRF000045002,2020-11-06,16.1839
22772,GRF000045002,2020-11-09,16.1249
22773,GRF000045002,2020-11-10,16.1249
22774,GRF000045002,2020-11-11,16.6672
22775,GRF000045002,2020-11-12,16.76
22776,GRF000045002,2020-11-13,16.9904
22777,GRF000045002,2020-11-16,16.5032
22778,GRF000045002,2020-11-17,16.5032
22779,GRF000045002,2020-11-18,17.1394
22780,GRF000045002,2020-11-19,17.1394
22781,GRF000045002,2020-11-20,17.0117
22783,GRF000045002,2020-11-24,17.0471
22782,GRF000045002,2020-11-23,17.0704
22784,GRF000045002,2020-11-25,17.0457
22785,GRF000045002,2020-11-26,17.1394
22786,GRF000045002,2020-11-27,17.2063
22787,GRF000045002,2020-11-30,17.1892
22788,GRF000045002,2020-12-01,17.1892
22789,GRF000045002,2020-12-02,17.1284
22790,GRF000045002,2020-12-03,17.1754
22791,GRF000045002,2020-12-04,17.046
22792,GRF000045002,2020-12-07,17.0715
22793,GRF000045002,2020-12-08,17.1032
22794,GRF000045002,2020-12-09,17.1556
22795,GRF000045002,2020-12-10,17.1556
22796,GRF000045002,2020-12-11,17.0964
22797,GRF000045002,2020-12-14,17.0715
22798,GRF000045002,2020-12-15,17.1032
22799,GRF000045002,2020-12-16,17.229
22800,GRF000045002,2020-12-17,17.1941
22801,GRF000045002,2020-12-18,17.2382
22802,GRF000045002,2020-12-21,17.2382
22803,GRF000045002,2020-12-22,17.1086
22804,GRF000045002,2020-12-23,17.2055
22805,GRF000045002,2020-12-24,17.3158
22806,GRF000045002,2020-12-28,17.3224
22807,GRF000045002,2020-12-29,17.3942
22808,GRF000045002,2020-12-30,17.389
22809,GRF000045002,2020-12-31,17.4037
22810,GRF000045002,2021-01-01,17.3932
22811,GRF000045002,2021-01-04,17.3932
22812,GRF000045002,2021-01-05,17.389
22813,GRF000045002,2021-01-06,17.389
22814,GRF000045002,2021-01-07,17.4203
22816,GRF000045002,2021-01-11,17.9123
22815,GRF000045002,2021-01-08,17.7397
22817,GRF000045002,2021-01-12,17.9314
22818,GRF000045002,2021-01-13,17.9314
22820,GRF000045002,2021-01-15,17.9553
22819,GRF000045002,2021-01-14,17.9553
22821,GRF000045002,2021-01-18,17.9314
22822,GRF000045002,2021-01-19,17.9156
22823,GRF000045002,2021-01-20,17.9123
22824,GRF000045002,2021-01-21,17.9528
22825,GRF000045002,2021-01-22,18.1275
22826,GRF000045002,2021-01-25,17.7397
22828,GRF000045002,2021-01-27,18.0192
22827,GRF000045002,2021-01-26,17.3805
22829,GRF000045002,2021-01-28,17.7978
22830,GRF000045002,2021-01-29,17.7468
22831,GRF000045002,2021-02-01,17.5809
22832,GRF000045002,2021-02-02,17.7032
22834,GRF000045002,2021-02-04,17.7032
22833,GRF000045002,2021-02-03,18.0105
22835,GRF000045002,2021-02-05,18.0562
22837,GRF000045002,2021-02-09,18.3275
22836,GRF000045002,2021-02-08,18.2481
22838,GRF000045002,2021-02-10,18.0562
22839,GRF000045002,2021-02-11,18.3061
22840,GRF000045002,2021-02-12,18.0562
22841,GRF000045002,2021-02-15,18.1697
22842,GRF000045002,2021-02-16,18.1697
22843,GRF000045002,2021-02-17,18.0562
22844,GRF000045002,2021-02-18,18.0562
22845,GRF000045002,2021-02-19,18.0562
22846,GRF000045002,2021-02-22,18.323
22848,GRF000045002,2021-02-24,18.016
22847,GRF000045002,2021-02-23,18.323
22851,GRF000084001,2020-03-02,2.2847
22849,GRF000045002,2021-02-25,18.0105
22852,GRF000084001,2020-03-03,2.3094
22850,GRF000045002,2021-02-26,18.1697
22853,GRF000084001,2020-03-04,2.2856
22854,GRF000084001,2020-03-05,2.2856
22856,GRF000084001,2020-03-09,2.3861
22855,GRF000084001,2020-03-06,2.2361
22857,GRF000084001,2020-03-10,2.3784
22858,GRF000084001,2020-03-11,2.0795
22859,GRF000084001,2020-03-12,2.0535
22860,GRF000084001,2020-03-13,2.402
22866,GRF000084001,2020-03-23,1.8642
22867,GRF000084001,2020-03-24,1.8007
22869,GRF000084001,2020-03-26,1.6723
22872,GRF000084001,2020-03-31,1.9325
22871,GRF000084001,2020-03-30,2.041044
22873,GRF000084001,2020-04-01,1.9333
22868,GRF000084001,2020-03-25,1.6723
22874,GRF000084001,2020-04-02,1.9241
22870,GRF000084001,2020-03-27,2.440567
22876,GRF000084001,2020-04-06,1.8917
22875,GRF000084001,2020-04-03,1.6723
22877,GRF000084001,2020-04-07,1.9609
22878,GRF000084001,2020-04-08,1.9989
22879,GRF000084001,2020-04-09,1.9955
22880,GRF000084001,2020-04-10,1.9986
22881,GRF000084001,2020-04-13,1.9986
22865,GRF000084001,2020-03-20,1.6723
22864,GRF000084001,2020-03-19,1.6723
22882,GRF000084001,2020-04-14,1.9955
22883,GRF000084001,2020-04-15,1.9987
22884,GRF000084001,2020-04-16,1.9702
22886,GRF000084001,2020-04-20,1.9955
22885,GRF000084001,2020-04-17,1.9576
22887,GRF000084001,2020-04-21,1.9955
22888,GRF000084001,2020-04-22,1.9609
22889,GRF000084001,2020-04-23,1.9989
22890,GRF000084001,2020-04-24,1.9989
22891,GRF000084001,2020-04-27,1.9378
22892,GRF000084001,2020-04-28,1.9747
22893,GRF000084001,2020-04-29,1.9984
22894,GRF000084001,2020-04-30,2.0092
22896,GRF000084001,2020-05-04,1.9935
22897,GRF000084001,2020-05-05,1.9595
22895,GRF000084001,2020-05-01,1.9935
22898,GRF000084001,2020-05-06,2.0092
22899,GRF000084001,2020-05-07,1.9747
22900,GRF000084001,2020-05-08,1.9506
22901,GRF000084001,2020-05-11,1.943
22902,GRF000084001,2020-05-12,1.9073
22903,GRF000084001,2020-05-13,1.9747
22904,GRF000084001,2020-05-14,1.9371
22906,GRF000084001,2020-05-18,1.9984
22905,GRF000084001,2020-05-15,1.9747
22907,GRF000084001,2020-05-19,1.9738
22908,GRF000084001,2020-05-20,1.9688
22909,GRF000084001,2020-05-21,1.9837
22910,GRF000084001,2020-05-22,1.9863
22911,GRF000084001,2020-05-25,1.9897
22912,GRF000084001,2020-05-26,1.9897
22913,GRF000084001,2020-05-27,2.0326
22916,GRF000084001,2020-06-01,2.0952
22915,GRF000084001,2020-05-29,2.0952
22914,GRF000084001,2020-05-28,2.0785
22917,GRF000084001,2020-06-02,2.0756
22918,GRF000084001,2020-06-03,2.0702
22919,GRF000084001,2020-06-04,2.1002
22920,GRF000084001,2020-06-05,2.1023
22921,GRF000084001,2020-06-08,2.1299
22922,GRF000084001,2020-06-09,2.1011
22923,GRF000084001,2020-06-10,2.1011
22924,GRF000084001,2020-06-11,2.0968
22925,GRF000084001,2020-06-12,2.0968
22926,GRF000084001,2020-06-15,2.0968
22928,GRF000084001,2020-06-17,2.0846
22927,GRF000084001,2020-06-16,2.0874
22929,GRF000084001,2020-06-18,2.0874
22930,GRF000084001,2020-06-19,2.1104
22931,GRF000084001,2020-06-22,2.1104
22932,GRF000084001,2020-06-23,2.12
22936,GRF000084001,2020-06-29,2.0817
22937,GRF000084001,2020-06-30,2.0743
22938,GRF000084001,2020-07-01,2.0859
22935,GRF000084001,2020-06-26,2.0913
22939,GRF000084001,2020-07-02,2.0948
22934,GRF000084001,2020-06-25,2.1177
22933,GRF000084001,2020-06-24,2.3732
22940,GRF000084001,2020-07-03,2.1296
22941,GRF000084001,2020-07-06,2.1269
22942,GRF000084001,2020-07-07,1.9549
22943,GRF000084001,2020-07-08,2.0913
22944,GRF000084001,2020-07-09,2.1031
22945,GRF000084001,2020-07-10,2.0743
22947,GRF000084001,2020-07-14,2.0817
22946,GRF000084001,2020-07-13,2.0952
22948,GRF000084001,2020-07-15,2.0741
22950,GRF000084001,2020-07-17,2.0836
22949,GRF000084001,2020-07-16,1.9549
22951,GRF000084001,2020-07-20,2.0741
22952,GRF000084001,2020-07-21,1.9662
22953,GRF000084001,2020-07-22,2.099
22954,GRF000084001,2020-07-23,2.113
22955,GRF000084001,2020-07-24,2.1067
22956,GRF000084001,2020-07-27,2.1021
22957,GRF000084001,2020-07-28,2.0816
22958,GRF000084001,2020-07-29,2.0756
22959,GRF000084001,2020-07-30,2.0914
22960,GRF000084001,2020-07-31,2.1082
22961,GRF000084001,2020-08-03,2.066
22962,GRF000084001,2020-08-04,2.0609
22963,GRF000084001,2020-08-05,2.0833
22964,GRF000084001,2020-08-06,2.0949
22965,GRF000084001,2020-08-07,2.0785
22966,GRF000084001,2020-08-10,2.09
22967,GRF000084001,2020-08-11,2.0649
22969,GRF000084001,2020-08-13,2.0649
22968,GRF000084001,2020-08-12,2.09
22970,GRF000084001,2020-08-14,2.078
22971,GRF000084001,2020-08-17,2.09
22972,GRF000084001,2020-08-18,2.0878
22973,GRF000084001,2020-08-19,2.082
22975,GRF000084001,2020-08-21,2.082
22974,GRF000084001,2020-08-20,2.0878
22976,GRF000084001,2020-08-24,2.078
22977,GRF000084001,2020-08-25,2.09
22978,GRF000084001,2020-08-26,2.0915
22979,GRF000084001,2020-08-27,2.082
22981,GRF000084001,2020-08-31,2.0833
22980,GRF000084001,2020-08-28,2.0833
22982,GRF000084001,2020-09-01,2.0814
22983,GRF000084001,2020-09-02,2.0949
22984,GRF000084001,2020-09-03,2.0788
22985,GRF000084001,2020-09-04,2.0904
22986,GRF000084001,2020-09-07,2.0814
22988,GRF000084001,2020-09-09,2.0904
22987,GRF000084001,2020-09-08,2.0865
22989,GRF000084001,2020-09-10,2.0846
22998,GRF000084001,2020-09-23,2.0671
22999,GRF000084001,2020-09-24,2.0678
22997,GRF000084001,2020-09-22,2.0743
23000,GRF000084001,2020-09-25,2.0638
23001,GRF000084001,2020-09-28,2.0607
23002,GRF000084001,2020-09-29,2.0686
23003,GRF000084001,2020-09-30,2.0684
23004,GRF000084001,2020-10-01,2.1006
23005,GRF000084001,2020-10-02,2.0784
22990,GRF000084001,2020-09-11,2.1067
23006,GRF000084001,2020-10-05,2.072
23007,GRF000084001,2020-10-06,2.0865
23008,GRF000084001,2020-10-07,2.09
23013,GRF000084001,2020-10-14,2.1033
23014,GRF000084001,2020-10-15,2.0788
23015,GRF000084001,2020-10-16,2.0724
23016,GRF000084001,2020-10-19,2.073
23019,GRF000084001,2020-10-22,2.0877
23018,GRF000084001,2020-10-21,2.073
23020,GRF000084001,2020-10-23,2.0427
23021,GRF000084001,2020-10-26,2.0481
23022,GRF000084001,2020-10-27,2.023
23023,GRF000084001,2020-10-28,2.0904
23024,GRF000084001,2020-10-29,2.0385
23025,GRF000084001,2020-10-30,1.9668
23026,GRF000084001,2020-11-02,1.9722
23027,GRF000084001,2020-11-03,1.9668
23028,GRF000084001,2020-11-04,1.9668
23029,GRF000084001,2020-11-05,2.0159
23030,GRF000084001,2020-11-06,2.0877
23031,GRF000084001,2020-11-09,2.0157
23032,GRF000084001,2020-11-10,2.1185
23033,GRF000084001,2020-11-11,2.1243
23034,GRF000084001,2020-11-12,2.1272
23035,GRF000084001,2020-11-13,2.1197
23036,GRF000084001,2020-11-16,2.1271
23037,GRF000084001,2020-11-17,2.1886
23039,GRF000084001,2020-11-19,2.0691
23038,GRF000084001,2020-11-18,2.0743
23040,GRF000084001,2020-11-20,2.1987
23041,GRF000084001,2020-11-23,2.1987
23042,GRF000084001,2020-11-24,2.2008
23043,GRF000084001,2020-11-25,2.1979
23044,GRF000084001,2020-11-26,2.2069
23061,GRF000084001,2020-12-21,2.3495
23063,GRF000084001,2020-12-23,2.3337
23064,GRF000084001,2020-12-24,2.3451
23065,GRF000084001,2020-12-28,2.3451
23068,GRF000084001,2020-12-31,2.3709
23069,GRF000084001,2021-01-01,2.3703
23070,GRF000084001,2021-01-04,2.3665
23072,GRF000084001,2021-01-06,2.3753
23073,GRF000084001,2021-01-07,2.3763
23074,GRF000084001,2021-01-08,2.3665
23075,GRF000084001,2021-01-11,2.3807
23076,GRF000084001,2021-01-12,2.3665
23071,GRF000084001,2021-01-05,2.3665
23077,GRF000084001,2021-01-13,2.3489
23078,GRF000084001,2021-01-14,2.348
23079,GRF000084001,2021-01-15,2.348
23080,GRF000084001,2021-01-18,2.3309
23081,GRF000084001,2021-01-19,2.3309
23082,GRF000084001,2021-01-20,2.3458
23083,GRF000084001,2021-01-21,2.3309
23084,GRF000084001,2021-01-22,2.3444
23085,GRF000084001,2021-01-25,2.3124
23086,GRF000084001,2021-01-26,2.2898
23087,GRF000084001,2021-01-27,2.2898
23088,GRF000084001,2021-01-28,2.2615
23089,GRF000084001,2021-01-29,2.2789
23090,GRF000084001,2021-02-01,2.2723
23092,GRF000084001,2021-02-03,2.2736
23091,GRF000084001,2021-02-02,2.2723
23093,GRF000084001,2021-02-04,2.2789
23094,GRF000084001,2021-02-05,2.3888
23095,GRF000084001,2021-02-08,2.3888
23096,GRF000084001,2021-02-09,2.2981
23097,GRF000084001,2021-02-10,2.2808
23098,GRF000084001,2021-02-11,2.3166
23099,GRF000084001,2021-02-12,2.3665
23101,GRF000084001,2021-02-16,2.3665
23100,GRF000084001,2021-02-15,2.3665
23102,GRF000084001,2021-02-17,2.3447
23103,GRF000084001,2021-02-18,2.3739
23104,GRF000084001,2021-02-19,2.3337
23110,GRF000093002,2020-03-02,12.2985
23111,GRF000093002,2020-03-03,12.4558
23112,GRF000093002,2020-03-04,12.3509
23113,GRF000093002,2020-03-05,12.4558
23114,GRF000093002,2020-03-06,12.3319
23105,GRF000084001,2021-02-22,2.2959
23107,GRF000084001,2021-02-24,2.2825
23106,GRF000084001,2021-02-23,2.2974
23108,GRF000084001,2021-02-25,2.2764
23109,GRF000084001,2021-02-26,2.2853
23135,GRF000093002,2020-04-06,11.348
23137,GRF000093002,2020-04-08,11.4468
23138,GRF000093002,2020-04-09,11.4803
23139,GRF000093002,2020-04-10,11.5775
23141,GRF000093002,2020-04-14,11.5795
23140,GRF000093002,2020-04-13,11.577
23144,GRF000093002,2020-04-17,11.62
23143,GRF000093002,2020-04-16,11.6281
23145,GRF000093002,2020-04-20,11.6103
23142,GRF000093002,2020-04-15,10.7059
23146,GRF000093002,2020-04-21,11.647
23149,GRF000093002,2020-04-24,11.3523
23147,GRF000093002,2020-04-22,12.5507
23150,GRF000093002,2020-04-27,11.5997
23151,GRF000093002,2020-04-28,11.5997
23136,GRF000093002,2020-04-07,11.3965
23148,GRF000093002,2020-04-23,11.5115
23152,GRF000093002,2020-04-29,11.6633
23153,GRF000093002,2020-04-30,11.6917
23154,GRF000093002,2020-05-01,11.6999
23155,GRF000093002,2020-05-04,11.6917
23156,GRF000093002,2020-05-05,11.6999
23158,GRF000093002,2020-05-07,11.6917
23157,GRF000093002,2020-05-06,11.6581
23160,GRF000093002,2020-05-11,11.6481
23159,GRF000093002,2020-05-08,11.5775
23161,GRF000093002,2020-05-12,11.6944
23162,GRF000093002,2020-05-13,11.7073
23163,GRF000093002,2020-05-14,11.7073
23164,GRF000093002,2020-05-15,11.7045
23165,GRF000093002,2020-05-18,11.7039
23166,GRF000093002,2020-05-19,11.746
23167,GRF000093002,2020-05-20,11.7861
23168,GRF000093002,2020-05-21,11.8153
23169,GRF000093002,2020-05-22,11.8556
23170,GRF000093002,2020-05-25,11.8681
23171,GRF000093002,2020-05-26,11.8849
23172,GRF000093002,2020-05-27,11.8849
23173,GRF000093002,2020-05-28,11.9814
23174,GRF000093002,2020-05-29,12.0343
23175,GRF000093002,2020-06-01,12.0482
23176,GRF000093002,2020-06-02,12.0709
23177,GRF000093002,2020-06-03,12.1156
23178,GRF000093002,2020-06-04,12.0482
23179,GRF000093002,2020-06-05,12.252
23180,GRF000093002,2020-06-08,12.318
23181,GRF000093002,2020-06-09,12.1859
23182,GRF000093002,2020-06-10,12.301
23183,GRF000093002,2020-06-11,12.1859
23184,GRF000093002,2020-06-12,12.1859
23185,GRF000093002,2020-06-15,12.3096
23186,GRF000093002,2020-06-16,12.3096
23187,GRF000093002,2020-06-17,12.3096
23188,GRF000093002,2020-06-18,12.3438
23189,GRF000093002,2020-06-19,12.3438
23190,GRF000093002,2020-06-22,12.3316
23191,GRF000093002,2020-06-23,10.9206
23192,GRF000093002,2020-06-24,12.3415
23193,GRF000093002,2020-06-25,10.9206
23194,GRF000093002,2020-06-26,12.3415
23195,GRF000093002,2020-06-29,12.3469
23196,GRF000093002,2020-06-30,12.3368
23197,GRF000093002,2020-07-01,12.3368
23198,GRF000093002,2020-07-02,12.378
23199,GRF000093002,2020-07-03,12.5582
23200,GRF000093002,2020-07-06,12.3509
23202,GRF000093002,2020-07-08,12.3959
23201,GRF000093002,2020-07-07,12.3925
23203,GRF000093002,2020-07-09,12.3959
23204,GRF000093002,2020-07-10,12.3959
23205,GRF000093002,2020-07-13,12.3925
23206,GRF000093002,2020-07-14,12.3962
23207,GRF000093002,2020-07-15,12.3925
23208,GRF000093002,2020-07-16,12.3959
23210,GRF000093002,2020-07-20,12.3433
23209,GRF000093002,2020-07-17,12.3626
23211,GRF000093002,2020-07-21,12.3702
23212,GRF000093002,2020-07-22,12.3871
23213,GRF000093002,2020-07-23,12.399
23214,GRF000093002,2020-07-24,12.399
23215,GRF000093002,2020-07-27,12.399
23216,GRF000093002,2020-07-28,12.3608
23217,GRF000093002,2020-07-29,12.3608
23218,GRF000093002,2020-07-30,12.3608
23219,GRF000093002,2020-07-31,12.3444
23220,GRF000093002,2020-08-03,12.3959
23221,GRF000093002,2020-08-04,12.3959
23222,GRF000093002,2020-08-05,12.3871
23223,GRF000093002,2020-08-06,12.4012
23224,GRF000093002,2020-08-07,12.3871
23225,GRF000093002,2020-08-10,12.4182
23226,GRF000093002,2020-08-11,12.4182
23227,GRF000093002,2020-08-12,12.4165
23228,GRF000093002,2020-08-13,12.3934
23229,GRF000093002,2020-08-14,12.3837
23230,GRF000093002,2020-08-17,12.3976
23231,GRF000093002,2020-08-18,12.4017
23232,GRF000093002,2020-08-19,12.4023
23233,GRF000093002,2020-08-20,12.4142
23234,GRF000093002,2020-08-21,12.4182
23235,GRF000093002,2020-08-24,12.4178
23236,GRF000093002,2020-08-25,12.4165
23237,GRF000093002,2020-08-26,12.4226
23238,GRF000093002,2020-08-27,12.3985
23239,GRF000093002,2020-08-28,12.4023
23240,GRF000093002,2020-08-31,12.4297
23241,GRF000093002,2020-09-01,12.4125
23242,GRF000093002,2020-09-02,12.4139
23245,GRF000093002,2020-09-07,12.4286
23246,GRF000093002,2020-09-08,12.4217
23247,GRF000093002,2020-09-09,12.4235
23248,GRF000093002,2020-09-10,12.4172
23249,GRF000093002,2020-09-11,12.4395
23250,GRF000093002,2020-09-14,12.4012
23251,GRF000093002,2020-09-15,12.4116
23252,GRF000093002,2020-09-16,12.4286
23253,GRF000093002,2020-09-17,12.3976
23254,GRF000093002,2020-09-18,12.4437
23255,GRF000093002,2020-09-21,12.3959
23256,GRF000093002,2020-09-22,12.4673
23257,GRF000093002,2020-09-23,12.3959
23258,GRF000093002,2020-09-24,12.4715
23259,GRF000093002,2020-09-25,12.4715
23260,GRF000093002,2020-09-28,12.3609
23261,GRF000093002,2020-09-29,12.4511
23262,GRF000093002,2020-09-30,12.4513
23263,GRF000093002,2020-10-01,12.4513
23264,GRF000093002,2020-10-02,12.4495
23265,GRF000093002,2020-10-05,12.4419
23266,GRF000093002,2020-10-06,12.3959
23267,GRF000093002,2020-10-07,12.4643
23268,GRF000093002,2020-10-08,12.481
23269,GRF000093002,2020-10-09,12.4637
23270,GRF000093002,2020-10-12,12.4333
23271,GRF000093002,2020-10-13,12.503
23272,GRF000093002,2020-10-14,12.4395
23273,GRF000093002,2020-10-15,12.5241
23274,GRF000093002,2020-10-16,12.5241
23275,GRF000093002,2020-10-19,12.5241
23276,GRF000093002,2020-10-20,12.5096
23277,GRF000093002,2020-10-21,12.5096
23278,GRF000093002,2020-10-22,12.4939
23279,GRF000093002,2020-10-23,12.5014
23280,GRF000093002,2020-10-26,12.4893
23281,GRF000093002,2020-10-27,12.4852
23282,GRF000093002,2020-10-28,12.4672
23283,GRF000093002,2020-10-29,12.4846
23284,GRF000093002,2020-10-30,12.3959
23285,GRF000093002,2020-11-02,12.4296
23287,GRF000093002,2020-11-04,12.437
23286,GRF000093002,2020-11-03,12.4296
23288,GRF000093002,2020-11-05,12.4213
23289,GRF000093002,2020-11-06,12.4846
23290,GRF000093002,2020-11-09,12.4736
23291,GRF000093002,2020-11-10,12.4846
23292,GRF000093002,2020-11-11,12.5368
23294,GRF000093002,2020-11-13,12.4012
23293,GRF000093002,2020-11-12,12.5553
23295,GRF000093002,2020-11-16,12.5553
23296,GRF000093002,2020-11-17,12.6042
23297,GRF000093002,2020-11-18,12.4182
23298,GRF000093002,2020-11-19,12.6174
23299,GRF000093002,2020-11-20,12.4334
23300,GRF000093002,2020-11-23,12.5184
23301,GRF000093002,2020-11-24,12.6596
23302,GRF000093002,2020-11-25,12.6768
23303,GRF000093002,2020-11-26,12.6596
23306,GRF000093002,2020-12-01,12.5443
23305,GRF000093002,2020-11-30,12.6415
23304,GRF000093002,2020-11-27,12.5567
23307,GRF000093002,2020-12-02,12.4964
23308,GRF000093002,2020-12-03,12.4247
23309,GRF000093002,2020-12-04,12.5915
23310,GRF000093002,2020-12-07,12.66
23313,GRF000093002,2020-12-10,12.7142
23311,GRF000093002,2020-12-08,12.3964
23312,GRF000093002,2020-12-09,12.6992
23314,GRF000093002,2020-12-11,12.6711
23315,GRF000093002,2020-12-14,12.7211
23316,GRF000093002,2020-12-15,12.7237
23318,GRF000093002,2020-12-17,12.4139
23319,GRF000093002,2020-12-18,12.4334
23317,GRF000093002,2020-12-16,12.4144
23320,GRF000093002,2020-12-21,12.4437
23321,GRF000093002,2020-12-22,12.7171
23322,GRF000093002,2020-12-23,12.7171
23323,GRF000093002,2020-12-24,12.7171
23324,GRF000093002,2020-12-28,12.717
23325,GRF000093002,2020-12-29,12.717
23326,GRF000093002,2020-12-30,12.725
23327,GRF000093002,2020-12-31,12.725
23328,GRF000093002,2021-01-01,12.725
23329,GRF000093002,2021-01-04,12.717
23330,GRF000093002,2021-01-05,12.731
23331,GRF000093002,2021-01-06,12.731
23332,GRF000093002,2021-01-07,12.728
23333,GRF000093002,2021-01-08,12.765
23334,GRF000093002,2021-01-11,12.43
23335,GRF000093002,2021-01-12,12.43
23337,GRF000093002,2021-01-14,12.762
23336,GRF000093002,2021-01-13,12.43
23338,GRF000093002,2021-01-15,12.772
23339,GRF000093002,2021-01-18,12.43
23340,GRF000093002,2021-01-19,12.74
23341,GRF000093002,2021-01-20,12.74
23342,GRF000093002,2021-01-21,12.771
23343,GRF000093002,2021-01-22,12.771
23344,GRF000093002,2021-01-25,12.7276
23345,GRF000093002,2021-01-26,12.4296
23346,GRF000093002,2021-01-27,12.7226
23348,GRF000093002,2021-01-29,12.4296
23347,GRF000093002,2021-01-28,12.4296
23349,GRF000093002,2021-02-01,12.4296
23350,GRF000093002,2021-02-02,12.5553
23351,GRF000093002,2021-02-03,12.7644
23352,GRF000093002,2021-02-04,12.7809
23353,GRF000093002,2021-02-05,12.7946
23354,GRF000093002,2021-02-08,12.7644
23356,GRF000093002,2021-02-10,12.7699
23355,GRF000093002,2021-02-09,12.7712
23357,GRF000093002,2021-02-11,12.7946
23358,GRF000093002,2021-02-12,12.824
23359,GRF000093002,2021-02-15,12.8345
23360,GRF000093002,2021-02-16,12.8424
23361,GRF000093002,2021-02-17,12.837
23362,GRF000093002,2021-02-18,12.8411
23369,GRF000153004,2020-03-02,20.3
23363,GRF000093002,2021-02-19,12.8411
23364,GRF000093002,2021-02-22,12.8298
23365,GRF000093002,2021-02-23,12.837
23366,GRF000093002,2021-02-24,12.8307
23367,GRF000093002,2021-02-25,12.8345
23368,GRF000093002,2021-02-26,12.7219
23376,GRF000153004,2020-03-11,16.6
23375,GRF000153004,2020-03-10,15.9
23377,GRF000153004,2020-03-12,15.7
23378,GRF000153004,2020-03-13,15.7
23379,GRF000153004,2020-03-16,15.7
23396,GRF000153004,2020-04-08,15.4
23397,GRF000153004,2020-04-09,15.4
23382,GRF000153004,2020-03-19,12.0
23399,GRF000153004,2020-04-13,15.0
23389,GRF000153004,2020-03-30,13.6
23395,GRF000153004,2020-04-07,14.8
23429,GRF000153004,2020-05-25,15.05
23430,GRF000153004,2020-05-26,15.4
23431,GRF000153004,2020-05-27,15.8
23432,GRF000153004,2020-05-28,15.8
23433,GRF000153004,2020-05-29,16.58
23434,GRF000153004,2020-06-01,16.3
23435,GRF000153004,2020-06-02,16.52
23436,GRF000153004,2020-06-03,16.75
23437,GRF000153004,2020-06-04,16.76
23438,GRF000153004,2020-06-05,16.65
23439,GRF000153004,2020-06-08,17.12
23440,GRF000153004,2020-06-09,16.76
23441,GRF000153004,2020-06-10,16.76
23443,GRF000153004,2020-06-12,17.12
23442,GRF000153004,2020-06-11,16.8
23444,GRF000153004,2020-06-15,16.25
23445,GRF000153004,2020-06-16,16.25
23446,GRF000153004,2020-06-17,16.75
23447,GRF000153004,2020-06-18,16.95
23448,GRF000153004,2020-06-19,16.63
23449,GRF000153004,2020-06-22,16.7
23450,GRF000153004,2020-06-23,16.63
23451,GRF000153004,2020-06-24,16.93
23452,GRF000153004,2020-06-25,16.75
23453,GRF000153004,2020-06-26,16.39
23454,GRF000153004,2020-06-29,16.7
23455,GRF000153004,2020-06-30,16.14
23456,GRF000153004,2020-07-01,16.7
23457,GRF000153004,2020-07-02,15.4
23458,GRF000153004,2020-07-03,16.39
23459,GRF000153004,2020-07-06,16.25
23460,GRF000153004,2020-07-07,15.86
23461,GRF000153004,2020-07-08,15.35
23462,GRF000153004,2020-07-09,14.72
23463,GRF000153004,2020-07-10,14.99
23464,GRF000153004,2020-07-13,14.99
23465,GRF000153004,2020-07-14,14.99
23466,GRF000153004,2020-07-15,15.66
23467,GRF000153004,2020-07-16,15.45
23468,GRF000153004,2020-07-17,15.8
23469,GRF000153004,2020-07-20,15.8
23470,GRF000153004,2020-07-21,15.82
23471,GRF000153004,2020-07-22,15.45
23473,GRF000153004,2020-07-24,15.4
23472,GRF000153004,2020-07-23,15.66
23474,GRF000153004,2020-07-27,16.45
23475,GRF000153004,2020-07-28,15.31
23476,GRF000153004,2020-07-29,15.31
23477,GRF000153004,2020-07-30,15.0
23478,GRF000153004,2020-07-31,15.0
23479,GRF000153004,2020-08-03,15.31
23480,GRF000153004,2020-08-04,14.87
23482,GRF000153004,2020-08-06,15.0
23481,GRF000153004,2020-08-05,16.58
23483,GRF000153004,2020-08-07,15.4
23484,GRF000153004,2020-08-10,14.87
23485,GRF000153004,2020-08-11,14.88
23486,GRF000153004,2020-08-12,15.47
23487,GRF000153004,2020-08-13,15.3
23488,GRF000153004,2020-08-14,15.3
23490,GRF000153004,2020-08-18,16.45
23489,GRF000153004,2020-08-17,15.3
23491,GRF000153004,2020-08-19,15.47
23492,GRF000153004,2020-08-20,15.4
23494,GRF000153004,2020-08-24,15.23
23493,GRF000153004,2020-08-21,15.47
23495,GRF000153004,2020-08-25,15.04
23496,GRF000153004,2020-08-26,15.23
23497,GRF000153004,2020-08-27,15.23
23498,GRF000153004,2020-08-28,15.23
23499,GRF000153004,2020-08-31,15.15
23500,GRF000153004,2020-09-01,15.5
23503,GRF000153004,2020-09-04,15.5
23504,GRF000153004,2020-09-07,15.1
23502,GRF000153004,2020-09-03,15.35
23501,GRF000153004,2020-09-02,15.05
23505,GRF000153004,2020-09-08,15.4
23506,GRF000153004,2020-09-09,15.4
23507,GRF000153004,2020-09-10,15.1
23508,GRF000153004,2020-09-11,15.4
23510,GRF000153004,2020-09-15,15.8
23509,GRF000153004,2020-09-14,15.5
23511,GRF000153004,2020-09-16,16.8
23512,GRF000153004,2020-09-17,16.8
23513,GRF000153004,2020-09-18,16.8
23514,GRF000153004,2020-09-21,16.0
23515,GRF000153004,2020-09-22,15.1
23516,GRF000153004,2020-09-23,15.1
23517,GRF000153004,2020-09-24,14.8
23518,GRF000153004,2020-09-25,14.9
23519,GRF000153004,2020-09-28,14.9
23520,GRF000153004,2020-09-29,15.4
23521,GRF000153004,2020-09-30,15.4
23522,GRF000153004,2020-10-01,15.0
23523,GRF000153004,2020-10-02,15.0
23524,GRF000153004,2020-10-05,14.9
23525,GRF000153004,2020-10-06,15.1
23526,GRF000153004,2020-10-07,15.3
23527,GRF000153004,2020-10-08,15.3
23528,GRF000153004,2020-10-09,15.4
23529,GRF000153004,2020-10-12,15.4
23530,GRF000153004,2020-10-13,15.5
23531,GRF000153004,2020-10-14,15.4
23534,GRF000153004,2020-10-19,14.8
23532,GRF000153004,2020-10-15,15.3
23536,GRF000153004,2020-10-21,14.7
23535,GRF000153004,2020-10-20,15.2
23537,GRF000153004,2020-10-22,14.6
23533,GRF000153004,2020-10-16,14.9
23538,GRF000153004,2020-10-23,14.6
23539,GRF000153004,2020-10-26,14.4
23540,GRF000153004,2020-10-27,14.2
23541,GRF000153004,2020-10-28,14.0
23542,GRF000153004,2020-10-29,14.3
23544,GRF000153004,2020-11-02,13.3
23543,GRF000153004,2020-10-30,14.3
23545,GRF000153004,2020-11-03,13.6
23546,GRF000153004,2020-11-04,13.8
23547,GRF000153004,2020-11-05,13.9
23548,GRF000153004,2020-11-06,13.9
23550,GRF000153004,2020-11-10,15.7
23553,GRF000153004,2020-11-13,15.7
23549,GRF000153004,2020-11-09,13.1
23555,GRF000153004,2020-11-17,15.2
23557,GRF000153004,2020-11-19,16.45
23551,GRF000153004,2020-11-11,14.3
23554,GRF000153004,2020-11-16,15.4
23552,GRF000153004,2020-11-12,15.2
23556,GRF000153004,2020-11-18,16.0
23558,GRF000153004,2020-11-20,16.56
23559,GRF000153004,2020-11-23,16.56
23560,GRF000153004,2020-11-24,16.8
23561,GRF000153004,2020-11-25,16.8
23564,GRF000153004,2020-11-30,17.39
23562,GRF000153004,2020-11-26,16.56
23563,GRF000153004,2020-11-27,17.12
23565,GRF000153004,2020-12-01,17.39
23566,GRF000153004,2020-12-02,18.12
23567,GRF000153004,2020-12-03,16.7
23568,GRF000153004,2020-12-04,15.0
23569,GRF000153004,2020-12-07,18.8
23570,GRF000153004,2020-12-08,18.9
23571,GRF000153004,2020-12-09,18.8
23572,GRF000153004,2020-12-10,18.9
23573,GRF000153004,2020-12-11,18.7
23575,GRF000153004,2020-12-15,18.8
23574,GRF000153004,2020-12-14,18.3
23576,GRF000153004,2020-12-16,19.0
23577,GRF000153004,2020-12-17,19.1
23578,GRF000153004,2020-12-18,19.1
23579,GRF000153004,2020-12-21,19.2
23580,GRF000153004,2020-12-22,19.1
23581,GRF000153004,2020-12-23,19.1
23582,GRF000153004,2020-12-24,18.9
23583,GRF000153004,2020-12-28,18.91
23584,GRF000153004,2020-12-29,19.5
23585,GRF000153004,2020-12-30,19.5
23586,GRF000153004,2020-12-31,19.56
23587,GRF000153004,2021-01-01,19.56
23588,GRF000153004,2021-01-04,19.56
23589,GRF000153004,2021-01-05,19.5
23590,GRF000153004,2021-01-06,19.56
23591,GRF000153004,2021-01-07,18.91
23592,GRF000153004,2021-01-08,19.53
23595,GRF000153004,2021-01-13,19.56
23593,GRF000153004,2021-01-11,19.24
23594,GRF000153004,2021-01-12,19.63
23596,GRF000153004,2021-01-14,18.98
23597,GRF000153004,2021-01-15,19.56
23598,GRF000153004,2021-01-18,19.56
23599,GRF000153004,2021-01-19,19.0
23600,GRF000153004,2021-01-20,19.27
23601,GRF000153004,2021-01-21,19.56
23602,GRF000153004,2021-01-22,19.25
23603,GRF000153004,2021-01-25,18.7
23604,GRF000153004,2021-01-26,18.2
23605,GRF000153004,2021-01-27,18.2
23606,GRF000153004,2021-01-28,18.2
23607,GRF000153004,2021-01-29,17.81
23608,GRF000153004,2021-02-01,18.04
23609,GRF000153004,2021-02-02,17.92
23610,GRF000153004,2021-02-03,17.92
23611,GRF000153004,2021-02-04,18.47
23612,GRF000153004,2021-02-05,18.47
23613,GRF000153004,2021-02-08,18.55
23614,GRF000153004,2021-02-09,18.64
23615,GRF000153004,2021-02-10,18.1
23616,GRF000153004,2021-02-11,18.13
23617,GRF000153004,2021-02-12,18.67
23618,GRF000153004,2021-02-15,18.67
23619,GRF000153004,2021-02-16,18.67
23620,GRF000153004,2021-02-17,18.1
23621,GRF000153004,2021-02-18,18.67
23622,GRF000153004,2021-02-19,18.85
23624,GRF000153004,2021-02-23,18.71
23623,GRF000153004,2021-02-22,18.65
23628,GRK014011008,2020-03-02,52.8
23629,GRK014011008,2020-03-03,56.4
23625,GRF000153004,2021-02-24,18.71
23626,GRF000153004,2021-02-25,19.02
23630,GRK014011008,2020-03-04,51.0
23627,GRF000153004,2021-02-26,18.65
23631,GRK014011008,2020-03-05,51.0
23633,GRK014011008,2020-03-09,50.0
23634,GRK014011008,2020-03-10,44.2
23632,GRK014011008,2020-03-06,55.4
23635,GRK014011008,2020-03-11,50.0
23636,GRK014011008,2020-03-12,55.4
23638,GRK014011008,2020-03-16,40.6
23640,GRK014011008,2020-03-18,46.3
23639,GRK014011008,2020-03-17,40.6
23644,GRK014011008,2020-03-24,51.8
23645,GRK014011008,2020-03-25,51.8
23648,GRK014011008,2020-03-30,49.2
23647,GRK014011008,2020-03-27,48.2
23646,GRK014011008,2020-03-26,49.2
23649,GRK014011008,2020-03-31,49.5
23650,GRK014011008,2020-04-01,49.5
23654,GRK014011008,2020-04-07,56.0
23658,GRK014011008,2020-04-13,49.8
23659,GRK014011008,2020-04-14,50.4
23660,GRK014011008,2020-04-15,50.4
23663,GRK014011008,2020-04-20,49.3
23661,GRK014011008,2020-04-16,50.1
23662,GRK014011008,2020-04-17,48.6
23664,GRK014011008,2020-04-21,49.2
23665,GRK014011008,2020-04-22,48.9
23666,GRK014011008,2020-04-23,50.4
23667,GRK014011008,2020-04-24,49.8
23668,GRK014011008,2020-04-27,50.4
23669,GRK014011008,2020-04-28,50.4
23670,GRK014011008,2020-04-29,48.9
23673,GRK014011008,2020-05-04,51.3
23671,GRK014011008,2020-04-30,50.4
23672,GRK014011008,2020-05-01,50.8
23674,GRK014011008,2020-05-05,50.4
23675,GRK014011008,2020-05-06,50.2
23676,GRK014011008,2020-05-07,48.9
23677,GRK014011008,2020-05-08,50.4
23678,GRK014011008,2020-05-11,50.0
23679,GRK014011008,2020-05-12,48.9
23682,GRK014011008,2020-05-15,54.0
23681,GRK014011008,2020-05-14,53.6
23683,GRK014011008,2020-05-18,53.6
23685,GRK014011008,2020-05-20,49.8
23680,GRK014011008,2020-05-13,50.2
23684,GRK014011008,2020-05-19,49.0
23686,GRK014011008,2020-05-21,53.0
23687,GRK014011008,2020-05-22,53.0
23688,GRK014011008,2020-05-25,53.0
23689,GRK014011008,2020-05-26,51.0
23690,GRK014011008,2020-05-27,53.6
23692,GRK014011008,2020-05-29,52.8
23691,GRK014011008,2020-05-28,50.0
23694,GRK014011008,2020-06-02,51.8
23693,GRK014011008,2020-06-01,50.8
23695,GRK014011008,2020-06-03,50.4
23696,GRK014011008,2020-06-04,53.6
23697,GRK014011008,2020-06-05,47.1
23698,GRK014011008,2020-06-08,46.7
23700,GRK014011008,2020-06-10,49.3
23699,GRK014011008,2020-06-09,53.0
23701,GRK014011008,2020-06-11,49.3
23703,GRK014011008,2020-06-15,51.0
23702,GRK014011008,2020-06-12,50.8
23704,GRK014011008,2020-06-16,48.0
23705,GRK014011008,2020-06-17,47.8
23706,GRK014011008,2020-06-18,49.3
23707,GRK014011008,2020-06-19,50.6
23708,GRK014011008,2020-06-22,50.4
23709,GRK014011008,2020-06-23,50.4
23710,GRK014011008,2020-06-24,46.1
23711,GRK014011008,2020-06-25,46.1
23712,GRK014011008,2020-06-26,46.6
23713,GRK014011008,2020-06-29,46.0
23714,GRK014011008,2020-06-30,46.7
23715,GRK014011008,2020-07-01,49.2
23716,GRK014011008,2020-07-02,49.0
23717,GRK014011008,2020-07-03,53.0
23718,GRK014011008,2020-07-06,49.0
23720,GRK014011008,2020-07-08,50.4
23721,GRK014011008,2020-07-09,50.4
23719,GRK014011008,2020-07-07,48.9
23722,GRK014011008,2020-07-10,49.5
23723,GRK014011008,2020-07-13,49.5
23724,GRK014011008,2020-07-14,49.2
23725,GRK014011008,2020-07-15,49.2
23726,GRK014011008,2020-07-16,46.3
23728,GRK014011008,2020-07-20,49.2
23727,GRK014011008,2020-07-17,46.3
23729,GRK014011008,2020-07-21,49.0
23730,GRK014011008,2020-07-22,49.5
23731,GRK014011008,2020-07-23,49.5
23733,GRK014011008,2020-07-27,49.0
23732,GRK014011008,2020-07-24,49.5
23734,GRK014011008,2020-07-28,49.5
23735,GRK014011008,2020-07-29,48.7
23736,GRK014011008,2020-07-30,49.0
23737,GRK014011008,2020-07-31,49.0
23738,GRK014011008,2020-08-03,49.0
23739,GRK014011008,2020-08-04,49.3
23741,GRK014011008,2020-08-06,49.5
23740,GRK014011008,2020-08-05,47.1
23742,GRK014011008,2020-08-07,47.3
23743,GRK014011008,2020-08-10,47.3
23744,GRK014011008,2020-08-11,48.7
23745,GRK014011008,2020-08-12,49.0
23747,GRK014011008,2020-08-14,46.7
23746,GRK014011008,2020-08-13,46.3
23748,GRK014011008,2020-08-17,45.9
23749,GRK014011008,2020-08-18,47.3
23750,GRK014011008,2020-08-19,46.0
23751,GRK014011008,2020-08-20,45.2
23755,GRK014011008,2020-08-26,49.0
23754,GRK014011008,2020-08-25,49.0
23753,GRK014011008,2020-08-24,45.2
23752,GRK014011008,2020-08-21,46.7
23757,GRK014011008,2020-08-28,48.9
23756,GRK014011008,2020-08-27,49.5
23758,GRK014011008,2020-08-31,45.2
23762,GRK014011008,2020-09-04,44.3
23763,GRK014011008,2020-09-07,45.0
23765,GRK014011008,2020-09-09,43.5
23760,GRK014011008,2020-09-02,45.0
23759,GRK014011008,2020-09-01,45.0
23764,GRK014011008,2020-09-08,44.3
23761,GRK014011008,2020-09-03,44.3
23766,GRK014011008,2020-09-10,42.1
23769,GRK014011008,2020-09-15,46.7
23768,GRK014011008,2020-09-14,42.1
23767,GRK014011008,2020-09-11,45.0
23770,GRK014011008,2020-09-16,46.7
23772,GRK014011008,2020-09-18,47.9
23773,GRK014011008,2020-09-21,42.1
23775,GRK014011008,2020-09-23,48.4
23771,GRK014011008,2020-09-17,48.9
23774,GRK014011008,2020-09-22,42.1
23776,GRK014011008,2020-09-24,48.0
23777,GRK014011008,2020-09-25,48.0
23778,GRK014011008,2020-09-28,48.0
23779,GRK014011008,2020-09-29,48.0
23780,GRK014011008,2020-09-30,48.3
23781,GRK014011008,2020-10-01,48.3
23782,GRK014011008,2020-10-02,48.3
23783,GRK014011008,2020-10-05,48.3
23784,GRK014011008,2020-10-06,49.5
23785,GRK014011008,2020-10-07,49.5
23786,GRK014011008,2020-10-08,47.6
23787,GRK014011008,2020-10-09,46.8
23788,GRK014011008,2020-10-12,46.8
23789,GRK014011008,2020-10-13,47.7
23790,GRK014011008,2020-10-14,47.7
23792,GRK014011008,2020-10-16,46.7
23791,GRK014011008,2020-10-15,47.7
23793,GRK014011008,2020-10-19,46.8
23794,GRK014011008,2020-10-20,48.4
23795,GRK014011008,2020-10-21,48.4
23796,GRK014011008,2020-10-22,48.4
23797,GRK014011008,2020-10-23,48.4
23798,GRK014011008,2020-10-26,52.8
23799,GRK014011008,2020-10-27,47.9
23800,GRK014011008,2020-10-28,48.0
23802,GRK014011008,2020-10-30,51.4
23801,GRK014011008,2020-10-29,51.4
23803,GRK014011008,2020-11-02,49.0
23804,GRK014011008,2020-11-03,47.0
23805,GRK014011008,2020-11-04,46.8
23806,GRK014011008,2020-11-05,47.1
23807,GRK014011008,2020-11-06,43.3
23808,GRK014011008,2020-11-09,42.1
23809,GRK014011008,2020-11-10,49.1
23812,GRK014011008,2020-11-13,47.7
23810,GRK014011008,2020-11-11,47.9
23811,GRK014011008,2020-11-12,48.5
23813,GRK014011008,2020-11-16,46.0
23814,GRK014011008,2020-11-17,45.1
23815,GRK014011008,2020-11-18,48.4
23816,GRK014011008,2020-11-19,46.3
23817,GRK014011008,2020-11-20,46.3
23818,GRK014011008,2020-11-23,46.3
23819,GRK014011008,2020-11-24,46.3
23821,GRK014011008,2020-11-26,47.7
23820,GRK014011008,2020-11-25,49.5
23822,GRK014011008,2020-11-27,47.3
23824,GRK014011008,2020-12-01,48.7
23823,GRK014011008,2020-11-30,46.7
23825,GRK014011008,2020-12-02,46.8
23826,GRK014011008,2020-12-03,48.3
23827,GRK014011008,2020-12-04,44.6
23828,GRK014011008,2020-12-07,48.4
23829,GRK014011008,2020-12-08,52.8
23830,GRK014011008,2020-12-09,51.0
23831,GRK014011008,2020-12-10,52.0
23832,GRK014011008,2020-12-11,46.1
23833,GRK014011008,2020-12-14,50.8
23834,GRK014011008,2020-12-15,50.0
23835,GRK014011008,2020-12-16,49.0
23836,GRK014011008,2020-12-17,48.0
23837,GRK014011008,2020-12-18,48.0
23838,GRK014011008,2020-12-21,49.0
23839,GRK014011008,2020-12-22,47.1
23840,GRK014011008,2020-12-23,51.8
23842,GRK014011008,2020-12-28,51.0
23841,GRK014011008,2020-12-24,50.6
23844,GRK014011008,2020-12-30,49.0
23843,GRK014011008,2020-12-29,52.0
23845,GRK014011008,2020-12-31,54.0
23846,GRK014011008,2021-01-01,56.2
23847,GRK014011008,2021-01-04,54.0
23848,GRK014011008,2021-01-05,53.4
23849,GRK014011008,2021-01-06,55.0
23850,GRK014011008,2021-01-07,54.8
23851,GRK014011008,2021-01-08,54.8
23852,GRK014011008,2021-01-11,55.0
23853,GRK014011008,2021-01-12,53.6
23854,GRK014011008,2021-01-13,54.6
23855,GRK014011008,2021-01-14,53.4
23856,GRK014011008,2021-01-15,53.4
23857,GRK014011008,2021-01-18,53.6
23858,GRK014011008,2021-01-19,52.6
23859,GRK014011008,2021-01-20,52.6
23860,GRK014011008,2021-01-21,52.6
23861,GRK014011008,2021-01-22,56.2
23862,GRK014011008,2021-01-25,51.2
23863,GRK014011008,2021-01-26,51.2
23864,GRK014011008,2021-01-27,60.0
23865,GRK014011008,2021-01-28,59.2
23866,GRK014011008,2021-01-29,60.8
23867,GRK014011008,2021-02-01,61.6
23868,GRK014011008,2021-02-02,61.6
23869,GRK014011008,2021-02-03,65.0
23870,GRK014011008,2021-02-04,59.2
23871,GRK014011008,2021-02-05,61.8
23872,GRK014011008,2021-02-08,61.8
23873,GRK014011008,2021-02-09,60.0
23874,GRK014011008,2021-02-10,61.8
23875,GRK014011008,2021-02-11,61.8
23876,GRK014011008,2021-02-12,58.0
23877,GRK014011008,2021-02-15,59.6
23878,GRK014011008,2021-02-16,59.6
23879,GRK014011008,2021-02-17,51.2
23880,GRK014011008,2021-02-18,59.2
23881,GRK014011008,2021-02-19,56.2
23882,GRK014011008,2021-02-22,58.6
23883,GRK014011008,2021-02-23,59.2
23884,GRK014011008,2021-02-24,54.2
23891,GRS001003037,2020-03-06,16.2
23890,GRS001003037,2020-03-05,15.3
23885,GRK014011008,2021-02-25,57.6
23892,GRS001003037,2020-03-09,15.0
23886,GRK014011008,2021-02-26,56.2
23900,GRS001003037,2020-03-19,9.8
23902,GRS001003037,2020-03-23,11.5
23907,GRS001003037,2020-03-30,9.8
23904,GRS001003037,2020-03-25,11.8
23909,GRS001003037,2020-04-01,12.3
23893,GRS001003037,2020-03-10,12.0
23912,GRS001003037,2020-04-06,11.4
23914,GRS001003037,2020-04-08,13.5
23913,GRS001003037,2020-04-07,13.1
23915,GRS001003037,2020-04-09,14.2
23916,GRS001003037,2020-04-10,14.5
23917,GRS001003037,2020-04-13,13.5
23918,GRS001003037,2020-04-14,13.7
23919,GRS001003037,2020-04-15,14.4
23920,GRS001003037,2020-04-16,14.5
23921,GRS001003037,2020-04-17,13.6
23922,GRS001003037,2020-04-20,13.9
23923,GRS001003037,2020-04-21,13.7
23924,GRS001003037,2020-04-22,14.2
23926,GRS001003037,2020-04-24,13.1
23928,GRS001003037,2020-04-28,13.5
23929,GRS001003037,2020-04-29,13.8
23930,GRS001003037,2020-04-30,13.5
23931,GRS001003037,2020-05-01,13.8
23932,GRS001003037,2020-05-04,13.5
23933,GRS001003037,2020-05-05,11.2
23934,GRS001003037,2020-05-06,12.6
23935,GRS001003037,2020-05-07,11.7
23936,GRS001003037,2020-05-08,12.1
23937,GRS001003037,2020-05-11,12.2
23938,GRS001003037,2020-05-12,12.1
23939,GRS001003037,2020-05-13,12.2
23940,GRS001003037,2020-05-14,12.5
23941,GRS001003037,2020-05-15,11.9
23942,GRS001003037,2020-05-18,11.6
23944,GRS001003037,2020-05-20,11.4
23946,GRS001003037,2020-05-22,11.6
23943,GRS001003037,2020-05-19,12.0
23945,GRS001003037,2020-05-21,11.2
23947,GRS001003037,2020-05-25,11.2
23948,GRS001003037,2020-05-26,12.0
23949,GRS001003037,2020-05-27,13.1
23950,GRS001003037,2020-05-28,13.5
23952,GRS001003037,2020-06-01,14.5
23951,GRS001003037,2020-05-29,14.2
23953,GRS001003037,2020-06-02,13.5
23955,GRS001003037,2020-06-04,14.4
23954,GRS001003037,2020-06-03,13.7
23956,GRS001003037,2020-06-05,13.6
23957,GRS001003037,2020-06-08,13.6
23958,GRS001003037,2020-06-09,13.9
23959,GRS001003037,2020-06-10,13.9
23960,GRS001003037,2020-06-11,12.7
23961,GRS001003037,2020-06-12,13.9
23963,GRS001003037,2020-06-16,12.7
23962,GRS001003037,2020-06-15,13.8
23965,GRS001003037,2020-06-18,13.3
23964,GRS001003037,2020-06-17,13.3
23966,GRS001003037,2020-06-19,12.2
23967,GRS001003037,2020-06-22,13.8
23968,GRS001003037,2020-06-23,12.5
23970,GRS001003037,2020-06-25,13.4
23969,GRS001003037,2020-06-24,12.1
23971,GRS001003037,2020-06-26,12.4
23972,GRS001003037,2020-06-29,12.4
23973,GRS001003037,2020-06-30,12.5
23974,GRS001003037,2020-07-01,12.1
23975,GRS001003037,2020-07-02,12.5
23977,GRS001003037,2020-07-06,12.5
23976,GRS001003037,2020-07-03,12.4
23978,GRS001003037,2020-07-07,12.1
23979,GRS001003037,2020-07-08,12.2
23980,GRS001003037,2020-07-09,12.1
23981,GRS001003037,2020-07-10,12.4
23984,GRS001003037,2020-07-15,11.7
23983,GRS001003037,2020-07-14,11.8
23985,GRS001003037,2020-07-16,11.9
23982,GRS001003037,2020-07-13,11.9
23986,GRS001003037,2020-07-17,11.7
23987,GRS001003037,2020-07-20,12.0
23988,GRS001003037,2020-07-21,12.0
23989,GRS001003037,2020-07-22,12.0
23990,GRS001003037,2020-07-23,11.7
23991,GRS001003037,2020-07-24,11.7
23992,GRS001003037,2020-07-27,11.5
23993,GRS001003037,2020-07-28,11.6
23994,GRS001003037,2020-07-29,11.5
23995,GRS001003037,2020-07-30,11.6
23996,GRS001003037,2020-07-31,11.3
23997,GRS001003037,2020-08-03,10.7
23998,GRS001003037,2020-08-04,11.4
23999,GRS001003037,2020-08-05,11.7
24000,GRS001003037,2020-08-06,11.4
24001,GRS001003037,2020-08-07,11.3
24002,GRS001003037,2020-08-10,11.6
24003,GRS001003037,2020-08-11,11.7
24006,GRS001003037,2020-08-14,10.6
24004,GRS001003037,2020-08-12,11.0
24005,GRS001003037,2020-08-13,11.3
24007,GRS001003037,2020-08-17,10.6
24009,GRS001003037,2020-08-19,11.2
24010,GRS001003037,2020-08-20,11.1
24008,GRS001003037,2020-08-18,10.8
24011,GRS001003037,2020-08-21,11.2
24012,GRS001003037,2020-08-24,10.6
24013,GRS001003037,2020-08-25,10.6
24015,GRS001003037,2020-08-27,11.2
24014,GRS001003037,2020-08-26,10.6
24016,GRS001003037,2020-08-28,10.6
24017,GRS001003037,2020-08-31,10.6
24018,GRS001003037,2020-09-01,10.6
24019,GRS001003037,2020-09-02,10.8
24020,GRS001003037,2020-09-03,10.8
24021,GRS001003037,2020-09-04,10.7
24022,GRS001003037,2020-09-07,10.1
24023,GRS001003037,2020-09-08,10.3
24024,GRS001003037,2020-09-09,10.1
24025,GRS001003037,2020-09-10,10.1
24026,GRS001003037,2020-09-11,10.3
24027,GRS001003037,2020-09-14,10.4
24030,GRS001003037,2020-09-17,10.63
24028,GRS001003037,2020-09-15,10.2
24029,GRS001003037,2020-09-16,10.78
24031,GRS001003037,2020-09-18,10.63
24032,GRS001003037,2020-09-21,10.5
24033,GRS001003037,2020-09-22,10.26
24034,GRS001003037,2020-09-23,10.26
24035,GRS001003037,2020-09-24,10.46
24036,GRS001003037,2020-09-25,10.14
24037,GRS001003037,2020-09-28,10.63
24038,GRS001003037,2020-09-29,10.36
24039,GRS001003037,2020-09-30,10.2
24040,GRS001003037,2020-10-01,10.84
24041,GRS001003037,2020-10-02,10.46
24042,GRS001003037,2020-10-05,10.08
24043,GRS001003037,2020-10-06,9.96
24044,GRS001003037,2020-10-07,10.48
24046,GRS001003037,2020-10-09,10.74
24045,GRS001003037,2020-10-08,10.38
24047,GRS001003037,2020-10-12,10.14
24049,GRS001003037,2020-10-14,10.21
24050,GRS001003037,2020-10-15,9.94
24048,GRS001003037,2020-10-13,10.1
24051,GRS001003037,2020-10-16,9.86
24053,GRS001003037,2020-10-20,9.8
24052,GRS001003037,2020-10-19,9.97
24054,GRS001003037,2020-10-21,9.92
24057,GRS001003037,2020-10-26,9.3
24056,GRS001003037,2020-10-23,9.29
24055,GRS001003037,2020-10-22,9.6
24058,GRS001003037,2020-10-27,8.23
24059,GRS001003037,2020-10-28,8.22
24060,GRS001003037,2020-10-29,8.93
24061,GRS001003037,2020-10-30,7.81
24062,GRS001003037,2020-11-02,8.1
24063,GRS001003037,2020-11-03,7.81
24064,GRS001003037,2020-11-04,9.3
24066,GRS001003037,2020-11-06,7.81
24065,GRS001003037,2020-11-05,7.81
24067,GRS001003037,2020-11-09,7.81
24070,GRS001003037,2020-11-12,10.02
24073,GRS001003037,2020-11-17,10.98
24075,GRS001003037,2020-11-19,11.53
24068,GRS001003037,2020-11-10,7.81
24069,GRS001003037,2020-11-11,11.7
24071,GRS001003037,2020-11-13,7.81
24072,GRS001003037,2020-11-16,11.57
24076,GRS001003037,2020-11-20,7.81
24074,GRS001003037,2020-11-18,7.81
24078,GRS001003037,2020-11-24,12.15
24079,GRS001003037,2020-11-25,12.39
24077,GRS001003037,2020-11-23,11.76
24080,GRS001003037,2020-11-26,12.42
24081,GRS001003037,2020-11-27,12.15
24082,GRS001003037,2020-11-30,12.15
24083,GRS001003037,2020-12-01,13.68
24084,GRS001003037,2020-12-02,14.49
24085,GRS001003037,2020-12-03,13.68
24086,GRS001003037,2020-12-04,13.86
24087,GRS001003037,2020-12-07,13.86
24088,GRS001003037,2020-12-08,13.77
24089,GRS001003037,2020-12-09,14.22
24092,GRS001003037,2020-12-14,13.8
24091,GRS001003037,2020-12-11,13.38
24090,GRS001003037,2020-12-10,14.4
24093,GRS001003037,2020-12-15,13.38
24094,GRS001003037,2020-12-16,13.8
24095,GRS001003037,2020-12-17,13.8
24096,GRS001003037,2020-12-18,12.51
24097,GRS001003037,2020-12-21,12.78
24098,GRS001003037,2020-12-22,13.14
24099,GRS001003037,2020-12-23,13.53
24100,GRS001003037,2020-12-24,13.8
24101,GRS001003037,2020-12-28,13.14
24103,GRS001003037,2020-12-30,13.14
24102,GRS001003037,2020-12-29,13.53
24104,GRS001003037,2020-12-31,13.89
24105,GRS001003037,2021-01-01,14.28
24106,GRS001003037,2021-01-04,14.07
24107,GRS001003037,2021-01-05,14.0
24108,GRS001003037,2021-01-06,14.0
24110,GRS001003037,2021-01-08,13.7
24109,GRS001003037,2021-01-07,13.1
24111,GRS001003037,2021-01-11,13.9
24112,GRS001003037,2021-01-12,13.3
24113,GRS001003037,2021-01-13,13.3
24114,GRS001003037,2021-01-14,13.1
24116,GRS001003037,2021-01-18,13.7
24115,GRS001003037,2021-01-15,13.1
24117,GRS001003037,2021-01-19,13.9
24118,GRS001003037,2021-01-20,13.3
24119,GRS001003037,2021-01-21,13.5
24120,GRS001003037,2021-01-22,14.2
24121,GRS001003037,2021-01-25,13.7
24122,GRS001003037,2021-01-26,13.4
24124,GRS001003037,2021-01-28,13.5
24123,GRS001003037,2021-01-27,12.9
24125,GRS001003037,2021-01-29,13.9
24126,GRS001003037,2021-02-01,12.3
24127,GRS001003037,2021-02-02,13.0
24128,GRS001003037,2021-02-03,12.3
24132,GRS001003037,2021-02-09,11.5
24130,GRS001003037,2021-02-05,11.5
24129,GRS001003037,2021-02-04,12.4
24131,GRS001003037,2021-02-08,11.5
24133,GRS001003037,2021-02-10,13.9
24134,GRS001003037,2021-02-11,12.0
24136,GRS001003037,2021-02-15,11.9
24135,GRS001003037,2021-02-12,11.6
24137,GRS001003037,2021-02-16,12.0
24138,GRS001003037,2021-02-17,11.9
24139,GRS001003037,2021-02-18,12.2
24140,GRS001003037,2021-02-19,12.0
24141,GRS001003037,2021-02-22,11.8
24142,GRS001003037,2021-02-23,11.6
24143,GRS001003037,2021-02-24,11.5
24151,GRS003003035,2020-03-09,1.78
24144,GRS001003037,2021-02-25,11.76
24145,GRS001003037,2021-02-26,11.52
24152,GRS003003035,2020-03-10,1.42
24153,GRS003003035,2020-03-11,1.78
24158,GRS003003035,2020-03-18,1.0
24159,GRS003003035,2020-03-19,1.0
24157,GRS003003035,2020-03-17,0.93
24161,GRS003003035,2020-03-23,1.0
24162,GRS003003035,2020-03-24,0.85
24163,GRS003003035,2020-03-25,0.85
24160,GRS003003035,2020-03-20,0.89
24167,GRS003003035,2020-03-31,2.41
24169,GRS003003035,2020-04-02,1.11
24165,GRS003003035,2020-03-27,0.85
24166,GRS003003035,2020-03-30,0.0
24172,GRS003003035,2020-04-07,1.02
24180,GRS003003035,2020-04-17,1.17
24179,GRS003003035,2020-04-16,1.21
24181,GRS003003035,2020-04-20,1.21
24170,GRS003003035,2020-04-03,0.85
24182,GRS003003035,2020-04-21,1.2203333
24178,GRS003003035,2020-04-15,0.85
24177,GRS003003035,2020-04-14,0.85
24183,GRS003003035,2020-04-22,1.0599999
24184,GRS003003035,2020-04-23,1.0745
24185,GRS003003035,2020-04-24,1.2
24186,GRS003003035,2020-04-27,1.0745
24187,GRS003003035,2020-04-28,1.2203333
24188,GRS003003035,2020-04-29,1.17
24189,GRS003003035,2020-04-30,1.2203333
24190,GRS003003035,2020-05-01,1.2203333
24191,GRS003003035,2020-05-04,1.2363
24192,GRS003003035,2020-05-05,1.13
24193,GRS003003035,2020-05-06,1.1799999
24194,GRS003003035,2020-05-07,1.152
24195,GRS003003035,2020-05-08,1.13
24197,GRS003003035,2020-05-12,1.13
24198,GRS003003035,2020-05-13,1.14
24196,GRS003003035,2020-05-11,1.13
24200,GRS003003035,2020-05-15,0.96
24199,GRS003003035,2020-05-14,1.0
24201,GRS003003035,2020-05-18,1.21
24202,GRS003003035,2020-05-19,0.96
24203,GRS003003035,2020-05-20,1.07
24204,GRS003003035,2020-05-21,1.01
24206,GRS003003035,2020-05-25,0.92
24205,GRS003003035,2020-05-22,0.95
24211,GRS003003035,2020-06-01,1.29
24212,GRS003003035,2020-06-02,1.3
24213,GRS003003035,2020-06-03,1.21
24214,GRS003003035,2020-06-04,1.36
24215,GRS003003035,2020-06-05,1.36
24216,GRS003003035,2020-06-08,1.45
24217,GRS003003035,2020-06-09,1.34
24218,GRS003003035,2020-06-10,1.46
24219,GRS003003035,2020-06-11,1.36
24220,GRS003003035,2020-06-12,1.24
24222,GRS003003035,2020-06-16,1.24
24221,GRS003003035,2020-06-15,1.26
24223,GRS003003035,2020-06-17,1.34
24224,GRS003003035,2020-06-18,1.36
24225,GRS003003035,2020-06-19,1.35
24226,GRS003003035,2020-06-22,1.39
24228,GRS003003035,2020-06-24,1.42
24227,GRS003003035,2020-06-23,1.37
24229,GRS003003035,2020-06-25,1.36
24230,GRS003003035,2020-06-26,1.39
24232,GRS003003035,2020-06-30,1.36
24231,GRS003003035,2020-06-29,1.28
24233,GRS003003035,2020-07-01,1.25
24234,GRS003003035,2020-07-02,1.28
24235,GRS003003035,2020-07-03,1.25
24236,GRS003003035,2020-07-06,1.25
24237,GRS003003035,2020-07-07,1.25
24238,GRS003003035,2020-07-08,1.28
24239,GRS003003035,2020-07-09,1.39
24242,GRS003003035,2020-07-14,1.25
24241,GRS003003035,2020-07-13,1.23
24240,GRS003003035,2020-07-10,1.22
24243,GRS003003035,2020-07-15,1.15
24244,GRS003003035,2020-07-16,1.13
24245,GRS003003035,2020-07-17,1.21
24246,GRS003003035,2020-07-20,1.25
24247,GRS003003035,2020-07-21,1.21
24248,GRS003003035,2020-07-22,1.29
24249,GRS003003035,2020-07-23,1.26
24250,GRS003003035,2020-07-24,1.22
24252,GRS003003035,2020-07-28,1.13
24251,GRS003003035,2020-07-27,1.23
24253,GRS003003035,2020-07-29,1.18
24254,GRS003003035,2020-07-30,1.15
24255,GRS003003035,2020-07-31,1.13
24257,GRS003003035,2020-08-04,1.14
24256,GRS003003035,2020-08-03,1.13
24258,GRS003003035,2020-08-05,1.14
24259,GRS003003035,2020-08-06,1.0
24262,GRS003003035,2020-08-11,1.14
24261,GRS003003035,2020-08-10,1.14
24260,GRS003003035,2020-08-07,1.26
24263,GRS003003035,2020-08-12,1.12
24264,GRS003003035,2020-08-13,1.14
24265,GRS003003035,2020-08-14,0.92
24266,GRS003003035,2020-08-17,1.11
24267,GRS003003035,2020-08-18,1.12
24268,GRS003003035,2020-08-19,1.18
24269,GRS003003035,2020-08-20,1.11
24270,GRS003003035,2020-08-21,1.12
24271,GRS003003035,2020-08-24,1.15
24272,GRS003003035,2020-08-25,1.15
24273,GRS003003035,2020-08-26,1.11
24274,GRS003003035,2020-08-27,1.16
24275,GRS003003035,2020-08-28,1.14
24276,GRS003003035,2020-08-31,1.15
24277,GRS003003035,2020-09-01,1.13
24278,GRS003003035,2020-09-02,1.13
24279,GRS003003035,2020-09-03,1.16
24282,GRS003003035,2020-09-08,1.17
24280,GRS003003035,2020-09-04,1.18
24281,GRS003003035,2020-09-07,1.13
24283,GRS003003035,2020-09-09,1.11
24284,GRS003003035,2020-09-10,1.18
24285,GRS003003035,2020-09-11,1.15
24286,GRS003003035,2020-09-14,1.17
24287,GRS003003035,2020-09-15,1.11
24289,GRS003003035,2020-09-17,1.21
24290,GRS003003035,2020-09-18,1.18
24288,GRS003003035,2020-09-16,1.04
24291,GRS003003035,2020-09-21,1.23
24292,GRS003003035,2020-09-22,1.24
24293,GRS003003035,2020-09-23,1.11
24294,GRS003003035,2020-09-24,1.13
24295,GRS003003035,2020-09-25,1.15
24296,GRS003003035,2020-09-28,1.15
24297,GRS003003035,2020-09-29,1.18
24298,GRS003003035,2020-09-30,1.11
24299,GRS003003035,2020-10-01,1.12
24300,GRS003003035,2020-10-02,1.08
24302,GRS003003035,2020-10-06,1.18
24303,GRS003003035,2020-10-07,1.15
24301,GRS003003035,2020-10-05,1.13
24304,GRS003003035,2020-10-08,1.11
24305,GRS003003035,2020-10-09,1.14
24306,GRS003003035,2020-10-12,1.14
24307,GRS003003035,2020-10-13,1.15
24308,GRS003003035,2020-10-14,1.13
24309,GRS003003035,2020-10-15,1.13
24310,GRS003003035,2020-10-16,1.04
24312,GRS003003035,2020-10-20,1.02
24311,GRS003003035,2020-10-19,1.12
24313,GRS003003035,2020-10-21,1.05
24314,GRS003003035,2020-10-22,1.03
24315,GRS003003035,2020-10-23,0.98
24316,GRS003003035,2020-10-26,1.06
24322,GRS003003035,2020-11-03,0.97
24324,GRS003003035,2020-11-05,0.99
24323,GRS003003035,2020-11-04,0.96
24327,GRS003003035,2020-11-10,1.19
24328,GRS003003035,2020-11-11,1.15
24320,GRS003003035,2020-10-30,0.97
24330,GRS003003035,2020-11-13,1.25
24326,GRS003003035,2020-11-09,0.96
24329,GRS003003035,2020-11-12,1.15
24331,GRS003003035,2020-11-16,1.25
24332,GRS003003035,2020-11-17,1.22
24321,GRS003003035,2020-11-02,0.97
24333,GRS003003035,2020-11-18,1.37
24334,GRS003003035,2020-11-19,1.22
24335,GRS003003035,2020-11-20,1.4
24336,GRS003003035,2020-11-23,1.41
24317,GRS003003035,2020-10-27,0.94
24325,GRS003003035,2020-11-06,0.96
24337,GRS003003035,2020-11-24,1.45
24338,GRS003003035,2020-11-25,1.11
24339,GRS003003035,2020-11-26,1.39
24342,GRS003003035,2020-12-01,1.2
24341,GRS003003035,2020-11-30,1.17
24343,GRS003003035,2020-12-02,1.75
24345,GRS003003035,2020-12-04,1.11
24344,GRS003003035,2020-12-03,1.8
24346,GRS003003035,2020-12-07,1.17
24347,GRS003003035,2020-12-08,0.99
24348,GRS003003035,2020-12-09,2.02
24349,GRS003003035,2020-12-10,2.02
24351,GRS003003035,2020-12-14,2.02
24350,GRS003003035,2020-12-11,1.9
24352,GRS003003035,2020-12-15,2.02
24353,GRS003003035,2020-12-16,2.12
24354,GRS003003035,2020-12-17,2.13
24355,GRS003003035,2020-12-18,2.16
24356,GRS003003035,2020-12-21,2.14
24357,GRS003003035,2020-12-22,2.13
24358,GRS003003035,2020-12-23,1.99
24359,GRS003003035,2020-12-24,1.99
24360,GRS003003035,2020-12-28,2.11
24361,GRS003003035,2020-12-29,2.25
24362,GRS003003035,2020-12-30,2.25
24363,GRS003003035,2020-12-31,2.25
24365,GRS003003035,2021-01-04,2.25
24364,GRS003003035,2021-01-01,2.25
24366,GRS003003035,2021-01-05,2.27
24367,GRS003003035,2021-01-06,2.17
24368,GRS003003035,2021-01-07,2.25
24369,GRS003003035,2021-01-08,2.11
24370,GRS003003035,2021-01-11,2.11
24371,GRS003003035,2021-01-12,2.01
24372,GRS003003035,2021-01-13,1.96
24319,GRS003003035,2020-10-29,0.93
24373,GRS003003035,2021-01-14,2.07
24374,GRS003003035,2021-01-15,1.91
24375,GRS003003035,2021-01-18,1.94
24376,GRS003003035,2021-01-19,1.93
24377,GRS003003035,2021-01-20,1.94
24379,GRS003003035,2021-01-22,2.17
24378,GRS003003035,2021-01-21,2.13
24380,GRS003003035,2021-01-25,2.13
24381,GRS003003035,2021-01-26,2.24
24383,GRS003003035,2021-01-28,1.81
24382,GRS003003035,2021-01-27,2.16
24384,GRS003003035,2021-01-29,1.98
24386,GRS003003035,2021-02-02,1.95
24385,GRS003003035,2021-02-01,1.94
24387,GRS003003035,2021-02-03,2.0
24388,GRS003003035,2021-02-04,2.05
24389,GRS003003035,2021-02-05,2.27
24391,GRS003003035,2021-02-09,2.27
24390,GRS003003035,2021-02-08,2.27
24392,GRS003003035,2021-02-10,2.01
24393,GRS003003035,2021-02-11,1.95
24394,GRS003003035,2021-02-12,2.01
24409,GRS004013009,2020-03-06,14.0
24395,GRS003003035,2021-02-15,2.25
24396,GRS003003035,2021-02-16,2.13
24397,GRS003003035,2021-02-17,2.1
24398,GRS003003035,2021-02-18,2.27
24407,GRS004013009,2020-03-04,14.7
24400,GRS003003035,2021-02-22,2.24
24399,GRS003003035,2021-02-19,2.17
24401,GRS003003035,2021-02-23,2.16
24403,GRS003003035,2021-02-25,1.98
24402,GRS003003035,2021-02-24,2.07
24404,GRS003003035,2021-02-26,2.25
24410,GRS004013009,2020-03-09,14.9
24411,GRS004013009,2020-03-10,12.7
24413,GRS004013009,2020-03-12,12.9
24412,GRS004013009,2020-03-11,13.0
24414,GRS004013009,2020-03-13,12.2
24415,GRS004013009,2020-03-16,12.6
24416,GRS004013009,2020-03-17,12.6
24417,GRS004013009,2020-03-18,12.1
24418,GRS004013009,2020-03-19,12.4
24419,GRS004013009,2020-03-20,12.4
24420,GRS004013009,2020-03-23,13.2
24421,GRS004013009,2020-03-24,13.0
24422,GRS004013009,2020-03-25,13.0
24423,GRS004013009,2020-03-26,13.0
24424,GRS004013009,2020-03-27,13.0
24425,GRS004013009,2020-03-30,12.7
24426,GRS004013009,2020-03-31,12.7
24427,GRS004013009,2020-04-01,12.8
24428,GRS004013009,2020-04-02,12.5
24429,GRS004013009,2020-04-03,12.6
24430,GRS004013009,2020-04-06,12.6
24431,GRS004013009,2020-04-07,13.0
24432,GRS004013009,2020-04-08,12.0
24433,GRS004013009,2020-04-09,13.0
24434,GRS004013009,2020-04-10,12.9
24435,GRS004013009,2020-04-13,12.9
24436,GRS004013009,2020-04-14,13.0
24437,GRS004013009,2020-04-15,13.0
24438,GRS004013009,2020-04-16,12.0
24439,GRS004013009,2020-04-17,12.9
24440,GRS004013009,2020-04-20,13.0
24442,GRS004013009,2020-04-22,13.1
24441,GRS004013009,2020-04-21,13.1
24443,GRS004013009,2020-04-23,12.9
24444,GRS004013009,2020-04-24,13.0
24445,GRS004013009,2020-04-27,13.0
24446,GRS004013009,2020-04-28,13.0
24447,GRS004013009,2020-04-29,13.0
24448,GRS004013009,2020-04-30,13.0
24449,GRS004013009,2020-05-01,13.1
24450,GRS004013009,2020-05-04,12.7
24452,GRS004013009,2020-05-06,12.9
24451,GRS004013009,2020-05-05,13.0
24453,GRS004013009,2020-05-07,13.0
24454,GRS004013009,2020-05-08,12.9
24455,GRS004013009,2020-05-11,13.0
24456,GRS004013009,2020-05-12,12.8
24457,GRS004013009,2020-05-13,12.7
24458,GRS004013009,2020-05-14,12.7
24459,GRS004013009,2020-05-15,13.0
24460,GRS004013009,2020-05-18,12.8
24462,GRS004013009,2020-05-20,12.7
24461,GRS004013009,2020-05-19,12.9
24463,GRS004013009,2020-05-21,12.7
24464,GRS004013009,2020-05-22,12.7
24465,GRS004013009,2020-05-25,13.0
24467,GRS004013009,2020-05-27,12.6
24468,GRS004013009,2020-05-28,13.0
24466,GRS004013009,2020-05-26,12.8
24469,GRS004013009,2020-05-29,13.2
24470,GRS004013009,2020-06-01,12.8
24473,GRS004013009,2020-06-04,12.8
24472,GRS004013009,2020-06-03,13.0
24471,GRS004013009,2020-06-02,13.0
24474,GRS004013009,2020-06-05,13.0
24475,GRS004013009,2020-06-08,13.1
24477,GRS004013009,2020-06-10,12.9
24476,GRS004013009,2020-06-09,13.0
24478,GRS004013009,2020-06-11,13.1
24479,GRS004013009,2020-06-12,13.0
24480,GRS004013009,2020-06-15,13.2
24481,GRS004013009,2020-06-16,13.2
24482,GRS004013009,2020-06-17,12.9
24483,GRS004013009,2020-06-18,13.2
24484,GRS004013009,2020-06-19,13.1
24485,GRS004013009,2020-06-22,13.1
24487,GRS004013009,2020-06-24,12.9
24486,GRS004013009,2020-06-23,13.2
24488,GRS004013009,2020-06-25,12.8
24489,GRS004013009,2020-06-26,12.8
24490,GRS004013009,2020-06-29,13.1
24492,GRS004013009,2020-07-01,12.9
24491,GRS004013009,2020-06-30,12.7
24493,GRS004013009,2020-07-02,12.9
24494,GRS004013009,2020-07-03,13.0
24495,GRS004013009,2020-07-06,13.0
24496,GRS004013009,2020-07-07,12.8
24497,GRS004013009,2020-07-08,12.7
24498,GRS004013009,2020-07-09,12.9
24499,GRS004013009,2020-07-10,12.8
24500,GRS004013009,2020-07-13,12.8
24501,GRS004013009,2020-07-14,12.8
24502,GRS004013009,2020-07-15,12.8
24503,GRS004013009,2020-07-16,13.0
24504,GRS004013009,2020-07-17,13.0
24505,GRS004013009,2020-07-20,13.0
24506,GRS004013009,2020-07-21,13.0
24507,GRS004013009,2020-07-22,12.7
24508,GRS004013009,2020-07-23,12.9
24509,GRS004013009,2020-07-24,13.1
24510,GRS004013009,2020-07-27,12.9
24511,GRS004013009,2020-07-28,13.0
24512,GRS004013009,2020-07-29,13.3
24513,GRS004013009,2020-07-30,12.9
24514,GRS004013009,2020-07-31,12.9
24515,GRS004013009,2020-08-03,13.0
24516,GRS004013009,2020-08-04,13.1
24517,GRS004013009,2020-08-05,12.9
24518,GRS004013009,2020-08-06,12.9
24519,GRS004013009,2020-08-07,12.7
24520,GRS004013009,2020-08-10,13.1
24521,GRS004013009,2020-08-11,12.9
24523,GRS004013009,2020-08-13,13.0
24522,GRS004013009,2020-08-12,12.9
24524,GRS004013009,2020-08-14,13.2
24525,GRS004013009,2020-08-17,13.3
24527,GRS004013009,2020-08-19,13.3
24526,GRS004013009,2020-08-18,13.3
24530,GRS004013009,2020-08-24,13.0
24531,GRS004013009,2020-08-25,13.2
24532,GRS004013009,2020-08-26,13.0
24534,GRS004013009,2020-08-28,13.1
24533,GRS004013009,2020-08-27,13.2
24535,GRS004013009,2020-08-31,13.2
24536,GRS004013009,2020-09-01,13.1
24537,GRS004013009,2020-09-02,13.3
24538,GRS004013009,2020-09-03,13.02
24539,GRS004013009,2020-09-04,13.3
24540,GRS004013009,2020-09-07,13.44
24541,GRS004013009,2020-09-08,12.84
24542,GRS004013009,2020-09-09,13.0
24543,GRS004013009,2020-09-10,13.16
24544,GRS004013009,2020-09-11,13.24
24545,GRS004013009,2020-09-14,13.18
24546,GRS004013009,2020-09-15,13.18
24547,GRS004013009,2020-09-16,13.36
24548,GRS004013009,2020-09-17,13.44
24549,GRS004013009,2020-09-18,13.2
24550,GRS004013009,2020-09-21,13.16
24551,GRS004013009,2020-09-22,13.28
24552,GRS004013009,2020-09-23,13.4
24553,GRS004013009,2020-09-24,13.34
24555,GRS004013009,2020-09-28,13.46
24554,GRS004013009,2020-09-25,13.28
24556,GRS004013009,2020-09-29,13.16
24557,GRS004013009,2020-09-30,13.3
24558,GRS004013009,2020-10-01,13.0
24559,GRS004013009,2020-10-02,13.2
24560,GRS004013009,2020-10-05,13.2
24561,GRS004013009,2020-10-06,13.3
24562,GRS004013009,2020-10-07,13.4
24564,GRS004013009,2020-10-09,13.4
24563,GRS004013009,2020-10-08,13.4
24565,GRS004013009,2020-10-12,13.5
24566,GRS004013009,2020-10-13,13.6
24567,GRS004013009,2020-10-14,13.5
24568,GRS004013009,2020-10-15,13.5
24569,GRS004013009,2020-10-16,13.3
24570,GRS004013009,2020-10-19,13.3
24571,GRS004013009,2020-10-20,13.5
24572,GRS004013009,2020-10-21,13.5
24573,GRS004013009,2020-10-22,13.2
24574,GRS004013009,2020-10-23,13.3
24575,GRS004013009,2020-10-26,13.4
24576,GRS004013009,2020-10-27,13.3
24577,GRS004013009,2020-10-28,13.3
24578,GRS004013009,2020-10-29,13.4
24579,GRS004013009,2020-10-30,13.2
24580,GRS004013009,2020-11-02,13.4
24581,GRS004013009,2020-11-03,13.3
24582,GRS004013009,2020-11-04,13.4
24583,GRS004013009,2020-11-05,13.3
24584,GRS004013009,2020-11-06,13.4
24585,GRS004013009,2020-11-09,13.3
24586,GRS004013009,2020-11-10,13.9
24587,GRS004013009,2020-11-11,13.9
24588,GRS004013009,2020-11-12,14.1
24589,GRS004013009,2020-11-13,13.5
24590,GRS004013009,2020-11-16,14.4
24591,GRS004013009,2020-11-17,13.5
24592,GRS004013009,2020-11-18,14.8
24593,GRS004013009,2020-11-19,15.0
24594,GRS004013009,2020-11-20,14.9
24595,GRS004013009,2020-11-23,14.9
24596,GRS004013009,2020-11-24,15.0
24597,GRS004013009,2020-11-25,15.0
24598,GRS004013009,2020-11-26,15.1
24599,GRS004013009,2020-11-27,15.2
24600,GRS004013009,2020-11-30,15.2
24601,GRS004013009,2020-12-01,15.2
24602,GRS004013009,2020-12-02,15.2
24603,GRS004013009,2020-12-03,15.1
24604,GRS004013009,2020-12-04,15.4
24605,GRS004013009,2020-12-07,15.2
24606,GRS004013009,2020-12-08,15.1
24607,GRS004013009,2020-12-09,15.7
24608,GRS004013009,2020-12-10,15.7
24609,GRS004013009,2020-12-11,15.9
24610,GRS004013009,2020-12-14,15.0
24611,GRS004013009,2020-12-15,15.9
24612,GRS004013009,2020-12-16,15.9
24613,GRS004013009,2020-12-17,15.4
24614,GRS004013009,2020-12-18,15.9
24615,GRS004013009,2020-12-21,15.4
24616,GRS004013009,2020-12-22,15.4
24617,GRS004013009,2020-12-23,14.5
24619,GRS004013009,2020-12-28,15.8
24618,GRS004013009,2020-12-24,15.7
24620,GRS004013009,2020-12-29,15.7
24623,GRS004013009,2021-01-01,15.7
24624,GRS004013009,2021-01-04,15.8
24622,GRS004013009,2020-12-31,15.8
24625,GRS004013009,2021-01-05,16.0
24621,GRS004013009,2020-12-30,15.7
24626,GRS004013009,2021-01-06,15.8
24627,GRS004013009,2021-01-07,16.0
24628,GRS004013009,2021-01-08,16.1
24629,GRS004013009,2021-01-11,15.9
24630,GRS004013009,2021-01-12,16.1
24631,GRS004013009,2021-01-13,16.0
24632,GRS004013009,2021-01-14,15.8
24633,GRS004013009,2021-01-15,15.9
24634,GRS004013009,2021-01-18,15.9
24635,GRS004013009,2021-01-19,15.9
24636,GRS004013009,2021-01-20,15.9
24637,GRS004013009,2021-01-21,16.0
24639,GRS004013009,2021-01-25,15.6
24640,GRS004013009,2021-01-26,15.9
24638,GRS004013009,2021-01-22,15.9
24642,GRS004013009,2021-01-28,16.0
24649,GRS004013009,2021-02-08,15.98
24648,GRS004013009,2021-02-05,15.77
24652,GRS004013009,2021-02-11,15.5
24653,GRS004013009,2021-02-12,15.5
24657,GRS004013009,2021-02-18,15.5
24658,GRS004013009,2021-02-19,15.7
24659,GRS004013009,2021-02-22,15.7
24660,GRS004013009,2021-02-23,15.6
24661,GRS004013009,2021-02-24,15.4
24662,GRS004013009,2021-02-25,15.6
24670,GRS014003032,2020-03-10,23.14
24669,GRS014003032,2020-03-09,28.51
24663,GRS004013009,2021-02-26,15.5
24680,GRS014003032,2020-03-24,15.41
24681,GRS014003032,2020-03-25,17.62
24682,GRS014003032,2020-03-26,16.06
24683,GRS014003032,2020-03-27,15.41
24685,GRS014003032,2020-03-31,19.76
24686,GRS014003032,2020-04-01,19.17
24687,GRS014003032,2020-04-02,15.41
24688,GRS014003032,2020-04-03,15.21
24690,GRS014003032,2020-04-07,18.24
24689,GRS014003032,2020-04-06,18.24
24684,GRS014003032,2020-03-30,41.57
24691,GRS014003032,2020-04-08,21.02
24692,GRS014003032,2020-04-09,21.44
24695,GRS014003032,2020-04-14,20.85
24693,GRS014003032,2020-04-10,21.44
24694,GRS014003032,2020-04-13,21.44
24696,GRS014003032,2020-04-15,21.76
24697,GRS014003032,2020-04-16,21.76
24698,GRS014003032,2020-04-17,20.1
24699,GRS014003032,2020-04-20,20.1
24700,GRS014003032,2020-04-21,20.41
24701,GRS014003032,2020-04-22,17.92
24702,GRS014003032,2020-04-23,17.82
24703,GRS014003032,2020-04-24,17.82
24704,GRS014003032,2020-04-27,17.92
24705,GRS014003032,2020-04-28,17.82
24706,GRS014003032,2020-04-29,17.92
24707,GRS014003032,2020-04-30,17.92
24708,GRS014003032,2020-05-01,19.49
24709,GRS014003032,2020-05-04,19.7
24710,GRS014003032,2020-05-05,21.02
24711,GRS014003032,2020-05-06,21.44
24712,GRS014003032,2020-05-07,18.02
24713,GRS014003032,2020-05-08,17.816
24714,GRS014003032,2020-05-11,17.936001
24715,GRS014003032,2020-05-12,17.816
24716,GRS014003032,2020-05-13,17.816
24717,GRS014003032,2020-05-14,17.936001
24718,GRS014003032,2020-05-15,16.856001
24719,GRS014003032,2020-05-18,16.959999
24720,GRS014003032,2020-05-19,17.92
24721,GRS014003032,2020-05-20,17.816
24722,GRS014003032,2020-05-21,17.816
24723,GRS014003032,2020-05-22,15.208
24724,GRS014003032,2020-05-25,18.24
24725,GRS014003032,2020-05-26,17.440001
24726,GRS014003032,2020-05-27,19.6
24727,GRS014003032,2020-05-28,23.040001
24729,GRS014003032,2020-06-01,22.639999
24728,GRS014003032,2020-05-29,22.879999
24730,GRS014003032,2020-06-02,23.040001
24731,GRS014003032,2020-06-03,22.24
24732,GRS014003032,2020-06-04,23.024
24733,GRS014003032,2020-06-05,23.200001
24734,GRS014003032,2020-06-08,24.351999
24735,GRS014003032,2020-06-09,23.1712
24736,GRS014003032,2020-06-10,25.120001
24737,GRS014003032,2020-06-11,24.327999
24738,GRS014003032,2020-06-12,23.04
24739,GRS014003032,2020-06-15,24.33
24740,GRS014003032,2020-06-16,23.04
24741,GRS014003032,2020-06-17,23.22
24742,GRS014003032,2020-06-18,26.38
24744,GRS014003032,2020-06-22,26.38
24743,GRS014003032,2020-06-19,24.81
24745,GRS014003032,2020-06-23,26.55
24746,GRS014003032,2020-06-24,27.4
24747,GRS014003032,2020-06-25,26.64
24748,GRS014003032,2020-06-26,27.4
24749,GRS014003032,2020-06-29,26.38
24750,GRS014003032,2020-06-30,26.55
24751,GRS014003032,2020-07-01,27.49
24752,GRS014003032,2020-07-02,27.04
24754,GRS014003032,2020-07-06,27.49
24753,GRS014003032,2020-07-03,27.4
24755,GRS014003032,2020-07-07,27.04
24756,GRS014003032,2020-07-08,24.85
24757,GRS014003032,2020-07-09,26.64
24758,GRS014003032,2020-07-10,23.71
24759,GRS014003032,2020-07-13,27.04
24760,GRS014003032,2020-07-14,27.4
24761,GRS014003032,2020-07-15,20.16
24762,GRS014003032,2020-07-16,20.16
24763,GRS014003032,2020-07-17,19.76
24764,GRS014003032,2020-07-20,20.32
24765,GRS014003032,2020-07-21,20.0
24767,GRS014003032,2020-07-23,19.7
24766,GRS014003032,2020-07-22,19.7
24768,GRS014003032,2020-07-24,19.7
24769,GRS014003032,2020-07-27,18.37
24770,GRS014003032,2020-07-28,18.02
24772,GRS014003032,2020-07-30,17.94
24771,GRS014003032,2020-07-29,20.48
24774,GRS014003032,2020-08-03,18.37
24773,GRS014003032,2020-07-31,17.87
24775,GRS014003032,2020-08-04,18.02
24776,GRS014003032,2020-08-05,17.63
24777,GRS014003032,2020-08-06,20.05
24778,GRS014003032,2020-08-07,20.48
24779,GRS014003032,2020-08-10,19.49
24780,GRS014003032,2020-08-11,18.37
24781,GRS014003032,2020-08-12,18.02
24782,GRS014003032,2020-08-13,18.02
24784,GRS014003032,2020-08-17,18.72
24783,GRS014003032,2020-08-14,17.44
24785,GRS014003032,2020-08-18,17.6
24786,GRS014003032,2020-08-19,19.49
24787,GRS014003032,2020-08-20,19.7
24788,GRS014003032,2020-08-21,19.7
24789,GRS014003032,2020-08-24,20.32
24790,GRS014003032,2020-08-25,19.84
24791,GRS014003032,2020-08-26,19.92
24792,GRS014003032,2020-08-27,19.52
24793,GRS014003032,2020-08-28,19.39
24794,GRS014003032,2020-08-31,19.68
24795,GRS014003032,2020-09-01,19.68
24796,GRS014003032,2020-09-02,19.31
24797,GRS014003032,2020-09-03,20.48
24798,GRS014003032,2020-09-04,20.11
24799,GRS014003032,2020-09-07,19.84
24800,GRS014003032,2020-09-08,19.39
24801,GRS014003032,2020-09-09,19.17
24802,GRS014003032,2020-09-10,18.21
24804,GRS014003032,2020-09-14,19.04
24803,GRS014003032,2020-09-11,18.52
24805,GRS014003032,2020-09-15,17.6
24807,GRS014003032,2020-09-17,17.6
24806,GRS014003032,2020-09-16,19.92
24808,GRS014003032,2020-09-18,17.6
24809,GRS014003032,2020-09-21,18.22
24810,GRS014003032,2020-09-22,18.72
24812,GRS014003032,2020-09-24,17.6
24811,GRS014003032,2020-09-23,18.52
24813,GRS014003032,2020-09-25,19.46
24814,GRS014003032,2020-09-28,17.41
24815,GRS014003032,2020-09-29,17.44
24816,GRS014003032,2020-09-30,16.32
24817,GRS014003032,2020-10-01,16.32
24818,GRS014003032,2020-10-02,17.09
24819,GRS014003032,2020-10-05,16.64
24820,GRS014003032,2020-10-06,16.64
24821,GRS014003032,2020-10-07,23.04
24822,GRS014003032,2020-10-08,17.85
24823,GRS014003032,2020-10-09,18.24
24824,GRS014003032,2020-10-12,18.14
24825,GRS014003032,2020-10-13,17.44
24827,GRS014003032,2020-10-15,16.98
24826,GRS014003032,2020-10-14,17.44
24828,GRS014003032,2020-10-16,16.8
24829,GRS014003032,2020-10-19,16.53
24830,GRS014003032,2020-10-20,16.43
24831,GRS014003032,2020-10-21,16.53
24832,GRS014003032,2020-10-22,15.93
24833,GRS014003032,2020-10-23,15.04
24834,GRS014003032,2020-10-26,15.04
24835,GRS014003032,2020-10-27,11.49
24836,GRS014003032,2020-10-28,20.32
24837,GRS014003032,2020-10-29,11.49
24838,GRS014003032,2020-10-30,24.45
24839,GRS014003032,2020-11-02,10.4
24842,GRS014003032,2020-11-05,10.88
24840,GRS014003032,2020-11-03,0.0
24844,GRS014003032,2020-11-09,11.24
24843,GRS014003032,2020-11-06,11.2
24841,GRS014003032,2020-11-04,9.92
24845,GRS014003032,2020-11-10,13.37
24847,GRS014003032,2020-11-12,11.98
24846,GRS014003032,2020-11-11,12.19
24848,GRS014003032,2020-11-13,11.68
24849,GRS014003032,2020-11-16,11.68
24850,GRS014003032,2020-11-17,9.92
24851,GRS014003032,2020-11-18,13.96
24852,GRS014003032,2020-11-19,13.96
24853,GRS014003032,2020-11-20,16.0
24854,GRS014003032,2020-11-23,16.64
24855,GRS014003032,2020-11-24,15.54
24856,GRS014003032,2020-11-25,17.12
24857,GRS014003032,2020-11-26,16.32
24861,GRS014003032,2020-12-02,19.2
24862,GRS014003032,2020-12-03,19.2
24863,GRS014003032,2020-12-04,19.2
24864,GRS014003032,2020-12-07,19.2
24865,GRS014003032,2020-12-08,19.68
24866,GRS014003032,2020-12-09,19.68
24867,GRS014003032,2020-12-10,20.88
24868,GRS014003032,2020-12-11,19.39
24870,GRS014003032,2020-12-15,19.68
24869,GRS014003032,2020-12-14,19.39
24871,GRS014003032,2020-12-16,20.48
24872,GRS014003032,2020-12-17,19.31
24873,GRS014003032,2020-12-18,19.76
24874,GRS014003032,2020-12-21,19.15
24875,GRS014003032,2020-12-22,17.33
24876,GRS014003032,2020-12-23,19.39
24877,GRS014003032,2020-12-24,16.96
24878,GRS014003032,2020-12-28,17.95
24879,GRS014003032,2020-12-29,19.31
24880,GRS014003032,2020-12-30,20.0
24882,GRS014003032,2021-01-01,16.64
24881,GRS014003032,2020-12-31,18.52
24883,GRS014003032,2021-01-04,20.23
24884,GRS014003032,2021-01-05,19.92
24885,GRS014003032,2021-01-06,19.52
24886,GRS014003032,2021-01-07,20.27
24887,GRS014003032,2021-01-08,20.0
24888,GRS014003032,2021-01-11,20.0
24889,GRS014003032,2021-01-12,18.78
24892,GRS014003032,2021-01-15,17.1
24891,GRS014003032,2021-01-14,17.1
24890,GRS014003032,2021-01-13,17.38
24893,GRS014003032,2021-01-18,18.78
24894,GRS014003032,2021-01-19,17.1
24896,GRS014003032,2021-01-21,17.74
24895,GRS014003032,2021-01-20,17.95
24897,GRS014003032,2021-01-22,17.28
24898,GRS014003032,2021-01-25,17.3
24899,GRS014003032,2021-01-26,17.6
24900,GRS014003032,2021-01-27,14.74
24901,GRS014003032,2021-01-28,14.85
24902,GRS014003032,2021-01-29,14.85
24903,GRS014003032,2021-02-01,14.72
24904,GRS014003032,2021-02-02,14.72
24905,GRS014003032,2021-02-03,14.4
24906,GRS014003032,2021-02-04,14.24
24907,GRS014003032,2021-02-05,13.84
24908,GRS014003032,2021-02-08,13.58
24911,GRS014003032,2021-02-11,11.2
24909,GRS014003032,2021-02-09,13.99
24910,GRS014003032,2021-02-10,13.99
24912,GRS014003032,2021-02-12,11.24
24913,GRS014003032,2021-02-15,11.45
24914,GRS014003032,2021-02-16,11.94
24915,GRS014003032,2021-02-17,12.19
24916,GRS014003032,2021-02-18,12.83
24917,GRS014003032,2021-02-19,12.1
24918,GRS014003032,2021-02-22,11.29
24919,GRS014003032,2021-02-23,12.1
24920,GRS014003032,2021-02-24,13.25
24921,GRS014003032,2021-02-25,13.44
24932,GRS015003007,2020-03-13,0.85
24922,GRS014003032,2021-02-26,12.06
24947,GRS015003007,2020-04-03,0.63
24929,GRS015003007,2020-03-10,0.9
24948,GRS015003007,2020-04-06,0.53
24955,GRS015003007,2020-04-15,0.73
24956,GRS015003007,2020-04-16,0.69
24957,GRS015003007,2020-04-17,0.73
24958,GRS015003007,2020-04-20,0.73
24945,GRS015003007,2020-04-01,0.68
24946,GRS015003007,2020-04-02,0.62
24961,GRS015003007,2020-04-23,0.6
24963,GRS015003007,2020-04-27,0.606
24966,GRS015003007,2020-04-30,0.695
24968,GRS015003007,2020-05-04,0.66
24969,GRS015003007,2020-05-05,0.612
24970,GRS015003007,2020-05-06,0.63
24962,GRS015003007,2020-04-24,0.625
24971,GRS015003007,2020-05-07,0.615
24972,GRS015003007,2020-05-08,0.61
24973,GRS015003007,2020-05-11,0.606
24974,GRS015003007,2020-05-12,0.6
24975,GRS015003007,2020-05-13,0.625
24976,GRS015003007,2020-05-14,0.53
24977,GRS015003007,2020-05-15,0.52
24978,GRS015003007,2020-05-18,0.682
24979,GRS015003007,2020-05-19,0.695
24981,GRS015003007,2020-05-21,0.66
24982,GRS015003007,2020-05-22,0.53
24984,GRS015003007,2020-05-26,0.6
24985,GRS015003007,2020-05-27,0.498
24983,GRS015003007,2020-05-25,0.498
24986,GRS015003007,2020-05-28,0.498
24987,GRS015003007,2020-05-29,0.498
24988,GRS015003007,2020-06-01,0.609
24989,GRS015003007,2020-06-02,0.498
24959,GRS015003007,2020-04-21,0.68
24991,GRS015003007,2020-06-04,0.498
24990,GRS015003007,2020-06-03,0.498
24992,GRS015003007,2020-06-05,0.606
24993,GRS015003007,2020-06-08,0.6
24994,GRS015003007,2020-06-09,0.682
24995,GRS015003007,2020-06-10,0.6
24996,GRS015003007,2020-06-11,0.6
24997,GRS015003007,2020-06-12,0.6
24998,GRS015003007,2020-06-15,0.7
24999,GRS015003007,2020-06-16,0.7
25001,GRS015003007,2020-06-18,0.7
25002,GRS015003007,2020-06-19,0.6
25004,GRS015003007,2020-06-23,0.7
25003,GRS015003007,2020-06-22,0.7
25005,GRS015003007,2020-06-24,0.7
25006,GRS015003007,2020-06-25,0.7
25007,GRS015003007,2020-06-26,0.6
25008,GRS015003007,2020-06-29,0.7
25009,GRS015003007,2020-06-30,0.6
25010,GRS015003007,2020-07-01,0.6
25011,GRS015003007,2020-07-02,0.7
25012,GRS015003007,2020-07-03,0.7
25013,GRS015003007,2020-07-06,0.7
25014,GRS015003007,2020-07-07,0.7
25016,GRS015003007,2020-07-09,0.7
25015,GRS015003007,2020-07-08,0.7
25017,GRS015003007,2020-07-10,0.7
25018,GRS015003007,2020-07-13,0.6
25019,GRS015003007,2020-07-14,0.6
25020,GRS015003007,2020-07-15,0.6
25021,GRS015003007,2020-07-16,0.6
25022,GRS015003007,2020-07-17,0.6
25023,GRS015003007,2020-07-20,0.6
25024,GRS015003007,2020-07-21,0.6
25025,GRS015003007,2020-07-22,0.6
25026,GRS015003007,2020-07-23,0.61
25028,GRS015003007,2020-07-27,0.6
25027,GRS015003007,2020-07-24,0.606
25029,GRS015003007,2020-07-28,0.592
25031,GRS015003007,2020-07-30,0.552
25030,GRS015003007,2020-07-29,0.564
25032,GRS015003007,2020-07-31,0.525
25033,GRS015003007,2020-08-03,0.522
25034,GRS015003007,2020-08-04,0.505
25035,GRS015003007,2020-08-05,0.549
25036,GRS015003007,2020-08-06,0.562
25037,GRS015003007,2020-08-07,0.576
25039,GRS015003007,2020-08-11,0.495
25038,GRS015003007,2020-08-10,0.519
25040,GRS015003007,2020-08-12,0.501
25041,GRS015003007,2020-08-13,0.516
25042,GRS015003007,2020-08-14,0.507
25043,GRS015003007,2020-08-17,0.495
25044,GRS015003007,2020-08-18,0.576
25045,GRS015003007,2020-08-19,0.605
25048,GRS015003007,2020-08-24,0.54
25057,GRS015003007,2020-09-04,0.589
25058,GRS015003007,2020-09-07,0.589
25059,GRS015003007,2020-09-08,0.588
25060,GRS015003007,2020-09-09,0.567
25061,GRS015003007,2020-09-10,0.577
25062,GRS015003007,2020-09-11,0.576
25063,GRS015003007,2020-09-14,0.589
25049,GRS015003007,2020-08-25,0.531
25047,GRS015003007,2020-08-21,0.495
25064,GRS015003007,2020-09-15,0.604
25065,GRS015003007,2020-09-16,0.588
25066,GRS015003007,2020-09-17,0.588
25067,GRS015003007,2020-09-18,0.578
25068,GRS015003007,2020-09-21,0.564
25069,GRS015003007,2020-09-22,0.523
25070,GRS015003007,2020-09-23,0.523
25071,GRS015003007,2020-09-24,0.516
25072,GRS015003007,2020-09-25,0.516
25073,GRS015003007,2020-09-28,0.514
25075,GRS015003007,2020-09-30,0.525
25074,GRS015003007,2020-09-29,0.509
25077,GRS015003007,2020-10-02,0.525
25076,GRS015003007,2020-10-01,0.518
25078,GRS015003007,2020-10-05,0.506
25079,GRS015003007,2020-10-06,0.507
25080,GRS015003007,2020-10-07,0.507
25081,GRS015003007,2020-10-08,0.525
25082,GRS015003007,2020-10-09,0.534
25083,GRS015003007,2020-10-12,0.54
25084,GRS015003007,2020-10-13,0.517
25085,GRS015003007,2020-10-14,0.516
25086,GRS015003007,2020-10-15,0.516
25087,GRS015003007,2020-10-16,0.493
25088,GRS015003007,2020-10-19,0.493
25090,GRS015003007,2020-10-21,0.515
25089,GRS015003007,2020-10-20,0.496
25091,GRS015003007,2020-10-22,0.496
25092,GRS015003007,2020-10-23,0.531
25093,GRS015003007,2020-10-26,0.537
25094,GRS015003007,2020-10-27,0.53
25095,GRS015003007,2020-10-28,0.465
25096,GRS015003007,2020-10-29,0.491
25097,GRS015003007,2020-10-30,0.496
25098,GRS015003007,2020-11-02,0.431
25099,GRS015003007,2020-11-03,0.425
25100,GRS015003007,2020-11-04,0.425
25101,GRS015003007,2020-11-05,0.425
25103,GRS015003007,2020-11-09,0.465
25102,GRS015003007,2020-11-06,0.428
25104,GRS015003007,2020-11-10,0.5
25106,GRS015003007,2020-11-12,0.563
25107,GRS015003007,2020-11-13,0.56
25108,GRS015003007,2020-11-16,0.546
25109,GRS015003007,2020-11-17,0.635
25110,GRS015003007,2020-11-18,0.62
25111,GRS015003007,2020-11-19,0.67
25112,GRS015003007,2020-11-20,0.664
25114,GRS015003007,2020-11-24,0.679
25113,GRS015003007,2020-11-23,0.661
25115,GRS015003007,2020-11-25,0.68
25116,GRS015003007,2020-11-26,0.68
25117,GRS015003007,2020-11-27,0.705
25118,GRS015003007,2020-11-30,0.705
25119,GRS015003007,2020-12-01,0.705
25120,GRS015003007,2020-12-02,0.794
25121,GRS015003007,2020-12-03,0.789
25123,GRS015003007,2020-12-07,0.828
25122,GRS015003007,2020-12-04,0.79
25124,GRS015003007,2020-12-08,0.88
25125,GRS015003007,2020-12-09,0.9
25127,GRS015003007,2020-12-11,0.85
25126,GRS015003007,2020-12-10,0.937
25130,GRS015003007,2020-12-16,0.85
25128,GRS015003007,2020-12-14,0.85
25129,GRS015003007,2020-12-15,0.944
25131,GRS015003007,2020-12-17,0.994
25132,GRS015003007,2020-12-18,0.979
25133,GRS015003007,2020-12-21,0.9
25134,GRS015003007,2020-12-22,0.9
25135,GRS015003007,2020-12-23,0.907
25136,GRS015003007,2020-12-24,0.905
25137,GRS015003007,2020-12-28,0.88
25138,GRS015003007,2020-12-29,0.97
25139,GRS015003007,2020-12-30,0.97
25140,GRS015003007,2020-12-31,0.95
25141,GRS015003007,2021-01-01,0.954
25142,GRS015003007,2021-01-04,0.959
25143,GRS015003007,2021-01-05,0.95
25144,GRS015003007,2021-01-06,0.95
25145,GRS015003007,2021-01-07,0.959
25146,GRS015003007,2021-01-08,0.97
25147,GRS015003007,2021-01-11,0.904
25149,GRS015003007,2021-01-13,0.97
25148,GRS015003007,2021-01-12,0.97
25150,GRS015003007,2021-01-14,0.937
25151,GRS015003007,2021-01-15,0.9
25152,GRS015003007,2021-01-18,0.9
25153,GRS015003007,2021-01-19,0.937
25154,GRS015003007,2021-01-20,0.905
25155,GRS015003007,2021-01-21,0.899
25157,GRS015003007,2021-01-25,0.831
25156,GRS015003007,2021-01-22,0.877
25158,GRS015003007,2021-01-26,0.994
25159,GRS015003007,2021-01-27,0.778
25160,GRS015003007,2021-01-28,0.9
25161,GRS015003007,2021-01-29,0.828
25162,GRS015003007,2021-02-01,0.79
25163,GRS015003007,2021-02-02,0.79
25164,GRS015003007,2021-02-03,0.79
25165,GRS015003007,2021-02-04,0.789
25166,GRS015003007,2021-02-05,0.514
25167,GRS015003007,2021-02-08,0.514
25168,GRS015003007,2021-02-09,0.514
25169,GRS015003007,2021-02-10,0.745
25170,GRS015003007,2021-02-11,0.73
25171,GRS015003007,2021-02-12,0.514
25172,GRS015003007,2021-02-15,0.77
25173,GRS015003007,2021-02-16,0.83
25174,GRS015003007,2021-02-17,0.77
25182,GRS045003001,2020-03-02,0.2
25175,GRS015003007,2021-02-18,0.79
25176,GRS015003007,2021-02-19,0.83
25177,GRS015003007,2021-02-22,0.81
25178,GRS015003007,2021-02-23,0.79
25179,GRS015003007,2021-02-24,0.77
25180,GRS015003007,2021-02-25,0.77
25181,GRS015003007,2021-02-26,0.8
25213,GRS045003001,2020-04-14,0.15
25217,GRS045003001,2020-04-20,0.15
25212,GRS045003001,2020-04-13,0.16
25220,GRS045003001,2020-04-23,0.14
25221,GRS045003001,2020-04-24,0.14
25216,GRS045003001,2020-04-17,0.14
25219,GRS045003001,2020-04-22,0.14
25214,GRS045003001,2020-04-15,0.15
25215,GRS045003001,2020-04-16,0.14
25211,GRS045003001,2020-04-10,0.15
25222,GRS045003001,2020-04-27,0.14
25223,GRS045003001,2020-04-28,0.14
25228,GRS045003001,2020-05-05,0.14
25234,GRS045003001,2020-05-13,0.15
25235,GRS045003001,2020-05-14,0.15
25231,GRS045003001,2020-05-08,0.14
25236,GRS045003001,2020-05-15,0.15
25237,GRS045003001,2020-05-18,0.14
25239,GRS045003001,2020-05-20,0.15
25238,GRS045003001,2020-05-19,0.15
25240,GRS045003001,2020-05-21,0.15
25242,GRS045003001,2020-05-25,0.17
25243,GRS045003001,2020-05-26,0.17
25244,GRS045003001,2020-05-27,0.17
25245,GRS045003001,2020-05-28,0.2
25246,GRS045003001,2020-05-29,0.17
25241,GRS045003001,2020-05-22,0.14
25247,GRS045003001,2020-06-01,0.2
25248,GRS045003001,2020-06-02,0.2
25249,GRS045003001,2020-06-03,0.2
25250,GRS045003001,2020-06-04,0.14
25251,GRS045003001,2020-06-05,0.16
25252,GRS045003001,2020-06-08,0.17
25253,GRS045003001,2020-06-09,0.16
25255,GRS045003001,2020-06-11,0.2
25254,GRS045003001,2020-06-10,0.18
25256,GRS045003001,2020-06-12,0.16
25257,GRS045003001,2020-06-15,0.2
25258,GRS045003001,2020-06-16,0.19
25259,GRS045003001,2020-06-17,0.19
25260,GRS045003001,2020-06-18,0.19
25261,GRS045003001,2020-06-19,0.19
25262,GRS045003001,2020-06-22,0.17
25210,GRS045003001,2020-04-09,0.15
25263,GRS045003001,2020-06-23,0.19
25264,GRS045003001,2020-06-24,0.17
25265,GRS045003001,2020-06-25,0.19
25266,GRS045003001,2020-06-26,0.19
25267,GRS045003001,2020-06-29,0.19
25268,GRS045003001,2020-06-30,0.19
25269,GRS045003001,2020-07-01,0.19
25270,GRS045003001,2020-07-02,0.19
25271,GRS045003001,2020-07-03,0.19
25272,GRS045003001,2020-07-06,0.19
25273,GRS045003001,2020-07-07,0.194
25274,GRS045003001,2020-07-08,0.194
25275,GRS045003001,2020-07-09,0.194
25276,GRS045003001,2020-07-10,0.194
25278,GRS045003001,2020-07-14,0.194
25277,GRS045003001,2020-07-13,0.194
25279,GRS045003001,2020-07-15,0.194
25280,GRS045003001,2020-07-16,0.156
25281,GRS045003001,2020-07-17,0.156
25282,GRS045003001,2020-07-20,0.156
25285,GRS045003001,2020-07-23,0.156
25283,GRS045003001,2020-07-21,0.156
25284,GRS045003001,2020-07-22,0.156
25286,GRS045003001,2020-07-24,0.156
25288,GRS045003001,2020-07-28,0.175
25290,GRS045003001,2020-07-30,0.136
25287,GRS045003001,2020-07-27,0.138
25289,GRS045003001,2020-07-29,0.138
25291,GRS045003001,2020-07-31,0.136
25294,GRS045003001,2020-08-05,0.147
25295,GRS045003001,2020-08-06,0.169
25293,GRS045003001,2020-08-04,0.147
25296,GRS045003001,2020-08-07,0.169
25292,GRS045003001,2020-08-03,0.136
25297,GRS045003001,2020-08-10,0.169
25298,GRS045003001,2020-08-11,0.169
25299,GRS045003001,2020-08-12,0.196
25300,GRS045003001,2020-08-13,0.169
25301,GRS045003001,2020-08-14,0.169
25302,GRS045003001,2020-08-17,0.14
25303,GRS045003001,2020-08-18,0.169
25304,GRS045003001,2020-08-19,0.169
25305,GRS045003001,2020-08-20,0.169
25306,GRS045003001,2020-08-21,0.169
25307,GRS045003001,2020-08-24,0.169
25309,GRS045003001,2020-08-26,0.151
25310,GRS045003001,2020-08-27,0.15
25308,GRS045003001,2020-08-25,0.156
25311,GRS045003001,2020-08-28,0.136
25312,GRS045003001,2020-08-31,0.151
25313,GRS045003001,2020-09-01,0.151
25314,GRS045003001,2020-09-02,0.151
25315,GRS045003001,2020-09-03,0.151
25316,GRS045003001,2020-09-04,0.151
25317,GRS045003001,2020-09-07,0.151
25318,GRS045003001,2020-09-08,0.151
25319,GRS045003001,2020-09-09,0.151
25320,GRS045003001,2020-09-10,0.151
25321,GRS045003001,2020-09-11,0.151
25322,GRS045003001,2020-09-14,0.151
25324,GRS045003001,2020-09-16,0.151
25323,GRS045003001,2020-09-15,0.151
25325,GRS045003001,2020-09-17,0.151
25326,GRS045003001,2020-09-18,0.151
25327,GRS045003001,2020-09-21,0.151
25328,GRS045003001,2020-09-22,0.151
25329,GRS045003001,2020-09-23,0.151
25330,GRS045003001,2020-09-24,0.151
25331,GRS045003001,2020-09-25,0.151
25332,GRS045003001,2020-09-28,0.151
25333,GRS045003001,2020-09-29,0.151
25334,GRS045003001,2020-09-30,0.151
25335,GRS045003001,2020-10-01,0.151
25338,GRS045003001,2020-10-06,0.151
25336,GRS045003001,2020-10-02,0.151
25339,GRS045003001,2020-10-07,0.15
25337,GRS045003001,2020-10-05,0.151
25340,GRS045003001,2020-10-08,0.151
25341,GRS045003001,2020-10-09,0.168
25342,GRS045003001,2020-10-12,0.168
25343,GRS045003001,2020-10-13,0.169
25344,GRS045003001,2020-10-14,0.196
25345,GRS045003001,2020-10-15,0.14
25346,GRS045003001,2020-10-16,0.14
25347,GRS045003001,2020-10-19,0.14
25348,GRS045003001,2020-10-20,0.14
25349,GRS045003001,2020-10-21,0.14
25350,GRS045003001,2020-10-22,0.14
25351,GRS045003001,2020-10-23,0.14
25352,GRS045003001,2020-10-26,0.14
25353,GRS045003001,2020-10-27,0.14
25354,GRS045003001,2020-10-28,0.14
25355,GRS045003001,2020-10-29,0.127
25357,GRS045003001,2020-11-02,0.127
25356,GRS045003001,2020-10-30,0.127
25359,GRS045003001,2020-11-04,0.14
25358,GRS045003001,2020-11-03,0.127
25360,GRS045003001,2020-11-05,0.127
25362,GRS045003001,2020-11-09,0.14
25361,GRS045003001,2020-11-06,0.127
25363,GRS045003001,2020-11-10,0.13
25365,GRS045003001,2020-11-12,0.135
25364,GRS045003001,2020-11-11,0.127
25373,GRS045003001,2020-11-24,0.155
25374,GRS045003001,2020-11-25,0.155
25366,GRS045003001,2020-11-13,0.127
25375,GRS045003001,2020-11-26,0.175
25377,GRS045003001,2020-11-30,0.19
25376,GRS045003001,2020-11-27,0.19
25378,GRS045003001,2020-12-01,0.175
25379,GRS045003001,2020-12-02,0.175
25380,GRS045003001,2020-12-03,0.175
25381,GRS045003001,2020-12-04,0.175
25382,GRS045003001,2020-12-07,0.175
25383,GRS045003001,2020-12-08,0.174
25384,GRS045003001,2020-12-09,0.171
25385,GRS045003001,2020-12-10,0.171
25387,GRS045003001,2020-12-14,0.165
25386,GRS045003001,2020-12-11,0.165
25372,GRS045003001,2020-11-23,0.155
25388,GRS045003001,2020-12-15,0.165
25389,GRS045003001,2020-12-16,0.165
25390,GRS045003001,2020-12-17,0.165
25392,GRS045003001,2020-12-21,0.16
25393,GRS045003001,2020-12-22,0.16
25391,GRS045003001,2020-12-18,0.16
25394,GRS045003001,2020-12-23,0.16
25395,GRS045003001,2020-12-24,0.16
25396,GRS045003001,2020-12-28,0.16
25397,GRS045003001,2020-12-29,0.16
25398,GRS045003001,2020-12-30,0.16
25399,GRS045003001,2020-12-31,0.16
25400,GRS045003001,2021-01-01,0.16
25401,GRS045003001,2021-01-04,0.151
25402,GRS045003001,2021-01-05,0.151
25403,GRS045003001,2021-01-06,0.151
25404,GRS045003001,2021-01-07,0.151
25367,GRS045003001,2020-11-16,0.135
25405,GRS045003001,2021-01-08,0.151
25406,GRS045003001,2021-01-11,0.14
25407,GRS045003001,2021-01-12,0.197
25409,GRS045003001,2021-01-14,0.175
25408,GRS045003001,2021-01-13,0.197
25410,GRS045003001,2021-01-15,0.18
25411,GRS045003001,2021-01-18,0.197
25412,GRS045003001,2021-01-19,0.179
25413,GRS045003001,2021-01-20,0.179
25414,GRS045003001,2021-01-21,0.179
25416,GRS045003001,2021-01-25,0.177
25415,GRS045003001,2021-01-22,0.179
25371,GRS045003001,2020-11-20,0.15
25417,GRS045003001,2021-01-26,0.177
25418,GRS045003001,2021-01-27,0.18
25420,GRS045003001,2021-01-29,0.18
25419,GRS045003001,2021-01-28,0.176
25421,GRS045003001,2021-02-01,0.179
25422,GRS045003001,2021-02-02,0.176
25423,GRS045003001,2021-02-03,0.176
25424,GRS045003001,2021-02-04,0.2
25425,GRS045003001,2021-02-05,0.18
25426,GRS045003001,2021-02-08,0.17
25427,GRS045003001,2021-02-09,0.17
25428,GRS045003001,2021-02-10,0.17
25429,GRS045003001,2021-02-11,0.17
25430,GRS045003001,2021-02-12,0.17
25431,GRS045003001,2021-02-15,0.17
25432,GRS045003001,2021-02-16,0.17
25433,GRS045003001,2021-02-17,0.17
25434,GRS045003001,2021-02-18,0.175
25435,GRS045003001,2021-02-19,0.163
25436,GRS045003001,2021-02-22,0.163
25437,GRS045003001,2021-02-23,0.163
25438,GRS045003001,2021-02-24,0.163
25439,GRS045003001,2021-02-25,0.165
25441,GRS047063003,2020-03-02,1.1
25442,GRS047063003,2020-03-03,1.04
25440,GRS045003001,2021-02-26,0.18
25443,GRS047063003,2020-03-04,1.14
25444,GRS047063003,2020-03-05,1.14
25445,GRS047063003,2020-03-06,1.14
25446,GRS047063003,2020-03-09,1.14
25447,GRS047063003,2020-03-10,1.14
25448,GRS047063003,2020-03-11,1.14
25449,GRS047063003,2020-03-12,1.14
25450,GRS047063003,2020-03-13,1.14
25451,GRS047063003,2020-03-16,1.14
25453,GRS047063003,2020-03-18,1.14
25452,GRS047063003,2020-03-17,1.14
25454,GRS047063003,2020-03-19,1.14
25455,GRS047063003,2020-03-20,1.14
25456,GRS047063003,2020-03-23,1.14
25457,GRS047063003,2020-03-24,1.14
25458,GRS047063003,2020-03-25,1.14
25459,GRS047063003,2020-03-26,1.14
25460,GRS047063003,2020-03-27,1.14
25461,GRS047063003,2020-03-30,1.14
25462,GRS047063003,2020-03-31,1.14
25463,GRS047063003,2020-04-01,1.14
25464,GRS047063003,2020-04-02,1.14
25466,GRS047063003,2020-04-06,1.14
25465,GRS047063003,2020-04-03,1.14
25467,GRS047063003,2020-04-07,1.14
25469,GRS047063003,2020-04-09,1.14
25468,GRS047063003,2020-04-08,1.14
25470,GRS047063003,2020-04-10,1.14
25471,GRS047063003,2020-04-13,1.14
25473,GRS047063003,2020-04-15,1.14
25476,GRS047063003,2020-04-20,1.14
25479,GRS047063003,2020-04-23,1.14
25478,GRS047063003,2020-04-22,1.14
25480,GRS047063003,2020-04-24,1.14
25481,GRS047063003,2020-04-27,1.14
25482,GRS047063003,2020-04-28,1.14
25484,GRS047063003,2020-04-30,1.14
25483,GRS047063003,2020-04-29,1.14
25485,GRS047063003,2020-05-01,1.14
25486,GRS047063003,2020-05-04,1.14
25487,GRS047063003,2020-05-05,1.14
25488,GRS047063003,2020-05-06,1.14
25489,GRS047063003,2020-05-07,1.14
25490,GRS047063003,2020-05-08,1.14
25492,GRS047063003,2020-05-12,1.14
25491,GRS047063003,2020-05-11,1.14
25493,GRS047063003,2020-05-13,1.14
25494,GRS047063003,2020-05-14,1.14
25495,GRS047063003,2020-05-15,1.03
25497,GRS047063003,2020-05-19,1.14
25496,GRS047063003,2020-05-18,0.93
25500,GRS047063003,2020-05-22,0.93
25506,GRS047063003,2020-06-01,0.92
25507,GRS047063003,2020-06-02,0.92
25505,GRS047063003,2020-05-29,0.92
25508,GRS047063003,2020-06-03,0.84
25510,GRS047063003,2020-06-05,0.9
25509,GRS047063003,2020-06-04,0.84
25504,GRS047063003,2020-05-28,0.92
25514,GRS047063003,2020-06-11,0.9
25512,GRS047063003,2020-06-09,0.91
25511,GRS047063003,2020-06-08,1.06
25515,GRS047063003,2020-06-12,0.9
25516,GRS047063003,2020-06-15,0.9
25517,GRS047063003,2020-06-16,0.9
25513,GRS047063003,2020-06-10,0.84
25518,GRS047063003,2020-06-17,0.9
25524,GRS047063003,2020-06-25,0.9
25520,GRS047063003,2020-06-19,0.9
25519,GRS047063003,2020-06-18,0.9
25534,GRS047063003,2020-07-09,0.9
25535,GRS047063003,2020-07-10,0.9
25536,GRS047063003,2020-07-13,0.9
25538,GRS047063003,2020-07-15,0.9
25528,GRS047063003,2020-07-01,0.9
25540,GRS047063003,2020-07-17,0.9
25541,GRS047063003,2020-07-20,0.99
25542,GRS047063003,2020-07-21,0.99
25544,GRS047063003,2020-07-23,0.99
25543,GRS047063003,2020-07-22,0.99
25545,GRS047063003,2020-07-24,0.99
25546,GRS047063003,2020-07-27,0.99
25547,GRS047063003,2020-07-28,0.99
25548,GRS047063003,2020-07-29,0.99
25549,GRS047063003,2020-07-30,0.99
25550,GRS047063003,2020-07-31,0.99
25551,GRS047063003,2020-08-03,0.99
25552,GRS047063003,2020-08-04,0.99
25553,GRS047063003,2020-08-05,0.99
25554,GRS047063003,2020-08-06,0.99
25555,GRS047063003,2020-08-07,0.99
25556,GRS047063003,2020-08-10,0.99
25557,GRS047063003,2020-08-11,0.99
25558,GRS047063003,2020-08-12,0.99
25559,GRS047063003,2020-08-13,0.99
25560,GRS047063003,2020-08-14,0.99
25561,GRS047063003,2020-08-17,0.99
25562,GRS047063003,2020-08-18,0.99
25563,GRS047063003,2020-08-19,0.99
25564,GRS047063003,2020-08-20,0.99
25566,GRS047063003,2020-08-24,1.08
25565,GRS047063003,2020-08-21,0.99
25567,GRS047063003,2020-08-25,0.99
25569,GRS047063003,2020-08-27,1.08
25568,GRS047063003,2020-08-26,1.08
25570,GRS047063003,2020-08-28,1.08
25571,GRS047063003,2020-08-31,1.08
25572,GRS047063003,2020-09-01,1.08
25573,GRS047063003,2020-09-02,1.08
25574,GRS047063003,2020-09-03,1.08
25575,GRS047063003,2020-09-04,1.08
25576,GRS047063003,2020-09-07,1.08
25577,GRS047063003,2020-09-08,1.08
25578,GRS047063003,2020-09-09,1.08
25579,GRS047063003,2020-09-10,1.08
25537,GRS047063003,2020-07-14,0.9
25580,GRS047063003,2020-09-11,1.08
25581,GRS047063003,2020-09-14,1.08
25582,GRS047063003,2020-09-15,1.08
25583,GRS047063003,2020-09-16,1.08
25584,GRS047063003,2020-09-17,1.08
25585,GRS047063003,2020-09-18,1.08
25586,GRS047063003,2020-09-21,1.08
25587,GRS047063003,2020-09-22,1.08
25588,GRS047063003,2020-09-23,1.08
25589,GRS047063003,2020-09-24,1.08
25590,GRS047063003,2020-09-25,1.08
25591,GRS047063003,2020-09-28,1.08
25592,GRS047063003,2020-09-29,1.08
25593,GRS047063003,2020-09-30,1.08
25594,GRS047063003,2020-10-01,1.08
25595,GRS047063003,2020-10-02,1.08
25539,GRS047063003,2020-07-16,0.84
25596,GRS047063003,2020-10-05,1.08
25597,GRS047063003,2020-10-06,1.08
25599,GRS047063003,2020-10-08,1.08
25598,GRS047063003,2020-10-07,1.08
25600,GRS047063003,2020-10-09,1.08
25601,GRS047063003,2020-10-12,1.08
25602,GRS047063003,2020-10-13,1.08
25603,GRS047063003,2020-10-14,1.08
25604,GRS047063003,2020-10-15,1.08
25605,GRS047063003,2020-10-16,1.08
25606,GRS047063003,2020-10-19,1.08
25607,GRS047063003,2020-10-20,1.08
25608,GRS047063003,2020-10-21,1.08
25609,GRS047063003,2020-10-22,1.08
25610,GRS047063003,2020-10-23,1.08
25611,GRS047063003,2020-10-26,1.08
25612,GRS047063003,2020-10-27,1.08
25613,GRS047063003,2020-10-28,1.08
25614,GRS047063003,2020-10-29,1.08
25615,GRS047063003,2020-10-30,1.08
25616,GRS047063003,2020-11-02,1.08
25617,GRS047063003,2020-11-03,1.08
25619,GRS047063003,2020-11-05,1.08
25618,GRS047063003,2020-11-04,1.08
25620,GRS047063003,2020-11-06,1.08
25623,GRS047063003,2020-11-11,1.08
25624,GRS047063003,2020-11-12,1.08
25621,GRS047063003,2020-11-09,1.08
25625,GRS047063003,2020-11-13,1.08
25626,GRS047063003,2020-11-16,1.08
25627,GRS047063003,2020-11-17,1.08
25622,GRS047063003,2020-11-10,1.08
25632,GRS047063003,2020-11-24,1.08
25631,GRS047063003,2020-11-23,1.08
25628,GRS047063003,2020-11-18,1.08
25636,GRS047063003,2020-11-30,1.08
25637,GRS047063003,2020-12-01,1.08
25644,GRS047063003,2020-12-10,0.98
25645,GRS047063003,2020-12-11,0.98
25639,GRS047063003,2020-12-03,1.08
25638,GRS047063003,2020-12-02,1.08
25634,GRS047063003,2020-11-26,1.08
25633,GRS047063003,2020-11-25,1.08
25635,GRS047063003,2020-11-27,1.08
25630,GRS047063003,2020-11-20,1.08
25646,GRS047063003,2020-12-14,0.98
25629,GRS047063003,2020-11-19,1.08
25643,GRS047063003,2020-12-09,1.08
25649,GRS047063003,2020-12-17,1.08
25640,GRS047063003,2020-12-04,1.08
25650,GRS047063003,2020-12-18,0.8
25668,GRS047063003,2021-01-14,0.83
25669,GRS047063003,2021-01-15,0.64
25648,GRS047063003,2020-12-16,1.08
25651,GRS047063003,2020-12-21,0.94
25670,GRS047063003,2021-01-18,0.8
25671,GRS047063003,2021-01-19,0.8
25672,GRS047063003,2021-01-20,0.64
25673,GRS047063003,2021-01-21,0.79
25641,GRS047063003,2020-12-07,1.08
25674,GRS047063003,2021-01-22,0.79
25675,GRS047063003,2021-01-25,0.79
25676,GRS047063003,2021-01-26,0.79
25677,GRS047063003,2021-01-27,0.64
25678,GRS047063003,2021-01-28,0.69
25679,GRS047063003,2021-01-29,0.64
25680,GRS047063003,2021-02-01,0.69
25682,GRS047063003,2021-02-03,0.64
25681,GRS047063003,2021-02-02,0.64
25683,GRS047063003,2021-02-04,0.69
25684,GRS047063003,2021-02-05,0.69
25685,GRS047063003,2021-02-08,0.69
25686,GRS047063003,2021-02-09,0.69
25687,GRS047063003,2021-02-10,0.69
25688,GRS047063003,2021-02-11,0.69
25689,GRS047063003,2021-02-12,0.71
25690,GRS047063003,2021-02-15,0.71
25691,GRS047063003,2021-02-16,0.64
25667,GRS047063003,2021-01-13,0.83
25781,GRS054003009,2020-06-23,0.385
25782,GRS054003009,2020-06-24,0.369
25692,GRS047063003,2021-02-17,0.64
25693,GRS047063003,2021-02-18,0.7
25783,GRS054003009,2020-06-25,0.374
25694,GRS047063003,2021-02-19,0.64
25786,GRS054003009,2020-06-30,0.369
25787,GRS054003009,2020-07-01,0.375
25788,GRS054003009,2020-07-02,0.369
25696,GRS047063003,2021-02-23,0.68
25789,GRS054003009,2020-07-03,0.366
25695,GRS047063003,2021-02-22,0.67
25790,GRS054003009,2020-07-06,0.375
25697,GRS047063003,2021-02-24,0.68
25791,GRS054003009,2020-07-07,0.369
25792,GRS054003009,2020-07-08,0.366
25793,GRS054003009,2020-07-09,0.369
25794,GRS054003009,2020-07-10,0.378
25795,GRS054003009,2020-07-13,0.365
25796,GRS054003009,2020-07-14,0.358
25698,GRS047063003,2021-02-25,0.69
25797,GRS054003009,2020-07-15,0.373
25798,GRS054003009,2020-07-16,0.353
25799,GRS054003009,2020-07-17,0.357
25699,GRS047063003,2021-02-26,0.75
25800,GRS054003009,2020-07-20,0.383
25801,GRS054003009,2020-07-21,0.354
25802,GRS054003009,2020-07-22,0.353
25804,GRS054003009,2020-07-24,0.352
25805,GRS054003009,2020-07-27,0.364
25803,GRS054003009,2020-07-23,0.357
25806,GRS054003009,2020-07-28,0.368
25807,GRS054003009,2020-07-29,0.357
25808,GRS054003009,2020-07-30,0.344
25809,GRS054003009,2020-07-31,0.352
25810,GRS054003009,2020-08-03,0.352
25812,GRS054003009,2020-08-05,0.339
25811,GRS054003009,2020-08-04,0.386
25813,GRS054003009,2020-08-06,0.384
25814,GRS054003009,2020-08-07,0.348
25818,GRS054003009,2020-08-13,0.337
25819,GRS054003009,2020-08-14,0.344
25817,GRS054003009,2020-08-12,0.335
25816,GRS054003009,2020-08-11,0.348
25820,GRS054003009,2020-08-17,0.344
25821,GRS054003009,2020-08-18,0.386
25822,GRS054003009,2020-08-19,0.351
25833,GRS054003009,2020-09-03,0.345
25834,GRS054003009,2020-09-04,0.344
25835,GRS054003009,2020-09-07,0.343
25836,GRS054003009,2020-09-08,0.347
25830,GRS054003009,2020-08-31,0.33
25837,GRS054003009,2020-09-09,0.347
25838,GRS054003009,2020-09-10,0.345
25839,GRS054003009,2020-09-11,0.327
25840,GRS054003009,2020-09-14,0.345
25844,GRS054003009,2020-09-18,0.346
25845,GRS054003009,2020-09-21,0.331
25846,GRS054003009,2020-09-22,0.346
25847,GRS054003009,2020-09-23,0.348
25831,GRS054003009,2020-09-01,0.33
25867,GRS054003009,2020-10-21,0.346
25868,GRS054003009,2020-10-22,0.349
25869,GRS054003009,2020-10-23,0.353
25870,GRS054003009,2020-10-26,0.348
25871,GRS054003009,2020-10-27,0.348
25872,GRS054003009,2020-10-28,0.337
25832,GRS054003009,2020-09-02,0.334
25873,GRS054003009,2020-10-29,0.349
25874,GRS054003009,2020-10-30,0.344
25875,GRS054003009,2020-11-02,0.344
25876,GRS054003009,2020-11-03,0.339
25877,GRS054003009,2020-11-04,0.339
25884,GRS054003009,2020-11-13,0.332
25886,GRS054003009,2020-11-17,0.347
25885,GRS054003009,2020-11-16,0.34
25887,GRS054003009,2020-11-18,0.339
25888,GRS054003009,2020-11-19,0.347
25829,GRS054003009,2020-08-28,0.337
25889,GRS054003009,2020-11-20,0.343
25890,GRS054003009,2020-11-23,0.347
25891,GRS054003009,2020-11-24,0.348
25892,GRS054003009,2020-11-25,0.348
25893,GRS054003009,2020-11-26,0.341
25894,GRS054003009,2020-11-27,0.346
25895,GRS054003009,2020-11-30,0.346
25896,GRS054003009,2020-12-01,0.349
25897,GRS054003009,2020-12-02,0.345
25898,GRS054003009,2020-12-03,0.352
25899,GRS054003009,2020-12-04,0.352
25901,GRS054003009,2020-12-08,0.344
25903,GRS054003009,2020-12-10,0.351
25904,GRS054003009,2020-12-11,0.345
25905,GRS054003009,2020-12-14,0.358
25906,GRS054003009,2020-12-15,0.359
25908,GRS054003009,2020-12-17,0.362
25909,GRS054003009,2020-12-18,0.362
25907,GRS054003009,2020-12-16,0.362
25910,GRS054003009,2020-12-21,0.37
25911,GRS054003009,2020-12-22,0.36
25912,GRS054003009,2020-12-23,0.365
25913,GRS054003009,2020-12-24,0.369
25914,GRS054003009,2020-12-28,0.365
25915,GRS054003009,2020-12-29,0.377
25916,GRS054003009,2020-12-30,0.38
25917,GRS054003009,2020-12-31,0.384
25918,GRS054003009,2021-01-01,0.376
25919,GRS054003009,2021-01-04,0.376
25920,GRS054003009,2021-01-05,0.387
25921,GRS054003009,2021-01-06,0.362
25922,GRS054003009,2021-01-07,0.362
25924,GRS054003009,2021-01-11,0.376
25923,GRS054003009,2021-01-08,0.375
25925,GRS054003009,2021-01-12,0.376
25926,GRS054003009,2021-01-13,0.369
25927,GRS054003009,2021-01-14,0.366
25928,GRS054003009,2021-01-15,0.365
25929,GRS054003009,2021-01-18,0.376
25930,GRS054003009,2021-01-19,0.368
25931,GRS054003009,2021-01-20,0.365
25933,GRS054003009,2021-01-22,0.365
25932,GRS054003009,2021-01-21,0.374
25934,GRS054003009,2021-01-25,0.367
25935,GRS054003009,2021-01-26,0.364
25936,GRS054003009,2021-01-27,0.365
25937,GRS054003009,2021-01-28,0.365
25939,GRS054003009,2021-02-01,0.376
25938,GRS054003009,2021-01-29,0.365
25940,GRS054003009,2021-02-02,0.375
25941,GRS054003009,2021-02-03,0.376
25942,GRS054003009,2021-02-04,0.369
25943,GRS054003009,2021-02-05,0.365
25944,GRS054003009,2021-02-08,0.365
25945,GRS054003009,2021-02-09,0.38
25946,GRS054003009,2021-02-10,0.38
25947,GRS054003009,2021-02-11,0.351
25948,GRS054003009,2021-02-12,0.352
25949,GRS054003009,2021-02-15,0.388
25951,GRS054003009,2021-02-17,0.394
25950,GRS054003009,2021-02-16,0.38
25952,GRS054003009,2021-02-18,0.388
25953,GRS054003009,2021-02-19,0.398
25954,GRS054003009,2021-02-22,0.4
25955,GRS054003009,2021-02-23,0.381
25956,GRS054003009,2021-02-24,0.378
25957,GRS054003009,2021-02-25,0.365
25958,GRS054003009,2021-02-26,0.368
26061,GRS059063008,2020-07-22,3.7
26060,GRS059063008,2020-07-21,4.0
26063,GRS059063008,2020-07-24,4.0
26058,GRS059063008,2020-07-17,4.0
26062,GRS059063008,2020-07-23,4.0
26059,GRS059063008,2020-07-20,4.0
26070,GRS059063008,2020-08-04,4.0
26067,GRS059063008,2020-07-30,4.0
26064,GRS059063008,2020-07-27,4.0
26065,GRS059063008,2020-07-28,4.0
26066,GRS059063008,2020-07-29,4.0
26069,GRS059063008,2020-08-03,4.0
26068,GRS059063008,2020-07-31,4.0
26071,GRS059063008,2020-08-05,4.0
26073,GRS059063008,2020-08-07,4.0
26072,GRS059063008,2020-08-06,4.0
26075,GRS059063008,2020-08-11,4.0
26074,GRS059063008,2020-08-10,4.0
26077,GRS059063008,2020-08-13,4.0
26076,GRS059063008,2020-08-12,4.0
26078,GRS059063008,2020-08-14,4.0
26080,GRS059063008,2020-08-18,4.0
26079,GRS059063008,2020-08-17,4.0
26089,GRS059063008,2020-08-31,4.0
26090,GRS059063008,2020-09-01,4.0
26091,GRS059063008,2020-09-02,4.0
26092,GRS059063008,2020-09-03,4.0
26093,GRS059063008,2020-09-04,4.0
26082,GRS059063008,2020-08-20,4.0
26094,GRS059063008,2020-09-07,4.0
26095,GRS059063008,2020-09-08,4.0
26096,GRS059063008,2020-09-09,4.0
26099,GRS059063008,2020-09-14,4.0
26098,GRS059063008,2020-09-11,4.0
26097,GRS059063008,2020-09-10,4.0
26100,GRS059063008,2020-09-15,4.0
26101,GRS059063008,2020-09-16,4.0
26081,GRS059063008,2020-08-19,4.0
26102,GRS059063008,2020-09-17,4.0
26103,GRS059063008,2020-09-18,3.96
26104,GRS059063008,2020-09-21,3.96
26105,GRS059063008,2020-09-22,3.96
26106,GRS059063008,2020-09-23,3.96
26107,GRS059063008,2020-09-24,3.96
26108,GRS059063008,2020-09-25,3.96
26111,GRS059063008,2020-09-30,3.96
26109,GRS059063008,2020-09-28,3.96
26110,GRS059063008,2020-09-29,3.96
26112,GRS059063008,2020-10-01,3.96
26113,GRS059063008,2020-10-02,3.96
26114,GRS059063008,2020-10-05,3.96
26115,GRS059063008,2020-10-06,3.96
26116,GRS059063008,2020-10-07,3.96
26119,GRS059063008,2020-10-12,3.96
26120,GRS059063008,2020-10-13,3.96
26121,GRS059063008,2020-10-14,3.96
26122,GRS059063008,2020-10-15,3.96
26123,GRS059063008,2020-10-16,3.96
26124,GRS059063008,2020-10-19,3.96
26125,GRS059063008,2020-10-20,3.96
26126,GRS059063008,2020-10-21,3.96
26127,GRS059063008,2020-10-22,3.96
26084,GRS059063008,2020-08-24,4.0
26128,GRS059063008,2020-10-23,3.96
26083,GRS059063008,2020-08-21,4.0
26129,GRS059063008,2020-10-26,3.96
26130,GRS059063008,2020-10-27,4.1
26131,GRS059063008,2020-10-28,4.1
26132,GRS059063008,2020-10-29,4.1
26133,GRS059063008,2020-10-30,4.1
26088,GRS059063008,2020-08-28,4.0
26134,GRS059063008,2020-11-02,3.96
26135,GRS059063008,2020-11-03,3.96
26138,GRS059063008,2020-11-06,3.96
26136,GRS059063008,2020-11-04,3.96
26137,GRS059063008,2020-11-05,4.2
26085,GRS059063008,2020-08-25,4.0
26139,GRS059063008,2020-11-09,4.2
26140,GRS059063008,2020-11-10,4.2
26141,GRS059063008,2020-11-11,4.2
26142,GRS059063008,2020-11-12,4.2
26143,GRS059063008,2020-11-13,4.2
26144,GRS059063008,2020-11-16,3.96
26145,GRS059063008,2020-11-17,3.96
26146,GRS059063008,2020-11-18,5.0
26147,GRS059063008,2020-11-19,5.0
26148,GRS059063008,2020-11-20,5.0
26149,GRS059063008,2020-11-23,5.0
26153,GRS059063008,2020-11-27,5.0
26150,GRS059063008,2020-11-24,5.0
26151,GRS059063008,2020-11-25,5.0
26152,GRS059063008,2020-11-26,5.0
26154,GRS059063008,2020-11-30,5.0
26155,GRS059063008,2020-12-01,6.0
26156,GRS059063008,2020-12-02,5.0
26157,GRS059063008,2020-12-03,5.0
26166,GRS059063008,2020-12-16,7.0
26167,GRS059063008,2020-12-17,7.0
26168,GRS059063008,2020-12-18,7.0
26172,GRS059063008,2020-12-24,7.0
26173,GRS059063008,2020-12-28,7.0
26175,GRS059063008,2020-12-30,7.0
26176,GRS059063008,2020-12-31,7.0
26177,GRS059063008,2021-01-01,7.0
26171,GRS059063008,2020-12-23,7.0
26179,GRS059063008,2021-01-05,7.0
26184,GRS059063008,2021-01-12,7.0
26185,GRS059063008,2021-01-13,7.0
26186,GRS059063008,2021-01-14,7.0
26169,GRS059063008,2020-12-21,7.0
26189,GRS059063008,2021-01-19,7.0
26190,GRS059063008,2021-01-20,7.0
26170,GRS059063008,2020-12-22,7.0
26191,GRS059063008,2021-01-21,7.0
26193,GRS059063008,2021-01-25,7.0
26194,GRS059063008,2021-01-26,7.0
26192,GRS059063008,2021-01-22,7.0
26195,GRS059063008,2021-01-27,7.0
26196,GRS059063008,2021-01-28,7.0
26118,GRS059063008,2020-10-09,3.96
26207,GRS059063008,2021-02-12,7.0
26211,GRS059063008,2021-02-18,7.0
26210,GRS059063008,2021-02-17,7.0
26209,GRS059063008,2021-02-16,7.0
26208,GRS059063008,2021-02-15,7.0
26212,GRS059063008,2021-02-19,7.0
26165,GRS059063008,2020-12-15,7.0
26213,GRS059063008,2021-02-22,7.0
26214,GRS059063008,2021-02-23,7.0
26215,GRS059063008,2021-02-24,7.0
26164,GRS059063008,2020-12-14,7.0
26219,GRS059064006,2020-03-03,1.14
26216,GRS059063008,2021-02-25,7.0
26220,GRS059064006,2020-03-04,1.14
26221,GRS059064006,2020-03-05,1.14
26217,GRS059063008,2021-02-26,7.0
26222,GRS059064006,2020-03-06,1.14
26223,GRS059064006,2020-03-09,1.14
26225,GRS059064006,2020-03-11,1.14
26227,GRS059064006,2020-03-13,1.14
26226,GRS059064006,2020-03-12,1.14
26228,GRS059064006,2020-03-16,1.14
26229,GRS059064006,2020-03-17,1.14
26230,GRS059064006,2020-03-18,1.14
26231,GRS059064006,2020-03-19,1.14
26232,GRS059064006,2020-03-20,1.14
26233,GRS059064006,2020-03-23,1.14
26234,GRS059064006,2020-03-24,1.14
26235,GRS059064006,2020-03-25,1.14
26236,GRS059064006,2020-03-26,1.14
26237,GRS059064006,2020-03-27,1.14
26238,GRS059064006,2020-03-30,1.14
26240,GRS059064006,2020-04-01,1.14
26239,GRS059064006,2020-03-31,1.14
26241,GRS059064006,2020-04-02,1.14
26242,GRS059064006,2020-04-03,1.14
26243,GRS059064006,2020-04-06,1.14
26244,GRS059064006,2020-04-07,1.14
26245,GRS059064006,2020-04-08,1.14
26246,GRS059064006,2020-04-09,1.14
26247,GRS059064006,2020-04-10,1.14
26248,GRS059064006,2020-04-13,1.14
26249,GRS059064006,2020-04-14,1.14
26250,GRS059064006,2020-04-15,1.14
26251,GRS059064006,2020-04-16,1.14
26252,GRS059064006,2020-04-17,1.14
26253,GRS059064006,2020-04-20,1.14
26254,GRS059064006,2020-04-21,1.14
26255,GRS059064006,2020-04-22,1.14
26256,GRS059064006,2020-04-23,1.14
26257,GRS059064006,2020-04-24,1.14
26258,GRS059064006,2020-04-27,1.14
26259,GRS059064006,2020-04-28,1.14
26260,GRS059064006,2020-04-29,1.14
26261,GRS059064006,2020-04-30,1.14
26262,GRS059064006,2020-05-01,1.14
26264,GRS059064006,2020-05-05,1.14
26263,GRS059064006,2020-05-04,1.14
26265,GRS059064006,2020-05-06,1.14
26266,GRS059064006,2020-05-07,1.14
26267,GRS059064006,2020-05-08,1.14
26268,GRS059064006,2020-05-11,1.14
26269,GRS059064006,2020-05-12,1.14
26270,GRS059064006,2020-05-13,1.14
26271,GRS059064006,2020-05-14,1.14
26272,GRS059064006,2020-05-15,1.15
26273,GRS059064006,2020-05-18,1.14
26274,GRS059064006,2020-05-19,1.14
26275,GRS059064006,2020-05-20,1.14
26276,GRS059064006,2020-05-21,1.14
26277,GRS059064006,2020-05-22,1.14
26278,GRS059064006,2020-05-25,1.14
26279,GRS059064006,2020-05-26,1.14
26281,GRS059064006,2020-05-28,1.14
26280,GRS059064006,2020-05-27,1.14
26282,GRS059064006,2020-05-29,1.14
26283,GRS059064006,2020-06-01,1.14
26284,GRS059064006,2020-06-02,1.14
26285,GRS059064006,2020-06-03,1.14
26286,GRS059064006,2020-06-04,1.14
26288,GRS059064006,2020-06-08,1.14
26287,GRS059064006,2020-06-05,1.14
26289,GRS059064006,2020-06-09,1.14
26290,GRS059064006,2020-06-10,1.14
26291,GRS059064006,2020-06-11,1.14
26292,GRS059064006,2020-06-12,1.14
26293,GRS059064006,2020-06-15,1.14
26294,GRS059064006,2020-06-16,1.14
26295,GRS059064006,2020-06-17,1.14
26296,GRS059064006,2020-06-18,1.14
26297,GRS059064006,2020-06-19,1.14
26298,GRS059064006,2020-06-22,1.14
26299,GRS059064006,2020-06-23,1.14
26300,GRS059064006,2020-06-24,1.14
26301,GRS059064006,2020-06-25,1.14
26306,GRS059064006,2020-07-02,1.14
26302,GRS059064006,2020-06-26,1.14
26303,GRS059064006,2020-06-29,1.14
26304,GRS059064006,2020-06-30,1.14
26308,GRS059064006,2020-07-06,1.14
26305,GRS059064006,2020-07-01,1.14
26307,GRS059064006,2020-07-03,1.14
26309,GRS059064006,2020-07-07,1.14
26310,GRS059064006,2020-07-08,1.58
26311,GRS059064006,2020-07-09,1.32
26312,GRS059064006,2020-07-10,1.58
26313,GRS059064006,2020-07-13,1.27
26314,GRS059064006,2020-07-14,1.27
26315,GRS059064006,2020-07-15,2.18
26316,GRS059064006,2020-07-16,2.6
26318,GRS059064006,2020-07-20,3.74
26317,GRS059064006,2020-07-17,2.6
26319,GRS059064006,2020-07-21,2.6
26320,GRS059064006,2020-07-22,2.18
26321,GRS059064006,2020-07-23,2.18
26322,GRS059064006,2020-07-24,4.46
26323,GRS059064006,2020-07-27,2.18
26324,GRS059064006,2020-07-28,2.18
26325,GRS059064006,2020-07-29,4.46
26326,GRS059064006,2020-07-30,2.18
26327,GRS059064006,2020-07-31,4.46
26328,GRS059064006,2020-08-03,4.46
26329,GRS059064006,2020-08-04,4.46
26330,GRS059064006,2020-08-05,4.46
26331,GRS059064006,2020-08-06,4.46
26332,GRS059064006,2020-08-07,4.46
26333,GRS059064006,2020-08-10,4.46
26334,GRS059064006,2020-08-11,4.46
26335,GRS059064006,2020-08-12,4.46
26336,GRS059064006,2020-08-13,4.46
26338,GRS059064006,2020-08-17,4.46
26337,GRS059064006,2020-08-14,4.46
26339,GRS059064006,2020-08-18,4.46
26341,GRS059064006,2020-08-20,4.46
26340,GRS059064006,2020-08-19,4.46
26344,GRS059064006,2020-08-25,4.46
26342,GRS059064006,2020-08-21,4.46
26343,GRS059064006,2020-08-24,4.46
26345,GRS059064006,2020-08-26,4.46
26346,GRS059064006,2020-08-27,4.46
26347,GRS059064006,2020-08-28,4.46
26348,GRS059064006,2020-08-31,4.46
26349,GRS059064006,2020-09-01,4.46
26350,GRS059064006,2020-09-02,4.46
26351,GRS059064006,2020-09-03,4.46
26352,GRS059064006,2020-09-04,4.46
26353,GRS059064006,2020-09-07,4.46
26354,GRS059064006,2020-09-08,4.46
26355,GRS059064006,2020-09-09,4.46
26358,GRS059064006,2020-09-14,4.46
26356,GRS059064006,2020-09-10,4.46
26357,GRS059064006,2020-09-11,4.46
26359,GRS059064006,2020-09-15,4.46
26361,GRS059064006,2020-09-17,4.46
26360,GRS059064006,2020-09-16,4.46
26362,GRS059064006,2020-09-18,4.46
26364,GRS059064006,2020-09-22,4.46
26363,GRS059064006,2020-09-21,4.46
26365,GRS059064006,2020-09-23,4.46
26366,GRS059064006,2020-09-24,4.46
26367,GRS059064006,2020-09-25,4.46
26368,GRS059064006,2020-09-28,4.46
26369,GRS059064006,2020-09-29,4.46
26370,GRS059064006,2020-09-30,4.46
26371,GRS059064006,2020-10-01,4.46
26372,GRS059064006,2020-10-02,4.46
26373,GRS059064006,2020-10-05,4.46
26375,GRS059064006,2020-10-07,4.46
26374,GRS059064006,2020-10-06,4.46
26376,GRS059064006,2020-10-08,4.46
26377,GRS059064006,2020-10-09,4.46
26378,GRS059064006,2020-10-12,4.46
26379,GRS059064006,2020-10-13,4.46
26380,GRS059064006,2020-10-14,4.46
26381,GRS059064006,2020-10-15,4.46
26382,GRS059064006,2020-10-16,4.46
26383,GRS059064006,2020-10-19,4.46
26384,GRS059064006,2020-10-20,4.46
26385,GRS059064006,2020-10-21,4.46
26386,GRS059064006,2020-10-22,4.46
26388,GRS059064006,2020-10-26,4.46
26387,GRS059064006,2020-10-23,4.46
26389,GRS059064006,2020-10-27,4.46
26390,GRS059064006,2020-10-28,4.46
26391,GRS059064006,2020-10-29,4.46
26392,GRS059064006,2020-10-30,4.46
26393,GRS059064006,2020-11-02,4.46
26394,GRS059064006,2020-11-03,4.46
26395,GRS059064006,2020-11-04,4.46
26396,GRS059064006,2020-11-05,4.46
26397,GRS059064006,2020-11-06,4.46
26398,GRS059064006,2020-11-09,4.46
26399,GRS059064006,2020-11-10,4.46
26400,GRS059064006,2020-11-11,4.46
26401,GRS059064006,2020-11-12,4.46
26402,GRS059064006,2020-11-13,4.46
26403,GRS059064006,2020-11-16,4.46
26404,GRS059064006,2020-11-17,3.86
26405,GRS059064006,2020-11-18,4.46
26406,GRS059064006,2020-11-19,3.86
26408,GRS059064006,2020-11-23,4.46
26407,GRS059064006,2020-11-20,3.86
26409,GRS059064006,2020-11-24,4.46
26410,GRS059064006,2020-11-25,4.46
26411,GRS059064006,2020-11-26,4.46
26413,GRS059064006,2020-11-30,4.46
26412,GRS059064006,2020-11-27,4.46
26414,GRS059064006,2020-12-01,4.46
26416,GRS059064006,2020-12-03,3.7
26415,GRS059064006,2020-12-02,4.62
26418,GRS059064006,2020-12-07,3.7
26417,GRS059064006,2020-12-04,4.62
26419,GRS059064006,2020-12-08,4.46
26420,GRS059064006,2020-12-09,4.46
26421,GRS059064006,2020-12-10,4.46
26422,GRS059064006,2020-12-11,4.46
26423,GRS059064006,2020-12-14,4.46
26424,GRS059064006,2020-12-15,3.04
26425,GRS059064006,2020-12-16,3.65
26426,GRS059064006,2020-12-17,2.44
26427,GRS059064006,2020-12-18,2.44
26428,GRS059064006,2020-12-21,2.44
26429,GRS059064006,2020-12-22,2.42
26430,GRS059064006,2020-12-23,2.42
26431,GRS059064006,2020-12-24,2.42
26432,GRS059064006,2020-12-28,2.42
26433,GRS059064006,2020-12-29,2.42
26434,GRS059064006,2020-12-30,2.42
26440,GRS059064006,2021-01-07,2.0
26445,GRS059064006,2021-01-14,1.71
26447,GRS059064006,2021-01-18,1.66
26442,GRS059064006,2021-01-11,1.9
26446,GRS059064006,2021-01-15,1.66
26435,GRS059064006,2020-12-31,2.94
26437,GRS059064006,2021-01-04,2.0
26436,GRS059064006,2021-01-01,2.0
26448,GRS059064006,2021-01-19,1.66
26455,GRS059064006,2021-01-28,1.94
26456,GRS059064006,2021-01-29,1.94
26457,GRS059064006,2021-02-01,1.94
26453,GRS059064006,2021-01-26,1.66
26458,GRS059064006,2021-02-02,1.94
26460,GRS059064006,2021-02-04,1.66
26459,GRS059064006,2021-02-03,1.94
26462,GRS059064006,2021-02-08,1.94
26463,GRS059064006,2021-02-09,1.94
26464,GRS059064006,2021-02-10,1.94
26465,GRS059064006,2021-02-11,1.94
26466,GRS059064006,2021-02-12,1.67
26467,GRS059064006,2021-02-15,1.67
26468,GRS059064006,2021-02-16,1.67
26469,GRS059064006,2021-02-17,1.67
26470,GRS059064006,2021-02-18,1.67
26471,GRS059064006,2021-02-19,1.67
26472,GRS059064006,2021-02-22,1.98
26477,GRS065003014,2020-03-02,1.414
26474,GRS059064006,2021-02-24,1.67
26473,GRS059064006,2021-02-23,1.67
26475,GRS059064006,2021-02-25,1.67
26478,GRS065003014,2020-03-03,1.3066666
26480,GRS065003014,2020-03-05,1.372
26479,GRS065003014,2020-03-04,1.4224
26476,GRS059064006,2021-02-26,1.77
26481,GRS065003014,2020-03-06,1.4224
26482,GRS065003014,2020-03-09,1.5586667
26484,GRS065003014,2020-03-11,1.1246667
26483,GRS065003014,2020-03-10,1.1293334
26485,GRS065003014,2020-03-12,1.1246667
26486,GRS065003014,2020-03-13,1.1666666
26489,GRS065003014,2020-03-18,1.148
26488,GRS065003014,2020-03-17,0.9333333
26490,GRS065003014,2020-03-19,0.9333333
26493,GRS065003014,2020-03-24,1.2460001
26492,GRS065003014,2020-03-23,1.344
26494,GRS065003014,2020-03-25,1.3066666
26495,GRS065003014,2020-03-26,1.2628
26497,GRS065003014,2020-03-30,1.372
26496,GRS065003014,2020-03-27,1.372
26498,GRS065003014,2020-03-31,1.3346666
26501,GRS065003014,2020-04-03,1.3766667
26500,GRS065003014,2020-04-02,1.0272685
26502,GRS065003014,2020-04-06,1.3766667
26499,GRS065003014,2020-04-01,1.5210726
26503,GRS065003014,2020-04-07,1.3766667
26504,GRS065003014,2020-04-08,1.3813334
26507,GRS065003014,2020-04-13,1.358
26505,GRS065003014,2020-04-09,1.3486667
26506,GRS065003014,2020-04-10,1.3486667
26508,GRS065003014,2020-04-14,1.3598666
26509,GRS065003014,2020-04-15,1.3598666
26510,GRS065003014,2020-04-16,1.3598666
26511,GRS065003014,2020-04-17,1.5213333
26512,GRS065003014,2020-04-20,1.5213333
26513,GRS065003014,2020-04-21,1.4777777
26514,GRS065003014,2020-04-22,1.4777777
26515,GRS065003014,2020-04-23,1.6333333
26516,GRS065003014,2020-04-24,1.6053333
26517,GRS065003014,2020-04-27,1.6146667
26518,GRS065003014,2020-04-28,1.6146667
26519,GRS065003014,2020-04-29,1.5866667
26520,GRS065003014,2020-04-30,1.5866667
26522,GRS065003014,2020-05-04,1.6053333
26521,GRS065003014,2020-05-01,1.6053333
26523,GRS065003014,2020-05-05,1.596
26524,GRS065003014,2020-05-06,1.6053333
26525,GRS065003014,2020-05-07,1.568
26526,GRS065003014,2020-05-08,1.5493333
26527,GRS065003014,2020-05-11,1.6426667
26528,GRS065003014,2020-05-12,1.6799999
26529,GRS065003014,2020-05-13,1.666
26530,GRS065003014,2020-05-14,1.6426667
26532,GRS065003014,2020-05-18,1.666
26533,GRS065003014,2020-05-19,1.666
26531,GRS065003014,2020-05-15,1.666
26534,GRS065003014,2020-05-20,1.624
26535,GRS065003014,2020-05-21,1.6146667
26536,GRS065003014,2020-05-22,1.6146667
26537,GRS065003014,2020-05-25,1.6193334
26538,GRS065003014,2020-05-26,1.6333333
26539,GRS065003014,2020-05-27,1.6566666
26540,GRS065003014,2020-05-28,1.6566666
26542,GRS065003014,2020-06-01,1.6333333
26541,GRS065003014,2020-05-29,1.6286666
26543,GRS065003014,2020-06-02,1.6333333
26544,GRS065003014,2020-06-03,1.6333333
26545,GRS065003014,2020-06-04,1.6566666
26546,GRS065003014,2020-06-05,1.6286666
26547,GRS065003014,2020-06-08,1.75
26548,GRS065003014,2020-06-09,1.6566666
26549,GRS065003014,2020-06-10,1.7266667
26552,GRS065003014,2020-06-15,1.6986667
26550,GRS065003014,2020-06-11,1.75
26553,GRS065003014,2020-06-16,1.7640001
26551,GRS065003014,2020-06-12,1.7359999
26554,GRS065003014,2020-06-17,1.7640001
26555,GRS065003014,2020-06-18,1.7640001
26556,GRS065003014,2020-06-19,1.7546667
26557,GRS065003014,2020-06-22,1.7640001
26558,GRS065003014,2020-06-23,1.7640001
26560,GRS065003014,2020-06-25,1.7126666
26559,GRS065003014,2020-06-24,1.7640001
26561,GRS065003014,2020-06-26,1.7033334
26562,GRS065003014,2020-06-29,1.7126666
26563,GRS065003014,2020-06-30,1.7126666
26564,GRS065003014,2020-07-01,1.694
26565,GRS065003014,2020-07-02,1.6893333
26566,GRS065003014,2020-07-03,1.6146667
26567,GRS065003014,2020-07-06,1.7546667
26568,GRS065003014,2020-07-07,1.694
26569,GRS065003014,2020-07-08,1.7033334
26570,GRS065003014,2020-07-09,1.6893333
26572,GRS065003014,2020-07-13,1.7640001
26571,GRS065003014,2020-07-10,1.7546667
26573,GRS065003014,2020-07-14,1.778
26575,GRS065003014,2020-07-16,1.7266667
26574,GRS065003014,2020-07-15,1.7266667
26576,GRS065003014,2020-07-17,1.7733333
26577,GRS065003014,2020-07-20,1.7826667
26578,GRS065003014,2020-07-21,1.689
26579,GRS065003014,2020-07-22,1.703
26580,GRS065003014,2020-07-23,1.708
26581,GRS065003014,2020-07-24,1.7266667
26582,GRS065003014,2020-07-27,1.6893333
26583,GRS065003014,2020-07-28,1.7173333
26584,GRS065003014,2020-07-29,1.848
26586,GRS065003014,2020-07-31,1.8573333
26585,GRS065003014,2020-07-30,1.9133333
26587,GRS065003014,2020-08-03,1.7733333
26588,GRS065003014,2020-08-04,1.8666667
26589,GRS065003014,2020-08-05,1.848
26591,GRS065003014,2020-08-07,1.7266667
26590,GRS065003014,2020-08-06,1.7733333
26592,GRS065003014,2020-08-10,2.0533333
26593,GRS065003014,2020-08-11,1.9786667
26594,GRS065003014,2020-08-12,1.7826667
26595,GRS065003014,2020-08-13,2.0066667
26596,GRS065003014,2020-08-14,2.0533333
26597,GRS065003014,2020-08-17,2.0533333
26598,GRS065003014,2020-08-18,1.7266667
26600,GRS065003014,2020-08-20,2.0533333
26599,GRS065003014,2020-08-19,2.0066667
26602,GRS065003014,2020-08-24,1.694
26601,GRS065003014,2020-08-21,2.0533333
26603,GRS065003014,2020-08-25,1.6566666
26604,GRS065003014,2020-08-26,2.0533333
26605,GRS065003014,2020-08-27,2.016
26606,GRS065003014,2020-08-28,1.9693333
26607,GRS065003014,2020-08-31,2.0066667
26608,GRS065003014,2020-09-01,2.016
26609,GRS065003014,2020-09-02,2.0439999
26610,GRS065003014,2020-09-03,2.0346668
26612,GRS065003014,2020-09-07,2.0066667
26611,GRS065003014,2020-09-04,2.016
26613,GRS065003014,2020-09-08,2.0439999
26614,GRS065003014,2020-09-09,2.0533333
26615,GRS065003014,2020-09-10,1.9693333
26617,GRS065003014,2020-09-14,2.016
26616,GRS065003014,2020-09-11,1.9973333
26618,GRS065003014,2020-09-15,2.0439999
26619,GRS065003014,2020-09-16,2.0346668
26620,GRS065003014,2020-09-17,1.9973333
26621,GRS065003014,2020-09-18,2.0066667
26622,GRS065003014,2020-09-21,1.9973333
26623,GRS065003014,2020-09-22,1.9973333
26624,GRS065003014,2020-09-23,2.016
26625,GRS065003014,2020-09-24,1.9786667
26626,GRS065003014,2020-09-25,1.9973333
26627,GRS065003014,2020-09-28,2.0066667
26628,GRS065003014,2020-09-29,2.0253334
26629,GRS065003014,2020-09-30,2.0346668
26630,GRS065003014,2020-10-01,2.0066667
26632,GRS065003014,2020-10-05,2.0813334
26631,GRS065003014,2020-10-02,1.9693333
26633,GRS065003014,2020-10-06,2.0906668
26634,GRS065003014,2020-10-07,2.1186666
26635,GRS065003014,2020-10-08,2.1466668
26636,GRS065003014,2020-10-09,2.2119999
26637,GRS065003014,2020-10-12,1.8437788
26638,GRS065003014,2020-10-13,2.2213333
26640,GRS065003014,2020-10-15,2.2773333
26639,GRS065003014,2020-10-14,2.2213333
26641,GRS065003014,2020-10-16,2.2483248
26642,GRS065003014,2020-10-19,2.3426666
26643,GRS065003014,2020-10-20,2.3146667
26644,GRS065003014,2020-10-21,2.3053334
26645,GRS065003014,2020-10-22,2.3053334
26646,GRS065003014,2020-10-23,2.3800001
26647,GRS065003014,2020-10-26,1.9618242
26648,GRS065003014,2020-10-27,2.3266785
26651,GRS065003014,2020-10-30,2.2567999
26649,GRS065003014,2020-10-28,2.1933334
26652,GRS065003014,2020-11-02,2.1933334
26650,GRS065003014,2020-10-29,2.2567999
26653,GRS065003014,2020-11-03,2.1933334
26654,GRS065003014,2020-11-04,2.1746666
26655,GRS065003014,2020-11-05,2.1746666
26656,GRS065003014,2020-11-06,2.1746666
26657,GRS065003014,2020-11-09,2.24
26658,GRS065003014,2020-11-10,2.2119999
26659,GRS065003014,2020-11-11,2.0813334
26660,GRS065003014,2020-11-12,2.1466668
26661,GRS065003014,2020-11-13,2.24
26662,GRS065003014,2020-11-16,2.3053334
26663,GRS065003014,2020-11-17,2.2026668
26664,GRS065003014,2020-11-18,2.2026668
26666,GRS065003014,2020-11-20,2.2679999
26665,GRS065003014,2020-11-19,1.9927031
26667,GRS065003014,2020-11-23,2.2213333
26668,GRS065003014,2020-11-24,2.2026668
26669,GRS065003014,2020-11-25,2.3146667
26670,GRS065003014,2020-11-26,2.3053334
26671,GRS065003014,2020-11-27,2.3053334
26673,GRS065003014,2020-12-01,2.296
26672,GRS065003014,2020-11-30,2.3800001
26674,GRS065003014,2020-12-02,2.2866666
26675,GRS065003014,2020-12-03,2.2679999
26676,GRS065003014,2020-12-04,2.2679999
26678,GRS065003014,2020-12-08,2.2679999
26677,GRS065003014,2020-12-07,2.2773333
26679,GRS065003014,2020-12-09,2.2679999
26680,GRS065003014,2020-12-10,2.2773333
26682,GRS065003014,2020-12-14,2.2679999
26681,GRS065003014,2020-12-11,2.2773333
26683,GRS065003014,2020-12-15,2.1933334
26684,GRS065003014,2020-12-16,2.2679999
26685,GRS065003014,2020-12-17,2.2866666
26686,GRS065003014,2020-12-18,2.3239999
26687,GRS065003014,2020-12-21,2.2679999
26688,GRS065003014,2020-12-22,2.2679999
26690,GRS065003014,2020-12-24,2.2679999
26691,GRS065003014,2020-12-28,2.2306666
26689,GRS065003014,2020-12-23,2.2679999
26692,GRS065003014,2020-12-29,2.2679999
26693,GRS065003014,2020-12-30,2.3146667
26694,GRS065003014,2020-12-31,2.3053334
26695,GRS065003014,2021-01-01,2.3146667
26696,GRS065003014,2021-01-04,2.3146667
26697,GRS065003014,2021-01-05,2.2773333
26699,GRS065003014,2021-01-07,2.2773333
26698,GRS065003014,2021-01-06,2.3146667
26700,GRS065003014,2021-01-08,2.3146667
26701,GRS065003014,2021-01-11,2.2773333
26702,GRS065003014,2021-01-12,2.2866666
26703,GRS065003014,2021-01-13,2.2866666
26704,GRS065003014,2021-01-14,2.2679999
26705,GRS065003014,2021-01-15,2.2773333
26706,GRS065003014,2021-01-18,2.2679999
26707,GRS065003014,2021-01-19,2.4100001
26708,GRS065003014,2021-01-20,2.352
26711,GRS065003014,2021-01-25,2.3499999
26709,GRS065003014,2021-01-21,2.3800001
26710,GRS065003014,2021-01-22,2.3599999
26712,GRS065003014,2021-01-26,2.3499999
26713,GRS065003014,2021-01-27,2.4300001
26714,GRS065003014,2021-01-28,2.3499999
26716,GRS065003014,2021-02-01,2.3199999
26715,GRS065003014,2021-01-29,2.3199999
26718,GRS065003014,2021-02-03,2.28
26717,GRS065003014,2021-02-02,2.24
26719,GRS065003014,2021-02-04,2.27
26720,GRS065003014,2021-02-05,2.24
26721,GRS065003014,2021-02-08,2.27
26722,GRS065003014,2021-02-09,2.27
26723,GRS065003014,2021-02-10,2.2
26724,GRS065003014,2021-02-11,2.26
26725,GRS065003014,2021-02-12,2.26
26726,GRS065003014,2021-02-15,2.25
26727,GRS065003014,2021-02-16,2.23
26736,GRS070003009,2020-03-02,1.84
26737,GRS070003009,2020-03-03,1.75
26728,GRS065003014,2021-02-17,2.25
26730,GRS065003014,2021-02-19,2.25
26729,GRS065003014,2021-02-18,2.3146667
26739,GRS070003009,2020-03-05,1.62
26731,GRS065003014,2021-02-22,2.23
26733,GRS065003014,2021-02-24,2.296
26732,GRS065003014,2021-02-23,2.21
26734,GRS065003014,2021-02-25,2.23
26735,GRS065003014,2021-02-26,2.3006666
26748,GRS070003009,2020-03-18,0.95
26747,GRS070003009,2020-03-17,0.95
26749,GRS070003009,2020-03-19,0.95
26750,GRS070003009,2020-03-20,0.95
26754,GRS070003009,2020-03-26,1.07
26755,GRS070003009,2020-03-27,1.18
26757,GRS070003009,2020-03-31,1.15
26756,GRS070003009,2020-03-30,1.17
26758,GRS070003009,2020-04-01,1.15
26759,GRS070003009,2020-04-02,0.97
26761,GRS070003009,2020-04-06,1.2
26764,GRS070003009,2020-04-09,1.46
26762,GRS070003009,2020-04-07,1.35
26763,GRS070003009,2020-04-08,1.44
26765,GRS070003009,2020-04-10,1.41
26766,GRS070003009,2020-04-13,1.37
26767,GRS070003009,2020-04-14,1.41
26768,GRS070003009,2020-04-15,1.51
26760,GRS070003009,2020-04-03,0.95
26770,GRS070003009,2020-04-17,1.5
26769,GRS070003009,2020-04-16,1.37
26771,GRS070003009,2020-04-20,1.49
26772,GRS070003009,2020-04-21,1.49
26773,GRS070003009,2020-04-22,1.63
26775,GRS070003009,2020-04-24,1.7
26774,GRS070003009,2020-04-23,1.7
26776,GRS070003009,2020-04-27,1.67
26777,GRS070003009,2020-04-28,1.63
26778,GRS070003009,2020-04-29,1.63
26779,GRS070003009,2020-04-30,1.6
26781,GRS070003009,2020-05-04,1.6
26780,GRS070003009,2020-05-01,1.6
26782,GRS070003009,2020-05-05,1.5
26784,GRS070003009,2020-05-07,1.6
26783,GRS070003009,2020-05-06,1.6
26785,GRS070003009,2020-05-08,1.5
26786,GRS070003009,2020-05-11,1.6
26788,GRS070003009,2020-05-13,1.6
26787,GRS070003009,2020-05-12,1.6
26789,GRS070003009,2020-05-14,1.6
26790,GRS070003009,2020-05-15,1.6
26791,GRS070003009,2020-05-18,1.6
26792,GRS070003009,2020-05-19,1.5
26793,GRS070003009,2020-05-20,1.5
26794,GRS070003009,2020-05-21,1.5
26795,GRS070003009,2020-05-22,1.6
26796,GRS070003009,2020-05-25,1.5
26797,GRS070003009,2020-05-26,1.5
26798,GRS070003009,2020-05-27,1.5
26799,GRS070003009,2020-05-28,1.5
26801,GRS070003009,2020-06-01,1.5
26800,GRS070003009,2020-05-29,1.6
26802,GRS070003009,2020-06-02,1.5
26803,GRS070003009,2020-06-03,1.576
26804,GRS070003009,2020-06-04,1.59
26805,GRS070003009,2020-06-05,1.55
26806,GRS070003009,2020-06-08,1.59
26807,GRS070003009,2020-06-09,1.55
26808,GRS070003009,2020-06-10,1.4579999
26810,GRS070003009,2020-06-12,1.564
26809,GRS070003009,2020-06-11,1.5707999
26811,GRS070003009,2020-06-15,1.51
26812,GRS070003009,2020-06-16,1.488
26813,GRS070003009,2020-06-17,1.584
26814,GRS070003009,2020-06-18,1.582
26815,GRS070003009,2020-06-19,1.582
26816,GRS070003009,2020-06-22,1.58
26817,GRS070003009,2020-06-23,1.57
26818,GRS070003009,2020-06-24,1.53
26819,GRS070003009,2020-06-25,1.59
26820,GRS070003009,2020-06-26,1.54
26821,GRS070003009,2020-06-29,1.536
26822,GRS070003009,2020-06-30,1.54
26823,GRS070003009,2020-07-01,1.554
26824,GRS070003009,2020-07-02,1.538
26825,GRS070003009,2020-07-03,1.55
26826,GRS070003009,2020-07-06,1.584
26827,GRS070003009,2020-07-07,1.64
26828,GRS070003009,2020-07-08,1.648
26829,GRS070003009,2020-07-09,1.626
26830,GRS070003009,2020-07-10,1.59
26831,GRS070003009,2020-07-13,1.584
26832,GRS070003009,2020-07-14,2.0
26833,GRS070003009,2020-07-15,2.115
26834,GRS070003009,2020-07-16,2.0
26835,GRS070003009,2020-07-17,2.08
26836,GRS070003009,2020-07-20,2.08
26837,GRS070003009,2020-07-21,1.982
26838,GRS070003009,2020-07-22,1.992
26839,GRS070003009,2020-07-23,1.854
26840,GRS070003009,2020-07-24,1.872
26842,GRS070003009,2020-07-28,1.9
26841,GRS070003009,2020-07-27,2.08
26844,GRS070003009,2020-07-30,2.165
26843,GRS070003009,2020-07-29,1.9
26845,GRS070003009,2020-07-31,2.33
26846,GRS070003009,2020-08-03,2.33
26847,GRS070003009,2020-08-04,2.39
26848,GRS070003009,2020-08-05,2.31
26849,GRS070003009,2020-08-06,2.295
26850,GRS070003009,2020-08-07,2.295
26851,GRS070003009,2020-08-10,2.42
26852,GRS070003009,2020-08-11,2.225
26853,GRS070003009,2020-08-12,2.025
26854,GRS070003009,2020-08-13,2.075
26855,GRS070003009,2020-08-14,2.27
26856,GRS070003009,2020-08-17,2.39
26857,GRS070003009,2020-08-18,2.41
26858,GRS070003009,2020-08-19,2.295
26859,GRS070003009,2020-08-20,2.295
26861,GRS070003009,2020-08-24,2.295
26860,GRS070003009,2020-08-21,2.38
26863,GRS070003009,2020-08-26,2.515
26864,GRS070003009,2020-08-27,2.41
26862,GRS070003009,2020-08-25,2.41
26865,GRS070003009,2020-08-28,2.571
26866,GRS070003009,2020-08-31,2.251
26867,GRS070003009,2020-09-01,2.67
26871,GRS070003009,2020-09-07,2.515
26870,GRS070003009,2020-09-04,2.515
26868,GRS070003009,2020-09-02,2.645
26869,GRS070003009,2020-09-03,2.67
26872,GRS070003009,2020-09-08,2.42
26873,GRS070003009,2020-09-09,2.225
26874,GRS070003009,2020-09-10,2.395
26875,GRS070003009,2020-09-11,2.55
26876,GRS070003009,2020-09-14,2.395
26877,GRS070003009,2020-09-15,2.395
26878,GRS070003009,2020-09-16,2.55
26879,GRS070003009,2020-09-17,2.495
26880,GRS070003009,2020-09-18,2.52
26881,GRS070003009,2020-09-21,2.49
26882,GRS070003009,2020-09-22,2.51
26884,GRS070003009,2020-09-24,2.209
26883,GRS070003009,2020-09-23,2.495
26885,GRS070003009,2020-09-25,1.781
26886,GRS070003009,2020-09-28,1.546
26887,GRS070003009,2020-09-29,2.235
26888,GRS070003009,2020-09-30,2.495
26890,GRS070003009,2020-10-02,2.53
26889,GRS070003009,2020-10-01,2.38
26891,GRS070003009,2020-10-05,2.305
26892,GRS070003009,2020-10-06,2.355
26893,GRS070003009,2020-10-07,2.355
26894,GRS070003009,2020-10-08,2.67
26895,GRS070003009,2020-10-09,2.34
26896,GRS070003009,2020-10-12,2.34
26897,GRS070003009,2020-10-13,2.67
26898,GRS070003009,2020-10-14,2.49
26899,GRS070003009,2020-10-15,2.225
26900,GRS070003009,2020-10-16,2.265
26901,GRS070003009,2020-10-19,2.175
26902,GRS070003009,2020-10-20,2.265
26903,GRS070003009,2020-10-21,2.41
26904,GRS070003009,2020-10-22,2.21
26905,GRS070003009,2020-10-23,2.25
26906,GRS070003009,2020-10-26,2.36
26907,GRS070003009,2020-10-27,2.41
26908,GRS070003009,2020-10-28,2.31
26909,GRS070003009,2020-10-29,2.265
26910,GRS070003009,2020-10-30,2.24
26911,GRS070003009,2020-11-02,2.21
26912,GRS070003009,2020-11-03,2.265
26913,GRS070003009,2020-11-04,2.24
26914,GRS070003009,2020-11-05,2.21
26915,GRS070003009,2020-11-06,2.25
26916,GRS070003009,2020-11-09,2.25
26917,GRS070003009,2020-11-10,2.2
26918,GRS070003009,2020-11-11,2.24
26919,GRS070003009,2020-11-12,2.32
26920,GRS070003009,2020-11-13,2.25
26922,GRS070003009,2020-11-17,2.24
26921,GRS070003009,2020-11-16,2.2
26923,GRS070003009,2020-11-18,2.29
26924,GRS070003009,2020-11-19,2.29
26925,GRS070003009,2020-11-20,2.24
26926,GRS070003009,2020-11-23,2.29
26927,GRS070003009,2020-11-24,2.29
26928,GRS070003009,2020-11-25,2.285
26930,GRS070003009,2020-11-27,2.315
26929,GRS070003009,2020-11-26,2.315
26931,GRS070003009,2020-11-30,2.33
26933,GRS070003009,2020-12-02,2.225
26932,GRS070003009,2020-12-01,2.35
26934,GRS070003009,2020-12-03,2.315
26935,GRS070003009,2020-12-04,2.7
26936,GRS070003009,2020-12-07,2.67
26937,GRS070003009,2020-12-08,2.63
26938,GRS070003009,2020-12-09,2.7
26939,GRS070003009,2020-12-10,2.665
26940,GRS070003009,2020-12-11,2.67
26941,GRS070003009,2020-12-14,2.615
26942,GRS070003009,2020-12-15,2.48
26944,GRS070003009,2020-12-17,2.38
26943,GRS070003009,2020-12-16,2.565
26945,GRS070003009,2020-12-18,2.395
26946,GRS070003009,2020-12-21,2.52
26947,GRS070003009,2020-12-22,2.43
26948,GRS070003009,2020-12-23,2.51
26950,GRS070003009,2020-12-28,2.43
26949,GRS070003009,2020-12-24,2.52
26951,GRS070003009,2020-12-29,2.49
26952,GRS070003009,2020-12-30,2.53
26953,GRS070003009,2020-12-31,2.75
26954,GRS070003009,2021-01-01,2.51
26955,GRS070003009,2021-01-04,2.715
26956,GRS070003009,2021-01-05,2.75
26957,GRS070003009,2021-01-06,3.05
26958,GRS070003009,2021-01-07,2.71
26960,GRS070003009,2021-01-11,2.71
26959,GRS070003009,2021-01-08,2.71
26961,GRS070003009,2021-01-12,2.71
26962,GRS070003009,2021-01-13,2.71
26963,GRS070003009,2021-01-14,3.21
26964,GRS070003009,2021-01-15,2.55
26965,GRS070003009,2021-01-18,2.49
26966,GRS070003009,2021-01-19,2.52
26967,GRS070003009,2021-01-20,3.21
26968,GRS070003009,2021-01-21,3.0
26969,GRS070003009,2021-01-22,3.3
26970,GRS070003009,2021-01-25,3.17
26971,GRS070003009,2021-01-26,3.08
26972,GRS070003009,2021-01-27,3.14
26973,GRS070003009,2021-01-28,3.08
26974,GRS070003009,2021-01-29,3.17
26975,GRS070003009,2021-02-01,3.09
26977,GRS070003009,2021-02-03,3.07
26976,GRS070003009,2021-02-02,3.07
26978,GRS070003009,2021-02-04,3.09
26979,GRS070003009,2021-02-05,2.91
26981,GRS070003009,2021-02-09,3.09
26980,GRS070003009,2021-02-08,3.01
26982,GRS070003009,2021-02-10,2.89
26983,GRS070003009,2021-02-11,2.88
26984,GRS070003009,2021-02-12,3.02
26985,GRS070003009,2021-02-15,3.02
26987,GRS070003009,2021-02-17,3.13
26986,GRS070003009,2021-02-16,3.13
26988,GRS070003009,2021-02-18,3.13
26989,GRS070003009,2021-02-19,2.89
26990,GRS070003009,2021-02-22,2.98
26993,GRS070003009,2021-02-25,2.88
26991,GRS070003009,2021-02-23,2.99
26992,GRS070003009,2021-02-24,2.89
26994,GRS070003009,2021-02-26,3.08
27032,GRS084003011,2020-04-22,0.251
27033,GRS084003011,2020-04-23,0.254
27034,GRS084003011,2020-04-24,0.27
27035,GRS084003011,2020-04-27,0.27
27036,GRS084003011,2020-04-28,0.277
27037,GRS084003011,2020-04-29,0.277
27038,GRS084003011,2020-04-30,0.268
27039,GRS084003011,2020-05-01,0.262
27040,GRS084003011,2020-05-04,0.27
27041,GRS084003011,2020-05-05,0.255
27042,GRS084003011,2020-05-06,0.244
27043,GRS084003011,2020-05-07,0.254
27044,GRS084003011,2020-05-08,0.26
27045,GRS084003011,2020-05-11,0.264
27046,GRS084003011,2020-05-12,0.256
27047,GRS084003011,2020-05-13,0.254
27048,GRS084003011,2020-05-14,0.254
27049,GRS084003011,2020-05-15,0.232
27050,GRS084003011,2020-05-18,0.27
27056,GRS084003011,2020-05-26,0.24
27057,GRS084003011,2020-05-27,0.242
27058,GRS084003011,2020-05-28,0.242
27059,GRS084003011,2020-05-29,0.28
27060,GRS084003011,2020-06-01,0.27
27061,GRS084003011,2020-06-02,0.27
27062,GRS084003011,2020-06-03,0.28
27063,GRS084003011,2020-06-04,0.26
27064,GRS084003011,2020-06-05,0.29
27065,GRS084003011,2020-06-08,0.28
27066,GRS084003011,2020-06-09,0.28
27067,GRS084003011,2020-06-10,0.29
27068,GRS084003011,2020-06-11,0.28
27069,GRS084003011,2020-06-12,0.29
27070,GRS084003011,2020-06-15,0.29
27072,GRS084003011,2020-06-17,0.288
27071,GRS084003011,2020-06-16,0.268
27073,GRS084003011,2020-06-18,0.278
27074,GRS084003011,2020-06-19,0.268
27075,GRS084003011,2020-06-22,0.244
27076,GRS084003011,2020-06-23,0.28
27077,GRS084003011,2020-06-24,0.28
27078,GRS084003011,2020-06-25,0.275
27079,GRS084003011,2020-06-26,0.23
27080,GRS084003011,2020-06-29,0.25
27083,GRS084003011,2020-07-02,0.249
27082,GRS084003011,2020-07-01,0.244
27081,GRS084003011,2020-06-30,0.245
27084,GRS084003011,2020-07-03,0.245
27085,GRS084003011,2020-07-06,0.259
27086,GRS084003011,2020-07-07,0.254
27087,GRS084003011,2020-07-08,0.26
27088,GRS084003011,2020-07-09,0.25
27089,GRS084003011,2020-07-10,0.25
27091,GRS084003011,2020-07-14,0.24
27090,GRS084003011,2020-07-13,0.26
27093,GRS084003011,2020-07-16,0.26
27092,GRS084003011,2020-07-15,0.25
27094,GRS084003011,2020-07-17,0.26
27095,GRS084003011,2020-07-20,0.23
27096,GRS084003011,2020-07-21,0.249
27097,GRS084003011,2020-07-22,0.245
27098,GRS084003011,2020-07-23,0.256
27099,GRS084003011,2020-07-24,0.254
27100,GRS084003011,2020-07-27,0.238
27101,GRS084003011,2020-07-28,0.232
27102,GRS084003011,2020-07-29,0.245
27103,GRS084003011,2020-07-30,0.242
27104,GRS084003011,2020-07-31,0.24
27105,GRS084003011,2020-08-03,0.242
27106,GRS084003011,2020-08-04,0.252
27107,GRS084003011,2020-08-05,0.252
27108,GRS084003011,2020-08-06,0.255
27109,GRS084003011,2020-08-07,0.243
27110,GRS084003011,2020-08-10,0.247
27111,GRS084003011,2020-08-11,0.255
27113,GRS084003011,2020-08-13,0.24
27112,GRS084003011,2020-08-12,0.24
27114,GRS084003011,2020-08-14,0.26
27115,GRS084003011,2020-08-17,0.26
27116,GRS084003011,2020-08-18,0.24
27117,GRS084003011,2020-08-19,0.26
27118,GRS084003011,2020-08-20,0.25
27119,GRS084003011,2020-08-21,0.25
27120,GRS084003011,2020-08-24,0.25
27121,GRS084003011,2020-08-25,0.28
27122,GRS084003011,2020-08-26,0.28
27123,GRS084003011,2020-08-27,0.27
27124,GRS084003011,2020-08-28,0.26
27125,GRS084003011,2020-08-31,0.26
27126,GRS084003011,2020-09-01,0.23
27127,GRS084003011,2020-09-02,0.26
27128,GRS084003011,2020-09-03,0.27
27129,GRS084003011,2020-09-04,0.26
27130,GRS084003011,2020-09-07,0.27
27131,GRS084003011,2020-09-08,0.24
27132,GRS084003011,2020-09-09,0.23
27133,GRS084003011,2020-09-10,0.26
27139,GRS084003011,2020-09-18,0.24
27140,GRS084003011,2020-09-21,0.24
27143,GRS084003011,2020-09-24,0.24
27144,GRS084003011,2020-09-25,0.24
27151,GRS084003011,2020-10-06,0.22
27152,GRS084003011,2020-10-07,0.22
27153,GRS084003011,2020-10-08,0.22
27154,GRS084003011,2020-10-09,0.22
27155,GRS084003011,2020-10-12,0.23
27158,GRS084003011,2020-10-15,0.23
27157,GRS084003011,2020-10-14,0.21
27159,GRS084003011,2020-10-16,0.23
27156,GRS084003011,2020-10-13,0.22
27160,GRS084003011,2020-10-19,0.22
27161,GRS084003011,2020-10-20,0.21
27162,GRS084003011,2020-10-21,0.21
27163,GRS084003011,2020-10-22,0.21
27164,GRS084003011,2020-10-23,0.21
27165,GRS084003011,2020-10-26,0.21
27166,GRS084003011,2020-10-27,0.21
27169,GRS084003011,2020-10-30,0.21
27168,GRS084003011,2020-10-29,0.22
27167,GRS084003011,2020-10-28,0.21
27170,GRS084003011,2020-11-02,0.21
27179,GRS084003011,2020-11-13,0.22
27180,GRS084003011,2020-11-16,0.23
27181,GRS084003011,2020-11-17,0.2
27182,GRS084003011,2020-11-18,0.23
27183,GRS084003011,2020-11-19,0.24
27184,GRS084003011,2020-11-20,0.24
27185,GRS084003011,2020-11-23,0.24
27186,GRS084003011,2020-11-24,0.25
27188,GRS084003011,2020-11-26,0.25
27187,GRS084003011,2020-11-25,0.25
27189,GRS084003011,2020-11-27,0.24
27190,GRS084003011,2020-11-30,0.24
27191,GRS084003011,2020-12-01,0.25
27192,GRS084003011,2020-12-02,0.23
27193,GRS084003011,2020-12-03,0.24
27194,GRS084003011,2020-12-04,0.24
27195,GRS084003011,2020-12-07,0.24
27196,GRS084003011,2020-12-08,0.25
27197,GRS084003011,2020-12-09,0.25
27198,GRS084003011,2020-12-10,0.26
27199,GRS084003011,2020-12-11,0.25
27200,GRS084003011,2020-12-14,0.247
27201,GRS084003011,2020-12-15,0.246
27202,GRS084003011,2020-12-16,0.267
27203,GRS084003011,2020-12-17,0.275
27205,GRS084003011,2020-12-21,0.244
27204,GRS084003011,2020-12-18,0.249
27206,GRS084003011,2020-12-22,0.276
27207,GRS084003011,2020-12-23,0.238
27208,GRS084003011,2020-12-24,0.281
27209,GRS084003011,2020-12-28,0.279
27210,GRS084003011,2020-12-29,0.276
27211,GRS084003011,2020-12-30,0.28
27213,GRS084003011,2021-01-01,0.285
27212,GRS084003011,2020-12-31,0.285
27214,GRS084003011,2021-01-04,0.244
27215,GRS084003011,2021-01-05,0.237
27227,GRS084003011,2021-01-21,0.296
27226,GRS084003011,2021-01-20,0.3
27225,GRS084003011,2021-01-19,0.27
27229,GRS084003011,2021-01-25,0.296
27228,GRS084003011,2021-01-22,0.296
27230,GRS084003011,2021-01-26,0.269
27231,GRS084003011,2021-01-27,0.244
27232,GRS084003011,2021-01-28,0.244
27233,GRS084003011,2021-01-29,0.272
27235,GRS084003011,2021-02-02,0.274
27234,GRS084003011,2021-02-01,0.273
27237,GRS084003011,2021-02-04,0.274
27236,GRS084003011,2021-02-03,0.274
27238,GRS084003011,2021-02-05,0.244
27239,GRS084003011,2021-02-08,0.237
27241,GRS084003011,2021-02-10,0.268
27240,GRS084003011,2021-02-09,0.269
27242,GRS084003011,2021-02-11,0.26
27244,GRS084003011,2021-02-15,0.27
27243,GRS084003011,2021-02-12,0.27
27245,GRS084003011,2021-02-16,0.27
27246,GRS084003011,2021-02-17,0.27
27255,GRS087003000,2020-03-03,0.61
27262,GRS087003000,2020-03-12,0.363
27261,GRS087003000,2020-03-11,0.37
27256,GRS087003000,2020-03-04,0.57
27247,GRS084003011,2021-02-18,0.27
27249,GRS084003011,2021-02-22,0.27
27248,GRS084003011,2021-02-19,0.27
27252,GRS084003011,2021-02-25,0.27
27251,GRS084003011,2021-02-24,0.27
27250,GRS084003011,2021-02-23,0.27
27253,GRS084003011,2021-02-26,0.27
27263,GRS087003000,2020-03-13,0.363
27264,GRS087003000,2020-03-16,0.313
27265,GRS087003000,2020-03-17,0.32
27266,GRS087003000,2020-03-18,0.313
27267,GRS087003000,2020-03-19,0.344
27272,GRS087003000,2020-03-26,0.37
27269,GRS087003000,2020-03-23,0.37
27268,GRS087003000,2020-03-20,0.362
27270,GRS087003000,2020-03-24,0.313
27273,GRS087003000,2020-03-27,0.37
27271,GRS087003000,2020-03-25,0.313
27274,GRS087003000,2020-03-30,0.372
27275,GRS087003000,2020-03-31,0.397
27276,GRS087003000,2020-04-01,0.396
27277,GRS087003000,2020-04-02,0.363
27278,GRS087003000,2020-04-03,0.382
27279,GRS087003000,2020-04-06,0.403
27280,GRS087003000,2020-04-07,0.391
27281,GRS087003000,2020-04-08,0.416
27282,GRS087003000,2020-04-09,0.391
27283,GRS087003000,2020-04-10,0.416
27284,GRS087003000,2020-04-13,0.432
27285,GRS087003000,2020-04-14,0.432
27286,GRS087003000,2020-04-15,0.45
27287,GRS087003000,2020-04-16,0.432
27288,GRS087003000,2020-04-17,0.382
27289,GRS087003000,2020-04-20,0.382
27290,GRS087003000,2020-04-21,0.382
27291,GRS087003000,2020-04-22,0.391
27292,GRS087003000,2020-04-23,0.519
27293,GRS087003000,2020-04-24,0.381
27294,GRS087003000,2020-04-27,0.525
27296,GRS087003000,2020-04-29,0.52600002
27297,GRS087003000,2020-04-30,0.51599997
27298,GRS087003000,2020-05-01,0.49700001
27299,GRS087003000,2020-05-04,0.49700001
27300,GRS087003000,2020-05-05,0.46399999
27302,GRS087003000,2020-05-07,0.44999999
27301,GRS087003000,2020-05-06,0.465
27304,GRS087003000,2020-05-11,0.45449999
27303,GRS087003000,2020-05-08,0.45449999
27305,GRS087003000,2020-05-12,0.47
27306,GRS087003000,2020-05-13,0.47
27307,GRS087003000,2020-05-14,0.46599999
27308,GRS087003000,2020-05-15,0.46599999
27309,GRS087003000,2020-05-18,0.45500001
27310,GRS087003000,2020-05-19,0.45500001
27311,GRS087003000,2020-05-20,0.45500001
27312,GRS087003000,2020-05-21,0.46000001
27314,GRS087003000,2020-05-25,0.45449999
27315,GRS087003000,2020-05-26,0.47099999
27321,GRS087003000,2020-06-03,0.47999999
27322,GRS087003000,2020-06-04,0.51899999
27323,GRS087003000,2020-06-05,0.51700002
27324,GRS087003000,2020-06-08,0.465
27325,GRS087003000,2020-06-09,0.46000001
27327,GRS087003000,2020-06-11,0.48500001
27326,GRS087003000,2020-06-10,0.46900001
27328,GRS087003000,2020-06-12,0.48100001
27329,GRS087003000,2020-06-15,0.477
27330,GRS087003000,2020-06-16,0.465
27331,GRS087003000,2020-06-17,0.47400001
27332,GRS087003000,2020-06-18,0.493
27333,GRS087003000,2020-06-19,0.48449999
27334,GRS087003000,2020-06-22,0.49149999
27335,GRS087003000,2020-06-23,0.52499998
27336,GRS087003000,2020-06-24,0.503
27337,GRS087003000,2020-06-25,0.46
27339,GRS087003000,2020-06-29,0.503
27338,GRS087003000,2020-06-26,0.485
27340,GRS087003000,2020-06-30,0.506
27341,GRS087003000,2020-07-01,0.506
27342,GRS087003000,2020-07-02,0.496
27343,GRS087003000,2020-07-03,0.506
27344,GRS087003000,2020-07-06,0.526
27345,GRS087003000,2020-07-07,0.51
27346,GRS087003000,2020-07-08,0.498
27347,GRS087003000,2020-07-09,0.508
27348,GRS087003000,2020-07-10,0.512
27349,GRS087003000,2020-07-13,0.46
27350,GRS087003000,2020-07-14,0.495
27351,GRS087003000,2020-07-15,0.46
27352,GRS087003000,2020-07-16,0.475
27356,GRS087003000,2020-07-22,0.48
27357,GRS087003000,2020-07-23,0.54
27358,GRS087003000,2020-07-24,0.54
27359,GRS087003000,2020-07-27,0.59
27360,GRS087003000,2020-07-28,0.62
27361,GRS087003000,2020-07-29,0.62
27362,GRS087003000,2020-07-30,0.62
27363,GRS087003000,2020-07-31,0.62
27364,GRS087003000,2020-08-03,0.62
27365,GRS087003000,2020-08-04,0.63
27367,GRS087003000,2020-08-06,0.67
27366,GRS087003000,2020-08-05,0.63
27368,GRS087003000,2020-08-07,0.67
27369,GRS087003000,2020-08-10,0.62
27370,GRS087003000,2020-08-11,0.65
27371,GRS087003000,2020-08-12,0.63
27372,GRS087003000,2020-08-13,0.63
27373,GRS087003000,2020-08-14,0.62
27374,GRS087003000,2020-08-17,0.63
27375,GRS087003000,2020-08-18,0.65
27376,GRS087003000,2020-08-19,0.65
27377,GRS087003000,2020-08-20,0.63
27379,GRS087003000,2020-08-24,0.63
27378,GRS087003000,2020-08-21,0.69
27380,GRS087003000,2020-08-25,0.62
27381,GRS087003000,2020-08-26,0.63
27382,GRS087003000,2020-08-27,0.65
27383,GRS087003000,2020-08-28,0.69
27384,GRS087003000,2020-08-31,0.68
27385,GRS087003000,2020-09-01,0.63
27386,GRS087003000,2020-09-02,0.62
27387,GRS087003000,2020-09-03,0.626
27388,GRS087003000,2020-09-04,0.61
27389,GRS087003000,2020-09-07,0.621
27390,GRS087003000,2020-09-08,0.62
27391,GRS087003000,2020-09-09,0.599
27392,GRS087003000,2020-09-10,0.61
27394,GRS087003000,2020-09-14,0.599
27398,GRS087003000,2020-09-18,0.479
27399,GRS087003000,2020-09-21,0.626
27400,GRS087003000,2020-09-22,0.587
27397,GRS087003000,2020-09-17,0.471
27401,GRS087003000,2020-09-23,0.594
27402,GRS087003000,2020-09-24,0.621
27403,GRS087003000,2020-09-25,0.612
27405,GRS087003000,2020-09-29,0.626
27404,GRS087003000,2020-09-28,0.61
27408,GRS087003000,2020-10-02,0.626
27409,GRS087003000,2020-10-05,0.587
27410,GRS087003000,2020-10-06,0.728
27411,GRS087003000,2020-10-07,0.735
27412,GRS087003000,2020-10-08,0.756
27413,GRS087003000,2020-10-09,0.76
27414,GRS087003000,2020-10-12,0.785
27415,GRS087003000,2020-10-13,0.78
27416,GRS087003000,2020-10-14,0.785
27417,GRS087003000,2020-10-15,0.74
27418,GRS087003000,2020-10-16,0.735
27419,GRS087003000,2020-10-19,0.745
27420,GRS087003000,2020-10-20,0.76
27421,GRS087003000,2020-10-21,0.73
27430,GRS087003000,2020-11-03,0.636
27395,GRS087003000,2020-09-15,0.624
27431,GRS087003000,2020-11-04,0.645
27432,GRS087003000,2020-11-05,0.636
27396,GRS087003000,2020-09-16,0.462
27433,GRS087003000,2020-11-06,0.645
27435,GRS087003000,2020-11-10,0.723
27434,GRS087003000,2020-11-09,0.699
27436,GRS087003000,2020-11-11,0.73
27438,GRS087003000,2020-11-13,0.73
27437,GRS087003000,2020-11-12,0.731
27440,GRS087003000,2020-11-17,0.751
27441,GRS087003000,2020-11-18,0.747
27445,GRS087003000,2020-11-24,0.757
27443,GRS087003000,2020-11-20,0.78
27442,GRS087003000,2020-11-19,0.772
27439,GRS087003000,2020-11-16,0.699
27444,GRS087003000,2020-11-23,0.773
27446,GRS087003000,2020-11-25,0.728
27447,GRS087003000,2020-11-26,0.75
27448,GRS087003000,2020-11-27,0.699
27449,GRS087003000,2020-11-30,0.793
27450,GRS087003000,2020-12-01,0.637
27451,GRS087003000,2020-12-02,0.728
27429,GRS087003000,2020-11-02,0.62
27452,GRS087003000,2020-12-03,0.818
27453,GRS087003000,2020-12-04,0.818
27454,GRS087003000,2020-12-07,0.794
27455,GRS087003000,2020-12-08,0.834
27456,GRS087003000,2020-12-09,0.85
27457,GRS087003000,2020-12-10,0.87
27458,GRS087003000,2020-12-11,0.827
27460,GRS087003000,2020-12-15,0.82
27461,GRS087003000,2020-12-16,0.81
27462,GRS087003000,2020-12-17,0.802
27459,GRS087003000,2020-12-14,0.827
27463,GRS087003000,2020-12-18,0.85
27464,GRS087003000,2020-12-21,0.79
27465,GRS087003000,2020-12-22,0.751
27466,GRS087003000,2020-12-23,0.85
27467,GRS087003000,2020-12-24,0.723
27469,GRS087003000,2020-12-29,0.85
27468,GRS087003000,2020-12-28,0.769
27470,GRS087003000,2020-12-30,0.787
27471,GRS087003000,2020-12-31,0.82
27472,GRS087003000,2021-01-01,0.838
27473,GRS087003000,2021-01-04,0.808
27474,GRS087003000,2021-01-05,0.85
27475,GRS087003000,2021-01-06,0.85
27476,GRS087003000,2021-01-07,0.84
27478,GRS087003000,2021-01-11,0.86
27477,GRS087003000,2021-01-08,0.83
27481,GRS087003000,2021-01-14,0.79
27479,GRS087003000,2021-01-12,0.83
27480,GRS087003000,2021-01-13,0.84
27482,GRS087003000,2021-01-15,0.79
27483,GRS087003000,2021-01-18,0.79
27484,GRS087003000,2021-01-19,0.81
27485,GRS087003000,2021-01-20,0.86
27486,GRS087003000,2021-01-21,0.85
27488,GRS087003000,2021-01-25,0.82
27487,GRS087003000,2021-01-22,0.84
27489,GRS087003000,2021-01-26,0.8
27491,GRS087003000,2021-01-28,0.76
27490,GRS087003000,2021-01-27,0.77
27492,GRS087003000,2021-01-29,0.79
27493,GRS087003000,2021-02-01,0.76
27494,GRS087003000,2021-02-02,0.76
27496,GRS087003000,2021-02-04,0.85
27495,GRS087003000,2021-02-03,0.76
27497,GRS087003000,2021-02-05,0.79
27498,GRS087003000,2021-02-08,0.82
27500,GRS087003000,2021-02-10,0.81
27499,GRS087003000,2021-02-09,0.77
27501,GRS087003000,2021-02-11,0.81
27502,GRS087003000,2021-02-12,0.77
27503,GRS087003000,2021-02-15,0.82
27504,GRS087003000,2021-02-16,0.79
27506,GRS087003000,2021-02-18,0.85
27507,GRS087003000,2021-02-19,0.84
27505,GRS087003000,2021-02-17,0.81
27508,GRS087003000,2021-02-22,0.82
27509,GRS087003000,2021-02-23,0.82
27510,GRS087003000,2021-02-24,0.82
27511,GRS087003000,2021-02-25,0.82
27512,GRS087003000,2021-02-26,0.83
27520,GRS088003017,2020-03-11,0.83
27530,GRS088003017,2020-03-25,0.83
27531,GRS088003017,2020-03-26,0.87
27532,GRS088003017,2020-03-27,0.72
27533,GRS088003017,2020-03-30,0.72
27534,GRS088003017,2020-03-31,0.84
27535,GRS088003017,2020-04-01,0.88
27536,GRS088003017,2020-04-02,0.85
27537,GRS088003017,2020-04-03,0.83
27538,GRS088003017,2020-04-06,0.83
27529,GRS088003017,2020-03-24,0.83
27521,GRS088003017,2020-03-12,0.86
27539,GRS088003017,2020-04-07,0.79
27540,GRS088003017,2020-04-08,0.85
27541,GRS088003017,2020-04-09,0.89
27543,GRS088003017,2020-04-13,0.89
27545,GRS088003017,2020-04-15,0.72
27542,GRS088003017,2020-04-10,0.72
27544,GRS088003017,2020-04-14,0.82
27546,GRS088003017,2020-04-16,0.88
27547,GRS088003017,2020-04-17,0.89
27548,GRS088003017,2020-04-20,0.89
27549,GRS088003017,2020-04-21,0.89
27550,GRS088003017,2020-04-22,0.92
27551,GRS088003017,2020-04-23,0.89
27552,GRS088003017,2020-04-24,0.98
27553,GRS088003017,2020-04-27,1.0
27554,GRS088003017,2020-04-28,0.98
27555,GRS088003017,2020-04-29,0.97
27556,GRS088003017,2020-04-30,0.92
27557,GRS088003017,2020-05-01,0.95
27558,GRS088003017,2020-05-04,0.98
27559,GRS088003017,2020-05-05,0.86
27560,GRS088003017,2020-05-06,0.98
27562,GRS088003017,2020-05-08,0.92
27561,GRS088003017,2020-05-07,0.98
27563,GRS088003017,2020-05-11,0.88
27564,GRS088003017,2020-05-12,0.88
27565,GRS088003017,2020-05-13,0.92
27566,GRS088003017,2020-05-14,0.92
27567,GRS088003017,2020-05-15,0.88
27568,GRS088003017,2020-05-18,0.92
27570,GRS088003017,2020-05-20,0.92
27569,GRS088003017,2020-05-19,0.89
27571,GRS088003017,2020-05-21,0.89
27572,GRS088003017,2020-05-22,0.89
27573,GRS088003017,2020-05-25,0.89
27574,GRS088003017,2020-05-26,0.89
27575,GRS088003017,2020-05-27,0.89
27576,GRS088003017,2020-05-28,0.92
27577,GRS088003017,2020-05-29,0.9
27578,GRS088003017,2020-06-01,0.87
27582,GRS088003017,2020-06-05,0.91
27583,GRS088003017,2020-06-08,0.93
27584,GRS088003017,2020-06-09,0.93
27585,GRS088003017,2020-06-10,0.95
27587,GRS088003017,2020-06-12,0.93
27586,GRS088003017,2020-06-11,0.93
27588,GRS088003017,2020-06-15,0.93
27589,GRS088003017,2020-06-16,0.93
27590,GRS088003017,2020-06-17,0.92
27591,GRS088003017,2020-06-18,0.94
27592,GRS088003017,2020-06-19,0.91
27593,GRS088003017,2020-06-22,0.91
27594,GRS088003017,2020-06-23,0.88
27595,GRS088003017,2020-06-24,0.91
27596,GRS088003017,2020-06-25,0.9
27608,GRS088003017,2020-07-13,0.898
27610,GRS088003017,2020-07-15,0.898
27611,GRS088003017,2020-07-16,0.922
27612,GRS088003017,2020-07-17,0.898
27613,GRS088003017,2020-07-20,0.898
27614,GRS088003017,2020-07-21,0.87
27615,GRS088003017,2020-07-22,0.838
27616,GRS088003017,2020-07-23,0.84
27617,GRS088003017,2020-07-24,0.84
27618,GRS088003017,2020-07-27,0.858
27619,GRS088003017,2020-07-28,0.84
27620,GRS088003017,2020-07-29,0.84
27621,GRS088003017,2020-07-30,0.858
27622,GRS088003017,2020-07-31,0.848
27623,GRS088003017,2020-08-03,0.84
27624,GRS088003017,2020-08-04,0.834
27625,GRS088003017,2020-08-05,0.91
27626,GRS088003017,2020-08-06,0.926
27627,GRS088003017,2020-08-07,0.938
27628,GRS088003017,2020-08-10,0.926
27629,GRS088003017,2020-08-11,0.93
27630,GRS088003017,2020-08-12,0.936
27631,GRS088003017,2020-08-13,0.887
27632,GRS088003017,2020-08-14,0.9
27634,GRS088003017,2020-08-18,0.9
27633,GRS088003017,2020-08-17,0.9
27635,GRS088003017,2020-08-19,0.9
27636,GRS088003017,2020-08-20,0.9
27637,GRS088003017,2020-08-21,0.9
27638,GRS088003017,2020-08-24,0.9
27639,GRS088003017,2020-08-25,0.9
27641,GRS088003017,2020-08-27,0.9
27640,GRS088003017,2020-08-26,0.9
27642,GRS088003017,2020-08-28,0.9
27643,GRS088003017,2020-08-31,0.9
27644,GRS088003017,2020-09-01,0.9
27646,GRS088003017,2020-09-03,0.9
27645,GRS088003017,2020-09-02,0.9
27647,GRS088003017,2020-09-04,0.9
27648,GRS088003017,2020-09-07,0.9
27649,GRS088003017,2020-09-08,0.9
27650,GRS088003017,2020-09-09,0.9
27651,GRS088003017,2020-09-10,0.9
27652,GRS088003017,2020-09-11,0.9
27654,GRS088003017,2020-09-15,0.9
27653,GRS088003017,2020-09-14,0.9
27655,GRS088003017,2020-09-16,0.9
27656,GRS088003017,2020-09-17,0.9
27658,GRS088003017,2020-09-21,0.9
27657,GRS088003017,2020-09-18,0.9
27659,GRS088003017,2020-09-22,0.9
27660,GRS088003017,2020-09-23,0.9
27661,GRS088003017,2020-09-24,0.9
27662,GRS088003017,2020-09-25,0.9
27664,GRS088003017,2020-09-29,0.8
27663,GRS088003017,2020-09-28,0.8
27665,GRS088003017,2020-09-30,0.9
27666,GRS088003017,2020-10-01,0.8
27667,GRS088003017,2020-10-02,0.8
27668,GRS088003017,2020-10-05,0.9
27669,GRS088003017,2020-10-06,0.9
27670,GRS088003017,2020-10-07,0.8
27671,GRS088003017,2020-10-08,0.8
27672,GRS088003017,2020-10-09,0.8
27673,GRS088003017,2020-10-12,0.9
27674,GRS088003017,2020-10-13,0.9
27675,GRS088003017,2020-10-14,0.9
27676,GRS088003017,2020-10-15,0.9
27677,GRS088003017,2020-10-16,0.8
27678,GRS088003017,2020-10-19,0.8
27679,GRS088003017,2020-10-20,0.8
27680,GRS088003017,2020-10-21,0.9
27681,GRS088003017,2020-10-22,0.8
27682,GRS088003017,2020-10-23,0.8
27683,GRS088003017,2020-10-26,0.8
27684,GRS088003017,2020-10-27,0.8
27685,GRS088003017,2020-10-28,0.8
27686,GRS088003017,2020-10-29,0.8
27687,GRS088003017,2020-10-30,0.8
27689,GRS088003017,2020-11-03,0.8
27690,GRS088003017,2020-11-04,0.8
27688,GRS088003017,2020-11-02,0.8
27691,GRS088003017,2020-11-05,0.8
27693,GRS088003017,2020-11-09,0.8
27692,GRS088003017,2020-11-06,0.8
27694,GRS088003017,2020-11-10,0.8
27695,GRS088003017,2020-11-11,0.9
27696,GRS088003017,2020-11-12,0.9
27697,GRS088003017,2020-11-13,0.9
27698,GRS088003017,2020-11-16,0.9
27699,GRS088003017,2020-11-17,0.9
27700,GRS088003017,2020-11-18,0.9
27703,GRS088003017,2020-11-23,1.0
27701,GRS088003017,2020-11-19,0.9
27706,GRS088003017,2020-11-26,1.0
27705,GRS088003017,2020-11-25,1.0
27702,GRS088003017,2020-11-20,0.9
27704,GRS088003017,2020-11-24,0.9
27707,GRS088003017,2020-11-27,1.0
27717,GRS088003017,2020-12-11,1.0
27713,GRS088003017,2020-12-07,1.1
27718,GRS088003017,2020-12-14,1.0
27716,GRS088003017,2020-12-10,1.1
27719,GRS088003017,2020-12-15,1.0
27709,GRS088003017,2020-12-01,1.0
27714,GRS088003017,2020-12-08,1.1
27726,GRS088003017,2020-12-24,1.3
27708,GRS088003017,2020-11-30,1.0
27727,GRS088003017,2020-12-28,1.3
27728,GRS088003017,2020-12-29,1.3
27720,GRS088003017,2020-12-16,1.1
27729,GRS088003017,2020-12-30,1.3
27715,GRS088003017,2020-12-09,1.1
27712,GRS088003017,2020-12-04,1.0
27730,GRS088003017,2020-12-31,1.3
27732,GRS088003017,2021-01-04,1.3
27731,GRS088003017,2021-01-01,1.3
27733,GRS088003017,2021-01-05,1.3
27734,GRS088003017,2021-01-06,1.3
27735,GRS088003017,2021-01-07,1.3
27737,GRS088003017,2021-01-11,1.3
27710,GRS088003017,2020-12-02,0.9
27736,GRS088003017,2021-01-08,1.3
27738,GRS088003017,2021-01-12,1.3
27739,GRS088003017,2021-01-13,1.2
27711,GRS088003017,2020-12-03,1.1
27740,GRS088003017,2021-01-14,1.22
27741,GRS088003017,2021-01-15,1.22
27742,GRS088003017,2021-01-18,1.22
27743,GRS088003017,2021-01-19,1.19
27745,GRS088003017,2021-01-21,1.22
27744,GRS088003017,2021-01-20,1.22
27746,GRS088003017,2021-01-22,1.22
27747,GRS088003017,2021-01-25,1.27
27748,GRS088003017,2021-01-26,1.25
27749,GRS088003017,2021-01-27,1.22
27751,GRS088003017,2021-01-29,1.19
27750,GRS088003017,2021-01-28,1.24
27752,GRS088003017,2021-02-01,1.22
27753,GRS088003017,2021-02-02,1.22
27754,GRS088003017,2021-02-03,1.22
27755,GRS088003017,2021-02-04,1.22
27756,GRS088003017,2021-02-05,1.17
27758,GRS088003017,2021-02-09,1.23
27757,GRS088003017,2021-02-08,1.2
27759,GRS088003017,2021-02-10,1.3
27760,GRS088003017,2021-02-11,1.19
27761,GRS088003017,2021-02-12,1.25
27834,GRS090003005,2020-05-27,0.18
27762,GRS088003017,2021-02-15,1.18
27763,GRS088003017,2021-02-16,1.18
27837,GRS090003005,2020-06-01,0.18
27838,GRS090003005,2020-06-02,0.18
27764,GRS088003017,2021-02-17,1.22
27839,GRS090003005,2020-06-03,0.18
27840,GRS090003005,2020-06-04,0.18
27765,GRS088003017,2021-02-18,1.3
27766,GRS088003017,2021-02-19,1.22
27841,GRS090003005,2020-06-05,0.18
27842,GRS090003005,2020-06-08,0.18
27843,GRS090003005,2020-06-09,0.18
27844,GRS090003005,2020-06-10,0.18
27848,GRS090003005,2020-06-16,0.15
27847,GRS090003005,2020-06-15,0.15
27845,GRS090003005,2020-06-11,0.18
27849,GRS090003005,2020-06-17,0.18
27851,GRS090003005,2020-06-19,0.18
27852,GRS090003005,2020-06-22,0.18
27767,GRS088003017,2021-02-22,1.19
27768,GRS088003017,2021-02-23,1.24
27854,GRS090003005,2020-06-24,0.18
27769,GRS088003017,2021-02-24,1.05
27853,GRS090003005,2020-06-23,0.18
27770,GRS088003017,2021-02-25,0.88
27855,GRS090003005,2020-06-25,0.18
27771,GRS088003017,2021-02-26,1.35
27846,GRS090003005,2020-06-12,0.15
27858,GRS090003005,2020-06-30,0.16
27856,GRS090003005,2020-06-26,0.18
27860,GRS090003005,2020-07-02,0.17
27861,GRS090003005,2020-07-03,0.17
27862,GRS090003005,2020-07-06,0.17
27863,GRS090003005,2020-07-07,0.17
27864,GRS090003005,2020-07-08,0.18
27865,GRS090003005,2020-07-09,0.17
27866,GRS090003005,2020-07-10,0.18
27867,GRS090003005,2020-07-13,0.17
27859,GRS090003005,2020-07-01,0.16
27868,GRS090003005,2020-07-14,0.17
27869,GRS090003005,2020-07-15,0.17
27870,GRS090003005,2020-07-16,0.17
27871,GRS090003005,2020-07-17,0.17
27872,GRS090003005,2020-07-20,0.17
27873,GRS090003005,2020-07-21,0.17
27874,GRS090003005,2020-07-22,0.15
27875,GRS090003005,2020-07-23,0.17
27876,GRS090003005,2020-07-24,0.17
27877,GRS090003005,2020-07-27,0.15
27878,GRS090003005,2020-07-28,0.15
27879,GRS090003005,2020-07-29,0.15
27880,GRS090003005,2020-07-30,0.15
27881,GRS090003005,2020-07-31,0.15
27882,GRS090003005,2020-08-03,0.15
27883,GRS090003005,2020-08-04,0.15
27884,GRS090003005,2020-08-05,0.15
27885,GRS090003005,2020-08-06,0.15
27886,GRS090003005,2020-08-07,0.15
27850,GRS090003005,2020-06-18,0.18
27887,GRS090003005,2020-08-10,0.15
27888,GRS090003005,2020-08-11,0.15
27889,GRS090003005,2020-08-12,0.15
27890,GRS090003005,2020-08-13,0.15
27891,GRS090003005,2020-08-14,0.15
27892,GRS090003005,2020-08-17,0.15
27893,GRS090003005,2020-08-18,0.153
27894,GRS090003005,2020-08-19,0.153
27896,GRS090003005,2020-08-21,0.153
27895,GRS090003005,2020-08-20,0.153
27897,GRS090003005,2020-08-24,0.153
27898,GRS090003005,2020-08-25,0.153
27899,GRS090003005,2020-08-26,0.153
27900,GRS090003005,2020-08-27,0.153
27901,GRS090003005,2020-08-28,0.153
27903,GRS090003005,2020-09-01,0.153
27857,GRS090003005,2020-06-29,0.18
27904,GRS090003005,2020-09-02,0.15
27905,GRS090003005,2020-09-03,0.153
27906,GRS090003005,2020-09-04,0.153
27902,GRS090003005,2020-08-31,0.153
27908,GRS090003005,2020-09-08,0.153
27907,GRS090003005,2020-09-07,0.15
27910,GRS090003005,2020-09-10,0.153
27911,GRS090003005,2020-09-11,0.15
27909,GRS090003005,2020-09-09,0.15
27912,GRS090003005,2020-09-14,0.153
27913,GRS090003005,2020-09-15,0.153
27914,GRS090003005,2020-09-16,0.153
27915,GRS090003005,2020-09-17,0.153
27916,GRS090003005,2020-09-18,0.153
27917,GRS090003005,2020-09-21,0.153
27918,GRS090003005,2020-09-22,0.153
27919,GRS090003005,2020-09-23,0.153
27920,GRS090003005,2020-09-24,0.153
27921,GRS090003005,2020-09-25,0.153
27922,GRS090003005,2020-09-28,0.153
27923,GRS090003005,2020-09-29,0.153
27924,GRS090003005,2020-09-30,0.153
27926,GRS090003005,2020-10-02,0.153
27925,GRS090003005,2020-10-01,0.153
27927,GRS090003005,2020-10-05,0.153
27929,GRS090003005,2020-10-07,0.153
27928,GRS090003005,2020-10-06,0.153
27930,GRS090003005,2020-10-08,0.153
27931,GRS090003005,2020-10-09,0.153
27932,GRS090003005,2020-10-12,0.153
27933,GRS090003005,2020-10-13,0.153
27935,GRS090003005,2020-10-15,0.153
27934,GRS090003005,2020-10-14,0.153
27936,GRS090003005,2020-10-16,0.153
27937,GRS090003005,2020-10-19,0.153
27938,GRS090003005,2020-10-20,0.15
27970,GRS090003005,2020-12-03,0.153
27962,GRS090003005,2020-11-23,0.153
27968,GRS090003005,2020-12-01,0.153
27993,GRS090003005,2021-01-06,0.181
27966,GRS090003005,2020-11-27,0.153
27967,GRS090003005,2020-11-30,0.153
27969,GRS090003005,2020-12-02,0.153
27994,GRS090003005,2021-01-07,0.181
27995,GRS090003005,2021-01-08,0.181
27965,GRS090003005,2020-11-26,0.153
28000,GRS090003005,2021-01-15,0.218
27999,GRS090003005,2021-01-14,0.218
27989,GRS090003005,2020-12-31,0.181
28001,GRS090003005,2021-01-18,0.218
28003,GRS090003005,2021-01-20,0.218
28007,GRS090003005,2021-01-26,0.218
28017,GRS090003005,2021-02-09,0.218
28018,GRS090003005,2021-02-10,0.218
28006,GRS090003005,2021-01-25,0.218
28005,GRS090003005,2021-01-22,0.218
28002,GRS090003005,2021-01-19,0.199
28004,GRS090003005,2021-01-21,0.218
28021,GRS090003005,2021-02-15,0.218
28022,GRS090003005,2021-02-16,0.218
28023,GRS090003005,2021-02-17,0.218
28020,GRS090003005,2021-02-12,0.218
28019,GRS090003005,2021-02-11,0.218
28024,GRS090003005,2021-02-18,0.218
28025,GRS090003005,2021-02-19,0.218
28026,GRS090003005,2021-02-22,0.218
28008,GRS090003005,2021-01-27,0.218
28027,GRS090003005,2021-02-23,0.218
28029,GRS090003005,2021-02-25,0.218
28028,GRS090003005,2021-02-24,0.218
28100,GRS090004003,2020-06-05,0.28
28030,GRS090003005,2021-02-26,0.218
28104,GRS090004003,2020-06-11,0.28
28101,GRS090004003,2020-06-08,0.28
28102,GRS090004003,2020-06-09,0.28
28103,GRS090004003,2020-06-10,0.28
28105,GRS090004003,2020-06-12,0.28
28106,GRS090004003,2020-06-15,0.28
28107,GRS090004003,2020-06-16,0.28
28108,GRS090004003,2020-06-17,0.28
28116,GRS090004003,2020-06-29,0.28
28118,GRS090004003,2020-07-01,0.28
28109,GRS090004003,2020-06-18,0.28
28115,GRS090004003,2020-06-26,0.28
28110,GRS090004003,2020-06-19,0.28
28111,GRS090004003,2020-06-22,0.28
28130,GRS090004003,2020-07-17,0.24
28125,GRS090004003,2020-07-10,0.22
28117,GRS090004003,2020-06-30,0.28
28113,GRS090004003,2020-06-24,0.28
28112,GRS090004003,2020-06-23,0.28
28145,GRS090004003,2020-08-07,0.25
28114,GRS090004003,2020-06-25,0.25
28151,GRS090004003,2020-08-17,0.28
28155,GRS090004003,2020-08-21,0.28
28131,GRS090004003,2020-07-20,0.27
28154,GRS090004003,2020-08-20,0.28
28152,GRS090004003,2020-08-18,0.26
28157,GRS090004003,2020-08-25,0.28
28158,GRS090004003,2020-08-26,0.28
28153,GRS090004003,2020-08-19,0.28
28238,GRS090004003,2020-12-16,0.19
28239,GRS090004003,2020-12-17,0.19
28240,GRS090004003,2020-12-18,0.19
28160,GRS090004003,2020-08-28,0.28
28243,GRS090004003,2020-12-23,0.2
28241,GRS090004003,2020-12-21,0.19
28242,GRS090004003,2020-12-22,0.19
28244,GRS090004003,2020-12-24,0.2
28245,GRS090004003,2020-12-28,0.2
28246,GRS090004003,2020-12-29,0.2
28247,GRS090004003,2020-12-30,0.2
28248,GRS090004003,2020-12-31,0.2
28249,GRS090004003,2021-01-01,0.2
28250,GRS090004003,2021-01-04,0.2
28253,GRS090004003,2021-01-07,0.21
28252,GRS090004003,2021-01-06,0.19
28251,GRS090004003,2021-01-05,0.2
28254,GRS090004003,2021-01-08,0.22
28255,GRS090004003,2021-01-11,0.22
28256,GRS090004003,2021-01-12,0.22
28262,GRS090004003,2021-01-20,0.22
28263,GRS090004003,2021-01-21,0.22
28264,GRS090004003,2021-01-22,0.22
28267,GRS090004003,2021-01-27,0.22
28268,GRS090004003,2021-01-28,0.22
28266,GRS090004003,2021-01-26,0.22
28269,GRS090004003,2021-01-29,0.22
28270,GRS090004003,2021-02-01,0.22
28272,GRS090004003,2021-02-03,0.22
28271,GRS090004003,2021-02-02,0.22
28273,GRS090004003,2021-02-04,0.22
28274,GRS090004003,2021-02-05,0.22
28275,GRS090004003,2021-02-08,0.22
28276,GRS090004003,2021-02-09,0.22
28281,GRS090004003,2021-02-16,0.2
28280,GRS090004003,2021-02-15,0.22
28291,GRS092103001,2020-03-03,0.125
28292,GRS092103001,2020-03-04,0.142
28312,GRS092103001,2020-04-01,0.115
28313,GRS092103001,2020-04-02,0.115
28314,GRS092103001,2020-04-03,0.115
28315,GRS092103001,2020-04-06,0.115
28316,GRS092103001,2020-04-07,0.115
28318,GRS092103001,2020-04-09,0.115
28317,GRS092103001,2020-04-08,0.115
28319,GRS092103001,2020-04-10,0.115
28320,GRS092103001,2020-04-13,0.115
28321,GRS092103001,2020-04-14,0.115
28322,GRS092103001,2020-04-15,0.115
28323,GRS092103001,2020-04-16,0.115
28324,GRS092103001,2020-04-17,0.115
28325,GRS092103001,2020-04-20,0.115
28326,GRS092103001,2020-04-21,0.115
28327,GRS092103001,2020-04-22,0.115
28328,GRS092103001,2020-04-23,0.138
28329,GRS092103001,2020-04-24,0.165
28330,GRS092103001,2020-04-27,0.165
28331,GRS092103001,2020-04-28,0.165
28333,GRS092103001,2020-04-30,0.172
28332,GRS092103001,2020-04-29,0.172
28334,GRS092103001,2020-05-01,0.172
28335,GRS092103001,2020-05-04,0.172
28336,GRS092103001,2020-05-05,0.159
28337,GRS092103001,2020-05-06,0.159
28338,GRS092103001,2020-05-07,0.159
28339,GRS092103001,2020-05-08,0.159
28340,GRS092103001,2020-05-11,0.172
28341,GRS092103001,2020-05-12,0.172
28342,GRS092103001,2020-05-13,0.172
28343,GRS092103001,2020-05-14,0.172
28344,GRS092103001,2020-05-15,0.172
28345,GRS092103001,2020-05-18,0.164
28347,GRS092103001,2020-05-20,0.172
28346,GRS092103001,2020-05-19,0.172
28348,GRS092103001,2020-05-21,0.172
28349,GRS092103001,2020-05-22,0.172
28350,GRS092103001,2020-05-25,0.172
28351,GRS092103001,2020-05-26,0.172
28352,GRS092103001,2020-05-27,0.172
28353,GRS092103001,2020-05-28,0.172
28354,GRS092103001,2020-05-29,0.172
28355,GRS092103001,2020-06-01,0.204
28356,GRS092103001,2020-06-02,0.204
28357,GRS092103001,2020-06-03,0.204
28358,GRS092103001,2020-06-04,0.204
28359,GRS092103001,2020-06-05,0.204
28360,GRS092103001,2020-06-08,0.204
28361,GRS092103001,2020-06-09,0.204
28362,GRS092103001,2020-06-10,0.204
28363,GRS092103001,2020-06-11,0.204
28364,GRS092103001,2020-06-12,0.204
28365,GRS092103001,2020-06-15,0.204
28366,GRS092103001,2020-06-16,0.204
28367,GRS092103001,2020-06-17,0.204
28368,GRS092103001,2020-06-18,0.204
28369,GRS092103001,2020-06-19,0.204
28370,GRS092103001,2020-06-22,0.204
28371,GRS092103001,2020-06-23,0.204
28372,GRS092103001,2020-06-24,0.204
28373,GRS092103001,2020-06-25,0.204
28374,GRS092103001,2020-06-26,0.204
28375,GRS092103001,2020-06-29,0.204
28376,GRS092103001,2020-06-30,0.204
28377,GRS092103001,2020-07-01,0.204
28378,GRS092103001,2020-07-02,0.204
28379,GRS092103001,2020-07-03,0.204
28380,GRS092103001,2020-07-06,0.204
28381,GRS092103001,2020-07-07,0.172
28382,GRS092103001,2020-07-08,0.164
28383,GRS092103001,2020-07-09,0.204
28384,GRS092103001,2020-07-10,0.132
28385,GRS092103001,2020-07-13,0.132
28386,GRS092103001,2020-07-14,0.132
28387,GRS092103001,2020-07-15,0.132
28388,GRS092103001,2020-07-16,0.132
28389,GRS092103001,2020-07-17,0.132
28390,GRS092103001,2020-07-20,0.125
28391,GRS092103001,2020-07-21,0.132
28392,GRS092103001,2020-07-22,0.132
28393,GRS092103001,2020-07-23,0.132
28394,GRS092103001,2020-07-24,0.124
28395,GRS092103001,2020-07-27,0.124
28396,GRS092103001,2020-07-28,0.124
28397,GRS092103001,2020-07-29,0.124
28398,GRS092103001,2020-07-30,0.124
28399,GRS092103001,2020-07-31,0.132
28401,GRS092103001,2020-08-04,0.132
28400,GRS092103001,2020-08-03,0.115
28403,GRS092103001,2020-08-06,0.132
28402,GRS092103001,2020-08-05,0.132
28404,GRS092103001,2020-08-07,0.132
28405,GRS092103001,2020-08-10,0.132
28406,GRS092103001,2020-08-11,0.132
28407,GRS092103001,2020-08-12,0.132
28408,GRS092103001,2020-08-13,0.132
28409,GRS092103001,2020-08-14,0.132
28410,GRS092103001,2020-08-17,0.132
28411,GRS092103001,2020-08-18,0.132
28412,GRS092103001,2020-08-19,0.132
28413,GRS092103001,2020-08-20,0.115
28415,GRS092103001,2020-08-24,0.115
28416,GRS092103001,2020-08-25,0.136
28417,GRS092103001,2020-08-26,0.136
28418,GRS092103001,2020-08-27,0.136
28414,GRS092103001,2020-08-21,0.132
28419,GRS092103001,2020-08-28,0.136
28420,GRS092103001,2020-08-31,0.136
28421,GRS092103001,2020-09-01,0.136
28424,GRS092103001,2020-09-04,0.136
28422,GRS092103001,2020-09-02,0.136
28423,GRS092103001,2020-09-03,0.136
28426,GRS092103001,2020-09-08,0.132
28425,GRS092103001,2020-09-07,0.136
28427,GRS092103001,2020-09-09,0.136
28428,GRS092103001,2020-09-10,0.136
28431,GRS092103001,2020-09-15,0.136
28430,GRS092103001,2020-09-14,0.136
28432,GRS092103001,2020-09-16,0.136
28433,GRS092103001,2020-09-17,0.136
28434,GRS092103001,2020-09-18,0.136
28435,GRS092103001,2020-09-21,0.136
28436,GRS092103001,2020-09-22,0.136
28437,GRS092103001,2020-09-23,0.136
28438,GRS092103001,2020-09-24,0.136
28440,GRS092103001,2020-09-28,0.136
28439,GRS092103001,2020-09-25,0.136
28441,GRS092103001,2020-09-29,0.136
28442,GRS092103001,2020-09-30,0.136
28443,GRS092103001,2020-10-01,0.136
28444,GRS092103001,2020-10-02,0.136
28456,GRS092103001,2020-10-20,0.114
28457,GRS092103001,2020-10-21,0.114
28459,GRS092103001,2020-10-23,0.114
28460,GRS092103001,2020-10-26,0.136
28461,GRS092103001,2020-10-27,0.136
28467,GRS092103001,2020-11-04,0.136
28466,GRS092103001,2020-11-03,0.136
28465,GRS092103001,2020-11-02,0.136
28463,GRS092103001,2020-10-29,0.127
28464,GRS092103001,2020-10-30,0.127
28468,GRS092103001,2020-11-05,0.138
28469,GRS092103001,2020-11-06,0.15
28446,GRS092103001,2020-10-06,0.129
28470,GRS092103001,2020-11-09,0.138
28471,GRS092103001,2020-11-10,0.136
28472,GRS092103001,2020-11-11,0.164
28462,GRS092103001,2020-10-28,0.114
28474,GRS092103001,2020-11-13,0.164
28476,GRS092103001,2020-11-17,0.169
28473,GRS092103001,2020-11-12,0.164
28475,GRS092103001,2020-11-16,0.164
28450,GRS092103001,2020-10-12,0.129
28477,GRS092103001,2020-11-18,0.169
28478,GRS092103001,2020-11-19,0.114
28448,GRS092103001,2020-10-08,0.129
28479,GRS092103001,2020-11-20,0.169
28480,GRS092103001,2020-11-23,0.169
28481,GRS092103001,2020-11-24,0.169
28482,GRS092103001,2020-11-25,0.169
28483,GRS092103001,2020-11-26,0.169
28484,GRS092103001,2020-11-27,0.169
28485,GRS092103001,2020-11-30,0.169
28486,GRS092103001,2020-12-01,0.169
28487,GRS092103001,2020-12-02,0.169
28488,GRS092103001,2020-12-03,0.169
28489,GRS092103001,2020-12-04,0.169
28490,GRS092103001,2020-12-07,0.169
28491,GRS092103001,2020-12-08,0.169
28492,GRS092103001,2020-12-09,0.169
28449,GRS092103001,2020-10-09,0.129
28493,GRS092103001,2020-12-10,0.169
28494,GRS092103001,2020-12-11,0.169
28451,GRS092103001,2020-10-13,0.129
28447,GRS092103001,2020-10-07,0.129
28495,GRS092103001,2020-12-14,0.169
28497,GRS092103001,2020-12-16,0.169
28496,GRS092103001,2020-12-15,0.169
28498,GRS092103001,2020-12-17,0.169
28499,GRS092103001,2020-12-18,0.169
28500,GRS092103001,2020-12-21,0.169
28504,GRS092103001,2020-12-28,0.169
28502,GRS092103001,2020-12-23,0.169
28503,GRS092103001,2020-12-24,0.169
28501,GRS092103001,2020-12-22,0.169
28505,GRS092103001,2020-12-29,0.169
28507,GRS092103001,2020-12-31,0.169
28506,GRS092103001,2020-12-30,0.169
28508,GRS092103001,2021-01-01,0.169
28510,GRS092103001,2021-01-05,0.182
28509,GRS092103001,2021-01-04,0.182
28511,GRS092103001,2021-01-06,0.156
28512,GRS092103001,2021-01-07,0.138
28513,GRS092103001,2021-01-08,0.184
28514,GRS092103001,2021-01-11,0.2
28516,GRS092103001,2021-01-13,0.206
28515,GRS092103001,2021-01-12,0.206
28517,GRS092103001,2021-01-14,0.206
28518,GRS092103001,2021-01-15,0.2
28520,GRS092103001,2021-01-19,0.169
28519,GRS092103001,2021-01-18,0.191
28521,GRS092103001,2021-01-20,0.169
28522,GRS092103001,2021-01-21,0.302
28523,GRS092103001,2021-01-22,0.177
28525,GRS092103001,2021-01-26,0.38
28526,GRS092103001,2021-01-27,0.38
28528,GRS092103001,2021-01-29,0.38
28527,GRS092103001,2021-01-28,0.314
28529,GRS092103001,2021-02-01,0.38
28530,GRS092103001,2021-02-02,0.38
28531,GRS092103001,2021-02-03,0.29
28532,GRS092103001,2021-02-04,0.29
28533,GRS092103001,2021-02-05,0.338
28534,GRS092103001,2021-02-08,0.338
28535,GRS092103001,2021-02-09,0.338
28536,GRS092103001,2021-02-10,0.338
28712,GRS095003000,2020-10-15,2.21
28713,GRS095003000,2020-10-16,2.21
28714,GRS095003000,2020-10-19,2.26
28715,GRS095003000,2020-10-20,2.3
28538,GRS092103001,2021-02-12,0.29
28537,GRS092103001,2021-02-11,0.29
28539,GRS092103001,2021-02-15,0.33
28541,GRS092103001,2021-02-17,0.272
28540,GRS092103001,2021-02-16,0.272
28716,GRS095003000,2020-10-21,2.34
28717,GRS095003000,2020-10-22,2.27
28542,GRS092103001,2021-02-18,0.25
28543,GRS092103001,2021-02-19,0.25
28718,GRS095003000,2020-10-23,2.29
28544,GRS092103001,2021-02-22,0.25
28719,GRS095003000,2020-10-26,2.34
28720,GRS095003000,2020-10-27,2.3
28721,GRS095003000,2020-10-28,2.2
28722,GRS095003000,2020-10-29,2.3
28723,GRS095003000,2020-10-30,2.3
28724,GRS095003000,2020-11-02,2.3
28725,GRS095003000,2020-11-03,2.1
28726,GRS095003000,2020-11-04,2.3
28727,GRS095003000,2020-11-05,2.2
28728,GRS095003000,2020-11-06,2.2
28729,GRS095003000,2020-11-09,2.1
28730,GRS095003000,2020-11-10,2.3
28731,GRS095003000,2020-11-11,2.3
28546,GRS092103001,2021-02-24,0.25
28732,GRS095003000,2020-11-12,2.1
28545,GRS092103001,2021-02-23,0.25
28733,GRS095003000,2020-11-13,2.2
28734,GRS095003000,2020-11-16,2.1
28735,GRS095003000,2020-11-17,2.3
28736,GRS095003000,2020-11-18,2.3
28737,GRS095003000,2020-11-19,2.3
28547,GRS092103001,2021-02-25,0.25
28738,GRS095003000,2020-11-20,2.4
28739,GRS095003000,2020-11-23,2.4
28740,GRS095003000,2020-11-24,2.3
28548,GRS092103001,2021-02-26,0.25
28741,GRS095003000,2020-11-25,2.3
28742,GRS095003000,2020-11-26,2.4
28743,GRS095003000,2020-11-27,2.4
28744,GRS095003000,2020-11-30,2.4
28745,GRS095003000,2020-12-01,2.3
28746,GRS095003000,2020-12-02,2.4
28747,GRS095003000,2020-12-03,2.5
28748,GRS095003000,2020-12-04,2.3
28749,GRS095003000,2020-12-07,2.5
28751,GRS095003000,2020-12-09,3.0
28752,GRS095003000,2020-12-10,2.6
28753,GRS095003000,2020-12-11,2.6
28754,GRS095003000,2020-12-14,2.8
28755,GRS095003000,2020-12-15,3.0
28756,GRS095003000,2020-12-16,2.8
28757,GRS095003000,2020-12-17,2.9
28758,GRS095003000,2020-12-18,2.9
28759,GRS095003000,2020-12-21,2.9
28760,GRS095003000,2020-12-22,2.3
28761,GRS095003000,2020-12-23,2.3
28762,GRS095003000,2020-12-24,2.3
28763,GRS095003000,2020-12-28,2.3
28764,GRS095003000,2020-12-29,2.2
28765,GRS095003000,2020-12-30,2.7
28766,GRS095003000,2020-12-31,2.7
28767,GRS095003000,2021-01-01,2.7
28768,GRS095003000,2021-01-04,2.3
28769,GRS095003000,2021-01-05,2.3
28770,GRS095003000,2021-01-06,2.6
28771,GRS095003000,2021-01-07,2.7
28772,GRS095003000,2021-01-08,2.6
28773,GRS095003000,2021-01-11,2.6
28774,GRS095003000,2021-01-12,2.6
28775,GRS095003000,2021-01-13,2.6
28776,GRS095003000,2021-01-14,2.6
28778,GRS095003000,2021-01-18,2.3
28777,GRS095003000,2021-01-15,2.4
28779,GRS095003000,2021-01-19,2.5
28780,GRS095003000,2021-01-20,2.3
28781,GRS095003000,2021-01-21,2.5
28782,GRS095003000,2021-01-22,2.6
28783,GRS095003000,2021-01-25,2.9
28784,GRS095003000,2021-01-26,2.9
28785,GRS095003000,2021-01-27,2.9
28786,GRS095003000,2021-01-28,2.4
28787,GRS095003000,2021-01-29,2.3
28788,GRS095003000,2021-02-01,2.3
28789,GRS095003000,2021-02-02,2.5
28790,GRS095003000,2021-02-03,2.9
28791,GRS095003000,2021-02-04,2.5
28792,GRS095003000,2021-02-05,2.5
28793,GRS095003000,2021-02-08,2.4
28794,GRS095003000,2021-02-09,2.4
28795,GRS095003000,2021-02-10,2.5
28796,GRS095003000,2021-02-11,2.5
28797,GRS095003000,2021-02-12,2.5
28798,GRS095003000,2021-02-15,2.5
28799,GRS095003000,2021-02-16,2.5
28800,GRS095003000,2021-02-17,2.5
28801,GRS095003000,2021-02-18,2.5
28802,GRS095003000,2021-02-19,2.4
28803,GRS095003000,2021-02-22,2.5
28804,GRS095003000,2021-02-23,2.6
28805,GRS095003000,2021-02-24,2.5
28806,GRS095003000,2021-02-25,2.4
28807,GRS095003000,2021-02-26,2.5
28808,GRS096003009,2020-03-02,4.9
28809,GRS096003009,2020-03-03,5.0
28811,GRS096003009,2020-03-05,4.7
28812,GRS096003009,2020-03-06,4.7
28813,GRS096003009,2020-03-09,4.1
28814,GRS096003009,2020-03-10,4.1
28815,GRS096003009,2020-03-11,4.7
28816,GRS096003009,2020-03-12,4.2
28817,GRS096003009,2020-03-13,3.8
28818,GRS096003009,2020-03-16,3.8
28819,GRS096003009,2020-03-17,3.8
28820,GRS096003009,2020-03-18,3.8
28822,GRS096003009,2020-03-20,3.5
28821,GRS096003009,2020-03-19,3.7
28823,GRS096003009,2020-03-23,3.6
28824,GRS096003009,2020-03-24,3.2
28825,GRS096003009,2020-03-25,3.2
28826,GRS096003009,2020-03-26,3.5
28827,GRS096003009,2020-03-27,3.2
28830,GRS096003009,2020-04-01,3.1
28831,GRS096003009,2020-04-02,3.0
28832,GRS096003009,2020-04-03,2.8
28829,GRS096003009,2020-03-31,3.3
28833,GRS096003009,2020-04-06,2.8
28835,GRS096003009,2020-04-08,2.8
28836,GRS096003009,2020-04-09,2.8
28828,GRS096003009,2020-03-30,3.2
28834,GRS096003009,2020-04-07,2.8
28841,GRS096003009,2020-04-16,3.1
28842,GRS096003009,2020-04-17,3.2
28853,GRS096003009,2020-05-04,3.6
28854,GRS096003009,2020-05-05,3.3
28855,GRS096003009,2020-05-06,3.4
28856,GRS096003009,2020-05-07,3.4
28857,GRS096003009,2020-05-08,3.3
28858,GRS096003009,2020-05-11,3.3
28859,GRS096003009,2020-05-12,3.4
28860,GRS096003009,2020-05-13,3.3
28865,GRS096003009,2020-05-20,3.47
28866,GRS096003009,2020-05-21,3.36
28867,GRS096003009,2020-05-22,3.9
28868,GRS096003009,2020-05-25,3.82
28869,GRS096003009,2020-05-26,3.83
28870,GRS096003009,2020-05-27,3.37
28871,GRS096003009,2020-05-28,4.05
28872,GRS096003009,2020-05-29,3.45
28873,GRS096003009,2020-06-01,3.9
28874,GRS096003009,2020-06-02,3.47
28875,GRS096003009,2020-06-03,3.9
28877,GRS096003009,2020-06-05,3.77
28876,GRS096003009,2020-06-04,3.52
28878,GRS096003009,2020-06-08,3.87
28880,GRS096003009,2020-06-10,3.89
28879,GRS096003009,2020-06-09,3.86
28881,GRS096003009,2020-06-11,3.96
28886,GRS096003009,2020-06-18,3.94
28887,GRS096003009,2020-06-19,3.94
28888,GRS096003009,2020-06-22,3.84
28889,GRS096003009,2020-06-23,3.98
28890,GRS096003009,2020-06-24,4.2
28891,GRS096003009,2020-06-25,4.18
