query_index,col_item,col_timestamp,cf_index,row_type,window_line
0,100974271034,2021-05-27,0,factual,"{""w_0"": 5.05, ""w_1"": 5.066, ""w_2"": 5.071199999999999, ""w_3"": 5.05344, ""w_4"": 5.06, ""w_5"": 5.0, ""w_6"": 5.09, ""w_7"": 5.19, ""w_8"": 5.1, ""w_9"": 5.1, ""w_10"": 4.98, ""w_11"": 5.03, ""w_12"": 4.83, ""w_13"": 4.845, ""w_14"": 4.695, ""w_15"": 4.76, ""w_16"": 4.72, ""w_17"": 4.79, ""w_18"": 4.56, ""w_19"": 4.655, ""w_20"": 4.72}"
0,100974271034,2021-05-27,0,counterfactual,"{""w_0"": 5.1, ""w_1"": 5.1, ""w_2"": 5.1, ""w_3"": 5.1, ""w_4"": 5.1, ""w_5"": 5.06, ""w_6"": 5.0, ""w_7"": 5.09, ""w_8"": 5.2, ""w_9"": 5.1, ""w_10"": 5.1, ""w_11"": 5.0, ""w_12"": 5.0, ""w_13"": 4.8, ""w_14"": 4.8, ""w_15"": 4.7, ""w_16"": 4.8, ""w_17"": 4.7, ""w_18"": 4.8, ""w_19"": 4.6, ""w_20"": 4.7}"
1,100974271034,2021-05-28,0,factual,"{""w_0"": 5.066, ""w_1"": 5.071199999999999, ""w_2"": 5.05344, ""w_3"": 5.06, ""w_4"": 5.0, ""w_5"": 5.09, ""w_6"": 5.19, ""w_7"": 5.1, ""w_8"": 5.1, ""w_9"": 4.98, ""w_10"": 5.03, ""w_11"": 4.83, ""w_12"": 4.845, ""w_13"": 4.695, ""w_14"": 4.76, ""w_15"": 4.72, ""w_16"": 4.79, ""w_17"": 4.56, ""w_18"": 4.655, ""w_19"": 4.72, ""w_20"": 4.62}"
1,100974271034,2021-05-28,0,counterfactual,"{""w_0"": 5.1, ""w_1"": 5.1, ""w_2"": 5.1, ""w_3"": 5.1, ""w_4"": 5.06, ""w_5"": 5.0, ""w_6"": 5.09, ""w_7"": 5.2, ""w_8"": 5.1, ""w_9"": 5.1, ""w_10"": 5.0, ""w_11"": 5.0, ""w_12"": 4.8, ""w_13"": 4.8, ""w_14"": 4.7, ""w_15"": 4.8, ""w_16"": 4.7, ""w_17"": 4.8, ""w_18"": 4.6, ""w_19"": 4.7, ""w_20"": 4.7}"
2,100974271034,2021-05-31,0,factual,"{""w_0"": 5.071199999999999, ""w_1"": 5.05344, ""w_2"": 5.06, ""w_3"": 5.0, ""w_4"": 5.09, ""w_5"": 5.19, ""w_6"": 5.1, ""w_7"": 5.1, ""w_8"": 4.98, ""w_9"": 5.03, ""w_10"": 4.83, ""w_11"": 4.845, ""w_12"": 4.695, ""w_13"": 4.76, ""w_14"": 4.72, ""w_15"": 4.79, ""w_16"": 4.56, ""w_17"": 4.655, ""w_18"": 4.72, ""w_19"": 4.62, ""w_20"": 4.61}"
2,100974271034,2021-05-31,0,counterfactual,"{""w_0"": 4.5, ""w_1"": 4.8, ""w_2"": 5.0, ""w_3"": 5.0, ""w_4"": 5.16, ""w_5"": 4.98, ""w_6"": 5.1, ""w_7"": 5.1, ""w_8"": 5.1, ""w_9"": 5.1, ""w_10"": 4.8, ""w_11"": 5.1, ""w_12"": 5.0, ""w_13"": 5.1, ""w_14"": 4.9, ""w_15"": 5.1, ""w_16"": 5.1, ""w_17"": 5.0, ""w_18"": 4.5, ""w_19"": 4.8, ""w_20"": 4.8}"
3,100974271034,2021-06-01,0,factual,"{""w_0"": 5.05344, ""w_1"": 5.06, ""w_2"": 5.0, ""w_3"": 5.09, ""w_4"": 5.19, ""w_5"": 5.1, ""w_6"": 5.1, ""w_7"": 4.98, ""w_8"": 5.03, ""w_9"": 4.83, ""w_10"": 4.845, ""w_11"": 4.695, ""w_12"": 4.76, ""w_13"": 4.72, ""w_14"": 4.79, ""w_15"": 4.56, ""w_16"": 4.655, ""w_17"": 4.72, ""w_18"": 4.62, ""w_19"": 4.61, ""w_20"": 4.655}"
3,100974271034,2021-06-01,0,counterfactual,"{""w_0"": 5.1, ""w_1"": 5.1, ""w_2"": 5.06, ""w_3"": 5.0, ""w_4"": 5.09, ""w_5"": 5.2, ""w_6"": 5.1, ""w_7"": 5.1, ""w_8"": 5.0, ""w_9"": 5.0, ""w_10"": 4.8, ""w_11"": 4.8, ""w_12"": 4.7, ""w_13"": 4.8, ""w_14"": 4.7, ""w_15"": 4.8, ""w_16"": 4.6, ""w_17"": 4.7, ""w_18"": 4.7, ""w_19"": 4.6, ""w_20"": 4.6}"
4,100974271034,2021-06-02,0,factual,"{""w_0"": 5.06, ""w_1"": 5.0, ""w_2"": 5.09, ""w_3"": 5.19, ""w_4"": 5.1, ""w_5"": 5.1, ""w_6"": 4.98, ""w_7"": 5.03, ""w_8"": 4.83, ""w_9"": 4.845, ""w_10"": 4.695, ""w_11"": 4.76, ""w_12"": 4.72, ""w_13"": 4.79, ""w_14"": 4.56, ""w_15"": 4.655, ""w_16"": 4.72, ""w_17"": 4.62, ""w_18"": 4.61, ""w_19"": 4.655, ""w_20"": 4.65}"
4,100974271034,2021-06-02,0,counterfactual,"{""w_0"": 4.8, ""w_1"": 5.04, ""w_2"": 5.04, ""w_3"": 5.16, ""w_4"": 5.0, ""w_5"": 5.1, ""w_6"": 5.1, ""w_7"": 5.1, ""w_8"": 5.1, ""w_9"": 5.1, ""w_10"": 5.1, ""w_11"": 5.0, ""w_12"": 5.1, ""w_13"": 5.2, ""w_14"": 5.1, ""w_15"": 5.1, ""w_16"": 5.0, ""w_17"": 5.0, ""w_18"": 4.8, ""w_19"": 4.8, ""w_20"": 4.7}"
5,100974271034,2021-06-03,0,factual,"{""w_0"": 5.0, ""w_1"": 5.09, ""w_2"": 5.19, ""w_3"": 5.1, ""w_4"": 5.1, ""w_5"": 4.98, ""w_6"": 5.03, ""w_7"": 4.83, ""w_8"": 4.845, ""w_9"": 4.695, ""w_10"": 4.76, ""w_11"": 4.72, ""w_12"": 4.79, ""w_13"": 4.56, ""w_14"": 4.655, ""w_15"": 4.72, ""w_16"": 4.62, ""w_17"": 4.61, ""w_18"": 4.655, ""w_19"": 4.65, ""w_20"": 4.645}"
5,100974271034,2021-06-03,0,counterfactual,"{""w_0"": 5.06, ""w_1"": 5.0, ""w_2"": 5.09, ""w_3"": 5.2, ""w_4"": 5.1, ""w_5"": 5.1, ""w_6"": 5.0, ""w_7"": 5.0, ""w_8"": 4.8, ""w_9"": 4.8, ""w_10"": 4.7, ""w_11"": 4.8, ""w_12"": 4.7, ""w_13"": 4.8, ""w_14"": 4.6, ""w_15"": 4.7, ""w_16"": 4.7, ""w_17"": 4.6, ""w_18"": 4.6, ""w_19"": 4.7, ""w_20"": 4.7}"
6,100974271034,2021-06-04,0,factual,"{""w_0"": 5.09, ""w_1"": 5.19, ""w_2"": 5.1, ""w_3"": 5.1, ""w_4"": 4.98, ""w_5"": 5.03, ""w_6"": 4.83, ""w_7"": 4.845, ""w_8"": 4.695, ""w_9"": 4.76, ""w_10"": 4.72, ""w_11"": 4.79, ""w_12"": 4.56, ""w_13"": 4.655, ""w_14"": 4.72, ""w_15"": 4.62, ""w_16"": 4.61, ""w_17"": 4.655, ""w_18"": 4.65, ""w_19"": 4.645, ""w_20"": 4.63}"
6,100974271034,2021-06-04,0,counterfactual,"{""w_0"": 5.07, ""w_1"": 5.05, ""w_2"": 5.1, ""w_3"": 5.0, ""w_4"": 5.1, ""w_5"": 5.2, ""w_6"": 5.1, ""w_7"": 5.1, ""w_8"": 5.0, ""w_9"": 5.0, ""w_10"": 4.8, ""w_11"": 4.8, ""w_12"": 4.7, ""w_13"": 4.8, ""w_14"": 4.7, ""w_15"": 4.8, ""w_16"": 4.6, ""w_17"": 4.7, ""w_18"": 4.7, ""w_19"": 4.6, ""w_20"": 4.6}"
7,100974271034,2021-06-07,0,factual,"{""w_0"": 5.19, ""w_1"": 5.1, ""w_2"": 5.1, ""w_3"": 4.98, ""w_4"": 5.03, ""w_5"": 4.83, ""w_6"": 4.845, ""w_7"": 4.695, ""w_8"": 4.76, ""w_9"": 4.72, ""w_10"": 4.79, ""w_11"": 4.56, ""w_12"": 4.655, ""w_13"": 4.72, ""w_14"": 4.62, ""w_15"": 4.61, ""w_16"": 4.655, ""w_17"": 4.65, ""w_18"": 4.645, ""w_19"": 4.63, ""w_20"": 4.6}"
7,100974271034,2021-06-07,0,counterfactual,"{""w_0"": 5.05, ""w_1"": 5.1, ""w_2"": 5.0, ""w_3"": 5.1, ""w_4"": 5.2, ""w_5"": 5.1, ""w_6"": 5.1, ""w_7"": 5.0, ""w_8"": 5.0, ""w_9"": 4.8, ""w_10"": 4.8, ""w_11"": 4.7, ""w_12"": 4.8, ""w_13"": 4.7, ""w_14"": 4.8, ""w_15"": 4.6, ""w_16"": 4.7, ""w_17"": 4.7, ""w_18"": 4.6, ""w_19"": 4.6, ""w_20"": 4.7}"
8,100974271034,2021-06-08,0,factual,"{""w_0"": 5.1, ""w_1"": 5.1, ""w_2"": 4.98, ""w_3"": 5.03, ""w_4"": 4.83, ""w_5"": 4.845, ""w_6"": 4.695, ""w_7"": 4.76, ""w_8"": 4.72, ""w_9"": 4.79, ""w_10"": 4.56, ""w_11"": 4.655, ""w_12"": 4.72, ""w_13"": 4.62, ""w_14"": 4.61, ""w_15"": 4.655, ""w_16"": 4.65, ""w_17"": 4.645, ""w_18"": 4.63, ""w_19"": 4.6, ""w_20"": 4.6}"
8,100974271034,2021-06-08,0,counterfactual,"{""w_0"": 5.1, ""w_1"": 5.0, ""w_2"": 5.1, ""w_3"": 5.2, ""w_4"": 5.1, ""w_5"": 5.1, ""w_6"": 5.0, ""w_7"": 5.0, ""w_8"": 4.8, ""w_9"": 4.8, ""w_10"": 4.7, ""w_11"": 4.8, ""w_12"": 4.7, ""w_13"": 4.8, ""w_14"": 4.6, ""w_15"": 4.7, ""w_16"": 4.7, ""w_17"": 4.6, ""w_18"": 4.6, ""w_19"": 4.7, ""w_20"": 4.7}"
9,100974271034,2021-06-09,0,factual,"{""w_0"": 5.1, ""w_1"": 4.98, ""w_2"": 5.03, ""w_3"": 4.83, ""w_4"": 4.845, ""w_5"": 4.695, ""w_6"": 4.76, ""w_7"": 4.72, ""w_8"": 4.79, ""w_9"": 4.56, ""w_10"": 4.655, ""w_11"": 4.72, ""w_12"": 4.62, ""w_13"": 4.61, ""w_14"": 4.655, ""w_15"": 4.65, ""w_16"": 4.645, ""w_17"": 4.63, ""w_18"": 4.6, ""w_19"": 4.6, ""w_20"": 4.63}"
9,100974271034,2021-06-09,0,counterfactual,"{""w_0"": 5.0, ""w_1"": 5.1, ""w_2"": 5.2, ""w_3"": 5.1, ""w_4"": 5.1, ""w_5"": 5.0, ""w_6"": 5.0, ""w_7"": 4.8, ""w_8"": 4.8, ""w_9"": 4.7, ""w_10"": 4.8, ""w_11"": 4.7, ""w_12"": 4.8, ""w_13"": 4.6, ""w_14"": 4.7, ""w_15"": 4.7, ""w_16"": 4.6, ""w_17"": 4.6, ""w_18"": 4.7, ""w_19"": 4.7, ""w_20"": 4.6}"
10,100974271034,2021-06-10,0,factual,"{""w_0"": 4.98, ""w_1"": 5.03, ""w_2"": 4.83, ""w_3"": 4.845, ""w_4"": 4.695, ""w_5"": 4.76, ""w_6"": 4.72, ""w_7"": 4.79, ""w_8"": 4.56, ""w_9"": 4.655, ""w_10"": 4.72, ""w_11"": 4.62, ""w_12"": 4.61, ""w_13"": 4.655, ""w_14"": 4.65, ""w_15"": 4.645, ""w_16"": 4.63, ""w_17"": 4.6, ""w_18"": 4.6, ""w_19"": 4.63, ""w_20"": 4.775}"
10,100974271034,2021-06-10,0,counterfactual,"{""w_0"": 5.0, ""w_1"": 5.1, ""w_2"": 5.2, ""w_3"": 5.1, ""w_4"": 5.1, ""w_5"": 5.0, ""w_6"": 5.0, ""w_7"": 4.8, ""w_8"": 4.8, ""w_9"": 4.7, ""w_10"": 4.8, ""w_11"": 4.7, ""w_12"": 4.8, ""w_13"": 4.6, ""w_14"": 4.7, ""w_15"": 4.7, ""w_16"": 4.6, ""w_17"": 4.6, ""w_18"": 4.7, ""w_19"": 4.7, ""w_20"": 4.6}"
11,100974271034,2021-06-11,0,factual,"{""w_0"": 5.03, ""w_1"": 4.83, ""w_2"": 4.845, ""w_3"": 4.695, ""w_4"": 4.76, ""w_5"": 4.72, ""w_6"": 4.79, ""w_7"": 4.56, ""w_8"": 4.655, ""w_9"": 4.72, ""w_10"": 4.62, ""w_11"": 4.61, ""w_12"": 4.655, ""w_13"": 4.65, ""w_14"": 4.645, ""w_15"": 4.63, ""w_16"": 4.6, ""w_17"": 4.6, ""w_18"": 4.63, ""w_19"": 4.775, ""w_20"": 4.8}"
11,100974271034,2021-06-11,0,counterfactual,"{""w_0"": 5.2, ""w_1"": 5.1, ""w_2"": 5.1, ""w_3"": 5.0, ""w_4"": 5.0, ""w_5"": 4.8, ""w_6"": 4.8, ""w_7"": 4.7, ""w_8"": 4.8, ""w_9"": 4.7, ""w_10"": 4.8, ""w_11"": 4.6, ""w_12"": 4.7, ""w_13"": 4.7, ""w_14"": 4.6, ""w_15"": 4.6, ""w_16"": 4.7, ""w_17"": 4.7, ""w_18"": 4.6, ""w_19"": 4.6, ""w_20"": 4.6}"
12,100974271034,2021-06-14,0,factual,"{""w_0"": 4.83, ""w_1"": 4.845, ""w_2"": 4.695, ""w_3"": 4.76, ""w_4"": 4.72, ""w_5"": 4.79, ""w_6"": 4.56, ""w_7"": 4.655, ""w_8"": 4.72, ""w_9"": 4.62, ""w_10"": 4.61, ""w_11"": 4.655, ""w_12"": 4.65, ""w_13"": 4.645, ""w_14"": 4.63, ""w_15"": 4.6, ""w_16"": 4.6, ""w_17"": 4.63, ""w_18"": 4.775, ""w_19"": 4.8, ""w_20"": 4.805}"
12,100974271034,2021-06-14,0,counterfactual,"{""w_0"": 4.8, ""w_1"": 4.8, ""w_2"": 4.6, ""w_3"": 4.8, ""w_4"": 4.9, ""w_5"": 5.0, ""w_6"": 4.8, ""w_7"": 4.8, ""w_8"": 4.9, ""w_9"": 4.9, ""w_10"": 4.7, ""w_11"": 4.8, ""w_12"": 4.8, ""w_13"": 5.0, ""w_14"": 5.0, ""w_15"": 4.8, ""w_16"": 4.9, ""w_17"": 4.8, ""w_18"": 4.7, ""w_19"": 4.5, ""w_20"": 4.5}"
13,100974271034,2021-06-15,0,factual,"{""w_0"": 4.845, ""w_1"": 4.695, ""w_2"": 4.76, ""w_3"": 4.72, ""w_4"": 4.79, ""w_5"": 4.56, ""w_6"": 4.655, ""w_7"": 4.72, ""w_8"": 4.62, ""w_9"": 4.61, ""w_10"": 4.655, ""w_11"": 4.65, ""w_12"": 4.645, ""w_13"": 4.63, ""w_14"": 4.6, ""w_15"": 4.6, ""w_16"": 4.63, ""w_17"": 4.775, ""w_18"": 4.8, ""w_19"": 4.805, ""w_20"": 4.815}"
13,100974271034,2021-06-15,0,counterfactual,"{""w_0"": 5.1, ""w_1"": 5.0, ""w_2"": 5.0, ""w_3"": 4.8, ""w_4"": 4.8, ""w_5"": 4.7, ""w_6"": 4.8, ""w_7"": 4.7, ""w_8"": 4.8, ""w_9"": 4.6, ""w_10"": 4.7, ""w_11"": 4.7, ""w_12"": 4.6, ""w_13"": 4.6, ""w_14"": 4.7, ""w_15"": 4.7, ""w_16"": 4.6, ""w_17"": 4.6, ""w_18"": 4.6, ""w_19"": 4.6, ""w_20"": 4.6}"
14,100974271034,2021-06-16,0,factual,"{""w_0"": 4.695, ""w_1"": 4.76, ""w_2"": 4.72, ""w_3"": 4.79, ""w_4"": 4.56, ""w_5"": 4.655, ""w_6"": 4.72, ""w_7"": 4.62, ""w_8"": 4.61, ""w_9"": 4.655, ""w_10"": 4.65, ""w_11"": 4.645, ""w_12"": 4.63, ""w_13"": 4.6, ""w_14"": 4.6, ""w_15"": 4.63, ""w_16"": 4.775, ""w_17"": 4.8, ""w_18"": 4.805, ""w_19"": 4.815, ""w_20"": 4.71}"
14,100974271034,2021-06-16,0,counterfactual,"{""w_0"": 5.0, ""w_1"": 5.0, ""w_2"": 4.8, ""w_3"": 4.8, ""w_4"": 4.7, ""w_5"": 4.8, ""w_6"": 4.7, ""w_7"": 4.8, ""w_8"": 4.6, ""w_9"": 4.7, ""w_10"": 4.7, ""w_11"": 4.6, ""w_12"": 4.6, ""w_13"": 4.7, ""w_14"": 4.7, ""w_15"": 4.6, ""w_16"": 4.6, ""w_17"": 4.6, ""w_18"": 4.6, ""w_19"": 4.6, ""w_20"": 4.8}"
15,100974271034,2021-06-17,0,factual,"{""w_0"": 4.76, ""w_1"": 4.72, ""w_2"": 4.79, ""w_3"": 4.56, ""w_4"": 4.655, ""w_5"": 4.72, ""w_6"": 4.62, ""w_7"": 4.61, ""w_8"": 4.655, ""w_9"": 4.65, ""w_10"": 4.645, ""w_11"": 4.63, ""w_12"": 4.6, ""w_13"": 4.6, ""w_14"": 4.63, ""w_15"": 4.775, ""w_16"": 4.8, ""w_17"": 4.805, ""w_18"": 4.815, ""w_19"": 4.71, ""w_20"": 4.67}"
15,100974271034,2021-06-17,0,counterfactual,"{""w_0"": 5.0, ""w_1"": 4.8, ""w_2"": 4.8, ""w_3"": 4.7, ""w_4"": 4.8, ""w_5"": 4.7, ""w_6"": 4.8, ""w_7"": 4.6, ""w_8"": 4.7, ""w_9"": 4.7, ""w_10"": 4.6, ""w_11"": 4.6, ""w_12"": 4.7, ""w_13"": 4.7, ""w_14"": 4.6, ""w_15"": 4.6, ""w_16"": 4.6, ""w_17"": 4.6, ""w_18"": 4.6, ""w_19"": 4.8, ""w_20"": 4.8}"
16,100974271034,2021-06-18,0,factual,"{""w_0"": 4.72, ""w_1"": 4.79, ""w_2"": 4.56, ""w_3"": 4.655, ""w_4"": 4.72, ""w_5"": 4.62, ""w_6"": 4.61, ""w_7"": 4.655, ""w_8"": 4.65, ""w_9"": 4.645, ""w_10"": 4.63, ""w_11"": 4.6, ""w_12"": 4.6, ""w_13"": 4.63, ""w_14"": 4.775, ""w_15"": 4.8, ""w_16"": 4.805, ""w_17"": 4.815, ""w_18"": 4.71, ""w_19"": 4.67, ""w_20"": 4.55}"
16,100974271034,2021-06-18,0,counterfactual,"{""w_0"": 4.8, ""w_1"": 4.8, ""w_2"": 4.7, ""w_3"": 4.8, ""w_4"": 4.7, ""w_5"": 4.8, ""w_6"": 4.6, ""w_7"": 4.7, ""w_8"": 4.7, ""w_9"": 4.6, ""w_10"": 4.6, ""w_11"": 4.7, ""w_12"": 4.7, ""w_13"": 4.6, ""w_14"": 4.6, ""w_15"": 4.6, ""w_16"": 4.6, ""w_17"": 4.6, ""w_18"": 4.8, ""w_19"": 4.8, ""w_20"": 4.8}"
17,100974271034,2021-06-21,0,factual,"{""w_0"": 4.79, ""w_1"": 4.56, ""w_2"": 4.655, ""w_3"": 4.72, ""w_4"": 4.62, ""w_5"": 4.61, ""w_6"": 4.655, ""w_7"": 4.65, ""w_8"": 4.645, ""w_9"": 4.63, ""w_10"": 4.6, ""w_11"": 4.6, ""w_12"": 4.63, ""w_13"": 4.775, ""w_14"": 4.8, ""w_15"": 4.805, ""w_16"": 4.815, ""w_17"": 4.71, ""w_18"": 4.67, ""w_19"": 4.55, ""w_20"": 4.709999999999999}"
17,100974271034,2021-06-21,0,counterfactual,"{""w_0"": 4.7, ""w_1"": 4.8, ""w_2"": 4.7, ""w_3"": 4.8, ""w_4"": 4.6, ""w_5"": 4.7, ""w_6"": 4.7, ""w_7"": 4.6, ""w_8"": 4.6, ""w_9"": 4.7, ""w_10"": 4.7, ""w_11"": 4.6, ""w_12"": 4.6, ""w_13"": 4.6, ""w_14"": 4.6, ""w_15"": 4.6, ""w_16"": 4.8, ""w_17"": 4.8, ""w_18"": 4.8, ""w_19"": 4.8, ""w_20"": 4.7}"
18,100974271034,2021-06-22,0,factual,"{""w_0"": 4.56, ""w_1"": 4.655, ""w_2"": 4.72, ""w_3"": 4.62, ""w_4"": 4.61, ""w_5"": 4.655, ""w_6"": 4.65, ""w_7"": 4.645, ""w_8"": 4.63, ""w_9"": 4.6, ""w_10"": 4.6, ""w_11"": 4.63, ""w_12"": 4.775, ""w_13"": 4.8, ""w_14"": 4.805, ""w_15"": 4.815, ""w_16"": 4.71, ""w_17"": 4.67, ""w_18"": 4.55, ""w_19"": 4.709999999999999, ""w_20"": 4.5}"
18,100974271034,2021-06-22,0,counterfactual,"{""w_0"": 4.5, ""w_1"": 4.8, ""w_2"": 4.8, ""w_3"": 4.6, ""w_4"": 4.8, ""w_5"": 4.9, ""w_6"": 5.0, ""w_7"": 4.8, ""w_8"": 4.8, ""w_9"": 4.9, ""w_10"": 4.9, ""w_11"": 4.7, ""w_12"": 4.8, ""w_13"": 4.8, ""w_14"": 5.0, ""w_15"": 5.0, ""w_16"": 4.8, ""w_17"": 4.9, ""w_18"": 4.8, ""w_19"": 4.7, ""w_20"": 4.5}"
19,100974271034,2021-06-23,0,factual,"{""w_0"": 4.655, ""w_1"": 4.72, ""w_2"": 4.62, ""w_3"": 4.61, ""w_4"": 4.655, ""w_5"": 4.65, ""w_6"": 4.645, ""w_7"": 4.63, ""w_8"": 4.6, ""w_9"": 4.6, ""w_10"": 4.63, ""w_11"": 4.775, ""w_12"": 4.8, ""w_13"": 4.805, ""w_14"": 4.815, ""w_15"": 4.71, ""w_16"": 4.67, ""w_17"": 4.55, ""w_18"": 4.709999999999999, ""w_19"": 4.5, ""w_20"": 4.45}"
19,100974271034,2021-06-23,0,counterfactual,"{""w_0"": 4.8, ""w_1"": 4.7, ""w_2"": 4.8, ""w_3"": 4.6, ""w_4"": 4.7, ""w_5"": 4.7, ""w_6"": 4.6, ""w_7"": 4.6, ""w_8"": 4.7, ""w_9"": 4.7, ""w_10"": 4.6, ""w_11"": 4.6, ""w_12"": 4.6, ""w_13"": 4.6, ""w_14"": 4.6, ""w_15"": 4.8, ""w_16"": 4.8, ""w_17"": 4.8, ""w_18"": 4.8, ""w_19"": 4.7, ""w_20"": 4.7}"
20,100974271034,2021-06-24,0,factual,"{""w_0"": 4.72, ""w_1"": 4.62, ""w_2"": 4.61, ""w_3"": 4.655, ""w_4"": 4.65, ""w_5"": 4.645, ""w_6"": 4.63, ""w_7"": 4.6, ""w_8"": 4.6, ""w_9"": 4.63, ""w_10"": 4.775, ""w_11"": 4.8, ""w_12"": 4.805, ""w_13"": 4.815, ""w_14"": 4.71, ""w_15"": 4.67, ""w_16"": 4.55, ""w_17"": 4.709999999999999, ""w_18"": 4.5, ""w_19"": 4.45, ""w_20"": 4.52}"
20,100974271034,2021-06-24,0,counterfactual,"{""w_0"": 4.8, ""w_1"": 4.6, ""w_2"": 4.8, ""w_3"": 4.9, ""w_4"": 5.0, ""w_5"": 4.8, ""w_6"": 4.8, ""w_7"": 4.9, ""w_8"": 4.9, ""w_9"": 4.7, ""w_10"": 4.8, ""w_11"": 4.8, ""w_12"": 5.0, ""w_13"": 5.0, ""w_14"": 4.8, ""w_15"": 4.9, ""w_16"": 4.8, ""w_17"": 4.7, ""w_18"": 4.5, ""w_19"": 4.5, ""w_20"": 4.8}"
21,100974271034,2021-06-25,0,factual,"{""w_0"": 4.62, ""w_1"": 4.61, ""w_2"": 4.655, ""w_3"": 4.65, ""w_4"": 4.645, ""w_5"": 4.63, ""w_6"": 4.6, ""w_7"": 4.6, ""w_8"": 4.63, ""w_9"": 4.775, ""w_10"": 4.8, ""w_11"": 4.805, ""w_12"": 4.815, ""w_13"": 4.71, ""w_14"": 4.67, ""w_15"": 4.55, ""w_16"": 4.709999999999999, ""w_17"": 4.5, ""w_18"": 4.45, ""w_19"": 4.52, ""w_20"": 4.475}"
21,100974271034,2021-06-25,0,counterfactual,"{""w_0"": 4.8, ""w_1"": 4.8, ""w_2"": 4.6, ""w_3"": 4.8, ""w_4"": 4.9, ""w_5"": 5.0, ""w_6"": 4.8, ""w_7"": 4.8, ""w_8"": 4.9, ""w_9"": 4.9, ""w_10"": 4.7, ""w_11"": 4.8, ""w_12"": 4.8, ""w_13"": 5.0, ""w_14"": 5.0, ""w_15"": 4.8, ""w_16"": 4.9, ""w_17"": 4.8, ""w_18"": 4.7, ""w_19"": 4.5, ""w_20"": 4.5}"
22,100974271034,2021-06-28,0,factual,"{""w_0"": 4.61, ""w_1"": 4.655, ""w_2"": 4.65, ""w_3"": 4.645, ""w_4"": 4.63, ""w_5"": 4.6, ""w_6"": 4.6, ""w_7"": 4.63, ""w_8"": 4.775, ""w_9"": 4.8, ""w_10"": 4.805, ""w_11"": 4.815, ""w_12"": 4.71, ""w_13"": 4.67, ""w_14"": 4.55, ""w_15"": 4.709999999999999, ""w_16"": 4.5, ""w_17"": 4.45, ""w_18"": 4.52, ""w_19"": 4.475, ""w_20"": 4.5}"
22,100974271034,2021-06-28,0,counterfactual,"{""w_0"": 4.7, ""w_1"": 4.6, ""w_2"": 4.6, ""w_3"": 4.7, ""w_4"": 4.7, ""w_5"": 4.6, ""w_6"": 4.6, ""w_7"": 4.6, ""w_8"": 4.6, ""w_9"": 4.6, ""w_10"": 4.8, ""w_11"": 4.8, ""w_12"": 4.8, ""w_13"": 4.8, ""w_14"": 4.7, ""w_15"": 4.7, ""w_16"": 4.6, ""w_17"": 4.7, ""w_18"": 4.5, ""w_19"": 4.4, ""w_20"": 4.5}"
23,100974271034,2021-06-29,0,factual,"{""w_0"": 4.655, ""w_1"": 4.65, ""w_2"": 4.645, ""w_3"": 4.63, ""w_4"": 4.6, ""w_5"": 4.6, ""w_6"": 4.63, ""w_7"": 4.775, ""w_8"": 4.8, ""w_9"": 4.805, ""w_10"": 4.815, ""w_11"": 4.71, ""w_12"": 4.67, ""w_13"": 4.55, ""w_14"": 4.709999999999999, ""w_15"": 4.5, ""w_16"": 4.45, ""w_17"": 4.52, ""w_18"": 4.475, ""w_19"": 4.5, ""w_20"": 4.4}"
23,100974271034,2021-06-29,0,counterfactual,"{""w_0"": 4.8, ""w_1"": 4.6, ""w_2"": 4.8, ""w_3"": 4.9, ""w_4"": 5.0, ""w_5"": 4.8, ""w_6"": 4.8, ""w_7"": 4.9, ""w_8"": 4.9, ""w_9"": 4.7, ""w_10"": 4.8, ""w_11"": 4.8, ""w_12"": 5.0, ""w_13"": 5.0, ""w_14"": 4.8, ""w_15"": 4.9, ""w_16"": 4.8, ""w_17"": 4.7, ""w_18"": 4.5, ""w_19"": 4.5, ""w_20"": 4.8}"
24,100974271034,2021-06-30,0,factual,"{""w_0"": 4.65, ""w_1"": 4.645, ""w_2"": 4.63, ""w_3"": 4.6, ""w_4"": 4.6, ""w_5"": 4.63, ""w_6"": 4.775, ""w_7"": 4.8, ""w_8"": 4.805, ""w_9"": 4.815, ""w_10"": 4.71, ""w_11"": 4.67, ""w_12"": 4.55, ""w_13"": 4.709999999999999, ""w_14"": 4.5, ""w_15"": 4.45, ""w_16"": 4.52, ""w_17"": 4.475, ""w_18"": 4.5, ""w_19"": 4.4, ""w_20"": 4.44}"
24,100974271034,2021-06-30,0,counterfactual,"{""w_0"": 5.0, ""w_1"": 5.0, ""w_2"": 4.8, ""w_3"": 4.8, ""w_4"": 4.7, ""w_5"": 4.8, ""w_6"": 4.7, ""w_7"": 4.8, ""w_8"": 4.6, ""w_9"": 4.7, ""w_10"": 4.7, ""w_11"": 4.6, ""w_12"": 4.6, ""w_13"": 4.7, ""w_14"": 4.7, ""w_15"": 4.6, ""w_16"": 4.6, ""w_17"": 4.6, ""w_18"": 4.6, ""w_19"": 4.6, ""w_20"": 4.8}"
25,100974271034,2021-07-01,0,factual,"{""w_0"": 4.645, ""w_1"": 4.63, ""w_2"": 4.6, ""w_3"": 4.6, ""w_4"": 4.63, ""w_5"": 4.775, ""w_6"": 4.8, ""w_7"": 4.805, ""w_8"": 4.815, ""w_9"": 4.71, ""w_10"": 4.67, ""w_11"": 4.55, ""w_12"": 4.709999999999999, ""w_13"": 4.5, ""w_14"": 4.45, ""w_15"": 4.52, ""w_16"": 4.475, ""w_17"": 4.5, ""w_18"": 4.4, ""w_19"": 4.44, ""w_20"": 4.51}"
25,100974271034,2021-07-01,0,counterfactual,"{""w_0"": 4.6, ""w_1"": 4.7, ""w_2"": 4.7, ""w_3"": 4.6, ""w_4"": 4.6, ""w_5"": 4.6, ""w_6"": 4.6, ""w_7"": 4.6, ""w_8"": 4.8, ""w_9"": 4.8, ""w_10"": 4.8, ""w_11"": 4.8, ""w_12"": 4.7, ""w_13"": 4.7, ""w_14"": 4.6, ""w_15"": 4.7, ""w_16"": 4.5, ""w_17"": 4.4, ""w_18"": 4.5, ""w_19"": 4.5, ""w_20"": 4.5}"
26,100974271034,2021-07-02,0,factual,"{""w_0"": 4.63, ""w_1"": 4.6, ""w_2"": 4.6, ""w_3"": 4.63, ""w_4"": 4.775, ""w_5"": 4.8, ""w_6"": 4.805, ""w_7"": 4.815, ""w_8"": 4.71, ""w_9"": 4.67, ""w_10"": 4.55, ""w_11"": 4.709999999999999, ""w_12"": 4.5, ""w_13"": 4.45, ""w_14"": 4.52, ""w_15"": 4.475, ""w_16"": 4.5, ""w_17"": 4.4, ""w_18"": 4.44, ""w_19"": 4.51, ""w_20"": 4.475}"
26,100974271034,2021-07-02,0,counterfactual,"{""w_0"": 5.1, ""w_1"": 5.0, ""w_2"": 5.0, ""w_3"": 4.8, ""w_4"": 4.8, ""w_5"": 4.7, ""w_6"": 4.8, ""w_7"": 4.7, ""w_8"": 4.8, ""w_9"": 4.6, ""w_10"": 4.7, ""w_11"": 4.7, ""w_12"": 4.6, ""w_13"": 4.6, ""w_14"": 4.7, ""w_15"": 4.7, ""w_16"": 4.6, ""w_17"": 4.6, ""w_18"": 4.6, ""w_19"": 4.6, ""w_20"": 4.6}"
27,100974271034,2021-07-05,0,factual,"{""w_0"": 4.6, ""w_1"": 4.6, ""w_2"": 4.63, ""w_3"": 4.775, ""w_4"": 4.8, ""w_5"": 4.805, ""w_6"": 4.815, ""w_7"": 4.71, ""w_8"": 4.67, ""w_9"": 4.55, ""w_10"": 4.709999999999999, ""w_11"": 4.5, ""w_12"": 4.45, ""w_13"": 4.52, ""w_14"": 4.475, ""w_15"": 4.5, ""w_16"": 4.4, ""w_17"": 4.44, ""w_18"": 4.51, ""w_19"": 4.475, ""w_20"": 4.48}"
27,100974271034,2021-07-05,0,counterfactual,"{""w_0"": 5.1, ""w_1"": 5.0, ""w_2"": 5.0, ""w_3"": 4.8, ""w_4"": 4.8, ""w_5"": 4.7, ""w_6"": 4.8, ""w_7"": 4.7, ""w_8"": 4.8, ""w_9"": 4.6, ""w_10"": 4.7, ""w_11"": 4.7, ""w_12"": 4.6, ""w_13"": 4.6, ""w_14"": 4.7, ""w_15"": 4.7, ""w_16"": 4.6, ""w_17"": 4.6, ""w_18"": 4.6, ""w_19"": 4.6, ""w_20"": 4.6}"
28,100974271034,2021-07-06,0,factual,"{""w_0"": 4.6, ""w_1"": 4.63, ""w_2"": 4.775, ""w_3"": 4.8, ""w_4"": 4.805, ""w_5"": 4.815, ""w_6"": 4.71, ""w_7"": 4.67, ""w_8"": 4.55, ""w_9"": 4.709999999999999, ""w_10"": 4.5, ""w_11"": 4.45, ""w_12"": 4.52, ""w_13"": 4.475, ""w_14"": 4.5, ""w_15"": 4.4, ""w_16"": 4.44, ""w_17"": 4.51, ""w_18"": 4.475, ""w_19"": 4.48, ""w_20"": 4.59}"
28,100974271034,2021-07-06,0,counterfactual,"{""w_0"": 5.0, ""w_1"": 5.0, ""w_2"": 4.8, ""w_3"": 4.8, ""w_4"": 4.7, ""w_5"": 4.8, ""w_6"": 4.7, ""w_7"": 4.8, ""w_8"": 4.6, ""w_9"": 4.7, ""w_10"": 4.7, ""w_11"": 4.6, ""w_12"": 4.6, ""w_13"": 4.7, ""w_14"": 4.7, ""w_15"": 4.6, ""w_16"": 4.6, ""w_17"": 4.6, ""w_18"": 4.6, ""w_19"": 4.6, ""w_20"": 4.8}"
29,100974271034,2021-07-07,0,factual,"{""w_0"": 4.63, ""w_1"": 4.775, ""w_2"": 4.8, ""w_3"": 4.805, ""w_4"": 4.815, ""w_5"": 4.71, ""w_6"": 4.67, ""w_7"": 4.55, ""w_8"": 4.709999999999999, ""w_9"": 4.5, ""w_10"": 4.45, ""w_11"": 4.52, ""w_12"": 4.475, ""w_13"": 4.5, ""w_14"": 4.4, ""w_15"": 4.44, ""w_16"": 4.51, ""w_17"": 4.475, ""w_18"": 4.48, ""w_19"": 4.59, ""w_20"": 4.64}"
29,100974271034,2021-07-07,0,counterfactual,"{""w_0"": 4.6, ""w_1"": 4.6, ""w_2"": 4.8, ""w_3"": 4.8, ""w_4"": 4.8, ""w_5"": 4.8, ""w_6"": 4.7, ""w_7"": 4.7, ""w_8"": 4.6, ""w_9"": 4.7, ""w_10"": 4.5, ""w_11"": 4.4, ""w_12"": 4.5, ""w_13"": 4.5, ""w_14"": 4.5, ""w_15"": 4.4, ""w_16"": 4.4, ""w_17"": 4.5, ""w_18"": 4.5, ""w_19"": 4.5, ""w_20"": 4.6}"
30,100974271034,2021-07-08,0,factual,"{""w_0"": 4.775, ""w_1"": 4.8, ""w_2"": 4.805, ""w_3"": 4.815, ""w_4"": 4.71, ""w_5"": 4.67, ""w_6"": 4.55, ""w_7"": 4.709999999999999, ""w_8"": 4.5, ""w_9"": 4.45, ""w_10"": 4.52, ""w_11"": 4.475, ""w_12"": 4.5, ""w_13"": 4.4, ""w_14"": 4.44, ""w_15"": 4.51, ""w_16"": 4.475, ""w_17"": 4.48, ""w_18"": 4.59, ""w_19"": 4.64, ""w_20"": 4.435}"
30,100974271034,2021-07-08,0,counterfactual,"{""w_0"": 4.6, ""w_1"": 4.6, ""w_2"": 4.8, ""w_3"": 4.8, ""w_4"": 4.8, ""w_5"": 4.8, ""w_6"": 4.7, ""w_7"": 4.7, ""w_8"": 4.6, ""w_9"": 4.7, ""w_10"": 4.5, ""w_11"": 4.4, ""w_12"": 4.5, ""w_13"": 4.5, ""w_14"": 4.5, ""w_15"": 4.4, ""w_16"": 4.4, ""w_17"": 4.5, ""w_18"": 4.5, ""w_19"": 4.5, ""w_20"": 4.6}"
31,100974271034,2021-07-09,0,factual,"{""w_0"": 4.8, ""w_1"": 4.805, ""w_2"": 4.815, ""w_3"": 4.71, ""w_4"": 4.67, ""w_5"": 4.55, ""w_6"": 4.709999999999999, ""w_7"": 4.5, ""w_8"": 4.45, ""w_9"": 4.52, ""w_10"": 4.475, ""w_11"": 4.5, ""w_12"": 4.4, ""w_13"": 4.44, ""w_14"": 4.51, ""w_15"": 4.475, ""w_16"": 4.48, ""w_17"": 4.59, ""w_18"": 4.64, ""w_19"": 4.435, ""w_20"": 4.54}"
31,100974271034,2021-07-09,0,counterfactual,"{""w_0"": 4.6, ""w_1"": 4.6, ""w_2"": 4.8, ""w_3"": 4.8, ""w_4"": 4.8, ""w_5"": 4.8, ""w_6"": 4.7, ""w_7"": 4.7, ""w_8"": 4.6, ""w_9"": 4.7, ""w_10"": 4.5, ""w_11"": 4.4, ""w_12"": 4.5, ""w_13"": 4.5, ""w_14"": 4.5, ""w_15"": 4.4, ""w_16"": 4.4, ""w_17"": 4.5, ""w_18"": 4.5, ""w_19"": 4.5, ""w_20"": 4.6}"
32,100974271034,2021-07-12,0,factual,"{""w_0"": 4.805, ""w_1"": 4.815, ""w_2"": 4.71, ""w_3"": 4.67, ""w_4"": 4.55, ""w_5"": 4.709999999999999, ""w_6"": 4.5, ""w_7"": 4.45, ""w_8"": 4.52, ""w_9"": 4.475, ""w_10"": 4.5, ""w_11"": 4.4, ""w_12"": 4.44, ""w_13"": 4.51, ""w_14"": 4.475, ""w_15"": 4.48, ""w_16"": 4.59, ""w_17"": 4.64, ""w_18"": 4.435, ""w_19"": 4.54, ""w_20"": 4.45}"
32,100974271034,2021-07-12,0,counterfactual,"{""w_0"": 4.6, ""w_1"": 4.6, ""w_2"": 4.8, ""w_3"": 4.8, ""w_4"": 4.8, ""w_5"": 4.8, ""w_6"": 4.7, ""w_7"": 4.7, ""w_8"": 4.6, ""w_9"": 4.7, ""w_10"": 4.5, ""w_11"": 4.4, ""w_12"": 4.5, ""w_13"": 4.5, ""w_14"": 4.5, ""w_15"": 4.4, ""w_16"": 4.4, ""w_17"": 4.5, ""w_18"": 4.5, ""w_19"": 4.5, ""w_20"": 4.6}"
33,100974271034,2021-07-13,0,factual,"{""w_0"": 4.815, ""w_1"": 4.71, ""w_2"": 4.67, ""w_3"": 4.55, ""w_4"": 4.709999999999999, ""w_5"": 4.5, ""w_6"": 4.45, ""w_7"": 4.52, ""w_8"": 4.475, ""w_9"": 4.5, ""w_10"": 4.4, ""w_11"": 4.44, ""w_12"": 4.51, ""w_13"": 4.475, ""w_14"": 4.48, ""w_15"": 4.59, ""w_16"": 4.64, ""w_17"": 4.435, ""w_18"": 4.54, ""w_19"": 4.45, ""w_20"": 4.495}"
33,100974271034,2021-07-13,0,counterfactual,"{""w_0"": 4.8, ""w_1"": 4.8, ""w_2"": 4.8, ""w_3"": 4.8, ""w_4"": 4.7, ""w_5"": 4.7, ""w_6"": 4.6, ""w_7"": 4.7, ""w_8"": 4.5, ""w_9"": 4.4, ""w_10"": 4.5, ""w_11"": 4.5, ""w_12"": 4.5, ""w_13"": 4.4, ""w_14"": 4.4, ""w_15"": 4.5, ""w_16"": 4.5, ""w_17"": 4.5, ""w_18"": 4.6, ""w_19"": 4.6, ""w_20"": 4.4}"
34,100974271034,2021-07-14,0,factual,"{""w_0"": 4.71, ""w_1"": 4.67, ""w_2"": 4.55, ""w_3"": 4.709999999999999, ""w_4"": 4.5, ""w_5"": 4.45, ""w_6"": 4.52, ""w_7"": 4.475, ""w_8"": 4.5, ""w_9"": 4.4, ""w_10"": 4.44, ""w_11"": 4.51, ""w_12"": 4.475, ""w_13"": 4.48, ""w_14"": 4.59, ""w_15"": 4.64, ""w_16"": 4.435, ""w_17"": 4.54, ""w_18"": 4.45, ""w_19"": 4.495, ""w_20"": 4.44}"
34,100974271034,2021-07-14,0,counterfactual,"{""w_0"": 4.6, ""w_1"": 4.6, ""w_2"": 4.6, ""w_3"": 4.8, ""w_4"": 4.8, ""w_5"": 4.8, ""w_6"": 4.8, ""w_7"": 4.7, ""w_8"": 4.7, ""w_9"": 4.6, ""w_10"": 4.7, ""w_11"": 4.5, ""w_12"": 4.4, ""w_13"": 4.5, ""w_14"": 4.5, ""w_15"": 4.5, ""w_16"": 4.4, ""w_17"": 4.4, ""w_18"": 4.5, ""w_19"": 4.5, ""w_20"": 4.5}"
35,100974271034,2021-07-15,0,factual,"{""w_0"": 4.67, ""w_1"": 4.55, ""w_2"": 4.709999999999999, ""w_3"": 4.5, ""w_4"": 4.45, ""w_5"": 4.52, ""w_6"": 4.475, ""w_7"": 4.5, ""w_8"": 4.4, ""w_9"": 4.44, ""w_10"": 4.51, ""w_11"": 4.475, ""w_12"": 4.48, ""w_13"": 4.59, ""w_14"": 4.64, ""w_15"": 4.435, ""w_16"": 4.54, ""w_17"": 4.45, ""w_18"": 4.495, ""w_19"": 4.44, ""w_20"": 4.46}"
35,100974271034,2021-07-15,0,counterfactual,"{""w_0"": 4.8, ""w_1"": 4.8, ""w_2"": 4.8, ""w_3"": 4.7, ""w_4"": 4.7, ""w_5"": 4.6, ""w_6"": 4.7, ""w_7"": 4.5, ""w_8"": 4.4, ""w_9"": 4.5, ""w_10"": 4.5, ""w_11"": 4.5, ""w_12"": 4.4, ""w_13"": 4.4, ""w_14"": 4.5, ""w_15"": 4.5, ""w_16"": 4.5, ""w_17"": 4.6, ""w_18"": 4.6, ""w_19"": 4.4, ""w_20"": 4.5}"
36,100974271034,2021-07-16,0,factual,"{""w_0"": 4.55, ""w_1"": 4.709999999999999, ""w_2"": 4.5, ""w_3"": 4.45, ""w_4"": 4.52, ""w_5"": 4.475, ""w_6"": 4.5, ""w_7"": 4.4, ""w_8"": 4.44, ""w_9"": 4.51, ""w_10"": 4.475, ""w_11"": 4.48, ""w_12"": 4.59, ""w_13"": 4.64, ""w_14"": 4.435, ""w_15"": 4.54, ""w_16"": 4.45, ""w_17"": 4.495, ""w_18"": 4.44, ""w_19"": 4.46, ""w_20"": 4.455}"
36,100974271034,2021-07-16,0,counterfactual,"{""w_0"": 4.8, ""w_1"": 4.7, ""w_2"": 4.7, ""w_3"": 4.6, ""w_4"": 4.7, ""w_5"": 4.5, ""w_6"": 4.4, ""w_7"": 4.5, ""w_8"": 4.5, ""w_9"": 4.5, ""w_10"": 4.4, ""w_11"": 4.4, ""w_12"": 4.5, ""w_13"": 4.5, ""w_14"": 4.5, ""w_15"": 4.6, ""w_16"": 4.6, ""w_17"": 4.4, ""w_18"": 4.5, ""w_19"": 4.4, ""w_20"": 4.5}"
37,100974271034,2021-07-19,0,factual,"{""w_0"": 4.709999999999999, ""w_1"": 4.5, ""w_2"": 4.45, ""w_3"": 4.52, ""w_4"": 4.475, ""w_5"": 4.5, ""w_6"": 4.4, ""w_7"": 4.44, ""w_8"": 4.51, ""w_9"": 4.475, ""w_10"": 4.48, ""w_11"": 4.59, ""w_12"": 4.64, ""w_13"": 4.435, ""w_14"": 4.54, ""w_15"": 4.45, ""w_16"": 4.495, ""w_17"": 4.44, ""w_18"": 4.46, ""w_19"": 4.455, ""w_20"": 4.15}"
37,100974271034,2021-07-19,0,counterfactual,"{""w_0"": 4.7, ""w_1"": 4.7, ""w_2"": 4.6, ""w_3"": 4.7, ""w_4"": 4.5, ""w_5"": 4.4, ""w_6"": 4.5, ""w_7"": 4.5, ""w_8"": 4.5, ""w_9"": 4.4, ""w_10"": 4.4, ""w_11"": 4.5, ""w_12"": 4.5, ""w_13"": 4.5, ""w_14"": 4.6, ""w_15"": 4.6, ""w_16"": 4.4, ""w_17"": 4.5, ""w_18"": 4.4, ""w_19"": 4.5, ""w_20"": 4.4}"
38,100974271034,2021-07-20,0,factual,"{""w_0"": 4.5, ""w_1"": 4.45, ""w_2"": 4.52, ""w_3"": 4.475, ""w_4"": 4.5, ""w_5"": 4.4, ""w_6"": 4.44, ""w_7"": 4.51, ""w_8"": 4.475, ""w_9"": 4.48, ""w_10"": 4.59, ""w_11"": 4.64, ""w_12"": 4.435, ""w_13"": 4.54, ""w_14"": 4.45, ""w_15"": 4.495, ""w_16"": 4.44, ""w_17"": 4.46, ""w_18"": 4.455, ""w_19"": 4.15, ""w_20"": 4.155}"
38,100974271034,2021-07-20,0,counterfactual,"{""w_0"": 5.1, ""w_1"": 5.0, ""w_2"": 5.0, ""w_3"": 4.8, ""w_4"": 4.8, ""w_5"": 4.7, ""w_6"": 4.8, ""w_7"": 4.7, ""w_8"": 4.8, ""w_9"": 4.6, ""w_10"": 4.7, ""w_11"": 4.7, ""w_12"": 4.6, ""w_13"": 4.6, ""w_14"": 4.7, ""w_15"": 4.7, ""w_16"": 4.6, ""w_17"": 4.6, ""w_18"": 4.6, ""w_19"": 4.6, ""w_20"": 4.6}"
39,100974271034,2021-07-21,0,factual,"{""w_0"": 4.45, ""w_1"": 4.52, ""w_2"": 4.475, ""w_3"": 4.5, ""w_4"": 4.4, ""w_5"": 4.44, ""w_6"": 4.51, ""w_7"": 4.475, ""w_8"": 4.48, ""w_9"": 4.59, ""w_10"": 4.64, ""w_11"": 4.435, ""w_12"": 4.54, ""w_13"": 4.45, ""w_14"": 4.495, ""w_15"": 4.44, ""w_16"": 4.46, ""w_17"": 4.455, ""w_18"": 4.15, ""w_19"": 4.155, ""w_20"": 4.36}"
39,100974271034,2021-07-21,0,counterfactual,"{""w_0"": 4.7, ""w_1"": 4.6, ""w_2"": 4.7, ""w_3"": 4.5, ""w_4"": 4.4, ""w_5"": 4.5, ""w_6"": 4.5, ""w_7"": 4.5, ""w_8"": 4.4, ""w_9"": 4.4, ""w_10"": 4.5, ""w_11"": 4.5, ""w_12"": 4.5, ""w_13"": 4.6, ""w_14"": 4.6, ""w_15"": 4.4, ""w_16"": 4.5, ""w_17"": 4.4, ""w_18"": 4.5, ""w_19"": 4.4, ""w_20"": 4.5}"
40,100974271034,2021-07-22,0,factual,"{""w_0"": 4.52, ""w_1"": 4.475, ""w_2"": 4.5, ""w_3"": 4.4, ""w_4"": 4.44, ""w_5"": 4.51, ""w_6"": 4.475, ""w_7"": 4.48, ""w_8"": 4.59, ""w_9"": 4.64, ""w_10"": 4.435, ""w_11"": 4.54, ""w_12"": 4.45, ""w_13"": 4.495, ""w_14"": 4.44, ""w_15"": 4.46, ""w_16"": 4.455, ""w_17"": 4.15, ""w_18"": 4.155, ""w_19"": 4.36, ""w_20"": 4.32}"
40,100974271034,2021-07-22,0,counterfactual,"{""w_0"": 4.6, ""w_1"": 4.7, ""w_2"": 4.5, ""w_3"": 4.4, ""w_4"": 4.5, ""w_5"": 4.5, ""w_6"": 4.5, ""w_7"": 4.4, ""w_8"": 4.4, ""w_9"": 4.5, ""w_10"": 4.5, ""w_11"": 4.5, ""w_12"": 4.6, ""w_13"": 4.6, ""w_14"": 4.4, ""w_15"": 4.5, ""w_16"": 4.4, ""w_17"": 4.5, ""w_18"": 4.4, ""w_19"": 4.5, ""w_20"": 4.5}"
41,100974271034,2021-07-23,0,factual,"{""w_0"": 4.475, ""w_1"": 4.5, ""w_2"": 4.4, ""w_3"": 4.44, ""w_4"": 4.51, ""w_5"": 4.475, ""w_6"": 4.48, ""w_7"": 4.59, ""w_8"": 4.64, ""w_9"": 4.435, ""w_10"": 4.54, ""w_11"": 4.45, ""w_12"": 4.495, ""w_13"": 4.44, ""w_14"": 4.46, ""w_15"": 4.455, ""w_16"": 4.15, ""w_17"": 4.155, ""w_18"": 4.36, ""w_19"": 4.32, ""w_20"": 4.36}"
41,100974271034,2021-07-23,0,counterfactual,"{""w_0"": 4.6, ""w_1"": 4.7, ""w_2"": 4.5, ""w_3"": 4.4, ""w_4"": 4.5, ""w_5"": 4.5, ""w_6"": 4.5, ""w_7"": 4.4, ""w_8"": 4.4, ""w_9"": 4.5, ""w_10"": 4.5, ""w_11"": 4.5, ""w_12"": 4.6, ""w_13"": 4.6, ""w_14"": 4.4, ""w_15"": 4.5, ""w_16"": 4.4, ""w_17"": 4.5, ""w_18"": 4.4, ""w_19"": 4.5, ""w_20"": 4.5}"
42,100974271034,2021-07-26,0,factual,"{""w_0"": 4.5, ""w_1"": 4.4, ""w_2"": 4.44, ""w_3"": 4.51, ""w_4"": 4.475, ""w_5"": 4.48, ""w_6"": 4.59, ""w_7"": 4.64, ""w_8"": 4.435, ""w_9"": 4.54, ""w_10"": 4.45, ""w_11"": 4.495, ""w_12"": 4.44, ""w_13"": 4.46, ""w_14"": 4.455, ""w_15"": 4.15, ""w_16"": 4.155, ""w_17"": 4.36, ""w_18"": 4.32, ""w_19"": 4.36, ""w_20"": 4.4}"
42,100974271034,2021-07-26,0,counterfactual,"{""w_0"": 4.8, ""w_1"": 4.8, ""w_2"": 4.7, ""w_3"": 4.7, ""w_4"": 4.6, ""w_5"": 4.7, ""w_6"": 4.5, ""w_7"": 4.4, ""w_8"": 4.5, ""w_9"": 4.5, ""w_10"": 4.5, ""w_11"": 4.4, ""w_12"": 4.4, ""w_13"": 4.5, ""w_14"": 4.5, ""w_15"": 4.5, ""w_16"": 4.6, ""w_17"": 4.6, ""w_18"": 4.4, ""w_19"": 4.5, ""w_20"": 4.4}"
43,100974271034,2021-07-27,0,factual,"{""w_0"": 4.4, ""w_1"": 4.44, ""w_2"": 4.51, ""w_3"": 4.475, ""w_4"": 4.48, ""w_5"": 4.59, ""w_6"": 4.64, ""w_7"": 4.435, ""w_8"": 4.54, ""w_9"": 4.45, ""w_10"": 4.495, ""w_11"": 4.44, ""w_12"": 4.46, ""w_13"": 4.455, ""w_14"": 4.15, ""w_15"": 4.155, ""w_16"": 4.36, ""w_17"": 4.32, ""w_18"": 4.36, ""w_19"": 4.4, ""w_20"": 4.37}"
43,100974271034,2021-07-27,0,counterfactual,"{""w_0"": 4.8, ""w_1"": 4.7, ""w_2"": 4.7, ""w_3"": 4.6, ""w_4"": 4.7, ""w_5"": 4.5, ""w_6"": 4.4, ""w_7"": 4.5, ""w_8"": 4.5, ""w_9"": 4.5, ""w_10"": 4.4, ""w_11"": 4.4, ""w_12"": 4.5, ""w_13"": 4.5, ""w_14"": 4.5, ""w_15"": 4.6, ""w_16"": 4.6, ""w_17"": 4.4, ""w_18"": 4.5, ""w_19"": 4.4, ""w_20"": 4.5}"
44,100974271034,2021-07-28,0,factual,"{""w_0"": 4.44, ""w_1"": 4.51, ""w_2"": 4.475, ""w_3"": 4.48, ""w_4"": 4.59, ""w_5"": 4.64, ""w_6"": 4.435, ""w_7"": 4.54, ""w_8"": 4.45, ""w_9"": 4.495, ""w_10"": 4.44, ""w_11"": 4.46, ""w_12"": 4.455, ""w_13"": 4.15, ""w_14"": 4.155, ""w_15"": 4.36, ""w_16"": 4.32, ""w_17"": 4.36, ""w_18"": 4.4, ""w_19"": 4.37, ""w_20"": 4.48}"
44,100974271034,2021-07-28,0,counterfactual,"{""w_0"": 4.8, ""w_1"": 4.8, ""w_2"": 4.8, ""w_3"": 4.7, ""w_4"": 4.7, ""w_5"": 4.6, ""w_6"": 4.7, ""w_7"": 4.5, ""w_8"": 4.4, ""w_9"": 4.5, ""w_10"": 4.5, ""w_11"": 4.5, ""w_12"": 4.4, ""w_13"": 4.4, ""w_14"": 4.5, ""w_15"": 4.5, ""w_16"": 4.5, ""w_17"": 4.6, ""w_18"": 4.6, ""w_19"": 4.4, ""w_20"": 4.5}"
45,100974271034,2021-07-29,0,factual,"{""w_0"": 4.51, ""w_1"": 4.475, ""w_2"": 4.48, ""w_3"": 4.59, ""w_4"": 4.64, ""w_5"": 4.435, ""w_6"": 4.54, ""w_7"": 4.45, ""w_8"": 4.495, ""w_9"": 4.44, ""w_10"": 4.46, ""w_11"": 4.455, ""w_12"": 4.15, ""w_13"": 4.155, ""w_14"": 4.36, ""w_15"": 4.32, ""w_16"": 4.36, ""w_17"": 4.4, ""w_18"": 4.37, ""w_19"": 4.48, ""w_20"": 4.47}"
45,100974271034,2021-07-29,0,counterfactual,"{""w_0"": 4.7, ""w_1"": 4.6, ""w_2"": 4.7, ""w_3"": 4.5, ""w_4"": 4.4, ""w_5"": 4.5, ""w_6"": 4.5, ""w_7"": 4.5, ""w_8"": 4.4, ""w_9"": 4.4, ""w_10"": 4.5, ""w_11"": 4.5, ""w_12"": 4.5, ""w_13"": 4.6, ""w_14"": 4.6, ""w_15"": 4.4, ""w_16"": 4.5, ""w_17"": 4.4, ""w_18"": 4.5, ""w_19"": 4.4, ""w_20"": 4.5}"
46,100974271034,2021-07-30,0,factual,"{""w_0"": 4.475, ""w_1"": 4.48, ""w_2"": 4.59, ""w_3"": 4.64, ""w_4"": 4.435, ""w_5"": 4.54, ""w_6"": 4.45, ""w_7"": 4.495, ""w_8"": 4.44, ""w_9"": 4.46, ""w_10"": 4.455, ""w_11"": 4.15, ""w_12"": 4.155, ""w_13"": 4.36, ""w_14"": 4.32, ""w_15"": 4.36, ""w_16"": 4.4, ""w_17"": 4.37, ""w_18"": 4.48, ""w_19"": 4.47, ""w_20"": 4.49}"
46,100974271034,2021-07-30,0,counterfactual,"{""w_0"": 4.8, ""w_1"": 4.7, ""w_2"": 4.7, ""w_3"": 4.6, ""w_4"": 4.7, ""w_5"": 4.5, ""w_6"": 4.4, ""w_7"": 4.5, ""w_8"": 4.5, ""w_9"": 4.5, ""w_10"": 4.4, ""w_11"": 4.4, ""w_12"": 4.5, ""w_13"": 4.5, ""w_14"": 4.5, ""w_15"": 4.6, ""w_16"": 4.6, ""w_17"": 4.4, ""w_18"": 4.5, ""w_19"": 4.4, ""w_20"": 4.5}"
47,100974271034,2021-08-02,0,factual,"{""w_0"": 4.48, ""w_1"": 4.59, ""w_2"": 4.64, ""w_3"": 4.435, ""w_4"": 4.54, ""w_5"": 4.45, ""w_6"": 4.495, ""w_7"": 4.44, ""w_8"": 4.46, ""w_9"": 4.455, ""w_10"": 4.15, ""w_11"": 4.155, ""w_12"": 4.36, ""w_13"": 4.32, ""w_14"": 4.36, ""w_15"": 4.4, ""w_16"": 4.37, ""w_17"": 4.48, ""w_18"": 4.47, ""w_19"": 4.49, ""w_20"": 4.605}"
47,100974271034,2021-08-02,0,counterfactual,"{""w_0"": 4.1, ""w_1"": 4.1, ""w_2"": 4.3, ""w_3"": 4.1, ""w_4"": 4.4, ""w_5"": 4.3, ""w_6"": 4.4, ""w_7"": 4.3, ""w_8"": 4.2, ""w_9"": 4.3, ""w_10"": 3.9, ""w_11"": 4.3, ""w_12"": 4.3, ""w_13"": 4.3, ""w_14"": 4.5, ""w_15"": 4.8, ""w_16"": 4.5, ""w_17"": 4.6, ""w_18"": 4.8, ""w_19"": 4.6, ""w_20"": 4.8}"
48,100974271034,2021-08-03,0,factual,"{""w_0"": 4.59, ""w_1"": 4.64, ""w_2"": 4.435, ""w_3"": 4.54, ""w_4"": 4.45, ""w_5"": 4.495, ""w_6"": 4.44, ""w_7"": 4.46, ""w_8"": 4.455, ""w_9"": 4.15, ""w_10"": 4.155, ""w_11"": 4.36, ""w_12"": 4.32, ""w_13"": 4.36, ""w_14"": 4.4, ""w_15"": 4.37, ""w_16"": 4.48, ""w_17"": 4.47, ""w_18"": 4.49, ""w_19"": 4.605, ""w_20"": 4.575}"
48,100974271034,2021-08-03,0,counterfactual,"{""w_0"": 4.5, ""w_1"": 4.6, ""w_2"": 4.6, ""w_3"": 4.4, ""w_4"": 4.5, ""w_5"": 4.4, ""w_6"": 4.5, ""w_7"": 4.4, ""w_8"": 4.5, ""w_9"": 4.5, ""w_10"": 4.2, ""w_11"": 4.2, ""w_12"": 4.4, ""w_13"": 4.3, ""w_14"": 4.4, ""w_15"": 4.4, ""w_16"": 4.4, ""w_17"": 4.5, ""w_18"": 4.5, ""w_19"": 4.5, ""w_20"": 4.6}"
49,100974271034,2021-08-04,0,factual,"{""w_0"": 4.64, ""w_1"": 4.435, ""w_2"": 4.54, ""w_3"": 4.45, ""w_4"": 4.495, ""w_5"": 4.44, ""w_6"": 4.46, ""w_7"": 4.455, ""w_8"": 4.15, ""w_9"": 4.155, ""w_10"": 4.36, ""w_11"": 4.32, ""w_12"": 4.36, ""w_13"": 4.4, ""w_14"": 4.37, ""w_15"": 4.48, ""w_16"": 4.47, ""w_17"": 4.49, ""w_18"": 4.605, ""w_19"": 4.575, ""w_20"": 4.59}"
49,100974271034,2021-08-04,0,counterfactual,"{""w_0"": 4.5, ""w_1"": 4.6, ""w_2"": 4.6, ""w_3"": 4.4, ""w_4"": 4.5, ""w_5"": 4.4, ""w_6"": 4.5, ""w_7"": 4.4, ""w_8"": 4.5, ""w_9"": 4.5, ""w_10"": 4.2, ""w_11"": 4.2, ""w_12"": 4.4, ""w_13"": 4.3, ""w_14"": 4.4, ""w_15"": 4.4, ""w_16"": 4.4, ""w_17"": 4.5, ""w_18"": 4.5, ""w_19"": 4.5, ""w_20"": 4.6}"
50,100974271034,2021-08-05,0,factual,"{""w_0"": 4.435, ""w_1"": 4.54, ""w_2"": 4.45, ""w_3"": 4.495, ""w_4"": 4.44, ""w_5"": 4.46, ""w_6"": 4.455, ""w_7"": 4.15, ""w_8"": 4.155, ""w_9"": 4.36, ""w_10"": 4.32, ""w_11"": 4.36, ""w_12"": 4.4, ""w_13"": 4.37, ""w_14"": 4.48, ""w_15"": 4.47, ""w_16"": 4.49, ""w_17"": 4.605, ""w_18"": 4.575, ""w_19"": 4.59, ""w_20"": 4.59}"
50,100974271034,2021-08-05,0,counterfactual,"{""w_0"": 4.6, ""w_1"": 4.4, ""w_2"": 4.5, ""w_3"": 4.4, ""w_4"": 4.5, ""w_5"": 4.4, ""w_6"": 4.5, ""w_7"": 4.5, ""w_8"": 4.2, ""w_9"": 4.2, ""w_10"": 4.4, ""w_11"": 4.3, ""w_12"": 4.4, ""w_13"": 4.4, ""w_14"": 4.4, ""w_15"": 4.5, ""w_16"": 4.5, ""w_17"": 4.5, ""w_18"": 4.6, ""w_19"": 4.6, ""w_20"": 4.6}"
51,100974271034,2021-08-06,0,factual,"{""w_0"": 4.54, ""w_1"": 4.45, ""w_2"": 4.495, ""w_3"": 4.44, ""w_4"": 4.46, ""w_5"": 4.455, ""w_6"": 4.15, ""w_7"": 4.155, ""w_8"": 4.36, ""w_9"": 4.32, ""w_10"": 4.36, ""w_11"": 4.4, ""w_12"": 4.37, ""w_13"": 4.48, ""w_14"": 4.47, ""w_15"": 4.49, ""w_16"": 4.605, ""w_17"": 4.575, ""w_18"": 4.59, ""w_19"": 4.59, ""w_20"": 4.54}"
51,100974271034,2021-08-06,0,counterfactual,"{""w_0"": 4.4, ""w_1"": 4.5, ""w_2"": 4.4, ""w_3"": 4.5, ""w_4"": 4.4, ""w_5"": 4.5, ""w_6"": 4.5, ""w_7"": 4.2, ""w_8"": 4.2, ""w_9"": 4.4, ""w_10"": 4.3, ""w_11"": 4.4, ""w_12"": 4.4, ""w_13"": 4.4, ""w_14"": 4.5, ""w_15"": 4.5, ""w_16"": 4.5, ""w_17"": 4.6, ""w_18"": 4.6, ""w_19"": 4.6, ""w_20"": 4.59}"
52,100974271034,2021-08-09,0,factual,"{""w_0"": 4.45, ""w_1"": 4.495, ""w_2"": 4.44, ""w_3"": 4.46, ""w_4"": 4.455, ""w_5"": 4.15, ""w_6"": 4.155, ""w_7"": 4.36, ""w_8"": 4.32, ""w_9"": 4.36, ""w_10"": 4.4, ""w_11"": 4.37, ""w_12"": 4.48, ""w_13"": 4.47, ""w_14"": 4.49, ""w_15"": 4.605, ""w_16"": 4.575, ""w_17"": 4.59, ""w_18"": 4.59, ""w_19"": 4.54, ""w_20"": 4.595}"
52,100974271034,2021-08-09,0,counterfactual,"{""w_0"": 4.5, ""w_1"": 4.4, ""w_2"": 4.5, ""w_3"": 4.4, ""w_4"": 4.5, ""w_5"": 4.5, ""w_6"": 4.2, ""w_7"": 4.2, ""w_8"": 4.4, ""w_9"": 4.3, ""w_10"": 4.4, ""w_11"": 4.4, ""w_12"": 4.4, ""w_13"": 4.5, ""w_14"": 4.5, ""w_15"": 4.5, ""w_16"": 4.6, ""w_17"": 4.6, ""w_18"": 4.6, ""w_19"": 4.59, ""w_20"": 4.54}"
53,100974271034,2021-08-10,0,factual,"{""w_0"": 4.495, ""w_1"": 4.44, ""w_2"": 4.46, ""w_3"": 4.455, ""w_4"": 4.15, ""w_5"": 4.155, ""w_6"": 4.36, ""w_7"": 4.32, ""w_8"": 4.36, ""w_9"": 4.4, ""w_10"": 4.37, ""w_11"": 4.48, ""w_12"": 4.47, ""w_13"": 4.49, ""w_14"": 4.605, ""w_15"": 4.575, ""w_16"": 4.59, ""w_17"": 4.59, ""w_18"": 4.54, ""w_19"": 4.595, ""w_20"": 4.59}"
53,100974271034,2021-08-10,0,counterfactual,"{""w_0"": 4.4, ""w_1"": 4.5, ""w_2"": 4.4, ""w_3"": 4.5, ""w_4"": 4.5, ""w_5"": 4.2, ""w_6"": 4.2, ""w_7"": 4.4, ""w_8"": 4.3, ""w_9"": 4.4, ""w_10"": 4.4, ""w_11"": 4.4, ""w_12"": 4.5, ""w_13"": 4.5, ""w_14"": 4.5, ""w_15"": 4.6, ""w_16"": 4.6, ""w_17"": 4.6, ""w_18"": 4.59, ""w_19"": 4.54, ""w_20"": 4.59}"
54,100974271034,2021-08-11,0,factual,"{""w_0"": 4.44, ""w_1"": 4.46, ""w_2"": 4.455, ""w_3"": 4.15, ""w_4"": 4.155, ""w_5"": 4.36, ""w_6"": 4.32, ""w_7"": 4.36, ""w_8"": 4.4, ""w_9"": 4.37, ""w_10"": 4.48, ""w_11"": 4.47, ""w_12"": 4.49, ""w_13"": 4.605, ""w_14"": 4.575, ""w_15"": 4.59, ""w_16"": 4.59, ""w_17"": 4.54, ""w_18"": 4.595, ""w_19"": 4.59, ""w_20"": 4.595}"
54,100974271034,2021-08-11,0,counterfactual,"{""w_0"": 4.5, ""w_1"": 4.4, ""w_2"": 4.5, ""w_3"": 4.5, ""w_4"": 4.2, ""w_5"": 4.2, ""w_6"": 4.4, ""w_7"": 4.3, ""w_8"": 4.4, ""w_9"": 4.4, ""w_10"": 4.4, ""w_11"": 4.5, ""w_12"": 4.5, ""w_13"": 4.5, ""w_14"": 4.6, ""w_15"": 4.6, ""w_16"": 4.6, ""w_17"": 4.59, ""w_18"": 4.54, ""w_19"": 4.59, ""w_20"": 4.59}"
55,100974271034,2021-08-12,0,factual,"{""w_0"": 4.46, ""w_1"": 4.455, ""w_2"": 4.15, ""w_3"": 4.155, ""w_4"": 4.36, ""w_5"": 4.32, ""w_6"": 4.36, ""w_7"": 4.4, ""w_8"": 4.37, ""w_9"": 4.48, ""w_10"": 4.47, ""w_11"": 4.49, ""w_12"": 4.605, ""w_13"": 4.575, ""w_14"": 4.59, ""w_15"": 4.59, ""w_16"": 4.54, ""w_17"": 4.595, ""w_18"": 4.59, ""w_19"": 4.595, ""w_20"": 4.6}"
55,100974271034,2021-08-12,0,counterfactual,"{""w_0"": 4.5, ""w_1"": 4.4, ""w_2"": 4.5, ""w_3"": 4.4, ""w_4"": 4.5, ""w_5"": 4.5, ""w_6"": 4.2, ""w_7"": 4.2, ""w_8"": 4.4, ""w_9"": 4.3, ""w_10"": 4.4, ""w_11"": 4.4, ""w_12"": 4.4, ""w_13"": 4.5, ""w_14"": 4.5, ""w_15"": 4.5, ""w_16"": 4.61, ""w_17"": 4.57, ""w_18"": 4.59, ""w_19"": 4.59, ""w_20"": 4.54}"
56,100974271034,2021-08-13,0,factual,"{""w_0"": 4.455, ""w_1"": 4.15, ""w_2"": 4.155, ""w_3"": 4.36, ""w_4"": 4.32, ""w_5"": 4.36, ""w_6"": 4.4, ""w_7"": 4.37, ""w_8"": 4.48, ""w_9"": 4.47, ""w_10"": 4.49, ""w_11"": 4.605, ""w_12"": 4.575, ""w_13"": 4.59, ""w_14"": 4.59, ""w_15"": 4.54, ""w_16"": 4.595, ""w_17"": 4.59, ""w_18"": 4.595, ""w_19"": 4.6, ""w_20"": 4.6}"
56,100974271034,2021-08-13,0,counterfactual,"{""w_0"": 4.6, ""w_1"": 4.4, ""w_2"": 4.5, ""w_3"": 4.4, ""w_4"": 4.5, ""w_5"": 4.4, ""w_6"": 4.5, ""w_7"": 4.5, ""w_8"": 4.2, ""w_9"": 4.2, ""w_10"": 4.4, ""w_11"": 4.3, ""w_12"": 4.4, ""w_13"": 4.4, ""w_14"": 4.4, ""w_15"": 4.48, ""w_16"": 4.47, ""w_17"": 4.49, ""w_18"": 4.61, ""w_19"": 4.57, ""w_20"": 4.59}"
57,100974271034,2021-08-16,0,factual,"{""w_0"": 4.15, ""w_1"": 4.155, ""w_2"": 4.36, ""w_3"": 4.32, ""w_4"": 4.36, ""w_5"": 4.4, ""w_6"": 4.37, ""w_7"": 4.48, ""w_8"": 4.47, ""w_9"": 4.49, ""w_10"": 4.605, ""w_11"": 4.575, ""w_12"": 4.59, ""w_13"": 4.59, ""w_14"": 4.54, ""w_15"": 4.595, ""w_16"": 4.59, ""w_17"": 4.595, ""w_18"": 4.6, ""w_19"": 4.6, ""w_20"": 4.595}"
57,100974271034,2021-08-16,0,counterfactual,"{""w_0"": 4.5, ""w_1"": 4.5, ""w_2"": 4.2, ""w_3"": 4.2, ""w_4"": 4.4, ""w_5"": 4.3, ""w_6"": 4.4, ""w_7"": 4.4, ""w_8"": 4.4, ""w_9"": 4.5, ""w_10"": 4.5, ""w_11"": 4.5, ""w_12"": 4.6, ""w_13"": 4.6, ""w_14"": 4.59, ""w_15"": 4.59, ""w_16"": 4.54, ""w_17"": 4.59, ""w_18"": 4.59, ""w_19"": 4.59, ""w_20"": 4.6}"
58,100974271034,2021-08-17,0,factual,"{""w_0"": 4.155, ""w_1"": 4.36, ""w_2"": 4.32, ""w_3"": 4.36, ""w_4"": 4.4, ""w_5"": 4.37, ""w_6"": 4.48, ""w_7"": 4.47, ""w_8"": 4.49, ""w_9"": 4.605, ""w_10"": 4.575, ""w_11"": 4.59, ""w_12"": 4.59, ""w_13"": 4.54, ""w_14"": 4.595, ""w_15"": 4.59, ""w_16"": 4.595, ""w_17"": 4.6, ""w_18"": 4.6, ""w_19"": 4.595, ""w_20"": 4.495}"
58,100974271034,2021-08-17,0,counterfactual,"{""w_0"": 4.5, ""w_1"": 4.2, ""w_2"": 4.2, ""w_3"": 4.4, ""w_4"": 4.3, ""w_5"": 4.4, ""w_6"": 4.4, ""w_7"": 4.4, ""w_8"": 4.5, ""w_9"": 4.5, ""w_10"": 4.5, ""w_11"": 4.6, ""w_12"": 4.6, ""w_13"": 4.59, ""w_14"": 4.59, ""w_15"": 4.54, ""w_16"": 4.59, ""w_17"": 4.59, ""w_18"": 4.59, ""w_19"": 4.6, ""w_20"": 4.6}"
59,100974271034,2021-08-18,0,factual,"{""w_0"": 4.36, ""w_1"": 4.32, ""w_2"": 4.36, ""w_3"": 4.4, ""w_4"": 4.37, ""w_5"": 4.48, ""w_6"": 4.47, ""w_7"": 4.49, ""w_8"": 4.605, ""w_9"": 4.575, ""w_10"": 4.59, ""w_11"": 4.59, ""w_12"": 4.54, ""w_13"": 4.595, ""w_14"": 4.59, ""w_15"": 4.595, ""w_16"": 4.6, ""w_17"": 4.6, ""w_18"": 4.595, ""w_19"": 4.495, ""w_20"": 4.44}"
59,100974271034,2021-08-18,0,counterfactual,"{""w_0"": 4.2, ""w_1"": 4.4, ""w_2"": 4.3, ""w_3"": 4.4, ""w_4"": 4.4, ""w_5"": 4.4, ""w_6"": 4.5, ""w_7"": 4.5, ""w_8"": 4.5, ""w_9"": 4.6, ""w_10"": 4.6, ""w_11"": 4.6, ""w_12"": 4.59, ""w_13"": 4.54, ""w_14"": 4.59, ""w_15"": 4.59, ""w_16"": 4.59, ""w_17"": 4.6, ""w_18"": 4.6, ""w_19"": 4.59, ""w_20"": 4.49}"
60,100974271034,2021-08-19,0,factual,"{""w_0"": 4.32, ""w_1"": 4.36, ""w_2"": 4.4, ""w_3"": 4.37, ""w_4"": 4.48, ""w_5"": 4.47, ""w_6"": 4.49, ""w_7"": 4.605, ""w_8"": 4.575, ""w_9"": 4.59, ""w_10"": 4.59, ""w_11"": 4.54, ""w_12"": 4.595, ""w_13"": 4.59, ""w_14"": 4.595, ""w_15"": 4.6, ""w_16"": 4.6, ""w_17"": 4.595, ""w_18"": 4.495, ""w_19"": 4.44, ""w_20"": 4.305}"
60,100974271034,2021-08-19,0,counterfactual,"{""w_0"": 4.4, ""w_1"": 4.3, ""w_2"": 4.4, ""w_3"": 4.4, ""w_4"": 4.4, ""w_5"": 4.5, ""w_6"": 4.5, ""w_7"": 4.5, ""w_8"": 4.6, ""w_9"": 4.6, ""w_10"": 4.6, ""w_11"": 4.59, ""w_12"": 4.54, ""w_13"": 4.59, ""w_14"": 4.59, ""w_15"": 4.59, ""w_16"": 4.6, ""w_17"": 4.6, ""w_18"": 4.59, ""w_19"": 4.49, ""w_20"": 4.44}"
61,100974271034,2021-08-20,0,factual,"{""w_0"": 4.36, ""w_1"": 4.4, ""w_2"": 4.37, ""w_3"": 4.48, ""w_4"": 4.47, ""w_5"": 4.49, ""w_6"": 4.605, ""w_7"": 4.575, ""w_8"": 4.59, ""w_9"": 4.59, ""w_10"": 4.54, ""w_11"": 4.595, ""w_12"": 4.59, ""w_13"": 4.595, ""w_14"": 4.6, ""w_15"": 4.6, ""w_16"": 4.595, ""w_17"": 4.495, ""w_18"": 4.44, ""w_19"": 4.305, ""w_20"": 4.3}"
61,100974271034,2021-08-20,0,counterfactual,"{""w_0"": 4.6, ""w_1"": 4.7, ""w_2"": 4.5, ""w_3"": 4.4, ""w_4"": 4.5, ""w_5"": 4.5, ""w_6"": 4.5, ""w_7"": 4.4, ""w_8"": 4.4, ""w_9"": 4.5, ""w_10"": 4.47, ""w_11"": 4.48, ""w_12"": 4.59, ""w_13"": 4.64, ""w_14"": 4.43, ""w_15"": 4.54, ""w_16"": 4.45, ""w_17"": 4.49, ""w_18"": 4.44, ""w_19"": 4.46, ""w_20"": 4.45}"
62,100974271034,2021-08-23,0,factual,"{""w_0"": 4.4, ""w_1"": 4.37, ""w_2"": 4.48, ""w_3"": 4.47, ""w_4"": 4.49, ""w_5"": 4.605, ""w_6"": 4.575, ""w_7"": 4.59, ""w_8"": 4.59, ""w_9"": 4.54, ""w_10"": 4.595, ""w_11"": 4.59, ""w_12"": 4.595, ""w_13"": 4.6, ""w_14"": 4.6, ""w_15"": 4.595, ""w_16"": 4.495, ""w_17"": 4.44, ""w_18"": 4.305, ""w_19"": 4.3, ""w_20"": 4.45}"
62,100974271034,2021-08-23,0,counterfactual,"{""w_0"": 4.7, ""w_1"": 4.5, ""w_2"": 4.4, ""w_3"": 4.5, ""w_4"": 4.5, ""w_5"": 4.5, ""w_6"": 4.4, ""w_7"": 4.4, ""w_8"": 4.5, ""w_9"": 4.47, ""w_10"": 4.48, ""w_11"": 4.59, ""w_12"": 4.64, ""w_13"": 4.43, ""w_14"": 4.54, ""w_15"": 4.45, ""w_16"": 4.49, ""w_17"": 4.44, ""w_18"": 4.46, ""w_19"": 4.45, ""w_20"": 4.15}"
63,100974271034,2021-08-24,0,factual,"{""w_0"": 4.37, ""w_1"": 4.48, ""w_2"": 4.47, ""w_3"": 4.49, ""w_4"": 4.605, ""w_5"": 4.575, ""w_6"": 4.59, ""w_7"": 4.59, ""w_8"": 4.54, ""w_9"": 4.595, ""w_10"": 4.59, ""w_11"": 4.595, ""w_12"": 4.6, ""w_13"": 4.6, ""w_14"": 4.595, ""w_15"": 4.495, ""w_16"": 4.44, ""w_17"": 4.305, ""w_18"": 4.3, ""w_19"": 4.45, ""w_20"": 4.67}"
63,100974271034,2021-08-24,0,counterfactual,"{""w_0"": 4.2, ""w_1"": 4.4, ""w_2"": 4.3, ""w_3"": 4.4, ""w_4"": 4.4, ""w_5"": 4.4, ""w_6"": 4.5, ""w_7"": 4.5, ""w_8"": 4.49, ""w_9"": 4.61, ""w_10"": 4.57, ""w_11"": 4.59, ""w_12"": 4.59, ""w_13"": 4.54, ""w_14"": 4.59, ""w_15"": 4.59, ""w_16"": 4.59, ""w_17"": 4.15, ""w_18"": 4.6, ""w_19"": 4.59, ""w_20"": 4.49}"
64,100974271034,2021-08-25,0,factual,"{""w_0"": 4.48, ""w_1"": 4.47, ""w_2"": 4.49, ""w_3"": 4.605, ""w_4"": 4.575, ""w_5"": 4.59, ""w_6"": 4.59, ""w_7"": 4.54, ""w_8"": 4.595, ""w_9"": 4.59, ""w_10"": 4.595, ""w_11"": 4.6, ""w_12"": 4.6, ""w_13"": 4.595, ""w_14"": 4.495, ""w_15"": 4.44, ""w_16"": 4.305, ""w_17"": 4.3, ""w_18"": 4.45, ""w_19"": 4.67, ""w_20"": 4.64}"
64,100974271034,2021-08-25,0,counterfactual,"{""w_0"": 4.5, ""w_1"": 4.6, ""w_2"": 4.2, ""w_3"": 4.8, ""w_4"": 4.5, ""w_5"": 4.8, ""w_6"": 4.6, ""w_7"": 4.67, ""w_8"": 4.43, ""w_9"": 4.54, ""w_10"": 4.45, ""w_11"": 4.49, ""w_12"": 4.52, ""w_13"": 4.46, ""w_14"": 4.5, ""w_15"": 4.4, ""w_16"": 4.44, ""w_17"": 4.15, ""w_18"": 4.47, ""w_19"": 4.36, ""w_20"": 4.59}"
65,100974271034,2021-08-26,0,factual,"{""w_0"": 4.47, ""w_1"": 4.49, ""w_2"": 4.605, ""w_3"": 4.575, ""w_4"": 4.59, ""w_5"": 4.59, ""w_6"": 4.54, ""w_7"": 4.595, ""w_8"": 4.59, ""w_9"": 4.595, ""w_10"": 4.6, ""w_11"": 4.6, ""w_12"": 4.595, ""w_13"": 4.495, ""w_14"": 4.44, ""w_15"": 4.305, ""w_16"": 4.3, ""w_17"": 4.45, ""w_18"": 4.67, ""w_19"": 4.64, ""w_20"": 4.58}"
65,100974271034,2021-08-26,0,counterfactual,"{""w_0"": 4.4, ""w_1"": 4.6, ""w_2"": 4.7, ""w_3"": 4.5, ""w_4"": 4.6, ""w_5"": 4.6, ""w_6"": 4.47, ""w_7"": 4.5, ""w_8"": 4.45, ""w_9"": 4.49, ""w_10"": 4.44, ""w_11"": 4.46, ""w_12"": 4.48, ""w_13"": 4.59, ""w_14"": 4.16, ""w_15"": 4.36, ""w_16"": 4.15, ""w_17"": 4.45, ""w_18"": 4.49, ""w_19"": 4.37, ""w_20"": 4.48}"
66,100974271034,2021-08-27,0,factual,"{""w_0"": 4.49, ""w_1"": 4.605, ""w_2"": 4.575, ""w_3"": 4.59, ""w_4"": 4.59, ""w_5"": 4.54, ""w_6"": 4.595, ""w_7"": 4.59, ""w_8"": 4.595, ""w_9"": 4.6, ""w_10"": 4.6, ""w_11"": 4.595, ""w_12"": 4.495, ""w_13"": 4.44, ""w_14"": 4.305, ""w_15"": 4.3, ""w_16"": 4.45, ""w_17"": 4.67, ""w_18"": 4.64, ""w_19"": 4.58, ""w_20"": 4.53}"
66,100974271034,2021-08-27,0,counterfactual,"{""w_0"": 4.5, ""w_1"": 4.5, ""w_2"": 4.6, ""w_3"": 4.6, ""w_4"": 4.4, ""w_5"": 4.54, ""w_6"": 4.45, ""w_7"": 4.49, ""w_8"": 4.44, ""w_9"": 4.46, ""w_10"": 4.45, ""w_11"": 4.15, ""w_12"": 4.16, ""w_13"": 4.36, ""w_14"": 4.32, ""w_15"": 4.36, ""w_16"": 4.4, ""w_17"": 4.37, ""w_18"": 4.48, ""w_19"": 4.47, ""w_20"": 4.49}"
67,100974271034,2021-08-30,0,factual,"{""w_0"": 4.605, ""w_1"": 4.575, ""w_2"": 4.59, ""w_3"": 4.59, ""w_4"": 4.54, ""w_5"": 4.595, ""w_6"": 4.59, ""w_7"": 4.595, ""w_8"": 4.6, ""w_9"": 4.6, ""w_10"": 4.595, ""w_11"": 4.495, ""w_12"": 4.44, ""w_13"": 4.305, ""w_14"": 4.3, ""w_15"": 4.45, ""w_16"": 4.67, ""w_17"": 4.64, ""w_18"": 4.58, ""w_19"": 4.53, ""w_20"": 4.7}"
67,100974271034,2021-08-30,0,counterfactual,"{""w_0"": 4.8, ""w_1"": 4.8, ""w_2"": 4.7, ""w_3"": 4.7, ""w_4"": 4.55, ""w_5"": 4.71, ""w_6"": 4.5, ""w_7"": 4.45, ""w_8"": 4.52, ""w_9"": 4.47, ""w_10"": 4.5, ""w_11"": 4.4, ""w_12"": 4.44, ""w_13"": 4.51, ""w_14"": 4.47, ""w_15"": 4.48, ""w_16"": 4.59, ""w_17"": 4.64, ""w_18"": 4.43, ""w_19"": 4.54, ""w_20"": 4.45}"
68,100974271034,2021-08-31,0,factual,"{""w_0"": 4.575, ""w_1"": 4.59, ""w_2"": 4.59, ""w_3"": 4.54, ""w_4"": 4.595, ""w_5"": 4.59, ""w_6"": 4.595, ""w_7"": 4.6, ""w_8"": 4.6, ""w_9"": 4.595, ""w_10"": 4.495, ""w_11"": 4.44, ""w_12"": 4.305, ""w_13"": 4.3, ""w_14"": 4.45, ""w_15"": 4.67, ""w_16"": 4.64, ""w_17"": 4.58, ""w_18"": 4.53, ""w_19"": 4.7, ""w_20"": 4.73}"
68,100974271034,2021-08-31,0,counterfactual,"{""w_0"": 4.6, ""w_1"": 4.6, ""w_2"": 4.6, ""w_3"": 4.59, ""w_4"": 4.54, ""w_5"": 4.59, ""w_6"": 4.59, ""w_7"": 4.59, ""w_8"": 4.6, ""w_9"": 4.6, ""w_10"": 4.59, ""w_11"": 4.49, ""w_12"": 4.44, ""w_13"": 4.3, ""w_14"": 4.3, ""w_15"": 4.45, ""w_16"": 4.67, ""w_17"": 4.64, ""w_18"": 4.58, ""w_19"": 4.53, ""w_20"": 4.7}"
69,100974271034,2021-09-01,0,factual,"{""w_0"": 4.59, ""w_1"": 4.59, ""w_2"": 4.54, ""w_3"": 4.595, ""w_4"": 4.59, ""w_5"": 4.595, ""w_6"": 4.6, ""w_7"": 4.6, ""w_8"": 4.595, ""w_9"": 4.495, ""w_10"": 4.44, ""w_11"": 4.305, ""w_12"": 4.3, ""w_13"": 4.45, ""w_14"": 4.67, ""w_15"": 4.64, ""w_16"": 4.58, ""w_17"": 4.53, ""w_18"": 4.7, ""w_19"": 4.73, ""w_20"": 4.64}"
69,100974271034,2021-09-01,0,counterfactual,"{""w_0"": 4.7, ""w_1"": 4.7, ""w_2"": 4.55, ""w_3"": 4.71, ""w_4"": 4.5, ""w_5"": 4.45, ""w_6"": 4.52, ""w_7"": 4.47, ""w_8"": 4.5, ""w_9"": 4.4, ""w_10"": 4.44, ""w_11"": 4.51, ""w_12"": 4.47, ""w_13"": 4.48, ""w_14"": 4.59, ""w_15"": 4.64, ""w_16"": 4.43, ""w_17"": 4.54, ""w_18"": 4.45, ""w_19"": 4.49, ""w_20"": 4.44}"
70,100974271034,2021-09-02,0,factual,"{""w_0"": 4.59, ""w_1"": 4.54, ""w_2"": 4.595, ""w_3"": 4.59, ""w_4"": 4.595, ""w_5"": 4.6, ""w_6"": 4.6, ""w_7"": 4.595, ""w_8"": 4.495, ""w_9"": 4.44, ""w_10"": 4.305, ""w_11"": 4.3, ""w_12"": 4.45, ""w_13"": 4.67, ""w_14"": 4.64, ""w_15"": 4.58, ""w_16"": 4.53, ""w_17"": 4.7, ""w_18"": 4.73, ""w_19"": 4.64, ""w_20"": 4.605}"
70,100974271034,2021-09-02,0,counterfactual,"{""w_0"": 4.6, ""w_1"": 4.59, ""w_2"": 4.54, ""w_3"": 4.59, ""w_4"": 4.59, ""w_5"": 4.59, ""w_6"": 4.6, ""w_7"": 4.6, ""w_8"": 4.59, ""w_9"": 4.49, ""w_10"": 4.44, ""w_11"": 4.3, ""w_12"": 4.3, ""w_13"": 4.45, ""w_14"": 4.67, ""w_15"": 4.64, ""w_16"": 4.58, ""w_17"": 4.53, ""w_18"": 4.7, ""w_19"": 4.73, ""w_20"": 4.64}"
71,100974271034,2021-09-03,0,factual,"{""w_0"": 4.54, ""w_1"": 4.595, ""w_2"": 4.59, ""w_3"": 4.595, ""w_4"": 4.6, ""w_5"": 4.6, ""w_6"": 4.595, ""w_7"": 4.495, ""w_8"": 4.44, ""w_9"": 4.305, ""w_10"": 4.3, ""w_11"": 4.45, ""w_12"": 4.67, ""w_13"": 4.64, ""w_14"": 4.58, ""w_15"": 4.53, ""w_16"": 4.7, ""w_17"": 4.73, ""w_18"": 4.64, ""w_19"": 4.605, ""w_20"": 4.62}"
71,100974271034,2021-09-03,0,counterfactual,"{""w_0"": 4.55, ""w_1"": 4.71, ""w_2"": 4.59, ""w_3"": 4.15, ""w_4"": 4.52, ""w_5"": 4.59, ""w_6"": 4.59, ""w_7"": 4.4, ""w_8"": 4.44, ""w_9"": 4.6, ""w_10"": 4.15, ""w_11"": 4.49, ""w_12"": 4.44, ""w_13"": 4.64, ""w_14"": 4.43, ""w_15"": 4.15, ""w_16"": 4.45, ""w_17"": 4.64, ""w_18"": 4.44, ""w_19"": 4.53, ""w_20"": 4.15}"
72,100974271034,2021-09-06,0,factual,"{""w_0"": 4.595, ""w_1"": 4.59, ""w_2"": 4.595, ""w_3"": 4.6, ""w_4"": 4.6, ""w_5"": 4.595, ""w_6"": 4.495, ""w_7"": 4.44, ""w_8"": 4.305, ""w_9"": 4.3, ""w_10"": 4.45, ""w_11"": 4.67, ""w_12"": 4.64, ""w_13"": 4.58, ""w_14"": 4.53, ""w_15"": 4.7, ""w_16"": 4.73, ""w_17"": 4.64, ""w_18"": 4.605, ""w_19"": 4.62, ""w_20"": 4.6}"
72,100974271034,2021-09-06,0,counterfactual,"{""w_0"": 4.54, ""w_1"": 4.59, ""w_2"": 4.59, ""w_3"": 4.59, ""w_4"": 4.6, ""w_5"": 4.6, ""w_6"": 4.59, ""w_7"": 4.49, ""w_8"": 4.44, ""w_9"": 4.3, ""w_10"": 4.3, ""w_11"": 4.45, ""w_12"": 4.67, ""w_13"": 4.64, ""w_14"": 4.58, ""w_15"": 4.53, ""w_16"": 4.7, ""w_17"": 4.73, ""w_18"": 4.64, ""w_19"": 4.61, ""w_20"": 4.62}"
73,100974271034,2021-09-07,0,factual,"{""w_0"": 4.59, ""w_1"": 4.595, ""w_2"": 4.6, ""w_3"": 4.6, ""w_4"": 4.595, ""w_5"": 4.495, ""w_6"": 4.44, ""w_7"": 4.305, ""w_8"": 4.3, ""w_9"": 4.45, ""w_10"": 4.67, ""w_11"": 4.64, ""w_12"": 4.58, ""w_13"": 4.53, ""w_14"": 4.7, ""w_15"": 4.73, ""w_16"": 4.64, ""w_17"": 4.605, ""w_18"": 4.62, ""w_19"": 4.6, ""w_20"": 4.625}"
73,100974271034,2021-09-07,0,counterfactual,"{""w_0"": 4.54, ""w_1"": 4.59, ""w_2"": 4.59, ""w_3"": 4.59, ""w_4"": 4.6, ""w_5"": 4.6, ""w_6"": 4.59, ""w_7"": 4.49, ""w_8"": 4.44, ""w_9"": 4.3, ""w_10"": 4.3, ""w_11"": 4.45, ""w_12"": 4.67, ""w_13"": 4.64, ""w_14"": 4.58, ""w_15"": 4.53, ""w_16"": 4.7, ""w_17"": 4.73, ""w_18"": 4.64, ""w_19"": 4.61, ""w_20"": 4.6}"
74,100974271034,2021-09-08,0,factual,"{""w_0"": 4.595, ""w_1"": 4.6, ""w_2"": 4.6, ""w_3"": 4.595, ""w_4"": 4.495, ""w_5"": 4.44, ""w_6"": 4.305, ""w_7"": 4.3, ""w_8"": 4.45, ""w_9"": 4.67, ""w_10"": 4.64, ""w_11"": 4.58, ""w_12"": 4.53, ""w_13"": 4.7, ""w_14"": 4.73, ""w_15"": 4.64, ""w_16"": 4.605, ""w_17"": 4.62, ""w_18"": 4.6, ""w_19"": 4.625, ""w_20"": 4.66}"
74,100974271034,2021-09-08,0,counterfactual,"{""w_0"": 4.71, ""w_1"": 4.67, ""w_2"": 4.55, ""w_3"": 4.71, ""w_4"": 4.5, ""w_5"": 4.45, ""w_6"": 4.52, ""w_7"": 4.47, ""w_8"": 4.5, ""w_9"": 4.4, ""w_10"": 4.44, ""w_11"": 4.51, ""w_12"": 4.47, ""w_13"": 4.48, ""w_14"": 4.59, ""w_15"": 4.64, ""w_16"": 4.43, ""w_17"": 4.54, ""w_18"": 4.45, ""w_19"": 4.5, ""w_20"": 4.4}"
75,100974271034,2021-09-09,0,factual,"{""w_0"": 4.6, ""w_1"": 4.6, ""w_2"": 4.595, ""w_3"": 4.495, ""w_4"": 4.44, ""w_5"": 4.305, ""w_6"": 4.3, ""w_7"": 4.45, ""w_8"": 4.67, ""w_9"": 4.64, ""w_10"": 4.58, ""w_11"": 4.53, ""w_12"": 4.7, ""w_13"": 4.73, ""w_14"": 4.64, ""w_15"": 4.605, ""w_16"": 4.62, ""w_17"": 4.6, ""w_18"": 4.625, ""w_19"": 4.66, ""w_20"": 4.59}"
75,100974271034,2021-09-09,0,counterfactual,"{""w_0"": 4.59, ""w_1"": 4.6, ""w_2"": 4.6, ""w_3"": 4.59, ""w_4"": 4.49, ""w_5"": 4.44, ""w_6"": 4.3, ""w_7"": 4.3, ""w_8"": 4.45, ""w_9"": 4.67, ""w_10"": 4.64, ""w_11"": 4.58, ""w_12"": 4.53, ""w_13"": 4.7, ""w_14"": 4.73, ""w_15"": 4.64, ""w_16"": 4.61, ""w_17"": 4.62, ""w_18"": 4.6, ""w_19"": 4.6, ""w_20"": 4.7}"
76,100974271034,2021-09-10,0,factual,"{""w_0"": 4.6, ""w_1"": 4.595, ""w_2"": 4.495, ""w_3"": 4.44, ""w_4"": 4.305, ""w_5"": 4.3, ""w_6"": 4.45, ""w_7"": 4.67, ""w_8"": 4.64, ""w_9"": 4.58, ""w_10"": 4.53, ""w_11"": 4.7, ""w_12"": 4.73, ""w_13"": 4.64, ""w_14"": 4.605, ""w_15"": 4.62, ""w_16"": 4.6, ""w_17"": 4.625, ""w_18"": 4.66, ""w_19"": 4.59, ""w_20"": 4.56}"
76,100974271034,2021-09-10,0,counterfactual,"{""w_0"": 4.36, ""w_1"": 4.32, ""w_2"": 4.36, ""w_3"": 4.4, ""w_4"": 4.37, ""w_5"": 4.48, ""w_6"": 4.47, ""w_7"": 4.49, ""w_8"": 4.61, ""w_9"": 4.57, ""w_10"": 4.59, ""w_11"": 4.59, ""w_12"": 4.54, ""w_13"": 4.59, ""w_14"": 4.59, ""w_15"": 4.59, ""w_16"": 4.6, ""w_17"": 4.6, ""w_18"": 4.6, ""w_19"": 4.5, ""w_20"": 4.44}"
77,100974271034,2021-09-13,0,factual,"{""w_0"": 4.595, ""w_1"": 4.495, ""w_2"": 4.44, ""w_3"": 4.305, ""w_4"": 4.3, ""w_5"": 4.45, ""w_6"": 4.67, ""w_7"": 4.64, ""w_8"": 4.58, ""w_9"": 4.53, ""w_10"": 4.7, ""w_11"": 4.73, ""w_12"": 4.64, ""w_13"": 4.605, ""w_14"": 4.62, ""w_15"": 4.6, ""w_16"": 4.625, ""w_17"": 4.66, ""w_18"": 4.59, ""w_19"": 4.56, ""w_20"": 4.7}"
77,100974271034,2021-09-13,0,counterfactual,"{""w_0"": 4.32, ""w_1"": 4.36, ""w_2"": 4.4, ""w_3"": 4.37, ""w_4"": 4.48, ""w_5"": 4.47, ""w_6"": 4.49, ""w_7"": 4.61, ""w_8"": 4.57, ""w_9"": 4.59, ""w_10"": 4.59, ""w_11"": 4.54, ""w_12"": 4.59, ""w_13"": 4.59, ""w_14"": 4.59, ""w_15"": 4.6, ""w_16"": 4.6, ""w_17"": 4.6, ""w_18"": 4.5, ""w_19"": 4.44, ""w_20"": 4.3}"
78,100974271034,2021-09-14,0,factual,"{""w_0"": 4.495, ""w_1"": 4.44, ""w_2"": 4.305, ""w_3"": 4.3, ""w_4"": 4.45, ""w_5"": 4.67, ""w_6"": 4.64, ""w_7"": 4.58, ""w_8"": 4.53, ""w_9"": 4.7, ""w_10"": 4.73, ""w_11"": 4.64, ""w_12"": 4.605, ""w_13"": 4.62, ""w_14"": 4.6, ""w_15"": 4.625, ""w_16"": 4.66, ""w_17"": 4.59, ""w_18"": 4.56, ""w_19"": 4.7, ""w_20"": 4.71}"
78,100974271034,2021-09-14,0,counterfactual,"{""w_0"": 4.45, ""w_1"": 4.15, ""w_2"": 4.16, ""w_3"": 4.36, ""w_4"": 4.32, ""w_5"": 4.36, ""w_6"": 4.4, ""w_7"": 4.37, ""w_8"": 4.48, ""w_9"": 4.47, ""w_10"": 4.49, ""w_11"": 4.61, ""w_12"": 4.57, ""w_13"": 4.59, ""w_14"": 4.59, ""w_15"": 4.5, ""w_16"": 4.6, ""w_17"": 4.6, ""w_18"": 4.59, ""w_19"": 4.6, ""w_20"": 4.6}"
79,100974271034,2021-09-15,0,factual,"{""w_0"": 4.44, ""w_1"": 4.305, ""w_2"": 4.3, ""w_3"": 4.45, ""w_4"": 4.67, ""w_5"": 4.64, ""w_6"": 4.58, ""w_7"": 4.53, ""w_8"": 4.7, ""w_9"": 4.73, ""w_10"": 4.64, ""w_11"": 4.605, ""w_12"": 4.62, ""w_13"": 4.6, ""w_14"": 4.625, ""w_15"": 4.66, ""w_16"": 4.59, ""w_17"": 4.56, ""w_18"": 4.7, ""w_19"": 4.71, ""w_20"": 4.8}"
79,100974271034,2021-09-15,0,counterfactual,"{""w_0"": 4.76, ""w_1"": 4.72, ""w_2"": 4.79, ""w_3"": 4.56, ""w_4"": 4.66, ""w_5"": 4.72, ""w_6"": 4.62, ""w_7"": 4.61, ""w_8"": 4.66, ""w_9"": 4.65, ""w_10"": 4.64, ""w_11"": 4.63, ""w_12"": 4.6, ""w_13"": 4.6, ""w_14"": 4.6, ""w_15"": 4.8, ""w_16"": 4.8, ""w_17"": 4.8, ""w_18"": 4.82, ""w_19"": 4.71, ""w_20"": 4.67}"
80,100974271034,2021-09-16,0,factual,"{""w_0"": 4.305, ""w_1"": 4.3, ""w_2"": 4.45, ""w_3"": 4.67, ""w_4"": 4.64, ""w_5"": 4.58, ""w_6"": 4.53, ""w_7"": 4.7, ""w_8"": 4.73, ""w_9"": 4.64, ""w_10"": 4.605, ""w_11"": 4.62, ""w_12"": 4.6, ""w_13"": 4.625, ""w_14"": 4.66, ""w_15"": 4.59, ""w_16"": 4.56, ""w_17"": 4.7, ""w_18"": 4.71, ""w_19"": 4.8, ""w_20"": 4.87}"
80,100974271034,2021-09-16,0,counterfactual,"{""w_0"": 4.72, ""w_1"": 4.79, ""w_2"": 4.56, ""w_3"": 4.66, ""w_4"": 4.72, ""w_5"": 4.62, ""w_6"": 4.61, ""w_7"": 4.66, ""w_8"": 4.65, ""w_9"": 4.64, ""w_10"": 4.63, ""w_11"": 4.6, ""w_12"": 4.6, ""w_13"": 4.6, ""w_14"": 4.8, ""w_15"": 4.8, ""w_16"": 4.8, ""w_17"": 4.82, ""w_18"": 4.71, ""w_19"": 4.67, ""w_20"": 4.55}"
81,100974271034,2021-09-17,0,factual,"{""w_0"": 4.3, ""w_1"": 4.45, ""w_2"": 4.67, ""w_3"": 4.64, ""w_4"": 4.58, ""w_5"": 4.53, ""w_6"": 4.7, ""w_7"": 4.73, ""w_8"": 4.64, ""w_9"": 4.605, ""w_10"": 4.62, ""w_11"": 4.6, ""w_12"": 4.625, ""w_13"": 4.66, ""w_14"": 4.59, ""w_15"": 4.56, ""w_16"": 4.7, ""w_17"": 4.71, ""w_18"": 4.8, ""w_19"": 4.87, ""w_20"": 4.695}"
81,100974271034,2021-09-17,0,counterfactual,"{""w_0"": 4.79, ""w_1"": 4.56, ""w_2"": 4.66, ""w_3"": 4.72, ""w_4"": 4.62, ""w_5"": 4.61, ""w_6"": 4.66, ""w_7"": 4.65, ""w_8"": 4.64, ""w_9"": 4.63, ""w_10"": 4.6, ""w_11"": 4.6, ""w_12"": 4.6, ""w_13"": 4.8, ""w_14"": 4.8, ""w_15"": 4.8, ""w_16"": 4.82, ""w_17"": 4.71, ""w_18"": 4.67, ""w_19"": 4.55, ""w_20"": 4.71}"
82,100974271034,2021-09-20,0,factual,"{""w_0"": 4.45, ""w_1"": 4.67, ""w_2"": 4.64, ""w_3"": 4.58, ""w_4"": 4.53, ""w_5"": 4.7, ""w_6"": 4.73, ""w_7"": 4.64, ""w_8"": 4.605, ""w_9"": 4.62, ""w_10"": 4.6, ""w_11"": 4.625, ""w_12"": 4.66, ""w_13"": 4.59, ""w_14"": 4.56, ""w_15"": 4.7, ""w_16"": 4.71, ""w_17"": 4.8, ""w_18"": 4.87, ""w_19"": 4.695, ""w_20"": 4.575}"
82,100974271034,2021-09-20,0,counterfactual,"{""w_0"": 4.7, ""w_1"": 4.76, ""w_2"": 4.72, ""w_3"": 4.79, ""w_4"": 4.56, ""w_5"": 4.66, ""w_6"": 4.72, ""w_7"": 4.62, ""w_8"": 4.61, ""w_9"": 4.66, ""w_10"": 4.65, ""w_11"": 4.6, ""w_12"": 4.6, ""w_13"": 4.6, ""w_14"": 4.6, ""w_15"": 4.63, ""w_16"": 4.78, ""w_17"": 4.8, ""w_18"": 4.8, ""w_19"": 4.82, ""w_20"": 4.71}"
83,100974271034,2021-09-21,0,factual,"{""w_0"": 4.67, ""w_1"": 4.64, ""w_2"": 4.58, ""w_3"": 4.53, ""w_4"": 4.7, ""w_5"": 4.73, ""w_6"": 4.64, ""w_7"": 4.605, ""w_8"": 4.62, ""w_9"": 4.6, ""w_10"": 4.625, ""w_11"": 4.66, ""w_12"": 4.59, ""w_13"": 4.56, ""w_14"": 4.7, ""w_15"": 4.71, ""w_16"": 4.8, ""w_17"": 4.87, ""w_18"": 4.695, ""w_19"": 4.575, ""w_20"": 4.5}"
83,100974271034,2021-09-21,0,counterfactual,"{""w_0"": 4.76, ""w_1"": 4.72, ""w_2"": 4.79, ""w_3"": 4.56, ""w_4"": 4.66, ""w_5"": 4.72, ""w_6"": 4.62, ""w_7"": 4.61, ""w_8"": 4.66, ""w_9"": 4.65, ""w_10"": 4.6, ""w_11"": 4.6, ""w_12"": 4.6, ""w_13"": 4.6, ""w_14"": 4.63, ""w_15"": 4.78, ""w_16"": 4.8, ""w_17"": 4.8, ""w_18"": 4.82, ""w_19"": 4.71, ""w_20"": 4.67}"
84,100974271034,2021-09-22,0,factual,"{""w_0"": 4.64, ""w_1"": 4.58, ""w_2"": 4.53, ""w_3"": 4.7, ""w_4"": 4.73, ""w_5"": 4.64, ""w_6"": 4.605, ""w_7"": 4.62, ""w_8"": 4.6, ""w_9"": 4.625, ""w_10"": 4.66, ""w_11"": 4.59, ""w_12"": 4.56, ""w_13"": 4.7, ""w_14"": 4.71, ""w_15"": 4.8, ""w_16"": 4.87, ""w_17"": 4.695, ""w_18"": 4.575, ""w_19"": 4.5, ""w_20"": 4.515}"
84,100974271034,2021-09-22,0,counterfactual,"{""w_0"": 4.72, ""w_1"": 4.79, ""w_2"": 4.56, ""w_3"": 4.66, ""w_4"": 4.72, ""w_5"": 4.62, ""w_6"": 4.61, ""w_7"": 4.66, ""w_8"": 4.65, ""w_9"": 4.6, ""w_10"": 4.6, ""w_11"": 4.6, ""w_12"": 4.6, ""w_13"": 4.63, ""w_14"": 4.78, ""w_15"": 4.8, ""w_16"": 4.8, ""w_17"": 4.82, ""w_18"": 4.71, ""w_19"": 4.67, ""w_20"": 4.55}"
85,100974271034,2021-09-23,0,factual,"{""w_0"": 4.58, ""w_1"": 4.53, ""w_2"": 4.7, ""w_3"": 4.73, ""w_4"": 4.64, ""w_5"": 4.605, ""w_6"": 4.62, ""w_7"": 4.6, ""w_8"": 4.625, ""w_9"": 4.66, ""w_10"": 4.59, ""w_11"": 4.56, ""w_12"": 4.7, ""w_13"": 4.71, ""w_14"": 4.8, ""w_15"": 4.87, ""w_16"": 4.695, ""w_17"": 4.575, ""w_18"": 4.5, ""w_19"": 4.515, ""w_20"": 4.33}"
85,100974271034,2021-09-23,0,counterfactual,"{""w_0"": 4.79, ""w_1"": 4.56, ""w_2"": 4.66, ""w_3"": 4.72, ""w_4"": 4.62, ""w_5"": 4.61, ""w_6"": 4.66, ""w_7"": 4.65, ""w_8"": 4.6, ""w_9"": 4.6, ""w_10"": 4.6, ""w_11"": 4.6, ""w_12"": 4.63, ""w_13"": 4.78, ""w_14"": 4.8, ""w_15"": 4.8, ""w_16"": 4.82, ""w_17"": 4.71, ""w_18"": 4.67, ""w_19"": 4.55, ""w_20"": 4.71}"
86,100974271034,2021-09-24,0,factual,"{""w_0"": 4.53, ""w_1"": 4.7, ""w_2"": 4.73, ""w_3"": 4.64, ""w_4"": 4.605, ""w_5"": 4.62, ""w_6"": 4.6, ""w_7"": 4.625, ""w_8"": 4.66, ""w_9"": 4.59, ""w_10"": 4.56, ""w_11"": 4.7, ""w_12"": 4.71, ""w_13"": 4.8, ""w_14"": 4.87, ""w_15"": 4.695, ""w_16"": 4.575, ""w_17"": 4.5, ""w_18"": 4.515, ""w_19"": 4.33, ""w_20"": 4.45}"
86,100974271034,2021-09-24,0,counterfactual,"{""w_0"": 4.36, ""w_1"": 4.4, ""w_2"": 4.37, ""w_3"": 4.48, ""w_4"": 4.47, ""w_5"": 4.49, ""w_6"": 4.61, ""w_7"": 4.6, ""w_8"": 4.6, ""w_9"": 4.6, ""w_10"": 4.54, ""w_11"": 4.59, ""w_12"": 4.59, ""w_13"": 4.59, ""w_14"": 4.6, ""w_15"": 4.6, ""w_16"": 4.59, ""w_17"": 4.49, ""w_18"": 4.44, ""w_19"": 4.3, ""w_20"": 4.3}"
87,100974271034,2021-09-27,0,factual,"{""w_0"": 4.7, ""w_1"": 4.73, ""w_2"": 4.64, ""w_3"": 4.605, ""w_4"": 4.62, ""w_5"": 4.6, ""w_6"": 4.625, ""w_7"": 4.66, ""w_8"": 4.59, ""w_9"": 4.56, ""w_10"": 4.7, ""w_11"": 4.71, ""w_12"": 4.8, ""w_13"": 4.87, ""w_14"": 4.695, ""w_15"": 4.575, ""w_16"": 4.5, ""w_17"": 4.515, ""w_18"": 4.33, ""w_19"": 4.45, ""w_20"": 4.34}"
87,100974271034,2021-09-27,0,counterfactual,"{""w_0"": 4.37, ""w_1"": 4.48, ""w_2"": 4.47, ""w_3"": 4.49, ""w_4"": 4.61, ""w_5"": 4.57, ""w_6"": 4.6, ""w_7"": 4.6, ""w_8"": 4.5, ""w_9"": 4.59, ""w_10"": 4.59, ""w_11"": 4.59, ""w_12"": 4.6, ""w_13"": 4.6, ""w_14"": 4.59, ""w_15"": 4.49, ""w_16"": 4.44, ""w_17"": 4.3, ""w_18"": 4.3, ""w_19"": 4.45, ""w_20"": 4.67}"
88,100974271034,2021-09-28,0,factual,"{""w_0"": 4.73, ""w_1"": 4.64, ""w_2"": 4.605, ""w_3"": 4.62, ""w_4"": 4.6, ""w_5"": 4.625, ""w_6"": 4.66, ""w_7"": 4.59, ""w_8"": 4.56, ""w_9"": 4.7, ""w_10"": 4.71, ""w_11"": 4.8, ""w_12"": 4.87, ""w_13"": 4.695, ""w_14"": 4.575, ""w_15"": 4.5, ""w_16"": 4.515, ""w_17"": 4.33, ""w_18"": 4.45, ""w_19"": 4.34, ""w_20"": 4.27}"
88,100974271034,2021-09-28,0,counterfactual,"{""w_0"": 4.37, ""w_1"": 4.48, ""w_2"": 4.47, ""w_3"": 4.49, ""w_4"": 4.61, ""w_5"": 4.6, ""w_6"": 4.6, ""w_7"": 4.6, ""w_8"": 4.54, ""w_9"": 4.59, ""w_10"": 4.59, ""w_11"": 4.59, ""w_12"": 4.6, ""w_13"": 4.6, ""w_14"": 4.59, ""w_15"": 4.49, ""w_16"": 4.44, ""w_17"": 4.3, ""w_18"": 4.3, ""w_19"": 4.45, ""w_20"": 4.67}"
89,100974271034,2021-09-29,0,factual,"{""w_0"": 4.64, ""w_1"": 4.605, ""w_2"": 4.62, ""w_3"": 4.6, ""w_4"": 4.625, ""w_5"": 4.66, ""w_6"": 4.59, ""w_7"": 4.56, ""w_8"": 4.7, ""w_9"": 4.71, ""w_10"": 4.8, ""w_11"": 4.87, ""w_12"": 4.695, ""w_13"": 4.575, ""w_14"": 4.5, ""w_15"": 4.515, ""w_16"": 4.33, ""w_17"": 4.45, ""w_18"": 4.34, ""w_19"": 4.27, ""w_20"": 4.31}"
89,100974271034,2021-09-29,0,counterfactual,"{""w_0"": 4.37, ""w_1"": 4.48, ""w_2"": 4.47, ""w_3"": 4.49, ""w_4"": 4.6, ""w_5"": 4.6, ""w_6"": 4.6, ""w_7"": 4.59, ""w_8"": 4.54, ""w_9"": 4.59, ""w_10"": 4.59, ""w_11"": 4.59, ""w_12"": 4.6, ""w_13"": 4.6, ""w_14"": 4.59, ""w_15"": 4.49, ""w_16"": 4.44, ""w_17"": 4.3, ""w_18"": 4.3, ""w_19"": 4.45, ""w_20"": 4.67}"
90,100974271034,2021-09-30,0,factual,"{""w_0"": 4.605, ""w_1"": 4.62, ""w_2"": 4.6, ""w_3"": 4.625, ""w_4"": 4.66, ""w_5"": 4.59, ""w_6"": 4.56, ""w_7"": 4.7, ""w_8"": 4.71, ""w_9"": 4.8, ""w_10"": 4.87, ""w_11"": 4.695, ""w_12"": 4.575, ""w_13"": 4.5, ""w_14"": 4.515, ""w_15"": 4.33, ""w_16"": 4.45, ""w_17"": 4.34, ""w_18"": 4.27, ""w_19"": 4.31, ""w_20"": 4.15}"
90,100974271034,2021-09-30,0,counterfactual,"{""w_0"": 4.55, ""w_1"": 4.71, ""w_2"": 4.5, ""w_3"": 4.4, ""w_4"": 4.5, ""w_5"": 4.5, ""w_6"": 4.5, ""w_7"": 4.4, ""w_8"": 4.44, ""w_9"": 4.51, ""w_10"": 4.47, ""w_11"": 4.48, ""w_12"": 4.59, ""w_13"": 4.64, ""w_14"": 4.43, ""w_15"": 4.54, ""w_16"": 4.45, ""w_17"": 4.49, ""w_18"": 4.44, ""w_19"": 4.46, ""w_20"": 4.45}"
91,100974271034,2021-10-01,0,factual,"{""w_0"": 4.62, ""w_1"": 4.6, ""w_2"": 4.625, ""w_3"": 4.66, ""w_4"": 4.59, ""w_5"": 4.56, ""w_6"": 4.7, ""w_7"": 4.71, ""w_8"": 4.8, ""w_9"": 4.87, ""w_10"": 4.695, ""w_11"": 4.575, ""w_12"": 4.5, ""w_13"": 4.515, ""w_14"": 4.33, ""w_15"": 4.45, ""w_16"": 4.34, ""w_17"": 4.27, ""w_18"": 4.31, ""w_19"": 4.15, ""w_20"": 4.31}"
91,100974271034,2021-10-01,0,counterfactual,"{""w_0"": 4.45, ""w_1"": 4.52, ""w_2"": 4.2, ""w_3"": 4.5, ""w_4"": 4.4, ""w_5"": 4.44, ""w_6"": 4.51, ""w_7"": 4.43, ""w_8"": 4.48, ""w_9"": 4.59, ""w_10"": 4.43, ""w_11"": 4.43, ""w_12"": 4.15, ""w_13"": 4.49, ""w_14"": 4.44, ""w_15"": 4.46, ""w_16"": 4.15, ""w_17"": 4.15, ""w_18"": 4.15, ""w_19"": 4.15, ""w_20"": 4.37}"
92,100974271034,2021-10-04,0,factual,"{""w_0"": 4.6, ""w_1"": 4.625, ""w_2"": 4.66, ""w_3"": 4.59, ""w_4"": 4.56, ""w_5"": 4.7, ""w_6"": 4.71, ""w_7"": 4.8, ""w_8"": 4.87, ""w_9"": 4.695, ""w_10"": 4.575, ""w_11"": 4.5, ""w_12"": 4.515, ""w_13"": 4.33, ""w_14"": 4.45, ""w_15"": 4.34, ""w_16"": 4.27, ""w_17"": 4.31, ""w_18"": 4.15, ""w_19"": 4.31, ""w_20"": 4.345}"
92,100974271034,2021-10-04,0,counterfactual,"{""w_0"": 4.45, ""w_1"": 4.5, ""w_2"": 4.5, ""w_3"": 4.5, ""w_4"": 4.4, ""w_5"": 4.44, ""w_6"": 4.51, ""w_7"": 4.47, ""w_8"": 4.48, ""w_9"": 4.59, ""w_10"": 4.64, ""w_11"": 4.43, ""w_12"": 4.54, ""w_13"": 4.45, ""w_14"": 4.49, ""w_15"": 4.44, ""w_16"": 4.46, ""w_17"": 4.45, ""w_18"": 4.15, ""w_19"": 4.16, ""w_20"": 4.36}"
93,100974271034,2021-10-05,0,factual,"{""w_0"": 4.625, ""w_1"": 4.66, ""w_2"": 4.59, ""w_3"": 4.56, ""w_4"": 4.7, ""w_5"": 4.71, ""w_6"": 4.8, ""w_7"": 4.87, ""w_8"": 4.695, ""w_9"": 4.575, ""w_10"": 4.5, ""w_11"": 4.515, ""w_12"": 4.33, ""w_13"": 4.45, ""w_14"": 4.34, ""w_15"": 4.27, ""w_16"": 4.31, ""w_17"": 4.15, ""w_18"": 4.31, ""w_19"": 4.345, ""w_20"": 4.41}"
93,100974271034,2021-10-05,0,counterfactual,"{""w_0"": 4.5, ""w_1"": 4.5, ""w_2"": 4.5, ""w_3"": 4.4, ""w_4"": 4.44, ""w_5"": 4.51, ""w_6"": 4.47, ""w_7"": 4.48, ""w_8"": 4.59, ""w_9"": 4.64, ""w_10"": 4.43, ""w_11"": 4.54, ""w_12"": 4.45, ""w_13"": 4.49, ""w_14"": 4.44, ""w_15"": 4.46, ""w_16"": 4.45, ""w_17"": 4.15, ""w_18"": 4.16, ""w_19"": 4.36, ""w_20"": 4.32}"
94,100974271034,2021-10-06,0,factual,"{""w_0"": 4.66, ""w_1"": 4.59, ""w_2"": 4.56, ""w_3"": 4.7, ""w_4"": 4.71, ""w_5"": 4.8, ""w_6"": 4.87, ""w_7"": 4.695, ""w_8"": 4.575, ""w_9"": 4.5, ""w_10"": 4.515, ""w_11"": 4.33, ""w_12"": 4.45, ""w_13"": 4.34, ""w_14"": 4.27, ""w_15"": 4.31, ""w_16"": 4.15, ""w_17"": 4.31, ""w_18"": 4.345, ""w_19"": 4.41, ""w_20"": 4.31}"
94,100974271034,2021-10-06,0,counterfactual,"{""w_0"": 4.5, ""w_1"": 4.5, ""w_2"": 4.4, ""w_3"": 4.44, ""w_4"": 4.51, ""w_5"": 4.47, ""w_6"": 4.48, ""w_7"": 4.59, ""w_8"": 4.64, ""w_9"": 4.43, ""w_10"": 4.54, ""w_11"": 4.45, ""w_12"": 4.49, ""w_13"": 4.44, ""w_14"": 4.46, ""w_15"": 4.45, ""w_16"": 4.15, ""w_17"": 4.16, ""w_18"": 4.36, ""w_19"": 4.32, ""w_20"": 4.36}"
95,100974271034,2021-10-07,0,factual,"{""w_0"": 4.59, ""w_1"": 4.56, ""w_2"": 4.7, ""w_3"": 4.71, ""w_4"": 4.8, ""w_5"": 4.87, ""w_6"": 4.695, ""w_7"": 4.575, ""w_8"": 4.5, ""w_9"": 4.515, ""w_10"": 4.33, ""w_11"": 4.45, ""w_12"": 4.34, ""w_13"": 4.27, ""w_14"": 4.31, ""w_15"": 4.15, ""w_16"": 4.31, ""w_17"": 4.345, ""w_18"": 4.41, ""w_19"": 4.31, ""w_20"": 4.5}"
95,100974271034,2021-10-07,0,counterfactual,"{""w_0"": 4.5, ""w_1"": 4.4, ""w_2"": 4.44, ""w_3"": 4.51, ""w_4"": 4.47, ""w_5"": 4.48, ""w_6"": 4.59, ""w_7"": 4.64, ""w_8"": 4.43, ""w_9"": 4.54, ""w_10"": 4.45, ""w_11"": 4.49, ""w_12"": 4.44, ""w_13"": 4.46, ""w_14"": 4.45, ""w_15"": 4.15, ""w_16"": 4.16, ""w_17"": 4.36, ""w_18"": 4.32, ""w_19"": 4.36, ""w_20"": 4.4}"
96,100974271034,2021-10-08,0,factual,"{""w_0"": 4.56, ""w_1"": 4.7, ""w_2"": 4.71, ""w_3"": 4.8, ""w_4"": 4.87, ""w_5"": 4.695, ""w_6"": 4.575, ""w_7"": 4.5, ""w_8"": 4.515, ""w_9"": 4.33, ""w_10"": 4.45, ""w_11"": 4.34, ""w_12"": 4.27, ""w_13"": 4.31, ""w_14"": 4.15, ""w_15"": 4.31, ""w_16"": 4.345, ""w_17"": 4.41, ""w_18"": 4.31, ""w_19"": 4.5, ""w_20"": 4.56}"
96,100974271034,2021-10-08,0,counterfactual,"{""w_0"": 4.66, ""w_1"": 4.59, ""w_2"": 4.56, ""w_3"": 4.7, ""w_4"": 4.71, ""w_5"": 4.8, ""w_6"": 4.87, ""w_7"": 4.7, ""w_8"": 4.57, ""w_9"": 4.5, ""w_10"": 4.51, ""w_11"": 4.33, ""w_12"": 4.45, ""w_13"": 4.34, ""w_14"": 4.27, ""w_15"": 4.31, ""w_16"": 4.15, ""w_17"": 4.31, ""w_18"": 4.34, ""w_19"": 4.41, ""w_20"": 4.31}"
97,100974271034,2021-10-11,0,factual,"{""w_0"": 4.7, ""w_1"": 4.71, ""w_2"": 4.8, ""w_3"": 4.87, ""w_4"": 4.695, ""w_5"": 4.575, ""w_6"": 4.5, ""w_7"": 4.515, ""w_8"": 4.33, ""w_9"": 4.45, ""w_10"": 4.34, ""w_11"": 4.27, ""w_12"": 4.31, ""w_13"": 4.15, ""w_14"": 4.31, ""w_15"": 4.345, ""w_16"": 4.41, ""w_17"": 4.31, ""w_18"": 4.5, ""w_19"": 4.56, ""w_20"": 4.545}"
97,100974271034,2021-10-11,0,counterfactual,"{""w_0"": 4.59, ""w_1"": 4.56, ""w_2"": 4.7, ""w_3"": 4.71, ""w_4"": 4.8, ""w_5"": 4.87, ""w_6"": 4.7, ""w_7"": 4.57, ""w_8"": 4.5, ""w_9"": 4.51, ""w_10"": 4.33, ""w_11"": 4.45, ""w_12"": 4.34, ""w_13"": 4.27, ""w_14"": 4.31, ""w_15"": 4.15, ""w_16"": 4.31, ""w_17"": 4.34, ""w_18"": 4.41, ""w_19"": 4.31, ""w_20"": 4.5}"
98,100974271034,2021-10-12,0,factual,"{""w_0"": 4.71, ""w_1"": 4.8, ""w_2"": 4.87, ""w_3"": 4.695, ""w_4"": 4.575, ""w_5"": 4.5, ""w_6"": 4.515, ""w_7"": 4.33, ""w_8"": 4.45, ""w_9"": 4.34, ""w_10"": 4.27, ""w_11"": 4.31, ""w_12"": 4.15, ""w_13"": 4.31, ""w_14"": 4.345, ""w_15"": 4.41, ""w_16"": 4.31, ""w_17"": 4.5, ""w_18"": 4.56, ""w_19"": 4.545, ""w_20"": 4.5}"
98,100974271034,2021-10-12,0,counterfactual,"{""w_0"": 4.59, ""w_1"": 4.56, ""w_2"": 4.7, ""w_3"": 4.71, ""w_4"": 4.8, ""w_5"": 4.87, ""w_6"": 4.7, ""w_7"": 4.57, ""w_8"": 4.5, ""w_9"": 4.51, ""w_10"": 4.33, ""w_11"": 4.45, ""w_12"": 4.34, ""w_13"": 4.27, ""w_14"": 4.31, ""w_15"": 4.15, ""w_16"": 4.31, ""w_17"": 4.34, ""w_18"": 4.41, ""w_19"": 4.31, ""w_20"": 4.5}"
99,100974271034,2021-10-13,0,factual,"{""w_0"": 4.8, ""w_1"": 4.87, ""w_2"": 4.695, ""w_3"": 4.575, ""w_4"": 4.5, ""w_5"": 4.515, ""w_6"": 4.33, ""w_7"": 4.45, ""w_8"": 4.34, ""w_9"": 4.27, ""w_10"": 4.31, ""w_11"": 4.15, ""w_12"": 4.31, ""w_13"": 4.345, ""w_14"": 4.41, ""w_15"": 4.31, ""w_16"": 4.5, ""w_17"": 4.56, ""w_18"": 4.545, ""w_19"": 4.5, ""w_20"": 4.46}"
99,100974271034,2021-10-13,0,counterfactual,"{""w_0"": 4.56, ""w_1"": 4.7, ""w_2"": 4.71, ""w_3"": 4.8, ""w_4"": 4.87, ""w_5"": 4.7, ""w_6"": 4.57, ""w_7"": 4.5, ""w_8"": 4.51, ""w_9"": 4.33, ""w_10"": 4.45, ""w_11"": 4.34, ""w_12"": 4.27, ""w_13"": 4.31, ""w_14"": 4.15, ""w_15"": 4.31, ""w_16"": 4.34, ""w_17"": 4.41, ""w_18"": 4.31, ""w_19"": 4.5, ""w_20"": 4.56}"
100,100974271034,2021-10-14,0,factual,"{""w_0"": 4.87, ""w_1"": 4.695, ""w_2"": 4.575, ""w_3"": 4.5, ""w_4"": 4.515, ""w_5"": 4.33, ""w_6"": 4.45, ""w_7"": 4.34, ""w_8"": 4.27, ""w_9"": 4.31, ""w_10"": 4.15, ""w_11"": 4.31, ""w_12"": 4.345, ""w_13"": 4.41, ""w_14"": 4.31, ""w_15"": 4.5, ""w_16"": 4.56, ""w_17"": 4.545, ""w_18"": 4.5, ""w_19"": 4.46, ""w_20"": 4.42}"
100,100974271034,2021-10-14,0,counterfactual,"{""w_0"": 4.7, ""w_1"": 4.71, ""w_2"": 4.8, ""w_3"": 4.87, ""w_4"": 4.7, ""w_5"": 4.57, ""w_6"": 4.5, ""w_7"": 4.51, ""w_8"": 4.33, ""w_9"": 4.45, ""w_10"": 4.34, ""w_11"": 4.27, ""w_12"": 4.31, ""w_13"": 4.15, ""w_14"": 4.31, ""w_15"": 4.34, ""w_16"": 4.41, ""w_17"": 4.31, ""w_18"": 4.5, ""w_19"": 4.56, ""w_20"": 4.55}"
101,100974271034,2021-10-15,0,factual,"{""w_0"": 4.695, ""w_1"": 4.575, ""w_2"": 4.5, ""w_3"": 4.515, ""w_4"": 4.33, ""w_5"": 4.45, ""w_6"": 4.34, ""w_7"": 4.27, ""w_8"": 4.31, ""w_9"": 4.15, ""w_10"": 4.31, ""w_11"": 4.345, ""w_12"": 4.41, ""w_13"": 4.31, ""w_14"": 4.5, ""w_15"": 4.56, ""w_16"": 4.545, ""w_17"": 4.5, ""w_18"": 4.46, ""w_19"": 4.42, ""w_20"": 4.465}"
101,100974271034,2021-10-15,0,counterfactual,"{""w_0"": 4.59, ""w_1"": 4.64, ""w_2"": 4.43, ""w_3"": 4.54, ""w_4"": 4.45, ""w_5"": 4.49, ""w_6"": 4.44, ""w_7"": 4.46, ""w_8"": 4.45, ""w_9"": 4.15, ""w_10"": 4.16, ""w_11"": 4.36, ""w_12"": 4.32, ""w_13"": 4.36, ""w_14"": 4.4, ""w_15"": 4.37, ""w_16"": 4.48, ""w_17"": 4.47, ""w_18"": 4.49, ""w_19"": 4.61, ""w_20"": 4.57}"
102,100974271034,2021-10-18,0,factual,"{""w_0"": 4.575, ""w_1"": 4.5, ""w_2"": 4.515, ""w_3"": 4.33, ""w_4"": 4.45, ""w_5"": 4.34, ""w_6"": 4.27, ""w_7"": 4.31, ""w_8"": 4.15, ""w_9"": 4.31, ""w_10"": 4.345, ""w_11"": 4.41, ""w_12"": 4.31, ""w_13"": 4.5, ""w_14"": 4.56, ""w_15"": 4.545, ""w_16"": 4.5, ""w_17"": 4.46, ""w_18"": 4.42, ""w_19"": 4.465, ""w_20"": 4.36}"
102,100974271034,2021-10-18,0,counterfactual,"{""w_0"": 4.8, ""w_1"": 4.87, ""w_2"": 4.7, ""w_3"": 4.57, ""w_4"": 4.5, ""w_5"": 4.51, ""w_6"": 4.33, ""w_7"": 4.45, ""w_8"": 4.34, ""w_9"": 4.27, ""w_10"": 4.31, ""w_11"": 4.15, ""w_12"": 4.31, ""w_13"": 4.34, ""w_14"": 4.41, ""w_15"": 4.31, ""w_16"": 4.5, ""w_17"": 4.56, ""w_18"": 4.55, ""w_19"": 4.5, ""w_20"": 4.46}"
103,100974271034,2021-10-19,0,factual,"{""w_0"": 4.5, ""w_1"": 4.515, ""w_2"": 4.33, ""w_3"": 4.45, ""w_4"": 4.34, ""w_5"": 4.27, ""w_6"": 4.31, ""w_7"": 4.15, ""w_8"": 4.31, ""w_9"": 4.345, ""w_10"": 4.41, ""w_11"": 4.31, ""w_12"": 4.5, ""w_13"": 4.56, ""w_14"": 4.545, ""w_15"": 4.5, ""w_16"": 4.46, ""w_17"": 4.42, ""w_18"": 4.465, ""w_19"": 4.36, ""w_20"": 4.415}"
103,100974271034,2021-10-19,0,counterfactual,"{""w_0"": 4.87, ""w_1"": 4.7, ""w_2"": 4.57, ""w_3"": 4.5, ""w_4"": 4.51, ""w_5"": 4.33, ""w_6"": 4.45, ""w_7"": 4.34, ""w_8"": 4.27, ""w_9"": 4.31, ""w_10"": 4.15, ""w_11"": 4.31, ""w_12"": 4.34, ""w_13"": 4.41, ""w_14"": 4.31, ""w_15"": 4.5, ""w_16"": 4.56, ""w_17"": 4.55, ""w_18"": 4.5, ""w_19"": 4.46, ""w_20"": 4.42}"
104,100974271034,2021-10-20,0,factual,"{""w_0"": 4.515, ""w_1"": 4.33, ""w_2"": 4.45, ""w_3"": 4.34, ""w_4"": 4.27, ""w_5"": 4.31, ""w_6"": 4.15, ""w_7"": 4.31, ""w_8"": 4.345, ""w_9"": 4.41, ""w_10"": 4.31, ""w_11"": 4.5, ""w_12"": 4.56, ""w_13"": 4.545, ""w_14"": 4.5, ""w_15"": 4.46, ""w_16"": 4.42, ""w_17"": 4.465, ""w_18"": 4.36, ""w_19"": 4.415, ""w_20"": 4.44}"
104,100974271034,2021-10-20,0,counterfactual,"{""w_0"": 4.7, ""w_1"": 4.57, ""w_2"": 4.5, ""w_3"": 4.51, ""w_4"": 4.33, ""w_5"": 4.45, ""w_6"": 4.34, ""w_7"": 4.27, ""w_8"": 4.31, ""w_9"": 4.15, ""w_10"": 4.31, ""w_11"": 4.34, ""w_12"": 4.41, ""w_13"": 4.31, ""w_14"": 4.5, ""w_15"": 4.56, ""w_16"": 4.55, ""w_17"": 4.5, ""w_18"": 4.46, ""w_19"": 4.42, ""w_20"": 4.47}"
105,100974271034,2021-10-21,0,factual,"{""w_0"": 4.33, ""w_1"": 4.45, ""w_2"": 4.34, ""w_3"": 4.27, ""w_4"": 4.31, ""w_5"": 4.15, ""w_6"": 4.31, ""w_7"": 4.345, ""w_8"": 4.41, ""w_9"": 4.31, ""w_10"": 4.5, ""w_11"": 4.56, ""w_12"": 4.545, ""w_13"": 4.5, ""w_14"": 4.46, ""w_15"": 4.42, ""w_16"": 4.465, ""w_17"": 4.36, ""w_18"": 4.415, ""w_19"": 4.44, ""w_20"": 4.45}"
105,100974271034,2021-10-21,0,counterfactual,"{""w_0"": 4.5, ""w_1"": 4.51, ""w_2"": 4.33, ""w_3"": 4.45, ""w_4"": 4.34, ""w_5"": 4.27, ""w_6"": 4.31, ""w_7"": 4.15, ""w_8"": 4.31, ""w_9"": 4.34, ""w_10"": 4.41, ""w_11"": 4.31, ""w_12"": 4.5, ""w_13"": 4.56, ""w_14"": 4.55, ""w_15"": 4.5, ""w_16"": 4.46, ""w_17"": 4.42, ""w_18"": 4.47, ""w_19"": 4.36, ""w_20"": 4.41}"
106,100974271034,2021-10-22,0,factual,"{""w_0"": 4.45, ""w_1"": 4.34, ""w_2"": 4.27, ""w_3"": 4.31, ""w_4"": 4.15, ""w_5"": 4.31, ""w_6"": 4.345, ""w_7"": 4.41, ""w_8"": 4.31, ""w_9"": 4.5, ""w_10"": 4.56, ""w_11"": 4.545, ""w_12"": 4.5, ""w_13"": 4.46, ""w_14"": 4.42, ""w_15"": 4.465, ""w_16"": 4.36, ""w_17"": 4.415, ""w_18"": 4.44, ""w_19"": 4.45, ""w_20"": 4.42}"
106,100974271034,2021-10-22,0,counterfactual,"{""w_0"": 4.15, ""w_1"": 4.44, ""w_2"": 4.44, ""w_3"": 4.47, ""w_4"": 4.15, ""w_5"": 4.15, ""w_6"": 4.15, ""w_7"": 4.64, ""w_8"": 4.43, ""w_9"": 4.15, ""w_10"": 4.15, ""w_11"": 4.49, ""w_12"": 4.15, ""w_13"": 4.46, ""w_14"": 4.45, ""w_15"": 4.16, ""w_16"": 4.36, ""w_17"": 4.15, ""w_18"": 4.36, ""w_19"": 4.15, ""w_20"": 4.37}"
107,100974271034,2021-10-25,0,factual,"{""w_0"": 4.34, ""w_1"": 4.27, ""w_2"": 4.31, ""w_3"": 4.15, ""w_4"": 4.31, ""w_5"": 4.345, ""w_6"": 4.41, ""w_7"": 4.31, ""w_8"": 4.5, ""w_9"": 4.56, ""w_10"": 4.545, ""w_11"": 4.5, ""w_12"": 4.46, ""w_13"": 4.42, ""w_14"": 4.465, ""w_15"": 4.36, ""w_16"": 4.415, ""w_17"": 4.44, ""w_18"": 4.45, ""w_19"": 4.42, ""w_20"": 4.38}"
107,100974271034,2021-10-25,0,counterfactual,"{""w_0"": 4.4, ""w_1"": 4.44, ""w_2"": 4.51, ""w_3"": 4.47, ""w_4"": 4.48, ""w_5"": 4.59, ""w_6"": 4.64, ""w_7"": 4.43, ""w_8"": 4.54, ""w_9"": 4.45, ""w_10"": 4.49, ""w_11"": 4.44, ""w_12"": 4.46, ""w_13"": 4.45, ""w_14"": 4.15, ""w_15"": 4.16, ""w_16"": 4.36, ""w_17"": 4.32, ""w_18"": 4.36, ""w_19"": 4.4, ""w_20"": 4.37}"
108,100974271034,2021-10-26,0,factual,"{""w_0"": 4.27, ""w_1"": 4.31, ""w_2"": 4.15, ""w_3"": 4.31, ""w_4"": 4.345, ""w_5"": 4.41, ""w_6"": 4.31, ""w_7"": 4.5, ""w_8"": 4.56, ""w_9"": 4.545, ""w_10"": 4.5, ""w_11"": 4.46, ""w_12"": 4.42, ""w_13"": 4.465, ""w_14"": 4.36, ""w_15"": 4.415, ""w_16"": 4.44, ""w_17"": 4.45, ""w_18"": 4.42, ""w_19"": 4.38, ""w_20"": 4.5}"
108,100974271034,2021-10-26,0,counterfactual,"{""w_0"": 4.33, ""w_1"": 4.45, ""w_2"": 4.34, ""w_3"": 4.27, ""w_4"": 4.31, ""w_5"": 4.15, ""w_6"": 4.31, ""w_7"": 4.34, ""w_8"": 4.41, ""w_9"": 4.31, ""w_10"": 4.5, ""w_11"": 4.56, ""w_12"": 4.55, ""w_13"": 4.5, ""w_14"": 4.46, ""w_15"": 4.42, ""w_16"": 4.47, ""w_17"": 4.36, ""w_18"": 4.41, ""w_19"": 4.44, ""w_20"": 4.45}"
109,100974271034,2021-10-27,0,factual,"{""w_0"": 4.31, ""w_1"": 4.15, ""w_2"": 4.31, ""w_3"": 4.345, ""w_4"": 4.41, ""w_5"": 4.31, ""w_6"": 4.5, ""w_7"": 4.56, ""w_8"": 4.545, ""w_9"": 4.5, ""w_10"": 4.46, ""w_11"": 4.42, ""w_12"": 4.465, ""w_13"": 4.36, ""w_14"": 4.415, ""w_15"": 4.44, ""w_16"": 4.45, ""w_17"": 4.42, ""w_18"": 4.38, ""w_19"": 4.5, ""w_20"": 4.48}"
109,100974271034,2021-10-27,0,counterfactual,"{""w_0"": 4.15, ""w_1"": 4.15, ""w_2"": 4.31, ""w_3"": 4.27, ""w_4"": 4.15, ""w_5"": 4.31, ""w_6"": 4.41, ""w_7"": 4.31, ""w_8"": 4.15, ""w_9"": 4.15, ""w_10"": 4.15, ""w_11"": 4.56, ""w_12"": 4.46, ""w_13"": 4.5, ""w_14"": 4.15, ""w_15"": 4.15, ""w_16"": 4.15, ""w_17"": 4.41, ""w_18"": 4.4, ""w_19"": 4.45, ""w_20"": 4.5}"
110,100974271034,2021-10-28,0,factual,"{""w_0"": 4.15, ""w_1"": 4.31, ""w_2"": 4.345, ""w_3"": 4.41, ""w_4"": 4.31, ""w_5"": 4.5, ""w_6"": 4.56, ""w_7"": 4.545, ""w_8"": 4.5, ""w_9"": 4.46, ""w_10"": 4.42, ""w_11"": 4.465, ""w_12"": 4.36, ""w_13"": 4.415, ""w_14"": 4.44, ""w_15"": 4.45, ""w_16"": 4.42, ""w_17"": 4.38, ""w_18"": 4.5, ""w_19"": 4.48, ""w_20"": 4.446}"
110,100974271034,2021-10-28,0,counterfactual,"{""w_0"": 4.34, ""w_1"": 4.27, ""w_2"": 4.31, ""w_3"": 4.15, ""w_4"": 4.31, ""w_5"": 4.34, ""w_6"": 4.41, ""w_7"": 4.31, ""w_8"": 4.5, ""w_9"": 4.56, ""w_10"": 4.55, ""w_11"": 4.5, ""w_12"": 4.46, ""w_13"": 4.42, ""w_14"": 4.47, ""w_15"": 4.36, ""w_16"": 4.41, ""w_17"": 4.44, ""w_18"": 4.45, ""w_19"": 4.4, ""w_20"": 4.4}"
111,100974271034,2021-10-29,0,factual,"{""w_0"": 4.31, ""w_1"": 4.345, ""w_2"": 4.41, ""w_3"": 4.31, ""w_4"": 4.5, ""w_5"": 4.56, ""w_6"": 4.545, ""w_7"": 4.5, ""w_8"": 4.46, ""w_9"": 4.42, ""w_10"": 4.465, ""w_11"": 4.36, ""w_12"": 4.415, ""w_13"": 4.44, ""w_14"": 4.45, ""w_15"": 4.42, ""w_16"": 4.38, ""w_17"": 4.5, ""w_18"": 4.48, ""w_19"": 4.446, ""w_20"": 4.38}"
111,100974271034,2021-10-29,0,counterfactual,"{""w_0"": 4.34, ""w_1"": 4.27, ""w_2"": 4.15, ""w_3"": 4.31, ""w_4"": 4.34, ""w_5"": 4.34, ""w_6"": 4.41, ""w_7"": 4.5, ""w_8"": 4.56, ""w_9"": 4.56, ""w_10"": 4.55, ""w_11"": 4.5, ""w_12"": 4.42, ""w_13"": 4.42, ""w_14"": 4.36, ""w_15"": 4.41, ""w_16"": 4.44, ""w_17"": 4.45, ""w_18"": 4.4, ""w_19"": 4.2, ""w_20"": 4.4}"
112,100974271034,2021-11-01,0,factual,"{""w_0"": 4.345, ""w_1"": 4.41, ""w_2"": 4.31, ""w_3"": 4.5, ""w_4"": 4.56, ""w_5"": 4.545, ""w_6"": 4.5, ""w_7"": 4.46, ""w_8"": 4.42, ""w_9"": 4.465, ""w_10"": 4.36, ""w_11"": 4.415, ""w_12"": 4.44, ""w_13"": 4.45, ""w_14"": 4.42, ""w_15"": 4.38, ""w_16"": 4.5, ""w_17"": 4.48, ""w_18"": 4.446, ""w_19"": 4.38, ""w_20"": 4.455}"
112,100974271034,2021-11-01,0,counterfactual,"{""w_0"": 4.31, ""w_1"": 4.15, ""w_2"": 4.31, ""w_3"": 4.34, ""w_4"": 4.41, ""w_5"": 4.31, ""w_6"": 4.5, ""w_7"": 4.56, ""w_8"": 4.55, ""w_9"": 4.5, ""w_10"": 4.46, ""w_11"": 4.42, ""w_12"": 4.47, ""w_13"": 4.36, ""w_14"": 4.41, ""w_15"": 4.44, ""w_16"": 4.45, ""w_17"": 4.4, ""w_18"": 4.4, ""w_19"": 4.5, ""w_20"": 4.5}"
113,100974271034,2021-11-02,0,factual,"{""w_0"": 4.41, ""w_1"": 4.31, ""w_2"": 4.5, ""w_3"": 4.56, ""w_4"": 4.545, ""w_5"": 4.5, ""w_6"": 4.46, ""w_7"": 4.42, ""w_8"": 4.465, ""w_9"": 4.36, ""w_10"": 4.415, ""w_11"": 4.44, ""w_12"": 4.45, ""w_13"": 4.42, ""w_14"": 4.38, ""w_15"": 4.5, ""w_16"": 4.48, ""w_17"": 4.446, ""w_18"": 4.38, ""w_19"": 4.455, ""w_20"": 4.46}"
113,100974271034,2021-11-02,0,counterfactual,"{""w_0"": 4.15, ""w_1"": 4.31, ""w_2"": 4.34, ""w_3"": 4.41, ""w_4"": 4.31, ""w_5"": 4.5, ""w_6"": 4.56, ""w_7"": 4.55, ""w_8"": 4.5, ""w_9"": 4.46, ""w_10"": 4.42, ""w_11"": 4.47, ""w_12"": 4.36, ""w_13"": 4.41, ""w_14"": 4.44, ""w_15"": 4.45, ""w_16"": 4.4, ""w_17"": 4.4, ""w_18"": 4.5, ""w_19"": 4.5, ""w_20"": 4.4}"
114,100974271034,2021-11-03,0,factual,"{""w_0"": 4.31, ""w_1"": 4.5, ""w_2"": 4.56, ""w_3"": 4.545, ""w_4"": 4.5, ""w_5"": 4.46, ""w_6"": 4.42, ""w_7"": 4.465, ""w_8"": 4.36, ""w_9"": 4.415, ""w_10"": 4.44, ""w_11"": 4.45, ""w_12"": 4.42, ""w_13"": 4.38, ""w_14"": 4.5, ""w_15"": 4.48, ""w_16"": 4.446, ""w_17"": 4.38, ""w_18"": 4.455, ""w_19"": 4.46, ""w_20"": 4.47}"
114,100974271034,2021-11-03,0,counterfactual,"{""w_0"": 4.31, ""w_1"": 4.34, ""w_2"": 4.41, ""w_3"": 4.31, ""w_4"": 4.5, ""w_5"": 4.56, ""w_6"": 4.55, ""w_7"": 4.5, ""w_8"": 4.46, ""w_9"": 4.42, ""w_10"": 4.47, ""w_11"": 4.36, ""w_12"": 4.41, ""w_13"": 4.44, ""w_14"": 4.45, ""w_15"": 4.4, ""w_16"": 4.4, ""w_17"": 4.5, ""w_18"": 4.5, ""w_19"": 4.4, ""w_20"": 4.4}"
115,100974271034,2021-11-04,0,factual,"{""w_0"": 4.5, ""w_1"": 4.56, ""w_2"": 4.545, ""w_3"": 4.5, ""w_4"": 4.46, ""w_5"": 4.42, ""w_6"": 4.465, ""w_7"": 4.36, ""w_8"": 4.415, ""w_9"": 4.44, ""w_10"": 4.45, ""w_11"": 4.42, ""w_12"": 4.38, ""w_13"": 4.5, ""w_14"": 4.48, ""w_15"": 4.446, ""w_16"": 4.38, ""w_17"": 4.455, ""w_18"": 4.46, ""w_19"": 4.47, ""w_20"": 4.44}"
115,100974271034,2021-11-04,0,counterfactual,"{""w_0"": 4.67, ""w_1"": 4.55, ""w_2"": 4.71, ""w_3"": 4.5, ""w_4"": 4.45, ""w_5"": 4.52, ""w_6"": 4.47, ""w_7"": 4.5, ""w_8"": 4.4, ""w_9"": 4.44, ""w_10"": 4.51, ""w_11"": 4.47, ""w_12"": 4.48, ""w_13"": 4.59, ""w_14"": 4.6, ""w_15"": 4.4, ""w_16"": 4.5, ""w_17"": 4.4, ""w_18"": 4.5, ""w_19"": 4.4, ""w_20"": 4.5}"
116,100974271034,2021-11-05,0,factual,"{""w_0"": 4.56, ""w_1"": 4.545, ""w_2"": 4.5, ""w_3"": 4.46, ""w_4"": 4.42, ""w_5"": 4.465, ""w_6"": 4.36, ""w_7"": 4.415, ""w_8"": 4.44, ""w_9"": 4.45, ""w_10"": 4.42, ""w_11"": 4.38, ""w_12"": 4.5, ""w_13"": 4.48, ""w_14"": 4.446, ""w_15"": 4.38, ""w_16"": 4.455, ""w_17"": 4.46, ""w_18"": 4.47, ""w_19"": 4.44, ""w_20"": 4.42}"
116,100974271034,2021-11-05,0,counterfactual,"{""w_0"": 4.55, ""w_1"": 4.71, ""w_2"": 4.5, ""w_3"": 4.45, ""w_4"": 4.52, ""w_5"": 4.47, ""w_6"": 4.5, ""w_7"": 4.4, ""w_8"": 4.44, ""w_9"": 4.51, ""w_10"": 4.47, ""w_11"": 4.48, ""w_12"": 4.59, ""w_13"": 4.6, ""w_14"": 4.4, ""w_15"": 4.5, ""w_16"": 4.4, ""w_17"": 4.5, ""w_18"": 4.4, ""w_19"": 4.5, ""w_20"": 4.5}"
117,100974271034,2021-11-08,0,factual,"{""w_0"": 4.545, ""w_1"": 4.5, ""w_2"": 4.46, ""w_3"": 4.42, ""w_4"": 4.465, ""w_5"": 4.36, ""w_6"": 4.415, ""w_7"": 4.44, ""w_8"": 4.45, ""w_9"": 4.42, ""w_10"": 4.38, ""w_11"": 4.5, ""w_12"": 4.48, ""w_13"": 4.446, ""w_14"": 4.38, ""w_15"": 4.455, ""w_16"": 4.46, ""w_17"": 4.47, ""w_18"": 4.44, ""w_19"": 4.42, ""w_20"": 4.42}"
117,100974271034,2021-11-08,0,counterfactual,"{""w_0"": 4.71, ""w_1"": 4.5, ""w_2"": 4.45, ""w_3"": 4.52, ""w_4"": 4.47, ""w_5"": 4.5, ""w_6"": 4.4, ""w_7"": 4.44, ""w_8"": 4.51, ""w_9"": 4.47, ""w_10"": 4.48, ""w_11"": 4.59, ""w_12"": 4.6, ""w_13"": 4.4, ""w_14"": 4.5, ""w_15"": 4.4, ""w_16"": 4.5, ""w_17"": 4.4, ""w_18"": 4.5, ""w_19"": 4.5, ""w_20"": 4.2}"
118,100974271034,2021-11-09,0,factual,"{""w_0"": 4.5, ""w_1"": 4.46, ""w_2"": 4.42, ""w_3"": 4.465, ""w_4"": 4.36, ""w_5"": 4.415, ""w_6"": 4.44, ""w_7"": 4.45, ""w_8"": 4.42, ""w_9"": 4.38, ""w_10"": 4.5, ""w_11"": 4.48, ""w_12"": 4.446, ""w_13"": 4.38, ""w_14"": 4.455, ""w_15"": 4.46, ""w_16"": 4.47, ""w_17"": 4.44, ""w_18"": 4.42, ""w_19"": 4.42, ""w_20"": 4.45}"
118,100974271034,2021-11-09,0,counterfactual,"{""w_0"": 4.33, ""w_1"": 4.45, ""w_2"": 4.34, ""w_3"": 4.27, ""w_4"": 4.31, ""w_5"": 4.15, ""w_6"": 4.31, ""w_7"": 4.34, ""w_8"": 4.41, ""w_9"": 4.31, ""w_10"": 4.5, ""w_11"": 4.6, ""w_12"": 4.5, ""w_13"": 4.5, ""w_14"": 4.5, ""w_15"": 4.4, ""w_16"": 4.5, ""w_17"": 4.4, ""w_18"": 4.4, ""w_19"": 4.4, ""w_20"": 4.4}"
119,100974271034,2021-11-10,0,factual,"{""w_0"": 4.46, ""w_1"": 4.42, ""w_2"": 4.465, ""w_3"": 4.36, ""w_4"": 4.415, ""w_5"": 4.44, ""w_6"": 4.45, ""w_7"": 4.42, ""w_8"": 4.38, ""w_9"": 4.5, ""w_10"": 4.48, ""w_11"": 4.446, ""w_12"": 4.38, ""w_13"": 4.455, ""w_14"": 4.46, ""w_15"": 4.47, ""w_16"": 4.44, ""w_17"": 4.42, ""w_18"": 4.42, ""w_19"": 4.45, ""w_20"": 4.57}"
119,100974271034,2021-11-10,0,counterfactual,"{""w_0"": 4.45, ""w_1"": 4.34, ""w_2"": 4.27, ""w_3"": 4.31, ""w_4"": 4.15, ""w_5"": 4.31, ""w_6"": 4.34, ""w_7"": 4.41, ""w_8"": 4.31, ""w_9"": 4.5, ""w_10"": 4.6, ""w_11"": 4.5, ""w_12"": 4.5, ""w_13"": 4.5, ""w_14"": 4.4, ""w_15"": 4.5, ""w_16"": 4.4, ""w_17"": 4.4, ""w_18"": 4.4, ""w_19"": 4.4, ""w_20"": 4.42}"
120,100974271034,2021-11-11,0,factual,"{""w_0"": 4.42, ""w_1"": 4.465, ""w_2"": 4.36, ""w_3"": 4.415, ""w_4"": 4.44, ""w_5"": 4.45, ""w_6"": 4.42, ""w_7"": 4.38, ""w_8"": 4.5, ""w_9"": 4.48, ""w_10"": 4.446, ""w_11"": 4.38, ""w_12"": 4.455, ""w_13"": 4.46, ""w_14"": 4.47, ""w_15"": 4.44, ""w_16"": 4.42, ""w_17"": 4.42, ""w_18"": 4.45, ""w_19"": 4.57, ""w_20"": 4.525}"
120,100974271034,2021-11-11,0,counterfactual,"{""w_0"": 4.31, ""w_1"": 4.15, ""w_2"": 4.31, ""w_3"": 4.34, ""w_4"": 4.41, ""w_5"": 4.31, ""w_6"": 4.5, ""w_7"": 4.56, ""w_8"": 4.55, ""w_9"": 4.5, ""w_10"": 4.5, ""w_11"": 4.4, ""w_12"": 4.5, ""w_13"": 4.4, ""w_14"": 4.4, ""w_15"": 4.4, ""w_16"": 4.4, ""w_17"": 4.4, ""w_18"": 4.4, ""w_19"": 4.5, ""w_20"": 4.48}"
121,100974271034,2021-11-12,0,factual,"{""w_0"": 4.465, ""w_1"": 4.36, ""w_2"": 4.415, ""w_3"": 4.44, ""w_4"": 4.45, ""w_5"": 4.42, ""w_6"": 4.38, ""w_7"": 4.5, ""w_8"": 4.48, ""w_9"": 4.446, ""w_10"": 4.38, ""w_11"": 4.455, ""w_12"": 4.46, ""w_13"": 4.47, ""w_14"": 4.44, ""w_15"": 4.42, ""w_16"": 4.42, ""w_17"": 4.45, ""w_18"": 4.57, ""w_19"": 4.525, ""w_20"": 4.535}"
121,100974271034,2021-11-12,0,counterfactual,"{""w_0"": 4.31, ""w_1"": 4.34, ""w_2"": 4.41, ""w_3"": 4.31, ""w_4"": 4.5, ""w_5"": 4.56, ""w_6"": 4.55, ""w_7"": 4.5, ""w_8"": 4.5, ""w_9"": 4.4, ""w_10"": 4.5, ""w_11"": 4.4, ""w_12"": 4.4, ""w_13"": 4.4, ""w_14"": 4.4, ""w_15"": 4.4, ""w_16"": 4.4, ""w_17"": 4.5, ""w_18"": 4.48, ""w_19"": 4.45, ""w_20"": 4.38}"
122,100974271034,2021-11-15,0,factual,"{""w_0"": 4.36, ""w_1"": 4.415, ""w_2"": 4.44, ""w_3"": 4.45, ""w_4"": 4.42, ""w_5"": 4.38, ""w_6"": 4.5, ""w_7"": 4.48, ""w_8"": 4.446, ""w_9"": 4.38, ""w_10"": 4.455, ""w_11"": 4.46, ""w_12"": 4.47, ""w_13"": 4.44, ""w_14"": 4.42, ""w_15"": 4.42, ""w_16"": 4.45, ""w_17"": 4.57, ""w_18"": 4.525, ""w_19"": 4.535, ""w_20"": 4.52}"
122,100974271034,2021-11-15,0,counterfactual,"{""w_0"": 4.31, ""w_1"": 4.15, ""w_2"": 4.31, ""w_3"": 4.34, ""w_4"": 4.41, ""w_5"": 4.31, ""w_6"": 4.5, ""w_7"": 4.5, ""w_8"": 4.2, ""w_9"": 4.5, ""w_10"": 4.5, ""w_11"": 4.4, ""w_12"": 4.4, ""w_13"": 4.4, ""w_14"": 4.4, ""w_15"": 4.4, ""w_16"": 4.4, ""w_17"": 4.5, ""w_18"": 4.38, ""w_19"": 4.45, ""w_20"": 4.38}"
123,100974271034,2021-11-16,0,factual,"{""w_0"": 4.415, ""w_1"": 4.44, ""w_2"": 4.45, ""w_3"": 4.42, ""w_4"": 4.38, ""w_5"": 4.5, ""w_6"": 4.48, ""w_7"": 4.446, ""w_8"": 4.38, ""w_9"": 4.455, ""w_10"": 4.46, ""w_11"": 4.47, ""w_12"": 4.44, ""w_13"": 4.42, ""w_14"": 4.42, ""w_15"": 4.45, ""w_16"": 4.57, ""w_17"": 4.525, ""w_18"": 4.535, ""w_19"": 4.52, ""w_20"": 4.525}"
123,100974271034,2021-11-16,0,counterfactual,"{""w_0"": 4.34, ""w_1"": 4.41, ""w_2"": 4.31, ""w_3"": 4.5, ""w_4"": 4.56, ""w_5"": 4.55, ""w_6"": 4.5, ""w_7"": 4.5, ""w_8"": 4.4, ""w_9"": 4.5, ""w_10"": 4.4, ""w_11"": 4.4, ""w_12"": 4.4, ""w_13"": 4.4, ""w_14"": 4.4, ""w_15"": 4.4, ""w_16"": 4.5, ""w_17"": 4.48, ""w_18"": 4.45, ""w_19"": 4.38, ""w_20"": 4.45}"
124,100974271034,2021-11-17,0,factual,"{""w_0"": 4.44, ""w_1"": 4.45, ""w_2"": 4.42, ""w_3"": 4.38, ""w_4"": 4.5, ""w_5"": 4.48, ""w_6"": 4.446, ""w_7"": 4.38, ""w_8"": 4.455, ""w_9"": 4.46, ""w_10"": 4.47, ""w_11"": 4.44, ""w_12"": 4.42, ""w_13"": 4.42, ""w_14"": 4.45, ""w_15"": 4.57, ""w_16"": 4.525, ""w_17"": 4.535, ""w_18"": 4.52, ""w_19"": 4.525, ""w_20"": 4.64}"
124,100974271034,2021-11-17,0,counterfactual,"{""w_0"": 4.41, ""w_1"": 4.31, ""w_2"": 4.5, ""w_3"": 4.56, ""w_4"": 4.55, ""w_5"": 4.5, ""w_6"": 4.5, ""w_7"": 4.4, ""w_8"": 4.5, ""w_9"": 4.4, ""w_10"": 4.4, ""w_11"": 4.4, ""w_12"": 4.4, ""w_13"": 4.4, ""w_14"": 4.4, ""w_15"": 4.5, ""w_16"": 4.48, ""w_17"": 4.45, ""w_18"": 4.38, ""w_19"": 4.45, ""w_20"": 4.46}"
125,100974271034,2021-11-18,0,factual,"{""w_0"": 4.45, ""w_1"": 4.42, ""w_2"": 4.38, ""w_3"": 4.5, ""w_4"": 4.48, ""w_5"": 4.446, ""w_6"": 4.38, ""w_7"": 4.455, ""w_8"": 4.46, ""w_9"": 4.47, ""w_10"": 4.44, ""w_11"": 4.42, ""w_12"": 4.42, ""w_13"": 4.45, ""w_14"": 4.57, ""w_15"": 4.525, ""w_16"": 4.535, ""w_17"": 4.52, ""w_18"": 4.525, ""w_19"": 4.64, ""w_20"": 4.68}"
125,100974271034,2021-11-18,0,counterfactual,"{""w_0"": 4.44, ""w_1"": 4.45, ""w_2"": 4.42, ""w_3"": 4.38, ""w_4"": 4.5, ""w_5"": 4.5, ""w_6"": 4.4, ""w_7"": 4.4, ""w_8"": 4.5, ""w_9"": 4.5, ""w_10"": 4.5, ""w_11"": 4.4, ""w_12"": 4.4, ""w_13"": 4.4, ""w_14"": 4.45, ""w_15"": 4.57, ""w_16"": 4.53, ""w_17"": 4.53, ""w_18"": 4.52, ""w_19"": 4.53, ""w_20"": 4.64}"
126,100974271034,2021-11-19,0,factual,"{""w_0"": 4.42, ""w_1"": 4.38, ""w_2"": 4.5, ""w_3"": 4.48, ""w_4"": 4.446, ""w_5"": 4.38, ""w_6"": 4.455, ""w_7"": 4.46, ""w_8"": 4.47, ""w_9"": 4.44, ""w_10"": 4.42, ""w_11"": 4.42, ""w_12"": 4.45, ""w_13"": 4.57, ""w_14"": 4.525, ""w_15"": 4.535, ""w_16"": 4.52, ""w_17"": 4.525, ""w_18"": 4.64, ""w_19"": 4.68, ""w_20"": 4.685}"
126,100974271034,2021-11-19,0,counterfactual,"{""w_0"": 4.45, ""w_1"": 4.42, ""w_2"": 4.38, ""w_3"": 4.5, ""w_4"": 4.5, ""w_5"": 4.4, ""w_6"": 4.4, ""w_7"": 4.5, ""w_8"": 4.5, ""w_9"": 4.5, ""w_10"": 4.4, ""w_11"": 4.4, ""w_12"": 4.4, ""w_13"": 4.45, ""w_14"": 4.57, ""w_15"": 4.53, ""w_16"": 4.53, ""w_17"": 4.52, ""w_18"": 4.53, ""w_19"": 4.64, ""w_20"": 4.68}"
127,100974271034,2021-11-22,0,factual,"{""w_0"": 4.38, ""w_1"": 4.5, ""w_2"": 4.48, ""w_3"": 4.446, ""w_4"": 4.38, ""w_5"": 4.455, ""w_6"": 4.46, ""w_7"": 4.47, ""w_8"": 4.44, ""w_9"": 4.42, ""w_10"": 4.42, ""w_11"": 4.45, ""w_12"": 4.57, ""w_13"": 4.525, ""w_14"": 4.535, ""w_15"": 4.52, ""w_16"": 4.525, ""w_17"": 4.64, ""w_18"": 4.68, ""w_19"": 4.685, ""w_20"": 4.745}"
127,100974271034,2021-11-22,0,counterfactual,"{""w_0"": 4.36, ""w_1"": 4.41, ""w_2"": 4.4, ""w_3"": 4.4, ""w_4"": 4.4, ""w_5"": 4.4, ""w_6"": 4.5, ""w_7"": 4.5, ""w_8"": 4.4, ""w_9"": 4.4, ""w_10"": 4.5, ""w_11"": 4.5, ""w_12"": 4.47, ""w_13"": 4.44, ""w_14"": 4.42, ""w_15"": 4.42, ""w_16"": 4.45, ""w_17"": 4.57, ""w_18"": 4.53, ""w_19"": 4.53, ""w_20"": 4.52}"
128,100974271034,2021-11-23,0,factual,"{""w_0"": 4.5, ""w_1"": 4.48, ""w_2"": 4.446, ""w_3"": 4.38, ""w_4"": 4.455, ""w_5"": 4.46, ""w_6"": 4.47, ""w_7"": 4.44, ""w_8"": 4.42, ""w_9"": 4.42, ""w_10"": 4.45, ""w_11"": 4.57, ""w_12"": 4.525, ""w_13"": 4.535, ""w_14"": 4.52, ""w_15"": 4.525, ""w_16"": 4.64, ""w_17"": 4.68, ""w_18"": 4.685, ""w_19"": 4.745, ""w_20"": 4.56}"
128,100974271034,2021-11-23,0,counterfactual,"{""w_0"": 4.38, ""w_1"": 4.5, ""w_2"": 4.5, ""w_3"": 4.4, ""w_4"": 4.4, ""w_5"": 4.5, ""w_6"": 4.5, ""w_7"": 4.5, ""w_8"": 4.4, ""w_9"": 4.4, ""w_10"": 4.4, ""w_11"": 4.45, ""w_12"": 4.57, ""w_13"": 4.53, ""w_14"": 4.53, ""w_15"": 4.52, ""w_16"": 4.53, ""w_17"": 4.64, ""w_18"": 4.68, ""w_19"": 4.68, ""w_20"": 4.74}"
129,100974271034,2021-11-24,0,factual,"{""w_0"": 4.48, ""w_1"": 4.446, ""w_2"": 4.38, ""w_3"": 4.455, ""w_4"": 4.46, ""w_5"": 4.47, ""w_6"": 4.44, ""w_7"": 4.42, ""w_8"": 4.42, ""w_9"": 4.45, ""w_10"": 4.57, ""w_11"": 4.525, ""w_12"": 4.535, ""w_13"": 4.52, ""w_14"": 4.525, ""w_15"": 4.64, ""w_16"": 4.68, ""w_17"": 4.685, ""w_18"": 4.745, ""w_19"": 4.56, ""w_20"": 4.585}"
129,100974271034,2021-11-24,0,counterfactual,"{""w_0"": 4.6, ""w_1"": 4.6, ""w_2"": 4.6, ""w_3"": 4.6, ""w_4"": 4.6, ""w_5"": 4.5, ""w_6"": 4.4, ""w_7"": 4.3, ""w_8"": 4.3, ""w_9"": 4.4, ""w_10"": 4.67, ""w_11"": 4.64, ""w_12"": 4.58, ""w_13"": 4.53, ""w_14"": 4.7, ""w_15"": 4.73, ""w_16"": 4.64, ""w_17"": 4.61, ""w_18"": 4.62, ""w_19"": 4.6, ""w_20"": 4.62}"
130,100974271034,2021-11-25,0,factual,"{""w_0"": 4.446, ""w_1"": 4.38, ""w_2"": 4.455, ""w_3"": 4.46, ""w_4"": 4.47, ""w_5"": 4.44, ""w_6"": 4.42, ""w_7"": 4.42, ""w_8"": 4.45, ""w_9"": 4.57, ""w_10"": 4.525, ""w_11"": 4.535, ""w_12"": 4.52, ""w_13"": 4.525, ""w_14"": 4.64, ""w_15"": 4.68, ""w_16"": 4.685, ""w_17"": 4.745, ""w_18"": 4.56, ""w_19"": 4.585, ""w_20"": 4.665}"
130,100974271034,2021-11-25,0,counterfactual,"{""w_0"": 4.5, ""w_1"": 4.4, ""w_2"": 4.4, ""w_3"": 4.5, ""w_4"": 4.5, ""w_5"": 4.5, ""w_6"": 4.4, ""w_7"": 4.4, ""w_8"": 4.4, ""w_9"": 4.45, ""w_10"": 4.57, ""w_11"": 4.53, ""w_12"": 4.53, ""w_13"": 4.52, ""w_14"": 4.53, ""w_15"": 4.64, ""w_16"": 4.68, ""w_17"": 4.68, ""w_18"": 4.74, ""w_19"": 4.56, ""w_20"": 4.59}"
131,100974271034,2021-11-26,0,factual,"{""w_0"": 4.38, ""w_1"": 4.455, ""w_2"": 4.46, ""w_3"": 4.47, ""w_4"": 4.44, ""w_5"": 4.42, ""w_6"": 4.42, ""w_7"": 4.45, ""w_8"": 4.57, ""w_9"": 4.525, ""w_10"": 4.535, ""w_11"": 4.52, ""w_12"": 4.525, ""w_13"": 4.64, ""w_14"": 4.68, ""w_15"": 4.685, ""w_16"": 4.745, ""w_17"": 4.56, ""w_18"": 4.585, ""w_19"": 4.665, ""w_20"": 4.4}"
131,100974271034,2021-11-26,0,counterfactual,"{""w_0"": 4.6, ""w_1"": 4.6, ""w_2"": 4.6, ""w_3"": 4.5, ""w_4"": 4.4, ""w_5"": 4.3, ""w_6"": 4.3, ""w_7"": 4.4, ""w_8"": 4.67, ""w_9"": 4.64, ""w_10"": 4.58, ""w_11"": 4.53, ""w_12"": 4.7, ""w_13"": 4.73, ""w_14"": 4.64, ""w_15"": 4.61, ""w_16"": 4.62, ""w_17"": 4.6, ""w_18"": 4.62, ""w_19"": 4.66, ""w_20"": 4.59}"
132,100974271034,2021-11-29,0,factual,"{""w_0"": 4.455, ""w_1"": 4.46, ""w_2"": 4.47, ""w_3"": 4.44, ""w_4"": 4.42, ""w_5"": 4.42, ""w_6"": 4.45, ""w_7"": 4.57, ""w_8"": 4.525, ""w_9"": 4.535, ""w_10"": 4.52, ""w_11"": 4.525, ""w_12"": 4.64, ""w_13"": 4.68, ""w_14"": 4.685, ""w_15"": 4.745, ""w_16"": 4.56, ""w_17"": 4.585, ""w_18"": 4.665, ""w_19"": 4.4, ""w_20"": 4.56}"
132,100974271034,2021-11-29,0,counterfactual,"{""w_0"": 4.6, ""w_1"": 4.6, ""w_2"": 4.5, ""w_3"": 4.4, ""w_4"": 4.3, ""w_5"": 4.3, ""w_6"": 4.4, ""w_7"": 4.67, ""w_8"": 4.64, ""w_9"": 4.58, ""w_10"": 4.53, ""w_11"": 4.7, ""w_12"": 4.73, ""w_13"": 4.64, ""w_14"": 4.61, ""w_15"": 4.62, ""w_16"": 4.6, ""w_17"": 4.62, ""w_18"": 4.66, ""w_19"": 4.59, ""w_20"": 4.56}"
133,100974271034,2021-11-30,0,factual,"{""w_0"": 4.46, ""w_1"": 4.47, ""w_2"": 4.44, ""w_3"": 4.42, ""w_4"": 4.42, ""w_5"": 4.45, ""w_6"": 4.57, ""w_7"": 4.525, ""w_8"": 4.535, ""w_9"": 4.52, ""w_10"": 4.525, ""w_11"": 4.64, ""w_12"": 4.68, ""w_13"": 4.685, ""w_14"": 4.745, ""w_15"": 4.56, ""w_16"": 4.585, ""w_17"": 4.665, ""w_18"": 4.4, ""w_19"": 4.56, ""w_20"": 4.515}"
133,100974271034,2021-11-30,0,counterfactual,"{""w_0"": 4.6, ""w_1"": 4.5, ""w_2"": 4.4, ""w_3"": 4.3, ""w_4"": 4.3, ""w_5"": 4.4, ""w_6"": 4.67, ""w_7"": 4.64, ""w_8"": 4.58, ""w_9"": 4.53, ""w_10"": 4.7, ""w_11"": 4.73, ""w_12"": 4.64, ""w_13"": 4.61, ""w_14"": 4.62, ""w_15"": 4.6, ""w_16"": 4.62, ""w_17"": 4.66, ""w_18"": 4.59, ""w_19"": 4.56, ""w_20"": 4.7}"
134,100974271034,2021-12-01,0,factual,"{""w_0"": 4.47, ""w_1"": 4.44, ""w_2"": 4.42, ""w_3"": 4.42, ""w_4"": 4.45, ""w_5"": 4.57, ""w_6"": 4.525, ""w_7"": 4.535, ""w_8"": 4.52, ""w_9"": 4.525, ""w_10"": 4.64, ""w_11"": 4.68, ""w_12"": 4.685, ""w_13"": 4.745, ""w_14"": 4.56, ""w_15"": 4.585, ""w_16"": 4.665, ""w_17"": 4.4, ""w_18"": 4.56, ""w_19"": 4.515, ""w_20"": 4.605}"
134,100974271034,2021-12-01,0,counterfactual,"{""w_0"": 4.5, ""w_1"": 4.5, ""w_2"": 4.5, ""w_3"": 4.4, ""w_4"": 4.4, ""w_5"": 4.42, ""w_6"": 4.45, ""w_7"": 4.57, ""w_8"": 4.53, ""w_9"": 4.53, ""w_10"": 4.52, ""w_11"": 4.53, ""w_12"": 4.64, ""w_13"": 4.68, ""w_14"": 4.68, ""w_15"": 4.74, ""w_16"": 4.56, ""w_17"": 4.59, ""w_18"": 4.66, ""w_19"": 4.4, ""w_20"": 4.56}"
135,100974271034,2021-12-02,0,factual,"{""w_0"": 4.44, ""w_1"": 4.42, ""w_2"": 4.42, ""w_3"": 4.45, ""w_4"": 4.57, ""w_5"": 4.525, ""w_6"": 4.535, ""w_7"": 4.52, ""w_8"": 4.525, ""w_9"": 4.64, ""w_10"": 4.68, ""w_11"": 4.685, ""w_12"": 4.745, ""w_13"": 4.56, ""w_14"": 4.585, ""w_15"": 4.665, ""w_16"": 4.4, ""w_17"": 4.56, ""w_18"": 4.515, ""w_19"": 4.605, ""w_20"": 4.52}"
135,100974271034,2021-12-02,0,counterfactual,"{""w_0"": 4.5, ""w_1"": 4.4, ""w_2"": 4.4, ""w_3"": 4.4, ""w_4"": 4.45, ""w_5"": 4.57, ""w_6"": 4.53, ""w_7"": 4.53, ""w_8"": 4.52, ""w_9"": 4.53, ""w_10"": 4.64, ""w_11"": 4.68, ""w_12"": 4.68, ""w_13"": 4.74, ""w_14"": 4.56, ""w_15"": 4.59, ""w_16"": 4.66, ""w_17"": 4.4, ""w_18"": 4.56, ""w_19"": 4.51, ""w_20"": 4.61}"
136,100974271034,2021-12-03,0,factual,"{""w_0"": 4.42, ""w_1"": 4.42, ""w_2"": 4.45, ""w_3"": 4.57, ""w_4"": 4.525, ""w_5"": 4.535, ""w_6"": 4.52, ""w_7"": 4.525, ""w_8"": 4.64, ""w_9"": 4.68, ""w_10"": 4.685, ""w_11"": 4.745, ""w_12"": 4.56, ""w_13"": 4.585, ""w_14"": 4.665, ""w_15"": 4.4, ""w_16"": 4.56, ""w_17"": 4.515, ""w_18"": 4.605, ""w_19"": 4.52, ""w_20"": 4.48}"
136,100974271034,2021-12-03,0,counterfactual,"{""w_0"": 4.3, ""w_1"": 4.3, ""w_2"": 4.4, ""w_3"": 4.67, ""w_4"": 4.64, ""w_5"": 4.58, ""w_6"": 4.53, ""w_7"": 4.7, ""w_8"": 4.73, ""w_9"": 4.64, ""w_10"": 4.61, ""w_11"": 4.62, ""w_12"": 4.6, ""w_13"": 4.62, ""w_14"": 4.66, ""w_15"": 4.59, ""w_16"": 4.56, ""w_17"": 4.7, ""w_18"": 4.71, ""w_19"": 4.8, ""w_20"": 4.87}"
137,100974271034,2021-12-06,0,factual,"{""w_0"": 4.42, ""w_1"": 4.45, ""w_2"": 4.57, ""w_3"": 4.525, ""w_4"": 4.535, ""w_5"": 4.52, ""w_6"": 4.525, ""w_7"": 4.64, ""w_8"": 4.68, ""w_9"": 4.685, ""w_10"": 4.745, ""w_11"": 4.56, ""w_12"": 4.585, ""w_13"": 4.665, ""w_14"": 4.4, ""w_15"": 4.56, ""w_16"": 4.515, ""w_17"": 4.605, ""w_18"": 4.52, ""w_19"": 4.48, ""w_20"": 4.4}"
137,100974271034,2021-12-06,0,counterfactual,"{""w_0"": 4.7, ""w_1"": 4.6, ""w_2"": 4.61, ""w_3"": 4.62, ""w_4"": 4.6, ""w_5"": 4.62, ""w_6"": 4.66, ""w_7"": 4.59, ""w_8"": 4.56, ""w_9"": 4.7, ""w_10"": 4.71, ""w_11"": 4.8, ""w_12"": 4.87, ""w_13"": 4.7, ""w_14"": 4.57, ""w_15"": 4.5, ""w_16"": 4.51, ""w_17"": 4.33, ""w_18"": 4.45, ""w_19"": 4.34, ""w_20"": 4.27}"
138,100974271034,2021-12-07,0,factual,"{""w_0"": 4.45, ""w_1"": 4.57, ""w_2"": 4.525, ""w_3"": 4.535, ""w_4"": 4.52, ""w_5"": 4.525, ""w_6"": 4.64, ""w_7"": 4.68, ""w_8"": 4.685, ""w_9"": 4.745, ""w_10"": 4.56, ""w_11"": 4.585, ""w_12"": 4.665, ""w_13"": 4.4, ""w_14"": 4.56, ""w_15"": 4.515, ""w_16"": 4.605, ""w_17"": 4.52, ""w_18"": 4.48, ""w_19"": 4.4, ""w_20"": 4.46}"
138,100974271034,2021-12-07,0,counterfactual,"{""w_0"": 4.4, ""w_1"": 4.31, ""w_2"": 4.5, ""w_3"": 4.56, ""w_4"": 4.55, ""w_5"": 4.5, ""w_6"": 4.46, ""w_7"": 4.42, ""w_8"": 4.47, ""w_9"": 4.36, ""w_10"": 4.41, ""w_11"": 4.44, ""w_12"": 4.45, ""w_13"": 4.42, ""w_14"": 4.38, ""w_15"": 4.5, ""w_16"": 4.48, ""w_17"": 4.45, ""w_18"": 4.38, ""w_19"": 4.45, ""w_20"": 4.46}"
139,100974271034,2021-12-08,0,factual,"{""w_0"": 4.57, ""w_1"": 4.525, ""w_2"": 4.535, ""w_3"": 4.52, ""w_4"": 4.525, ""w_5"": 4.64, ""w_6"": 4.68, ""w_7"": 4.685, ""w_8"": 4.745, ""w_9"": 4.56, ""w_10"": 4.585, ""w_11"": 4.665, ""w_12"": 4.4, ""w_13"": 4.56, ""w_14"": 4.515, ""w_15"": 4.605, ""w_16"": 4.52, ""w_17"": 4.48, ""w_18"": 4.4, ""w_19"": 4.46, ""w_20"": 4.52}"
139,100974271034,2021-12-08,0,counterfactual,"{""w_0"": 4.44, ""w_1"": 4.42, ""w_2"": 4.42, ""w_3"": 4.45, ""w_4"": 4.57, ""w_5"": 4.53, ""w_6"": 4.53, ""w_7"": 4.52, ""w_8"": 4.53, ""w_9"": 4.64, ""w_10"": 4.68, ""w_11"": 4.68, ""w_12"": 4.74, ""w_13"": 4.56, ""w_14"": 4.59, ""w_15"": 4.66, ""w_16"": 4.4, ""w_17"": 4.56, ""w_18"": 4.51, ""w_19"": 4.61, ""w_20"": 4.52}"
140,100974271034,2021-12-09,0,factual,"{""w_0"": 4.525, ""w_1"": 4.535, ""w_2"": 4.52, ""w_3"": 4.525, ""w_4"": 4.64, ""w_5"": 4.68, ""w_6"": 4.685, ""w_7"": 4.745, ""w_8"": 4.56, ""w_9"": 4.585, ""w_10"": 4.665, ""w_11"": 4.4, ""w_12"": 4.56, ""w_13"": 4.515, ""w_14"": 4.605, ""w_15"": 4.52, ""w_16"": 4.48, ""w_17"": 4.4, ""w_18"": 4.46, ""w_19"": 4.52, ""w_20"": 4.5}"
140,100974271034,2021-12-09,0,counterfactual,"{""w_0"": 4.42, ""w_1"": 4.42, ""w_2"": 4.45, ""w_3"": 4.57, ""w_4"": 4.53, ""w_5"": 4.53, ""w_6"": 4.52, ""w_7"": 4.53, ""w_8"": 4.64, ""w_9"": 4.68, ""w_10"": 4.68, ""w_11"": 4.74, ""w_12"": 4.56, ""w_13"": 4.59, ""w_14"": 4.66, ""w_15"": 4.4, ""w_16"": 4.56, ""w_17"": 4.51, ""w_18"": 4.61, ""w_19"": 4.52, ""w_20"": 4.48}"
141,100974271034,2021-12-10,0,factual,"{""w_0"": 4.535, ""w_1"": 4.52, ""w_2"": 4.525, ""w_3"": 4.64, ""w_4"": 4.68, ""w_5"": 4.685, ""w_6"": 4.745, ""w_7"": 4.56, ""w_8"": 4.585, ""w_9"": 4.665, ""w_10"": 4.4, ""w_11"": 4.56, ""w_12"": 4.515, ""w_13"": 4.605, ""w_14"": 4.52, ""w_15"": 4.48, ""w_16"": 4.4, ""w_17"": 4.46, ""w_18"": 4.52, ""w_19"": 4.5, ""w_20"": 4.485}"
141,100974271034,2021-12-10,0,counterfactual,"{""w_0"": 4.44, ""w_1"": 4.42, ""w_2"": 4.42, ""w_3"": 4.45, ""w_4"": 4.57, ""w_5"": 4.53, ""w_6"": 4.53, ""w_7"": 4.52, ""w_8"": 4.53, ""w_9"": 4.64, ""w_10"": 4.68, ""w_11"": 4.68, ""w_12"": 4.74, ""w_13"": 4.56, ""w_14"": 4.59, ""w_15"": 4.66, ""w_16"": 4.4, ""w_17"": 4.56, ""w_18"": 4.51, ""w_19"": 4.61, ""w_20"": 4.5}"
142,100974271034,2021-12-13,0,factual,"{""w_0"": 4.52, ""w_1"": 4.525, ""w_2"": 4.64, ""w_3"": 4.68, ""w_4"": 4.685, ""w_5"": 4.745, ""w_6"": 4.56, ""w_7"": 4.585, ""w_8"": 4.665, ""w_9"": 4.4, ""w_10"": 4.56, ""w_11"": 4.515, ""w_12"": 4.605, ""w_13"": 4.52, ""w_14"": 4.48, ""w_15"": 4.4, ""w_16"": 4.46, ""w_17"": 4.52, ""w_18"": 4.5, ""w_19"": 4.485, ""w_20"": 4.53}"
142,100974271034,2021-12-13,0,counterfactual,"{""w_0"": 4.45, ""w_1"": 4.57, ""w_2"": 4.53, ""w_3"": 4.53, ""w_4"": 4.52, ""w_5"": 4.53, ""w_6"": 4.64, ""w_7"": 4.68, ""w_8"": 4.68, ""w_9"": 4.74, ""w_10"": 4.56, ""w_11"": 4.59, ""w_12"": 4.66, ""w_13"": 4.4, ""w_14"": 4.56, ""w_15"": 4.51, ""w_16"": 4.61, ""w_17"": 4.52, ""w_18"": 4.48, ""w_19"": 4.4, ""w_20"": 4.5}"
143,100974271034,2021-12-14,0,factual,"{""w_0"": 4.525, ""w_1"": 4.64, ""w_2"": 4.68, ""w_3"": 4.685, ""w_4"": 4.745, ""w_5"": 4.56, ""w_6"": 4.585, ""w_7"": 4.665, ""w_8"": 4.4, ""w_9"": 4.56, ""w_10"": 4.515, ""w_11"": 4.605, ""w_12"": 4.52, ""w_13"": 4.48, ""w_14"": 4.4, ""w_15"": 4.46, ""w_16"": 4.52, ""w_17"": 4.5, ""w_18"": 4.485, ""w_19"": 4.53, ""w_20"": 4.445}"
143,100974271034,2021-12-14,0,counterfactual,"{""w_0"": 4.57, ""w_1"": 4.53, ""w_2"": 4.53, ""w_3"": 4.52, ""w_4"": 4.53, ""w_5"": 4.64, ""w_6"": 4.68, ""w_7"": 4.68, ""w_8"": 4.74, ""w_9"": 4.56, ""w_10"": 4.59, ""w_11"": 4.66, ""w_12"": 4.4, ""w_13"": 4.56, ""w_14"": 4.51, ""w_15"": 4.61, ""w_16"": 4.52, ""w_17"": 4.48, ""w_18"": 4.4, ""w_19"": 4.5, ""w_20"": 4.5}"
144,100974271034,2021-12-15,0,factual,"{""w_0"": 4.64, ""w_1"": 4.68, ""w_2"": 4.685, ""w_3"": 4.745, ""w_4"": 4.56, ""w_5"": 4.585, ""w_6"": 4.665, ""w_7"": 4.4, ""w_8"": 4.56, ""w_9"": 4.515, ""w_10"": 4.605, ""w_11"": 4.52, ""w_12"": 4.48, ""w_13"": 4.4, ""w_14"": 4.46, ""w_15"": 4.52, ""w_16"": 4.5, ""w_17"": 4.485, ""w_18"": 4.53, ""w_19"": 4.445, ""w_20"": 4.395}"
144,100974271034,2021-12-15,0,counterfactual,"{""w_0"": 4.53, ""w_1"": 4.53, ""w_2"": 4.52, ""w_3"": 4.53, ""w_4"": 4.64, ""w_5"": 4.68, ""w_6"": 4.68, ""w_7"": 4.74, ""w_8"": 4.56, ""w_9"": 4.59, ""w_10"": 4.66, ""w_11"": 4.4, ""w_12"": 4.56, ""w_13"": 4.51, ""w_14"": 4.61, ""w_15"": 4.52, ""w_16"": 4.48, ""w_17"": 4.4, ""w_18"": 4.5, ""w_19"": 4.5, ""w_20"": 4.5}"
145,100974271034,2021-12-16,0,factual,"{""w_0"": 4.68, ""w_1"": 4.685, ""w_2"": 4.745, ""w_3"": 4.56, ""w_4"": 4.585, ""w_5"": 4.665, ""w_6"": 4.4, ""w_7"": 4.56, ""w_8"": 4.515, ""w_9"": 4.605, ""w_10"": 4.52, ""w_11"": 4.48, ""w_12"": 4.4, ""w_13"": 4.46, ""w_14"": 4.52, ""w_15"": 4.5, ""w_16"": 4.485, ""w_17"": 4.53, ""w_18"": 4.445, ""w_19"": 4.395, ""w_20"": 4.65}"
145,100974271034,2021-12-16,0,counterfactual,"{""w_0"": 4.53, ""w_1"": 4.52, ""w_2"": 4.53, ""w_3"": 4.64, ""w_4"": 4.68, ""w_5"": 4.68, ""w_6"": 4.74, ""w_7"": 4.56, ""w_8"": 4.59, ""w_9"": 4.66, ""w_10"": 4.4, ""w_11"": 4.56, ""w_12"": 4.51, ""w_13"": 4.61, ""w_14"": 4.52, ""w_15"": 4.48, ""w_16"": 4.4, ""w_17"": 4.5, ""w_18"": 4.5, ""w_19"": 4.5, ""w_20"": 4.5}"
146,100974271034,2021-12-17,0,factual,"{""w_0"": 4.685, ""w_1"": 4.745, ""w_2"": 4.56, ""w_3"": 4.585, ""w_4"": 4.665, ""w_5"": 4.4, ""w_6"": 4.56, ""w_7"": 4.515, ""w_8"": 4.605, ""w_9"": 4.52, ""w_10"": 4.48, ""w_11"": 4.4, ""w_12"": 4.46, ""w_13"": 4.52, ""w_14"": 4.5, ""w_15"": 4.485, ""w_16"": 4.53, ""w_17"": 4.445, ""w_18"": 4.395, ""w_19"": 4.65, ""w_20"": 4.72}"
146,100974271034,2021-12-17,0,counterfactual,"{""w_0"": 4.52, ""w_1"": 4.53, ""w_2"": 4.64, ""w_3"": 4.68, ""w_4"": 4.68, ""w_5"": 4.74, ""w_6"": 4.56, ""w_7"": 4.59, ""w_8"": 4.66, ""w_9"": 4.4, ""w_10"": 4.56, ""w_11"": 4.51, ""w_12"": 4.61, ""w_13"": 4.52, ""w_14"": 4.48, ""w_15"": 4.4, ""w_16"": 4.5, ""w_17"": 4.5, ""w_18"": 4.5, ""w_19"": 4.5, ""w_20"": 4.5}"
147,100974271034,2021-12-20,0,factual,"{""w_0"": 4.745, ""w_1"": 4.56, ""w_2"": 4.585, ""w_3"": 4.665, ""w_4"": 4.4, ""w_5"": 4.56, ""w_6"": 4.515, ""w_7"": 4.605, ""w_8"": 4.52, ""w_9"": 4.48, ""w_10"": 4.4, ""w_11"": 4.46, ""w_12"": 4.52, ""w_13"": 4.5, ""w_14"": 4.485, ""w_15"": 4.53, ""w_16"": 4.445, ""w_17"": 4.395, ""w_18"": 4.65, ""w_19"": 4.72, ""w_20"": 4.64}"
147,100974271034,2021-12-20,0,counterfactual,"{""w_0"": 4.5, ""w_1"": 4.56, ""w_2"": 4.55, ""w_3"": 4.5, ""w_4"": 4.46, ""w_5"": 4.42, ""w_6"": 4.47, ""w_7"": 4.36, ""w_8"": 4.41, ""w_9"": 4.44, ""w_10"": 4.45, ""w_11"": 4.42, ""w_12"": 4.38, ""w_13"": 4.5, ""w_14"": 4.5, ""w_15"": 4.4, ""w_16"": 4.4, ""w_17"": 4.5, ""w_18"": 4.5, ""w_19"": 4.5, ""w_20"": 4.4}"
148,100974271034,2021-12-21,0,factual,"{""w_0"": 4.56, ""w_1"": 4.585, ""w_2"": 4.665, ""w_3"": 4.4, ""w_4"": 4.56, ""w_5"": 4.515, ""w_6"": 4.605, ""w_7"": 4.52, ""w_8"": 4.48, ""w_9"": 4.4, ""w_10"": 4.46, ""w_11"": 4.52, ""w_12"": 4.5, ""w_13"": 4.485, ""w_14"": 4.53, ""w_15"": 4.445, ""w_16"": 4.395, ""w_17"": 4.65, ""w_18"": 4.72, ""w_19"": 4.64, ""w_20"": 4.705}"
148,100974271034,2021-12-21,0,counterfactual,"{""w_0"": 4.59, ""w_1"": 4.54, ""w_2"": 4.59, ""w_3"": 4.59, ""w_4"": 4.59, ""w_5"": 4.6, ""w_6"": 4.6, ""w_7"": 4.59, ""w_8"": 4.49, ""w_9"": 4.44, ""w_10"": 4.3, ""w_11"": 4.3, ""w_12"": 4.45, ""w_13"": 4.7, ""w_14"": 4.6, ""w_15"": 4.6, ""w_16"": 4.5, ""w_17"": 4.7, ""w_18"": 4.7, ""w_19"": 4.6, ""w_20"": 4.6}"
149,100974271034,2021-12-22,0,factual,"{""w_0"": 4.585, ""w_1"": 4.665, ""w_2"": 4.4, ""w_3"": 4.56, ""w_4"": 4.515, ""w_5"": 4.605, ""w_6"": 4.52, ""w_7"": 4.48, ""w_8"": 4.4, ""w_9"": 4.46, ""w_10"": 4.52, ""w_11"": 4.5, ""w_12"": 4.485, ""w_13"": 4.53, ""w_14"": 4.445, ""w_15"": 4.395, ""w_16"": 4.65, ""w_17"": 4.72, ""w_18"": 4.64, ""w_19"": 4.705, ""w_20"": 4.585}"
149,100974271034,2021-12-22,0,counterfactual,"{""w_0"": 4.54, ""w_1"": 4.59, ""w_2"": 4.59, ""w_3"": 4.59, ""w_4"": 4.6, ""w_5"": 4.6, ""w_6"": 4.59, ""w_7"": 4.49, ""w_8"": 4.44, ""w_9"": 4.3, ""w_10"": 4.3, ""w_11"": 4.45, ""w_12"": 4.7, ""w_13"": 4.6, ""w_14"": 4.6, ""w_15"": 4.5, ""w_16"": 4.7, ""w_17"": 4.7, ""w_18"": 4.6, ""w_19"": 4.6, ""w_20"": 4.6}"
150,100974271034,2021-12-23,0,factual,"{""w_0"": 4.665, ""w_1"": 4.4, ""w_2"": 4.56, ""w_3"": 4.515, ""w_4"": 4.605, ""w_5"": 4.52, ""w_6"": 4.48, ""w_7"": 4.4, ""w_8"": 4.46, ""w_9"": 4.52, ""w_10"": 4.5, ""w_11"": 4.485, ""w_12"": 4.53, ""w_13"": 4.445, ""w_14"": 4.395, ""w_15"": 4.65, ""w_16"": 4.72, ""w_17"": 4.64, ""w_18"": 4.705, ""w_19"": 4.585, ""w_20"": 4.63}"
150,100974271034,2021-12-23,0,counterfactual,"{""w_0"": 4.45, ""w_1"": 4.67, ""w_2"": 4.64, ""w_3"": 4.58, ""w_4"": 4.53, ""w_5"": 4.7, ""w_6"": 4.73, ""w_7"": 4.64, ""w_8"": 4.61, ""w_9"": 4.62, ""w_10"": 4.6, ""w_11"": 4.6, ""w_12"": 4.7, ""w_13"": 4.6, ""w_14"": 4.6, ""w_15"": 4.7, ""w_16"": 4.7, ""w_17"": 4.8, ""w_18"": 4.9, ""w_19"": 4.7, ""w_20"": 4.6}"
151,100974271034,2021-12-24,0,factual,"{""w_0"": 4.4, ""w_1"": 4.56, ""w_2"": 4.515, ""w_3"": 4.605, ""w_4"": 4.52, ""w_5"": 4.48, ""w_6"": 4.4, ""w_7"": 4.46, ""w_8"": 4.52, ""w_9"": 4.5, ""w_10"": 4.485, ""w_11"": 4.53, ""w_12"": 4.445, ""w_13"": 4.395, ""w_14"": 4.65, ""w_15"": 4.72, ""w_16"": 4.64, ""w_17"": 4.705, ""w_18"": 4.585, ""w_19"": 4.63, ""w_20"": 4.656000000000001}"
151,100974271034,2021-12-24,0,counterfactual,"{""w_0"": 4.16, ""w_1"": 4.36, ""w_2"": 4.32, ""w_3"": 4.36, ""w_4"": 4.4, ""w_5"": 4.37, ""w_6"": 4.48, ""w_7"": 4.47, ""w_8"": 4.49, ""w_9"": 4.61, ""w_10"": 4.6, ""w_11"": 4.6, ""w_12"": 4.6, ""w_13"": 4.5, ""w_14"": 4.6, ""w_15"": 4.6, ""w_16"": 4.6, ""w_17"": 4.6, ""w_18"": 4.6, ""w_19"": 4.6, ""w_20"": 4.5}"
152,100974271034,2021-12-27,0,factual,"{""w_0"": 4.56, ""w_1"": 4.515, ""w_2"": 4.605, ""w_3"": 4.52, ""w_4"": 4.48, ""w_5"": 4.4, ""w_6"": 4.46, ""w_7"": 4.52, ""w_8"": 4.5, ""w_9"": 4.485, ""w_10"": 4.53, ""w_11"": 4.445, ""w_12"": 4.395, ""w_13"": 4.65, ""w_14"": 4.72, ""w_15"": 4.64, ""w_16"": 4.705, ""w_17"": 4.585, ""w_18"": 4.63, ""w_19"": 4.656000000000001, ""w_20"": 4.52}"
152,100974271034,2021-12-27,0,counterfactual,"{""w_0"": 4.56, ""w_1"": 4.59, ""w_2"": 4.66, ""w_3"": 4.4, ""w_4"": 4.56, ""w_5"": 4.51, ""w_6"": 4.61, ""w_7"": 4.52, ""w_8"": 4.48, ""w_9"": 4.4, ""w_10"": 4.5, ""w_11"": 4.5, ""w_12"": 4.5, ""w_13"": 4.5, ""w_14"": 4.5, ""w_15"": 4.4, ""w_16"": 4.4, ""w_17"": 4.7, ""w_18"": 4.7, ""w_19"": 4.6, ""w_20"": 4.7}"
153,100974271034,2021-12-28,0,factual,"{""w_0"": 4.515, ""w_1"": 4.605, ""w_2"": 4.52, ""w_3"": 4.48, ""w_4"": 4.4, ""w_5"": 4.46, ""w_6"": 4.52, ""w_7"": 4.5, ""w_8"": 4.485, ""w_9"": 4.53, ""w_10"": 4.445, ""w_11"": 4.395, ""w_12"": 4.65, ""w_13"": 4.72, ""w_14"": 4.64, ""w_15"": 4.705, ""w_16"": 4.585, ""w_17"": 4.63, ""w_18"": 4.656000000000001, ""w_19"": 4.52, ""w_20"": 4.52}"
153,100974271034,2021-12-28,0,counterfactual,"{""w_0"": 4.46, ""w_1"": 4.47, ""w_2"": 4.44, ""w_3"": 4.42, ""w_4"": 4.42, ""w_5"": 4.45, ""w_6"": 4.57, ""w_7"": 4.53, ""w_8"": 4.5, ""w_9"": 4.5, ""w_10"": 4.5, ""w_11"": 4.6, ""w_12"": 4.7, ""w_13"": 4.7, ""w_14"": 4.7, ""w_15"": 4.6, ""w_16"": 4.6, ""w_17"": 4.7, ""w_18"": 4.4, ""w_19"": 4.6, ""w_20"": 4.5}"
154,100974271034,2021-12-29,0,factual,"{""w_0"": 4.605, ""w_1"": 4.52, ""w_2"": 4.48, ""w_3"": 4.4, ""w_4"": 4.46, ""w_5"": 4.52, ""w_6"": 4.5, ""w_7"": 4.485, ""w_8"": 4.53, ""w_9"": 4.445, ""w_10"": 4.395, ""w_11"": 4.65, ""w_12"": 4.72, ""w_13"": 4.64, ""w_14"": 4.705, ""w_15"": 4.585, ""w_16"": 4.63, ""w_17"": 4.656000000000001, ""w_18"": 4.52, ""w_19"": 4.52, ""w_20"": 4.52}"
154,100974271034,2021-12-29,0,counterfactual,"{""w_0"": 4.38, ""w_1"": 4.45, ""w_2"": 4.46, ""w_3"": 4.47, ""w_4"": 4.44, ""w_5"": 4.42, ""w_6"": 4.42, ""w_7"": 4.4, ""w_8"": 4.6, ""w_9"": 4.5, ""w_10"": 4.5, ""w_11"": 4.5, ""w_12"": 4.5, ""w_13"": 4.6, ""w_14"": 4.7, ""w_15"": 4.7, ""w_16"": 4.7, ""w_17"": 4.6, ""w_18"": 4.6, ""w_19"": 4.7, ""w_20"": 4.4}"
155,100974271034,2021-12-30,0,factual,"{""w_0"": 4.52, ""w_1"": 4.48, ""w_2"": 4.4, ""w_3"": 4.46, ""w_4"": 4.52, ""w_5"": 4.5, ""w_6"": 4.485, ""w_7"": 4.53, ""w_8"": 4.445, ""w_9"": 4.395, ""w_10"": 4.65, ""w_11"": 4.72, ""w_12"": 4.64, ""w_13"": 4.705, ""w_14"": 4.585, ""w_15"": 4.63, ""w_16"": 4.656000000000001, ""w_17"": 4.52, ""w_18"": 4.52, ""w_19"": 4.52, ""w_20"": 4.52}"
155,100974271034,2021-12-30,0,counterfactual,"{""w_0"": 4.51, ""w_1"": 4.61, ""w_2"": 4.52, ""w_3"": 4.48, ""w_4"": 4.4, ""w_5"": 4.46, ""w_6"": 4.5, ""w_7"": 4.5, ""w_8"": 4.5, ""w_9"": 4.5, ""w_10"": 4.4, ""w_11"": 4.4, ""w_12"": 4.7, ""w_13"": 4.7, ""w_14"": 4.6, ""w_15"": 4.7, ""w_16"": 4.6, ""w_17"": 4.6, ""w_18"": 4.7, ""w_19"": 4.52, ""w_20"": 4.52}"
156,100974271034,2021-12-31,0,factual,"{""w_0"": 4.48, ""w_1"": 4.4, ""w_2"": 4.46, ""w_3"": 4.52, ""w_4"": 4.5, ""w_5"": 4.485, ""w_6"": 4.53, ""w_7"": 4.445, ""w_8"": 4.395, ""w_9"": 4.65, ""w_10"": 4.72, ""w_11"": 4.64, ""w_12"": 4.705, ""w_13"": 4.585, ""w_14"": 4.63, ""w_15"": 4.656000000000001, ""w_16"": 4.52, ""w_17"": 4.52, ""w_18"": 4.52, ""w_19"": 4.52, ""w_20"": 4.59}"
156,100974271034,2021-12-31,0,counterfactual,"{""w_0"": 4.52, ""w_1"": 4.48, ""w_2"": 4.4, ""w_3"": 4.46, ""w_4"": 4.52, ""w_5"": 4.5, ""w_6"": 4.5, ""w_7"": 4.5, ""w_8"": 4.4, ""w_9"": 4.4, ""w_10"": 4.7, ""w_11"": 4.7, ""w_12"": 4.6, ""w_13"": 4.7, ""w_14"": 4.6, ""w_15"": 4.6, ""w_16"": 4.7, ""w_17"": 4.5, ""w_18"": 4.52, ""w_19"": 4.52, ""w_20"": 4.52}"
157,100974271034,2022-01-03,0,factual,"{""w_0"": 4.4, ""w_1"": 4.46, ""w_2"": 4.52, ""w_3"": 4.5, ""w_4"": 4.485, ""w_5"": 4.53, ""w_6"": 4.445, ""w_7"": 4.395, ""w_8"": 4.65, ""w_9"": 4.72, ""w_10"": 4.64, ""w_11"": 4.705, ""w_12"": 4.585, ""w_13"": 4.63, ""w_14"": 4.656000000000001, ""w_15"": 4.52, ""w_16"": 4.52, ""w_17"": 4.52, ""w_18"": 4.52, ""w_19"": 4.59, ""w_20"": 4.62}"
157,100974271034,2022-01-03,0,counterfactual,"{""w_0"": 4.52, ""w_1"": 4.48, ""w_2"": 4.4, ""w_3"": 4.46, ""w_4"": 4.5, ""w_5"": 4.5, ""w_6"": 4.5, ""w_7"": 4.5, ""w_8"": 4.4, ""w_9"": 4.4, ""w_10"": 4.7, ""w_11"": 4.7, ""w_12"": 4.6, ""w_13"": 4.7, ""w_14"": 4.6, ""w_15"": 4.6, ""w_16"": 4.7, ""w_17"": 4.52, ""w_18"": 4.52, ""w_19"": 4.52, ""w_20"": 4.52}"
158,100974271034,2022-01-04,0,factual,"{""w_0"": 4.46, ""w_1"": 4.52, ""w_2"": 4.5, ""w_3"": 4.485, ""w_4"": 4.53, ""w_5"": 4.445, ""w_6"": 4.395, ""w_7"": 4.65, ""w_8"": 4.72, ""w_9"": 4.64, ""w_10"": 4.705, ""w_11"": 4.585, ""w_12"": 4.63, ""w_13"": 4.656000000000001, ""w_14"": 4.52, ""w_15"": 4.52, ""w_16"": 4.52, ""w_17"": 4.52, ""w_18"": 4.59, ""w_19"": 4.62, ""w_20"": 4.63}"
158,100974271034,2022-01-04,0,counterfactual,"{""w_0"": 4.45, ""w_1"": 4.57, ""w_2"": 4.53, ""w_3"": 4.5, ""w_4"": 4.5, ""w_5"": 4.5, ""w_6"": 4.6, ""w_7"": 4.7, ""w_8"": 4.7, ""w_9"": 4.7, ""w_10"": 4.6, ""w_11"": 4.6, ""w_12"": 4.7, ""w_13"": 4.4, ""w_14"": 4.6, ""w_15"": 4.5, ""w_16"": 4.61, ""w_17"": 4.52, ""w_18"": 4.48, ""w_19"": 4.4, ""w_20"": 4.46}"
159,100974271034,2022-01-05,0,factual,"{""w_0"": 4.52, ""w_1"": 4.5, ""w_2"": 4.485, ""w_3"": 4.53, ""w_4"": 4.445, ""w_5"": 4.395, ""w_6"": 4.65, ""w_7"": 4.72, ""w_8"": 4.64, ""w_9"": 4.705, ""w_10"": 4.585, ""w_11"": 4.63, ""w_12"": 4.656000000000001, ""w_13"": 4.52, ""w_14"": 4.52, ""w_15"": 4.52, ""w_16"": 4.52, ""w_17"": 4.59, ""w_18"": 4.62, ""w_19"": 4.63, ""w_20"": 4.595}"
159,100974271034,2022-01-05,0,counterfactual,"{""w_0"": 4.57, ""w_1"": 4.53, ""w_2"": 4.5, ""w_3"": 4.5, ""w_4"": 4.5, ""w_5"": 4.6, ""w_6"": 4.7, ""w_7"": 4.7, ""w_8"": 4.7, ""w_9"": 4.6, ""w_10"": 4.6, ""w_11"": 4.7, ""w_12"": 4.4, ""w_13"": 4.6, ""w_14"": 4.5, ""w_15"": 4.61, ""w_16"": 4.52, ""w_17"": 4.48, ""w_18"": 4.4, ""w_19"": 4.46, ""w_20"": 4.52}"
160,100974271034,2022-01-06,0,factual,"{""w_0"": 4.5, ""w_1"": 4.485, ""w_2"": 4.53, ""w_3"": 4.445, ""w_4"": 4.395, ""w_5"": 4.65, ""w_6"": 4.72, ""w_7"": 4.64, ""w_8"": 4.705, ""w_9"": 4.585, ""w_10"": 4.63, ""w_11"": 4.656000000000001, ""w_12"": 4.52, ""w_13"": 4.52, ""w_14"": 4.52, ""w_15"": 4.52, ""w_16"": 4.59, ""w_17"": 4.62, ""w_18"": 4.63, ""w_19"": 4.595, ""w_20"": 4.590999999999999}"
160,100974271034,2022-01-06,0,counterfactual,"{""w_0"": 4.52, ""w_1"": 4.5, ""w_2"": 4.5, ""w_3"": 4.5, ""w_4"": 4.4, ""w_5"": 4.4, ""w_6"": 4.7, ""w_7"": 4.7, ""w_8"": 4.6, ""w_9"": 4.7, ""w_10"": 4.6, ""w_11"": 4.6, ""w_12"": 4.7, ""w_13"": 4.5, ""w_14"": 4.52, ""w_15"": 4.52, ""w_16"": 4.52, ""w_17"": 4.59, ""w_18"": 4.62, ""w_19"": 4.63, ""w_20"": 4.59}"
161,100974271034,2022-01-07,0,factual,"{""w_0"": 4.485, ""w_1"": 4.53, ""w_2"": 4.445, ""w_3"": 4.395, ""w_4"": 4.65, ""w_5"": 4.72, ""w_6"": 4.64, ""w_7"": 4.705, ""w_8"": 4.585, ""w_9"": 4.63, ""w_10"": 4.656000000000001, ""w_11"": 4.52, ""w_12"": 4.52, ""w_13"": 4.52, ""w_14"": 4.52, ""w_15"": 4.59, ""w_16"": 4.62, ""w_17"": 4.63, ""w_18"": 4.595, ""w_19"": 4.590999999999999, ""w_20"": 4.535}"
161,100974271034,2022-01-07,0,counterfactual,"{""w_0"": 4.5, ""w_1"": 4.5, ""w_2"": 4.5, ""w_3"": 4.4, ""w_4"": 4.4, ""w_5"": 4.7, ""w_6"": 4.7, ""w_7"": 4.6, ""w_8"": 4.7, ""w_9"": 4.6, ""w_10"": 4.6, ""w_11"": 4.7, ""w_12"": 4.5, ""w_13"": 4.52, ""w_14"": 4.52, ""w_15"": 4.52, ""w_16"": 4.59, ""w_17"": 4.62, ""w_18"": 4.63, ""w_19"": 4.59, ""w_20"": 4.59}"
162,100974271034,2022-01-10,0,factual,"{""w_0"": 4.53, ""w_1"": 4.445, ""w_2"": 4.395, ""w_3"": 4.65, ""w_4"": 4.72, ""w_5"": 4.64, ""w_6"": 4.705, ""w_7"": 4.585, ""w_8"": 4.63, ""w_9"": 4.656000000000001, ""w_10"": 4.52, ""w_11"": 4.52, ""w_12"": 4.52, ""w_13"": 4.52, ""w_14"": 4.59, ""w_15"": 4.62, ""w_16"": 4.63, ""w_17"": 4.595, ""w_18"": 4.590999999999999, ""w_19"": 4.535, ""w_20"": 4.55}"
162,100974271034,2022-01-10,0,counterfactual,"{""w_0"": 4.5, ""w_1"": 4.5, ""w_2"": 4.5, ""w_3"": 4.4, ""w_4"": 4.4, ""w_5"": 4.7, ""w_6"": 4.7, ""w_7"": 4.6, ""w_8"": 4.7, ""w_9"": 4.6, ""w_10"": 4.6, ""w_11"": 4.7, ""w_12"": 4.52, ""w_13"": 4.52, ""w_14"": 4.52, ""w_15"": 4.52, ""w_16"": 4.59, ""w_17"": 4.62, ""w_18"": 4.63, ""w_19"": 4.59, ""w_20"": 4.59}"
163,100974271034,2022-01-11,0,factual,"{""w_0"": 4.445, ""w_1"": 4.395, ""w_2"": 4.65, ""w_3"": 4.72, ""w_4"": 4.64, ""w_5"": 4.705, ""w_6"": 4.585, ""w_7"": 4.63, ""w_8"": 4.656000000000001, ""w_9"": 4.52, ""w_10"": 4.52, ""w_11"": 4.52, ""w_12"": 4.52, ""w_13"": 4.59, ""w_14"": 4.62, ""w_15"": 4.63, ""w_16"": 4.595, ""w_17"": 4.590999999999999, ""w_18"": 4.535, ""w_19"": 4.55, ""w_20"": 4.64}"
163,100974271034,2022-01-11,0,counterfactual,"{""w_0"": 4.5, ""w_1"": 4.5, ""w_2"": 4.5, ""w_3"": 4.5, ""w_4"": 4.6, ""w_5"": 4.7, ""w_6"": 4.7, ""w_7"": 4.7, ""w_8"": 4.6, ""w_9"": 4.6, ""w_10"": 4.7, ""w_11"": 4.4, ""w_12"": 4.56, ""w_13"": 4.51, ""w_14"": 4.61, ""w_15"": 4.52, ""w_16"": 4.48, ""w_17"": 4.4, ""w_18"": 4.46, ""w_19"": 4.52, ""w_20"": 4.5}"
164,100974271034,2022-01-12,0,factual,"{""w_0"": 4.395, ""w_1"": 4.65, ""w_2"": 4.72, ""w_3"": 4.64, ""w_4"": 4.705, ""w_5"": 4.585, ""w_6"": 4.63, ""w_7"": 4.656000000000001, ""w_8"": 4.52, ""w_9"": 4.52, ""w_10"": 4.52, ""w_11"": 4.52, ""w_12"": 4.59, ""w_13"": 4.62, ""w_14"": 4.63, ""w_15"": 4.595, ""w_16"": 4.590999999999999, ""w_17"": 4.535, ""w_18"": 4.55, ""w_19"": 4.64, ""w_20"": 4.71}"
164,100974271034,2022-01-12,0,counterfactual,"{""w_0"": 4.6, ""w_1"": 4.6, ""w_2"": 4.7, ""w_3"": 4.4, ""w_4"": 4.6, ""w_5"": 4.5, ""w_6"": 4.6, ""w_7"": 4.5, ""w_8"": 4.5, ""w_9"": 4.4, ""w_10"": 4.46, ""w_11"": 4.52, ""w_12"": 4.5, ""w_13"": 4.49, ""w_14"": 4.53, ""w_15"": 4.45, ""w_16"": 4.39, ""w_17"": 4.65, ""w_18"": 4.72, ""w_19"": 4.64, ""w_20"": 4.7}"
165,100974271034,2022-01-13,0,factual,"{""w_0"": 4.65, ""w_1"": 4.72, ""w_2"": 4.64, ""w_3"": 4.705, ""w_4"": 4.585, ""w_5"": 4.63, ""w_6"": 4.656000000000001, ""w_7"": 4.52, ""w_8"": 4.52, ""w_9"": 4.52, ""w_10"": 4.52, ""w_11"": 4.59, ""w_12"": 4.62, ""w_13"": 4.63, ""w_14"": 4.595, ""w_15"": 4.590999999999999, ""w_16"": 4.535, ""w_17"": 4.55, ""w_18"": 4.64, ""w_19"": 4.71, ""w_20"": 4.7}"
165,100974271034,2022-01-13,0,counterfactual,"{""w_0"": 4.6, ""w_1"": 4.7, ""w_2"": 4.4, ""w_3"": 4.6, ""w_4"": 4.5, ""w_5"": 4.6, ""w_6"": 4.5, ""w_7"": 4.5, ""w_8"": 4.4, ""w_9"": 4.46, ""w_10"": 4.52, ""w_11"": 4.5, ""w_12"": 4.49, ""w_13"": 4.53, ""w_14"": 4.45, ""w_15"": 4.39, ""w_16"": 4.65, ""w_17"": 4.72, ""w_18"": 4.64, ""w_19"": 4.7, ""w_20"": 4.59}"
166,100974271034,2022-01-14,0,factual,"{""w_0"": 4.72, ""w_1"": 4.64, ""w_2"": 4.705, ""w_3"": 4.585, ""w_4"": 4.63, ""w_5"": 4.656000000000001, ""w_6"": 4.52, ""w_7"": 4.52, ""w_8"": 4.52, ""w_9"": 4.52, ""w_10"": 4.59, ""w_11"": 4.62, ""w_12"": 4.63, ""w_13"": 4.595, ""w_14"": 4.590999999999999, ""w_15"": 4.535, ""w_16"": 4.55, ""w_17"": 4.64, ""w_18"": 4.71, ""w_19"": 4.7, ""w_20"": 4.655}"
166,100974271034,2022-01-14,0,counterfactual,"{""w_0"": 4.7, ""w_1"": 4.4, ""w_2"": 4.6, ""w_3"": 4.5, ""w_4"": 4.6, ""w_5"": 4.5, ""w_6"": 4.5, ""w_7"": 4.4, ""w_8"": 4.46, ""w_9"": 4.52, ""w_10"": 4.5, ""w_11"": 4.49, ""w_12"": 4.53, ""w_13"": 4.45, ""w_14"": 4.39, ""w_15"": 4.65, ""w_16"": 4.72, ""w_17"": 4.64, ""w_18"": 4.7, ""w_19"": 4.59, ""w_20"": 4.63}"
167,100974271034,2022-01-17,0,factual,"{""w_0"": 4.64, ""w_1"": 4.705, ""w_2"": 4.585, ""w_3"": 4.63, ""w_4"": 4.656000000000001, ""w_5"": 4.52, ""w_6"": 4.52, ""w_7"": 4.52, ""w_8"": 4.52, ""w_9"": 4.59, ""w_10"": 4.62, ""w_11"": 4.63, ""w_12"": 4.595, ""w_13"": 4.590999999999999, ""w_14"": 4.535, ""w_15"": 4.55, ""w_16"": 4.64, ""w_17"": 4.71, ""w_18"": 4.7, ""w_19"": 4.655, ""w_20"": 4.775}"
167,100974271034,2022-01-17,0,counterfactual,"{""w_0"": 4.4, ""w_1"": 4.6, ""w_2"": 4.5, ""w_3"": 4.6, ""w_4"": 4.5, ""w_5"": 4.5, ""w_6"": 4.4, ""w_7"": 4.46, ""w_8"": 4.52, ""w_9"": 4.5, ""w_10"": 4.49, ""w_11"": 4.53, ""w_12"": 4.45, ""w_13"": 4.39, ""w_14"": 4.65, ""w_15"": 4.72, ""w_16"": 4.64, ""w_17"": 4.7, ""w_18"": 4.59, ""w_19"": 4.63, ""w_20"": 4.66}"
168,100974271034,2022-01-18,0,factual,"{""w_0"": 4.705, ""w_1"": 4.585, ""w_2"": 4.63, ""w_3"": 4.656000000000001, ""w_4"": 4.52, ""w_5"": 4.52, ""w_6"": 4.52, ""w_7"": 4.52, ""w_8"": 4.59, ""w_9"": 4.62, ""w_10"": 4.63, ""w_11"": 4.595, ""w_12"": 4.590999999999999, ""w_13"": 4.535, ""w_14"": 4.55, ""w_15"": 4.64, ""w_16"": 4.71, ""w_17"": 4.7, ""w_18"": 4.655, ""w_19"": 4.775, ""w_20"": 4.77}"
168,100974271034,2022-01-18,0,counterfactual,"{""w_0"": 4.4, ""w_1"": 4.7, ""w_2"": 4.6, ""w_3"": 4.6, ""w_4"": 4.5, ""w_5"": 4.7, ""w_6"": 4.73, ""w_7"": 4.64, ""w_8"": 4.61, ""w_9"": 4.62, ""w_10"": 4.6, ""w_11"": 4.62, ""w_12"": 4.66, ""w_13"": 4.59, ""w_14"": 4.56, ""w_15"": 4.7, ""w_16"": 4.71, ""w_17"": 4.8, ""w_18"": 4.87, ""w_19"": 4.7, ""w_20"": 4.57}"
169,100974271034,2022-01-19,0,factual,"{""w_0"": 4.585, ""w_1"": 4.63, ""w_2"": 4.656000000000001, ""w_3"": 4.52, ""w_4"": 4.52, ""w_5"": 4.52, ""w_6"": 4.52, ""w_7"": 4.59, ""w_8"": 4.62, ""w_9"": 4.63, ""w_10"": 4.595, ""w_11"": 4.590999999999999, ""w_12"": 4.535, ""w_13"": 4.55, ""w_14"": 4.64, ""w_15"": 4.71, ""w_16"": 4.7, ""w_17"": 4.655, ""w_18"": 4.775, ""w_19"": 4.77, ""w_20"": 4.97}"
169,100974271034,2022-01-19,0,counterfactual,"{""w_0"": 4.7, ""w_1"": 4.6, ""w_2"": 4.6, ""w_3"": 4.5, ""w_4"": 4.7, ""w_5"": 4.73, ""w_6"": 4.64, ""w_7"": 4.61, ""w_8"": 4.62, ""w_9"": 4.6, ""w_10"": 4.62, ""w_11"": 4.66, ""w_12"": 4.59, ""w_13"": 4.56, ""w_14"": 4.7, ""w_15"": 4.71, ""w_16"": 4.8, ""w_17"": 4.87, ""w_18"": 4.7, ""w_19"": 4.57, ""w_20"": 4.5}"
170,100974271034,2022-01-20,0,factual,"{""w_0"": 4.63, ""w_1"": 4.656000000000001, ""w_2"": 4.52, ""w_3"": 4.52, ""w_4"": 4.52, ""w_5"": 4.52, ""w_6"": 4.59, ""w_7"": 4.62, ""w_8"": 4.63, ""w_9"": 4.595, ""w_10"": 4.590999999999999, ""w_11"": 4.535, ""w_12"": 4.55, ""w_13"": 4.64, ""w_14"": 4.71, ""w_15"": 4.7, ""w_16"": 4.655, ""w_17"": 4.775, ""w_18"": 4.77, ""w_19"": 4.97, ""w_20"": 4.98}"
170,100974271034,2022-01-20,0,counterfactual,"{""w_0"": 4.6, ""w_1"": 4.6, ""w_2"": 4.7, ""w_3"": 4.5, ""w_4"": 4.52, ""w_5"": 4.52, ""w_6"": 4.52, ""w_7"": 4.59, ""w_8"": 4.62, ""w_9"": 4.63, ""w_10"": 4.59, ""w_11"": 4.59, ""w_12"": 4.53, ""w_13"": 4.55, ""w_14"": 4.64, ""w_15"": 4.71, ""w_16"": 4.7, ""w_17"": 4.66, ""w_18"": 4.78, ""w_19"": 4.77, ""w_20"": 4.97}"
171,100974271034,2022-01-21,0,factual,"{""w_0"": 4.656000000000001, ""w_1"": 4.52, ""w_2"": 4.52, ""w_3"": 4.52, ""w_4"": 4.52, ""w_5"": 4.59, ""w_6"": 4.62, ""w_7"": 4.63, ""w_8"": 4.595, ""w_9"": 4.590999999999999, ""w_10"": 4.535, ""w_11"": 4.55, ""w_12"": 4.64, ""w_13"": 4.71, ""w_14"": 4.7, ""w_15"": 4.655, ""w_16"": 4.775, ""w_17"": 4.77, ""w_18"": 4.97, ""w_19"": 4.98, ""w_20"": 4.86}"
171,100974271034,2022-01-21,0,counterfactual,"{""w_0"": 4.7, ""w_1"": 4.6, ""w_2"": 4.6, ""w_3"": 4.53, ""w_4"": 4.7, ""w_5"": 4.73, ""w_6"": 4.64, ""w_7"": 4.61, ""w_8"": 4.62, ""w_9"": 4.6, ""w_10"": 4.62, ""w_11"": 4.66, ""w_12"": 4.59, ""w_13"": 4.56, ""w_14"": 4.7, ""w_15"": 4.71, ""w_16"": 4.8, ""w_17"": 4.87, ""w_18"": 4.7, ""w_19"": 4.57, ""w_20"": 4.5}"
172,100974271034,2022-01-24,0,factual,"{""w_0"": 4.52, ""w_1"": 4.52, ""w_2"": 4.52, ""w_3"": 4.52, ""w_4"": 4.59, ""w_5"": 4.62, ""w_6"": 4.63, ""w_7"": 4.595, ""w_8"": 4.590999999999999, ""w_9"": 4.535, ""w_10"": 4.55, ""w_11"": 4.64, ""w_12"": 4.71, ""w_13"": 4.7, ""w_14"": 4.655, ""w_15"": 4.775, ""w_16"": 4.77, ""w_17"": 4.97, ""w_18"": 4.98, ""w_19"": 4.86, ""w_20"": 4.76}"
172,100974271034,2022-01-24,0,counterfactual,"{""w_0"": 4.6, ""w_1"": 4.6, ""w_2"": 4.53, ""w_3"": 4.7, ""w_4"": 4.73, ""w_5"": 4.64, ""w_6"": 4.61, ""w_7"": 4.62, ""w_8"": 4.6, ""w_9"": 4.62, ""w_10"": 4.66, ""w_11"": 4.59, ""w_12"": 4.56, ""w_13"": 4.7, ""w_14"": 4.71, ""w_15"": 4.8, ""w_16"": 4.87, ""w_17"": 4.7, ""w_18"": 4.57, ""w_19"": 4.5, ""w_20"": 4.51}"
173,100974271034,2022-01-25,0,factual,"{""w_0"": 4.52, ""w_1"": 4.52, ""w_2"": 4.52, ""w_3"": 4.59, ""w_4"": 4.62, ""w_5"": 4.63, ""w_6"": 4.595, ""w_7"": 4.590999999999999, ""w_8"": 4.535, ""w_9"": 4.55, ""w_10"": 4.64, ""w_11"": 4.71, ""w_12"": 4.7, ""w_13"": 4.655, ""w_14"": 4.775, ""w_15"": 4.77, ""w_16"": 4.97, ""w_17"": 4.98, ""w_18"": 4.86, ""w_19"": 4.76, ""w_20"": 4.7}"
173,100974271034,2022-01-25,0,counterfactual,"{""w_0"": 4.7, ""w_1"": 4.52, ""w_2"": 4.52, ""w_3"": 4.52, ""w_4"": 4.52, ""w_5"": 4.59, ""w_6"": 4.62, ""w_7"": 4.63, ""w_8"": 4.59, ""w_9"": 4.59, ""w_10"": 4.53, ""w_11"": 4.55, ""w_12"": 4.64, ""w_13"": 4.71, ""w_14"": 4.7, ""w_15"": 4.66, ""w_16"": 4.78, ""w_17"": 4.77, ""w_18"": 4.97, ""w_19"": 4.98, ""w_20"": 4.86}"
174,100974271034,2022-01-26,0,factual,"{""w_0"": 4.52, ""w_1"": 4.52, ""w_2"": 4.59, ""w_3"": 4.62, ""w_4"": 4.63, ""w_5"": 4.595, ""w_6"": 4.590999999999999, ""w_7"": 4.535, ""w_8"": 4.55, ""w_9"": 4.64, ""w_10"": 4.71, ""w_11"": 4.7, ""w_12"": 4.655, ""w_13"": 4.775, ""w_14"": 4.77, ""w_15"": 4.97, ""w_16"": 4.98, ""w_17"": 4.86, ""w_18"": 4.76, ""w_19"": 4.7, ""w_20"": 4.8}"
174,100974271034,2022-01-26,0,counterfactual,"{""w_0"": 4.66, ""w_1"": 4.52, ""w_2"": 4.52, ""w_3"": 4.52, ""w_4"": 4.52, ""w_5"": 4.59, ""w_6"": 4.62, ""w_7"": 4.63, ""w_8"": 4.59, ""w_9"": 4.59, ""w_10"": 4.53, ""w_11"": 4.55, ""w_12"": 4.64, ""w_13"": 4.71, ""w_14"": 4.7, ""w_15"": 4.66, ""w_16"": 4.78, ""w_17"": 4.77, ""w_18"": 4.97, ""w_19"": 4.98, ""w_20"": 4.86}"
175,100974271034,2022-01-27,0,factual,"{""w_0"": 4.52, ""w_1"": 4.59, ""w_2"": 4.62, ""w_3"": 4.63, ""w_4"": 4.595, ""w_5"": 4.590999999999999, ""w_6"": 4.535, ""w_7"": 4.55, ""w_8"": 4.64, ""w_9"": 4.71, ""w_10"": 4.7, ""w_11"": 4.655, ""w_12"": 4.775, ""w_13"": 4.77, ""w_14"": 4.97, ""w_15"": 4.98, ""w_16"": 4.86, ""w_17"": 4.76, ""w_18"": 4.7, ""w_19"": 4.8, ""w_20"": 4.735}"
175,100974271034,2022-01-27,0,counterfactual,"{""w_0"": 4.66, ""w_1"": 4.52, ""w_2"": 4.52, ""w_3"": 4.52, ""w_4"": 4.52, ""w_5"": 4.59, ""w_6"": 4.62, ""w_7"": 4.63, ""w_8"": 4.59, ""w_9"": 4.59, ""w_10"": 4.53, ""w_11"": 4.55, ""w_12"": 4.64, ""w_13"": 4.71, ""w_14"": 4.7, ""w_15"": 4.66, ""w_16"": 4.78, ""w_17"": 4.77, ""w_18"": 4.97, ""w_19"": 4.98, ""w_20"": 4.86}"
176,100974271034,2022-01-28,0,factual,"{""w_0"": 4.59, ""w_1"": 4.62, ""w_2"": 4.63, ""w_3"": 4.595, ""w_4"": 4.590999999999999, ""w_5"": 4.535, ""w_6"": 4.55, ""w_7"": 4.64, ""w_8"": 4.71, ""w_9"": 4.7, ""w_10"": 4.655, ""w_11"": 4.775, ""w_12"": 4.77, ""w_13"": 4.97, ""w_14"": 4.98, ""w_15"": 4.86, ""w_16"": 4.76, ""w_17"": 4.7, ""w_18"": 4.8, ""w_19"": 4.735, ""w_20"": 4.7}"
176,100974271034,2022-01-28,0,counterfactual,"{""w_0"": 4.52, ""w_1"": 4.59, ""w_2"": 4.62, ""w_3"": 4.63, ""w_4"": 4.59, ""w_5"": 4.59, ""w_6"": 4.53, ""w_7"": 4.55, ""w_8"": 4.64, ""w_9"": 4.71, ""w_10"": 4.7, ""w_11"": 4.66, ""w_12"": 4.78, ""w_13"": 4.77, ""w_14"": 4.97, ""w_15"": 4.98, ""w_16"": 4.86, ""w_17"": 4.76, ""w_18"": 4.7, ""w_19"": 4.8, ""w_20"": 4.74}"
177,100974271034,2022-01-31,0,factual,"{""w_0"": 4.62, ""w_1"": 4.63, ""w_2"": 4.595, ""w_3"": 4.590999999999999, ""w_4"": 4.535, ""w_5"": 4.55, ""w_6"": 4.64, ""w_7"": 4.71, ""w_8"": 4.7, ""w_9"": 4.655, ""w_10"": 4.775, ""w_11"": 4.77, ""w_12"": 4.97, ""w_13"": 4.98, ""w_14"": 4.86, ""w_15"": 4.76, ""w_16"": 4.7, ""w_17"": 4.8, ""w_18"": 4.735, ""w_19"": 4.7, ""w_20"": 4.78}"
177,100974271034,2022-01-31,0,counterfactual,"{""w_0"": 4.52, ""w_1"": 4.52, ""w_2"": 4.59, ""w_3"": 4.62, ""w_4"": 4.63, ""w_5"": 4.59, ""w_6"": 4.59, ""w_7"": 4.53, ""w_8"": 4.55, ""w_9"": 4.64, ""w_10"": 4.71, ""w_11"": 4.7, ""w_12"": 4.66, ""w_13"": 4.78, ""w_14"": 4.77, ""w_15"": 4.97, ""w_16"": 4.98, ""w_17"": 4.86, ""w_18"": 4.76, ""w_19"": 4.7, ""w_20"": 4.8}"
178,100974271034,2022-02-01,0,factual,"{""w_0"": 4.63, ""w_1"": 4.595, ""w_2"": 4.590999999999999, ""w_3"": 4.535, ""w_4"": 4.55, ""w_5"": 4.64, ""w_6"": 4.71, ""w_7"": 4.7, ""w_8"": 4.655, ""w_9"": 4.775, ""w_10"": 4.77, ""w_11"": 4.97, ""w_12"": 4.98, ""w_13"": 4.86, ""w_14"": 4.76, ""w_15"": 4.7, ""w_16"": 4.8, ""w_17"": 4.735, ""w_18"": 4.7, ""w_19"": 4.78, ""w_20"": 5.0}"
178,100974271034,2022-02-01,0,counterfactual,"{""w_0"": 4.62, ""w_1"": 4.63, ""w_2"": 4.59, ""w_3"": 4.59, ""w_4"": 4.53, ""w_5"": 4.55, ""w_6"": 4.64, ""w_7"": 4.71, ""w_8"": 4.7, ""w_9"": 4.66, ""w_10"": 4.78, ""w_11"": 4.77, ""w_12"": 4.97, ""w_13"": 4.98, ""w_14"": 4.86, ""w_15"": 4.76, ""w_16"": 4.7, ""w_17"": 4.8, ""w_18"": 4.74, ""w_19"": 4.7, ""w_20"": 4.78}"
179,100974271034,2022-02-02,0,factual,"{""w_0"": 4.595, ""w_1"": 4.590999999999999, ""w_2"": 4.535, ""w_3"": 4.55, ""w_4"": 4.64, ""w_5"": 4.71, ""w_6"": 4.7, ""w_7"": 4.655, ""w_8"": 4.775, ""w_9"": 4.77, ""w_10"": 4.97, ""w_11"": 4.98, ""w_12"": 4.86, ""w_13"": 4.76, ""w_14"": 4.7, ""w_15"": 4.8, ""w_16"": 4.735, ""w_17"": 4.7, ""w_18"": 4.78, ""w_19"": 5.0, ""w_20"": 5.03}"
179,100974271034,2022-02-02,0,counterfactual,"{""w_0"": 4.3, ""w_1"": 4.3, ""w_2"": 4.45, ""w_3"": 4.67, ""w_4"": 4.64, ""w_5"": 4.58, ""w_6"": 4.53, ""w_7"": 4.7, ""w_8"": 4.73, ""w_9"": 4.64, ""w_10"": 4.61, ""w_11"": 4.62, ""w_12"": 4.6, ""w_13"": 4.62, ""w_14"": 4.66, ""w_15"": 4.59, ""w_16"": 4.56, ""w_17"": 4.7, ""w_18"": 4.71, ""w_19"": 4.8, ""w_20"": 4.87}"
180,100974271034,2022-02-03,0,factual,"{""w_0"": 4.590999999999999, ""w_1"": 4.535, ""w_2"": 4.55, ""w_3"": 4.64, ""w_4"": 4.71, ""w_5"": 4.7, ""w_6"": 4.655, ""w_7"": 4.775, ""w_8"": 4.77, ""w_9"": 4.97, ""w_10"": 4.98, ""w_11"": 4.86, ""w_12"": 4.76, ""w_13"": 4.7, ""w_14"": 4.8, ""w_15"": 4.735, ""w_16"": 4.7, ""w_17"": 4.78, ""w_18"": 5.0, ""w_19"": 5.03, ""w_20"": 4.965}"
180,100974271034,2022-02-03,0,counterfactual,"{""w_0"": 4.3, ""w_1"": 4.45, ""w_2"": 4.67, ""w_3"": 4.64, ""w_4"": 4.58, ""w_5"": 4.53, ""w_6"": 4.7, ""w_7"": 4.73, ""w_8"": 4.64, ""w_9"": 4.61, ""w_10"": 4.62, ""w_11"": 4.6, ""w_12"": 4.62, ""w_13"": 4.66, ""w_14"": 4.59, ""w_15"": 4.56, ""w_16"": 4.7, ""w_17"": 4.71, ""w_18"": 4.8, ""w_19"": 4.87, ""w_20"": 4.7}"
181,100974271034,2022-02-04,0,factual,"{""w_0"": 4.535, ""w_1"": 4.55, ""w_2"": 4.64, ""w_3"": 4.71, ""w_4"": 4.7, ""w_5"": 4.655, ""w_6"": 4.775, ""w_7"": 4.77, ""w_8"": 4.97, ""w_9"": 4.98, ""w_10"": 4.86, ""w_11"": 4.76, ""w_12"": 4.7, ""w_13"": 4.8, ""w_14"": 4.735, ""w_15"": 4.7, ""w_16"": 4.78, ""w_17"": 5.0, ""w_18"": 5.03, ""w_19"": 4.965, ""w_20"": 5.03}"
181,100974271034,2022-02-04,0,counterfactual,"{""w_0"": 4.62, ""w_1"": 4.66, ""w_2"": 4.59, ""w_3"": 4.56, ""w_4"": 4.7, ""w_5"": 4.71, ""w_6"": 4.8, ""w_7"": 4.87, ""w_8"": 4.7, ""w_9"": 4.57, ""w_10"": 4.5, ""w_11"": 4.51, ""w_12"": 4.33, ""w_13"": 4.45, ""w_14"": 4.34, ""w_15"": 4.27, ""w_16"": 4.31, ""w_17"": 4.15, ""w_18"": 4.31, ""w_19"": 4.34, ""w_20"": 4.41}"
182,100974271034,2022-02-07,0,factual,"{""w_0"": 4.55, ""w_1"": 4.64, ""w_2"": 4.71, ""w_3"": 4.7, ""w_4"": 4.655, ""w_5"": 4.775, ""w_6"": 4.77, ""w_7"": 4.97, ""w_8"": 4.98, ""w_9"": 4.86, ""w_10"": 4.76, ""w_11"": 4.7, ""w_12"": 4.8, ""w_13"": 4.735, ""w_14"": 4.7, ""w_15"": 4.78, ""w_16"": 5.0, ""w_17"": 5.03, ""w_18"": 4.965, ""w_19"": 5.03, ""w_20"": 4.95}"
182,100974271034,2022-02-07,0,counterfactual,"{""w_0"": 4.66, ""w_1"": 4.59, ""w_2"": 4.56, ""w_3"": 4.7, ""w_4"": 4.71, ""w_5"": 4.8, ""w_6"": 4.87, ""w_7"": 4.7, ""w_8"": 4.57, ""w_9"": 4.5, ""w_10"": 4.51, ""w_11"": 4.33, ""w_12"": 4.45, ""w_13"": 4.34, ""w_14"": 4.27, ""w_15"": 4.31, ""w_16"": 4.15, ""w_17"": 4.31, ""w_18"": 4.34, ""w_19"": 4.41, ""w_20"": 4.31}"
183,100974271034,2022-02-08,0,factual,"{""w_0"": 4.64, ""w_1"": 4.71, ""w_2"": 4.7, ""w_3"": 4.655, ""w_4"": 4.775, ""w_5"": 4.77, ""w_6"": 4.97, ""w_7"": 4.98, ""w_8"": 4.86, ""w_9"": 4.76, ""w_10"": 4.7, ""w_11"": 4.8, ""w_12"": 4.735, ""w_13"": 4.7, ""w_14"": 4.78, ""w_15"": 5.0, ""w_16"": 5.03, ""w_17"": 4.965, ""w_18"": 5.03, ""w_19"": 4.95, ""w_20"": 4.86}"
183,100974271034,2022-02-08,0,counterfactual,"{""w_0"": 4.55, ""w_1"": 4.64, ""w_2"": 4.71, ""w_3"": 4.7, ""w_4"": 4.66, ""w_5"": 4.78, ""w_6"": 4.77, ""w_7"": 4.97, ""w_8"": 4.98, ""w_9"": 4.86, ""w_10"": 4.76, ""w_11"": 4.7, ""w_12"": 4.8, ""w_13"": 4.74, ""w_14"": 4.7, ""w_15"": 4.78, ""w_16"": 5.0, ""w_17"": 5.03, ""w_18"": 4.97, ""w_19"": 5.03, ""w_20"": 4.95}"
184,100974271034,2022-02-09,0,factual,"{""w_0"": 4.71, ""w_1"": 4.7, ""w_2"": 4.655, ""w_3"": 4.775, ""w_4"": 4.77, ""w_5"": 4.97, ""w_6"": 4.98, ""w_7"": 4.86, ""w_8"": 4.76, ""w_9"": 4.7, ""w_10"": 4.8, ""w_11"": 4.735, ""w_12"": 4.7, ""w_13"": 4.78, ""w_14"": 5.0, ""w_15"": 5.03, ""w_16"": 4.965, ""w_17"": 5.03, ""w_18"": 4.95, ""w_19"": 4.86, ""w_20"": 4.87}"
184,100974271034,2022-02-09,0,counterfactual,"{""w_0"": 4.55, ""w_1"": 4.64, ""w_2"": 4.71, ""w_3"": 4.7, ""w_4"": 4.66, ""w_5"": 4.78, ""w_6"": 4.77, ""w_7"": 4.97, ""w_8"": 4.98, ""w_9"": 4.86, ""w_10"": 4.76, ""w_11"": 4.7, ""w_12"": 4.8, ""w_13"": 4.74, ""w_14"": 4.7, ""w_15"": 4.78, ""w_16"": 5.0, ""w_17"": 5.03, ""w_18"": 4.97, ""w_19"": 5.03, ""w_20"": 4.95}"
185,100974271034,2022-02-10,0,factual,"{""w_0"": 4.7, ""w_1"": 4.655, ""w_2"": 4.775, ""w_3"": 4.77, ""w_4"": 4.97, ""w_5"": 4.98, ""w_6"": 4.86, ""w_7"": 4.76, ""w_8"": 4.7, ""w_9"": 4.8, ""w_10"": 4.735, ""w_11"": 4.7, ""w_12"": 4.78, ""w_13"": 5.0, ""w_14"": 5.03, ""w_15"": 4.965, ""w_16"": 5.03, ""w_17"": 4.95, ""w_18"": 4.86, ""w_19"": 4.87, ""w_20"": 4.815}"
185,100974271034,2022-02-10,0,counterfactual,"{""w_0"": 4.48, ""w_1"": 4.74, ""w_2"": 4.46, ""w_3"": 4.54, ""w_4"": 4.3, ""w_5"": 4.9, ""w_6"": 4.85, ""w_7"": 4.53, ""w_8"": 4.73, ""w_9"": 4.81, ""w_10"": 4.77, ""w_11"": 4.8, ""w_12"": 4.26, ""w_13"": 4.88, ""w_14"": 4.33, ""w_15"": 4.16, ""w_16"": 5.0, ""w_17"": 4.72, ""w_18"": 4.86, ""w_19"": 4.51, ""w_20"": 4.16}"
186,100974271034,2022-02-11,0,factual,"{""w_0"": 4.655, ""w_1"": 4.775, ""w_2"": 4.77, ""w_3"": 4.97, ""w_4"": 4.98, ""w_5"": 4.86, ""w_6"": 4.76, ""w_7"": 4.7, ""w_8"": 4.8, ""w_9"": 4.735, ""w_10"": 4.7, ""w_11"": 4.78, ""w_12"": 5.0, ""w_13"": 5.03, ""w_14"": 4.965, ""w_15"": 5.03, ""w_16"": 4.95, ""w_17"": 4.86, ""w_18"": 4.87, ""w_19"": 4.815, ""w_20"": 4.755}"
186,100974271034,2022-02-11,0,counterfactual,"{""w_0"": 4.55, ""w_1"": 4.64, ""w_2"": 4.71, ""w_3"": 4.7, ""w_4"": 4.66, ""w_5"": 4.78, ""w_6"": 4.77, ""w_7"": 4.97, ""w_8"": 4.98, ""w_9"": 4.86, ""w_10"": 4.76, ""w_11"": 4.7, ""w_12"": 4.8, ""w_13"": 4.74, ""w_14"": 4.7, ""w_15"": 4.78, ""w_16"": 5.0, ""w_17"": 5.03, ""w_18"": 4.97, ""w_19"": 5.03, ""w_20"": 4.95}"
187,100974271034,2022-02-14,0,factual,"{""w_0"": 4.775, ""w_1"": 4.77, ""w_2"": 4.97, ""w_3"": 4.98, ""w_4"": 4.86, ""w_5"": 4.76, ""w_6"": 4.7, ""w_7"": 4.8, ""w_8"": 4.735, ""w_9"": 4.7, ""w_10"": 4.78, ""w_11"": 5.0, ""w_12"": 5.03, ""w_13"": 4.965, ""w_14"": 5.03, ""w_15"": 4.95, ""w_16"": 4.86, ""w_17"": 4.87, ""w_18"": 4.815, ""w_19"": 4.755, ""w_20"": 4.595}"
187,100974271034,2022-02-14,0,counterfactual,"{""w_0"": 4.7, ""w_1"": 4.66, ""w_2"": 4.78, ""w_3"": 4.77, ""w_4"": 4.97, ""w_5"": 4.98, ""w_6"": 4.86, ""w_7"": 4.76, ""w_8"": 4.7, ""w_9"": 4.8, ""w_10"": 4.74, ""w_11"": 4.7, ""w_12"": 4.78, ""w_13"": 5.0, ""w_14"": 5.03, ""w_15"": 4.97, ""w_16"": 5.03, ""w_17"": 4.95, ""w_18"": 4.86, ""w_19"": 4.87, ""w_20"": 4.82}"
188,100974271034,2022-02-15,0,factual,"{""w_0"": 4.77, ""w_1"": 4.97, ""w_2"": 4.98, ""w_3"": 4.86, ""w_4"": 4.76, ""w_5"": 4.7, ""w_6"": 4.8, ""w_7"": 4.735, ""w_8"": 4.7, ""w_9"": 4.78, ""w_10"": 5.0, ""w_11"": 5.03, ""w_12"": 4.965, ""w_13"": 5.03, ""w_14"": 4.95, ""w_15"": 4.86, ""w_16"": 4.87, ""w_17"": 4.815, ""w_18"": 4.755, ""w_19"": 4.595, ""w_20"": 4.645}"
188,100974271034,2022-02-15,0,counterfactual,"{""w_0"": 4.66, ""w_1"": 4.78, ""w_2"": 4.77, ""w_3"": 4.97, ""w_4"": 4.98, ""w_5"": 4.86, ""w_6"": 4.76, ""w_7"": 4.7, ""w_8"": 4.8, ""w_9"": 4.74, ""w_10"": 4.7, ""w_11"": 4.78, ""w_12"": 5.0, ""w_13"": 5.03, ""w_14"": 4.97, ""w_15"": 5.03, ""w_16"": 4.95, ""w_17"": 4.86, ""w_18"": 4.87, ""w_19"": 4.82, ""w_20"": 4.76}"
189,100974271034,2022-02-16,0,factual,"{""w_0"": 4.97, ""w_1"": 4.98, ""w_2"": 4.86, ""w_3"": 4.76, ""w_4"": 4.7, ""w_5"": 4.8, ""w_6"": 4.735, ""w_7"": 4.7, ""w_8"": 4.78, ""w_9"": 5.0, ""w_10"": 5.03, ""w_11"": 4.965, ""w_12"": 5.03, ""w_13"": 4.95, ""w_14"": 4.86, ""w_15"": 4.87, ""w_16"": 4.815, ""w_17"": 4.755, ""w_18"": 4.595, ""w_19"": 4.645, ""w_20"": 4.64}"
189,100974271034,2022-02-16,0,counterfactual,"{""w_0"": 4.77, ""w_1"": 4.97, ""w_2"": 4.98, ""w_3"": 4.86, ""w_4"": 4.76, ""w_5"": 4.7, ""w_6"": 4.8, ""w_7"": 4.74, ""w_8"": 4.7, ""w_9"": 4.78, ""w_10"": 5.0, ""w_11"": 5.03, ""w_12"": 4.97, ""w_13"": 5.03, ""w_14"": 4.95, ""w_15"": 4.86, ""w_16"": 4.87, ""w_17"": 4.82, ""w_18"": 4.76, ""w_19"": 4.59, ""w_20"": 4.64}"
190,100974271034,2022-02-17,0,factual,"{""w_0"": 4.98, ""w_1"": 4.86, ""w_2"": 4.76, ""w_3"": 4.7, ""w_4"": 4.8, ""w_5"": 4.735, ""w_6"": 4.7, ""w_7"": 4.78, ""w_8"": 5.0, ""w_9"": 5.03, ""w_10"": 4.965, ""w_11"": 5.03, ""w_12"": 4.95, ""w_13"": 4.86, ""w_14"": 4.87, ""w_15"": 4.815, ""w_16"": 4.755, ""w_17"": 4.595, ""w_18"": 4.645, ""w_19"": 4.64, ""w_20"": 4.585}"
190,100974271034,2022-02-17,0,counterfactual,"{""w_0"": 4.63, ""w_1"": 4.59, ""w_2"": 4.59, ""w_3"": 4.53, ""w_4"": 4.55, ""w_5"": 4.64, ""w_6"": 4.71, ""w_7"": 4.7, ""w_8"": 4.66, ""w_9"": 4.78, ""w_10"": 4.77, ""w_11"": 4.97, ""w_12"": 4.98, ""w_13"": 4.86, ""w_14"": 4.76, ""w_15"": 4.7, ""w_16"": 4.8, ""w_17"": 4.74, ""w_18"": 4.7, ""w_19"": 4.78, ""w_20"": 5.0}"
191,100974271034,2022-02-18,0,factual,"{""w_0"": 4.86, ""w_1"": 4.76, ""w_2"": 4.7, ""w_3"": 4.8, ""w_4"": 4.735, ""w_5"": 4.7, ""w_6"": 4.78, ""w_7"": 5.0, ""w_8"": 5.03, ""w_9"": 4.965, ""w_10"": 5.03, ""w_11"": 4.95, ""w_12"": 4.86, ""w_13"": 4.87, ""w_14"": 4.815, ""w_15"": 4.755, ""w_16"": 4.595, ""w_17"": 4.645, ""w_18"": 4.64, ""w_19"": 4.585, ""w_20"": 4.67}"
191,100974271034,2022-02-18,0,counterfactual,"{""w_0"": 4.64, ""w_1"": 4.71, ""w_2"": 4.7, ""w_3"": 4.66, ""w_4"": 4.78, ""w_5"": 4.77, ""w_6"": 4.97, ""w_7"": 4.98, ""w_8"": 4.86, ""w_9"": 4.76, ""w_10"": 4.7, ""w_11"": 4.8, ""w_12"": 4.74, ""w_13"": 4.7, ""w_14"": 4.78, ""w_15"": 5.0, ""w_16"": 5.03, ""w_17"": 4.97, ""w_18"": 5.03, ""w_19"": 4.95, ""w_20"": 4.86}"
192,100974271034,2022-02-21,0,factual,"{""w_0"": 4.76, ""w_1"": 4.7, ""w_2"": 4.8, ""w_3"": 4.735, ""w_4"": 4.7, ""w_5"": 4.78, ""w_6"": 5.0, ""w_7"": 5.03, ""w_8"": 4.965, ""w_9"": 5.03, ""w_10"": 4.95, ""w_11"": 4.86, ""w_12"": 4.87, ""w_13"": 4.815, ""w_14"": 4.755, ""w_15"": 4.595, ""w_16"": 4.645, ""w_17"": 4.64, ""w_18"": 4.585, ""w_19"": 4.67, ""w_20"": 4.6}"
192,100974271034,2022-02-21,0,counterfactual,"{""w_0"": 4.98, ""w_1"": 4.86, ""w_2"": 4.76, ""w_3"": 4.7, ""w_4"": 4.8, ""w_5"": 4.74, ""w_6"": 4.7, ""w_7"": 4.78, ""w_8"": 5.0, ""w_9"": 5.03, ""w_10"": 4.97, ""w_11"": 5.03, ""w_12"": 4.95, ""w_13"": 4.86, ""w_14"": 4.87, ""w_15"": 4.82, ""w_16"": 4.76, ""w_17"": 4.59, ""w_18"": 4.64, ""w_19"": 4.64, ""w_20"": 4.59}"
193,100974271034,2022-02-22,0,factual,"{""w_0"": 4.7, ""w_1"": 4.8, ""w_2"": 4.735, ""w_3"": 4.7, ""w_4"": 4.78, ""w_5"": 5.0, ""w_6"": 5.03, ""w_7"": 4.965, ""w_8"": 5.03, ""w_9"": 4.95, ""w_10"": 4.86, ""w_11"": 4.87, ""w_12"": 4.815, ""w_13"": 4.755, ""w_14"": 4.595, ""w_15"": 4.645, ""w_16"": 4.64, ""w_17"": 4.585, ""w_18"": 4.67, ""w_19"": 4.6, ""w_20"": 4.6}"
193,100974271034,2022-02-22,0,counterfactual,"{""w_0"": 4.45, ""w_1"": 4.39, ""w_2"": 4.65, ""w_3"": 4.72, ""w_4"": 4.64, ""w_5"": 4.7, ""w_6"": 4.59, ""w_7"": 4.63, ""w_8"": 4.66, ""w_9"": 4.52, ""w_10"": 4.52, ""w_11"": 4.52, ""w_12"": 4.52, ""w_13"": 4.59, ""w_14"": 4.62, ""w_15"": 4.63, ""w_16"": 4.59, ""w_17"": 4.59, ""w_18"": 4.53, ""w_19"": 4.55, ""w_20"": 4.64}"
194,100974271034,2022-02-23,0,factual,"{""w_0"": 4.8, ""w_1"": 4.735, ""w_2"": 4.7, ""w_3"": 4.78, ""w_4"": 5.0, ""w_5"": 5.03, ""w_6"": 4.965, ""w_7"": 5.03, ""w_8"": 4.95, ""w_9"": 4.86, ""w_10"": 4.87, ""w_11"": 4.815, ""w_12"": 4.755, ""w_13"": 4.595, ""w_14"": 4.645, ""w_15"": 4.64, ""w_16"": 4.585, ""w_17"": 4.67, ""w_18"": 4.6, ""w_19"": 4.6, ""w_20"": 4.685}"
194,100974271034,2022-02-23,0,counterfactual,"{""w_0"": 4.7, ""w_1"": 4.8, ""w_2"": 4.74, ""w_3"": 4.7, ""w_4"": 4.78, ""w_5"": 5.0, ""w_6"": 5.03, ""w_7"": 4.97, ""w_8"": 5.03, ""w_9"": 4.95, ""w_10"": 4.86, ""w_11"": 4.87, ""w_12"": 4.82, ""w_13"": 4.76, ""w_14"": 4.59, ""w_15"": 4.64, ""w_16"": 4.64, ""w_17"": 4.59, ""w_18"": 4.67, ""w_19"": 4.6, ""w_20"": 4.6}"
195,100974271034,2022-02-24,0,factual,"{""w_0"": 4.735, ""w_1"": 4.7, ""w_2"": 4.78, ""w_3"": 5.0, ""w_4"": 5.03, ""w_5"": 4.965, ""w_6"": 5.03, ""w_7"": 4.95, ""w_8"": 4.86, ""w_9"": 4.87, ""w_10"": 4.815, ""w_11"": 4.755, ""w_12"": 4.595, ""w_13"": 4.645, ""w_14"": 4.64, ""w_15"": 4.585, ""w_16"": 4.67, ""w_17"": 4.6, ""w_18"": 4.6, ""w_19"": 4.685, ""w_20"": 4.2}"
195,100974271034,2022-02-24,0,counterfactual,"{""w_0"": 4.98, ""w_1"": 4.86, ""w_2"": 4.76, ""w_3"": 4.7, ""w_4"": 4.8, ""w_5"": 4.74, ""w_6"": 4.7, ""w_7"": 4.78, ""w_8"": 5.0, ""w_9"": 5.03, ""w_10"": 4.97, ""w_11"": 5.03, ""w_12"": 4.95, ""w_13"": 4.86, ""w_14"": 4.87, ""w_15"": 4.82, ""w_16"": 4.76, ""w_17"": 4.59, ""w_18"": 4.64, ""w_19"": 4.64, ""w_20"": 4.59}"
196,100974271034,2022-02-25,0,factual,"{""w_0"": 4.7, ""w_1"": 4.78, ""w_2"": 5.0, ""w_3"": 5.03, ""w_4"": 4.965, ""w_5"": 5.03, ""w_6"": 4.95, ""w_7"": 4.86, ""w_8"": 4.87, ""w_9"": 4.815, ""w_10"": 4.755, ""w_11"": 4.595, ""w_12"": 4.645, ""w_13"": 4.64, ""w_14"": 4.585, ""w_15"": 4.67, ""w_16"": 4.6, ""w_17"": 4.6, ""w_18"": 4.685, ""w_19"": 4.2, ""w_20"": 4.53}"
196,100974271034,2022-02-25,0,counterfactual,"{""w_0"": 4.44, ""w_1"": 4.42, ""w_2"": 4.42, ""w_3"": 4.45, ""w_4"": 4.57, ""w_5"": 4.53, ""w_6"": 4.53, ""w_7"": 4.52, ""w_8"": 4.53, ""w_9"": 4.64, ""w_10"": 4.68, ""w_11"": 4.68, ""w_12"": 4.74, ""w_13"": 4.56, ""w_14"": 4.59, ""w_15"": 4.66, ""w_16"": 4.4, ""w_17"": 4.56, ""w_18"": 4.51, ""w_19"": 4.61, ""w_20"": 4.52}"
197,100974271034,2022-02-28,0,factual,"{""w_0"": 4.78, ""w_1"": 5.0, ""w_2"": 5.03, ""w_3"": 4.965, ""w_4"": 5.03, ""w_5"": 4.95, ""w_6"": 4.86, ""w_7"": 4.87, ""w_8"": 4.815, ""w_9"": 4.755, ""w_10"": 4.595, ""w_11"": 4.645, ""w_12"": 4.64, ""w_13"": 4.585, ""w_14"": 4.67, ""w_15"": 4.6, ""w_16"": 4.6, ""w_17"": 4.685, ""w_18"": 4.2, ""w_19"": 4.53, ""w_20"": 4.3}"
197,100974271034,2022-02-28,0,counterfactual,"{""w_0"": 4.36, ""w_1"": 4.74, ""w_2"": 4.54, ""w_3"": 4.76, ""w_4"": 5.02, ""w_5"": 4.43, ""w_6"": 4.55, ""w_7"": 5.02, ""w_8"": 4.54, ""w_9"": 4.76, ""w_10"": 4.75, ""w_11"": 4.62, ""w_12"": 4.93, ""w_13"": 4.72, ""w_14"": 4.68, ""w_15"": 4.98, ""w_16"": 4.38, ""w_17"": 4.77, ""w_18"": 4.69, ""w_19"": 4.5, ""w_20"": 4.47}"
198,100974271034,2022-03-01,0,factual,"{""w_0"": 5.0, ""w_1"": 5.03, ""w_2"": 4.965, ""w_3"": 5.03, ""w_4"": 4.95, ""w_5"": 4.86, ""w_6"": 4.87, ""w_7"": 4.815, ""w_8"": 4.755, ""w_9"": 4.595, ""w_10"": 4.645, ""w_11"": 4.64, ""w_12"": 4.585, ""w_13"": 4.67, ""w_14"": 4.6, ""w_15"": 4.6, ""w_16"": 4.685, ""w_17"": 4.2, ""w_18"": 4.53, ""w_19"": 4.3, ""w_20"": 4.16}"
198,100974271034,2022-03-01,0,counterfactual,"{""w_0"": 4.67, ""w_1"": 4.46, ""w_2"": 4.89, ""w_3"": 4.21, ""w_4"": 4.73, ""w_5"": 4.88, ""w_6"": 4.3, ""w_7"": 4.61, ""w_8"": 4.51, ""w_9"": 4.81, ""w_10"": 4.19, ""w_11"": 4.5, ""w_12"": 4.55, ""w_13"": 4.97, ""w_14"": 4.53, ""w_15"": 4.79, ""w_16"": 4.9, ""w_17"": 4.38, ""w_18"": 4.6, ""w_19"": 4.21, ""w_20"": 4.39}"
199,100974271034,2022-03-02,0,factual,"{""w_0"": 5.03, ""w_1"": 4.965, ""w_2"": 5.03, ""w_3"": 4.95, ""w_4"": 4.86, ""w_5"": 4.87, ""w_6"": 4.815, ""w_7"": 4.755, ""w_8"": 4.595, ""w_9"": 4.645, ""w_10"": 4.64, ""w_11"": 4.585, ""w_12"": 4.67, ""w_13"": 4.6, ""w_14"": 4.6, ""w_15"": 4.685, ""w_16"": 4.2, ""w_17"": 4.53, ""w_18"": 4.3, ""w_19"": 4.16, ""w_20"": 4.06}"
199,100974271034,2022-03-02,0,counterfactual,"{""w_0"": 4.71, ""w_1"": 4.66, ""w_2"": 4.95, ""w_3"": 4.73, ""w_4"": 4.78, ""w_5"": 4.96, ""w_6"": 4.6, ""w_7"": 4.18, ""w_8"": 4.7, ""w_9"": 4.51, ""w_10"": 4.86, ""w_11"": 4.59, ""w_12"": 4.88, ""w_13"": 4.37, ""w_14"": 4.76, ""w_15"": 5.02, ""w_16"": 4.45, ""w_17"": 4.72, ""w_18"": 4.87, ""w_19"": 4.7, ""w_20"": 4.7}"
200,100974271034,2022-03-03,0,factual,"{""w_0"": 4.965, ""w_1"": 5.03, ""w_2"": 4.95, ""w_3"": 4.86, ""w_4"": 4.87, ""w_5"": 4.815, ""w_6"": 4.755, ""w_7"": 4.595, ""w_8"": 4.645, ""w_9"": 4.64, ""w_10"": 4.585, ""w_11"": 4.67, ""w_12"": 4.6, ""w_13"": 4.6, ""w_14"": 4.685, ""w_15"": 4.2, ""w_16"": 4.53, ""w_17"": 4.3, ""w_18"": 4.16, ""w_19"": 4.06, ""w_20"": 4.15}"
200,100974271034,2022-03-03,0,counterfactual,"{""w_0"": 4.63, ""w_1"": 4.93, ""w_2"": 4.96, ""w_3"": 4.27, ""w_4"": 4.43, ""w_5"": 4.91, ""w_6"": 4.61, ""w_7"": 4.46, ""w_8"": 4.68, ""w_9"": 4.69, ""w_10"": 4.58, ""w_11"": 5.02, ""w_12"": 4.77, ""w_13"": 4.5, ""w_14"": 4.56, ""w_15"": 5.02, ""w_16"": 4.76, ""w_17"": 4.88, ""w_18"": 4.65, ""w_19"": 4.62, ""w_20"": 4.08}"
201,100974271034,2022-03-04,0,factual,"{""w_0"": 5.03, ""w_1"": 4.95, ""w_2"": 4.86, ""w_3"": 4.87, ""w_4"": 4.815, ""w_5"": 4.755, ""w_6"": 4.595, ""w_7"": 4.645, ""w_8"": 4.64, ""w_9"": 4.585, ""w_10"": 4.67, ""w_11"": 4.6, ""w_12"": 4.6, ""w_13"": 4.685, ""w_14"": 4.2, ""w_15"": 4.53, ""w_16"": 4.3, ""w_17"": 4.16, ""w_18"": 4.06, ""w_19"": 4.15, ""w_20"": 3.92}"
201,100974271034,2022-03-04,0,counterfactual,"{""w_0"": 4.15, ""w_1"": 4.15, ""w_2"": 4.69, ""w_3"": 4.85, ""w_4"": 4.63, ""w_5"": 4.5, ""w_6"": 4.56, ""w_7"": 4.55, ""w_8"": 4.93, ""w_9"": 4.46, ""w_10"": 4.64, ""w_11"": 4.45, ""w_12"": 4.31, ""w_13"": 4.82, ""w_14"": 4.44, ""w_15"": 4.49, ""w_16"": 4.42, ""w_17"": 4.4, ""w_18"": 4.5, ""w_19"": 4.48, ""w_20"": 4.06}"
202,100974271034,2022-03-07,0,factual,"{""w_0"": 4.95, ""w_1"": 4.86, ""w_2"": 4.87, ""w_3"": 4.815, ""w_4"": 4.755, ""w_5"": 4.595, ""w_6"": 4.645, ""w_7"": 4.64, ""w_8"": 4.585, ""w_9"": 4.67, ""w_10"": 4.6, ""w_11"": 4.6, ""w_12"": 4.685, ""w_13"": 4.2, ""w_14"": 4.53, ""w_15"": 4.3, ""w_16"": 4.16, ""w_17"": 4.06, ""w_18"": 4.15, ""w_19"": 3.92, ""w_20"": 4.118}"
202,100974271034,2022-03-07,0,counterfactual,"{""w_0"": 4.91, ""w_1"": 4.93, ""w_2"": 4.44, ""w_3"": 4.41, ""w_4"": 4.86, ""w_5"": 4.97, ""w_6"": 4.31, ""w_7"": 4.67, ""w_8"": 4.7, ""w_9"": 4.57, ""w_10"": 4.71, ""w_11"": 4.48, ""w_12"": 4.68, ""w_13"": 4.8, ""w_14"": 4.35, ""w_15"": 4.96, ""w_16"": 4.42, ""w_17"": 4.98, ""w_18"": 4.25, ""w_19"": 4.99, ""w_20"": 4.18}"
203,100974271034,2022-03-08,0,factual,"{""w_0"": 4.86, ""w_1"": 4.87, ""w_2"": 4.815, ""w_3"": 4.755, ""w_4"": 4.595, ""w_5"": 4.645, ""w_6"": 4.64, ""w_7"": 4.585, ""w_8"": 4.67, ""w_9"": 4.6, ""w_10"": 4.6, ""w_11"": 4.685, ""w_12"": 4.2, ""w_13"": 4.53, ""w_14"": 4.3, ""w_15"": 4.16, ""w_16"": 4.06, ""w_17"": 4.15, ""w_18"": 3.92, ""w_19"": 4.118, ""w_20"": 3.67}"
203,100974271034,2022-03-08,0,counterfactual,"{""w_0"": 4.68, ""w_1"": 4.72, ""w_2"": 4.75, ""w_3"": 4.99, ""w_4"": 4.44, ""w_5"": 4.3, ""w_6"": 4.3, ""w_7"": 4.86, ""w_8"": 4.95, ""w_9"": 4.69, ""w_10"": 4.31, ""w_11"": 4.46, ""w_12"": 4.42, ""w_13"": 4.53, ""w_14"": 4.88, ""w_15"": 4.46, ""w_16"": 4.26, ""w_17"": 4.39, ""w_18"": 4.41, ""w_19"": 4.32, ""w_20"": 4.15}"
204,100974271034,2022-03-09,0,factual,"{""w_0"": 4.87, ""w_1"": 4.815, ""w_2"": 4.755, ""w_3"": 4.595, ""w_4"": 4.645, ""w_5"": 4.64, ""w_6"": 4.585, ""w_7"": 4.67, ""w_8"": 4.6, ""w_9"": 4.6, ""w_10"": 4.685, ""w_11"": 4.2, ""w_12"": 4.53, ""w_13"": 4.3, ""w_14"": 4.16, ""w_15"": 4.06, ""w_16"": 4.15, ""w_17"": 3.92, ""w_18"": 4.118, ""w_19"": 3.67, ""w_20"": 3.92}"
204,100974271034,2022-03-09,0,counterfactual,"{""w_0"": 4.61, ""w_1"": 4.35, ""w_2"": 4.24, ""w_3"": 4.57, ""w_4"": 4.63, ""w_5"": 4.26, ""w_6"": 4.53, ""w_7"": 4.91, ""w_8"": 4.77, ""w_9"": 4.62, ""w_10"": 4.59, ""w_11"": 4.79, ""w_12"": 4.42, ""w_13"": 4.42, ""w_14"": 4.2, ""w_15"": 4.85, ""w_16"": 4.18, ""w_17"": 4.11, ""w_18"": 4.28, ""w_19"": 4.59, ""w_20"": 4.36}"
205,100974271034,2022-03-10,0,factual,"{""w_0"": 4.815, ""w_1"": 4.755, ""w_2"": 4.595, ""w_3"": 4.645, ""w_4"": 4.64, ""w_5"": 4.585, ""w_6"": 4.67, ""w_7"": 4.6, ""w_8"": 4.6, ""w_9"": 4.685, ""w_10"": 4.2, ""w_11"": 4.53, ""w_12"": 4.3, ""w_13"": 4.16, ""w_14"": 4.06, ""w_15"": 4.15, ""w_16"": 3.92, ""w_17"": 4.118, ""w_18"": 3.67, ""w_19"": 3.92, ""w_20"": 3.8}"
205,100974271034,2022-03-10,0,counterfactual,"{""w_0"": 4.63, ""w_1"": 4.41, ""w_2"": 4.79, ""w_3"": 4.84, ""w_4"": 4.98, ""w_5"": 4.19, ""w_6"": 4.8, ""w_7"": 4.51, ""w_8"": 4.86, ""w_9"": 4.67, ""w_10"": 4.7, ""w_11"": 4.51, ""w_12"": 4.22, ""w_13"": 4.24, ""w_14"": 4.55, ""w_15"": 4.41, ""w_16"": 4.55, ""w_17"": 4.3, ""w_18"": 4.38, ""w_19"": 4.08, ""w_20"": 3.7}"
206,100974271034,2022-03-11,0,factual,"{""w_0"": 4.755, ""w_1"": 4.595, ""w_2"": 4.645, ""w_3"": 4.64, ""w_4"": 4.585, ""w_5"": 4.67, ""w_6"": 4.6, ""w_7"": 4.6, ""w_8"": 4.685, ""w_9"": 4.2, ""w_10"": 4.53, ""w_11"": 4.3, ""w_12"": 4.16, ""w_13"": 4.06, ""w_14"": 4.15, ""w_15"": 3.92, ""w_16"": 4.118, ""w_17"": 3.67, ""w_18"": 3.92, ""w_19"": 3.8, ""w_20"": 3.84}"
206,100974271034,2022-03-11,0,counterfactual,"{""w_0"": 4.82, ""w_1"": 4.76, ""w_2"": 4.59, ""w_3"": 4.64, ""w_4"": 4.64, ""w_5"": 4.59, ""w_6"": 4.67, ""w_7"": 4.6, ""w_8"": 4.6, ""w_9"": 4.68, ""w_10"": 4.2, ""w_11"": 4.53, ""w_12"": 4.3, ""w_13"": 4.16, ""w_14"": 4.06, ""w_15"": 4.15, ""w_16"": 3.92, ""w_17"": 4.12, ""w_18"": 3.67, ""w_19"": 3.92, ""w_20"": 3.8}"
207,100974271034,2022-03-14,0,factual,"{""w_0"": 4.595, ""w_1"": 4.645, ""w_2"": 4.64, ""w_3"": 4.585, ""w_4"": 4.67, ""w_5"": 4.6, ""w_6"": 4.6, ""w_7"": 4.685, ""w_8"": 4.2, ""w_9"": 4.53, ""w_10"": 4.3, ""w_11"": 4.16, ""w_12"": 4.06, ""w_13"": 4.15, ""w_14"": 3.92, ""w_15"": 4.118, ""w_16"": 3.67, ""w_17"": 3.92, ""w_18"": 3.8, ""w_19"": 3.84, ""w_20"": 3.925}"
207,100974271034,2022-03-14,0,counterfactual,"{""w_0"": 4.76, ""w_1"": 4.59, ""w_2"": 4.64, ""w_3"": 4.64, ""w_4"": 4.59, ""w_5"": 4.67, ""w_6"": 4.6, ""w_7"": 4.6, ""w_8"": 4.68, ""w_9"": 4.2, ""w_10"": 4.53, ""w_11"": 4.3, ""w_12"": 4.16, ""w_13"": 4.06, ""w_14"": 4.15, ""w_15"": 3.92, ""w_16"": 4.12, ""w_17"": 3.67, ""w_18"": 3.92, ""w_19"": 3.8, ""w_20"": 3.84}"
208,100974271034,2022-03-15,0,factual,"{""w_0"": 4.645, ""w_1"": 4.64, ""w_2"": 4.585, ""w_3"": 4.67, ""w_4"": 4.6, ""w_5"": 4.6, ""w_6"": 4.685, ""w_7"": 4.2, ""w_8"": 4.53, ""w_9"": 4.3, ""w_10"": 4.16, ""w_11"": 4.06, ""w_12"": 4.15, ""w_13"": 3.92, ""w_14"": 4.118, ""w_15"": 3.67, ""w_16"": 3.92, ""w_17"": 3.8, ""w_18"": 3.84, ""w_19"": 3.925, ""w_20"": 4.165}"
208,100974271034,2022-03-15,0,counterfactual,"{""w_0"": 4.82, ""w_1"": 4.76, ""w_2"": 4.59, ""w_3"": 4.64, ""w_4"": 4.64, ""w_5"": 4.59, ""w_6"": 4.67, ""w_7"": 4.6, ""w_8"": 4.6, ""w_9"": 4.68, ""w_10"": 4.2, ""w_11"": 4.53, ""w_12"": 4.3, ""w_13"": 4.16, ""w_14"": 4.06, ""w_15"": 4.15, ""w_16"": 3.92, ""w_17"": 4.12, ""w_18"": 3.67, ""w_19"": 3.92, ""w_20"": 3.8}"
209,100974271034,2022-03-16,0,factual,"{""w_0"": 4.64, ""w_1"": 4.585, ""w_2"": 4.67, ""w_3"": 4.6, ""w_4"": 4.6, ""w_5"": 4.685, ""w_6"": 4.2, ""w_7"": 4.53, ""w_8"": 4.3, ""w_9"": 4.16, ""w_10"": 4.06, ""w_11"": 4.15, ""w_12"": 3.92, ""w_13"": 4.118, ""w_14"": 3.67, ""w_15"": 3.92, ""w_16"": 3.8, ""w_17"": 3.84, ""w_18"": 3.925, ""w_19"": 4.165, ""w_20"": 4.355}"
209,100974271034,2022-03-16,0,counterfactual,"{""w_0"": 4.52, ""w_1"": 4.44, ""w_2"": 4.45, ""w_3"": 4.31, ""w_4"": 4.31, ""w_5"": 4.68, ""w_6"": 4.66, ""w_7"": 4.32, ""w_8"": 4.22, ""w_9"": 4.2, ""w_10"": 4.16, ""w_11"": 4.06, ""w_12"": 4.78, ""w_13"": 3.95, ""w_14"": 4.63, ""w_15"": 4.51, ""w_16"": 3.81, ""w_17"": 4.15, ""w_18"": 4.22, ""w_19"": 4.17, ""w_20"": 4.62}"
210,100974271034,2022-03-17,0,factual,"{""w_0"": 4.585, ""w_1"": 4.67, ""w_2"": 4.6, ""w_3"": 4.6, ""w_4"": 4.685, ""w_5"": 4.2, ""w_6"": 4.53, ""w_7"": 4.3, ""w_8"": 4.16, ""w_9"": 4.06, ""w_10"": 4.15, ""w_11"": 3.92, ""w_12"": 4.118, ""w_13"": 3.67, ""w_14"": 3.92, ""w_15"": 3.8, ""w_16"": 3.84, ""w_17"": 3.925, ""w_18"": 4.165, ""w_19"": 4.355, ""w_20"": 4.145}"
210,100974271034,2022-03-17,0,counterfactual,"{""w_0"": 4.15, ""w_1"": 4.6, ""w_2"": 4.44, ""w_3"": 4.52, ""w_4"": 4.47, ""w_5"": 4.45, ""w_6"": 4.5, ""w_7"": 4.53, ""w_8"": 4.2, ""w_9"": 4.63, ""w_10"": 4.06, ""w_11"": 4.06, ""w_12"": 4.87, ""w_13"": 4.16, ""w_14"": 3.84, ""w_15"": 4.21, ""w_16"": 3.72, ""w_17"": 3.93, ""w_18"": 3.67, ""w_19"": 4.79, ""w_20"": 4.19}"
211,100974271034,2022-03-18,0,factual,"{""w_0"": 4.67, ""w_1"": 4.6, ""w_2"": 4.6, ""w_3"": 4.685, ""w_4"": 4.2, ""w_5"": 4.53, ""w_6"": 4.3, ""w_7"": 4.16, ""w_8"": 4.06, ""w_9"": 4.15, ""w_10"": 3.92, ""w_11"": 4.118, ""w_12"": 3.67, ""w_13"": 3.92, ""w_14"": 3.8, ""w_15"": 3.84, ""w_16"": 3.925, ""w_17"": 4.165, ""w_18"": 4.355, ""w_19"": 4.145, ""w_20"": 4.24}"
211,100974271034,2022-03-18,0,counterfactual,"{""w_0"": 4.4, ""w_1"": 4.31, ""w_2"": 4.31, ""w_3"": 4.8, ""w_4"": 4.55, ""w_5"": 4.31, ""w_6"": 4.33, ""w_7"": 4.29, ""w_8"": 4.16, ""w_9"": 4.81, ""w_10"": 4.06, ""w_11"": 3.92, ""w_12"": 3.92, ""w_13"": 3.67, ""w_14"": 4.68, ""w_15"": 4.63, ""w_16"": 3.76, ""w_17"": 4.52, ""w_18"": 4.72, ""w_19"": 3.95, ""w_20"": 4.15}"
212,100974271034,2022-03-21,0,factual,"{""w_0"": 4.6, ""w_1"": 4.6, ""w_2"": 4.685, ""w_3"": 4.2, ""w_4"": 4.53, ""w_5"": 4.3, ""w_6"": 4.16, ""w_7"": 4.06, ""w_8"": 4.15, ""w_9"": 3.92, ""w_10"": 4.118, ""w_11"": 3.67, ""w_12"": 3.92, ""w_13"": 3.8, ""w_14"": 3.84, ""w_15"": 3.925, ""w_16"": 4.165, ""w_17"": 4.355, ""w_18"": 4.145, ""w_19"": 4.24, ""w_20"": 4.365}"
212,100974271034,2022-03-21,0,counterfactual,"{""w_0"": 4.67, ""w_1"": 4.6, ""w_2"": 4.6, ""w_3"": 4.68, ""w_4"": 4.2, ""w_5"": 4.53, ""w_6"": 4.3, ""w_7"": 4.16, ""w_8"": 4.06, ""w_9"": 4.15, ""w_10"": 3.92, ""w_11"": 4.12, ""w_12"": 3.67, ""w_13"": 3.92, ""w_14"": 3.8, ""w_15"": 3.84, ""w_16"": 3.92, ""w_17"": 4.16, ""w_18"": 4.36, ""w_19"": 4.14, ""w_20"": 4.24}"
213,100974271034,2022-03-22,0,factual,"{""w_0"": 4.6, ""w_1"": 4.685, ""w_2"": 4.2, ""w_3"": 4.53, ""w_4"": 4.3, ""w_5"": 4.16, ""w_6"": 4.06, ""w_7"": 4.15, ""w_8"": 3.92, ""w_9"": 4.118, ""w_10"": 3.67, ""w_11"": 3.92, ""w_12"": 3.8, ""w_13"": 3.84, ""w_14"": 3.925, ""w_15"": 4.165, ""w_16"": 4.355, ""w_17"": 4.145, ""w_18"": 4.24, ""w_19"": 4.365, ""w_20"": 4.39}"
213,100974271034,2022-03-22,0,counterfactual,"{""w_0"": 4.31, ""w_1"": 4.46, ""w_2"": 4.47, ""w_3"": 4.71, ""w_4"": 4.49, ""w_5"": 4.2, ""w_6"": 4.16, ""w_7"": 4.06, ""w_8"": 4.06, ""w_9"": 4.84, ""w_10"": 4.37, ""w_11"": 3.67, ""w_12"": 3.67, ""w_13"": 3.67, ""w_14"": 4.01, ""w_15"": 3.67, ""w_16"": 4.95, ""w_17"": 4.16, ""w_18"": 3.67, ""w_19"": 4.61, ""w_20"": 3.67}"
214,100974271034,2022-03-23,0,factual,"{""w_0"": 4.685, ""w_1"": 4.2, ""w_2"": 4.53, ""w_3"": 4.3, ""w_4"": 4.16, ""w_5"": 4.06, ""w_6"": 4.15, ""w_7"": 3.92, ""w_8"": 4.118, ""w_9"": 3.67, ""w_10"": 3.92, ""w_11"": 3.8, ""w_12"": 3.84, ""w_13"": 3.925, ""w_14"": 4.165, ""w_15"": 4.355, ""w_16"": 4.145, ""w_17"": 4.24, ""w_18"": 4.365, ""w_19"": 4.39, ""w_20"": 4.28}"
214,100974271034,2022-03-23,0,counterfactual,"{""w_0"": 4.67, ""w_1"": 4.6, ""w_2"": 4.6, ""w_3"": 4.68, ""w_4"": 4.2, ""w_5"": 4.53, ""w_6"": 4.3, ""w_7"": 4.16, ""w_8"": 4.06, ""w_9"": 4.15, ""w_10"": 3.92, ""w_11"": 4.12, ""w_12"": 3.67, ""w_13"": 3.92, ""w_14"": 3.8, ""w_15"": 3.84, ""w_16"": 3.92, ""w_17"": 4.16, ""w_18"": 4.36, ""w_19"": 4.14, ""w_20"": 4.24}"
215,100974271034,2022-03-24,0,factual,"{""w_0"": 4.2, ""w_1"": 4.53, ""w_2"": 4.3, ""w_3"": 4.16, ""w_4"": 4.06, ""w_5"": 4.15, ""w_6"": 3.92, ""w_7"": 4.118, ""w_8"": 3.67, ""w_9"": 3.92, ""w_10"": 3.8, ""w_11"": 3.84, ""w_12"": 3.925, ""w_13"": 4.165, ""w_14"": 4.355, ""w_15"": 4.145, ""w_16"": 4.24, ""w_17"": 4.365, ""w_18"": 4.39, ""w_19"": 4.28, ""w_20"": 4.1}"
215,100974271034,2022-03-24,0,counterfactual,"{""w_0"": 4.6, ""w_1"": 4.68, ""w_2"": 4.2, ""w_3"": 4.53, ""w_4"": 4.3, ""w_5"": 4.16, ""w_6"": 4.06, ""w_7"": 4.15, ""w_8"": 3.92, ""w_9"": 4.12, ""w_10"": 3.67, ""w_11"": 3.92, ""w_12"": 3.8, ""w_13"": 3.84, ""w_14"": 3.92, ""w_15"": 4.16, ""w_16"": 4.36, ""w_17"": 4.14, ""w_18"": 4.24, ""w_19"": 4.36, ""w_20"": 4.39}"
216,100974271034,2022-03-25,0,factual,"{""w_0"": 4.53, ""w_1"": 4.3, ""w_2"": 4.16, ""w_3"": 4.06, ""w_4"": 4.15, ""w_5"": 3.92, ""w_6"": 4.118, ""w_7"": 3.67, ""w_8"": 3.92, ""w_9"": 3.8, ""w_10"": 3.84, ""w_11"": 3.925, ""w_12"": 4.165, ""w_13"": 4.355, ""w_14"": 4.145, ""w_15"": 4.24, ""w_16"": 4.365, ""w_17"": 4.39, ""w_18"": 4.28, ""w_19"": 4.1, ""w_20"": 4.275}"
216,100974271034,2022-03-25,0,counterfactual,"{""w_0"": 4.2, ""w_1"": 4.53, ""w_2"": 4.3, ""w_3"": 4.16, ""w_4"": 4.06, ""w_5"": 4.15, ""w_6"": 3.92, ""w_7"": 4.12, ""w_8"": 3.67, ""w_9"": 3.92, ""w_10"": 3.8, ""w_11"": 3.84, ""w_12"": 3.92, ""w_13"": 4.16, ""w_14"": 4.36, ""w_15"": 4.14, ""w_16"": 4.24, ""w_17"": 4.36, ""w_18"": 4.39, ""w_19"": 4.28, ""w_20"": 4.1}"
217,100974271034,2022-03-28,0,factual,"{""w_0"": 4.3, ""w_1"": 4.16, ""w_2"": 4.06, ""w_3"": 4.15, ""w_4"": 3.92, ""w_5"": 4.118, ""w_6"": 3.67, ""w_7"": 3.92, ""w_8"": 3.8, ""w_9"": 3.84, ""w_10"": 3.925, ""w_11"": 4.165, ""w_12"": 4.355, ""w_13"": 4.145, ""w_14"": 4.24, ""w_15"": 4.365, ""w_16"": 4.39, ""w_17"": 4.28, ""w_18"": 4.1, ""w_19"": 4.275, ""w_20"": 4.29}"
217,100974271034,2022-03-28,0,counterfactual,"{""w_0"": 4.53, ""w_1"": 4.3, ""w_2"": 4.16, ""w_3"": 4.06, ""w_4"": 4.15, ""w_5"": 3.92, ""w_6"": 4.12, ""w_7"": 3.67, ""w_8"": 3.92, ""w_9"": 3.8, ""w_10"": 3.84, ""w_11"": 3.92, ""w_12"": 4.16, ""w_13"": 4.36, ""w_14"": 4.14, ""w_15"": 4.24, ""w_16"": 4.36, ""w_17"": 4.39, ""w_18"": 4.28, ""w_19"": 4.1, ""w_20"": 4.28}"
218,100974271034,2022-03-29,0,factual,"{""w_0"": 4.16, ""w_1"": 4.06, ""w_2"": 4.15, ""w_3"": 3.92, ""w_4"": 4.118, ""w_5"": 3.67, ""w_6"": 3.92, ""w_7"": 3.8, ""w_8"": 3.84, ""w_9"": 3.925, ""w_10"": 4.165, ""w_11"": 4.355, ""w_12"": 4.145, ""w_13"": 4.24, ""w_14"": 4.365, ""w_15"": 4.39, ""w_16"": 4.28, ""w_17"": 4.1, ""w_18"": 4.275, ""w_19"": 4.29, ""w_20"": 4.4}"
218,100974271034,2022-03-29,0,counterfactual,"{""w_0"": 4.3, ""w_1"": 4.16, ""w_2"": 4.06, ""w_3"": 4.15, ""w_4"": 3.92, ""w_5"": 4.12, ""w_6"": 3.67, ""w_7"": 3.92, ""w_8"": 3.8, ""w_9"": 3.84, ""w_10"": 3.92, ""w_11"": 4.16, ""w_12"": 4.36, ""w_13"": 4.14, ""w_14"": 4.24, ""w_15"": 4.36, ""w_16"": 4.39, ""w_17"": 4.28, ""w_18"": 4.1, ""w_19"": 4.28, ""w_20"": 4.29}"
219,100974271034,2022-03-30,0,factual,"{""w_0"": 4.06, ""w_1"": 4.15, ""w_2"": 3.92, ""w_3"": 4.118, ""w_4"": 3.67, ""w_5"": 3.92, ""w_6"": 3.8, ""w_7"": 3.84, ""w_8"": 3.925, ""w_9"": 4.165, ""w_10"": 4.355, ""w_11"": 4.145, ""w_12"": 4.24, ""w_13"": 4.365, ""w_14"": 4.39, ""w_15"": 4.28, ""w_16"": 4.1, ""w_17"": 4.275, ""w_18"": 4.29, ""w_19"": 4.4, ""w_20"": 4.42}"
219,100974271034,2022-03-30,0,counterfactual,"{""w_0"": 4.3, ""w_1"": 4.16, ""w_2"": 4.06, ""w_3"": 4.15, ""w_4"": 3.92, ""w_5"": 4.12, ""w_6"": 3.67, ""w_7"": 3.92, ""w_8"": 3.8, ""w_9"": 3.84, ""w_10"": 3.92, ""w_11"": 4.16, ""w_12"": 4.36, ""w_13"": 4.14, ""w_14"": 4.24, ""w_15"": 4.36, ""w_16"": 4.39, ""w_17"": 4.28, ""w_18"": 4.1, ""w_19"": 4.28, ""w_20"": 4.29}"
220,100974271034,2022-03-31,0,factual,"{""w_0"": 4.15, ""w_1"": 3.92, ""w_2"": 4.118, ""w_3"": 3.67, ""w_4"": 3.92, ""w_5"": 3.8, ""w_6"": 3.84, ""w_7"": 3.925, ""w_8"": 4.165, ""w_9"": 4.355, ""w_10"": 4.145, ""w_11"": 4.24, ""w_12"": 4.365, ""w_13"": 4.39, ""w_14"": 4.28, ""w_15"": 4.1, ""w_16"": 4.275, ""w_17"": 4.29, ""w_18"": 4.4, ""w_19"": 4.42, ""w_20"": 4.445}"
220,100974271034,2022-03-31,0,counterfactual,"{""w_0"": 4.3, ""w_1"": 4.16, ""w_2"": 4.06, ""w_3"": 4.15, ""w_4"": 3.92, ""w_5"": 4.12, ""w_6"": 3.67, ""w_7"": 3.92, ""w_8"": 3.8, ""w_9"": 3.84, ""w_10"": 3.92, ""w_11"": 4.16, ""w_12"": 4.36, ""w_13"": 4.14, ""w_14"": 4.24, ""w_15"": 4.36, ""w_16"": 4.39, ""w_17"": 4.28, ""w_18"": 4.1, ""w_19"": 4.28, ""w_20"": 4.29}"
221,100974271034,2022-04-01,0,factual,"{""w_0"": 3.92, ""w_1"": 4.118, ""w_2"": 3.67, ""w_3"": 3.92, ""w_4"": 3.8, ""w_5"": 3.84, ""w_6"": 3.925, ""w_7"": 4.165, ""w_8"": 4.355, ""w_9"": 4.145, ""w_10"": 4.24, ""w_11"": 4.365, ""w_12"": 4.39, ""w_13"": 4.28, ""w_14"": 4.1, ""w_15"": 4.275, ""w_16"": 4.29, ""w_17"": 4.4, ""w_18"": 4.42, ""w_19"": 4.445, ""w_20"": 4.4}"
221,100974271034,2022-04-01,0,counterfactual,"{""w_0"": 4.16, ""w_1"": 4.06, ""w_2"": 4.15, ""w_3"": 3.92, ""w_4"": 4.12, ""w_5"": 3.67, ""w_6"": 3.92, ""w_7"": 3.8, ""w_8"": 3.84, ""w_9"": 3.92, ""w_10"": 4.16, ""w_11"": 4.36, ""w_12"": 4.14, ""w_13"": 4.24, ""w_14"": 4.36, ""w_15"": 4.39, ""w_16"": 4.28, ""w_17"": 4.1, ""w_18"": 4.28, ""w_19"": 4.29, ""w_20"": 4.4}"
222,100974271034,2022-04-04,0,factual,"{""w_0"": 4.118, ""w_1"": 3.67, ""w_2"": 3.92, ""w_3"": 3.8, ""w_4"": 3.84, ""w_5"": 3.925, ""w_6"": 4.165, ""w_7"": 4.355, ""w_8"": 4.145, ""w_9"": 4.24, ""w_10"": 4.365, ""w_11"": 4.39, ""w_12"": 4.28, ""w_13"": 4.1, ""w_14"": 4.275, ""w_15"": 4.29, ""w_16"": 4.4, ""w_17"": 4.42, ""w_18"": 4.445, ""w_19"": 4.4, ""w_20"": 4.42}"
222,100974271034,2022-04-04,0,counterfactual,"{""w_0"": 3.92, ""w_1"": 4.12, ""w_2"": 3.67, ""w_3"": 3.92, ""w_4"": 3.8, ""w_5"": 3.84, ""w_6"": 3.92, ""w_7"": 4.16, ""w_8"": 4.36, ""w_9"": 4.14, ""w_10"": 4.24, ""w_11"": 4.36, ""w_12"": 4.39, ""w_13"": 4.28, ""w_14"": 4.1, ""w_15"": 4.28, ""w_16"": 4.29, ""w_17"": 4.4, ""w_18"": 4.42, ""w_19"": 4.45, ""w_20"": 4.4}"
223,100974271034,2022-04-05,0,factual,"{""w_0"": 3.67, ""w_1"": 3.92, ""w_2"": 3.8, ""w_3"": 3.84, ""w_4"": 3.925, ""w_5"": 4.165, ""w_6"": 4.355, ""w_7"": 4.145, ""w_8"": 4.24, ""w_9"": 4.365, ""w_10"": 4.39, ""w_11"": 4.28, ""w_12"": 4.1, ""w_13"": 4.275, ""w_14"": 4.29, ""w_15"": 4.4, ""w_16"": 4.42, ""w_17"": 4.445, ""w_18"": 4.4, ""w_19"": 4.42, ""w_20"": 4.385}"
223,100974271034,2022-04-05,0,counterfactual,"{""w_0"": 4.12, ""w_1"": 3.67, ""w_2"": 3.92, ""w_3"": 3.8, ""w_4"": 3.84, ""w_5"": 3.92, ""w_6"": 4.16, ""w_7"": 4.36, ""w_8"": 4.14, ""w_9"": 4.24, ""w_10"": 4.36, ""w_11"": 4.39, ""w_12"": 4.28, ""w_13"": 4.1, ""w_14"": 4.28, ""w_15"": 4.29, ""w_16"": 4.4, ""w_17"": 4.42, ""w_18"": 4.45, ""w_19"": 4.4, ""w_20"": 4.42}"
224,100974271034,2022-04-06,0,factual,"{""w_0"": 3.92, ""w_1"": 3.8, ""w_2"": 3.84, ""w_3"": 3.925, ""w_4"": 4.165, ""w_5"": 4.355, ""w_6"": 4.145, ""w_7"": 4.24, ""w_8"": 4.365, ""w_9"": 4.39, ""w_10"": 4.28, ""w_11"": 4.1, ""w_12"": 4.275, ""w_13"": 4.29, ""w_14"": 4.4, ""w_15"": 4.42, ""w_16"": 4.445, ""w_17"": 4.4, ""w_18"": 4.42, ""w_19"": 4.385, ""w_20"": 4.3}"
224,100974271034,2022-04-06,0,counterfactual,"{""w_0"": 3.86, ""w_1"": 3.67, ""w_2"": 4.25, ""w_3"": 4.47, ""w_4"": 4.35, ""w_5"": 4.66, ""w_6"": 4.25, ""w_7"": 3.67, ""w_8"": 4.42, ""w_9"": 4.73, ""w_10"": 4.56, ""w_11"": 3.97, ""w_12"": 4.03, ""w_13"": 3.84, ""w_14"": 4.45, ""w_15"": 4.32, ""w_16"": 4.57, ""w_17"": 4.47, ""w_18"": 3.67, ""w_19"": 4.59, ""w_20"": 4.27}"
225,100974271034,2022-04-07,0,factual,"{""w_0"": 3.8, ""w_1"": 3.84, ""w_2"": 3.925, ""w_3"": 4.165, ""w_4"": 4.355, ""w_5"": 4.145, ""w_6"": 4.24, ""w_7"": 4.365, ""w_8"": 4.39, ""w_9"": 4.28, ""w_10"": 4.1, ""w_11"": 4.275, ""w_12"": 4.29, ""w_13"": 4.4, ""w_14"": 4.42, ""w_15"": 4.445, ""w_16"": 4.4, ""w_17"": 4.42, ""w_18"": 4.385, ""w_19"": 4.3, ""w_20"": 4.28}"
225,100974271034,2022-04-07,0,counterfactual,"{""w_0"": 3.92, ""w_1"": 3.8, ""w_2"": 3.84, ""w_3"": 3.92, ""w_4"": 4.16, ""w_5"": 4.36, ""w_6"": 4.14, ""w_7"": 4.24, ""w_8"": 4.36, ""w_9"": 4.39, ""w_10"": 4.28, ""w_11"": 4.1, ""w_12"": 4.28, ""w_13"": 4.29, ""w_14"": 4.4, ""w_15"": 4.42, ""w_16"": 4.45, ""w_17"": 4.4, ""w_18"": 4.42, ""w_19"": 4.39, ""w_20"": 4.3}"
226,100974271034,2022-04-08,0,factual,"{""w_0"": 3.84, ""w_1"": 3.925, ""w_2"": 4.165, ""w_3"": 4.355, ""w_4"": 4.145, ""w_5"": 4.24, ""w_6"": 4.365, ""w_7"": 4.39, ""w_8"": 4.28, ""w_9"": 4.1, ""w_10"": 4.275, ""w_11"": 4.29, ""w_12"": 4.4, ""w_13"": 4.42, ""w_14"": 4.445, ""w_15"": 4.4, ""w_16"": 4.42, ""w_17"": 4.385, ""w_18"": 4.3, ""w_19"": 4.28, ""w_20"": 4.3}"
226,100974271034,2022-04-08,0,counterfactual,"{""w_0"": 3.67, ""w_1"": 3.92, ""w_2"": 3.8, ""w_3"": 3.84, ""w_4"": 3.92, ""w_5"": 4.16, ""w_6"": 4.36, ""w_7"": 4.14, ""w_8"": 4.24, ""w_9"": 4.36, ""w_10"": 4.39, ""w_11"": 4.28, ""w_12"": 4.1, ""w_13"": 4.28, ""w_14"": 4.29, ""w_15"": 4.4, ""w_16"": 4.42, ""w_17"": 4.45, ""w_18"": 4.4, ""w_19"": 4.42, ""w_20"": 4.39}"
227,100974271034,2022-04-11,0,factual,"{""w_0"": 3.925, ""w_1"": 4.165, ""w_2"": 4.355, ""w_3"": 4.145, ""w_4"": 4.24, ""w_5"": 4.365, ""w_6"": 4.39, ""w_7"": 4.28, ""w_8"": 4.1, ""w_9"": 4.275, ""w_10"": 4.29, ""w_11"": 4.4, ""w_12"": 4.42, ""w_13"": 4.445, ""w_14"": 4.4, ""w_15"": 4.42, ""w_16"": 4.385, ""w_17"": 4.3, ""w_18"": 4.28, ""w_19"": 4.3, ""w_20"": 4.35}"
227,100974271034,2022-04-11,0,counterfactual,"{""w_0"": 3.92, ""w_1"": 3.8, ""w_2"": 3.84, ""w_3"": 3.92, ""w_4"": 4.16, ""w_5"": 4.36, ""w_6"": 4.14, ""w_7"": 4.24, ""w_8"": 4.36, ""w_9"": 4.39, ""w_10"": 4.28, ""w_11"": 4.1, ""w_12"": 4.28, ""w_13"": 4.29, ""w_14"": 4.4, ""w_15"": 4.42, ""w_16"": 4.45, ""w_17"": 4.4, ""w_18"": 4.42, ""w_19"": 4.39, ""w_20"": 4.3}"
228,100974271034,2022-04-12,0,factual,"{""w_0"": 4.165, ""w_1"": 4.355, ""w_2"": 4.145, ""w_3"": 4.24, ""w_4"": 4.365, ""w_5"": 4.39, ""w_6"": 4.28, ""w_7"": 4.1, ""w_8"": 4.275, ""w_9"": 4.29, ""w_10"": 4.4, ""w_11"": 4.42, ""w_12"": 4.445, ""w_13"": 4.4, ""w_14"": 4.42, ""w_15"": 4.385, ""w_16"": 4.3, ""w_17"": 4.28, ""w_18"": 4.3, ""w_19"": 4.35, ""w_20"": 4.35}"
228,100974271034,2022-04-12,0,counterfactual,"{""w_0"": 3.8, ""w_1"": 3.84, ""w_2"": 3.92, ""w_3"": 4.16, ""w_4"": 4.36, ""w_5"": 4.14, ""w_6"": 4.24, ""w_7"": 4.36, ""w_8"": 4.39, ""w_9"": 4.28, ""w_10"": 4.1, ""w_11"": 4.28, ""w_12"": 4.29, ""w_13"": 4.4, ""w_14"": 4.42, ""w_15"": 4.45, ""w_16"": 4.4, ""w_17"": 4.42, ""w_18"": 4.39, ""w_19"": 4.3, ""w_20"": 4.28}"
229,100974271034,2022-04-13,0,factual,"{""w_0"": 4.355, ""w_1"": 4.145, ""w_2"": 4.24, ""w_3"": 4.365, ""w_4"": 4.39, ""w_5"": 4.28, ""w_6"": 4.1, ""w_7"": 4.275, ""w_8"": 4.29, ""w_9"": 4.4, ""w_10"": 4.42, ""w_11"": 4.445, ""w_12"": 4.4, ""w_13"": 4.42, ""w_14"": 4.385, ""w_15"": 4.3, ""w_16"": 4.28, ""w_17"": 4.3, ""w_18"": 4.35, ""w_19"": 4.35, ""w_20"": 4.38}"
229,100974271034,2022-04-13,0,counterfactual,"{""w_0"": 3.96, ""w_1"": 3.74, ""w_2"": 4.66, ""w_3"": 4.29, ""w_4"": 5.01, ""w_5"": 4.32, ""w_6"": 3.96, ""w_7"": 3.92, ""w_8"": 4.92, ""w_9"": 4.76, ""w_10"": 4.65, ""w_11"": 4.0, ""w_12"": 4.27, ""w_13"": 4.5, ""w_14"": 3.67, ""w_15"": 4.16, ""w_16"": 3.83, ""w_17"": 4.32, ""w_18"": 4.86, ""w_19"": 4.14, ""w_20"": 4.22}"
230,100974271034,2022-04-14,0,factual,"{""w_0"": 4.145, ""w_1"": 4.24, ""w_2"": 4.365, ""w_3"": 4.39, ""w_4"": 4.28, ""w_5"": 4.1, ""w_6"": 4.275, ""w_7"": 4.29, ""w_8"": 4.4, ""w_9"": 4.42, ""w_10"": 4.445, ""w_11"": 4.4, ""w_12"": 4.42, ""w_13"": 4.385, ""w_14"": 4.3, ""w_15"": 4.28, ""w_16"": 4.3, ""w_17"": 4.35, ""w_18"": 4.35, ""w_19"": 4.38, ""w_20"": 4.46}"
230,100974271034,2022-04-14,0,counterfactual,"{""w_0"": 3.92, ""w_1"": 4.16, ""w_2"": 4.36, ""w_3"": 4.14, ""w_4"": 4.24, ""w_5"": 4.36, ""w_6"": 4.39, ""w_7"": 4.28, ""w_8"": 4.1, ""w_9"": 4.28, ""w_10"": 4.29, ""w_11"": 4.4, ""w_12"": 4.42, ""w_13"": 4.45, ""w_14"": 4.4, ""w_15"": 4.42, ""w_16"": 4.39, ""w_17"": 4.3, ""w_18"": 4.28, ""w_19"": 4.3, ""w_20"": 4.35}"
231,100974271034,2022-04-15,0,factual,"{""w_0"": 4.24, ""w_1"": 4.365, ""w_2"": 4.39, ""w_3"": 4.28, ""w_4"": 4.1, ""w_5"": 4.275, ""w_6"": 4.29, ""w_7"": 4.4, ""w_8"": 4.42, ""w_9"": 4.445, ""w_10"": 4.4, ""w_11"": 4.42, ""w_12"": 4.385, ""w_13"": 4.3, ""w_14"": 4.28, ""w_15"": 4.3, ""w_16"": 4.35, ""w_17"": 4.35, ""w_18"": 4.38, ""w_19"": 4.46, ""w_20"": 4.368}"
231,100974271034,2022-04-15,0,counterfactual,"{""w_0"": 4.14, ""w_1"": 4.24, ""w_2"": 4.36, ""w_3"": 4.39, ""w_4"": 4.28, ""w_5"": 4.1, ""w_6"": 4.28, ""w_7"": 4.29, ""w_8"": 4.4, ""w_9"": 4.42, ""w_10"": 4.45, ""w_11"": 4.4, ""w_12"": 4.42, ""w_13"": 4.39, ""w_14"": 4.3, ""w_15"": 4.28, ""w_16"": 4.3, ""w_17"": 4.35, ""w_18"": 4.35, ""w_19"": 4.38, ""w_20"": 4.46}"
232,100974271034,2022-04-18,0,factual,"{""w_0"": 4.365, ""w_1"": 4.39, ""w_2"": 4.28, ""w_3"": 4.1, ""w_4"": 4.275, ""w_5"": 4.29, ""w_6"": 4.4, ""w_7"": 4.42, ""w_8"": 4.445, ""w_9"": 4.4, ""w_10"": 4.42, ""w_11"": 4.385, ""w_12"": 4.3, ""w_13"": 4.28, ""w_14"": 4.3, ""w_15"": 4.35, ""w_16"": 4.35, ""w_17"": 4.38, ""w_18"": 4.46, ""w_19"": 4.368, ""w_20"": 4.381600000000001}"
232,100974271034,2022-04-18,0,counterfactual,"{""w_0"": 3.92, ""w_1"": 4.16, ""w_2"": 4.36, ""w_3"": 4.14, ""w_4"": 4.24, ""w_5"": 4.36, ""w_6"": 4.39, ""w_7"": 4.28, ""w_8"": 4.1, ""w_9"": 4.28, ""w_10"": 4.29, ""w_11"": 4.4, ""w_12"": 4.42, ""w_13"": 4.45, ""w_14"": 4.4, ""w_15"": 4.42, ""w_16"": 4.39, ""w_17"": 4.3, ""w_18"": 4.28, ""w_19"": 4.3, ""w_20"": 4.35}"
233,100974271034,2022-04-19,0,factual,"{""w_0"": 4.39, ""w_1"": 4.28, ""w_2"": 4.1, ""w_3"": 4.275, ""w_4"": 4.29, ""w_5"": 4.4, ""w_6"": 4.42, ""w_7"": 4.445, ""w_8"": 4.4, ""w_9"": 4.42, ""w_10"": 4.385, ""w_11"": 4.3, ""w_12"": 4.28, ""w_13"": 4.3, ""w_14"": 4.35, ""w_15"": 4.35, ""w_16"": 4.38, ""w_17"": 4.46, ""w_18"": 4.368, ""w_19"": 4.381600000000001, ""w_20"": 4.495}"
233,100974271034,2022-04-19,0,counterfactual,"{""w_0"": 4.36, ""w_1"": 4.39, ""w_2"": 4.28, ""w_3"": 4.1, ""w_4"": 4.28, ""w_5"": 4.29, ""w_6"": 4.4, ""w_7"": 4.42, ""w_8"": 4.45, ""w_9"": 4.4, ""w_10"": 4.42, ""w_11"": 4.39, ""w_12"": 4.3, ""w_13"": 4.28, ""w_14"": 4.3, ""w_15"": 4.35, ""w_16"": 4.35, ""w_17"": 4.38, ""w_18"": 4.46, ""w_19"": 4.37, ""w_20"": 4.38}"
234,100974271034,2022-04-20,0,factual,"{""w_0"": 4.28, ""w_1"": 4.1, ""w_2"": 4.275, ""w_3"": 4.29, ""w_4"": 4.4, ""w_5"": 4.42, ""w_6"": 4.445, ""w_7"": 4.4, ""w_8"": 4.42, ""w_9"": 4.385, ""w_10"": 4.3, ""w_11"": 4.28, ""w_12"": 4.3, ""w_13"": 4.35, ""w_14"": 4.35, ""w_15"": 4.38, ""w_16"": 4.46, ""w_17"": 4.368, ""w_18"": 4.381600000000001, ""w_19"": 4.495, ""w_20"": 4.57}"
234,100974271034,2022-04-20,0,counterfactual,"{""w_0"": 4.36, ""w_1"": 4.14, ""w_2"": 4.24, ""w_3"": 4.36, ""w_4"": 4.39, ""w_5"": 4.28, ""w_6"": 4.1, ""w_7"": 4.28, ""w_8"": 4.29, ""w_9"": 4.4, ""w_10"": 4.42, ""w_11"": 4.45, ""w_12"": 4.4, ""w_13"": 4.42, ""w_14"": 4.39, ""w_15"": 4.3, ""w_16"": 4.28, ""w_17"": 4.3, ""w_18"": 4.35, ""w_19"": 4.35, ""w_20"": 4.38}"
235,100974271034,2022-04-21,0,factual,"{""w_0"": 4.1, ""w_1"": 4.275, ""w_2"": 4.29, ""w_3"": 4.4, ""w_4"": 4.42, ""w_5"": 4.445, ""w_6"": 4.4, ""w_7"": 4.42, ""w_8"": 4.385, ""w_9"": 4.3, ""w_10"": 4.28, ""w_11"": 4.3, ""w_12"": 4.35, ""w_13"": 4.35, ""w_14"": 4.38, ""w_15"": 4.46, ""w_16"": 4.368, ""w_17"": 4.381600000000001, ""w_18"": 4.495, ""w_19"": 4.57, ""w_20"": 4.63}"
235,100974271034,2022-04-21,0,counterfactual,"{""w_0"": 3.92, ""w_1"": 4.16, ""w_2"": 4.36, ""w_3"": 4.14, ""w_4"": 4.24, ""w_5"": 4.36, ""w_6"": 4.39, ""w_7"": 4.28, ""w_8"": 4.1, ""w_9"": 4.28, ""w_10"": 4.29, ""w_11"": 4.4, ""w_12"": 4.42, ""w_13"": 4.45, ""w_14"": 4.4, ""w_15"": 4.42, ""w_16"": 4.39, ""w_17"": 4.3, ""w_18"": 4.28, ""w_19"": 4.3, ""w_20"": 4.35}"
236,100974271034,2022-04-22,0,factual,"{""w_0"": 4.275, ""w_1"": 4.29, ""w_2"": 4.4, ""w_3"": 4.42, ""w_4"": 4.445, ""w_5"": 4.4, ""w_6"": 4.42, ""w_7"": 4.385, ""w_8"": 4.3, ""w_9"": 4.28, ""w_10"": 4.3, ""w_11"": 4.35, ""w_12"": 4.35, ""w_13"": 4.38, ""w_14"": 4.46, ""w_15"": 4.368, ""w_16"": 4.381600000000001, ""w_17"": 4.495, ""w_18"": 4.57, ""w_19"": 4.63, ""w_20"": 4.565}"
236,100974271034,2022-04-22,0,counterfactual,"{""w_0"": 4.39, ""w_1"": 4.28, ""w_2"": 4.1, ""w_3"": 4.28, ""w_4"": 4.29, ""w_5"": 4.4, ""w_6"": 4.42, ""w_7"": 4.45, ""w_8"": 4.4, ""w_9"": 4.42, ""w_10"": 4.39, ""w_11"": 4.3, ""w_12"": 4.28, ""w_13"": 4.3, ""w_14"": 4.35, ""w_15"": 4.35, ""w_16"": 4.38, ""w_17"": 4.46, ""w_18"": 4.37, ""w_19"": 4.38, ""w_20"": 4.49}"
237,100974271034,2022-04-25,0,factual,"{""w_0"": 4.29, ""w_1"": 4.4, ""w_2"": 4.42, ""w_3"": 4.445, ""w_4"": 4.4, ""w_5"": 4.42, ""w_6"": 4.385, ""w_7"": 4.3, ""w_8"": 4.28, ""w_9"": 4.3, ""w_10"": 4.35, ""w_11"": 4.35, ""w_12"": 4.38, ""w_13"": 4.46, ""w_14"": 4.368, ""w_15"": 4.381600000000001, ""w_16"": 4.495, ""w_17"": 4.57, ""w_18"": 4.63, ""w_19"": 4.565, ""w_20"": 4.565}"
237,100974271034,2022-04-25,0,counterfactual,"{""w_0"": 4.28, ""w_1"": 4.29, ""w_2"": 4.4, ""w_3"": 4.42, ""w_4"": 4.45, ""w_5"": 4.4, ""w_6"": 4.42, ""w_7"": 4.39, ""w_8"": 4.3, ""w_9"": 4.28, ""w_10"": 4.3, ""w_11"": 4.35, ""w_12"": 4.35, ""w_13"": 4.38, ""w_14"": 4.46, ""w_15"": 4.37, ""w_16"": 4.38, ""w_17"": 4.49, ""w_18"": 4.57, ""w_19"": 4.63, ""w_20"": 4.57}"
238,100974271034,2022-04-26,0,factual,"{""w_0"": 4.4, ""w_1"": 4.42, ""w_2"": 4.445, ""w_3"": 4.4, ""w_4"": 4.42, ""w_5"": 4.385, ""w_6"": 4.3, ""w_7"": 4.28, ""w_8"": 4.3, ""w_9"": 4.35, ""w_10"": 4.35, ""w_11"": 4.38, ""w_12"": 4.46, ""w_13"": 4.368, ""w_14"": 4.381600000000001, ""w_15"": 4.495, ""w_16"": 4.57, ""w_17"": 4.63, ""w_18"": 4.565, ""w_19"": 4.565, ""w_20"": 4.5}"
238,100974271034,2022-04-26,0,counterfactual,"{""w_0"": 4.29, ""w_1"": 4.4, ""w_2"": 4.42, ""w_3"": 4.45, ""w_4"": 4.4, ""w_5"": 4.42, ""w_6"": 4.39, ""w_7"": 4.3, ""w_8"": 4.28, ""w_9"": 4.3, ""w_10"": 4.35, ""w_11"": 4.35, ""w_12"": 4.38, ""w_13"": 4.46, ""w_14"": 4.37, ""w_15"": 4.38, ""w_16"": 4.49, ""w_17"": 4.57, ""w_18"": 4.63, ""w_19"": 4.57, ""w_20"": 4.57}"
239,100974271034,2022-04-27,0,factual,"{""w_0"": 4.42, ""w_1"": 4.445, ""w_2"": 4.4, ""w_3"": 4.42, ""w_4"": 4.385, ""w_5"": 4.3, ""w_6"": 4.28, ""w_7"": 4.3, ""w_8"": 4.35, ""w_9"": 4.35, ""w_10"": 4.38, ""w_11"": 4.46, ""w_12"": 4.368, ""w_13"": 4.381600000000001, ""w_14"": 4.495, ""w_15"": 4.57, ""w_16"": 4.63, ""w_17"": 4.565, ""w_18"": 4.565, ""w_19"": 4.5, ""w_20"": 4.27}"
239,100974271034,2022-04-27,0,counterfactual,"{""w_0"": 4.28, ""w_1"": 4.29, ""w_2"": 4.4, ""w_3"": 4.42, ""w_4"": 4.45, ""w_5"": 4.4, ""w_6"": 4.42, ""w_7"": 4.39, ""w_8"": 4.3, ""w_9"": 4.28, ""w_10"": 4.3, ""w_11"": 4.35, ""w_12"": 4.35, ""w_13"": 4.38, ""w_14"": 4.46, ""w_15"": 4.37, ""w_16"": 4.38, ""w_17"": 4.49, ""w_18"": 4.57, ""w_19"": 4.63, ""w_20"": 4.57}"
240,100974271034,2022-04-28,0,factual,"{""w_0"": 4.445, ""w_1"": 4.4, ""w_2"": 4.42, ""w_3"": 4.385, ""w_4"": 4.3, ""w_5"": 4.28, ""w_6"": 4.3, ""w_7"": 4.35, ""w_8"": 4.35, ""w_9"": 4.38, ""w_10"": 4.46, ""w_11"": 4.368, ""w_12"": 4.381600000000001, ""w_13"": 4.495, ""w_14"": 4.57, ""w_15"": 4.63, ""w_16"": 4.565, ""w_17"": 4.565, ""w_18"": 4.5, ""w_19"": 4.27, ""w_20"": 4.26}"
240,100974271034,2022-04-28,0,counterfactual,"{""w_0"": 4.36, ""w_1"": 4.14, ""w_2"": 4.24, ""w_3"": 4.36, ""w_4"": 4.39, ""w_5"": 4.28, ""w_6"": 4.1, ""w_7"": 4.28, ""w_8"": 4.29, ""w_9"": 4.4, ""w_10"": 4.42, ""w_11"": 4.45, ""w_12"": 4.4, ""w_13"": 4.42, ""w_14"": 4.39, ""w_15"": 4.3, ""w_16"": 4.28, ""w_17"": 4.3, ""w_18"": 4.35, ""w_19"": 4.35, ""w_20"": 4.38}"
241,100974271034,2022-04-29,0,factual,"{""w_0"": 4.4, ""w_1"": 4.42, ""w_2"": 4.385, ""w_3"": 4.3, ""w_4"": 4.28, ""w_5"": 4.3, ""w_6"": 4.35, ""w_7"": 4.35, ""w_8"": 4.38, ""w_9"": 4.46, ""w_10"": 4.368, ""w_11"": 4.381600000000001, ""w_12"": 4.495, ""w_13"": 4.57, ""w_14"": 4.63, ""w_15"": 4.565, ""w_16"": 4.565, ""w_17"": 4.5, ""w_18"": 4.27, ""w_19"": 4.26, ""w_20"": 4.195}"
241,100974271034,2022-04-29,0,counterfactual,"{""w_0"": 4.14, ""w_1"": 4.24, ""w_2"": 4.36, ""w_3"": 4.39, ""w_4"": 4.28, ""w_5"": 4.1, ""w_6"": 4.28, ""w_7"": 4.29, ""w_8"": 4.4, ""w_9"": 4.42, ""w_10"": 4.45, ""w_11"": 4.4, ""w_12"": 4.42, ""w_13"": 4.39, ""w_14"": 4.3, ""w_15"": 4.28, ""w_16"": 4.3, ""w_17"": 4.35, ""w_18"": 4.35, ""w_19"": 4.38, ""w_20"": 4.46}"
242,100974271034,2022-05-02,0,factual,"{""w_0"": 4.42, ""w_1"": 4.385, ""w_2"": 4.3, ""w_3"": 4.28, ""w_4"": 4.3, ""w_5"": 4.35, ""w_6"": 4.35, ""w_7"": 4.38, ""w_8"": 4.46, ""w_9"": 4.368, ""w_10"": 4.381600000000001, ""w_11"": 4.495, ""w_12"": 4.57, ""w_13"": 4.63, ""w_14"": 4.565, ""w_15"": 4.565, ""w_16"": 4.5, ""w_17"": 4.27, ""w_18"": 4.26, ""w_19"": 4.195, ""w_20"": 4.30625}"
242,100974271034,2022-05-02,0,counterfactual,"{""w_0"": 4.1, ""w_1"": 4.28, ""w_2"": 4.29, ""w_3"": 4.4, ""w_4"": 4.42, ""w_5"": 4.45, ""w_6"": 4.4, ""w_7"": 4.42, ""w_8"": 4.39, ""w_9"": 4.3, ""w_10"": 4.28, ""w_11"": 4.3, ""w_12"": 4.35, ""w_13"": 4.35, ""w_14"": 4.38, ""w_15"": 4.46, ""w_16"": 4.37, ""w_17"": 4.38, ""w_18"": 4.49, ""w_19"": 4.57, ""w_20"": 4.63}"
243,100974271034,2022-05-03,0,factual,"{""w_0"": 4.385, ""w_1"": 4.3, ""w_2"": 4.28, ""w_3"": 4.3, ""w_4"": 4.35, ""w_5"": 4.35, ""w_6"": 4.38, ""w_7"": 4.46, ""w_8"": 4.368, ""w_9"": 4.381600000000001, ""w_10"": 4.495, ""w_11"": 4.57, ""w_12"": 4.63, ""w_13"": 4.565, ""w_14"": 4.565, ""w_15"": 4.5, ""w_16"": 4.27, ""w_17"": 4.26, ""w_18"": 4.195, ""w_19"": 4.30625, ""w_20"": 3.97}"
243,100974271034,2022-05-03,0,counterfactual,"{""w_0"": 4.42, ""w_1"": 4.39, ""w_2"": 4.3, ""w_3"": 4.28, ""w_4"": 4.3, ""w_5"": 4.35, ""w_6"": 4.35, ""w_7"": 4.38, ""w_8"": 4.46, ""w_9"": 4.37, ""w_10"": 4.38, ""w_11"": 4.49, ""w_12"": 4.57, ""w_13"": 4.63, ""w_14"": 4.57, ""w_15"": 4.57, ""w_16"": 4.5, ""w_17"": 4.27, ""w_18"": 4.26, ""w_19"": 4.2, ""w_20"": 4.31}"
244,100974271034,2022-05-04,0,factual,"{""w_0"": 4.3, ""w_1"": 4.28, ""w_2"": 4.3, ""w_3"": 4.35, ""w_4"": 4.35, ""w_5"": 4.38, ""w_6"": 4.46, ""w_7"": 4.368, ""w_8"": 4.381600000000001, ""w_9"": 4.495, ""w_10"": 4.57, ""w_11"": 4.63, ""w_12"": 4.565, ""w_13"": 4.565, ""w_14"": 4.5, ""w_15"": 4.27, ""w_16"": 4.26, ""w_17"": 4.195, ""w_18"": 4.30625, ""w_19"": 3.97, ""w_20"": 3.98}"
244,100974271034,2022-05-04,0,counterfactual,"{""w_0"": 4.39, ""w_1"": 4.3, ""w_2"": 4.28, ""w_3"": 4.3, ""w_4"": 4.35, ""w_5"": 4.35, ""w_6"": 4.38, ""w_7"": 4.46, ""w_8"": 4.37, ""w_9"": 4.38, ""w_10"": 4.49, ""w_11"": 4.57, ""w_12"": 4.63, ""w_13"": 4.57, ""w_14"": 4.57, ""w_15"": 4.5, ""w_16"": 4.27, ""w_17"": 4.26, ""w_18"": 4.2, ""w_19"": 4.31, ""w_20"": 3.97}"
245,100974271034,2022-05-05,0,factual,"{""w_0"": 4.28, ""w_1"": 4.3, ""w_2"": 4.35, ""w_3"": 4.35, ""w_4"": 4.38, ""w_5"": 4.46, ""w_6"": 4.368, ""w_7"": 4.381600000000001, ""w_8"": 4.495, ""w_9"": 4.57, ""w_10"": 4.63, ""w_11"": 4.565, ""w_12"": 4.565, ""w_13"": 4.5, ""w_14"": 4.27, ""w_15"": 4.26, ""w_16"": 4.195, ""w_17"": 4.30625, ""w_18"": 3.97, ""w_19"": 3.98, ""w_20"": 4.02}"
245,100974271034,2022-05-05,0,counterfactual,"{""w_0"": 4.42, ""w_1"": 4.39, ""w_2"": 4.3, ""w_3"": 4.28, ""w_4"": 4.3, ""w_5"": 4.35, ""w_6"": 4.35, ""w_7"": 4.38, ""w_8"": 4.46, ""w_9"": 4.37, ""w_10"": 4.38, ""w_11"": 4.49, ""w_12"": 4.57, ""w_13"": 4.63, ""w_14"": 4.57, ""w_15"": 4.57, ""w_16"": 4.5, ""w_17"": 4.27, ""w_18"": 4.26, ""w_19"": 4.2, ""w_20"": 4.31}"
246,100974271034,2022-05-06,0,factual,"{""w_0"": 4.3, ""w_1"": 4.35, ""w_2"": 4.35, ""w_3"": 4.38, ""w_4"": 4.46, ""w_5"": 4.368, ""w_6"": 4.381600000000001, ""w_7"": 4.495, ""w_8"": 4.57, ""w_9"": 4.63, ""w_10"": 4.565, ""w_11"": 4.565, ""w_12"": 4.5, ""w_13"": 4.27, ""w_14"": 4.26, ""w_15"": 4.195, ""w_16"": 4.30625, ""w_17"": 3.97, ""w_18"": 3.98, ""w_19"": 4.02, ""w_20"": 3.86}"
246,100974271034,2022-05-06,0,counterfactual,"{""w_0"": 4.24, ""w_1"": 4.36, ""w_2"": 4.39, ""w_3"": 4.28, ""w_4"": 4.1, ""w_5"": 4.28, ""w_6"": 4.29, ""w_7"": 4.4, ""w_8"": 4.42, ""w_9"": 4.45, ""w_10"": 4.4, ""w_11"": 4.42, ""w_12"": 4.39, ""w_13"": 4.3, ""w_14"": 4.28, ""w_15"": 4.3, ""w_16"": 4.35, ""w_17"": 4.35, ""w_18"": 4.38, ""w_19"": 4.46, ""w_20"": 4.37}"
247,100974271034,2022-05-09,0,factual,"{""w_0"": 4.35, ""w_1"": 4.35, ""w_2"": 4.38, ""w_3"": 4.46, ""w_4"": 4.368, ""w_5"": 4.381600000000001, ""w_6"": 4.495, ""w_7"": 4.57, ""w_8"": 4.63, ""w_9"": 4.565, ""w_10"": 4.565, ""w_11"": 4.5, ""w_12"": 4.27, ""w_13"": 4.26, ""w_14"": 4.195, ""w_15"": 4.30625, ""w_16"": 3.97, ""w_17"": 3.98, ""w_18"": 4.02, ""w_19"": 3.86, ""w_20"": 3.725}"
247,100974271034,2022-05-09,0,counterfactual,"{""w_0"": 4.3, ""w_1"": 4.35, ""w_2"": 4.35, ""w_3"": 4.38, ""w_4"": 4.46, ""w_5"": 4.37, ""w_6"": 4.38, ""w_7"": 4.49, ""w_8"": 4.57, ""w_9"": 4.63, ""w_10"": 4.57, ""w_11"": 4.57, ""w_12"": 4.5, ""w_13"": 4.27, ""w_14"": 4.26, ""w_15"": 4.2, ""w_16"": 4.31, ""w_17"": 3.97, ""w_18"": 3.98, ""w_19"": 4.02, ""w_20"": 3.86}"
248,100974271034,2022-05-10,0,factual,"{""w_0"": 4.35, ""w_1"": 4.38, ""w_2"": 4.46, ""w_3"": 4.368, ""w_4"": 4.381600000000001, ""w_5"": 4.495, ""w_6"": 4.57, ""w_7"": 4.63, ""w_8"": 4.565, ""w_9"": 4.565, ""w_10"": 4.5, ""w_11"": 4.27, ""w_12"": 4.26, ""w_13"": 4.195, ""w_14"": 4.30625, ""w_15"": 3.97, ""w_16"": 3.98, ""w_17"": 4.02, ""w_18"": 3.86, ""w_19"": 3.725, ""w_20"": 3.71}"
248,100974271034,2022-05-10,0,counterfactual,"{""w_0"": 4.3, ""w_1"": 4.35, ""w_2"": 4.35, ""w_3"": 4.38, ""w_4"": 4.46, ""w_5"": 4.37, ""w_6"": 4.38, ""w_7"": 4.49, ""w_8"": 4.57, ""w_9"": 4.63, ""w_10"": 4.57, ""w_11"": 4.57, ""w_12"": 4.5, ""w_13"": 4.27, ""w_14"": 4.26, ""w_15"": 4.2, ""w_16"": 4.31, ""w_17"": 3.97, ""w_18"": 3.98, ""w_19"": 4.02, ""w_20"": 3.86}"
249,100974271034,2022-05-11,0,factual,"{""w_0"": 4.38, ""w_1"": 4.46, ""w_2"": 4.368, ""w_3"": 4.381600000000001, ""w_4"": 4.495, ""w_5"": 4.57, ""w_6"": 4.63, ""w_7"": 4.565, ""w_8"": 4.565, ""w_9"": 4.5, ""w_10"": 4.27, ""w_11"": 4.26, ""w_12"": 4.195, ""w_13"": 4.30625, ""w_14"": 3.97, ""w_15"": 3.98, ""w_16"": 4.02, ""w_17"": 3.86, ""w_18"": 3.725, ""w_19"": 3.71, ""w_20"": 3.9}"
249,100974271034,2022-05-11,0,counterfactual,"{""w_0"": 4.3, ""w_1"": 4.35, ""w_2"": 4.35, ""w_3"": 4.38, ""w_4"": 4.46, ""w_5"": 4.37, ""w_6"": 4.38, ""w_7"": 4.49, ""w_8"": 4.57, ""w_9"": 4.63, ""w_10"": 4.57, ""w_11"": 4.57, ""w_12"": 4.5, ""w_13"": 4.27, ""w_14"": 4.26, ""w_15"": 4.2, ""w_16"": 4.31, ""w_17"": 3.97, ""w_18"": 3.67, ""w_19"": 4.02, ""w_20"": 3.86}"
250,100974271034,2022-05-12,0,factual,"{""w_0"": 4.46, ""w_1"": 4.368, ""w_2"": 4.381600000000001, ""w_3"": 4.495, ""w_4"": 4.57, ""w_5"": 4.63, ""w_6"": 4.565, ""w_7"": 4.565, ""w_8"": 4.5, ""w_9"": 4.27, ""w_10"": 4.26, ""w_11"": 4.195, ""w_12"": 4.30625, ""w_13"": 3.97, ""w_14"": 3.98, ""w_15"": 4.02, ""w_16"": 3.86, ""w_17"": 3.725, ""w_18"": 3.71, ""w_19"": 3.9, ""w_20"": 3.75}"
250,100974271034,2022-05-12,0,counterfactual,"{""w_0"": 4.38, ""w_1"": 4.46, ""w_2"": 4.37, ""w_3"": 4.38, ""w_4"": 4.49, ""w_5"": 4.57, ""w_6"": 4.63, ""w_7"": 4.57, ""w_8"": 4.57, ""w_9"": 4.5, ""w_10"": 4.27, ""w_11"": 4.26, ""w_12"": 4.2, ""w_13"": 4.31, ""w_14"": 3.97, ""w_15"": 3.98, ""w_16"": 4.02, ""w_17"": 3.86, ""w_18"": 3.72, ""w_19"": 3.71, ""w_20"": 3.9}"
251,100974271034,2022-05-13,0,factual,"{""w_0"": 4.368, ""w_1"": 4.381600000000001, ""w_2"": 4.495, ""w_3"": 4.57, ""w_4"": 4.63, ""w_5"": 4.565, ""w_6"": 4.565, ""w_7"": 4.5, ""w_8"": 4.27, ""w_9"": 4.26, ""w_10"": 4.195, ""w_11"": 4.30625, ""w_12"": 3.97, ""w_13"": 3.98, ""w_14"": 4.02, ""w_15"": 3.86, ""w_16"": 3.725, ""w_17"": 3.71, ""w_18"": 3.9, ""w_19"": 3.75, ""w_20"": 3.845}"
251,100974271034,2022-05-13,0,counterfactual,"{""w_0"": 4.38, ""w_1"": 4.46, ""w_2"": 4.37, ""w_3"": 4.38, ""w_4"": 4.49, ""w_5"": 4.57, ""w_6"": 4.63, ""w_7"": 4.57, ""w_8"": 4.57, ""w_9"": 4.5, ""w_10"": 4.27, ""w_11"": 4.26, ""w_12"": 4.2, ""w_13"": 4.31, ""w_14"": 3.97, ""w_15"": 3.98, ""w_16"": 4.02, ""w_17"": 3.86, ""w_18"": 3.72, ""w_19"": 3.71, ""w_20"": 3.9}"
252,100974271034,2022-05-16,0,factual,"{""w_0"": 4.381600000000001, ""w_1"": 4.495, ""w_2"": 4.57, ""w_3"": 4.63, ""w_4"": 4.565, ""w_5"": 4.565, ""w_6"": 4.5, ""w_7"": 4.27, ""w_8"": 4.26, ""w_9"": 4.195, ""w_10"": 4.30625, ""w_11"": 3.97, ""w_12"": 3.98, ""w_13"": 4.02, ""w_14"": 3.86, ""w_15"": 3.725, ""w_16"": 3.71, ""w_17"": 3.9, ""w_18"": 3.75, ""w_19"": 3.845, ""w_20"": 3.93}"
252,100974271034,2022-05-16,0,counterfactual,"{""w_0"": 4.64, ""w_1"": 4.59, ""w_2"": 4.67, ""w_3"": 4.6, ""w_4"": 4.6, ""w_5"": 4.68, ""w_6"": 4.2, ""w_7"": 4.53, ""w_8"": 4.3, ""w_9"": 4.16, ""w_10"": 4.06, ""w_11"": 4.15, ""w_12"": 3.92, ""w_13"": 4.12, ""w_14"": 3.67, ""w_15"": 3.92, ""w_16"": 3.8, ""w_17"": 3.84, ""w_18"": 3.92, ""w_19"": 4.16, ""w_20"": 4.36}"
253,100974271034,2022-05-17,0,factual,"{""w_0"": 4.495, ""w_1"": 4.57, ""w_2"": 4.63, ""w_3"": 4.565, ""w_4"": 4.565, ""w_5"": 4.5, ""w_6"": 4.27, ""w_7"": 4.26, ""w_8"": 4.195, ""w_9"": 4.30625, ""w_10"": 3.97, ""w_11"": 3.98, ""w_12"": 4.02, ""w_13"": 3.86, ""w_14"": 3.725, ""w_15"": 3.71, ""w_16"": 3.9, ""w_17"": 3.75, ""w_18"": 3.845, ""w_19"": 3.93, ""w_20"": 3.98}"
253,100974271034,2022-05-17,0,counterfactual,"{""w_0"": 4.64, ""w_1"": 4.59, ""w_2"": 4.67, ""w_3"": 4.6, ""w_4"": 4.6, ""w_5"": 4.68, ""w_6"": 4.2, ""w_7"": 4.53, ""w_8"": 4.3, ""w_9"": 4.16, ""w_10"": 4.06, ""w_11"": 4.15, ""w_12"": 3.92, ""w_13"": 4.12, ""w_14"": 3.67, ""w_15"": 3.92, ""w_16"": 3.8, ""w_17"": 3.84, ""w_18"": 3.92, ""w_19"": 4.16, ""w_20"": 4.36}"
254,100974271034,2022-05-18,0,factual,"{""w_0"": 4.57, ""w_1"": 4.63, ""w_2"": 4.565, ""w_3"": 4.565, ""w_4"": 4.5, ""w_5"": 4.27, ""w_6"": 4.26, ""w_7"": 4.195, ""w_8"": 4.30625, ""w_9"": 3.97, ""w_10"": 3.98, ""w_11"": 4.02, ""w_12"": 3.86, ""w_13"": 3.725, ""w_14"": 3.71, ""w_15"": 3.9, ""w_16"": 3.75, ""w_17"": 3.845, ""w_18"": 3.93, ""w_19"": 3.98, ""w_20"": 4.02}"
254,100974271034,2022-05-18,0,counterfactual,"{""w_0"": 4.64, ""w_1"": 4.59, ""w_2"": 4.67, ""w_3"": 4.6, ""w_4"": 4.6, ""w_5"": 4.68, ""w_6"": 4.2, ""w_7"": 4.53, ""w_8"": 4.3, ""w_9"": 4.16, ""w_10"": 4.06, ""w_11"": 4.15, ""w_12"": 3.92, ""w_13"": 4.12, ""w_14"": 3.67, ""w_15"": 3.92, ""w_16"": 3.8, ""w_17"": 3.84, ""w_18"": 3.92, ""w_19"": 4.16, ""w_20"": 4.4}"
255,100974271034,2022-05-19,0,factual,"{""w_0"": 4.63, ""w_1"": 4.565, ""w_2"": 4.565, ""w_3"": 4.5, ""w_4"": 4.27, ""w_5"": 4.26, ""w_6"": 4.195, ""w_7"": 4.30625, ""w_8"": 3.97, ""w_9"": 3.98, ""w_10"": 4.02, ""w_11"": 3.86, ""w_12"": 3.725, ""w_13"": 3.71, ""w_14"": 3.9, ""w_15"": 3.75, ""w_16"": 3.845, ""w_17"": 3.93, ""w_18"": 3.98, ""w_19"": 4.02, ""w_20"": 3.8}"
255,100974271034,2022-05-19,0,counterfactual,"{""w_0"": 4.59, ""w_1"": 4.67, ""w_2"": 4.6, ""w_3"": 4.6, ""w_4"": 4.68, ""w_5"": 4.2, ""w_6"": 4.53, ""w_7"": 4.3, ""w_8"": 4.16, ""w_9"": 4.06, ""w_10"": 4.15, ""w_11"": 3.92, ""w_12"": 4.12, ""w_13"": 3.67, ""w_14"": 3.92, ""w_15"": 3.8, ""w_16"": 3.84, ""w_17"": 3.92, ""w_18"": 4.16, ""w_19"": 4.4, ""w_20"": 4.1}"
256,100974271034,2022-05-20,0,factual,"{""w_0"": 4.565, ""w_1"": 4.565, ""w_2"": 4.5, ""w_3"": 4.27, ""w_4"": 4.26, ""w_5"": 4.195, ""w_6"": 4.30625, ""w_7"": 3.97, ""w_8"": 3.98, ""w_9"": 4.02, ""w_10"": 3.86, ""w_11"": 3.725, ""w_12"": 3.71, ""w_13"": 3.9, ""w_14"": 3.75, ""w_15"": 3.845, ""w_16"": 3.93, ""w_17"": 3.98, ""w_18"": 4.02, ""w_19"": 3.8, ""w_20"": 3.725}"
256,100974271034,2022-05-20,0,counterfactual,"{""w_0"": 4.63, ""w_1"": 4.57, ""w_2"": 4.57, ""w_3"": 4.5, ""w_4"": 4.27, ""w_5"": 4.26, ""w_6"": 4.2, ""w_7"": 4.31, ""w_8"": 3.97, ""w_9"": 3.98, ""w_10"": 4.02, ""w_11"": 3.86, ""w_12"": 3.72, ""w_13"": 3.71, ""w_14"": 3.9, ""w_15"": 3.75, ""w_16"": 3.85, ""w_17"": 3.93, ""w_18"": 4.0, ""w_19"": 4.0, ""w_20"": 3.8}"
257,100974271034,2022-05-23,0,factual,"{""w_0"": 4.565, ""w_1"": 4.5, ""w_2"": 4.27, ""w_3"": 4.26, ""w_4"": 4.195, ""w_5"": 4.30625, ""w_6"": 3.97, ""w_7"": 3.98, ""w_8"": 4.02, ""w_9"": 3.86, ""w_10"": 3.725, ""w_11"": 3.71, ""w_12"": 3.9, ""w_13"": 3.75, ""w_14"": 3.845, ""w_15"": 3.93, ""w_16"": 3.98, ""w_17"": 4.02, ""w_18"": 3.8, ""w_19"": 3.725, ""w_20"": 3.74}"
257,100974271034,2022-05-23,0,counterfactual,"{""w_0"": 4.57, ""w_1"": 4.57, ""w_2"": 4.5, ""w_3"": 4.27, ""w_4"": 4.26, ""w_5"": 4.2, ""w_6"": 4.31, ""w_7"": 3.97, ""w_8"": 3.98, ""w_9"": 4.02, ""w_10"": 3.86, ""w_11"": 3.72, ""w_12"": 3.71, ""w_13"": 3.9, ""w_14"": 3.75, ""w_15"": 3.85, ""w_16"": 3.93, ""w_17"": 4.0, ""w_18"": 4.0, ""w_19"": 3.8, ""w_20"": 3.7}"
372,AU3CB0228823,2021-11-03,0,factual,"{""w_0"": 67.7709512, ""w_1"": 67.81317396, ""w_2"": 68.16060954, ""w_3"": 67.78479785, ""w_4"": 68.33648951, ""w_5"": 68.3308087, ""w_6"": 68.3941552, ""w_7"": 68.6661768, ""w_8"": 68.34710988, ""w_9"": 68.19518952, ""w_10"": 68.4708464, ""w_11"": 68.6563696, ""w_12"": 68.3382469, ""w_13"": 68.33926700999999, ""w_14"": 68.56121019999999, ""w_15"": 68.3675164, ""w_16"": 67.74290395, ""w_17"": 67.4939735, ""w_18"": 68.37813236, ""w_19"": 68.46850006000001, ""w_20"": 67.703935}"
372,AU3CB0228823,2021-11-03,0,counterfactual,"{""w_0"": 67.77258, ""w_1"": 67.77095, ""w_2"": 67.81317, ""w_3"": 68.16061, ""w_4"": 67.7848, ""w_5"": 68.33649, ""w_6"": 68.33081, ""w_7"": 68.39416, ""w_8"": 68.666176, ""w_9"": 68.347107, ""w_10"": 68.19519, ""w_11"": 68.470848, ""w_12"": 68.656372, ""w_13"": 68.338249, ""w_14"": 68.339264, ""w_15"": 68.561211, ""w_16"": 68.367516, ""w_17"": 67.742905, ""w_18"": 67.493973, ""w_19"": 68.378136, ""w_20"": 68.468498}"
375,AU3CB0228823,2021-11-08,0,factual,"{""w_0"": 67.78479785, ""w_1"": 68.33648951, ""w_2"": 68.3308087, ""w_3"": 68.3941552, ""w_4"": 68.6661768, ""w_5"": 68.34710988, ""w_6"": 68.19518952, ""w_7"": 68.4708464, ""w_8"": 68.6563696, ""w_9"": 68.3382469, ""w_10"": 68.33926700999999, ""w_11"": 68.56121019999999, ""w_12"": 68.3675164, ""w_13"": 67.74290395, ""w_14"": 67.4939735, ""w_15"": 68.37813236, ""w_16"": 68.46850006000001, ""w_17"": 67.703935, ""w_18"": 67.926621058, ""w_19"": 67.6860745, ""w_20"": 67.4985612}"
375,AU3CB0228823,2021-11-08,0,counterfactual,"{""w_0"": 67.77095, ""w_1"": 67.81317, ""w_2"": 68.16061, ""w_3"": 67.7848, ""w_4"": 68.33649, ""w_5"": 68.330811, ""w_6"": 68.394157, ""w_7"": 68.666176, ""w_8"": 68.347107, ""w_9"": 68.19519, ""w_10"": 68.470848, ""w_11"": 68.656372, ""w_12"": 68.338249, ""w_13"": 68.339264, ""w_14"": 68.561211, ""w_15"": 68.367516, ""w_16"": 67.742905, ""w_17"": 67.493973, ""w_18"": 68.378136, ""w_19"": 68.468498, ""w_20"": 67.703934}"
376,AU3CB0228823,2021-11-09,0,factual,"{""w_0"": 68.33648951, ""w_1"": 68.3308087, ""w_2"": 68.3941552, ""w_3"": 68.6661768, ""w_4"": 68.34710988, ""w_5"": 68.19518952, ""w_6"": 68.4708464, ""w_7"": 68.6563696, ""w_8"": 68.3382469, ""w_9"": 68.33926700999999, ""w_10"": 68.56121019999999, ""w_11"": 68.3675164, ""w_12"": 67.74290395, ""w_13"": 67.4939735, ""w_14"": 68.37813236, ""w_15"": 68.46850006000001, ""w_16"": 67.703935, ""w_17"": 67.926621058, ""w_18"": 67.6860745, ""w_19"": 67.4985612, ""w_20"": 67.55456260000001}"
376,AU3CB0228823,2021-11-09,0,counterfactual,"{""w_0"": 66.96963, ""w_1"": 67.50141, ""w_2"": 67.82043, ""w_3"": 67.77258, ""w_4"": 67.77095, ""w_5"": 67.813171, ""w_6"": 68.160606, ""w_7"": 67.784798, ""w_8"": 68.336487, ""w_9"": 68.330811, ""w_10"": 68.394157, ""w_11"": 68.666176, ""w_12"": 68.347107, ""w_13"": 68.19519, ""w_14"": 68.470848, ""w_15"": 68.656372, ""w_16"": 68.338249, ""w_17"": 68.339264, ""w_18"": 68.561211, ""w_19"": 68.367516, ""w_20"": 67.742905}"
377,AU3CB0228823,2021-11-10,0,factual,"{""w_0"": 68.3308087, ""w_1"": 68.3941552, ""w_2"": 68.6661768, ""w_3"": 68.34710988, ""w_4"": 68.19518952, ""w_5"": 68.4708464, ""w_6"": 68.6563696, ""w_7"": 68.3382469, ""w_8"": 68.33926700999999, ""w_9"": 68.56121019999999, ""w_10"": 68.3675164, ""w_11"": 67.74290395, ""w_12"": 67.4939735, ""w_13"": 68.37813236, ""w_14"": 68.46850006000001, ""w_15"": 67.703935, ""w_16"": 67.926621058, ""w_17"": 67.6860745, ""w_18"": 67.4985612, ""w_19"": 67.55456260000001, ""w_20"": 66.883129605}"
377,AU3CB0228823,2021-11-10,0,counterfactual,"{""w_0"": 67.07261, ""w_1"": 66.96963, ""w_2"": 67.50141, ""w_3"": 67.820427, ""w_4"": 67.772583, ""w_5"": 67.77095, ""w_6"": 67.813171, ""w_7"": 68.160606, ""w_8"": 67.784798, ""w_9"": 68.336487, ""w_10"": 68.330811, ""w_11"": 68.394157, ""w_12"": 68.666176, ""w_13"": 68.347107, ""w_14"": 68.19519, ""w_15"": 68.470848, ""w_16"": 68.656372, ""w_17"": 68.338249, ""w_18"": 68.339264, ""w_19"": 68.561211, ""w_20"": 68.367516}"
381,AU3CB0228823,2021-11-16,0,factual,"{""w_0"": 68.19518952, ""w_1"": 68.4708464, ""w_2"": 68.6563696, ""w_3"": 68.3382469, ""w_4"": 68.33926700999999, ""w_5"": 68.56121019999999, ""w_6"": 68.3675164, ""w_7"": 67.74290395, ""w_8"": 67.4939735, ""w_9"": 68.37813236, ""w_10"": 68.46850006000001, ""w_11"": 67.703935, ""w_12"": 67.926621058, ""w_13"": 67.6860745, ""w_14"": 67.4985612, ""w_15"": 67.55456260000001, ""w_16"": 66.883129605, ""w_17"": 67.05444656, ""w_18"": 66.8598608, ""w_19"": 67.24129865, ""w_20"": 67.70952100000001}"
381,AU3CB0228823,2021-11-16,0,counterfactual,"{""w_0"": 68.347107, ""w_1"": 68.19519, ""w_2"": 68.470848, ""w_3"": 68.656372, ""w_4"": 68.338249, ""w_5"": 68.339264, ""w_6"": 68.561211, ""w_7"": 68.367516, ""w_8"": 67.742905, ""w_9"": 67.493973, ""w_10"": 68.378136, ""w_11"": 68.468498, ""w_12"": 67.703934, ""w_13"": 67.92662, ""w_14"": 67.686073, ""w_15"": 67.498558, ""w_16"": 67.554565, ""w_17"": 66.883133, ""w_18"": 67.054443, ""w_19"": 66.859863, ""w_20"": 67.241295}"
384,AU3CB0228823,2021-11-19,0,factual,"{""w_0"": 68.3382469, ""w_1"": 68.33926700999999, ""w_2"": 68.56121019999999, ""w_3"": 68.3675164, ""w_4"": 67.74290395, ""w_5"": 67.4939735, ""w_6"": 68.37813236, ""w_7"": 68.46850006000001, ""w_8"": 67.703935, ""w_9"": 67.926621058, ""w_10"": 67.6860745, ""w_11"": 67.4985612, ""w_12"": 67.55456260000001, ""w_13"": 66.883129605, ""w_14"": 67.05444656, ""w_15"": 66.8598608, ""w_16"": 67.24129865, ""w_17"": 67.70952100000001, ""w_18"": 67.70557395, ""w_19"": 67.3982478, ""w_20"": 67.12096}"
384,AU3CB0228823,2021-11-19,0,counterfactual,"{""w_0"": 68.656372, ""w_1"": 68.338249, ""w_2"": 68.339264, ""w_3"": 68.561211, ""w_4"": 68.367516, ""w_5"": 67.742905, ""w_6"": 67.493973, ""w_7"": 68.378136, ""w_8"": 68.468498, ""w_9"": 67.703934, ""w_10"": 67.92662, ""w_11"": 67.686073, ""w_12"": 67.498558, ""w_13"": 67.554565, ""w_14"": 66.883133, ""w_15"": 67.054443, ""w_16"": 66.859863, ""w_17"": 67.241295, ""w_18"": 67.709518, ""w_19"": 67.705574, ""w_20"": 67.398247}"
385,AU3CB0228823,2021-11-22,0,factual,"{""w_0"": 68.33926700999999, ""w_1"": 68.56121019999999, ""w_2"": 68.3675164, ""w_3"": 67.74290395, ""w_4"": 67.4939735, ""w_5"": 68.37813236, ""w_6"": 68.46850006000001, ""w_7"": 67.703935, ""w_8"": 67.926621058, ""w_9"": 67.6860745, ""w_10"": 67.4985612, ""w_11"": 67.55456260000001, ""w_12"": 66.883129605, ""w_13"": 67.05444656, ""w_14"": 66.8598608, ""w_15"": 67.24129865, ""w_16"": 67.70952100000001, ""w_17"": 67.70557395, ""w_18"": 67.3982478, ""w_19"": 67.12096, ""w_20"": 67.10009657}"
385,AU3CB0228823,2021-11-22,0,counterfactual,"{""w_0"": 68.338249, ""w_1"": 68.339264, ""w_2"": 68.561211, ""w_3"": 68.367516, ""w_4"": 67.742905, ""w_5"": 67.493973, ""w_6"": 68.378136, ""w_7"": 68.468498, ""w_8"": 67.703934, ""w_9"": 67.92662, ""w_10"": 67.686073, ""w_11"": 67.498558, ""w_12"": 67.554565, ""w_13"": 66.883133, ""w_14"": 67.054443, ""w_15"": 66.859863, ""w_16"": 67.241295, ""w_17"": 67.709518, ""w_18"": 67.705574, ""w_19"": 67.398247, ""w_20"": 67.120956}"
386,AU3CB0228823,2021-11-23,0,factual,"{""w_0"": 68.56121019999999, ""w_1"": 68.3675164, ""w_2"": 67.74290395, ""w_3"": 67.4939735, ""w_4"": 68.37813236, ""w_5"": 68.46850006000001, ""w_6"": 67.703935, ""w_7"": 67.926621058, ""w_8"": 67.6860745, ""w_9"": 67.4985612, ""w_10"": 67.55456260000001, ""w_11"": 66.883129605, ""w_12"": 67.05444656, ""w_13"": 66.8598608, ""w_14"": 67.24129865, ""w_15"": 67.70952100000001, ""w_16"": 67.70557395, ""w_17"": 67.3982478, ""w_18"": 67.12096, ""w_19"": 67.10009657, ""w_20"": 67.16569137}"
386,AU3CB0228823,2021-11-23,0,counterfactual,"{""w_0"": 68.656372, ""w_1"": 68.338249, ""w_2"": 68.339264, ""w_3"": 68.561211, ""w_4"": 68.367516, ""w_5"": 67.742905, ""w_6"": 67.493973, ""w_7"": 68.378136, ""w_8"": 68.468498, ""w_9"": 67.703934, ""w_10"": 67.92662, ""w_11"": 67.686073, ""w_12"": 67.498558, ""w_13"": 67.554565, ""w_14"": 66.883133, ""w_15"": 67.054443, ""w_16"": 66.859863, ""w_17"": 67.241295, ""w_18"": 67.709518, ""w_19"": 67.705574, ""w_20"": 67.398247}"
387,AU3CB0228823,2021-11-24,0,factual,"{""w_0"": 68.3675164, ""w_1"": 67.74290395, ""w_2"": 67.4939735, ""w_3"": 68.37813236, ""w_4"": 68.46850006000001, ""w_5"": 67.703935, ""w_6"": 67.926621058, ""w_7"": 67.6860745, ""w_8"": 67.4985612, ""w_9"": 67.55456260000001, ""w_10"": 66.883129605, ""w_11"": 67.05444656, ""w_12"": 66.8598608, ""w_13"": 67.24129865, ""w_14"": 67.70952100000001, ""w_15"": 67.70557395, ""w_16"": 67.3982478, ""w_17"": 67.12096, ""w_18"": 67.10009657, ""w_19"": 67.16569137, ""w_20"": 67.2322391}"
387,AU3CB0228823,2021-11-24,0,counterfactual,"{""w_0"": 68.394157, ""w_1"": 68.666176, ""w_2"": 68.347107, ""w_3"": 68.19519, ""w_4"": 68.470848, ""w_5"": 68.656372, ""w_6"": 68.338249, ""w_7"": 68.339264, ""w_8"": 68.561211, ""w_9"": 68.367516, ""w_10"": 67.742905, ""w_11"": 67.493973, ""w_12"": 68.378136, ""w_13"": 68.468498, ""w_14"": 67.703934, ""w_15"": 67.92662, ""w_16"": 67.686073, ""w_17"": 67.498558, ""w_18"": 67.554565, ""w_19"": 66.883133, ""w_20"": 67.054443}"
388,AU3CB0228823,2021-11-25,0,factual,"{""w_0"": 67.74290395, ""w_1"": 67.4939735, ""w_2"": 68.37813236, ""w_3"": 68.46850006000001, ""w_4"": 67.703935, ""w_5"": 67.926621058, ""w_6"": 67.6860745, ""w_7"": 67.4985612, ""w_8"": 67.55456260000001, ""w_9"": 66.883129605, ""w_10"": 67.05444656, ""w_11"": 66.8598608, ""w_12"": 67.24129865, ""w_13"": 67.70952100000001, ""w_14"": 67.70557395, ""w_15"": 67.3982478, ""w_16"": 67.12096, ""w_17"": 67.10009657, ""w_18"": 67.16569137, ""w_19"": 67.2322391, ""w_20"": 67.265080945}"
388,AU3CB0228823,2021-11-25,0,counterfactual,"{""w_0"": 68.367516, ""w_1"": 67.742905, ""w_2"": 67.493973, ""w_3"": 68.378136, ""w_4"": 68.468498, ""w_5"": 67.703934, ""w_6"": 67.92662, ""w_7"": 67.686073, ""w_8"": 67.498558, ""w_9"": 67.554565, ""w_10"": 66.883133, ""w_11"": 67.054443, ""w_12"": 66.859863, ""w_13"": 67.241295, ""w_14"": 67.709518, ""w_15"": 67.705574, ""w_16"": 67.398247, ""w_17"": 67.120956, ""w_18"": 67.100098, ""w_19"": 67.165688, ""w_20"": 67.232239}"
390,AU3CB0228823,2021-11-29,0,factual,"{""w_0"": 68.37813236, ""w_1"": 68.46850006000001, ""w_2"": 67.703935, ""w_3"": 67.926621058, ""w_4"": 67.6860745, ""w_5"": 67.4985612, ""w_6"": 67.55456260000001, ""w_7"": 66.883129605, ""w_8"": 67.05444656, ""w_9"": 66.8598608, ""w_10"": 67.24129865, ""w_11"": 67.70952100000001, ""w_12"": 67.70557395, ""w_13"": 67.3982478, ""w_14"": 67.12096, ""w_15"": 67.10009657, ""w_16"": 67.16569137, ""w_17"": 67.2322391, ""w_18"": 67.265080945, ""w_19"": 67.28748420000001, ""w_20"": 66.37489422}"
390,AU3CB0228823,2021-11-29,0,counterfactual,"{""w_0"": 68.367516, ""w_1"": 67.742905, ""w_2"": 67.493973, ""w_3"": 68.378136, ""w_4"": 68.468498, ""w_5"": 67.703934, ""w_6"": 67.92662, ""w_7"": 67.686073, ""w_8"": 67.498558, ""w_9"": 67.554565, ""w_10"": 66.883133, ""w_11"": 67.054443, ""w_12"": 66.859863, ""w_13"": 67.241295, ""w_14"": 67.709518, ""w_15"": 67.705574, ""w_16"": 67.398247, ""w_17"": 67.120956, ""w_18"": 67.100098, ""w_19"": 67.165688, ""w_20"": 67.232239}"
391,AU3CB0228823,2021-11-30,0,factual,"{""w_0"": 68.46850006000001, ""w_1"": 67.703935, ""w_2"": 67.926621058, ""w_3"": 67.6860745, ""w_4"": 67.4985612, ""w_5"": 67.55456260000001, ""w_6"": 66.883129605, ""w_7"": 67.05444656, ""w_8"": 66.8598608, ""w_9"": 67.24129865, ""w_10"": 67.70952100000001, ""w_11"": 67.70557395, ""w_12"": 67.3982478, ""w_13"": 67.12096, ""w_14"": 67.10009657, ""w_15"": 67.16569137, ""w_16"": 67.2322391, ""w_17"": 67.265080945, ""w_18"": 67.28748420000001, ""w_19"": 66.37489422, ""w_20"": 66.46976688}"
391,AU3CB0228823,2021-11-30,0,counterfactual,"{""w_0"": 68.378136, ""w_1"": 68.468498, ""w_2"": 67.703934, ""w_3"": 67.92662, ""w_4"": 67.686073, ""w_5"": 67.498558, ""w_6"": 67.554565, ""w_7"": 66.883133, ""w_8"": 67.054443, ""w_9"": 66.859863, ""w_10"": 67.241295, ""w_11"": 67.709518, ""w_12"": 67.705574, ""w_13"": 67.398247, ""w_14"": 67.120956, ""w_15"": 67.100098, ""w_16"": 67.165688, ""w_17"": 67.232239, ""w_18"": 67.265083, ""w_19"": 67.287483, ""w_20"": 66.374893}"
392,AU3CB0228823,2021-12-01,0,factual,"{""w_0"": 67.703935, ""w_1"": 67.926621058, ""w_2"": 67.6860745, ""w_3"": 67.4985612, ""w_4"": 67.55456260000001, ""w_5"": 66.883129605, ""w_6"": 67.05444656, ""w_7"": 66.8598608, ""w_8"": 67.24129865, ""w_9"": 67.70952100000001, ""w_10"": 67.70557395, ""w_11"": 67.3982478, ""w_12"": 67.12096, ""w_13"": 67.10009657, ""w_14"": 67.16569137, ""w_15"": 67.2322391, ""w_16"": 67.265080945, ""w_17"": 67.28748420000001, ""w_18"": 66.37489422, ""w_19"": 66.46976688, ""w_20"": 65.915532774}"
392,AU3CB0228823,2021-12-01,0,counterfactual,"{""w_0"": 68.378136, ""w_1"": 68.468498, ""w_2"": 67.703934, ""w_3"": 67.92662, ""w_4"": 67.686073, ""w_5"": 67.498558, ""w_6"": 67.554565, ""w_7"": 66.883133, ""w_8"": 67.054443, ""w_9"": 66.859863, ""w_10"": 67.241295, ""w_11"": 67.709518, ""w_12"": 67.705574, ""w_13"": 67.398247, ""w_14"": 67.120956, ""w_15"": 67.100098, ""w_16"": 67.165688, ""w_17"": 67.232239, ""w_18"": 67.265083, ""w_19"": 67.287483, ""w_20"": 66.374893}"
397,AU3CB0228823,2021-12-08,0,factual,"{""w_0"": 66.883129605, ""w_1"": 67.05444656, ""w_2"": 66.8598608, ""w_3"": 67.24129865, ""w_4"": 67.70952100000001, ""w_5"": 67.70557395, ""w_6"": 67.3982478, ""w_7"": 67.12096, ""w_8"": 67.10009657, ""w_9"": 67.16569137, ""w_10"": 67.2322391, ""w_11"": 67.265080945, ""w_12"": 67.28748420000001, ""w_13"": 66.37489422, ""w_14"": 66.46976688, ""w_15"": 65.915532774, ""w_16"": 65.83750767, ""w_17"": 65.824985375, ""w_18"": 65.18863512, ""w_19"": 65.4333368, ""w_20"": 66.17783955}"
397,AU3CB0228823,2021-12-08,0,counterfactual,"{""w_0"": 67.554565, ""w_1"": 66.883133, ""w_2"": 67.054443, ""w_3"": 66.859863, ""w_4"": 67.241295, ""w_5"": 67.709518, ""w_6"": 67.705574, ""w_7"": 67.398247, ""w_8"": 67.120956, ""w_9"": 67.100098, ""w_10"": 67.165688, ""w_11"": 67.232239, ""w_12"": 67.265083, ""w_13"": 67.287483, ""w_14"": 66.374893, ""w_15"": 66.469765, ""w_16"": 65.915535, ""w_17"": 65.837509, ""w_18"": 65.824982, ""w_19"": 65.188637, ""w_20"": 65.433334}"
398,AU3CB0228823,2021-12-09,0,factual,"{""w_0"": 67.05444656, ""w_1"": 66.8598608, ""w_2"": 67.24129865, ""w_3"": 67.70952100000001, ""w_4"": 67.70557395, ""w_5"": 67.3982478, ""w_6"": 67.12096, ""w_7"": 67.10009657, ""w_8"": 67.16569137, ""w_9"": 67.2322391, ""w_10"": 67.265080945, ""w_11"": 67.28748420000001, ""w_12"": 66.37489422, ""w_13"": 66.46976688, ""w_14"": 65.915532774, ""w_15"": 65.83750767, ""w_16"": 65.824985375, ""w_17"": 65.18863512, ""w_18"": 65.4333368, ""w_19"": 66.17783955, ""w_20"": 66.464596}"
398,AU3CB0228823,2021-12-09,0,counterfactual,"{""w_0"": 66.883133, ""w_1"": 67.054443, ""w_2"": 66.859863, ""w_3"": 67.241295, ""w_4"": 67.709518, ""w_5"": 67.705574, ""w_6"": 67.398247, ""w_7"": 67.120956, ""w_8"": 67.100098, ""w_9"": 67.165688, ""w_10"": 67.232239, ""w_11"": 67.265083, ""w_12"": 67.287483, ""w_13"": 66.374893, ""w_14"": 66.469765, ""w_15"": 65.915535, ""w_16"": 65.837509, ""w_17"": 65.824982, ""w_18"": 65.188637, ""w_19"": 65.433334, ""w_20"": 66.177841}"
399,AU3CB0228823,2021-12-10,0,factual,"{""w_0"": 66.8598608, ""w_1"": 67.24129865, ""w_2"": 67.70952100000001, ""w_3"": 67.70557395, ""w_4"": 67.3982478, ""w_5"": 67.12096, ""w_6"": 67.10009657, ""w_7"": 67.16569137, ""w_8"": 67.2322391, ""w_9"": 67.265080945, ""w_10"": 67.28748420000001, ""w_11"": 66.37489422, ""w_12"": 66.46976688, ""w_13"": 65.915532774, ""w_14"": 65.83750767, ""w_15"": 65.824985375, ""w_16"": 65.18863512, ""w_17"": 65.4333368, ""w_18"": 66.17783955, ""w_19"": 66.464596, ""w_20"": 66.54063151999999}"
399,AU3CB0228823,2021-12-10,0,counterfactual,"{""w_0"": 66.883133, ""w_1"": 67.054443, ""w_2"": 66.859863, ""w_3"": 67.241295, ""w_4"": 67.709518, ""w_5"": 67.705574, ""w_6"": 67.398247, ""w_7"": 67.120956, ""w_8"": 67.100098, ""w_9"": 67.165688, ""w_10"": 67.232239, ""w_11"": 67.265083, ""w_12"": 67.287483, ""w_13"": 66.374893, ""w_14"": 66.469765, ""w_15"": 65.915535, ""w_16"": 65.837509, ""w_17"": 65.824982, ""w_18"": 65.188637, ""w_19"": 65.433334, ""w_20"": 66.177841}"
400,AU3CB0228823,2021-12-13,0,factual,"{""w_0"": 67.24129865, ""w_1"": 67.70952100000001, ""w_2"": 67.70557395, ""w_3"": 67.3982478, ""w_4"": 67.12096, ""w_5"": 67.10009657, ""w_6"": 67.16569137, ""w_7"": 67.2322391, ""w_8"": 67.265080945, ""w_9"": 67.28748420000001, ""w_10"": 66.37489422, ""w_11"": 66.46976688, ""w_12"": 65.915532774, ""w_13"": 65.83750767, ""w_14"": 65.824985375, ""w_15"": 65.18863512, ""w_16"": 65.4333368, ""w_17"": 66.17783955, ""w_18"": 66.464596, ""w_19"": 66.54063151999999, ""w_20"": 66.6727272}"
400,AU3CB0228823,2021-12-13,0,counterfactual,"{""w_0"": 67.554565, ""w_1"": 66.883133, ""w_2"": 67.054443, ""w_3"": 66.859863, ""w_4"": 67.241295, ""w_5"": 67.709518, ""w_6"": 67.705574, ""w_7"": 67.398247, ""w_8"": 67.120956, ""w_9"": 67.100098, ""w_10"": 67.165688, ""w_11"": 67.232239, ""w_12"": 67.265083, ""w_13"": 67.287483, ""w_14"": 66.374893, ""w_15"": 66.469765, ""w_16"": 65.915535, ""w_17"": 65.837509, ""w_18"": 65.824982, ""w_19"": 65.188637, ""w_20"": 65.433334}"
402,AU3CB0228823,2021-12-15,0,factual,"{""w_0"": 67.70557395, ""w_1"": 67.3982478, ""w_2"": 67.12096, ""w_3"": 67.10009657, ""w_4"": 67.16569137, ""w_5"": 67.2322391, ""w_6"": 67.265080945, ""w_7"": 67.28748420000001, ""w_8"": 66.37489422, ""w_9"": 66.46976688, ""w_10"": 65.915532774, ""w_11"": 65.83750767, ""w_12"": 65.824985375, ""w_13"": 65.18863512, ""w_14"": 65.4333368, ""w_15"": 66.17783955, ""w_16"": 66.464596, ""w_17"": 66.54063151999999, ""w_18"": 66.6727272, ""w_19"": 66.53159155, ""w_20"": 66.4066413}"
402,AU3CB0228823,2021-12-15,0,counterfactual,"{""w_0"": 67.241295, ""w_1"": 67.709518, ""w_2"": 67.705574, ""w_3"": 67.398247, ""w_4"": 67.120956, ""w_5"": 67.100098, ""w_6"": 67.165688, ""w_7"": 67.232239, ""w_8"": 67.265083, ""w_9"": 67.287483, ""w_10"": 66.374893, ""w_11"": 66.469765, ""w_12"": 65.915535, ""w_13"": 65.837509, ""w_14"": 65.824982, ""w_15"": 65.188637, ""w_16"": 65.433334, ""w_17"": 66.177841, ""w_18"": 66.4646, ""w_19"": 66.540634, ""w_20"": 66.672729}"
401,AU3CB0228823,2021-12-14,0,factual,"{""w_0"": 67.70952100000001, ""w_1"": 67.70557395, ""w_2"": 67.3982478, ""w_3"": 67.12096, ""w_4"": 67.10009657, ""w_5"": 67.16569137, ""w_6"": 67.2322391, ""w_7"": 67.265080945, ""w_8"": 67.28748420000001, ""w_9"": 66.37489422, ""w_10"": 66.46976688, ""w_11"": 65.915532774, ""w_12"": 65.83750767, ""w_13"": 65.824985375, ""w_14"": 65.18863512, ""w_15"": 65.4333368, ""w_16"": 66.17783955, ""w_17"": 66.464596, ""w_18"": 66.54063151999999, ""w_19"": 66.6727272, ""w_20"": 66.53159155}"
401,AU3CB0228823,2021-12-14,0,counterfactual,"{""w_0"": 68.468498, ""w_1"": 67.703934, ""w_2"": 67.92662, ""w_3"": 67.686073, ""w_4"": 67.498558, ""w_5"": 67.554565, ""w_6"": 66.883133, ""w_7"": 67.054443, ""w_8"": 66.859863, ""w_9"": 67.241295, ""w_10"": 67.709518, ""w_11"": 67.705574, ""w_12"": 67.398247, ""w_13"": 67.120956, ""w_14"": 67.100098, ""w_15"": 67.165688, ""w_16"": 67.232239, ""w_17"": 67.265083, ""w_18"": 67.287483, ""w_19"": 66.374893, ""w_20"": 66.469765}"
403,AU3CB0228823,2021-12-16,0,factual,"{""w_0"": 67.3982478, ""w_1"": 67.12096, ""w_2"": 67.10009657, ""w_3"": 67.16569137, ""w_4"": 67.2322391, ""w_5"": 67.265080945, ""w_6"": 67.28748420000001, ""w_7"": 66.37489422, ""w_8"": 66.46976688, ""w_9"": 65.915532774, ""w_10"": 65.83750767, ""w_11"": 65.824985375, ""w_12"": 65.18863512, ""w_13"": 65.4333368, ""w_14"": 66.17783955, ""w_15"": 66.464596, ""w_16"": 66.54063151999999, ""w_17"": 66.6727272, ""w_18"": 66.53159155, ""w_19"": 66.4066413, ""w_20"": 66.63360374999999}"
403,AU3CB0228823,2021-12-16,0,counterfactual,"{""w_0"": 67.709518, ""w_1"": 67.705574, ""w_2"": 67.398247, ""w_3"": 67.120956, ""w_4"": 67.100098, ""w_5"": 67.165688, ""w_6"": 67.232239, ""w_7"": 67.265083, ""w_8"": 67.287483, ""w_9"": 66.374893, ""w_10"": 66.469765, ""w_11"": 65.915535, ""w_12"": 65.837509, ""w_13"": 65.824982, ""w_14"": 65.188637, ""w_15"": 65.433334, ""w_16"": 66.177841, ""w_17"": 66.4646, ""w_18"": 66.540634, ""w_19"": 66.672729, ""w_20"": 66.531593}"
404,AU3CB0228823,2021-12-17,0,factual,"{""w_0"": 67.12096, ""w_1"": 67.10009657, ""w_2"": 67.16569137, ""w_3"": 67.2322391, ""w_4"": 67.265080945, ""w_5"": 67.28748420000001, ""w_6"": 66.37489422, ""w_7"": 66.46976688, ""w_8"": 65.915532774, ""w_9"": 65.83750767, ""w_10"": 65.824985375, ""w_11"": 65.18863512, ""w_12"": 65.4333368, ""w_13"": 66.17783955, ""w_14"": 66.464596, ""w_15"": 66.54063151999999, ""w_16"": 66.6727272, ""w_17"": 66.53159155, ""w_18"": 66.4066413, ""w_19"": 66.63360374999999, ""w_20"": 66.42393764}"
404,AU3CB0228823,2021-12-17,0,counterfactual,"{""w_0"": 67.398247, ""w_1"": 67.120956, ""w_2"": 67.100098, ""w_3"": 67.165688, ""w_4"": 67.232239, ""w_5"": 67.265083, ""w_6"": 67.287483, ""w_7"": 66.374893, ""w_8"": 66.469765, ""w_9"": 65.915535, ""w_10"": 65.837509, ""w_11"": 65.824982, ""w_12"": 65.188637, ""w_13"": 65.433334, ""w_14"": 66.177841, ""w_15"": 66.4646, ""w_16"": 66.540634, ""w_17"": 66.672729, ""w_18"": 66.531593, ""w_19"": 66.406639, ""w_20"": 66.633606}"
405,AU3CB0228823,2021-12-20,0,factual,"{""w_0"": 67.10009657, ""w_1"": 67.16569137, ""w_2"": 67.2322391, ""w_3"": 67.265080945, ""w_4"": 67.28748420000001, ""w_5"": 66.37489422, ""w_6"": 66.46976688, ""w_7"": 65.915532774, ""w_8"": 65.83750767, ""w_9"": 65.824985375, ""w_10"": 65.18863512, ""w_11"": 65.4333368, ""w_12"": 66.17783955, ""w_13"": 66.464596, ""w_14"": 66.54063151999999, ""w_15"": 66.6727272, ""w_16"": 66.53159155, ""w_17"": 66.4066413, ""w_18"": 66.63360374999999, ""w_19"": 66.42393764, ""w_20"": 66.52000515}"
405,AU3CB0228823,2021-12-20,0,counterfactual,"{""w_0"": 67.120956, ""w_1"": 67.100098, ""w_2"": 67.165688, ""w_3"": 67.232239, ""w_4"": 67.265083, ""w_5"": 67.287483, ""w_6"": 66.374893, ""w_7"": 66.469765, ""w_8"": 65.915535, ""w_9"": 65.837509, ""w_10"": 65.824982, ""w_11"": 65.188637, ""w_12"": 65.433334, ""w_13"": 66.177841, ""w_14"": 66.4646, ""w_15"": 66.540634, ""w_16"": 66.672729, ""w_17"": 66.531593, ""w_18"": 66.406639, ""w_19"": 66.633606, ""w_20"": 66.423935}"
406,AU3CB0228823,2021-12-21,0,factual,"{""w_0"": 67.16569137, ""w_1"": 67.2322391, ""w_2"": 67.265080945, ""w_3"": 67.28748420000001, ""w_4"": 66.37489422, ""w_5"": 66.46976688, ""w_6"": 65.915532774, ""w_7"": 65.83750767, ""w_8"": 65.824985375, ""w_9"": 65.18863512, ""w_10"": 65.4333368, ""w_11"": 66.17783955, ""w_12"": 66.464596, ""w_13"": 66.54063151999999, ""w_14"": 66.6727272, ""w_15"": 66.53159155, ""w_16"": 66.4066413, ""w_17"": 66.63360374999999, ""w_18"": 66.42393764, ""w_19"": 66.52000515, ""w_20"": 66.18265063000001}"
406,AU3CB0228823,2021-12-21,0,counterfactual,"{""w_0"": 67.398247, ""w_1"": 67.120956, ""w_2"": 67.100098, ""w_3"": 67.165688, ""w_4"": 67.232239, ""w_5"": 67.265083, ""w_6"": 67.287483, ""w_7"": 66.374893, ""w_8"": 66.469765, ""w_9"": 65.915535, ""w_10"": 65.837509, ""w_11"": 65.824982, ""w_12"": 65.188637, ""w_13"": 65.433334, ""w_14"": 66.177841, ""w_15"": 66.4646, ""w_16"": 66.540634, ""w_17"": 66.672729, ""w_18"": 66.531593, ""w_19"": 66.406639, ""w_20"": 66.633606}"
407,AU3CB0228823,2021-12-22,0,factual,"{""w_0"": 67.2322391, ""w_1"": 67.265080945, ""w_2"": 67.28748420000001, ""w_3"": 66.37489422, ""w_4"": 66.46976688, ""w_5"": 65.915532774, ""w_6"": 65.83750767, ""w_7"": 65.824985375, ""w_8"": 65.18863512, ""w_9"": 65.4333368, ""w_10"": 66.17783955, ""w_11"": 66.464596, ""w_12"": 66.54063151999999, ""w_13"": 66.6727272, ""w_14"": 66.53159155, ""w_15"": 66.4066413, ""w_16"": 66.63360374999999, ""w_17"": 66.42393764, ""w_18"": 66.52000515, ""w_19"": 66.18265063000001, ""w_20"": 66.62847}"
407,AU3CB0228823,2021-12-22,0,counterfactual,"{""w_0"": 67.120956, ""w_1"": 67.100098, ""w_2"": 67.165688, ""w_3"": 67.232239, ""w_4"": 67.265083, ""w_5"": 67.287483, ""w_6"": 66.374893, ""w_7"": 66.469765, ""w_8"": 65.915535, ""w_9"": 65.837509, ""w_10"": 65.824982, ""w_11"": 65.188637, ""w_12"": 65.433334, ""w_13"": 66.177841, ""w_14"": 66.4646, ""w_15"": 66.540634, ""w_16"": 66.672729, ""w_17"": 66.531593, ""w_18"": 66.406639, ""w_19"": 66.633606, ""w_20"": 66.423935}"
408,AU3CB0228823,2021-12-23,0,factual,"{""w_0"": 67.265080945, ""w_1"": 67.28748420000001, ""w_2"": 66.37489422, ""w_3"": 66.46976688, ""w_4"": 65.915532774, ""w_5"": 65.83750767, ""w_6"": 65.824985375, ""w_7"": 65.18863512, ""w_8"": 65.4333368, ""w_9"": 66.17783955, ""w_10"": 66.464596, ""w_11"": 66.54063151999999, ""w_12"": 66.6727272, ""w_13"": 66.53159155, ""w_14"": 66.4066413, ""w_15"": 66.63360374999999, ""w_16"": 66.42393764, ""w_17"": 66.52000515, ""w_18"": 66.18265063000001, ""w_19"": 66.62847, ""w_20"": 66.9715932}"
408,AU3CB0228823,2021-12-23,0,counterfactual,"{""w_0"": 67.100098, ""w_1"": 67.165688, ""w_2"": 67.232239, ""w_3"": 67.265083, ""w_4"": 67.287483, ""w_5"": 66.374893, ""w_6"": 66.469765, ""w_7"": 65.915535, ""w_8"": 65.837509, ""w_9"": 65.824982, ""w_10"": 65.188637, ""w_11"": 65.433334, ""w_12"": 66.177841, ""w_13"": 66.4646, ""w_14"": 66.540634, ""w_15"": 66.672729, ""w_16"": 66.531593, ""w_17"": 66.406639, ""w_18"": 66.633606, ""w_19"": 66.423935, ""w_20"": 66.520004}"
409,AU3CB0228823,2021-12-24,0,factual,"{""w_0"": 67.28748420000001, ""w_1"": 66.37489422, ""w_2"": 66.46976688, ""w_3"": 65.915532774, ""w_4"": 65.83750767, ""w_5"": 65.824985375, ""w_6"": 65.18863512, ""w_7"": 65.4333368, ""w_8"": 66.17783955, ""w_9"": 66.464596, ""w_10"": 66.54063151999999, ""w_11"": 66.6727272, ""w_12"": 66.53159155, ""w_13"": 66.4066413, ""w_14"": 66.63360374999999, ""w_15"": 66.42393764, ""w_16"": 66.52000515, ""w_17"": 66.18265063000001, ""w_18"": 66.62847, ""w_19"": 66.9715932, ""w_20"": 67.24669158}"
409,AU3CB0228823,2021-12-24,0,counterfactual,"{""w_0"": 68.468498, ""w_1"": 67.703934, ""w_2"": 67.92662, ""w_3"": 67.686073, ""w_4"": 67.498558, ""w_5"": 67.554565, ""w_6"": 66.883133, ""w_7"": 67.054443, ""w_8"": 66.859863, ""w_9"": 67.241295, ""w_10"": 67.709518, ""w_11"": 67.705574, ""w_12"": 67.398247, ""w_13"": 67.120956, ""w_14"": 67.100098, ""w_15"": 67.165688, ""w_16"": 67.232239, ""w_17"": 67.265083, ""w_18"": 67.287483, ""w_19"": 66.374893, ""w_20"": 66.469765}"
410,AU3CB0228823,2021-12-27,0,factual,"{""w_0"": 66.37489422, ""w_1"": 66.46976688, ""w_2"": 65.915532774, ""w_3"": 65.83750767, ""w_4"": 65.824985375, ""w_5"": 65.18863512, ""w_6"": 65.4333368, ""w_7"": 66.17783955, ""w_8"": 66.464596, ""w_9"": 66.54063151999999, ""w_10"": 66.6727272, ""w_11"": 66.53159155, ""w_12"": 66.4066413, ""w_13"": 66.63360374999999, ""w_14"": 66.42393764, ""w_15"": 66.52000515, ""w_16"": 66.18265063000001, ""w_17"": 66.62847, ""w_18"": 66.9715932, ""w_19"": 67.24669158, ""w_20"": 67.226681445}"
410,AU3CB0228823,2021-12-27,0,counterfactual,"{""w_0"": 67.287483, ""w_1"": 66.374893, ""w_2"": 66.469765, ""w_3"": 65.915535, ""w_4"": 65.837509, ""w_5"": 65.824982, ""w_6"": 65.188637, ""w_7"": 65.433334, ""w_8"": 66.177841, ""w_9"": 66.4646, ""w_10"": 66.540634, ""w_11"": 66.672729, ""w_12"": 66.531593, ""w_13"": 66.406639, ""w_14"": 66.633606, ""w_15"": 66.423935, ""w_16"": 66.520004, ""w_17"": 66.182648, ""w_18"": 66.628471, ""w_19"": 66.971596, ""w_20"": 67.246689}"
411,AU3CB0228823,2021-12-28,0,factual,"{""w_0"": 66.46976688, ""w_1"": 65.915532774, ""w_2"": 65.83750767, ""w_3"": 65.824985375, ""w_4"": 65.18863512, ""w_5"": 65.4333368, ""w_6"": 66.17783955, ""w_7"": 66.464596, ""w_8"": 66.54063151999999, ""w_9"": 66.6727272, ""w_10"": 66.53159155, ""w_11"": 66.4066413, ""w_12"": 66.63360374999999, ""w_13"": 66.42393764, ""w_14"": 66.52000515, ""w_15"": 66.18265063000001, ""w_16"": 66.62847, ""w_17"": 66.9715932, ""w_18"": 67.24669158, ""w_19"": 67.226681445, ""w_20"": 67.256170065}"
411,AU3CB0228823,2021-12-28,0,counterfactual,"{""w_0"": 66.374893, ""w_1"": 66.469765, ""w_2"": 65.915535, ""w_3"": 65.837509, ""w_4"": 65.824982, ""w_5"": 65.188637, ""w_6"": 65.433334, ""w_7"": 66.177841, ""w_8"": 66.4646, ""w_9"": 66.540634, ""w_10"": 66.672729, ""w_11"": 66.531593, ""w_12"": 66.406639, ""w_13"": 66.633606, ""w_14"": 66.423935, ""w_15"": 66.520004, ""w_16"": 66.182648, ""w_17"": 66.628471, ""w_18"": 66.971596, ""w_19"": 67.246689, ""w_20"": 67.226685}"
412,AU3CB0228823,2021-12-29,0,factual,"{""w_0"": 65.915532774, ""w_1"": 65.83750767, ""w_2"": 65.824985375, ""w_3"": 65.18863512, ""w_4"": 65.4333368, ""w_5"": 66.17783955, ""w_6"": 66.464596, ""w_7"": 66.54063151999999, ""w_8"": 66.6727272, ""w_9"": 66.53159155, ""w_10"": 66.4066413, ""w_11"": 66.63360374999999, ""w_12"": 66.42393764, ""w_13"": 66.52000515, ""w_14"": 66.18265063000001, ""w_15"": 66.62847, ""w_16"": 66.9715932, ""w_17"": 67.24669158, ""w_18"": 67.226681445, ""w_19"": 67.256170065, ""w_20"": 67.252493}"
412,AU3CB0228823,2021-12-29,0,counterfactual,"{""w_0"": 67.287483, ""w_1"": 66.374893, ""w_2"": 66.469765, ""w_3"": 65.915535, ""w_4"": 65.837509, ""w_5"": 65.824982, ""w_6"": 65.188637, ""w_7"": 65.433334, ""w_8"": 66.177841, ""w_9"": 66.4646, ""w_10"": 66.540634, ""w_11"": 66.672729, ""w_12"": 66.531593, ""w_13"": 66.406639, ""w_14"": 66.633606, ""w_15"": 66.423935, ""w_16"": 66.520004, ""w_17"": 66.182648, ""w_18"": 66.628471, ""w_19"": 66.971596, ""w_20"": 67.246689}"
413,AU3CB0228823,2021-12-30,0,factual,"{""w_0"": 65.83750767, ""w_1"": 65.824985375, ""w_2"": 65.18863512, ""w_3"": 65.4333368, ""w_4"": 66.17783955, ""w_5"": 66.464596, ""w_6"": 66.54063151999999, ""w_7"": 66.6727272, ""w_8"": 66.53159155, ""w_9"": 66.4066413, ""w_10"": 66.63360374999999, ""w_11"": 66.42393764, ""w_12"": 66.52000515, ""w_13"": 66.18265063000001, ""w_14"": 66.62847, ""w_15"": 66.9715932, ""w_16"": 67.24669158, ""w_17"": 67.226681445, ""w_18"": 67.256170065, ""w_19"": 67.252493, ""w_20"": 67.22674911}"
413,AU3CB0228823,2021-12-30,0,counterfactual,"{""w_0"": 66.469765, ""w_1"": 65.915535, ""w_2"": 65.837509, ""w_3"": 65.824982, ""w_4"": 65.188637, ""w_5"": 65.433334, ""w_6"": 66.177841, ""w_7"": 66.4646, ""w_8"": 66.540634, ""w_9"": 66.672729, ""w_10"": 66.531593, ""w_11"": 66.406639, ""w_12"": 66.633606, ""w_13"": 66.423935, ""w_14"": 66.520004, ""w_15"": 66.182648, ""w_16"": 66.628471, ""w_17"": 66.971596, ""w_18"": 67.246689, ""w_19"": 67.226685, ""w_20"": 67.256172}"
414,AU3CB0228823,2021-12-31,0,factual,"{""w_0"": 65.824985375, ""w_1"": 65.18863512, ""w_2"": 65.4333368, ""w_3"": 66.17783955, ""w_4"": 66.464596, ""w_5"": 66.54063151999999, ""w_6"": 66.6727272, ""w_7"": 66.53159155, ""w_8"": 66.4066413, ""w_9"": 66.63360374999999, ""w_10"": 66.42393764, ""w_11"": 66.52000515, ""w_12"": 66.18265063000001, ""w_13"": 66.62847, ""w_14"": 66.9715932, ""w_15"": 67.24669158, ""w_16"": 67.226681445, ""w_17"": 67.256170065, ""w_18"": 67.252493, ""w_19"": 67.22674911, ""w_20"": 67.36774525}"
414,AU3CB0228823,2021-12-31,0,counterfactual,"{""w_0"": 66.469765, ""w_1"": 65.915535, ""w_2"": 65.837509, ""w_3"": 65.824982, ""w_4"": 65.188637, ""w_5"": 65.433334, ""w_6"": 66.177841, ""w_7"": 66.4646, ""w_8"": 66.540634, ""w_9"": 66.672729, ""w_10"": 66.531593, ""w_11"": 66.406639, ""w_12"": 66.633606, ""w_13"": 66.423935, ""w_14"": 66.520004, ""w_15"": 66.182648, ""w_16"": 66.628471, ""w_17"": 66.971596, ""w_18"": 67.246689, ""w_19"": 67.226685, ""w_20"": 67.256172}"
416,AU3CB0228823,2022-01-04,0,factual,"{""w_0"": 65.4333368, ""w_1"": 66.17783955, ""w_2"": 66.464596, ""w_3"": 66.54063151999999, ""w_4"": 66.6727272, ""w_5"": 66.53159155, ""w_6"": 66.4066413, ""w_7"": 66.63360374999999, ""w_8"": 66.42393764, ""w_9"": 66.52000515, ""w_10"": 66.18265063000001, ""w_11"": 66.62847, ""w_12"": 66.9715932, ""w_13"": 67.24669158, ""w_14"": 67.226681445, ""w_15"": 67.256170065, ""w_16"": 67.252493, ""w_17"": 67.22674911, ""w_18"": 67.36774525, ""w_19"": 67.19536314000001, ""w_20"": 66.86884576}"
416,AU3CB0228823,2022-01-04,0,counterfactual,"{""w_0"": 65.188637, ""w_1"": 65.433334, ""w_2"": 66.177841, ""w_3"": 66.4646, ""w_4"": 66.540634, ""w_5"": 66.672729, ""w_6"": 66.531593, ""w_7"": 66.406639, ""w_8"": 66.633606, ""w_9"": 66.423935, ""w_10"": 66.520004, ""w_11"": 66.182648, ""w_12"": 66.628471, ""w_13"": 66.971596, ""w_14"": 67.246689, ""w_15"": 67.226685, ""w_16"": 67.256172, ""w_17"": 67.252495, ""w_18"": 67.226746, ""w_19"": 67.367744, ""w_20"": 67.195366}"
415,AU3CB0228823,2022-01-03,0,factual,"{""w_0"": 65.18863512, ""w_1"": 65.4333368, ""w_2"": 66.17783955, ""w_3"": 66.464596, ""w_4"": 66.54063151999999, ""w_5"": 66.6727272, ""w_6"": 66.53159155, ""w_7"": 66.4066413, ""w_8"": 66.63360374999999, ""w_9"": 66.42393764, ""w_10"": 66.52000515, ""w_11"": 66.18265063000001, ""w_12"": 66.62847, ""w_13"": 66.9715932, ""w_14"": 67.24669158, ""w_15"": 67.226681445, ""w_16"": 67.256170065, ""w_17"": 67.252493, ""w_18"": 67.22674911, ""w_19"": 67.36774525, ""w_20"": 67.19536314000001}"
415,AU3CB0228823,2022-01-03,0,counterfactual,"{""w_0"": 66.469765, ""w_1"": 65.915535, ""w_2"": 65.837509, ""w_3"": 65.824982, ""w_4"": 65.188637, ""w_5"": 65.433334, ""w_6"": 66.177841, ""w_7"": 66.4646, ""w_8"": 66.540634, ""w_9"": 66.672729, ""w_10"": 66.531593, ""w_11"": 66.406639, ""w_12"": 66.633606, ""w_13"": 66.423935, ""w_14"": 66.520004, ""w_15"": 66.182648, ""w_16"": 66.628471, ""w_17"": 66.971596, ""w_18"": 67.246689, ""w_19"": 67.226685, ""w_20"": 67.256172}"
417,AU3CB0228823,2022-01-05,0,factual,"{""w_0"": 66.17783955, ""w_1"": 66.464596, ""w_2"": 66.54063151999999, ""w_3"": 66.6727272, ""w_4"": 66.53159155, ""w_5"": 66.4066413, ""w_6"": 66.63360374999999, ""w_7"": 66.42393764, ""w_8"": 66.52000515, ""w_9"": 66.18265063000001, ""w_10"": 66.62847, ""w_11"": 66.9715932, ""w_12"": 67.24669158, ""w_13"": 67.226681445, ""w_14"": 67.256170065, ""w_15"": 67.252493, ""w_16"": 67.22674911, ""w_17"": 67.36774525, ""w_18"": 67.19536314000001, ""w_19"": 66.86884576, ""w_20"": 67.23046041}"
417,AU3CB0228823,2022-01-05,0,counterfactual,"{""w_0"": 65.433334, ""w_1"": 66.177841, ""w_2"": 66.4646, ""w_3"": 66.540634, ""w_4"": 66.672729, ""w_5"": 66.531593, ""w_6"": 66.406639, ""w_7"": 66.633606, ""w_8"": 66.423935, ""w_9"": 66.520004, ""w_10"": 66.182648, ""w_11"": 66.628471, ""w_12"": 66.971596, ""w_13"": 67.246689, ""w_14"": 67.226685, ""w_15"": 67.256172, ""w_16"": 67.252495, ""w_17"": 67.226746, ""w_18"": 67.367744, ""w_19"": 67.195366, ""w_20"": 66.868843}"
418,AU3CB0228823,2022-01-06,0,factual,"{""w_0"": 66.464596, ""w_1"": 66.54063151999999, ""w_2"": 66.6727272, ""w_3"": 66.53159155, ""w_4"": 66.4066413, ""w_5"": 66.63360374999999, ""w_6"": 66.42393764, ""w_7"": 66.52000515, ""w_8"": 66.18265063000001, ""w_9"": 66.62847, ""w_10"": 66.9715932, ""w_11"": 67.24669158, ""w_12"": 67.226681445, ""w_13"": 67.256170065, ""w_14"": 67.252493, ""w_15"": 67.22674911, ""w_16"": 67.36774525, ""w_17"": 67.19536314000001, ""w_18"": 66.86884576, ""w_19"": 67.23046041, ""w_20"": 66.836381445}"
418,AU3CB0228823,2022-01-06,0,counterfactual,"{""w_0"": 66.177841, ""w_1"": 66.4646, ""w_2"": 66.540634, ""w_3"": 66.672729, ""w_4"": 66.531593, ""w_5"": 66.406639, ""w_6"": 66.633606, ""w_7"": 66.423935, ""w_8"": 66.520004, ""w_9"": 66.182648, ""w_10"": 66.628471, ""w_11"": 66.971596, ""w_12"": 67.246689, ""w_13"": 67.226685, ""w_14"": 67.256172, ""w_15"": 67.252495, ""w_16"": 67.226746, ""w_17"": 67.367744, ""w_18"": 67.195366, ""w_19"": 66.868843, ""w_20"": 67.230461}"
419,AU3CB0228823,2022-01-07,0,factual,"{""w_0"": 66.54063151999999, ""w_1"": 66.6727272, ""w_2"": 66.53159155, ""w_3"": 66.4066413, ""w_4"": 66.63360374999999, ""w_5"": 66.42393764, ""w_6"": 66.52000515, ""w_7"": 66.18265063000001, ""w_8"": 66.62847, ""w_9"": 66.9715932, ""w_10"": 67.24669158, ""w_11"": 67.226681445, ""w_12"": 67.256170065, ""w_13"": 67.252493, ""w_14"": 67.22674911, ""w_15"": 67.36774525, ""w_16"": 67.19536314000001, ""w_17"": 66.86884576, ""w_18"": 67.23046041, ""w_19"": 66.836381445, ""w_20"": 66.40009855000001}"
419,AU3CB0228823,2022-01-07,0,counterfactual,"{""w_0"": 66.4646, ""w_1"": 66.540634, ""w_2"": 66.672729, ""w_3"": 66.531593, ""w_4"": 66.406639, ""w_5"": 66.633606, ""w_6"": 66.423935, ""w_7"": 66.520004, ""w_8"": 66.182648, ""w_9"": 66.628471, ""w_10"": 66.971596, ""w_11"": 67.246689, ""w_12"": 67.226685, ""w_13"": 67.256172, ""w_14"": 67.252495, ""w_15"": 67.226746, ""w_16"": 67.367744, ""w_17"": 67.195366, ""w_18"": 66.868843, ""w_19"": 67.230461, ""w_20"": 66.83638}"
420,AU3CB0228823,2022-01-10,0,factual,"{""w_0"": 66.6727272, ""w_1"": 66.53159155, ""w_2"": 66.4066413, ""w_3"": 66.63360374999999, ""w_4"": 66.42393764, ""w_5"": 66.52000515, ""w_6"": 66.18265063000001, ""w_7"": 66.62847, ""w_8"": 66.9715932, ""w_9"": 67.24669158, ""w_10"": 67.226681445, ""w_11"": 67.256170065, ""w_12"": 67.252493, ""w_13"": 67.22674911, ""w_14"": 67.36774525, ""w_15"": 67.19536314000001, ""w_16"": 66.86884576, ""w_17"": 67.23046041, ""w_18"": 66.836381445, ""w_19"": 66.40009855000001, ""w_20"": 66.2055645}"
420,AU3CB0228823,2022-01-10,0,counterfactual,"{""w_0"": 65.433334, ""w_1"": 66.177841, ""w_2"": 66.4646, ""w_3"": 66.540634, ""w_4"": 66.672729, ""w_5"": 66.531593, ""w_6"": 66.406639, ""w_7"": 66.633606, ""w_8"": 66.423935, ""w_9"": 66.520004, ""w_10"": 66.182648, ""w_11"": 66.628471, ""w_12"": 66.971596, ""w_13"": 67.246689, ""w_14"": 67.226685, ""w_15"": 67.256172, ""w_16"": 67.252495, ""w_17"": 67.226746, ""w_18"": 67.367744, ""w_19"": 67.195366, ""w_20"": 66.868843}"
421,AU3CB0228823,2022-01-11,0,factual,"{""w_0"": 66.53159155, ""w_1"": 66.4066413, ""w_2"": 66.63360374999999, ""w_3"": 66.42393764, ""w_4"": 66.52000515, ""w_5"": 66.18265063000001, ""w_6"": 66.62847, ""w_7"": 66.9715932, ""w_8"": 67.24669158, ""w_9"": 67.226681445, ""w_10"": 67.256170065, ""w_11"": 67.252493, ""w_12"": 67.22674911, ""w_13"": 67.36774525, ""w_14"": 67.19536314000001, ""w_15"": 66.86884576, ""w_16"": 67.23046041, ""w_17"": 66.836381445, ""w_18"": 66.40009855000001, ""w_19"": 66.2055645, ""w_20"": 66.35750886}"
421,AU3CB0228823,2022-01-11,0,counterfactual,"{""w_0"": 66.540634, ""w_1"": 66.672729, ""w_2"": 66.531593, ""w_3"": 66.406639, ""w_4"": 66.633606, ""w_5"": 66.423935, ""w_6"": 66.520004, ""w_7"": 66.182648, ""w_8"": 66.628471, ""w_9"": 66.971596, ""w_10"": 67.246689, ""w_11"": 67.226685, ""w_12"": 67.256172, ""w_13"": 67.252495, ""w_14"": 67.226746, ""w_15"": 67.367744, ""w_16"": 67.195366, ""w_17"": 66.868843, ""w_18"": 67.230461, ""w_19"": 66.83638, ""w_20"": 66.400101}"
422,AU3CB0228823,2022-01-12,0,factual,"{""w_0"": 66.4066413, ""w_1"": 66.63360374999999, ""w_2"": 66.42393764, ""w_3"": 66.52000515, ""w_4"": 66.18265063000001, ""w_5"": 66.62847, ""w_6"": 66.9715932, ""w_7"": 67.24669158, ""w_8"": 67.226681445, ""w_9"": 67.256170065, ""w_10"": 67.252493, ""w_11"": 67.22674911, ""w_12"": 67.36774525, ""w_13"": 67.19536314000001, ""w_14"": 66.86884576, ""w_15"": 67.23046041, ""w_16"": 66.836381445, ""w_17"": 66.40009855000001, ""w_18"": 66.2055645, ""w_19"": 66.35750886, ""w_20"": 66.495087125}"
422,AU3CB0228823,2022-01-12,0,counterfactual,"{""w_0"": 66.531593, ""w_1"": 66.406639, ""w_2"": 66.633606, ""w_3"": 66.423935, ""w_4"": 66.520004, ""w_5"": 66.182648, ""w_6"": 66.628471, ""w_7"": 66.971596, ""w_8"": 67.246689, ""w_9"": 67.226685, ""w_10"": 67.256172, ""w_11"": 67.252495, ""w_12"": 67.226746, ""w_13"": 67.367744, ""w_14"": 67.195366, ""w_15"": 66.868843, ""w_16"": 67.230461, ""w_17"": 66.83638, ""w_18"": 66.400101, ""w_19"": 66.205566, ""w_20"": 66.357506}"
423,AU3CB0228823,2022-01-13,0,factual,"{""w_0"": 66.63360374999999, ""w_1"": 66.42393764, ""w_2"": 66.52000515, ""w_3"": 66.18265063000001, ""w_4"": 66.62847, ""w_5"": 66.9715932, ""w_6"": 67.24669158, ""w_7"": 67.226681445, ""w_8"": 67.256170065, ""w_9"": 67.252493, ""w_10"": 67.22674911, ""w_11"": 67.36774525, ""w_12"": 67.19536314000001, ""w_13"": 66.86884576, ""w_14"": 67.23046041, ""w_15"": 66.836381445, ""w_16"": 66.40009855000001, ""w_17"": 66.2055645, ""w_18"": 66.35750886, ""w_19"": 66.495087125, ""w_20"": 66.72487525000001}"
423,AU3CB0228823,2022-01-13,0,counterfactual,"{""w_0"": 66.406639, ""w_1"": 66.633606, ""w_2"": 66.423935, ""w_3"": 66.520004, ""w_4"": 66.182648, ""w_5"": 66.628471, ""w_6"": 66.971596, ""w_7"": 67.246689, ""w_8"": 67.226685, ""w_9"": 67.256172, ""w_10"": 67.252495, ""w_11"": 67.226746, ""w_12"": 67.367744, ""w_13"": 67.195366, ""w_14"": 66.868843, ""w_15"": 67.230461, ""w_16"": 66.83638, ""w_17"": 66.400101, ""w_18"": 66.205566, ""w_19"": 66.357506, ""w_20"": 66.495087}"
432,AU3CB0228823,2022-01-26,0,factual,"{""w_0"": 67.252493, ""w_1"": 67.22674911, ""w_2"": 67.36774525, ""w_3"": 67.19536314000001, ""w_4"": 66.86884576, ""w_5"": 67.23046041, ""w_6"": 66.836381445, ""w_7"": 66.40009855000001, ""w_8"": 66.2055645, ""w_9"": 66.35750886, ""w_10"": 66.495087125, ""w_11"": 66.72487525000001, ""w_12"": 66.50412175, ""w_13"": 66.06201684, ""w_14"": 65.932982325, ""w_15"": 66.13805642000001, ""w_16"": 66.2413712, ""w_17"": 66.518542532, ""w_18"": 66.0564751665, ""w_19"": 65.65639900000001, ""w_20"": 65.781142}"
432,AU3CB0228823,2022-01-26,0,counterfactual,"{""w_0"": 66.628471, ""w_1"": 66.971596, ""w_2"": 67.246689, ""w_3"": 67.226685, ""w_4"": 67.256172, ""w_5"": 67.252495, ""w_6"": 67.226746, ""w_7"": 67.367744, ""w_8"": 67.195366, ""w_9"": 66.868843, ""w_10"": 67.230461, ""w_11"": 66.83638, ""w_12"": 66.400101, ""w_13"": 66.205566, ""w_14"": 66.357506, ""w_15"": 66.495087, ""w_16"": 66.724876, ""w_17"": 66.50412, ""w_18"": 66.062019, ""w_19"": 65.932983, ""w_20"": 66.138054}"
424,AU3CB0228823,2022-01-14,0,factual,"{""w_0"": 66.42393764, ""w_1"": 66.52000515, ""w_2"": 66.18265063000001, ""w_3"": 66.62847, ""w_4"": 66.9715932, ""w_5"": 67.24669158, ""w_6"": 67.226681445, ""w_7"": 67.256170065, ""w_8"": 67.252493, ""w_9"": 67.22674911, ""w_10"": 67.36774525, ""w_11"": 67.19536314000001, ""w_12"": 66.86884576, ""w_13"": 67.23046041, ""w_14"": 66.836381445, ""w_15"": 66.40009855000001, ""w_16"": 66.2055645, ""w_17"": 66.35750886, ""w_18"": 66.495087125, ""w_19"": 66.72487525000001, ""w_20"": 66.50412175}"
424,AU3CB0228823,2022-01-14,0,counterfactual,"{""w_0"": 67.498558, ""w_1"": 67.554565, ""w_2"": 66.883133, ""w_3"": 67.054443, ""w_4"": 66.859863, ""w_5"": 67.241295, ""w_6"": 67.709518, ""w_7"": 67.705574, ""w_8"": 67.398247, ""w_9"": 67.120956, ""w_10"": 67.100098, ""w_11"": 67.165688, ""w_12"": 67.232239, ""w_13"": 67.265083, ""w_14"": 67.287483, ""w_15"": 66.374893, ""w_16"": 66.469765, ""w_17"": 65.915535, ""w_18"": 65.837509, ""w_19"": 65.824982, ""w_20"": 65.188637}"
425,AU3CB0228823,2022-01-17,0,factual,"{""w_0"": 66.52000515, ""w_1"": 66.18265063000001, ""w_2"": 66.62847, ""w_3"": 66.9715932, ""w_4"": 67.24669158, ""w_5"": 67.226681445, ""w_6"": 67.256170065, ""w_7"": 67.252493, ""w_8"": 67.22674911, ""w_9"": 67.36774525, ""w_10"": 67.19536314000001, ""w_11"": 66.86884576, ""w_12"": 67.23046041, ""w_13"": 66.836381445, ""w_14"": 66.40009855000001, ""w_15"": 66.2055645, ""w_16"": 66.35750886, ""w_17"": 66.495087125, ""w_18"": 66.72487525000001, ""w_19"": 66.50412175, ""w_20"": 66.06201684}"
425,AU3CB0228823,2022-01-17,0,counterfactual,"{""w_0"": 66.883133, ""w_1"": 67.054443, ""w_2"": 66.859863, ""w_3"": 67.241295, ""w_4"": 67.709518, ""w_5"": 67.705574, ""w_6"": 67.398247, ""w_7"": 67.120956, ""w_8"": 67.100098, ""w_9"": 67.165688, ""w_10"": 67.232239, ""w_11"": 67.265083, ""w_12"": 67.287483, ""w_13"": 66.374893, ""w_14"": 66.469765, ""w_15"": 65.915535, ""w_16"": 65.837509, ""w_17"": 65.824982, ""w_18"": 65.188637, ""w_19"": 65.433334, ""w_20"": 66.177841}"
426,AU3CB0228823,2022-01-18,0,factual,"{""w_0"": 66.18265063000001, ""w_1"": 66.62847, ""w_2"": 66.9715932, ""w_3"": 67.24669158, ""w_4"": 67.226681445, ""w_5"": 67.256170065, ""w_6"": 67.252493, ""w_7"": 67.22674911, ""w_8"": 67.36774525, ""w_9"": 67.19536314000001, ""w_10"": 66.86884576, ""w_11"": 67.23046041, ""w_12"": 66.836381445, ""w_13"": 66.40009855000001, ""w_14"": 66.2055645, ""w_15"": 66.35750886, ""w_16"": 66.495087125, ""w_17"": 66.72487525000001, ""w_18"": 66.50412175, ""w_19"": 66.06201684, ""w_20"": 65.932982325}"
426,AU3CB0228823,2022-01-18,0,counterfactual,"{""w_0"": 66.883133, ""w_1"": 67.054443, ""w_2"": 66.859863, ""w_3"": 67.241295, ""w_4"": 67.709518, ""w_5"": 67.705574, ""w_6"": 67.398247, ""w_7"": 67.120956, ""w_8"": 67.100098, ""w_9"": 67.165688, ""w_10"": 67.232239, ""w_11"": 67.265083, ""w_12"": 67.287483, ""w_13"": 66.374893, ""w_14"": 66.469765, ""w_15"": 65.915535, ""w_16"": 65.837509, ""w_17"": 65.824982, ""w_18"": 65.188637, ""w_19"": 65.433334, ""w_20"": 66.177841}"
427,AU3CB0228823,2022-01-19,0,factual,"{""w_0"": 66.62847, ""w_1"": 66.9715932, ""w_2"": 67.24669158, ""w_3"": 67.226681445, ""w_4"": 67.256170065, ""w_5"": 67.252493, ""w_6"": 67.22674911, ""w_7"": 67.36774525, ""w_8"": 67.19536314000001, ""w_9"": 66.86884576, ""w_10"": 67.23046041, ""w_11"": 66.836381445, ""w_12"": 66.40009855000001, ""w_13"": 66.2055645, ""w_14"": 66.35750886, ""w_15"": 66.495087125, ""w_16"": 66.72487525000001, ""w_17"": 66.50412175, ""w_18"": 66.06201684, ""w_19"": 65.932982325, ""w_20"": 66.13805642000001}"
427,AU3CB0228823,2022-01-19,0,counterfactual,"{""w_0"": 66.883133, ""w_1"": 67.054443, ""w_2"": 66.859863, ""w_3"": 67.241295, ""w_4"": 67.709518, ""w_5"": 67.705574, ""w_6"": 67.398247, ""w_7"": 67.120956, ""w_8"": 67.100098, ""w_9"": 67.165688, ""w_10"": 67.232239, ""w_11"": 67.265083, ""w_12"": 67.287483, ""w_13"": 66.374893, ""w_14"": 66.469765, ""w_15"": 65.915535, ""w_16"": 65.837509, ""w_17"": 65.824982, ""w_18"": 65.188637, ""w_19"": 65.433334, ""w_20"": 66.177841}"
428,AU3CB0228823,2022-01-20,0,factual,"{""w_0"": 66.9715932, ""w_1"": 67.24669158, ""w_2"": 67.226681445, ""w_3"": 67.256170065, ""w_4"": 67.252493, ""w_5"": 67.22674911, ""w_6"": 67.36774525, ""w_7"": 67.19536314000001, ""w_8"": 66.86884576, ""w_9"": 67.23046041, ""w_10"": 66.836381445, ""w_11"": 66.40009855000001, ""w_12"": 66.2055645, ""w_13"": 66.35750886, ""w_14"": 66.495087125, ""w_15"": 66.72487525000001, ""w_16"": 66.50412175, ""w_17"": 66.06201684, ""w_18"": 65.932982325, ""w_19"": 66.13805642000001, ""w_20"": 66.2413712}"
428,AU3CB0228823,2022-01-20,0,counterfactual,"{""w_0"": 67.054443, ""w_1"": 66.859863, ""w_2"": 67.241295, ""w_3"": 67.709518, ""w_4"": 67.705574, ""w_5"": 67.398247, ""w_6"": 67.120956, ""w_7"": 67.100098, ""w_8"": 67.165688, ""w_9"": 67.232239, ""w_10"": 67.265083, ""w_11"": 67.287483, ""w_12"": 66.374893, ""w_13"": 66.469765, ""w_14"": 65.915535, ""w_15"": 65.837509, ""w_16"": 65.824982, ""w_17"": 65.188637, ""w_18"": 65.433334, ""w_19"": 66.177841, ""w_20"": 66.4646}"
429,AU3CB0228823,2022-01-21,0,factual,"{""w_0"": 67.24669158, ""w_1"": 67.226681445, ""w_2"": 67.256170065, ""w_3"": 67.252493, ""w_4"": 67.22674911, ""w_5"": 67.36774525, ""w_6"": 67.19536314000001, ""w_7"": 66.86884576, ""w_8"": 67.23046041, ""w_9"": 66.836381445, ""w_10"": 66.40009855000001, ""w_11"": 66.2055645, ""w_12"": 66.35750886, ""w_13"": 66.495087125, ""w_14"": 66.72487525000001, ""w_15"": 66.50412175, ""w_16"": 66.06201684, ""w_17"": 65.932982325, ""w_18"": 66.13805642000001, ""w_19"": 66.2413712, ""w_20"": 66.518542532}"
429,AU3CB0228823,2022-01-21,0,counterfactual,"{""w_0"": 66.859863, ""w_1"": 67.241295, ""w_2"": 67.709518, ""w_3"": 66.971596, ""w_4"": 67.246689, ""w_5"": 67.226685, ""w_6"": 67.100098, ""w_7"": 67.165688, ""w_8"": 67.165688, ""w_9"": 67.367744, ""w_10"": 65.188637, ""w_11"": 66.374893, ""w_12"": 66.469765, ""w_13"": 66.83638, ""w_14"": 66.400101, ""w_15"": 66.205566, ""w_16"": 65.188637, ""w_17"": 66.495087, ""w_18"": 66.724876, ""w_19"": 66.177841, ""w_20"": 66.062019}"
430,AU3CB0228823,2022-01-24,0,factual,"{""w_0"": 67.226681445, ""w_1"": 67.256170065, ""w_2"": 67.252493, ""w_3"": 67.22674911, ""w_4"": 67.36774525, ""w_5"": 67.19536314000001, ""w_6"": 66.86884576, ""w_7"": 67.23046041, ""w_8"": 66.836381445, ""w_9"": 66.40009855000001, ""w_10"": 66.2055645, ""w_11"": 66.35750886, ""w_12"": 66.495087125, ""w_13"": 66.72487525000001, ""w_14"": 66.50412175, ""w_15"": 66.06201684, ""w_16"": 65.932982325, ""w_17"": 66.13805642000001, ""w_18"": 66.2413712, ""w_19"": 66.518542532, ""w_20"": 66.0564751665}"
430,AU3CB0228823,2022-01-24,0,counterfactual,"{""w_0"": 66.971596, ""w_1"": 67.246689, ""w_2"": 67.226685, ""w_3"": 67.256172, ""w_4"": 67.252495, ""w_5"": 67.226746, ""w_6"": 67.367744, ""w_7"": 67.195366, ""w_8"": 66.868843, ""w_9"": 67.230461, ""w_10"": 66.83638, ""w_11"": 66.400101, ""w_12"": 66.205566, ""w_13"": 66.357506, ""w_14"": 66.495087, ""w_15"": 66.724876, ""w_16"": 66.50412, ""w_17"": 66.062019, ""w_18"": 65.932983, ""w_19"": 66.138054, ""w_20"": 66.241371}"
431,AU3CB0228823,2022-01-25,0,factual,"{""w_0"": 67.256170065, ""w_1"": 67.252493, ""w_2"": 67.22674911, ""w_3"": 67.36774525, ""w_4"": 67.19536314000001, ""w_5"": 66.86884576, ""w_6"": 67.23046041, ""w_7"": 66.836381445, ""w_8"": 66.40009855000001, ""w_9"": 66.2055645, ""w_10"": 66.35750886, ""w_11"": 66.495087125, ""w_12"": 66.72487525000001, ""w_13"": 66.50412175, ""w_14"": 66.06201684, ""w_15"": 65.932982325, ""w_16"": 66.13805642000001, ""w_17"": 66.2413712, ""w_18"": 66.518542532, ""w_19"": 66.0564751665, ""w_20"": 65.65639900000001}"
431,AU3CB0228823,2022-01-25,0,counterfactual,"{""w_0"": 66.182648, ""w_1"": 66.628471, ""w_2"": 66.971596, ""w_3"": 67.246689, ""w_4"": 67.226685, ""w_5"": 67.256172, ""w_6"": 67.252495, ""w_7"": 67.226746, ""w_8"": 67.367744, ""w_9"": 67.195366, ""w_10"": 66.868843, ""w_11"": 67.230461, ""w_12"": 66.83638, ""w_13"": 66.400101, ""w_14"": 66.205566, ""w_15"": 66.357506, ""w_16"": 66.495087, ""w_17"": 66.724876, ""w_18"": 66.50412, ""w_19"": 66.062019, ""w_20"": 65.932983}"
433,AU3CB0228823,2022-01-27,0,factual,"{""w_0"": 67.22674911, ""w_1"": 67.36774525, ""w_2"": 67.19536314000001, ""w_3"": 66.86884576, ""w_4"": 67.23046041, ""w_5"": 66.836381445, ""w_6"": 66.40009855000001, ""w_7"": 66.2055645, ""w_8"": 66.35750886, ""w_9"": 66.495087125, ""w_10"": 66.72487525000001, ""w_11"": 66.50412175, ""w_12"": 66.06201684, ""w_13"": 65.932982325, ""w_14"": 66.13805642000001, ""w_15"": 66.2413712, ""w_16"": 66.518542532, ""w_17"": 66.0564751665, ""w_18"": 65.65639900000001, ""w_19"": 65.781142, ""w_20"": 65.7794725}"
433,AU3CB0228823,2022-01-27,0,counterfactual,"{""w_0"": 67.256172, ""w_1"": 67.252495, ""w_2"": 67.226746, ""w_3"": 67.367744, ""w_4"": 67.195366, ""w_5"": 66.868843, ""w_6"": 67.230461, ""w_7"": 66.83638, ""w_8"": 66.400101, ""w_9"": 66.205566, ""w_10"": 66.357506, ""w_11"": 66.495087, ""w_12"": 66.724876, ""w_13"": 66.50412, ""w_14"": 66.062019, ""w_15"": 65.932983, ""w_16"": 66.138054, ""w_17"": 66.241371, ""w_18"": 66.518539, ""w_19"": 66.056473, ""w_20"": 65.656403}"
434,AU3CB0228823,2022-01-28,0,factual,"{""w_0"": 67.36774525, ""w_1"": 67.19536314000001, ""w_2"": 66.86884576, ""w_3"": 67.23046041, ""w_4"": 66.836381445, ""w_5"": 66.40009855000001, ""w_6"": 66.2055645, ""w_7"": 66.35750886, ""w_8"": 66.495087125, ""w_9"": 66.72487525000001, ""w_10"": 66.50412175, ""w_11"": 66.06201684, ""w_12"": 65.932982325, ""w_13"": 66.13805642000001, ""w_14"": 66.2413712, ""w_15"": 66.518542532, ""w_16"": 66.0564751665, ""w_17"": 65.65639900000001, ""w_18"": 65.781142, ""w_19"": 65.7794725, ""w_20"": 65.61242336}"
434,AU3CB0228823,2022-01-28,0,counterfactual,"{""w_0"": 67.226746, ""w_1"": 67.367744, ""w_2"": 67.195366, ""w_3"": 66.868843, ""w_4"": 67.230461, ""w_5"": 66.83638, ""w_6"": 66.400101, ""w_7"": 66.205566, ""w_8"": 66.357506, ""w_9"": 66.495087, ""w_10"": 66.724876, ""w_11"": 66.50412, ""w_12"": 66.062019, ""w_13"": 65.932983, ""w_14"": 66.138054, ""w_15"": 66.241371, ""w_16"": 66.518539, ""w_17"": 66.056473, ""w_18"": 65.656403, ""w_19"": 65.781143, ""w_20"": 65.779472}"
435,AU3CB0228823,2022-01-31,0,factual,"{""w_0"": 67.19536314000001, ""w_1"": 66.86884576, ""w_2"": 67.23046041, ""w_3"": 66.836381445, ""w_4"": 66.40009855000001, ""w_5"": 66.2055645, ""w_6"": 66.35750886, ""w_7"": 66.495087125, ""w_8"": 66.72487525000001, ""w_9"": 66.50412175, ""w_10"": 66.06201684, ""w_11"": 65.932982325, ""w_12"": 66.13805642000001, ""w_13"": 66.2413712, ""w_14"": 66.518542532, ""w_15"": 66.0564751665, ""w_16"": 65.65639900000001, ""w_17"": 65.781142, ""w_18"": 65.7794725, ""w_19"": 65.61242336, ""w_20"": 65.276838}"
435,AU3CB0228823,2022-01-31,0,counterfactual,"{""w_0"": 67.367744, ""w_1"": 67.195366, ""w_2"": 66.868843, ""w_3"": 67.230461, ""w_4"": 66.83638, ""w_5"": 66.400101, ""w_6"": 66.205566, ""w_7"": 66.357506, ""w_8"": 66.495087, ""w_9"": 66.724876, ""w_10"": 66.50412, ""w_11"": 66.062019, ""w_12"": 65.932983, ""w_13"": 66.138054, ""w_14"": 66.241371, ""w_15"": 66.518539, ""w_16"": 66.056473, ""w_17"": 65.656403, ""w_18"": 65.781143, ""w_19"": 65.779472, ""w_20"": 65.612427}"
436,AU3CB0228823,2022-02-01,0,factual,"{""w_0"": 66.86884576, ""w_1"": 67.23046041, ""w_2"": 66.836381445, ""w_3"": 66.40009855000001, ""w_4"": 66.2055645, ""w_5"": 66.35750886, ""w_6"": 66.495087125, ""w_7"": 66.72487525000001, ""w_8"": 66.50412175, ""w_9"": 66.06201684, ""w_10"": 65.932982325, ""w_11"": 66.13805642000001, ""w_12"": 66.2413712, ""w_13"": 66.518542532, ""w_14"": 66.0564751665, ""w_15"": 65.65639900000001, ""w_16"": 65.781142, ""w_17"": 65.7794725, ""w_18"": 65.61242336, ""w_19"": 65.276838, ""w_20"": 65.52240135}"
436,AU3CB0228823,2022-02-01,0,counterfactual,"{""w_0"": 67.246689, ""w_1"": 67.226685, ""w_2"": 67.256172, ""w_3"": 67.252495, ""w_4"": 67.226746, ""w_5"": 67.367744, ""w_6"": 67.195366, ""w_7"": 66.868843, ""w_8"": 67.230461, ""w_9"": 66.83638, ""w_10"": 66.400101, ""w_11"": 66.205566, ""w_12"": 66.357506, ""w_13"": 66.495087, ""w_14"": 66.724876, ""w_15"": 66.50412, ""w_16"": 66.062019, ""w_17"": 65.932983, ""w_18"": 66.138054, ""w_19"": 66.241371, ""w_20"": 66.518539}"
437,AU3CB0228823,2022-02-02,0,factual,"{""w_0"": 67.23046041, ""w_1"": 66.836381445, ""w_2"": 66.40009855000001, ""w_3"": 66.2055645, ""w_4"": 66.35750886, ""w_5"": 66.495087125, ""w_6"": 66.72487525000001, ""w_7"": 66.50412175, ""w_8"": 66.06201684, ""w_9"": 65.932982325, ""w_10"": 66.13805642000001, ""w_11"": 66.2413712, ""w_12"": 66.518542532, ""w_13"": 66.0564751665, ""w_14"": 65.65639900000001, ""w_15"": 65.781142, ""w_16"": 65.7794725, ""w_17"": 65.61242336, ""w_18"": 65.276838, ""w_19"": 65.52240135, ""w_20"": 65.90290313999999}"
437,AU3CB0228823,2022-02-02,0,counterfactual,"{""w_0"": 67.256172, ""w_1"": 67.252495, ""w_2"": 67.226746, ""w_3"": 67.367744, ""w_4"": 67.195366, ""w_5"": 66.868843, ""w_6"": 67.230461, ""w_7"": 66.83638, ""w_8"": 66.400101, ""w_9"": 66.205566, ""w_10"": 66.357506, ""w_11"": 66.495087, ""w_12"": 66.724876, ""w_13"": 66.50412, ""w_14"": 66.062019, ""w_15"": 65.932983, ""w_16"": 66.138054, ""w_17"": 66.241371, ""w_18"": 66.518539, ""w_19"": 66.056473, ""w_20"": 65.656403}"
441,AU3CB0228823,2022-02-08,0,factual,"{""w_0"": 66.35750886, ""w_1"": 66.495087125, ""w_2"": 66.72487525000001, ""w_3"": 66.50412175, ""w_4"": 66.06201684, ""w_5"": 65.932982325, ""w_6"": 66.13805642000001, ""w_7"": 66.2413712, ""w_8"": 66.518542532, ""w_9"": 66.0564751665, ""w_10"": 65.65639900000001, ""w_11"": 65.781142, ""w_12"": 65.7794725, ""w_13"": 65.61242336, ""w_14"": 65.276838, ""w_15"": 65.52240135, ""w_16"": 65.90290313999999, ""w_17"": 65.545177405, ""w_18"": 64.651937, ""w_19"": 63.978141, ""w_20"": 64.299429}"
441,AU3CB0228823,2022-02-08,0,counterfactual,"{""w_0"": 68.378136, ""w_1"": 68.468498, ""w_2"": 67.703934, ""w_3"": 67.92662, ""w_4"": 67.686073, ""w_5"": 67.498558, ""w_6"": 67.554565, ""w_7"": 66.883133, ""w_8"": 67.054443, ""w_9"": 66.859863, ""w_10"": 67.241295, ""w_11"": 67.709518, ""w_12"": 67.705574, ""w_13"": 67.398247, ""w_14"": 67.120956, ""w_15"": 67.100098, ""w_16"": 67.165688, ""w_17"": 67.232239, ""w_18"": 67.265083, ""w_19"": 67.287483, ""w_20"": 66.374893}"
442,AU3CB0228823,2022-02-09,0,factual,"{""w_0"": 66.495087125, ""w_1"": 66.72487525000001, ""w_2"": 66.50412175, ""w_3"": 66.06201684, ""w_4"": 65.932982325, ""w_5"": 66.13805642000001, ""w_6"": 66.2413712, ""w_7"": 66.518542532, ""w_8"": 66.0564751665, ""w_9"": 65.65639900000001, ""w_10"": 65.781142, ""w_11"": 65.7794725, ""w_12"": 65.61242336, ""w_13"": 65.276838, ""w_14"": 65.52240135, ""w_15"": 65.90290313999999, ""w_16"": 65.545177405, ""w_17"": 64.651937, ""w_18"": 63.978141, ""w_19"": 64.299429, ""w_20"": 64.65286201}"
442,AU3CB0228823,2022-02-09,0,counterfactual,"{""w_0"": 66.357506, ""w_1"": 66.495087, ""w_2"": 66.724876, ""w_3"": 66.50412, ""w_4"": 66.062019, ""w_5"": 65.932983, ""w_6"": 66.138054, ""w_7"": 66.241371, ""w_8"": 66.518539, ""w_9"": 66.056473, ""w_10"": 65.656403, ""w_11"": 65.781143, ""w_12"": 65.779472, ""w_13"": 65.612427, ""w_14"": 65.27684, ""w_15"": 65.5224, ""w_16"": 65.902901, ""w_17"": 65.545174, ""w_18"": 64.651939, ""w_19"": 63.978142, ""w_20"": 64.299431}"
443,AU3CB0228823,2022-02-10,0,factual,"{""w_0"": 66.72487525000001, ""w_1"": 66.50412175, ""w_2"": 66.06201684, ""w_3"": 65.932982325, ""w_4"": 66.13805642000001, ""w_5"": 66.2413712, ""w_6"": 66.518542532, ""w_7"": 66.0564751665, ""w_8"": 65.65639900000001, ""w_9"": 65.781142, ""w_10"": 65.7794725, ""w_11"": 65.61242336, ""w_12"": 65.276838, ""w_13"": 65.52240135, ""w_14"": 65.90290313999999, ""w_15"": 65.545177405, ""w_16"": 64.651937, ""w_17"": 63.978141, ""w_18"": 64.299429, ""w_19"": 64.65286201, ""w_20"": 64.65658665}"
443,AU3CB0228823,2022-02-10,0,counterfactual,"{""w_0"": 68.367516, ""w_1"": 67.742905, ""w_2"": 67.493973, ""w_3"": 68.378136, ""w_4"": 68.468498, ""w_5"": 67.703934, ""w_6"": 67.92662, ""w_7"": 67.686073, ""w_8"": 67.498558, ""w_9"": 67.554565, ""w_10"": 66.883133, ""w_11"": 67.054443, ""w_12"": 66.859863, ""w_13"": 67.241295, ""w_14"": 67.709518, ""w_15"": 67.705574, ""w_16"": 67.398247, ""w_17"": 67.120956, ""w_18"": 67.100098, ""w_19"": 67.165688, ""w_20"": 67.232239}"
444,AU3CB0228823,2022-02-11,0,factual,"{""w_0"": 66.50412175, ""w_1"": 66.06201684, ""w_2"": 65.932982325, ""w_3"": 66.13805642000001, ""w_4"": 66.2413712, ""w_5"": 66.518542532, ""w_6"": 66.0564751665, ""w_7"": 65.65639900000001, ""w_8"": 65.781142, ""w_9"": 65.7794725, ""w_10"": 65.61242336, ""w_11"": 65.276838, ""w_12"": 65.52240135, ""w_13"": 65.90290313999999, ""w_14"": 65.545177405, ""w_15"": 64.651937, ""w_16"": 63.978141, ""w_17"": 64.299429, ""w_18"": 64.65286201, ""w_19"": 64.65658665, ""w_20"": 64.4861952}"
444,AU3CB0228823,2022-02-11,0,counterfactual,"{""w_0"": 68.656372, ""w_1"": 68.338249, ""w_2"": 68.339264, ""w_3"": 68.561211, ""w_4"": 68.367516, ""w_5"": 67.742905, ""w_6"": 67.493973, ""w_7"": 68.378136, ""w_8"": 68.468498, ""w_9"": 67.703934, ""w_10"": 67.92662, ""w_11"": 67.686073, ""w_12"": 67.498558, ""w_13"": 67.554565, ""w_14"": 66.883133, ""w_15"": 67.054443, ""w_16"": 66.859863, ""w_17"": 67.241295, ""w_18"": 67.709518, ""w_19"": 67.705574, ""w_20"": 67.398247}"
438,AU3CB0228823,2022-02-03,0,factual,"{""w_0"": 66.836381445, ""w_1"": 66.40009855000001, ""w_2"": 66.2055645, ""w_3"": 66.35750886, ""w_4"": 66.495087125, ""w_5"": 66.72487525000001, ""w_6"": 66.50412175, ""w_7"": 66.06201684, ""w_8"": 65.932982325, ""w_9"": 66.13805642000001, ""w_10"": 66.2413712, ""w_11"": 66.518542532, ""w_12"": 66.0564751665, ""w_13"": 65.65639900000001, ""w_14"": 65.781142, ""w_15"": 65.7794725, ""w_16"": 65.61242336, ""w_17"": 65.276838, ""w_18"": 65.52240135, ""w_19"": 65.90290313999999, ""w_20"": 65.545177405}"
438,AU3CB0228823,2022-02-03,0,counterfactual,"{""w_0"": 67.230461, ""w_1"": 66.83638, ""w_2"": 66.400101, ""w_3"": 66.205566, ""w_4"": 66.357506, ""w_5"": 66.495087, ""w_6"": 66.724876, ""w_7"": 66.50412, ""w_8"": 66.062019, ""w_9"": 65.932983, ""w_10"": 66.138054, ""w_11"": 66.241371, ""w_12"": 66.518539, ""w_13"": 66.056473, ""w_14"": 65.656403, ""w_15"": 65.781143, ""w_16"": 65.779472, ""w_17"": 65.612427, ""w_18"": 65.27684, ""w_19"": 65.5224, ""w_20"": 65.902901}"
445,AU3CB0228823,2022-02-14,0,factual,"{""w_0"": 66.06201684, ""w_1"": 65.932982325, ""w_2"": 66.13805642000001, ""w_3"": 66.2413712, ""w_4"": 66.518542532, ""w_5"": 66.0564751665, ""w_6"": 65.65639900000001, ""w_7"": 65.781142, ""w_8"": 65.7794725, ""w_9"": 65.61242336, ""w_10"": 65.276838, ""w_11"": 65.52240135, ""w_12"": 65.90290313999999, ""w_13"": 65.545177405, ""w_14"": 64.651937, ""w_15"": 63.978141, ""w_16"": 64.299429, ""w_17"": 64.65286201, ""w_18"": 64.65658665, ""w_19"": 64.4861952, ""w_20"": 64.556046865}"
445,AU3CB0228823,2022-02-14,0,counterfactual,"{""w_0"": 66.50412, ""w_1"": 66.062019, ""w_2"": 65.932983, ""w_3"": 66.138054, ""w_4"": 66.241371, ""w_5"": 66.518539, ""w_6"": 66.056473, ""w_7"": 65.656403, ""w_8"": 65.781143, ""w_9"": 65.779472, ""w_10"": 65.612427, ""w_11"": 65.27684, ""w_12"": 65.5224, ""w_13"": 65.902901, ""w_14"": 65.545174, ""w_15"": 64.651939, ""w_16"": 63.978142, ""w_17"": 64.299431, ""w_18"": 64.652863, ""w_19"": 64.656586, ""w_20"": 64.486198}"
446,AU3CB0228823,2022-02-15,0,factual,"{""w_0"": 65.932982325, ""w_1"": 66.13805642000001, ""w_2"": 66.2413712, ""w_3"": 66.518542532, ""w_4"": 66.0564751665, ""w_5"": 65.65639900000001, ""w_6"": 65.781142, ""w_7"": 65.7794725, ""w_8"": 65.61242336, ""w_9"": 65.276838, ""w_10"": 65.52240135, ""w_11"": 65.90290313999999, ""w_12"": 65.545177405, ""w_13"": 64.651937, ""w_14"": 63.978141, ""w_15"": 64.299429, ""w_16"": 64.65286201, ""w_17"": 64.65658665, ""w_18"": 64.4861952, ""w_19"": 64.556046865, ""w_20"": 64.62514656}"
446,AU3CB0228823,2022-02-15,0,counterfactual,"{""w_0"": 66.062019, ""w_1"": 65.932983, ""w_2"": 66.138054, ""w_3"": 66.241371, ""w_4"": 66.518539, ""w_5"": 66.056473, ""w_6"": 65.656403, ""w_7"": 65.781143, ""w_8"": 65.779472, ""w_9"": 65.612427, ""w_10"": 65.27684, ""w_11"": 65.5224, ""w_12"": 65.902901, ""w_13"": 65.545174, ""w_14"": 64.651939, ""w_15"": 63.978142, ""w_16"": 64.299431, ""w_17"": 64.652863, ""w_18"": 64.656586, ""w_19"": 64.486198, ""w_20"": 64.556046}"
447,AU3CB0228823,2022-02-16,0,factual,"{""w_0"": 66.13805642000001, ""w_1"": 66.2413712, ""w_2"": 66.518542532, ""w_3"": 66.0564751665, ""w_4"": 65.65639900000001, ""w_5"": 65.781142, ""w_6"": 65.7794725, ""w_7"": 65.61242336, ""w_8"": 65.276838, ""w_9"": 65.52240135, ""w_10"": 65.90290313999999, ""w_11"": 65.545177405, ""w_12"": 64.651937, ""w_13"": 63.978141, ""w_14"": 64.299429, ""w_15"": 64.65286201, ""w_16"": 64.65658665, ""w_17"": 64.4861952, ""w_18"": 64.556046865, ""w_19"": 64.62514656, ""w_20"": 64.65480824999999}"
447,AU3CB0228823,2022-02-16,0,counterfactual,"{""w_0"": 66.495087, ""w_1"": 66.724876, ""w_2"": 66.50412, ""w_3"": 66.062019, ""w_4"": 65.932983, ""w_5"": 66.138054, ""w_6"": 66.241371, ""w_7"": 66.518539, ""w_8"": 66.056473, ""w_9"": 65.656403, ""w_10"": 65.781143, ""w_11"": 65.779472, ""w_12"": 65.612427, ""w_13"": 65.27684, ""w_14"": 65.5224, ""w_15"": 65.902901, ""w_16"": 65.545174, ""w_17"": 64.651939, ""w_18"": 63.978142, ""w_19"": 64.299431, ""w_20"": 64.652863}"
439,AU3CB0228823,2022-02-04,0,factual,"{""w_0"": 66.40009855000001, ""w_1"": 66.2055645, ""w_2"": 66.35750886, ""w_3"": 66.495087125, ""w_4"": 66.72487525000001, ""w_5"": 66.50412175, ""w_6"": 66.06201684, ""w_7"": 65.932982325, ""w_8"": 66.13805642000001, ""w_9"": 66.2413712, ""w_10"": 66.518542532, ""w_11"": 66.0564751665, ""w_12"": 65.65639900000001, ""w_13"": 65.781142, ""w_14"": 65.7794725, ""w_15"": 65.61242336, ""w_16"": 65.276838, ""w_17"": 65.52240135, ""w_18"": 65.90290313999999, ""w_19"": 65.545177405, ""w_20"": 64.651937}"
439,AU3CB0228823,2022-02-04,0,counterfactual,"{""w_0"": 66.83638, ""w_1"": 66.400101, ""w_2"": 66.205566, ""w_3"": 66.357506, ""w_4"": 66.495087, ""w_5"": 66.724876, ""w_6"": 66.50412, ""w_7"": 66.062019, ""w_8"": 65.932983, ""w_9"": 66.138054, ""w_10"": 66.241371, ""w_11"": 66.518539, ""w_12"": 66.056473, ""w_13"": 65.656403, ""w_14"": 65.781143, ""w_15"": 65.779472, ""w_16"": 65.612427, ""w_17"": 65.27684, ""w_18"": 65.5224, ""w_19"": 65.902901, ""w_20"": 65.545174}"
448,AU3CB0228823,2022-02-17,0,factual,"{""w_0"": 66.2413712, ""w_1"": 66.518542532, ""w_2"": 66.0564751665, ""w_3"": 65.65639900000001, ""w_4"": 65.781142, ""w_5"": 65.7794725, ""w_6"": 65.61242336, ""w_7"": 65.276838, ""w_8"": 65.52240135, ""w_9"": 65.90290313999999, ""w_10"": 65.545177405, ""w_11"": 64.651937, ""w_12"": 63.978141, ""w_13"": 64.299429, ""w_14"": 64.65286201, ""w_15"": 64.65658665, ""w_16"": 64.4861952, ""w_17"": 64.556046865, ""w_18"": 64.62514656, ""w_19"": 64.65480824999999, ""w_20"": 65.02098975}"
448,AU3CB0228823,2022-02-17,0,counterfactual,"{""w_0"": 66.138054, ""w_1"": 66.241371, ""w_2"": 66.518539, ""w_3"": 66.056473, ""w_4"": 65.656403, ""w_5"": 65.781143, ""w_6"": 65.779472, ""w_7"": 65.612427, ""w_8"": 65.27684, ""w_9"": 65.5224, ""w_10"": 65.902901, ""w_11"": 65.545174, ""w_12"": 64.651939, ""w_13"": 63.978142, ""w_14"": 64.299431, ""w_15"": 64.652863, ""w_16"": 64.656586, ""w_17"": 64.486198, ""w_18"": 64.556046, ""w_19"": 64.625145, ""w_20"": 64.654808}"
449,AU3CB0228823,2022-02-18,0,factual,"{""w_0"": 66.518542532, ""w_1"": 66.0564751665, ""w_2"": 65.65639900000001, ""w_3"": 65.781142, ""w_4"": 65.7794725, ""w_5"": 65.61242336, ""w_6"": 65.276838, ""w_7"": 65.52240135, ""w_8"": 65.90290313999999, ""w_9"": 65.545177405, ""w_10"": 64.651937, ""w_11"": 63.978141, ""w_12"": 64.299429, ""w_13"": 64.65286201, ""w_14"": 64.65658665, ""w_15"": 64.4861952, ""w_16"": 64.556046865, ""w_17"": 64.62514656, ""w_18"": 64.65480824999999, ""w_19"": 65.02098975, ""w_20"": 64.97356724999999}"
449,AU3CB0228823,2022-02-18,0,counterfactual,"{""w_0"": 66.062019, ""w_1"": 65.932983, ""w_2"": 66.138054, ""w_3"": 66.241371, ""w_4"": 66.518539, ""w_5"": 66.056473, ""w_6"": 65.656403, ""w_7"": 65.781143, ""w_8"": 65.779472, ""w_9"": 65.612427, ""w_10"": 65.27684, ""w_11"": 65.5224, ""w_12"": 65.902901, ""w_13"": 65.545174, ""w_14"": 64.651939, ""w_15"": 63.978142, ""w_16"": 64.299431, ""w_17"": 64.652863, ""w_18"": 64.656586, ""w_19"": 64.486198, ""w_20"": 64.556046}"
440,AU3CB0228823,2022-02-07,0,factual,"{""w_0"": 66.2055645, ""w_1"": 66.35750886, ""w_2"": 66.495087125, ""w_3"": 66.72487525000001, ""w_4"": 66.50412175, ""w_5"": 66.06201684, ""w_6"": 65.932982325, ""w_7"": 66.13805642000001, ""w_8"": 66.2413712, ""w_9"": 66.518542532, ""w_10"": 66.0564751665, ""w_11"": 65.65639900000001, ""w_12"": 65.781142, ""w_13"": 65.7794725, ""w_14"": 65.61242336, ""w_15"": 65.276838, ""w_16"": 65.52240135, ""w_17"": 65.90290313999999, ""w_18"": 65.545177405, ""w_19"": 64.651937, ""w_20"": 63.978141}"
440,AU3CB0228823,2022-02-07,0,counterfactual,"{""w_0"": 66.859863, ""w_1"": 67.241295, ""w_2"": 67.241295, ""w_3"": 67.709518, ""w_4"": 67.398247, ""w_5"": 65.188637, ""w_6"": 67.120956, ""w_7"": 67.165688, ""w_8"": 67.232239, ""w_9"": 67.232239, ""w_10"": 67.287483, ""w_11"": 66.374893, ""w_12"": 65.188637, ""w_13"": 65.915535, ""w_14"": 65.837509, ""w_15"": 65.837509, ""w_16"": 65.188637, ""w_17"": 65.188637, ""w_18"": 65.433334, ""w_19"": 66.177841, ""w_20"": 66.4646}"
450,AU3CB0228823,2022-02-21,0,factual,"{""w_0"": 66.0564751665, ""w_1"": 65.65639900000001, ""w_2"": 65.781142, ""w_3"": 65.7794725, ""w_4"": 65.61242336, ""w_5"": 65.276838, ""w_6"": 65.52240135, ""w_7"": 65.90290313999999, ""w_8"": 65.545177405, ""w_9"": 64.651937, ""w_10"": 63.978141, ""w_11"": 64.299429, ""w_12"": 64.65286201, ""w_13"": 64.65658665, ""w_14"": 64.4861952, ""w_15"": 64.556046865, ""w_16"": 64.62514656, ""w_17"": 64.65480824999999, ""w_18"": 65.02098975, ""w_19"": 64.97356724999999, ""w_20"": 65.132901585}"
450,AU3CB0228823,2022-02-21,0,counterfactual,"{""w_0"": 66.50412, ""w_1"": 66.062019, ""w_2"": 65.932983, ""w_3"": 66.138054, ""w_4"": 66.241371, ""w_5"": 66.518539, ""w_6"": 66.056473, ""w_7"": 65.656403, ""w_8"": 65.781143, ""w_9"": 65.779472, ""w_10"": 65.612427, ""w_11"": 65.27684, ""w_12"": 65.5224, ""w_13"": 65.902901, ""w_14"": 65.545174, ""w_15"": 64.651939, ""w_16"": 63.978142, ""w_17"": 64.299431, ""w_18"": 64.652863, ""w_19"": 64.656586, ""w_20"": 64.486198}"
451,AU3CB0228823,2022-02-22,0,factual,"{""w_0"": 65.65639900000001, ""w_1"": 65.781142, ""w_2"": 65.7794725, ""w_3"": 65.61242336, ""w_4"": 65.276838, ""w_5"": 65.52240135, ""w_6"": 65.90290313999999, ""w_7"": 65.545177405, ""w_8"": 64.651937, ""w_9"": 63.978141, ""w_10"": 64.299429, ""w_11"": 64.65286201, ""w_12"": 64.65658665, ""w_13"": 64.4861952, ""w_14"": 64.556046865, ""w_15"": 64.62514656, ""w_16"": 64.65480824999999, ""w_17"": 65.02098975, ""w_18"": 64.97356724999999, ""w_19"": 65.132901585, ""w_20"": 65.13150906000001}"
451,AU3CB0228823,2022-02-22,0,counterfactual,"{""w_0"": 66.50412, ""w_1"": 66.062019, ""w_2"": 65.932983, ""w_3"": 66.138054, ""w_4"": 66.241371, ""w_5"": 66.518539, ""w_6"": 66.056473, ""w_7"": 65.656403, ""w_8"": 65.781143, ""w_9"": 65.779472, ""w_10"": 65.612427, ""w_11"": 65.27684, ""w_12"": 65.5224, ""w_13"": 65.902901, ""w_14"": 65.545174, ""w_15"": 64.651939, ""w_16"": 63.978142, ""w_17"": 64.299431, ""w_18"": 64.652863, ""w_19"": 64.656586, ""w_20"": 64.486198}"
453,AU3CB0228823,2022-02-24,0,factual,"{""w_0"": 65.7794725, ""w_1"": 65.61242336, ""w_2"": 65.276838, ""w_3"": 65.52240135, ""w_4"": 65.90290313999999, ""w_5"": 65.545177405, ""w_6"": 64.651937, ""w_7"": 63.978141, ""w_8"": 64.299429, ""w_9"": 64.65286201, ""w_10"": 64.65658665, ""w_11"": 64.4861952, ""w_12"": 64.556046865, ""w_13"": 64.62514656, ""w_14"": 64.65480824999999, ""w_15"": 65.02098975, ""w_16"": 64.97356724999999, ""w_17"": 65.132901585, ""w_18"": 65.13150906000001, ""w_19"": 65.39677843999999, ""w_20"": 65.64855410999999}"
453,AU3CB0228823,2022-02-24,0,counterfactual,"{""w_0"": 65.781143, ""w_1"": 65.779472, ""w_2"": 65.612427, ""w_3"": 65.27684, ""w_4"": 65.5224, ""w_5"": 65.902901, ""w_6"": 65.545174, ""w_7"": 64.651939, ""w_8"": 63.978142, ""w_9"": 64.299431, ""w_10"": 64.652863, ""w_11"": 64.656586, ""w_12"": 64.486198, ""w_13"": 64.556046, ""w_14"": 64.625145, ""w_15"": 64.654808, ""w_16"": 65.020988, ""w_17"": 64.973564, ""w_18"": 65.132904, ""w_19"": 65.131508, ""w_20"": 65.396782}"
454,AU3CB0228823,2022-02-25,0,factual,"{""w_0"": 65.61242336, ""w_1"": 65.276838, ""w_2"": 65.52240135, ""w_3"": 65.90290313999999, ""w_4"": 65.545177405, ""w_5"": 64.651937, ""w_6"": 63.978141, ""w_7"": 64.299429, ""w_8"": 64.65286201, ""w_9"": 64.65658665, ""w_10"": 64.4861952, ""w_11"": 64.556046865, ""w_12"": 64.62514656, ""w_13"": 64.65480824999999, ""w_14"": 65.02098975, ""w_15"": 64.97356724999999, ""w_16"": 65.132901585, ""w_17"": 65.13150906000001, ""w_18"": 65.39677843999999, ""w_19"": 65.64855410999999, ""w_20"": 65.6537168}"
454,AU3CB0228823,2022-02-25,0,counterfactual,"{""w_0"": 65.779472, ""w_1"": 65.612427, ""w_2"": 65.27684, ""w_3"": 65.5224, ""w_4"": 65.902901, ""w_5"": 65.545174, ""w_6"": 64.651939, ""w_7"": 63.978142, ""w_8"": 64.299431, ""w_9"": 64.652863, ""w_10"": 64.656586, ""w_11"": 64.486198, ""w_12"": 64.556046, ""w_13"": 64.625145, ""w_14"": 64.654808, ""w_15"": 65.020988, ""w_16"": 64.973564, ""w_17"": 65.132904, ""w_18"": 65.131508, ""w_19"": 65.396782, ""w_20"": 65.648552}"
463,AU3CB0228823,2022-03-10,0,factual,"{""w_0"": 64.65658665, ""w_1"": 64.4861952, ""w_2"": 64.556046865, ""w_3"": 64.62514656, ""w_4"": 64.65480824999999, ""w_5"": 65.02098975, ""w_6"": 64.97356724999999, ""w_7"": 65.132901585, ""w_8"": 65.13150906000001, ""w_9"": 65.39677843999999, ""w_10"": 65.64855410999999, ""w_11"": 65.6537168, ""w_12"": 66.16248299, ""w_13"": 66.93052365, ""w_14"": 67.173287335, ""w_15"": 67.5653049, ""w_16"": 68.22592968000001, ""w_17"": 69.7393827, ""w_18"": 68.8113924, ""w_19"": 68.05000150000001, ""w_20"": 67.26025105}"
463,AU3CB0228823,2022-03-10,0,counterfactual,"{""w_0"": 65.545174, ""w_1"": 64.651939, ""w_2"": 63.978142, ""w_3"": 64.299431, ""w_4"": 64.652863, ""w_5"": 64.656586, ""w_6"": 64.486198, ""w_7"": 64.556046, ""w_8"": 64.625145, ""w_9"": 64.654808, ""w_10"": 65.020988, ""w_11"": 64.973564, ""w_12"": 65.132904, ""w_13"": 65.131508, ""w_14"": 65.396782, ""w_15"": 65.648552, ""w_16"": 65.653717, ""w_17"": 66.162483, ""w_18"": 66.930527, ""w_19"": 67.173286, ""w_20"": 67.565308}"
466,AU3CB0228823,2022-03-15,0,factual,"{""w_0"": 64.62514656, ""w_1"": 64.65480824999999, ""w_2"": 65.02098975, ""w_3"": 64.97356724999999, ""w_4"": 65.132901585, ""w_5"": 65.13150906000001, ""w_6"": 65.39677843999999, ""w_7"": 65.64855410999999, ""w_8"": 65.6537168, ""w_9"": 66.16248299, ""w_10"": 66.93052365, ""w_11"": 67.173287335, ""w_12"": 67.5653049, ""w_13"": 68.22592968000001, ""w_14"": 69.7393827, ""w_15"": 68.8113924, ""w_16"": 68.05000150000001, ""w_17"": 67.26025105, ""w_18"": 68.12382818500001, ""w_19"": 67.93893337, ""w_20"": 66.894513875}"
466,AU3CB0228823,2022-03-15,0,counterfactual,"{""w_0"": 64.556046, ""w_1"": 64.625145, ""w_2"": 64.654808, ""w_3"": 65.020988, ""w_4"": 64.973564, ""w_5"": 65.132904, ""w_6"": 65.131508, ""w_7"": 65.396782, ""w_8"": 65.648552, ""w_9"": 65.653717, ""w_10"": 66.162483, ""w_11"": 66.930527, ""w_12"": 67.173286, ""w_13"": 67.565308, ""w_14"": 68.225929, ""w_15"": 69.73938, ""w_16"": 68.811394, ""w_17"": 68.050003, ""w_18"": 67.260254, ""w_19"": 68.123825, ""w_20"": 67.938934}"
467,AU3CB0228823,2022-03-16,0,factual,"{""w_0"": 64.65480824999999, ""w_1"": 65.02098975, ""w_2"": 64.97356724999999, ""w_3"": 65.132901585, ""w_4"": 65.13150906000001, ""w_5"": 65.39677843999999, ""w_6"": 65.64855410999999, ""w_7"": 65.6537168, ""w_8"": 66.16248299, ""w_9"": 66.93052365, ""w_10"": 67.173287335, ""w_11"": 67.5653049, ""w_12"": 68.22592968000001, ""w_13"": 69.7393827, ""w_14"": 68.8113924, ""w_15"": 68.05000150000001, ""w_16"": 67.26025105, ""w_17"": 68.12382818500001, ""w_18"": 67.93893337, ""w_19"": 66.894513875, ""w_20"": 66.70055109100001}"
467,AU3CB0228823,2022-03-16,0,counterfactual,"{""w_0"": 64.556046, ""w_1"": 64.625145, ""w_2"": 64.654808, ""w_3"": 65.020988, ""w_4"": 64.973564, ""w_5"": 65.132904, ""w_6"": 65.131508, ""w_7"": 65.396782, ""w_8"": 65.648552, ""w_9"": 65.653717, ""w_10"": 66.162483, ""w_11"": 66.930527, ""w_12"": 67.173286, ""w_13"": 67.565308, ""w_14"": 68.225929, ""w_15"": 69.73938, ""w_16"": 68.811394, ""w_17"": 68.050003, ""w_18"": 67.260254, ""w_19"": 68.123825, ""w_20"": 67.938934}"
455,AU3CB0228823,2022-02-28,0,factual,"{""w_0"": 65.276838, ""w_1"": 65.52240135, ""w_2"": 65.90290313999999, ""w_3"": 65.545177405, ""w_4"": 64.651937, ""w_5"": 63.978141, ""w_6"": 64.299429, ""w_7"": 64.65286201, ""w_8"": 64.65658665, ""w_9"": 64.4861952, ""w_10"": 64.556046865, ""w_11"": 64.62514656, ""w_12"": 64.65480824999999, ""w_13"": 65.02098975, ""w_14"": 64.97356724999999, ""w_15"": 65.132901585, ""w_16"": 65.13150906000001, ""w_17"": 65.39677843999999, ""w_18"": 65.64855410999999, ""w_19"": 65.6537168, ""w_20"": 66.16248299}"
455,AU3CB0228823,2022-02-28,0,counterfactual,"{""w_0"": 65.612427, ""w_1"": 65.27684, ""w_2"": 65.5224, ""w_3"": 65.902901, ""w_4"": 65.545174, ""w_5"": 64.651939, ""w_6"": 63.978142, ""w_7"": 64.299431, ""w_8"": 64.652863, ""w_9"": 64.656586, ""w_10"": 64.486198, ""w_11"": 64.556046, ""w_12"": 64.625145, ""w_13"": 64.654808, ""w_14"": 65.020988, ""w_15"": 64.973564, ""w_16"": 65.132904, ""w_17"": 65.131508, ""w_18"": 65.396782, ""w_19"": 65.648552, ""w_20"": 65.653717}"
456,AU3CB0228823,2022-03-01,0,factual,"{""w_0"": 65.52240135, ""w_1"": 65.90290313999999, ""w_2"": 65.545177405, ""w_3"": 64.651937, ""w_4"": 63.978141, ""w_5"": 64.299429, ""w_6"": 64.65286201, ""w_7"": 64.65658665, ""w_8"": 64.4861952, ""w_9"": 64.556046865, ""w_10"": 64.62514656, ""w_11"": 64.65480824999999, ""w_12"": 65.02098975, ""w_13"": 64.97356724999999, ""w_14"": 65.132901585, ""w_15"": 65.13150906000001, ""w_16"": 65.39677843999999, ""w_17"": 65.64855410999999, ""w_18"": 65.6537168, ""w_19"": 66.16248299, ""w_20"": 66.93052365}"
456,AU3CB0228823,2022-03-01,0,counterfactual,"{""w_0"": 65.27684, ""w_1"": 65.5224, ""w_2"": 65.902901, ""w_3"": 65.545174, ""w_4"": 64.651939, ""w_5"": 63.978142, ""w_6"": 64.299431, ""w_7"": 64.652863, ""w_8"": 64.656586, ""w_9"": 64.486198, ""w_10"": 64.556046, ""w_11"": 64.625145, ""w_12"": 64.654808, ""w_13"": 65.020988, ""w_14"": 64.973564, ""w_15"": 65.132904, ""w_16"": 65.131508, ""w_17"": 65.396782, ""w_18"": 65.648552, ""w_19"": 65.653717, ""w_20"": 66.162483}"
457,AU3CB0228823,2022-03-02,0,factual,"{""w_0"": 65.90290313999999, ""w_1"": 65.545177405, ""w_2"": 64.651937, ""w_3"": 63.978141, ""w_4"": 64.299429, ""w_5"": 64.65286201, ""w_6"": 64.65658665, ""w_7"": 64.4861952, ""w_8"": 64.556046865, ""w_9"": 64.62514656, ""w_10"": 64.65480824999999, ""w_11"": 65.02098975, ""w_12"": 64.97356724999999, ""w_13"": 65.132901585, ""w_14"": 65.13150906000001, ""w_15"": 65.39677843999999, ""w_16"": 65.64855410999999, ""w_17"": 65.6537168, ""w_18"": 66.16248299, ""w_19"": 66.93052365, ""w_20"": 67.173287335}"
457,AU3CB0228823,2022-03-02,0,counterfactual,"{""w_0"": 65.5224, ""w_1"": 65.902901, ""w_2"": 65.545174, ""w_3"": 64.651939, ""w_4"": 63.978142, ""w_5"": 64.299431, ""w_6"": 64.652863, ""w_7"": 64.656586, ""w_8"": 64.486198, ""w_9"": 64.556046, ""w_10"": 64.625145, ""w_11"": 64.654808, ""w_12"": 65.020988, ""w_13"": 64.973564, ""w_14"": 65.132904, ""w_15"": 65.131508, ""w_16"": 65.396782, ""w_17"": 65.648552, ""w_18"": 65.653717, ""w_19"": 66.162483, ""w_20"": 66.930527}"
458,AU3CB0228823,2022-03-03,0,factual,"{""w_0"": 65.545177405, ""w_1"": 64.651937, ""w_2"": 63.978141, ""w_3"": 64.299429, ""w_4"": 64.65286201, ""w_5"": 64.65658665, ""w_6"": 64.4861952, ""w_7"": 64.556046865, ""w_8"": 64.62514656, ""w_9"": 64.65480824999999, ""w_10"": 65.02098975, ""w_11"": 64.97356724999999, ""w_12"": 65.132901585, ""w_13"": 65.13150906000001, ""w_14"": 65.39677843999999, ""w_15"": 65.64855410999999, ""w_16"": 65.6537168, ""w_17"": 66.16248299, ""w_18"": 66.93052365, ""w_19"": 67.173287335, ""w_20"": 67.5653049}"
458,AU3CB0228823,2022-03-03,0,counterfactual,"{""w_0"": 65.656403, ""w_1"": 65.781143, ""w_2"": 65.779472, ""w_3"": 65.612427, ""w_4"": 65.27684, ""w_5"": 65.5224, ""w_6"": 65.902901, ""w_7"": 65.545174, ""w_8"": 64.651939, ""w_9"": 63.978142, ""w_10"": 64.299431, ""w_11"": 64.652863, ""w_12"": 64.656586, ""w_13"": 64.486198, ""w_14"": 64.556046, ""w_15"": 64.625145, ""w_16"": 64.654808, ""w_17"": 65.020988, ""w_18"": 64.973564, ""w_19"": 65.132904, ""w_20"": 65.131508}"
459,AU3CB0228823,2022-03-04,0,factual,"{""w_0"": 64.651937, ""w_1"": 63.978141, ""w_2"": 64.299429, ""w_3"": 64.65286201, ""w_4"": 64.65658665, ""w_5"": 64.4861952, ""w_6"": 64.556046865, ""w_7"": 64.62514656, ""w_8"": 64.65480824999999, ""w_9"": 65.02098975, ""w_10"": 64.97356724999999, ""w_11"": 65.132901585, ""w_12"": 65.13150906000001, ""w_13"": 65.39677843999999, ""w_14"": 65.64855410999999, ""w_15"": 65.6537168, ""w_16"": 66.16248299, ""w_17"": 66.93052365, ""w_18"": 67.173287335, ""w_19"": 67.5653049, ""w_20"": 68.22592968000001}"
459,AU3CB0228823,2022-03-04,0,counterfactual,"{""w_0"": 65.545174, ""w_1"": 64.651939, ""w_2"": 63.978142, ""w_3"": 64.299431, ""w_4"": 64.652863, ""w_5"": 64.656586, ""w_6"": 64.486198, ""w_7"": 64.556046, ""w_8"": 64.625145, ""w_9"": 64.654808, ""w_10"": 65.020988, ""w_11"": 64.973564, ""w_12"": 65.132904, ""w_13"": 65.131508, ""w_14"": 65.396782, ""w_15"": 65.648552, ""w_16"": 65.653717, ""w_17"": 66.162483, ""w_18"": 66.930527, ""w_19"": 67.173286, ""w_20"": 67.565308}"
460,AU3CB0228823,2022-03-07,0,factual,"{""w_0"": 63.978141, ""w_1"": 64.299429, ""w_2"": 64.65286201, ""w_3"": 64.65658665, ""w_4"": 64.4861952, ""w_5"": 64.556046865, ""w_6"": 64.62514656, ""w_7"": 64.65480824999999, ""w_8"": 65.02098975, ""w_9"": 64.97356724999999, ""w_10"": 65.132901585, ""w_11"": 65.13150906000001, ""w_12"": 65.39677843999999, ""w_13"": 65.64855410999999, ""w_14"": 65.6537168, ""w_15"": 66.16248299, ""w_16"": 66.93052365, ""w_17"": 67.173287335, ""w_18"": 67.5653049, ""w_19"": 68.22592968000001, ""w_20"": 69.7393827}"
460,AU3CB0228823,2022-03-07,0,counterfactual,"{""w_0"": 64.651939, ""w_1"": 63.978142, ""w_2"": 64.299431, ""w_3"": 64.652863, ""w_4"": 64.656586, ""w_5"": 64.486198, ""w_6"": 64.556046, ""w_7"": 64.625145, ""w_8"": 64.654808, ""w_9"": 65.020988, ""w_10"": 64.973564, ""w_11"": 65.132904, ""w_12"": 65.131508, ""w_13"": 65.396782, ""w_14"": 65.648552, ""w_15"": 65.653717, ""w_16"": 66.162483, ""w_17"": 66.930527, ""w_18"": 67.173286, ""w_19"": 67.565308, ""w_20"": 68.225929}"
469,AU3CB0228823,2022-03-18,0,factual,"{""w_0"": 64.97356724999999, ""w_1"": 65.132901585, ""w_2"": 65.13150906000001, ""w_3"": 65.39677843999999, ""w_4"": 65.64855410999999, ""w_5"": 65.6537168, ""w_6"": 66.16248299, ""w_7"": 66.93052365, ""w_8"": 67.173287335, ""w_9"": 67.5653049, ""w_10"": 68.22592968000001, ""w_11"": 69.7393827, ""w_12"": 68.8113924, ""w_13"": 68.05000150000001, ""w_14"": 67.26025105, ""w_15"": 68.12382818500001, ""w_16"": 67.93893337, ""w_17"": 66.894513875, ""w_18"": 66.70055109100001, ""w_19"": 67.16252505, ""w_20"": 67.57955231999999}"
469,AU3CB0228823,2022-03-18,0,counterfactual,"{""w_0"": 65.020988, ""w_1"": 64.973564, ""w_2"": 65.132904, ""w_3"": 65.131508, ""w_4"": 65.396782, ""w_5"": 65.648552, ""w_6"": 65.653717, ""w_7"": 66.162483, ""w_8"": 66.930527, ""w_9"": 67.173286, ""w_10"": 67.565308, ""w_11"": 68.225929, ""w_12"": 69.73938, ""w_13"": 68.811394, ""w_14"": 68.050003, ""w_15"": 67.260254, ""w_16"": 68.123825, ""w_17"": 67.938934, ""w_18"": 66.894516, ""w_19"": 66.700554, ""w_20"": 67.162521}"
461,AU3CB0228823,2022-03-08,0,factual,"{""w_0"": 64.299429, ""w_1"": 64.65286201, ""w_2"": 64.65658665, ""w_3"": 64.4861952, ""w_4"": 64.556046865, ""w_5"": 64.62514656, ""w_6"": 64.65480824999999, ""w_7"": 65.02098975, ""w_8"": 64.97356724999999, ""w_9"": 65.132901585, ""w_10"": 65.13150906000001, ""w_11"": 65.39677843999999, ""w_12"": 65.64855410999999, ""w_13"": 65.6537168, ""w_14"": 66.16248299, ""w_15"": 66.93052365, ""w_16"": 67.173287335, ""w_17"": 67.5653049, ""w_18"": 68.22592968000001, ""w_19"": 69.7393827, ""w_20"": 68.8113924}"
461,AU3CB0228823,2022-03-08,0,counterfactual,"{""w_0"": 63.978142, ""w_1"": 64.299431, ""w_2"": 64.652863, ""w_3"": 64.656586, ""w_4"": 64.486198, ""w_5"": 64.556046, ""w_6"": 64.625145, ""w_7"": 64.654808, ""w_8"": 65.020988, ""w_9"": 64.973564, ""w_10"": 65.132904, ""w_11"": 65.131508, ""w_12"": 65.396782, ""w_13"": 65.648552, ""w_14"": 65.653717, ""w_15"": 66.162483, ""w_16"": 66.930527, ""w_17"": 67.173286, ""w_18"": 67.565308, ""w_19"": 68.225929, ""w_20"": 69.73938}"
470,AU3CB0228823,2022-03-21,0,factual,"{""w_0"": 65.132901585, ""w_1"": 65.13150906000001, ""w_2"": 65.39677843999999, ""w_3"": 65.64855410999999, ""w_4"": 65.6537168, ""w_5"": 66.16248299, ""w_6"": 66.93052365, ""w_7"": 67.173287335, ""w_8"": 67.5653049, ""w_9"": 68.22592968000001, ""w_10"": 69.7393827, ""w_11"": 68.8113924, ""w_12"": 68.05000150000001, ""w_13"": 67.26025105, ""w_14"": 68.12382818500001, ""w_15"": 67.93893337, ""w_16"": 66.894513875, ""w_17"": 66.70055109100001, ""w_18"": 67.16252505, ""w_19"": 67.57955231999999, ""w_20"": 67.90751475}"
470,AU3CB0228823,2022-03-21,0,counterfactual,"{""w_0"": 64.973564, ""w_1"": 65.132904, ""w_2"": 65.131508, ""w_3"": 65.396782, ""w_4"": 65.648552, ""w_5"": 65.653717, ""w_6"": 66.162483, ""w_7"": 66.930527, ""w_8"": 67.173286, ""w_9"": 67.565308, ""w_10"": 68.225929, ""w_11"": 69.73938, ""w_12"": 68.811394, ""w_13"": 68.050003, ""w_14"": 67.260254, ""w_15"": 68.123825, ""w_16"": 67.938934, ""w_17"": 66.894516, ""w_18"": 66.700554, ""w_19"": 67.162521, ""w_20"": 67.579552}"
462,AU3CB0228823,2022-03-09,0,factual,"{""w_0"": 64.65286201, ""w_1"": 64.65658665, ""w_2"": 64.4861952, ""w_3"": 64.556046865, ""w_4"": 64.62514656, ""w_5"": 64.65480824999999, ""w_6"": 65.02098975, ""w_7"": 64.97356724999999, ""w_8"": 65.132901585, ""w_9"": 65.13150906000001, ""w_10"": 65.39677843999999, ""w_11"": 65.64855410999999, ""w_12"": 65.6537168, ""w_13"": 66.16248299, ""w_14"": 66.93052365, ""w_15"": 67.173287335, ""w_16"": 67.5653049, ""w_17"": 68.22592968000001, ""w_18"": 69.7393827, ""w_19"": 68.8113924, ""w_20"": 68.05000150000001}"
462,AU3CB0228823,2022-03-09,0,counterfactual,"{""w_0"": 65.837509, ""w_1"": 65.824982, ""w_2"": 65.188637, ""w_3"": 65.433334, ""w_4"": 66.177841, ""w_5"": 66.4646, ""w_6"": 66.540634, ""w_7"": 66.672729, ""w_8"": 66.531593, ""w_9"": 66.406639, ""w_10"": 66.633606, ""w_11"": 66.423935, ""w_12"": 66.520004, ""w_13"": 66.182648, ""w_14"": 66.628471, ""w_15"": 66.971596, ""w_16"": 67.246689, ""w_17"": 67.226685, ""w_18"": 67.256172, ""w_19"": 67.252495, ""w_20"": 67.226746}"
471,AU3CB0228823,2022-03-22,0,factual,"{""w_0"": 65.13150906000001, ""w_1"": 65.39677843999999, ""w_2"": 65.64855410999999, ""w_3"": 65.6537168, ""w_4"": 66.16248299, ""w_5"": 66.93052365, ""w_6"": 67.173287335, ""w_7"": 67.5653049, ""w_8"": 68.22592968000001, ""w_9"": 69.7393827, ""w_10"": 68.8113924, ""w_11"": 68.05000150000001, ""w_12"": 67.26025105, ""w_13"": 68.12382818500001, ""w_14"": 67.93893337, ""w_15"": 66.894513875, ""w_16"": 66.70055109100001, ""w_17"": 67.16252505, ""w_18"": 67.57955231999999, ""w_19"": 67.90751475, ""w_20"": 67.54889492}"
471,AU3CB0228823,2022-03-22,0,counterfactual,"{""w_0"": 65.132904, ""w_1"": 65.131508, ""w_2"": 65.396782, ""w_3"": 65.648552, ""w_4"": 65.653717, ""w_5"": 66.162483, ""w_6"": 66.930527, ""w_7"": 67.173286, ""w_8"": 67.565308, ""w_9"": 68.225929, ""w_10"": 69.73938, ""w_11"": 68.811394, ""w_12"": 68.050003, ""w_13"": 67.260254, ""w_14"": 68.123825, ""w_15"": 67.938934, ""w_16"": 66.894516, ""w_17"": 66.700554, ""w_18"": 67.162521, ""w_19"": 67.579552, ""w_20"": 67.907516}"
472,AU3CB0228823,2022-03-23,0,factual,"{""w_0"": 65.39677843999999, ""w_1"": 65.64855410999999, ""w_2"": 65.6537168, ""w_3"": 66.16248299, ""w_4"": 66.93052365, ""w_5"": 67.173287335, ""w_6"": 67.5653049, ""w_7"": 68.22592968000001, ""w_8"": 69.7393827, ""w_9"": 68.8113924, ""w_10"": 68.05000150000001, ""w_11"": 67.26025105, ""w_12"": 68.12382818500001, ""w_13"": 67.93893337, ""w_14"": 66.894513875, ""w_15"": 66.70055109100001, ""w_16"": 67.16252505, ""w_17"": 67.57955231999999, ""w_18"": 67.90751475, ""w_19"": 67.54889492, ""w_20"": 68.03997516}"
472,AU3CB0228823,2022-03-23,0,counterfactual,"{""w_0"": 65.131508, ""w_1"": 65.396782, ""w_2"": 65.648552, ""w_3"": 65.653717, ""w_4"": 66.162483, ""w_5"": 66.930527, ""w_6"": 67.173286, ""w_7"": 67.565308, ""w_8"": 68.225929, ""w_9"": 69.73938, ""w_10"": 68.811394, ""w_11"": 68.050003, ""w_12"": 67.260254, ""w_13"": 68.123825, ""w_14"": 67.938934, ""w_15"": 66.894516, ""w_16"": 66.700554, ""w_17"": 67.162521, ""w_18"": 67.579552, ""w_19"": 67.907516, ""w_20"": 67.548897}"
481,AU3CB0228823,2022-04-05,0,factual,"{""w_0"": 68.8113924, ""w_1"": 68.05000150000001, ""w_2"": 67.26025105, ""w_3"": 68.12382818500001, ""w_4"": 67.93893337, ""w_5"": 66.894513875, ""w_6"": 66.70055109100001, ""w_7"": 67.16252505, ""w_8"": 67.57955231999999, ""w_9"": 67.90751475, ""w_10"": 67.54889492, ""w_11"": 68.03997516, ""w_12"": 68.36881407999999, ""w_13"": 68.15472825, ""w_14"": 68.17576062, ""w_15"": 67.74608309999999, ""w_16"": 67.4460084, ""w_17"": 67.06219956, ""w_18"": 67.386372, ""w_19"": 67.8094843, ""w_20"": 68.36511616}"
481,AU3CB0228823,2022-04-05,0,counterfactual,"{""w_0"": 68.470848, ""w_1"": 68.656372, ""w_2"": 68.338249, ""w_3"": 68.339264, ""w_4"": 68.561211, ""w_5"": 68.367516, ""w_6"": 67.742905, ""w_7"": 67.493973, ""w_8"": 68.378136, ""w_9"": 68.468498, ""w_10"": 67.703934, ""w_11"": 67.92662, ""w_12"": 67.686073, ""w_13"": 67.498558, ""w_14"": 67.554565, ""w_15"": 66.883133, ""w_16"": 67.054443, ""w_17"": 66.859863, ""w_18"": 67.241295, ""w_19"": 67.709518, ""w_20"": 67.705574}"
473,AU3CB0228823,2022-03-24,0,factual,"{""w_0"": 65.64855410999999, ""w_1"": 65.6537168, ""w_2"": 66.16248299, ""w_3"": 66.93052365, ""w_4"": 67.173287335, ""w_5"": 67.5653049, ""w_6"": 68.22592968000001, ""w_7"": 69.7393827, ""w_8"": 68.8113924, ""w_9"": 68.05000150000001, ""w_10"": 67.26025105, ""w_11"": 68.12382818500001, ""w_12"": 67.93893337, ""w_13"": 66.894513875, ""w_14"": 66.70055109100001, ""w_15"": 67.16252505, ""w_16"": 67.57955231999999, ""w_17"": 67.90751475, ""w_18"": 67.54889492, ""w_19"": 68.03997516, ""w_20"": 68.36881407999999}"
473,AU3CB0228823,2022-03-24,0,counterfactual,"{""w_0"": 65.396782, ""w_1"": 65.648552, ""w_2"": 65.653717, ""w_3"": 66.162483, ""w_4"": 66.930527, ""w_5"": 67.173286, ""w_6"": 67.565308, ""w_7"": 68.225929, ""w_8"": 69.73938, ""w_9"": 68.811394, ""w_10"": 68.050003, ""w_11"": 67.260254, ""w_12"": 68.123825, ""w_13"": 67.938934, ""w_14"": 66.894516, ""w_15"": 66.700554, ""w_16"": 67.162521, ""w_17"": 67.579552, ""w_18"": 67.907516, ""w_19"": 67.548897, ""w_20"": 68.039978}"
474,AU3CB0228823,2022-03-25,0,factual,"{""w_0"": 65.6537168, ""w_1"": 66.16248299, ""w_2"": 66.93052365, ""w_3"": 67.173287335, ""w_4"": 67.5653049, ""w_5"": 68.22592968000001, ""w_6"": 69.7393827, ""w_7"": 68.8113924, ""w_8"": 68.05000150000001, ""w_9"": 67.26025105, ""w_10"": 68.12382818500001, ""w_11"": 67.93893337, ""w_12"": 66.894513875, ""w_13"": 66.70055109100001, ""w_14"": 67.16252505, ""w_15"": 67.57955231999999, ""w_16"": 67.90751475, ""w_17"": 67.54889492, ""w_18"": 68.03997516, ""w_19"": 68.36881407999999, ""w_20"": 68.15472825}"
474,AU3CB0228823,2022-03-25,0,counterfactual,"{""w_0"": 65.648552, ""w_1"": 65.653717, ""w_2"": 66.162483, ""w_3"": 66.930527, ""w_4"": 67.173286, ""w_5"": 67.565308, ""w_6"": 68.225929, ""w_7"": 69.73938, ""w_8"": 68.811394, ""w_9"": 68.050003, ""w_10"": 67.260254, ""w_11"": 68.123825, ""w_12"": 67.938934, ""w_13"": 66.894516, ""w_14"": 66.700554, ""w_15"": 67.162521, ""w_16"": 67.579552, ""w_17"": 67.907516, ""w_18"": 67.548897, ""w_19"": 68.039978, ""w_20"": 68.368813}"
475,AU3CB0228823,2022-03-28,0,factual,"{""w_0"": 66.16248299, ""w_1"": 66.93052365, ""w_2"": 67.173287335, ""w_3"": 67.5653049, ""w_4"": 68.22592968000001, ""w_5"": 69.7393827, ""w_6"": 68.8113924, ""w_7"": 68.05000150000001, ""w_8"": 67.26025105, ""w_9"": 68.12382818500001, ""w_10"": 67.93893337, ""w_11"": 66.894513875, ""w_12"": 66.70055109100001, ""w_13"": 67.16252505, ""w_14"": 67.57955231999999, ""w_15"": 67.90751475, ""w_16"": 67.54889492, ""w_17"": 68.03997516, ""w_18"": 68.36881407999999, ""w_19"": 68.15472825, ""w_20"": 68.17576062}"
475,AU3CB0228823,2022-03-28,0,counterfactual,"{""w_0"": 67.742905, ""w_1"": 67.493973, ""w_2"": 68.378136, ""w_3"": 68.468498, ""w_4"": 67.703934, ""w_5"": 67.92662, ""w_6"": 67.686073, ""w_7"": 67.498558, ""w_8"": 67.554565, ""w_9"": 66.883133, ""w_10"": 67.054443, ""w_11"": 66.859863, ""w_12"": 67.241295, ""w_13"": 67.709518, ""w_14"": 67.705574, ""w_15"": 67.398247, ""w_16"": 67.120956, ""w_17"": 67.100098, ""w_18"": 67.165688, ""w_19"": 67.232239, ""w_20"": 67.265083}"
476,AU3CB0228823,2022-03-29,0,factual,"{""w_0"": 66.93052365, ""w_1"": 67.173287335, ""w_2"": 67.5653049, ""w_3"": 68.22592968000001, ""w_4"": 69.7393827, ""w_5"": 68.8113924, ""w_6"": 68.05000150000001, ""w_7"": 67.26025105, ""w_8"": 68.12382818500001, ""w_9"": 67.93893337, ""w_10"": 66.894513875, ""w_11"": 66.70055109100001, ""w_12"": 67.16252505, ""w_13"": 67.57955231999999, ""w_14"": 67.90751475, ""w_15"": 67.54889492, ""w_16"": 68.03997516, ""w_17"": 68.36881407999999, ""w_18"": 68.15472825, ""w_19"": 68.17576062, ""w_20"": 67.74608309999999}"
476,AU3CB0228823,2022-03-29,0,counterfactual,"{""w_0"": 66.162483, ""w_1"": 66.930527, ""w_2"": 67.173286, ""w_3"": 67.565308, ""w_4"": 68.225929, ""w_5"": 69.73938, ""w_6"": 68.811394, ""w_7"": 68.050003, ""w_8"": 67.260254, ""w_9"": 68.123825, ""w_10"": 67.938934, ""w_11"": 66.894516, ""w_12"": 66.700554, ""w_13"": 67.162521, ""w_14"": 67.579552, ""w_15"": 67.907516, ""w_16"": 67.548897, ""w_17"": 68.039978, ""w_18"": 68.368813, ""w_19"": 68.154732, ""w_20"": 68.175758}"
477,AU3CB0228823,2022-03-30,0,factual,"{""w_0"": 67.173287335, ""w_1"": 67.5653049, ""w_2"": 68.22592968000001, ""w_3"": 69.7393827, ""w_4"": 68.8113924, ""w_5"": 68.05000150000001, ""w_6"": 67.26025105, ""w_7"": 68.12382818500001, ""w_8"": 67.93893337, ""w_9"": 66.894513875, ""w_10"": 66.70055109100001, ""w_11"": 67.16252505, ""w_12"": 67.57955231999999, ""w_13"": 67.90751475, ""w_14"": 67.54889492, ""w_15"": 68.03997516, ""w_16"": 68.36881407999999, ""w_17"": 68.15472825, ""w_18"": 68.17576062, ""w_19"": 67.74608309999999, ""w_20"": 67.4460084}"
477,AU3CB0228823,2022-03-30,0,counterfactual,"{""w_0"": 68.367516, ""w_1"": 67.742905, ""w_2"": 67.493973, ""w_3"": 68.378136, ""w_4"": 68.468498, ""w_5"": 67.703934, ""w_6"": 67.92662, ""w_7"": 67.686073, ""w_8"": 67.498558, ""w_9"": 67.554565, ""w_10"": 66.883133, ""w_11"": 67.054443, ""w_12"": 66.859863, ""w_13"": 67.241295, ""w_14"": 67.709518, ""w_15"": 67.705574, ""w_16"": 67.398247, ""w_17"": 67.120956, ""w_18"": 67.100098, ""w_19"": 67.165688, ""w_20"": 67.232239}"
478,AU3CB0228823,2022-03-31,0,factual,"{""w_0"": 67.5653049, ""w_1"": 68.22592968000001, ""w_2"": 69.7393827, ""w_3"": 68.8113924, ""w_4"": 68.05000150000001, ""w_5"": 67.26025105, ""w_6"": 68.12382818500001, ""w_7"": 67.93893337, ""w_8"": 66.894513875, ""w_9"": 66.70055109100001, ""w_10"": 67.16252505, ""w_11"": 67.57955231999999, ""w_12"": 67.90751475, ""w_13"": 67.54889492, ""w_14"": 68.03997516, ""w_15"": 68.36881407999999, ""w_16"": 68.15472825, ""w_17"": 68.17576062, ""w_18"": 67.74608309999999, ""w_19"": 67.4460084, ""w_20"": 67.06219956}"
478,AU3CB0228823,2022-03-31,0,counterfactual,"{""w_0"": 67.173286, ""w_1"": 67.565308, ""w_2"": 68.225929, ""w_3"": 69.73938, ""w_4"": 68.811394, ""w_5"": 68.050003, ""w_6"": 67.260254, ""w_7"": 68.123825, ""w_8"": 67.938934, ""w_9"": 66.894516, ""w_10"": 66.700554, ""w_11"": 67.162521, ""w_12"": 67.579552, ""w_13"": 67.907516, ""w_14"": 67.548897, ""w_15"": 68.039978, ""w_16"": 68.368813, ""w_17"": 68.154732, ""w_18"": 68.175758, ""w_19"": 67.746086, ""w_20"": 67.446007}"
479,AU3CB0228823,2022-04-01,0,factual,"{""w_0"": 68.22592968000001, ""w_1"": 69.7393827, ""w_2"": 68.8113924, ""w_3"": 68.05000150000001, ""w_4"": 67.26025105, ""w_5"": 68.12382818500001, ""w_6"": 67.93893337, ""w_7"": 66.894513875, ""w_8"": 66.70055109100001, ""w_9"": 67.16252505, ""w_10"": 67.57955231999999, ""w_11"": 67.90751475, ""w_12"": 67.54889492, ""w_13"": 68.03997516, ""w_14"": 68.36881407999999, ""w_15"": 68.15472825, ""w_16"": 68.17576062, ""w_17"": 67.74608309999999, ""w_18"": 67.4460084, ""w_19"": 67.06219956, ""w_20"": 67.386372}"
479,AU3CB0228823,2022-04-01,0,counterfactual,"{""w_0"": 68.339264, ""w_1"": 68.561211, ""w_2"": 68.367516, ""w_3"": 67.742905, ""w_4"": 67.493973, ""w_5"": 68.378136, ""w_6"": 68.468498, ""w_7"": 67.703934, ""w_8"": 67.92662, ""w_9"": 67.686073, ""w_10"": 67.498558, ""w_11"": 67.554565, ""w_12"": 66.883133, ""w_13"": 67.054443, ""w_14"": 66.859863, ""w_15"": 67.241295, ""w_16"": 67.709518, ""w_17"": 67.705574, ""w_18"": 67.398247, ""w_19"": 67.120956, ""w_20"": 67.100098}"
480,AU3CB0228823,2022-04-04,0,factual,"{""w_0"": 69.7393827, ""w_1"": 68.8113924, ""w_2"": 68.05000150000001, ""w_3"": 67.26025105, ""w_4"": 68.12382818500001, ""w_5"": 67.93893337, ""w_6"": 66.894513875, ""w_7"": 66.70055109100001, ""w_8"": 67.16252505, ""w_9"": 67.57955231999999, ""w_10"": 67.90751475, ""w_11"": 67.54889492, ""w_12"": 68.03997516, ""w_13"": 68.36881407999999, ""w_14"": 68.15472825, ""w_15"": 68.17576062, ""w_16"": 67.74608309999999, ""w_17"": 67.4460084, ""w_18"": 67.06219956, ""w_19"": 67.386372, ""w_20"": 67.8094843}"
480,AU3CB0228823,2022-04-04,0,counterfactual,"{""w_0"": 66.177841, ""w_1"": 66.4646, ""w_2"": 66.540634, ""w_3"": 66.672729, ""w_4"": 66.531593, ""w_5"": 66.406639, ""w_6"": 66.633606, ""w_7"": 66.423935, ""w_8"": 66.520004, ""w_9"": 66.182648, ""w_10"": 66.628471, ""w_11"": 66.971596, ""w_12"": 67.246689, ""w_13"": 67.226685, ""w_14"": 67.256172, ""w_15"": 67.252495, ""w_16"": 67.226746, ""w_17"": 67.367744, ""w_18"": 67.195366, ""w_19"": 66.868843, ""w_20"": 67.230461}"
482,AU3CB0228823,2022-04-06,0,factual,"{""w_0"": 68.05000150000001, ""w_1"": 67.26025105, ""w_2"": 68.12382818500001, ""w_3"": 67.93893337, ""w_4"": 66.894513875, ""w_5"": 66.70055109100001, ""w_6"": 67.16252505, ""w_7"": 67.57955231999999, ""w_8"": 67.90751475, ""w_9"": 67.54889492, ""w_10"": 68.03997516, ""w_11"": 68.36881407999999, ""w_12"": 68.15472825, ""w_13"": 68.17576062, ""w_14"": 67.74608309999999, ""w_15"": 67.4460084, ""w_16"": 67.06219956, ""w_17"": 67.386372, ""w_18"": 67.8094843, ""w_19"": 68.36511616, ""w_20"": 69.04283468999999}"
482,AU3CB0228823,2022-04-06,0,counterfactual,"{""w_0"": 68.811394, ""w_1"": 68.050003, ""w_2"": 67.260254, ""w_3"": 68.123825, ""w_4"": 67.938934, ""w_5"": 66.894516, ""w_6"": 66.700554, ""w_7"": 67.162521, ""w_8"": 67.579552, ""w_9"": 67.907516, ""w_10"": 67.548897, ""w_11"": 68.039978, ""w_12"": 68.368813, ""w_13"": 68.154732, ""w_14"": 68.175758, ""w_15"": 67.746086, ""w_16"": 67.446007, ""w_17"": 67.062202, ""w_18"": 67.386375, ""w_19"": 67.809486, ""w_20"": 68.36512}"
483,AU3CB0228823,2022-04-07,0,factual,"{""w_0"": 67.26025105, ""w_1"": 68.12382818500001, ""w_2"": 67.93893337, ""w_3"": 66.894513875, ""w_4"": 66.70055109100001, ""w_5"": 67.16252505, ""w_6"": 67.57955231999999, ""w_7"": 67.90751475, ""w_8"": 67.54889492, ""w_9"": 68.03997516, ""w_10"": 68.36881407999999, ""w_11"": 68.15472825, ""w_12"": 68.17576062, ""w_13"": 67.74608309999999, ""w_14"": 67.4460084, ""w_15"": 67.06219956, ""w_16"": 67.386372, ""w_17"": 67.8094843, ""w_18"": 68.36511616, ""w_19"": 69.04283468999999, ""w_20"": 68.5033052}"
483,AU3CB0228823,2022-04-07,0,counterfactual,"{""w_0"": 68.811394, ""w_1"": 68.050003, ""w_2"": 67.260254, ""w_3"": 68.123825, ""w_4"": 67.938934, ""w_5"": 66.894516, ""w_6"": 66.700554, ""w_7"": 67.162521, ""w_8"": 67.579552, ""w_9"": 67.907516, ""w_10"": 67.548897, ""w_11"": 68.039978, ""w_12"": 68.368813, ""w_13"": 68.154732, ""w_14"": 68.175758, ""w_15"": 67.746086, ""w_16"": 67.446007, ""w_17"": 67.062202, ""w_18"": 67.386375, ""w_19"": 67.809486, ""w_20"": 68.36512}"
484,AU3CB0228823,2022-04-08,0,factual,"{""w_0"": 68.12382818500001, ""w_1"": 67.93893337, ""w_2"": 66.894513875, ""w_3"": 66.70055109100001, ""w_4"": 67.16252505, ""w_5"": 67.57955231999999, ""w_6"": 67.90751475, ""w_7"": 67.54889492, ""w_8"": 68.03997516, ""w_9"": 68.36881407999999, ""w_10"": 68.15472825, ""w_11"": 68.17576062, ""w_12"": 67.74608309999999, ""w_13"": 67.4460084, ""w_14"": 67.06219956, ""w_15"": 67.386372, ""w_16"": 67.8094843, ""w_17"": 68.36511616, ""w_18"": 69.04283468999999, ""w_19"": 68.5033052, ""w_20"": 68.483756055}"
484,AU3CB0228823,2022-04-08,0,counterfactual,"{""w_0"": 67.260254, ""w_1"": 68.123825, ""w_2"": 67.938934, ""w_3"": 66.894516, ""w_4"": 66.700554, ""w_5"": 67.162521, ""w_6"": 67.579552, ""w_7"": 67.907516, ""w_8"": 67.548897, ""w_9"": 68.039978, ""w_10"": 68.368813, ""w_11"": 68.154732, ""w_12"": 68.175758, ""w_13"": 67.746086, ""w_14"": 67.446007, ""w_15"": 67.062202, ""w_16"": 67.386375, ""w_17"": 67.809486, ""w_18"": 68.36512, ""w_19"": 69.042831, ""w_20"": 68.503304}"
485,AU3CB0228823,2022-04-11,0,factual,"{""w_0"": 67.93893337, ""w_1"": 66.894513875, ""w_2"": 66.70055109100001, ""w_3"": 67.16252505, ""w_4"": 67.57955231999999, ""w_5"": 67.90751475, ""w_6"": 67.54889492, ""w_7"": 68.03997516, ""w_8"": 68.36881407999999, ""w_9"": 68.15472825, ""w_10"": 68.17576062, ""w_11"": 67.74608309999999, ""w_12"": 67.4460084, ""w_13"": 67.06219956, ""w_14"": 67.386372, ""w_15"": 67.8094843, ""w_16"": 68.36511616, ""w_17"": 69.04283468999999, ""w_18"": 68.5033052, ""w_19"": 68.483756055, ""w_20"": 68.13859248}"
485,AU3CB0228823,2022-04-11,0,counterfactual,"{""w_0"": 68.123825, ""w_1"": 67.938934, ""w_2"": 66.894516, ""w_3"": 66.700554, ""w_4"": 67.162521, ""w_5"": 67.579552, ""w_6"": 67.907516, ""w_7"": 67.548897, ""w_8"": 68.039978, ""w_9"": 68.368813, ""w_10"": 68.154732, ""w_11"": 68.175758, ""w_12"": 67.746086, ""w_13"": 67.446007, ""w_14"": 67.062202, ""w_15"": 67.386375, ""w_16"": 67.809486, ""w_17"": 68.36512, ""w_18"": 69.042831, ""w_19"": 68.503304, ""w_20"": 68.483757}"
486,AU3CB0228823,2022-04-12,0,factual,"{""w_0"": 66.894513875, ""w_1"": 66.70055109100001, ""w_2"": 67.16252505, ""w_3"": 67.57955231999999, ""w_4"": 67.90751475, ""w_5"": 67.54889492, ""w_6"": 68.03997516, ""w_7"": 68.36881407999999, ""w_8"": 68.15472825, ""w_9"": 68.17576062, ""w_10"": 67.74608309999999, ""w_11"": 67.4460084, ""w_12"": 67.06219956, ""w_13"": 67.386372, ""w_14"": 67.8094843, ""w_15"": 68.36511616, ""w_16"": 69.04283468999999, ""w_17"": 68.5033052, ""w_18"": 68.483756055, ""w_19"": 68.13859248, ""w_20"": 67.98855267}"
486,AU3CB0228823,2022-04-12,0,counterfactual,"{""w_0"": 67.938934, ""w_1"": 66.894516, ""w_2"": 66.700554, ""w_3"": 67.162521, ""w_4"": 67.579552, ""w_5"": 67.907516, ""w_6"": 67.548897, ""w_7"": 68.039978, ""w_8"": 68.368813, ""w_9"": 68.154732, ""w_10"": 68.175758, ""w_11"": 67.746086, ""w_12"": 67.446007, ""w_13"": 67.062202, ""w_14"": 67.386375, ""w_15"": 67.809486, ""w_16"": 68.36512, ""w_17"": 69.042831, ""w_18"": 68.503304, ""w_19"": 68.483757, ""w_20"": 68.138596}"
487,AU3CB0228823,2022-04-13,0,factual,"{""w_0"": 66.70055109100001, ""w_1"": 67.16252505, ""w_2"": 67.57955231999999, ""w_3"": 67.90751475, ""w_4"": 67.54889492, ""w_5"": 68.03997516, ""w_6"": 68.36881407999999, ""w_7"": 68.15472825, ""w_8"": 68.17576062, ""w_9"": 67.74608309999999, ""w_10"": 67.4460084, ""w_11"": 67.06219956, ""w_12"": 67.386372, ""w_13"": 67.8094843, ""w_14"": 68.36511616, ""w_15"": 69.04283468999999, ""w_16"": 68.5033052, ""w_17"": 68.483756055, ""w_18"": 68.13859248, ""w_19"": 67.98855267, ""w_20"": 69.015811066}"
487,AU3CB0228823,2022-04-13,0,counterfactual,"{""w_0"": 67.938934, ""w_1"": 66.894516, ""w_2"": 66.700554, ""w_3"": 67.162521, ""w_4"": 67.579552, ""w_5"": 67.907516, ""w_6"": 67.548897, ""w_7"": 68.039978, ""w_8"": 68.368813, ""w_9"": 68.154732, ""w_10"": 68.175758, ""w_11"": 67.746086, ""w_12"": 67.446007, ""w_13"": 67.062202, ""w_14"": 67.386375, ""w_15"": 67.809486, ""w_16"": 68.36512, ""w_17"": 69.042831, ""w_18"": 68.503304, ""w_19"": 68.483757, ""w_20"": 68.138596}"
498,AU3CB0228823,2022-04-28,0,factual,"{""w_0"": 67.06219956, ""w_1"": 67.386372, ""w_2"": 67.8094843, ""w_3"": 68.36511616, ""w_4"": 69.04283468999999, ""w_5"": 68.5033052, ""w_6"": 68.483756055, ""w_7"": 68.13859248, ""w_8"": 67.98855267, ""w_9"": 69.015811066, ""w_10"": 68.38923129999999, ""w_11"": 68.330109416, ""w_12"": 68.2776776952, ""w_13"": 67.94195848, ""w_14"": 68.12149105499999, ""w_15"": 68.02224207, ""w_16"": 67.0632343, ""w_17"": 66.05146192500001, ""w_18"": 66.32807964, ""w_19"": 66.29565766, ""w_20"": 66.459741135}"
498,AU3CB0228823,2022-04-28,0,counterfactual,"{""w_0"": 68.811394, ""w_1"": 68.050003, ""w_2"": 67.260254, ""w_3"": 68.123825, ""w_4"": 67.938934, ""w_5"": 66.894516, ""w_6"": 66.700554, ""w_7"": 67.162521, ""w_8"": 67.579552, ""w_9"": 67.907516, ""w_10"": 67.548897, ""w_11"": 68.039978, ""w_12"": 68.368813, ""w_13"": 68.154732, ""w_14"": 68.175758, ""w_15"": 67.746086, ""w_16"": 67.446007, ""w_17"": 67.062202, ""w_18"": 67.386375, ""w_19"": 67.809486, ""w_20"": 68.36512}"
488,AU3CB0228823,2022-04-14,0,factual,"{""w_0"": 67.16252505, ""w_1"": 67.57955231999999, ""w_2"": 67.90751475, ""w_3"": 67.54889492, ""w_4"": 68.03997516, ""w_5"": 68.36881407999999, ""w_6"": 68.15472825, ""w_7"": 68.17576062, ""w_8"": 67.74608309999999, ""w_9"": 67.4460084, ""w_10"": 67.06219956, ""w_11"": 67.386372, ""w_12"": 67.8094843, ""w_13"": 68.36511616, ""w_14"": 69.04283468999999, ""w_15"": 68.5033052, ""w_16"": 68.483756055, ""w_17"": 68.13859248, ""w_18"": 67.98855267, ""w_19"": 69.015811066, ""w_20"": 68.38923129999999}"
488,AU3CB0228823,2022-04-14,0,counterfactual,"{""w_0"": 67.565308, ""w_1"": 68.225929, ""w_2"": 69.73938, ""w_3"": 68.811394, ""w_4"": 68.050003, ""w_5"": 67.260254, ""w_6"": 68.123825, ""w_7"": 67.938934, ""w_8"": 66.894516, ""w_9"": 66.700554, ""w_10"": 67.162521, ""w_11"": 67.579552, ""w_12"": 67.907516, ""w_13"": 67.548897, ""w_14"": 68.039978, ""w_15"": 68.368813, ""w_16"": 68.154732, ""w_17"": 68.175758, ""w_18"": 67.746086, ""w_19"": 67.446007, ""w_20"": 67.062202}"
490,AU3CB0228823,2022-04-18,0,factual,"{""w_0"": 67.90751475, ""w_1"": 67.54889492, ""w_2"": 68.03997516, ""w_3"": 68.36881407999999, ""w_4"": 68.15472825, ""w_5"": 68.17576062, ""w_6"": 67.74608309999999, ""w_7"": 67.4460084, ""w_8"": 67.06219956, ""w_9"": 67.386372, ""w_10"": 67.8094843, ""w_11"": 68.36511616, ""w_12"": 69.04283468999999, ""w_13"": 68.5033052, ""w_14"": 68.483756055, ""w_15"": 68.13859248, ""w_16"": 67.98855267, ""w_17"": 69.015811066, ""w_18"": 68.38923129999999, ""w_19"": 68.330109416, ""w_20"": 68.2776776952}"
490,AU3CB0228823,2022-04-18,0,counterfactual,"{""w_0"": 68.050003, ""w_1"": 67.260254, ""w_2"": 68.123825, ""w_3"": 67.938934, ""w_4"": 66.894516, ""w_5"": 66.700554, ""w_6"": 67.162521, ""w_7"": 67.579552, ""w_8"": 67.907516, ""w_9"": 67.548897, ""w_10"": 68.039978, ""w_11"": 68.368813, ""w_12"": 68.154732, ""w_13"": 68.175758, ""w_14"": 67.746086, ""w_15"": 67.446007, ""w_16"": 67.062202, ""w_17"": 67.386375, ""w_18"": 67.809486, ""w_19"": 68.36512, ""w_20"": 69.042831}"
489,AU3CB0228823,2022-04-15,0,factual,"{""w_0"": 67.57955231999999, ""w_1"": 67.90751475, ""w_2"": 67.54889492, ""w_3"": 68.03997516, ""w_4"": 68.36881407999999, ""w_5"": 68.15472825, ""w_6"": 68.17576062, ""w_7"": 67.74608309999999, ""w_8"": 67.4460084, ""w_9"": 67.06219956, ""w_10"": 67.386372, ""w_11"": 67.8094843, ""w_12"": 68.36511616, ""w_13"": 69.04283468999999, ""w_14"": 68.5033052, ""w_15"": 68.483756055, ""w_16"": 68.13859248, ""w_17"": 67.98855267, ""w_18"": 69.015811066, ""w_19"": 68.38923129999999, ""w_20"": 68.330109416}"
489,AU3CB0228823,2022-04-15,0,counterfactual,"{""w_0"": 67.162521, ""w_1"": 67.579552, ""w_2"": 67.907516, ""w_3"": 67.548897, ""w_4"": 68.039978, ""w_5"": 68.368813, ""w_6"": 68.154732, ""w_7"": 68.175758, ""w_8"": 67.746086, ""w_9"": 67.446007, ""w_10"": 67.062202, ""w_11"": 67.386375, ""w_12"": 67.809486, ""w_13"": 68.36512, ""w_14"": 69.042831, ""w_15"": 68.503304, ""w_16"": 68.483757, ""w_17"": 68.138596, ""w_18"": 67.988556, ""w_19"": 69.015808, ""w_20"": 68.389229}"
491,AU3CB0228823,2022-04-19,0,factual,"{""w_0"": 67.54889492, ""w_1"": 68.03997516, ""w_2"": 68.36881407999999, ""w_3"": 68.15472825, ""w_4"": 68.17576062, ""w_5"": 67.74608309999999, ""w_6"": 67.4460084, ""w_7"": 67.06219956, ""w_8"": 67.386372, ""w_9"": 67.8094843, ""w_10"": 68.36511616, ""w_11"": 69.04283468999999, ""w_12"": 68.5033052, ""w_13"": 68.483756055, ""w_14"": 68.13859248, ""w_15"": 67.98855267, ""w_16"": 69.015811066, ""w_17"": 68.38923129999999, ""w_18"": 68.330109416, ""w_19"": 68.2776776952, ""w_20"": 67.94195848}"
491,AU3CB0228823,2022-04-19,0,counterfactual,"{""w_0"": 68.811394, ""w_1"": 68.050003, ""w_2"": 67.260254, ""w_3"": 68.123825, ""w_4"": 67.938934, ""w_5"": 66.894516, ""w_6"": 66.700554, ""w_7"": 67.162521, ""w_8"": 67.579552, ""w_9"": 67.907516, ""w_10"": 67.548897, ""w_11"": 68.039978, ""w_12"": 68.368813, ""w_13"": 68.154732, ""w_14"": 68.175758, ""w_15"": 67.746086, ""w_16"": 67.446007, ""w_17"": 67.062202, ""w_18"": 67.386375, ""w_19"": 67.809486, ""w_20"": 68.36512}"
492,AU3CB0228823,2022-04-20,0,factual,"{""w_0"": 68.03997516, ""w_1"": 68.36881407999999, ""w_2"": 68.15472825, ""w_3"": 68.17576062, ""w_4"": 67.74608309999999, ""w_5"": 67.4460084, ""w_6"": 67.06219956, ""w_7"": 67.386372, ""w_8"": 67.8094843, ""w_9"": 68.36511616, ""w_10"": 69.04283468999999, ""w_11"": 68.5033052, ""w_12"": 68.483756055, ""w_13"": 68.13859248, ""w_14"": 67.98855267, ""w_15"": 69.015811066, ""w_16"": 68.38923129999999, ""w_17"": 68.330109416, ""w_18"": 68.2776776952, ""w_19"": 67.94195848, ""w_20"": 68.12149105499999}"
492,AU3CB0228823,2022-04-20,0,counterfactual,"{""w_0"": 67.548897, ""w_1"": 68.039978, ""w_2"": 68.368813, ""w_3"": 68.154732, ""w_4"": 68.175758, ""w_5"": 67.746086, ""w_6"": 67.446007, ""w_7"": 67.062202, ""w_8"": 67.386375, ""w_9"": 67.809486, ""w_10"": 68.36512, ""w_11"": 69.042831, ""w_12"": 68.503304, ""w_13"": 68.483757, ""w_14"": 68.138596, ""w_15"": 67.988556, ""w_16"": 69.015808, ""w_17"": 68.389229, ""w_18"": 68.330109, ""w_19"": 68.277679, ""w_20"": 67.941956}"
493,AU3CB0228823,2022-04-21,0,factual,"{""w_0"": 68.36881407999999, ""w_1"": 68.15472825, ""w_2"": 68.17576062, ""w_3"": 67.74608309999999, ""w_4"": 67.4460084, ""w_5"": 67.06219956, ""w_6"": 67.386372, ""w_7"": 67.8094843, ""w_8"": 68.36511616, ""w_9"": 69.04283468999999, ""w_10"": 68.5033052, ""w_11"": 68.483756055, ""w_12"": 68.13859248, ""w_13"": 67.98855267, ""w_14"": 69.015811066, ""w_15"": 68.38923129999999, ""w_16"": 68.330109416, ""w_17"": 68.2776776952, ""w_18"": 67.94195848, ""w_19"": 68.12149105499999, ""w_20"": 68.02224207}"
493,AU3CB0228823,2022-04-21,0,counterfactual,"{""w_0"": 67.548897, ""w_1"": 68.039978, ""w_2"": 68.368813, ""w_3"": 68.154732, ""w_4"": 68.175758, ""w_5"": 67.746086, ""w_6"": 67.446007, ""w_7"": 67.062202, ""w_8"": 67.386375, ""w_9"": 67.809486, ""w_10"": 68.36512, ""w_11"": 69.042831, ""w_12"": 68.503304, ""w_13"": 68.483757, ""w_14"": 68.138596, ""w_15"": 67.988556, ""w_16"": 69.015808, ""w_17"": 68.389229, ""w_18"": 68.330109, ""w_19"": 68.277679, ""w_20"": 67.941956}"
494,AU3CB0228823,2022-04-22,0,factual,"{""w_0"": 68.15472825, ""w_1"": 68.17576062, ""w_2"": 67.74608309999999, ""w_3"": 67.4460084, ""w_4"": 67.06219956, ""w_5"": 67.386372, ""w_6"": 67.8094843, ""w_7"": 68.36511616, ""w_8"": 69.04283468999999, ""w_9"": 68.5033052, ""w_10"": 68.483756055, ""w_11"": 68.13859248, ""w_12"": 67.98855267, ""w_13"": 69.015811066, ""w_14"": 68.38923129999999, ""w_15"": 68.330109416, ""w_16"": 68.2776776952, ""w_17"": 67.94195848, ""w_18"": 68.12149105499999, ""w_19"": 68.02224207, ""w_20"": 67.0632343}"
494,AU3CB0228823,2022-04-22,0,counterfactual,"{""w_0"": 68.039978, ""w_1"": 68.368813, ""w_2"": 68.154732, ""w_3"": 68.175758, ""w_4"": 67.746086, ""w_5"": 67.446007, ""w_6"": 67.062202, ""w_7"": 67.386375, ""w_8"": 67.809486, ""w_9"": 68.36512, ""w_10"": 69.042831, ""w_11"": 68.503304, ""w_12"": 68.483757, ""w_13"": 68.138596, ""w_14"": 67.988556, ""w_15"": 69.015808, ""w_16"": 68.389229, ""w_17"": 68.330109, ""w_18"": 68.277679, ""w_19"": 67.941956, ""w_20"": 68.12149}"
501,AU3CB0228823,2022-05-03,0,factual,"{""w_0"": 68.36511616, ""w_1"": 69.04283468999999, ""w_2"": 68.5033052, ""w_3"": 68.483756055, ""w_4"": 68.13859248, ""w_5"": 67.98855267, ""w_6"": 69.015811066, ""w_7"": 68.38923129999999, ""w_8"": 68.330109416, ""w_9"": 68.2776776952, ""w_10"": 67.94195848, ""w_11"": 68.12149105499999, ""w_12"": 68.02224207, ""w_13"": 67.0632343, ""w_14"": 66.05146192500001, ""w_15"": 66.32807964, ""w_16"": 66.29565766, ""w_17"": 66.459741135, ""w_18"": 66.45091579999999, ""w_19"": 65.841017025, ""w_20"": 65.54958048}"
501,AU3CB0228823,2022-05-03,0,counterfactual,"{""w_0"": 67.386375, ""w_1"": 67.809486, ""w_2"": 68.36512, ""w_3"": 69.042831, ""w_4"": 68.503304, ""w_5"": 68.483757, ""w_6"": 68.138596, ""w_7"": 67.988556, ""w_8"": 69.015808, ""w_9"": 68.389229, ""w_10"": 68.330109, ""w_11"": 68.277679, ""w_12"": 67.941956, ""w_13"": 68.12149, ""w_14"": 68.02224, ""w_15"": 67.063232, ""w_16"": 66.05146, ""w_17"": 66.328079, ""w_18"": 66.295654, ""w_19"": 66.45974, ""w_20"": 66.450912}"
502,AU3CB0228823,2022-05-04,0,factual,"{""w_0"": 69.04283468999999, ""w_1"": 68.5033052, ""w_2"": 68.483756055, ""w_3"": 68.13859248, ""w_4"": 67.98855267, ""w_5"": 69.015811066, ""w_6"": 68.38923129999999, ""w_7"": 68.330109416, ""w_8"": 68.2776776952, ""w_9"": 67.94195848, ""w_10"": 68.12149105499999, ""w_11"": 68.02224207, ""w_12"": 67.0632343, ""w_13"": 66.05146192500001, ""w_14"": 66.32807964, ""w_15"": 66.29565766, ""w_16"": 66.459741135, ""w_17"": 66.45091579999999, ""w_18"": 65.841017025, ""w_19"": 65.54958048, ""w_20"": 65.74396784999999}"
502,AU3CB0228823,2022-05-04,0,counterfactual,"{""w_0"": 67.386375, ""w_1"": 67.809486, ""w_2"": 68.36512, ""w_3"": 69.042831, ""w_4"": 68.503304, ""w_5"": 68.483757, ""w_6"": 68.138596, ""w_7"": 67.988556, ""w_8"": 69.015808, ""w_9"": 68.389229, ""w_10"": 68.330109, ""w_11"": 68.277679, ""w_12"": 67.941956, ""w_13"": 68.12149, ""w_14"": 68.02224, ""w_15"": 67.063232, ""w_16"": 66.05146, ""w_17"": 66.328079, ""w_18"": 66.295654, ""w_19"": 66.45974, ""w_20"": 66.450912}"
495,AU3CB0228823,2022-04-25,0,factual,"{""w_0"": 68.17576062, ""w_1"": 67.74608309999999, ""w_2"": 67.4460084, ""w_3"": 67.06219956, ""w_4"": 67.386372, ""w_5"": 67.8094843, ""w_6"": 68.36511616, ""w_7"": 69.04283468999999, ""w_8"": 68.5033052, ""w_9"": 68.483756055, ""w_10"": 68.13859248, ""w_11"": 67.98855267, ""w_12"": 69.015811066, ""w_13"": 68.38923129999999, ""w_14"": 68.330109416, ""w_15"": 68.2776776952, ""w_16"": 67.94195848, ""w_17"": 68.12149105499999, ""w_18"": 68.02224207, ""w_19"": 67.0632343, ""w_20"": 66.05146192500001}"
495,AU3CB0228823,2022-04-25,0,counterfactual,"{""w_0"": 68.123825, ""w_1"": 67.938934, ""w_2"": 66.894516, ""w_3"": 66.700554, ""w_4"": 67.162521, ""w_5"": 67.579552, ""w_6"": 67.907516, ""w_7"": 67.548897, ""w_8"": 68.039978, ""w_9"": 68.368813, ""w_10"": 68.154732, ""w_11"": 68.175758, ""w_12"": 67.746086, ""w_13"": 67.446007, ""w_14"": 67.062202, ""w_15"": 67.386375, ""w_16"": 67.809486, ""w_17"": 68.36512, ""w_18"": 69.042831, ""w_19"": 68.503304, ""w_20"": 68.483757}"
496,AU3CB0228823,2022-04-26,0,factual,"{""w_0"": 67.74608309999999, ""w_1"": 67.4460084, ""w_2"": 67.06219956, ""w_3"": 67.386372, ""w_4"": 67.8094843, ""w_5"": 68.36511616, ""w_6"": 69.04283468999999, ""w_7"": 68.5033052, ""w_8"": 68.483756055, ""w_9"": 68.13859248, ""w_10"": 67.98855267, ""w_11"": 69.015811066, ""w_12"": 68.38923129999999, ""w_13"": 68.330109416, ""w_14"": 68.2776776952, ""w_15"": 67.94195848, ""w_16"": 68.12149105499999, ""w_17"": 68.02224207, ""w_18"": 67.0632343, ""w_19"": 66.05146192500001, ""w_20"": 66.32807964}"
496,AU3CB0228823,2022-04-26,0,counterfactual,"{""w_0"": 67.938934, ""w_1"": 66.894516, ""w_2"": 66.700554, ""w_3"": 67.162521, ""w_4"": 67.579552, ""w_5"": 67.907516, ""w_6"": 67.548897, ""w_7"": 68.039978, ""w_8"": 68.368813, ""w_9"": 68.154732, ""w_10"": 68.175758, ""w_11"": 67.746086, ""w_12"": 67.446007, ""w_13"": 67.062202, ""w_14"": 67.386375, ""w_15"": 67.809486, ""w_16"": 68.36512, ""w_17"": 69.042831, ""w_18"": 68.503304, ""w_19"": 68.483757, ""w_20"": 68.138596}"
497,AU3CB0228823,2022-04-27,0,factual,"{""w_0"": 67.4460084, ""w_1"": 67.06219956, ""w_2"": 67.386372, ""w_3"": 67.8094843, ""w_4"": 68.36511616, ""w_5"": 69.04283468999999, ""w_6"": 68.5033052, ""w_7"": 68.483756055, ""w_8"": 68.13859248, ""w_9"": 67.98855267, ""w_10"": 69.015811066, ""w_11"": 68.38923129999999, ""w_12"": 68.330109416, ""w_13"": 68.2776776952, ""w_14"": 67.94195848, ""w_15"": 68.12149105499999, ""w_16"": 68.02224207, ""w_17"": 67.0632343, ""w_18"": 66.05146192500001, ""w_19"": 66.32807964, ""w_20"": 66.29565766}"
497,AU3CB0228823,2022-04-27,0,counterfactual,"{""w_0"": 67.746086, ""w_1"": 67.446007, ""w_2"": 67.062202, ""w_3"": 67.386375, ""w_4"": 67.809486, ""w_5"": 68.36512, ""w_6"": 69.042831, ""w_7"": 68.503304, ""w_8"": 68.483757, ""w_9"": 68.138596, ""w_10"": 67.988556, ""w_11"": 69.015808, ""w_12"": 68.389229, ""w_13"": 68.330109, ""w_14"": 68.277679, ""w_15"": 67.941956, ""w_16"": 68.12149, ""w_17"": 68.02224, ""w_18"": 67.063232, ""w_19"": 66.05146, ""w_20"": 66.328079}"
503,AU3CB0228823,2022-05-05,0,factual,"{""w_0"": 68.5033052, ""w_1"": 68.483756055, ""w_2"": 68.13859248, ""w_3"": 67.98855267, ""w_4"": 69.015811066, ""w_5"": 68.38923129999999, ""w_6"": 68.330109416, ""w_7"": 68.2776776952, ""w_8"": 67.94195848, ""w_9"": 68.12149105499999, ""w_10"": 68.02224207, ""w_11"": 67.0632343, ""w_12"": 66.05146192500001, ""w_13"": 66.32807964, ""w_14"": 66.29565766, ""w_15"": 66.459741135, ""w_16"": 66.45091579999999, ""w_17"": 65.841017025, ""w_18"": 65.54958048, ""w_19"": 65.74396784999999, ""w_20"": 66.70966505}"
503,AU3CB0228823,2022-05-05,0,counterfactual,"{""w_0"": 69.042831, ""w_1"": 68.503304, ""w_2"": 68.483757, ""w_3"": 68.138596, ""w_4"": 67.988556, ""w_5"": 69.015808, ""w_6"": 68.389229, ""w_7"": 68.330109, ""w_8"": 68.277679, ""w_9"": 67.941956, ""w_10"": 68.12149, ""w_11"": 68.02224, ""w_12"": 67.063232, ""w_13"": 66.05146, ""w_14"": 66.328079, ""w_15"": 66.295654, ""w_16"": 66.45974, ""w_17"": 66.450912, ""w_18"": 65.841019, ""w_19"": 65.549583, ""w_20"": 65.743965}"
504,AU3CB0228823,2022-05-06,0,factual,"{""w_0"": 68.483756055, ""w_1"": 68.13859248, ""w_2"": 67.98855267, ""w_3"": 69.015811066, ""w_4"": 68.38923129999999, ""w_5"": 68.330109416, ""w_6"": 68.2776776952, ""w_7"": 67.94195848, ""w_8"": 68.12149105499999, ""w_9"": 68.02224207, ""w_10"": 67.0632343, ""w_11"": 66.05146192500001, ""w_12"": 66.32807964, ""w_13"": 66.29565766, ""w_14"": 66.459741135, ""w_15"": 66.45091579999999, ""w_16"": 65.841017025, ""w_17"": 65.54958048, ""w_18"": 65.74396784999999, ""w_19"": 66.70966505, ""w_20"": 65.93693809999999}"
504,AU3CB0228823,2022-05-06,0,counterfactual,"{""w_0"": 68.503304, ""w_1"": 68.483757, ""w_2"": 68.138596, ""w_3"": 67.988556, ""w_4"": 69.015808, ""w_5"": 68.389229, ""w_6"": 68.330109, ""w_7"": 68.277679, ""w_8"": 67.941956, ""w_9"": 68.12149, ""w_10"": 68.02224, ""w_11"": 67.063232, ""w_12"": 66.05146, ""w_13"": 66.328079, ""w_14"": 66.295654, ""w_15"": 66.45974, ""w_16"": 66.450912, ""w_17"": 65.841019, ""w_18"": 65.549583, ""w_19"": 65.743965, ""w_20"": 66.709663}"
507,AU3CB0228823,2022-05-11,0,factual,"{""w_0"": 69.015811066, ""w_1"": 68.38923129999999, ""w_2"": 68.330109416, ""w_3"": 68.2776776952, ""w_4"": 67.94195848, ""w_5"": 68.12149105499999, ""w_6"": 68.02224207, ""w_7"": 67.0632343, ""w_8"": 66.05146192500001, ""w_9"": 66.32807964, ""w_10"": 66.29565766, ""w_11"": 66.459741135, ""w_12"": 66.45091579999999, ""w_13"": 65.841017025, ""w_14"": 65.54958048, ""w_15"": 65.74396784999999, ""w_16"": 66.70966505, ""w_17"": 65.93693809999999, ""w_18"": 65.43498305, ""w_19"": 64.4800499, ""w_20"": 64.41617286}"
507,AU3CB0228823,2022-05-11,0,counterfactual,"{""w_0"": 67.988556, ""w_1"": 69.015808, ""w_2"": 68.389229, ""w_3"": 68.330109, ""w_4"": 68.277679, ""w_5"": 67.941956, ""w_6"": 68.12149, ""w_7"": 68.02224, ""w_8"": 67.063232, ""w_9"": 66.05146, ""w_10"": 66.328079, ""w_11"": 66.295654, ""w_12"": 66.45974, ""w_13"": 66.450912, ""w_14"": 65.841019, ""w_15"": 65.549583, ""w_16"": 65.743965, ""w_17"": 66.709663, ""w_18"": 65.936935, ""w_19"": 65.434982, ""w_20"": 64.480049}"
509,AU3CB0228823,2022-05-13,0,factual,"{""w_0"": 68.330109416, ""w_1"": 68.2776776952, ""w_2"": 67.94195848, ""w_3"": 68.12149105499999, ""w_4"": 68.02224207, ""w_5"": 67.0632343, ""w_6"": 66.05146192500001, ""w_7"": 66.32807964, ""w_8"": 66.29565766, ""w_9"": 66.459741135, ""w_10"": 66.45091579999999, ""w_11"": 65.841017025, ""w_12"": 65.54958048, ""w_13"": 65.74396784999999, ""w_14"": 66.70966505, ""w_15"": 65.93693809999999, ""w_16"": 65.43498305, ""w_17"": 64.4800499, ""w_18"": 64.41617286, ""w_19"": 64.86374731, ""w_20"": 65.141131}"
509,AU3CB0228823,2022-05-13,0,counterfactual,"{""w_0"": 68.389229, ""w_1"": 68.330109, ""w_2"": 68.277679, ""w_3"": 67.941956, ""w_4"": 68.12149, ""w_5"": 68.02224, ""w_6"": 67.063232, ""w_7"": 66.05146, ""w_8"": 66.328079, ""w_9"": 66.295654, ""w_10"": 66.45974, ""w_11"": 66.450912, ""w_12"": 65.841019, ""w_13"": 65.549583, ""w_14"": 65.743965, ""w_15"": 66.709663, ""w_16"": 65.936935, ""w_17"": 65.434982, ""w_18"": 64.480049, ""w_19"": 64.416176, ""w_20"": 64.863747}"
508,AU3CB0228823,2022-05-12,0,factual,"{""w_0"": 68.38923129999999, ""w_1"": 68.330109416, ""w_2"": 68.2776776952, ""w_3"": 67.94195848, ""w_4"": 68.12149105499999, ""w_5"": 68.02224207, ""w_6"": 67.0632343, ""w_7"": 66.05146192500001, ""w_8"": 66.32807964, ""w_9"": 66.29565766, ""w_10"": 66.459741135, ""w_11"": 66.45091579999999, ""w_12"": 65.841017025, ""w_13"": 65.54958048, ""w_14"": 65.74396784999999, ""w_15"": 66.70966505, ""w_16"": 65.93693809999999, ""w_17"": 65.43498305, ""w_18"": 64.4800499, ""w_19"": 64.41617286, ""w_20"": 64.86374731}"
508,AU3CB0228823,2022-05-12,0,counterfactual,"{""w_0"": 67.256172, ""w_1"": 67.252495, ""w_2"": 67.226746, ""w_3"": 67.367744, ""w_4"": 67.195366, ""w_5"": 66.868843, ""w_6"": 67.230461, ""w_7"": 66.83638, ""w_8"": 66.400101, ""w_9"": 66.205566, ""w_10"": 66.357506, ""w_11"": 66.495087, ""w_12"": 66.724876, ""w_13"": 66.50412, ""w_14"": 66.062019, ""w_15"": 65.932983, ""w_16"": 66.138054, ""w_17"": 66.241371, ""w_18"": 66.518539, ""w_19"": 66.056473, ""w_20"": 65.656403}"
510,AU3CB0228823,2022-05-16,0,factual,"{""w_0"": 68.2776776952, ""w_1"": 67.94195848, ""w_2"": 68.12149105499999, ""w_3"": 68.02224207, ""w_4"": 67.0632343, ""w_5"": 66.05146192500001, ""w_6"": 66.32807964, ""w_7"": 66.29565766, ""w_8"": 66.459741135, ""w_9"": 66.45091579999999, ""w_10"": 65.841017025, ""w_11"": 65.54958048, ""w_12"": 65.74396784999999, ""w_13"": 66.70966505, ""w_14"": 65.93693809999999, ""w_15"": 65.43498305, ""w_16"": 64.4800499, ""w_17"": 64.41617286, ""w_18"": 64.86374731, ""w_19"": 65.141131, ""w_20"": 65.7252099}"
510,AU3CB0228823,2022-05-16,0,counterfactual,"{""w_0"": 67.195366, ""w_1"": 66.868843, ""w_2"": 67.230461, ""w_3"": 66.83638, ""w_4"": 66.400101, ""w_5"": 66.205566, ""w_6"": 66.357506, ""w_7"": 66.495087, ""w_8"": 66.724876, ""w_9"": 66.50412, ""w_10"": 66.062019, ""w_11"": 65.932983, ""w_12"": 66.138054, ""w_13"": 66.241371, ""w_14"": 66.518539, ""w_15"": 66.056473, ""w_16"": 65.656403, ""w_17"": 65.781143, ""w_18"": 65.779472, ""w_19"": 65.612427, ""w_20"": 65.27684}"
511,AU3CB0228823,2022-05-17,0,factual,"{""w_0"": 67.94195848, ""w_1"": 68.12149105499999, ""w_2"": 68.02224207, ""w_3"": 67.0632343, ""w_4"": 66.05146192500001, ""w_5"": 66.32807964, ""w_6"": 66.29565766, ""w_7"": 66.459741135, ""w_8"": 66.45091579999999, ""w_9"": 65.841017025, ""w_10"": 65.54958048, ""w_11"": 65.74396784999999, ""w_12"": 66.70966505, ""w_13"": 65.93693809999999, ""w_14"": 65.43498305, ""w_15"": 64.4800499, ""w_16"": 64.41617286, ""w_17"": 64.86374731, ""w_18"": 65.141131, ""w_19"": 65.7252099, ""w_20"": 65.52401633999999}"
511,AU3CB0228823,2022-05-17,0,counterfactual,"{""w_0"": 68.277679, ""w_1"": 67.941956, ""w_2"": 68.12149, ""w_3"": 68.02224, ""w_4"": 67.063232, ""w_5"": 66.05146, ""w_6"": 66.328079, ""w_7"": 66.295654, ""w_8"": 66.45974, ""w_9"": 66.450912, ""w_10"": 65.841019, ""w_11"": 65.549583, ""w_12"": 65.743965, ""w_13"": 66.709663, ""w_14"": 65.936935, ""w_15"": 65.434982, ""w_16"": 64.480049, ""w_17"": 64.416176, ""w_18"": 64.863747, ""w_19"": 65.141129, ""w_20"": 65.725212}"
512,AU3CB0228823,2022-05-18,0,factual,"{""w_0"": 68.12149105499999, ""w_1"": 68.02224207, ""w_2"": 67.0632343, ""w_3"": 66.05146192500001, ""w_4"": 66.32807964, ""w_5"": 66.29565766, ""w_6"": 66.459741135, ""w_7"": 66.45091579999999, ""w_8"": 65.841017025, ""w_9"": 65.54958048, ""w_10"": 65.74396784999999, ""w_11"": 66.70966505, ""w_12"": 65.93693809999999, ""w_13"": 65.43498305, ""w_14"": 64.4800499, ""w_15"": 64.41617286, ""w_16"": 64.86374731, ""w_17"": 65.141131, ""w_18"": 65.7252099, ""w_19"": 65.52401633999999, ""w_20"": 65.52081392999999}"
512,AU3CB0228823,2022-05-18,0,counterfactual,"{""w_0"": 67.230461, ""w_1"": 66.83638, ""w_2"": 66.400101, ""w_3"": 66.205566, ""w_4"": 66.357506, ""w_5"": 66.495087, ""w_6"": 66.724876, ""w_7"": 66.50412, ""w_8"": 66.062019, ""w_9"": 65.932983, ""w_10"": 66.138054, ""w_11"": 66.241371, ""w_12"": 66.518539, ""w_13"": 66.056473, ""w_14"": 65.656403, ""w_15"": 65.781143, ""w_16"": 65.779472, ""w_17"": 65.612427, ""w_18"": 65.27684, ""w_19"": 65.5224, ""w_20"": 65.902901}"
515,AU3CB0228823,2022-05-23,0,factual,"{""w_0"": 66.05146192500001, ""w_1"": 66.32807964, ""w_2"": 66.29565766, ""w_3"": 66.459741135, ""w_4"": 66.45091579999999, ""w_5"": 65.841017025, ""w_6"": 65.54958048, ""w_7"": 65.74396784999999, ""w_8"": 66.70966505, ""w_9"": 65.93693809999999, ""w_10"": 65.43498305, ""w_11"": 64.4800499, ""w_12"": 64.41617286, ""w_13"": 64.86374731, ""w_14"": 65.141131, ""w_15"": 65.7252099, ""w_16"": 65.52401633999999, ""w_17"": 65.52081392999999, ""w_18"": 65.50119205499999, ""w_19"": 65.73304575, ""w_20"": 65.82080988999999}"
515,AU3CB0228823,2022-05-23,0,counterfactual,"{""w_0"": 65.612427, ""w_1"": 65.27684, ""w_2"": 65.5224, ""w_3"": 65.902901, ""w_4"": 65.545174, ""w_5"": 64.651939, ""w_6"": 63.978142, ""w_7"": 64.299431, ""w_8"": 64.652863, ""w_9"": 64.656586, ""w_10"": 64.486198, ""w_11"": 64.556046, ""w_12"": 64.625145, ""w_13"": 64.654808, ""w_14"": 65.020988, ""w_15"": 64.973564, ""w_16"": 65.132904, ""w_17"": 65.131508, ""w_18"": 65.396782, ""w_19"": 65.648552, ""w_20"": 65.653717}"
518,AU3CB0258465,2021-05-31,0,factual,"{""w_0"": 68.66061995999999, ""w_1"": 68.80992544, ""w_2"": 68.659441275, ""w_3"": 69.03785752499999, ""w_4"": 69.03383652000001, ""w_5"": 69.05961048, ""w_6"": 69.06134812500001, ""w_7"": 69.00427018, ""w_8"": 68.43179672000001, ""w_9"": 68.3665662, ""w_10"": 68.43992796, ""w_11"": 68.34440670000001, ""w_12"": 68.06110752, ""w_13"": 67.7521202, ""w_14"": 67.8899484, ""w_15"": 67.7771021565, ""w_16"": 67.81135272, ""w_17"": 67.59680166, ""w_18"": 67.80327493499999, ""w_19"": 67.78281735, ""w_20"": 67.49189918}"
518,AU3CB0258465,2021-05-31,0,counterfactual,"{""w_0"": 70.2554, ""w_1"": 69.38632, ""w_2"": 68.89543, ""w_3"": 69.26505, ""w_4"": 69.47765, ""w_5"": 69.03961, ""w_6"": 69.10498, ""w_7"": 69.27147, ""w_8"": 69.2468, ""w_9"": 69.55349, ""w_10"": 69.56648, ""w_11"": 69.65044, ""w_12"": 69.64264, ""w_13"": 69.71513, ""w_14"": 69.8409, ""w_15"": 69.89421, ""w_16"": 69.77097, ""w_17"": 69.72189, ""w_18"": 69.64819, ""w_19"": 68.93429, ""w_20"": 68.93297}"
519,AU3CB0258465,2021-06-01,0,factual,"{""w_0"": 68.80992544, ""w_1"": 68.659441275, ""w_2"": 69.03785752499999, ""w_3"": 69.03383652000001, ""w_4"": 69.05961048, ""w_5"": 69.06134812500001, ""w_6"": 69.00427018, ""w_7"": 68.43179672000001, ""w_8"": 68.3665662, ""w_9"": 68.43992796, ""w_10"": 68.34440670000001, ""w_11"": 68.06110752, ""w_12"": 67.7521202, ""w_13"": 67.8899484, ""w_14"": 67.7771021565, ""w_15"": 67.81135272, ""w_16"": 67.59680166, ""w_17"": 67.80327493499999, ""w_18"": 67.78281735, ""w_19"": 67.49189918, ""w_20"": 67.56808755}"
519,AU3CB0258465,2021-06-01,0,counterfactual,"{""w_0"": 68.66062, ""w_1"": 68.80993, ""w_2"": 68.65944, ""w_3"": 69.03786, ""w_4"": 69.03384, ""w_5"": 69.05961, ""w_6"": 69.06135, ""w_7"": 69.00427, ""w_8"": 68.43179, ""w_9"": 68.36657, ""w_10"": 68.43993, ""w_11"": 68.34441, ""w_12"": 68.0611, ""w_13"": 67.75212, ""w_14"": 67.88995, ""w_15"": 67.7771, ""w_16"": 67.81136, ""w_17"": 67.5968, ""w_18"": 67.80328, ""w_19"": 67.78281, ""w_20"": 67.4919}"
520,AU3CB0258465,2021-06-02,0,factual,"{""w_0"": 68.659441275, ""w_1"": 69.03785752499999, ""w_2"": 69.03383652000001, ""w_3"": 69.05961048, ""w_4"": 69.06134812500001, ""w_5"": 69.00427018, ""w_6"": 68.43179672000001, ""w_7"": 68.3665662, ""w_8"": 68.43992796, ""w_9"": 68.34440670000001, ""w_10"": 68.06110752, ""w_11"": 67.7521202, ""w_12"": 67.8899484, ""w_13"": 67.7771021565, ""w_14"": 67.81135272, ""w_15"": 67.59680166, ""w_16"": 67.80327493499999, ""w_17"": 67.78281735, ""w_18"": 67.49189918, ""w_19"": 67.56808755, ""w_20"": 67.7779654}"
520,AU3CB0258465,2021-06-02,0,counterfactual,"{""w_0"": 67.02625, ""w_1"": 67.3337, ""w_2"": 67.53949, ""w_3"": 67.24522, ""w_4"": 67.24499, ""w_5"": 67.68787, ""w_6"": 68.52363, ""w_7"": 68.1693, ""w_8"": 67.76579, ""w_9"": 68.33701, ""w_10"": 68.55043, ""w_11"": 68.50079, ""w_12"": 68.51859, ""w_13"": 68.56021, ""w_14"": 68.90577, ""w_15"": 68.90825, ""w_16"": 69.23281, ""w_17"": 68.92219, ""w_18"": 68.83353, ""w_19"": 68.72832, ""w_20"": 69.243141}"
523,AU3CB0258465,2021-06-07,0,factual,"{""w_0"": 69.05961048, ""w_1"": 69.06134812500001, ""w_2"": 69.00427018, ""w_3"": 68.43179672000001, ""w_4"": 68.3665662, ""w_5"": 68.43992796, ""w_6"": 68.34440670000001, ""w_7"": 68.06110752, ""w_8"": 67.7521202, ""w_9"": 67.8899484, ""w_10"": 67.7771021565, ""w_11"": 67.81135272, ""w_12"": 67.59680166, ""w_13"": 67.80327493499999, ""w_14"": 67.78281735, ""w_15"": 67.49189918, ""w_16"": 67.56808755, ""w_17"": 67.7779654, ""w_18"": 67.71693784, ""w_19"": 67.4551098, ""w_20"": 67.91446318500002}"
523,AU3CB0258465,2021-06-07,0,counterfactual,"{""w_0"": 68.65944, ""w_1"": 69.03786, ""w_2"": 69.03384, ""w_3"": 69.05961, ""w_4"": 69.06135, ""w_5"": 69.00427, ""w_6"": 68.43179, ""w_7"": 68.36657, ""w_8"": 68.43993, ""w_9"": 68.34441, ""w_10"": 68.0611, ""w_11"": 67.75212, ""w_12"": 67.88995, ""w_13"": 67.7771, ""w_14"": 67.81136, ""w_15"": 67.5968, ""w_16"": 67.80328, ""w_17"": 67.782814, ""w_18"": 67.491898, ""w_19"": 67.568085, ""w_20"": 67.777962}"
524,AU3CB0258465,2021-06-08,0,factual,"{""w_0"": 69.06134812500001, ""w_1"": 69.00427018, ""w_2"": 68.43179672000001, ""w_3"": 68.3665662, ""w_4"": 68.43992796, ""w_5"": 68.34440670000001, ""w_6"": 68.06110752, ""w_7"": 67.7521202, ""w_8"": 67.8899484, ""w_9"": 67.7771021565, ""w_10"": 67.81135272, ""w_11"": 67.59680166, ""w_12"": 67.80327493499999, ""w_13"": 67.78281735, ""w_14"": 67.49189918, ""w_15"": 67.56808755, ""w_16"": 67.7779654, ""w_17"": 67.71693784, ""w_18"": 67.4551098, ""w_19"": 67.91446318500002, ""w_20"": 67.9324817}"
524,AU3CB0258465,2021-06-08,0,counterfactual,"{""w_0"": 69.05961, ""w_1"": 69.06135, ""w_2"": 69.00427, ""w_3"": 68.43179, ""w_4"": 68.36657, ""w_5"": 68.43993, ""w_6"": 68.34441, ""w_7"": 68.0611, ""w_8"": 67.75212, ""w_9"": 67.88995, ""w_10"": 67.7771, ""w_11"": 67.81136, ""w_12"": 67.5968, ""w_13"": 67.80328, ""w_14"": 67.78281, ""w_15"": 67.4919, ""w_16"": 67.568085, ""w_17"": 67.777962, ""w_18"": 67.716934, ""w_19"": 67.455109, ""w_20"": 67.914467}"
525,AU3CB0258465,2021-06-09,0,factual,"{""w_0"": 69.00427018, ""w_1"": 68.43179672000001, ""w_2"": 68.3665662, ""w_3"": 68.43992796, ""w_4"": 68.34440670000001, ""w_5"": 68.06110752, ""w_6"": 67.7521202, ""w_7"": 67.8899484, ""w_8"": 67.7771021565, ""w_9"": 67.81135272, ""w_10"": 67.59680166, ""w_11"": 67.80327493499999, ""w_12"": 67.78281735, ""w_13"": 67.49189918, ""w_14"": 67.56808755, ""w_15"": 67.7779654, ""w_16"": 67.71693784, ""w_17"": 67.4551098, ""w_18"": 67.91446318500002, ""w_19"": 67.9324817, ""w_20"": 67.87429356}"
525,AU3CB0258465,2021-06-09,0,counterfactual,"{""w_0"": 69.06135, ""w_1"": 69.00427, ""w_2"": 68.43179, ""w_3"": 68.36657, ""w_4"": 68.43993, ""w_5"": 68.34441, ""w_6"": 68.0611, ""w_7"": 67.75212, ""w_8"": 67.88995, ""w_9"": 67.7771, ""w_10"": 67.81136, ""w_11"": 67.5968, ""w_12"": 67.80328, ""w_13"": 67.78281, ""w_14"": 67.4919, ""w_15"": 67.568085, ""w_16"": 67.777962, ""w_17"": 67.716934, ""w_18"": 67.455109, ""w_19"": 67.914467, ""w_20"": 67.93248}"
526,AU3CB0258465,2021-06-10,0,factual,"{""w_0"": 68.43179672000001, ""w_1"": 68.3665662, ""w_2"": 68.43992796, ""w_3"": 68.34440670000001, ""w_4"": 68.06110752, ""w_5"": 67.7521202, ""w_6"": 67.8899484, ""w_7"": 67.7771021565, ""w_8"": 67.81135272, ""w_9"": 67.59680166, ""w_10"": 67.80327493499999, ""w_11"": 67.78281735, ""w_12"": 67.49189918, ""w_13"": 67.56808755, ""w_14"": 67.7779654, ""w_15"": 67.71693784, ""w_16"": 67.4551098, ""w_17"": 67.91446318500002, ""w_18"": 67.9324817, ""w_19"": 67.87429356, ""w_20"": 67.7500065}"
526,AU3CB0258465,2021-06-10,0,counterfactual,"{""w_0"": 69.06135, ""w_1"": 69.00427, ""w_2"": 68.43179, ""w_3"": 68.36657, ""w_4"": 68.43993, ""w_5"": 68.34441, ""w_6"": 68.0611, ""w_7"": 67.75212, ""w_8"": 67.88995, ""w_9"": 67.7771, ""w_10"": 67.81136, ""w_11"": 67.5968, ""w_12"": 67.80328, ""w_13"": 67.78281, ""w_14"": 67.491898, ""w_15"": 67.568085, ""w_16"": 67.777962, ""w_17"": 67.716934, ""w_18"": 67.455109, ""w_19"": 67.914467, ""w_20"": 67.93248}"
527,AU3CB0258465,2021-06-11,0,factual,"{""w_0"": 68.3665662, ""w_1"": 68.43992796, ""w_2"": 68.34440670000001, ""w_3"": 68.06110752, ""w_4"": 67.7521202, ""w_5"": 67.8899484, ""w_6"": 67.7771021565, ""w_7"": 67.81135272, ""w_8"": 67.59680166, ""w_9"": 67.80327493499999, ""w_10"": 67.78281735, ""w_11"": 67.49189918, ""w_12"": 67.56808755, ""w_13"": 67.7779654, ""w_14"": 67.71693784, ""w_15"": 67.4551098, ""w_16"": 67.91446318500002, ""w_17"": 67.9324817, ""w_18"": 67.87429356, ""w_19"": 67.7500065, ""w_20"": 67.95558366499999}"
527,AU3CB0258465,2021-06-11,0,counterfactual,"{""w_0"": 68.43179, ""w_1"": 68.36657, ""w_2"": 68.43993, ""w_3"": 68.34441, ""w_4"": 68.0611, ""w_5"": 67.75212, ""w_6"": 67.88995, ""w_7"": 67.7771, ""w_8"": 67.81136, ""w_9"": 67.5968, ""w_10"": 67.80328, ""w_11"": 67.78281, ""w_12"": 67.4919, ""w_13"": 67.568085, ""w_14"": 67.777962, ""w_15"": 67.716934, ""w_16"": 67.455109, ""w_17"": 67.914467, ""w_18"": 67.93248, ""w_19"": 67.87429, ""w_20"": 67.750008}"
529,AU3CB0258465,2021-06-15,0,factual,"{""w_0"": 68.34440670000001, ""w_1"": 68.06110752, ""w_2"": 67.7521202, ""w_3"": 67.8899484, ""w_4"": 67.7771021565, ""w_5"": 67.81135272, ""w_6"": 67.59680166, ""w_7"": 67.80327493499999, ""w_8"": 67.78281735, ""w_9"": 67.49189918, ""w_10"": 67.56808755, ""w_11"": 67.7779654, ""w_12"": 67.71693784, ""w_13"": 67.4551098, ""w_14"": 67.91446318500002, ""w_15"": 67.9324817, ""w_16"": 67.87429356, ""w_17"": 67.7500065, ""w_18"": 67.95558366499999, ""w_19"": 67.95131288500001, ""w_20"": 67.89438105}"
529,AU3CB0258465,2021-06-15,0,counterfactual,"{""w_0"": 68.43179, ""w_1"": 68.36657, ""w_2"": 68.43993, ""w_3"": 68.34441, ""w_4"": 68.0611, ""w_5"": 67.75212, ""w_6"": 67.88995, ""w_7"": 67.7771, ""w_8"": 67.81136, ""w_9"": 67.5968, ""w_10"": 67.80328, ""w_11"": 67.782814, ""w_12"": 67.491898, ""w_13"": 67.568085, ""w_14"": 67.777962, ""w_15"": 67.716934, ""w_16"": 67.455109, ""w_17"": 67.914467, ""w_18"": 67.93248, ""w_19"": 67.87429, ""w_20"": 67.750008}"
528,AU3CB0258465,2021-06-14,0,factual,"{""w_0"": 68.43992796, ""w_1"": 68.34440670000001, ""w_2"": 68.06110752, ""w_3"": 67.7521202, ""w_4"": 67.8899484, ""w_5"": 67.7771021565, ""w_6"": 67.81135272, ""w_7"": 67.59680166, ""w_8"": 67.80327493499999, ""w_9"": 67.78281735, ""w_10"": 67.49189918, ""w_11"": 67.56808755, ""w_12"": 67.7779654, ""w_13"": 67.71693784, ""w_14"": 67.4551098, ""w_15"": 67.91446318500002, ""w_16"": 67.9324817, ""w_17"": 67.87429356, ""w_18"": 67.7500065, ""w_19"": 67.95558366499999, ""w_20"": 67.95131288500001}"
528,AU3CB0258465,2021-06-14,0,counterfactual,"{""w_0"": 68.43179, ""w_1"": 68.36657, ""w_2"": 68.43993, ""w_3"": 68.34441, ""w_4"": 68.0611, ""w_5"": 67.75212, ""w_6"": 67.88995, ""w_7"": 67.7771, ""w_8"": 67.81136, ""w_9"": 67.5968, ""w_10"": 67.80328, ""w_11"": 67.78281, ""w_12"": 67.491898, ""w_13"": 67.568085, ""w_14"": 67.777962, ""w_15"": 67.716934, ""w_16"": 67.455109, ""w_17"": 67.914467, ""w_18"": 67.93248, ""w_19"": 67.87429, ""w_20"": 67.750008}"
530,AU3CB0258465,2021-06-16,0,factual,"{""w_0"": 68.06110752, ""w_1"": 67.7521202, ""w_2"": 67.8899484, ""w_3"": 67.7771021565, ""w_4"": 67.81135272, ""w_5"": 67.59680166, ""w_6"": 67.80327493499999, ""w_7"": 67.78281735, ""w_8"": 67.49189918, ""w_9"": 67.56808755, ""w_10"": 67.7779654, ""w_11"": 67.71693784, ""w_12"": 67.4551098, ""w_13"": 67.91446318500002, ""w_14"": 67.9324817, ""w_15"": 67.87429356, ""w_16"": 67.7500065, ""w_17"": 67.95558366499999, ""w_18"": 67.95131288500001, ""w_19"": 67.89438105, ""w_20"": 67.65809977500001}"
530,AU3CB0258465,2021-06-16,0,counterfactual,"{""w_0"": 69.00427, ""w_1"": 68.43179, ""w_2"": 68.36657, ""w_3"": 68.43993, ""w_4"": 68.34441, ""w_5"": 68.0611, ""w_6"": 67.75212, ""w_7"": 67.88995, ""w_8"": 67.7771, ""w_9"": 67.81136, ""w_10"": 67.596802, ""w_11"": 67.803276, ""w_12"": 67.782814, ""w_13"": 67.491898, ""w_14"": 67.568085, ""w_15"": 67.777962, ""w_16"": 67.716934, ""w_17"": 67.455109, ""w_18"": 67.914467, ""w_19"": 67.93248, ""w_20"": 67.87429}"
531,AU3CB0258465,2021-06-17,0,factual,"{""w_0"": 67.7521202, ""w_1"": 67.8899484, ""w_2"": 67.7771021565, ""w_3"": 67.81135272, ""w_4"": 67.59680166, ""w_5"": 67.80327493499999, ""w_6"": 67.78281735, ""w_7"": 67.49189918, ""w_8"": 67.56808755, ""w_9"": 67.7779654, ""w_10"": 67.71693784, ""w_11"": 67.4551098, ""w_12"": 67.91446318500002, ""w_13"": 67.9324817, ""w_14"": 67.87429356, ""w_15"": 67.7500065, ""w_16"": 67.95558366499999, ""w_17"": 67.95131288500001, ""w_18"": 67.89438105, ""w_19"": 67.65809977500001, ""w_20"": 67.680789}"
531,AU3CB0258465,2021-06-17,0,counterfactual,"{""w_0"": 69.00427, ""w_1"": 68.43179, ""w_2"": 68.36657, ""w_3"": 68.43993, ""w_4"": 68.34441, ""w_5"": 68.0611, ""w_6"": 67.75212, ""w_7"": 67.88995, ""w_8"": 67.7771, ""w_9"": 67.811356, ""w_10"": 67.596802, ""w_11"": 67.803276, ""w_12"": 67.782814, ""w_13"": 67.491898, ""w_14"": 67.568085, ""w_15"": 67.777962, ""w_16"": 67.716934, ""w_17"": 67.455109, ""w_18"": 67.914467, ""w_19"": 67.93248, ""w_20"": 67.87429}"
532,AU3CB0258465,2021-06-18,0,factual,"{""w_0"": 67.8899484, ""w_1"": 67.7771021565, ""w_2"": 67.81135272, ""w_3"": 67.59680166, ""w_4"": 67.80327493499999, ""w_5"": 67.78281735, ""w_6"": 67.49189918, ""w_7"": 67.56808755, ""w_8"": 67.7779654, ""w_9"": 67.71693784, ""w_10"": 67.4551098, ""w_11"": 67.91446318500002, ""w_12"": 67.9324817, ""w_13"": 67.87429356, ""w_14"": 67.7500065, ""w_15"": 67.95558366499999, ""w_16"": 67.95131288500001, ""w_17"": 67.89438105, ""w_18"": 67.65809977500001, ""w_19"": 67.680789, ""w_20"": 67.4905634}"
532,AU3CB0258465,2021-06-18,0,counterfactual,"{""w_0"": 68.34441, ""w_1"": 68.0611, ""w_2"": 67.75212, ""w_3"": 67.88995, ""w_4"": 67.7771, ""w_5"": 67.81136, ""w_6"": 67.5968, ""w_7"": 67.80328, ""w_8"": 67.782814, ""w_9"": 67.491898, ""w_10"": 67.568085, ""w_11"": 67.777962, ""w_12"": 67.716934, ""w_13"": 67.455109, ""w_14"": 67.914467, ""w_15"": 67.93248, ""w_16"": 67.87429, ""w_17"": 67.750008, ""w_18"": 67.955582, ""w_19"": 67.951309, ""w_20"": 67.894379}"
533,AU3CB0258465,2021-06-21,0,factual,"{""w_0"": 67.7771021565, ""w_1"": 67.81135272, ""w_2"": 67.59680166, ""w_3"": 67.80327493499999, ""w_4"": 67.78281735, ""w_5"": 67.49189918, ""w_6"": 67.56808755, ""w_7"": 67.7779654, ""w_8"": 67.71693784, ""w_9"": 67.4551098, ""w_10"": 67.91446318500002, ""w_11"": 67.9324817, ""w_12"": 67.87429356, ""w_13"": 67.7500065, ""w_14"": 67.95558366499999, ""w_15"": 67.95131288500001, ""w_16"": 67.89438105, ""w_17"": 67.65809977500001, ""w_18"": 67.680789, ""w_19"": 67.4905634, ""w_20"": 67.20813006600001}"
533,AU3CB0258465,2021-06-21,0,counterfactual,"{""w_0"": 67.88995, ""w_1"": 67.7771, ""w_2"": 67.81136, ""w_3"": 67.5968, ""w_4"": 67.80328, ""w_5"": 67.78281, ""w_6"": 67.4919, ""w_7"": 67.568085, ""w_8"": 67.777962, ""w_9"": 67.716934, ""w_10"": 67.455109, ""w_11"": 67.914467, ""w_12"": 67.93248, ""w_13"": 67.87429, ""w_14"": 67.750008, ""w_15"": 67.955582, ""w_16"": 67.951309, ""w_17"": 67.894379, ""w_18"": 67.658096, ""w_19"": 67.680786, ""w_20"": 67.490562}"
535,AU3CB0258465,2021-06-23,0,factual,"{""w_0"": 67.59680166, ""w_1"": 67.80327493499999, ""w_2"": 67.78281735, ""w_3"": 67.49189918, ""w_4"": 67.56808755, ""w_5"": 67.7779654, ""w_6"": 67.71693784, ""w_7"": 67.4551098, ""w_8"": 67.91446318500002, ""w_9"": 67.9324817, ""w_10"": 67.87429356, ""w_11"": 67.7500065, ""w_12"": 67.95558366499999, ""w_13"": 67.95131288500001, ""w_14"": 67.89438105, ""w_15"": 67.65809977500001, ""w_16"": 67.680789, ""w_17"": 67.4905634, ""w_18"": 67.20813006600001, ""w_19"": 67.33192336, ""w_20"": 67.37364274}"
535,AU3CB0258465,2021-06-23,0,counterfactual,"{""w_0"": 69.00427, ""w_1"": 68.43179, ""w_2"": 68.36657, ""w_3"": 68.43993, ""w_4"": 68.34441, ""w_5"": 68.061104, ""w_6"": 67.752121, ""w_7"": 67.889946, ""w_8"": 67.7771, ""w_9"": 67.811356, ""w_10"": 67.596802, ""w_11"": 67.803276, ""w_12"": 67.782814, ""w_13"": 67.491898, ""w_14"": 67.568085, ""w_15"": 67.777962, ""w_16"": 67.716934, ""w_17"": 67.455109, ""w_18"": 67.914467, ""w_19"": 67.93248, ""w_20"": 67.87429}"
534,AU3CB0258465,2021-06-22,0,factual,"{""w_0"": 67.81135272, ""w_1"": 67.59680166, ""w_2"": 67.80327493499999, ""w_3"": 67.78281735, ""w_4"": 67.49189918, ""w_5"": 67.56808755, ""w_6"": 67.7779654, ""w_7"": 67.71693784, ""w_8"": 67.4551098, ""w_9"": 67.91446318500002, ""w_10"": 67.9324817, ""w_11"": 67.87429356, ""w_12"": 67.7500065, ""w_13"": 67.95558366499999, ""w_14"": 67.95131288500001, ""w_15"": 67.89438105, ""w_16"": 67.65809977500001, ""w_17"": 67.680789, ""w_18"": 67.4905634, ""w_19"": 67.20813006600001, ""w_20"": 67.33192336}"
534,AU3CB0258465,2021-06-22,0,counterfactual,"{""w_0"": 67.75212, ""w_1"": 67.88995, ""w_2"": 67.7771, ""w_3"": 67.81136, ""w_4"": 67.5968, ""w_5"": 67.80328, ""w_6"": 67.782814, ""w_7"": 67.491898, ""w_8"": 67.568085, ""w_9"": 67.777962, ""w_10"": 67.716934, ""w_11"": 67.455109, ""w_12"": 67.914467, ""w_13"": 67.93248, ""w_14"": 67.87429, ""w_15"": 67.750008, ""w_16"": 67.955582, ""w_17"": 67.951309, ""w_18"": 67.894379, ""w_19"": 67.658096, ""w_20"": 67.680786}"
538,AU3CB0258465,2021-06-28,0,factual,"{""w_0"": 67.49189918, ""w_1"": 67.56808755, ""w_2"": 67.7779654, ""w_3"": 67.71693784, ""w_4"": 67.4551098, ""w_5"": 67.91446318500002, ""w_6"": 67.9324817, ""w_7"": 67.87429356, ""w_8"": 67.7500065, ""w_9"": 67.95558366499999, ""w_10"": 67.95131288500001, ""w_11"": 67.89438105, ""w_12"": 67.65809977500001, ""w_13"": 67.680789, ""w_14"": 67.4905634, ""w_15"": 67.20813006600001, ""w_16"": 67.33192336, ""w_17"": 67.37364274, ""w_18"": 67.55024205000001, ""w_19"": 67.58916615000001, ""w_20"": 67.62356604}"
538,AU3CB0258465,2021-06-28,0,counterfactual,"{""w_0"": 69.00427, ""w_1"": 68.43179, ""w_2"": 68.36657, ""w_3"": 68.439926, ""w_4"": 68.344406, ""w_5"": 68.061104, ""w_6"": 67.752121, ""w_7"": 67.889946, ""w_8"": 67.7771, ""w_9"": 67.811356, ""w_10"": 67.596802, ""w_11"": 67.803276, ""w_12"": 67.782814, ""w_13"": 67.491898, ""w_14"": 67.568085, ""w_15"": 67.777962, ""w_16"": 67.716934, ""w_17"": 67.455109, ""w_18"": 67.914467, ""w_19"": 67.93248, ""w_20"": 67.87429}"
539,AU3CB0258465,2021-06-29,0,factual,"{""w_0"": 67.56808755, ""w_1"": 67.7779654, ""w_2"": 67.71693784, ""w_3"": 67.4551098, ""w_4"": 67.91446318500002, ""w_5"": 67.9324817, ""w_6"": 67.87429356, ""w_7"": 67.7500065, ""w_8"": 67.95558366499999, ""w_9"": 67.95131288500001, ""w_10"": 67.89438105, ""w_11"": 67.65809977500001, ""w_12"": 67.680789, ""w_13"": 67.4905634, ""w_14"": 67.20813006600001, ""w_15"": 67.33192336, ""w_16"": 67.37364274, ""w_17"": 67.55024205000001, ""w_18"": 67.58916615000001, ""w_19"": 67.62356604, ""w_20"": 67.48928239}"
539,AU3CB0258465,2021-06-29,0,counterfactual,"{""w_0"": 69.00427, ""w_1"": 68.431793, ""w_2"": 68.36657, ""w_3"": 68.439926, ""w_4"": 68.344406, ""w_5"": 68.061104, ""w_6"": 67.752121, ""w_7"": 67.889946, ""w_8"": 67.7771, ""w_9"": 67.811356, ""w_10"": 67.596802, ""w_11"": 67.803276, ""w_12"": 67.782814, ""w_13"": 67.491898, ""w_14"": 67.568085, ""w_15"": 67.777962, ""w_16"": 67.716934, ""w_17"": 67.455109, ""w_18"": 67.914467, ""w_19"": 67.93248, ""w_20"": 67.87429}"
540,AU3CB0258465,2021-06-30,0,factual,"{""w_0"": 67.7779654, ""w_1"": 67.71693784, ""w_2"": 67.4551098, ""w_3"": 67.91446318500002, ""w_4"": 67.9324817, ""w_5"": 67.87429356, ""w_6"": 67.7500065, ""w_7"": 67.95558366499999, ""w_8"": 67.95131288500001, ""w_9"": 67.89438105, ""w_10"": 67.65809977500001, ""w_11"": 67.680789, ""w_12"": 67.4905634, ""w_13"": 67.20813006600001, ""w_14"": 67.33192336, ""w_15"": 67.37364274, ""w_16"": 67.55024205000001, ""w_17"": 67.58916615000001, ""w_18"": 67.62356604, ""w_19"": 67.48928239, ""w_20"": 67.16266254}"
540,AU3CB0258465,2021-06-30,0,counterfactual,"{""w_0"": 67.568085, ""w_1"": 67.777962, ""w_2"": 67.716934, ""w_3"": 67.455109, ""w_4"": 67.914467, ""w_5"": 67.93248, ""w_6"": 67.87429, ""w_7"": 67.750008, ""w_8"": 67.955582, ""w_9"": 67.951309, ""w_10"": 67.894379, ""w_11"": 67.658096, ""w_12"": 67.680786, ""w_13"": 67.490562, ""w_14"": 67.20813, ""w_15"": 67.331924, ""w_16"": 67.373642, ""w_17"": 67.55024, ""w_18"": 67.589165, ""w_19"": 67.623566, ""w_20"": 67.489281}"
543,AU3CB0258465,2021-07-05,0,factual,"{""w_0"": 67.91446318500002, ""w_1"": 67.9324817, ""w_2"": 67.87429356, ""w_3"": 67.7500065, ""w_4"": 67.95558366499999, ""w_5"": 67.95131288500001, ""w_6"": 67.89438105, ""w_7"": 67.65809977500001, ""w_8"": 67.680789, ""w_9"": 67.4905634, ""w_10"": 67.20813006600001, ""w_11"": 67.33192336, ""w_12"": 67.37364274, ""w_13"": 67.55024205000001, ""w_14"": 67.58916615000001, ""w_15"": 67.62356604, ""w_16"": 67.48928239, ""w_17"": 67.16266254, ""w_18"": 67.24323686, ""w_19"": 67.04567681, ""w_20"": 67.4645401675}"
543,AU3CB0258465,2021-07-05,0,counterfactual,"{""w_0"": 69.004272, ""w_1"": 68.431793, ""w_2"": 68.36657, ""w_3"": 68.439926, ""w_4"": 68.344406, ""w_5"": 68.061104, ""w_6"": 67.752121, ""w_7"": 67.889946, ""w_8"": 67.7771, ""w_9"": 67.811356, ""w_10"": 67.596802, ""w_11"": 67.803276, ""w_12"": 67.782814, ""w_13"": 67.491898, ""w_14"": 67.568085, ""w_15"": 67.777962, ""w_16"": 67.716934, ""w_17"": 67.455109, ""w_18"": 67.914467, ""w_19"": 67.93248, ""w_20"": 67.87429}"
545,AU3CB0258465,2021-07-07,0,factual,"{""w_0"": 67.87429356, ""w_1"": 67.7500065, ""w_2"": 67.95558366499999, ""w_3"": 67.95131288500001, ""w_4"": 67.89438105, ""w_5"": 67.65809977500001, ""w_6"": 67.680789, ""w_7"": 67.4905634, ""w_8"": 67.20813006600001, ""w_9"": 67.33192336, ""w_10"": 67.37364274, ""w_11"": 67.55024205000001, ""w_12"": 67.58916615000001, ""w_13"": 67.62356604, ""w_14"": 67.48928239, ""w_15"": 67.16266254, ""w_16"": 67.24323686, ""w_17"": 67.04567681, ""w_18"": 67.4645401675, ""w_19"": 67.606975455, ""w_20"": 67.41811755}"
545,AU3CB0258465,2021-07-07,0,counterfactual,"{""w_0"": 67.777962, ""w_1"": 67.716934, ""w_2"": 67.455109, ""w_3"": 67.914467, ""w_4"": 67.93248, ""w_5"": 67.87429, ""w_6"": 67.750008, ""w_7"": 67.955582, ""w_8"": 67.951309, ""w_9"": 67.894379, ""w_10"": 67.658096, ""w_11"": 67.680786, ""w_12"": 67.490562, ""w_13"": 67.20813, ""w_14"": 67.331924, ""w_15"": 67.373642, ""w_16"": 67.55024, ""w_17"": 67.589165, ""w_18"": 67.623566, ""w_19"": 67.489281, ""w_20"": 67.162666}"
548,AU3CB0258465,2021-07-12,0,factual,"{""w_0"": 67.95131288500001, ""w_1"": 67.89438105, ""w_2"": 67.65809977500001, ""w_3"": 67.680789, ""w_4"": 67.4905634, ""w_5"": 67.20813006600001, ""w_6"": 67.33192336, ""w_7"": 67.37364274, ""w_8"": 67.55024205000001, ""w_9"": 67.58916615000001, ""w_10"": 67.62356604, ""w_11"": 67.48928239, ""w_12"": 67.16266254, ""w_13"": 67.24323686, ""w_14"": 67.04567681, ""w_15"": 67.4645401675, ""w_16"": 67.606975455, ""w_17"": 67.41811755, ""w_18"": 67.52562753000001, ""w_19"": 66.75507044999999, ""w_20"": 67.17807}"
548,AU3CB0258465,2021-07-12,0,counterfactual,"{""w_0"": 67.955582, ""w_1"": 67.951309, ""w_2"": 67.894379, ""w_3"": 67.658096, ""w_4"": 67.680786, ""w_5"": 67.490562, ""w_6"": 67.20813, ""w_7"": 67.331924, ""w_8"": 67.373642, ""w_9"": 67.55024, ""w_10"": 67.589165, ""w_11"": 67.623566, ""w_12"": 67.489281, ""w_13"": 67.162666, ""w_14"": 67.24324, ""w_15"": 67.045677, ""w_16"": 67.464539, ""w_17"": 67.606972, ""w_18"": 67.418121, ""w_19"": 67.525627, ""w_20"": 66.755074}"
537,AU3CB0258465,2021-06-25,0,factual,"{""w_0"": 67.78281735, ""w_1"": 67.49189918, ""w_2"": 67.56808755, ""w_3"": 67.7779654, ""w_4"": 67.71693784, ""w_5"": 67.4551098, ""w_6"": 67.91446318500002, ""w_7"": 67.9324817, ""w_8"": 67.87429356, ""w_9"": 67.7500065, ""w_10"": 67.95558366499999, ""w_11"": 67.95131288500001, ""w_12"": 67.89438105, ""w_13"": 67.65809977500001, ""w_14"": 67.680789, ""w_15"": 67.4905634, ""w_16"": 67.20813006600001, ""w_17"": 67.33192336, ""w_18"": 67.37364274, ""w_19"": 67.55024205000001, ""w_20"": 67.58916615000001}"
537,AU3CB0258465,2021-06-25,0,counterfactual,"{""w_0"": 67.5968, ""w_1"": 67.80328, ""w_2"": 67.78281, ""w_3"": 67.491898, ""w_4"": 67.568085, ""w_5"": 67.777962, ""w_6"": 67.716934, ""w_7"": 67.455109, ""w_8"": 67.914467, ""w_9"": 67.93248, ""w_10"": 67.87429, ""w_11"": 67.750008, ""w_12"": 67.955582, ""w_13"": 67.951309, ""w_14"": 67.894379, ""w_15"": 67.658096, ""w_16"": 67.680786, ""w_17"": 67.490562, ""w_18"": 67.20813, ""w_19"": 67.331924, ""w_20"": 67.373642}"
536,AU3CB0258465,2021-06-24,0,factual,"{""w_0"": 67.80327493499999, ""w_1"": 67.78281735, ""w_2"": 67.49189918, ""w_3"": 67.56808755, ""w_4"": 67.7779654, ""w_5"": 67.71693784, ""w_6"": 67.4551098, ""w_7"": 67.91446318500002, ""w_8"": 67.9324817, ""w_9"": 67.87429356, ""w_10"": 67.7500065, ""w_11"": 67.95558366499999, ""w_12"": 67.95131288500001, ""w_13"": 67.89438105, ""w_14"": 67.65809977500001, ""w_15"": 67.680789, ""w_16"": 67.4905634, ""w_17"": 67.20813006600001, ""w_18"": 67.33192336, ""w_19"": 67.37364274, ""w_20"": 67.55024205000001}"
536,AU3CB0258465,2021-06-24,0,counterfactual,"{""w_0"": 67.81136, ""w_1"": 67.5968, ""w_2"": 67.5968, ""w_3"": 67.4919, ""w_4"": 67.491898, ""w_5"": 67.568085, ""w_6"": 67.491898, ""w_7"": 67.455109, ""w_8"": 67.455109, ""w_9"": 67.914467, ""w_10"": 67.93248, ""w_11"": 67.87429, ""w_12"": 67.750008, ""w_13"": 67.955582, ""w_14"": 67.455109, ""w_15"": 67.455109, ""w_16"": 67.811356, ""w_17"": 67.455109, ""w_18"": 67.20813, ""w_19"": 67.20813, ""w_20"": 67.20813}"
553,AU3CB0258465,2021-07-19,0,factual,"{""w_0"": 67.20813006600001, ""w_1"": 67.33192336, ""w_2"": 67.37364274, ""w_3"": 67.55024205000001, ""w_4"": 67.58916615000001, ""w_5"": 67.62356604, ""w_6"": 67.48928239, ""w_7"": 67.16266254, ""w_8"": 67.24323686, ""w_9"": 67.04567681, ""w_10"": 67.4645401675, ""w_11"": 67.606975455, ""w_12"": 67.41811755, ""w_13"": 67.52562753000001, ""w_14"": 66.75507044999999, ""w_15"": 67.17807, ""w_16"": 67.1093016, ""w_17"": 67.2520454, ""w_18"": 67.26891407000001, ""w_19"": 66.8762132, ""w_20"": 66.57401628}"
553,AU3CB0258465,2021-07-19,0,counterfactual,"{""w_0"": 70.255402, ""w_1"": 69.386322, ""w_2"": 68.895432, ""w_3"": 69.265045, ""w_4"": 69.477646, ""w_5"": 69.039612, ""w_6"": 69.10498, ""w_7"": 69.271469, ""w_8"": 69.246796, ""w_9"": 69.55349, ""w_10"": 69.566483, ""w_11"": 69.650436, ""w_12"": 69.642639, ""w_13"": 69.715126, ""w_14"": 69.840904, ""w_15"": 69.894211, ""w_16"": 69.770966, ""w_17"": 69.721886, ""w_18"": 69.648186, ""w_19"": 68.934288, ""w_20"": 68.932968}"
554,AU3CB0258465,2021-07-20,0,factual,"{""w_0"": 67.33192336, ""w_1"": 67.37364274, ""w_2"": 67.55024205000001, ""w_3"": 67.58916615000001, ""w_4"": 67.62356604, ""w_5"": 67.48928239, ""w_6"": 67.16266254, ""w_7"": 67.24323686, ""w_8"": 67.04567681, ""w_9"": 67.4645401675, ""w_10"": 67.606975455, ""w_11"": 67.41811755, ""w_12"": 67.52562753000001, ""w_13"": 66.75507044999999, ""w_14"": 67.17807, ""w_15"": 67.1093016, ""w_16"": 67.2520454, ""w_17"": 67.26891407000001, ""w_18"": 66.8762132, ""w_19"": 66.57401628, ""w_20"": 66.25416885}"
554,AU3CB0258465,2021-07-20,0,counterfactual,"{""w_0"": 70.255402, ""w_1"": 69.386322, ""w_2"": 68.895432, ""w_3"": 69.265045, ""w_4"": 69.477646, ""w_5"": 69.039612, ""w_6"": 69.10498, ""w_7"": 69.271469, ""w_8"": 69.246796, ""w_9"": 69.55349, ""w_10"": 69.566483, ""w_11"": 69.650436, ""w_12"": 69.642639, ""w_13"": 69.715126, ""w_14"": 69.840904, ""w_15"": 69.894211, ""w_16"": 69.770966, ""w_17"": 69.721886, ""w_18"": 69.648186, ""w_19"": 68.934288, ""w_20"": 68.932968}"
556,AU3CB0258465,2021-07-22,0,factual,"{""w_0"": 67.55024205000001, ""w_1"": 67.58916615000001, ""w_2"": 67.62356604, ""w_3"": 67.48928239, ""w_4"": 67.16266254, ""w_5"": 67.24323686, ""w_6"": 67.04567681, ""w_7"": 67.4645401675, ""w_8"": 67.606975455, ""w_9"": 67.41811755, ""w_10"": 67.52562753000001, ""w_11"": 66.75507044999999, ""w_12"": 67.17807, ""w_13"": 67.1093016, ""w_14"": 67.2520454, ""w_15"": 67.26891407000001, ""w_16"": 66.8762132, ""w_17"": 66.57401628, ""w_18"": 66.25416885, ""w_19"": 66.27313405, ""w_20"": 66.34371599999999}"
556,AU3CB0258465,2021-07-22,0,counterfactual,"{""w_0"": 70.255402, ""w_1"": 69.386322, ""w_2"": 68.895432, ""w_3"": 69.265045, ""w_4"": 69.477646, ""w_5"": 69.039612, ""w_6"": 69.10498, ""w_7"": 69.271469, ""w_8"": 69.246796, ""w_9"": 69.55349, ""w_10"": 69.566483, ""w_11"": 69.650436, ""w_12"": 69.642639, ""w_13"": 69.715126, ""w_14"": 69.840904, ""w_15"": 69.894211, ""w_16"": 69.770966, ""w_17"": 69.721886, ""w_18"": 69.648186, ""w_19"": 68.934288, ""w_20"": 68.932968}"
555,AU3CB0258465,2021-07-21,0,factual,"{""w_0"": 67.37364274, ""w_1"": 67.55024205000001, ""w_2"": 67.58916615000001, ""w_3"": 67.62356604, ""w_4"": 67.48928239, ""w_5"": 67.16266254, ""w_6"": 67.24323686, ""w_7"": 67.04567681, ""w_8"": 67.4645401675, ""w_9"": 67.606975455, ""w_10"": 67.41811755, ""w_11"": 67.52562753000001, ""w_12"": 66.75507044999999, ""w_13"": 67.17807, ""w_14"": 67.1093016, ""w_15"": 67.2520454, ""w_16"": 67.26891407000001, ""w_17"": 66.8762132, ""w_18"": 66.57401628, ""w_19"": 66.25416885, ""w_20"": 66.27313405}"
555,AU3CB0258465,2021-07-21,0,counterfactual,"{""w_0"": 70.255402, ""w_1"": 69.386322, ""w_2"": 68.895432, ""w_3"": 69.265045, ""w_4"": 69.477646, ""w_5"": 69.039612, ""w_6"": 69.10498, ""w_7"": 69.271469, ""w_8"": 69.246796, ""w_9"": 69.55349, ""w_10"": 69.566483, ""w_11"": 69.650436, ""w_12"": 69.642639, ""w_13"": 69.715126, ""w_14"": 69.840904, ""w_15"": 69.894211, ""w_16"": 69.770966, ""w_17"": 69.721886, ""w_18"": 69.648186, ""w_19"": 68.934288, ""w_20"": 68.932968}"
541,AU3CB0258465,2021-07-01,0,factual,"{""w_0"": 67.71693784, ""w_1"": 67.4551098, ""w_2"": 67.91446318500002, ""w_3"": 67.9324817, ""w_4"": 67.87429356, ""w_5"": 67.7500065, ""w_6"": 67.95558366499999, ""w_7"": 67.95131288500001, ""w_8"": 67.89438105, ""w_9"": 67.65809977500001, ""w_10"": 67.680789, ""w_11"": 67.4905634, ""w_12"": 67.20813006600001, ""w_13"": 67.33192336, ""w_14"": 67.37364274, ""w_15"": 67.55024205000001, ""w_16"": 67.58916615000001, ""w_17"": 67.62356604, ""w_18"": 67.48928239, ""w_19"": 67.16266254, ""w_20"": 67.24323686}"
541,AU3CB0258465,2021-07-01,0,counterfactual,"{""w_0"": 67.568085, ""w_1"": 67.777962, ""w_2"": 67.716934, ""w_3"": 67.455109, ""w_4"": 67.914467, ""w_5"": 67.93248, ""w_6"": 67.87429, ""w_7"": 67.750008, ""w_8"": 67.955582, ""w_9"": 67.951309, ""w_10"": 67.894379, ""w_11"": 67.658096, ""w_12"": 67.680786, ""w_13"": 67.490562, ""w_14"": 67.20813, ""w_15"": 67.331924, ""w_16"": 67.373642, ""w_17"": 67.55024, ""w_18"": 67.589165, ""w_19"": 67.623566, ""w_20"": 67.489281}"
557,AU3CB0258465,2021-07-23,0,factual,"{""w_0"": 67.58916615000001, ""w_1"": 67.62356604, ""w_2"": 67.48928239, ""w_3"": 67.16266254, ""w_4"": 67.24323686, ""w_5"": 67.04567681, ""w_6"": 67.4645401675, ""w_7"": 67.606975455, ""w_8"": 67.41811755, ""w_9"": 67.52562753000001, ""w_10"": 66.75507044999999, ""w_11"": 67.17807, ""w_12"": 67.1093016, ""w_13"": 67.2520454, ""w_14"": 67.26891407000001, ""w_15"": 66.8762132, ""w_16"": 66.57401628, ""w_17"": 66.25416885, ""w_18"": 66.27313405, ""w_19"": 66.34371599999999, ""w_20"": 66.701162045}"
557,AU3CB0258465,2021-07-23,0,counterfactual,"{""w_0"": 70.255402, ""w_1"": 69.386322, ""w_2"": 68.895432, ""w_3"": 69.265045, ""w_4"": 69.477646, ""w_5"": 69.039612, ""w_6"": 69.10498, ""w_7"": 69.271469, ""w_8"": 69.246796, ""w_9"": 69.55349, ""w_10"": 69.566483, ""w_11"": 69.650436, ""w_12"": 69.642639, ""w_13"": 69.715126, ""w_14"": 69.840904, ""w_15"": 69.894211, ""w_16"": 69.770966, ""w_17"": 69.721886, ""w_18"": 69.648186, ""w_19"": 68.934288, ""w_20"": 68.932968}"
558,AU3CB0258465,2021-07-26,0,factual,"{""w_0"": 67.62356604, ""w_1"": 67.48928239, ""w_2"": 67.16266254, ""w_3"": 67.24323686, ""w_4"": 67.04567681, ""w_5"": 67.4645401675, ""w_6"": 67.606975455, ""w_7"": 67.41811755, ""w_8"": 67.52562753000001, ""w_9"": 66.75507044999999, ""w_10"": 67.17807, ""w_11"": 67.1093016, ""w_12"": 67.2520454, ""w_13"": 67.26891407000001, ""w_14"": 66.8762132, ""w_15"": 66.57401628, ""w_16"": 66.25416885, ""w_17"": 66.27313405, ""w_18"": 66.34371599999999, ""w_19"": 66.701162045, ""w_20"": 66.61634535}"
558,AU3CB0258465,2021-07-26,0,counterfactual,"{""w_0"": 67.589165, ""w_1"": 67.623566, ""w_2"": 67.489281, ""w_3"": 67.162666, ""w_4"": 67.24324, ""w_5"": 67.045677, ""w_6"": 67.464539, ""w_7"": 67.606972, ""w_8"": 67.418121, ""w_9"": 67.525627, ""w_10"": 66.755074, ""w_11"": 67.17807, ""w_12"": 67.109299, ""w_13"": 67.252045, ""w_14"": 67.268913, ""w_15"": 66.876213, ""w_16"": 66.574013, ""w_17"": 66.254166, ""w_18"": 66.273132, ""w_19"": 66.343719, ""w_20"": 66.701164}"
560,AU3CB0258465,2021-07-28,0,factual,"{""w_0"": 67.16266254, ""w_1"": 67.24323686, ""w_2"": 67.04567681, ""w_3"": 67.4645401675, ""w_4"": 67.606975455, ""w_5"": 67.41811755, ""w_6"": 67.52562753000001, ""w_7"": 66.75507044999999, ""w_8"": 67.17807, ""w_9"": 67.1093016, ""w_10"": 67.2520454, ""w_11"": 67.26891407000001, ""w_12"": 66.8762132, ""w_13"": 66.57401628, ""w_14"": 66.25416885, ""w_15"": 66.27313405, ""w_16"": 66.34371599999999, ""w_17"": 66.701162045, ""w_18"": 66.61634535, ""w_19"": 66.595734, ""w_20"": 66.36344663000001}"
560,AU3CB0258465,2021-07-28,0,counterfactual,"{""w_0"": 70.255402, ""w_1"": 69.386322, ""w_2"": 68.895432, ""w_3"": 69.265045, ""w_4"": 69.477646, ""w_5"": 69.039612, ""w_6"": 69.10498, ""w_7"": 69.271469, ""w_8"": 69.246796, ""w_9"": 69.55349, ""w_10"": 69.566483, ""w_11"": 69.650436, ""w_12"": 69.642639, ""w_13"": 69.715126, ""w_14"": 69.840904, ""w_15"": 69.894211, ""w_16"": 69.770966, ""w_17"": 69.721886, ""w_18"": 69.648186, ""w_19"": 68.934288, ""w_20"": 68.932968}"
561,AU3CB0258465,2021-07-29,0,factual,"{""w_0"": 67.24323686, ""w_1"": 67.04567681, ""w_2"": 67.4645401675, ""w_3"": 67.606975455, ""w_4"": 67.41811755, ""w_5"": 67.52562753000001, ""w_6"": 66.75507044999999, ""w_7"": 67.17807, ""w_8"": 67.1093016, ""w_9"": 67.2520454, ""w_10"": 67.26891407000001, ""w_11"": 66.8762132, ""w_12"": 66.57401628, ""w_13"": 66.25416885, ""w_14"": 66.27313405, ""w_15"": 66.34371599999999, ""w_16"": 66.701162045, ""w_17"": 66.61634535, ""w_18"": 66.595734, ""w_19"": 66.36344663000001, ""w_20"": 66.29538190000001}"
561,AU3CB0258465,2021-07-29,0,counterfactual,"{""w_0"": 67.623566, ""w_1"": 67.489281, ""w_2"": 67.162666, ""w_3"": 67.24324, ""w_4"": 67.045677, ""w_5"": 67.464539, ""w_6"": 67.606972, ""w_7"": 67.418121, ""w_8"": 67.525627, ""w_9"": 66.755074, ""w_10"": 67.17807, ""w_11"": 67.109299, ""w_12"": 67.252045, ""w_13"": 67.268913, ""w_14"": 66.876213, ""w_15"": 66.574013, ""w_16"": 66.254166, ""w_17"": 66.273132, ""w_18"": 66.343719, ""w_19"": 66.701164, ""w_20"": 66.616348}"
562,AU3CB0258465,2021-07-30,0,factual,"{""w_0"": 67.04567681, ""w_1"": 67.4645401675, ""w_2"": 67.606975455, ""w_3"": 67.41811755, ""w_4"": 67.52562753000001, ""w_5"": 66.75507044999999, ""w_6"": 67.17807, ""w_7"": 67.1093016, ""w_8"": 67.2520454, ""w_9"": 67.26891407000001, ""w_10"": 66.8762132, ""w_11"": 66.57401628, ""w_12"": 66.25416885, ""w_13"": 66.27313405, ""w_14"": 66.34371599999999, ""w_15"": 66.701162045, ""w_16"": 66.61634535, ""w_17"": 66.595734, ""w_18"": 66.36344663000001, ""w_19"": 66.29538190000001, ""w_20"": 66.23127647999999}"
562,AU3CB0258465,2021-07-30,0,counterfactual,"{""w_0"": 67.623566, ""w_1"": 67.489281, ""w_2"": 67.162666, ""w_3"": 67.24324, ""w_4"": 67.045677, ""w_5"": 67.464539, ""w_6"": 67.606972, ""w_7"": 67.418121, ""w_8"": 67.525627, ""w_9"": 66.755074, ""w_10"": 67.17807, ""w_11"": 67.109299, ""w_12"": 67.252045, ""w_13"": 67.268913, ""w_14"": 66.876213, ""w_15"": 66.574013, ""w_16"": 66.254166, ""w_17"": 66.273132, ""w_18"": 66.343719, ""w_19"": 66.701164, ""w_20"": 66.616348}"
563,AU3CB0258465,2021-08-02,0,factual,"{""w_0"": 67.4645401675, ""w_1"": 67.606975455, ""w_2"": 67.41811755, ""w_3"": 67.52562753000001, ""w_4"": 66.75507044999999, ""w_5"": 67.17807, ""w_6"": 67.1093016, ""w_7"": 67.2520454, ""w_8"": 67.26891407000001, ""w_9"": 66.8762132, ""w_10"": 66.57401628, ""w_11"": 66.25416885, ""w_12"": 66.27313405, ""w_13"": 66.34371599999999, ""w_14"": 66.701162045, ""w_15"": 66.61634535, ""w_16"": 66.595734, ""w_17"": 66.36344663000001, ""w_18"": 66.29538190000001, ""w_19"": 66.23127647999999, ""w_20"": 65.87667144}"
563,AU3CB0258465,2021-08-02,0,counterfactual,"{""w_0"": 67.623566, ""w_1"": 67.489281, ""w_2"": 67.162666, ""w_3"": 67.24324, ""w_4"": 67.045677, ""w_5"": 67.464539, ""w_6"": 67.606972, ""w_7"": 67.418121, ""w_8"": 67.525627, ""w_9"": 66.755074, ""w_10"": 67.17807, ""w_11"": 67.109299, ""w_12"": 67.252045, ""w_13"": 67.268913, ""w_14"": 66.876213, ""w_15"": 66.574013, ""w_16"": 66.254166, ""w_17"": 66.273132, ""w_18"": 66.343719, ""w_19"": 66.701164, ""w_20"": 66.616348}"
564,AU3CB0258465,2021-08-03,0,factual,"{""w_0"": 67.606975455, ""w_1"": 67.41811755, ""w_2"": 67.52562753000001, ""w_3"": 66.75507044999999, ""w_4"": 67.17807, ""w_5"": 67.1093016, ""w_6"": 67.2520454, ""w_7"": 67.26891407000001, ""w_8"": 66.8762132, ""w_9"": 66.57401628, ""w_10"": 66.25416885, ""w_11"": 66.27313405, ""w_12"": 66.34371599999999, ""w_13"": 66.701162045, ""w_14"": 66.61634535, ""w_15"": 66.595734, ""w_16"": 66.36344663000001, ""w_17"": 66.29538190000001, ""w_18"": 66.23127647999999, ""w_19"": 65.87667144, ""w_20"": 65.95411647}"
564,AU3CB0258465,2021-08-03,0,counterfactual,"{""w_0"": 70.255402, ""w_1"": 69.386322, ""w_2"": 68.895432, ""w_3"": 69.265045, ""w_4"": 69.477646, ""w_5"": 69.039612, ""w_6"": 69.10498, ""w_7"": 69.271469, ""w_8"": 69.246796, ""w_9"": 69.55349, ""w_10"": 69.566483, ""w_11"": 69.650436, ""w_12"": 69.642639, ""w_13"": 69.715126, ""w_14"": 69.840904, ""w_15"": 69.894211, ""w_16"": 69.770966, ""w_17"": 69.721886, ""w_18"": 69.648186, ""w_19"": 68.934288, ""w_20"": 68.932968}"
566,AU3CB0258465,2021-08-05,0,factual,"{""w_0"": 67.52562753000001, ""w_1"": 66.75507044999999, ""w_2"": 67.17807, ""w_3"": 67.1093016, ""w_4"": 67.2520454, ""w_5"": 67.26891407000001, ""w_6"": 66.8762132, ""w_7"": 66.57401628, ""w_8"": 66.25416885, ""w_9"": 66.27313405, ""w_10"": 66.34371599999999, ""w_11"": 66.701162045, ""w_12"": 66.61634535, ""w_13"": 66.595734, ""w_14"": 66.36344663000001, ""w_15"": 66.29538190000001, ""w_16"": 66.23127647999999, ""w_17"": 65.87667144, ""w_18"": 65.95411647, ""w_19"": 66.32520436, ""w_20"": 66.322593415}"
566,AU3CB0258465,2021-08-05,0,counterfactual,"{""w_0"": 67.418121, ""w_1"": 67.525627, ""w_2"": 66.755074, ""w_3"": 67.17807, ""w_4"": 67.109299, ""w_5"": 67.252045, ""w_6"": 67.268913, ""w_7"": 66.876213, ""w_8"": 66.574013, ""w_9"": 66.254166, ""w_10"": 66.273132, ""w_11"": 66.343719, ""w_12"": 66.701164, ""w_13"": 66.616348, ""w_14"": 66.595734, ""w_15"": 66.363449, ""w_16"": 66.29538, ""w_17"": 66.231277, ""w_18"": 65.876671, ""w_19"": 65.954117, ""w_20"": 66.325203}"
565,AU3CB0258465,2021-08-04,0,factual,"{""w_0"": 67.41811755, ""w_1"": 67.52562753000001, ""w_2"": 66.75507044999999, ""w_3"": 67.17807, ""w_4"": 67.1093016, ""w_5"": 67.2520454, ""w_6"": 67.26891407000001, ""w_7"": 66.8762132, ""w_8"": 66.57401628, ""w_9"": 66.25416885, ""w_10"": 66.27313405, ""w_11"": 66.34371599999999, ""w_12"": 66.701162045, ""w_13"": 66.61634535, ""w_14"": 66.595734, ""w_15"": 66.36344663000001, ""w_16"": 66.29538190000001, ""w_17"": 66.23127647999999, ""w_18"": 65.87667144, ""w_19"": 65.95411647, ""w_20"": 66.32520436}"
565,AU3CB0258465,2021-08-04,0,counterfactual,"{""w_0"": 67.606972, ""w_1"": 67.418121, ""w_2"": 67.525627, ""w_3"": 66.755074, ""w_4"": 67.17807, ""w_5"": 67.109299, ""w_6"": 67.252045, ""w_7"": 67.268913, ""w_8"": 66.876213, ""w_9"": 66.574013, ""w_10"": 66.254166, ""w_11"": 66.273132, ""w_12"": 66.343719, ""w_13"": 66.701164, ""w_14"": 66.616348, ""w_15"": 66.595734, ""w_16"": 66.363449, ""w_17"": 66.29538, ""w_18"": 66.231277, ""w_19"": 65.876671, ""w_20"": 65.954117}"
567,AU3CB0258465,2021-08-06,0,factual,"{""w_0"": 66.75507044999999, ""w_1"": 67.17807, ""w_2"": 67.1093016, ""w_3"": 67.2520454, ""w_4"": 67.26891407000001, ""w_5"": 66.8762132, ""w_6"": 66.57401628, ""w_7"": 66.25416885, ""w_8"": 66.27313405, ""w_9"": 66.34371599999999, ""w_10"": 66.701162045, ""w_11"": 66.61634535, ""w_12"": 66.595734, ""w_13"": 66.36344663000001, ""w_14"": 66.29538190000001, ""w_15"": 66.23127647999999, ""w_16"": 65.87667144, ""w_17"": 65.95411647, ""w_18"": 66.32520436, ""w_19"": 66.322593415, ""w_20"": 66.50390916}"
567,AU3CB0258465,2021-08-06,0,counterfactual,"{""w_0"": 67.525627, ""w_1"": 66.755074, ""w_2"": 67.17807, ""w_3"": 67.109299, ""w_4"": 67.252045, ""w_5"": 67.268913, ""w_6"": 66.876213, ""w_7"": 66.574013, ""w_8"": 66.254166, ""w_9"": 66.273132, ""w_10"": 66.343719, ""w_11"": 66.701164, ""w_12"": 66.616348, ""w_13"": 66.595734, ""w_14"": 66.363449, ""w_15"": 66.29538, ""w_16"": 66.231277, ""w_17"": 65.876671, ""w_18"": 65.954117, ""w_19"": 66.325203, ""w_20"": 66.322594}"
568,AU3CB0258465,2021-08-09,0,factual,"{""w_0"": 67.17807, ""w_1"": 67.1093016, ""w_2"": 67.2520454, ""w_3"": 67.26891407000001, ""w_4"": 66.8762132, ""w_5"": 66.57401628, ""w_6"": 66.25416885, ""w_7"": 66.27313405, ""w_8"": 66.34371599999999, ""w_9"": 66.701162045, ""w_10"": 66.61634535, ""w_11"": 66.595734, ""w_12"": 66.36344663000001, ""w_13"": 66.29538190000001, ""w_14"": 66.23127647999999, ""w_15"": 65.87667144, ""w_16"": 65.95411647, ""w_17"": 66.32520436, ""w_18"": 66.322593415, ""w_19"": 66.50390916, ""w_20"": 66.36402645}"
568,AU3CB0258465,2021-08-09,0,counterfactual,"{""w_0"": 67.162666, ""w_1"": 67.24324, ""w_2"": 67.045677, ""w_3"": 67.464539, ""w_4"": 67.606972, ""w_5"": 67.418121, ""w_6"": 67.525627, ""w_7"": 66.755074, ""w_8"": 67.17807, ""w_9"": 67.109299, ""w_10"": 67.252045, ""w_11"": 67.268913, ""w_12"": 66.876213, ""w_13"": 66.574013, ""w_14"": 66.254166, ""w_15"": 66.273132, ""w_16"": 66.343719, ""w_17"": 66.701164, ""w_18"": 66.616348, ""w_19"": 66.595734, ""w_20"": 66.363449}"
569,AU3CB0258465,2021-08-10,0,factual,"{""w_0"": 67.1093016, ""w_1"": 67.2520454, ""w_2"": 67.26891407000001, ""w_3"": 66.8762132, ""w_4"": 66.57401628, ""w_5"": 66.25416885, ""w_6"": 66.27313405, ""w_7"": 66.34371599999999, ""w_8"": 66.701162045, ""w_9"": 66.61634535, ""w_10"": 66.595734, ""w_11"": 66.36344663000001, ""w_12"": 66.29538190000001, ""w_13"": 66.23127647999999, ""w_14"": 65.87667144, ""w_15"": 65.95411647, ""w_16"": 66.32520436, ""w_17"": 66.322593415, ""w_18"": 66.50390916, ""w_19"": 66.36402645, ""w_20"": 66.36310519999999}"
569,AU3CB0258465,2021-08-10,0,counterfactual,"{""w_0"": 67.17807, ""w_1"": 67.109299, ""w_2"": 67.252045, ""w_3"": 67.268913, ""w_4"": 66.876213, ""w_5"": 66.574013, ""w_6"": 66.254166, ""w_7"": 66.273132, ""w_8"": 66.343719, ""w_9"": 66.701164, ""w_10"": 66.616348, ""w_11"": 66.595734, ""w_12"": 66.363449, ""w_13"": 66.29538, ""w_14"": 66.231277, ""w_15"": 65.876671, ""w_16"": 65.954117, ""w_17"": 66.325203, ""w_18"": 66.322594, ""w_19"": 66.503906, ""w_20"": 66.364029}"
570,AU3CB0258465,2021-08-11,0,factual,"{""w_0"": 67.2520454, ""w_1"": 67.26891407000001, ""w_2"": 66.8762132, ""w_3"": 66.57401628, ""w_4"": 66.25416885, ""w_5"": 66.27313405, ""w_6"": 66.34371599999999, ""w_7"": 66.701162045, ""w_8"": 66.61634535, ""w_9"": 66.595734, ""w_10"": 66.36344663000001, ""w_11"": 66.29538190000001, ""w_12"": 66.23127647999999, ""w_13"": 65.87667144, ""w_14"": 65.95411647, ""w_15"": 66.32520436, ""w_16"": 66.322593415, ""w_17"": 66.50390916, ""w_18"": 66.36402645, ""w_19"": 66.36310519999999, ""w_20"": 66.6066401}"
570,AU3CB0258465,2021-08-11,0,counterfactual,"{""w_0"": 66.755074, ""w_1"": 66.755074, ""w_2"": 66.755074, ""w_3"": 66.755074, ""w_4"": 66.574013, ""w_5"": 66.254166, ""w_6"": 66.254166, ""w_7"": 66.254166, ""w_8"": 66.574013, ""w_9"": 66.254166, ""w_10"": 66.273132, ""w_11"": 66.343719, ""w_12"": 66.595734, ""w_13"": 66.231277, ""w_14"": 65.876671, ""w_15"": 66.701164, ""w_16"": 65.876671, ""w_17"": 65.954117, ""w_18"": 65.876671, ""w_19"": 66.322594, ""w_20"": 65.876671}"
571,AU3CB0258465,2021-08-12,0,factual,"{""w_0"": 67.26891407000001, ""w_1"": 66.8762132, ""w_2"": 66.57401628, ""w_3"": 66.25416885, ""w_4"": 66.27313405, ""w_5"": 66.34371599999999, ""w_6"": 66.701162045, ""w_7"": 66.61634535, ""w_8"": 66.595734, ""w_9"": 66.36344663000001, ""w_10"": 66.29538190000001, ""w_11"": 66.23127647999999, ""w_12"": 65.87667144, ""w_13"": 65.95411647, ""w_14"": 66.32520436, ""w_15"": 66.322593415, ""w_16"": 66.50390916, ""w_17"": 66.36402645, ""w_18"": 66.36310519999999, ""w_19"": 66.6066401, ""w_20"": 66.71015249999999}"
571,AU3CB0258465,2021-08-12,0,counterfactual,"{""w_0"": 67.252045, ""w_1"": 67.268913, ""w_2"": 66.876213, ""w_3"": 66.574013, ""w_4"": 66.254166, ""w_5"": 66.273132, ""w_6"": 66.343719, ""w_7"": 66.701164, ""w_8"": 66.616348, ""w_9"": 66.595734, ""w_10"": 66.363449, ""w_11"": 66.29538, ""w_12"": 66.231277, ""w_13"": 65.876671, ""w_14"": 65.954117, ""w_15"": 66.325203, ""w_16"": 66.322594, ""w_17"": 66.503906, ""w_18"": 66.364029, ""w_19"": 66.363106, ""w_20"": 66.606644}"
573,AU3CB0258465,2021-08-16,0,factual,"{""w_0"": 66.57401628, ""w_1"": 66.25416885, ""w_2"": 66.27313405, ""w_3"": 66.34371599999999, ""w_4"": 66.701162045, ""w_5"": 66.61634535, ""w_6"": 66.595734, ""w_7"": 66.36344663000001, ""w_8"": 66.29538190000001, ""w_9"": 66.23127647999999, ""w_10"": 65.87667144, ""w_11"": 65.95411647, ""w_12"": 66.32520436, ""w_13"": 66.322593415, ""w_14"": 66.50390916, ""w_15"": 66.36402645, ""w_16"": 66.36310519999999, ""w_17"": 66.6066401, ""w_18"": 66.71015249999999, ""w_19"": 66.49646739, ""w_20"": 66.42431800000001}"
573,AU3CB0258465,2021-08-16,0,counterfactual,"{""w_0"": 66.755074, ""w_1"": 66.574013, ""w_2"": 66.254166, ""w_3"": 66.254166, ""w_4"": 67.268913, ""w_5"": 66.273132, ""w_6"": 66.254166, ""w_7"": 66.254166, ""w_8"": 66.616348, ""w_9"": 66.343719, ""w_10"": 66.363449, ""w_11"": 65.876671, ""w_12"": 65.876671, ""w_13"": 66.363449, ""w_14"": 65.954117, ""w_15"": 66.325203, ""w_16"": 65.876671, ""w_17"": 65.954117, ""w_18"": 66.325203, ""w_19"": 66.363106, ""w_20"": 66.503906}"
572,AU3CB0258465,2021-08-13,0,factual,"{""w_0"": 66.8762132, ""w_1"": 66.57401628, ""w_2"": 66.25416885, ""w_3"": 66.27313405, ""w_4"": 66.34371599999999, ""w_5"": 66.701162045, ""w_6"": 66.61634535, ""w_7"": 66.595734, ""w_8"": 66.36344663000001, ""w_9"": 66.29538190000001, ""w_10"": 66.23127647999999, ""w_11"": 65.87667144, ""w_12"": 65.95411647, ""w_13"": 66.32520436, ""w_14"": 66.322593415, ""w_15"": 66.50390916, ""w_16"": 66.36402645, ""w_17"": 66.36310519999999, ""w_18"": 66.6066401, ""w_19"": 66.71015249999999, ""w_20"": 66.49646739}"
572,AU3CB0258465,2021-08-13,0,counterfactual,"{""w_0"": 66.755074, ""w_1"": 66.755074, ""w_2"": 66.574013, ""w_3"": 66.254166, ""w_4"": 66.254166, ""w_5"": 66.254166, ""w_6"": 66.755074, ""w_7"": 66.254166, ""w_8"": 66.701164, ""w_9"": 66.254166, ""w_10"": 66.595734, ""w_11"": 66.363449, ""w_12"": 66.574013, ""w_13"": 66.231277, ""w_14"": 66.273132, ""w_15"": 66.343719, ""w_16"": 66.325203, ""w_17"": 65.876671, ""w_18"": 66.503906, ""w_19"": 66.364029, ""w_20"": 65.876671}"
574,AU3CB0258465,2021-08-17,0,factual,"{""w_0"": 66.25416885, ""w_1"": 66.27313405, ""w_2"": 66.34371599999999, ""w_3"": 66.701162045, ""w_4"": 66.61634535, ""w_5"": 66.595734, ""w_6"": 66.36344663000001, ""w_7"": 66.29538190000001, ""w_8"": 66.23127647999999, ""w_9"": 65.87667144, ""w_10"": 65.95411647, ""w_11"": 66.32520436, ""w_12"": 66.322593415, ""w_13"": 66.50390916, ""w_14"": 66.36402645, ""w_15"": 66.36310519999999, ""w_16"": 66.6066401, ""w_17"": 66.71015249999999, ""w_18"": 66.49646739, ""w_19"": 66.42431800000001, ""w_20"": 66.2769205}"
574,AU3CB0258465,2021-08-17,0,counterfactual,"{""w_0"": 66.574013, ""w_1"": 66.254166, ""w_2"": 66.254166, ""w_3"": 66.273132, ""w_4"": 66.254166, ""w_5"": 66.701164, ""w_6"": 66.616348, ""w_7"": 66.254166, ""w_8"": 66.363449, ""w_9"": 66.231277, ""w_10"": 65.876671, ""w_11"": 66.595734, ""w_12"": 65.876671, ""w_13"": 65.876671, ""w_14"": 66.322594, ""w_15"": 66.503906, ""w_16"": 66.364029, ""w_17"": 66.363106, ""w_18"": 66.322594, ""w_19"": 65.876671, ""w_20"": 65.876671}"
575,AU3CB0258465,2021-08-18,0,factual,"{""w_0"": 66.27313405, ""w_1"": 66.34371599999999, ""w_2"": 66.701162045, ""w_3"": 66.61634535, ""w_4"": 66.595734, ""w_5"": 66.36344663000001, ""w_6"": 66.29538190000001, ""w_7"": 66.23127647999999, ""w_8"": 65.87667144, ""w_9"": 65.95411647, ""w_10"": 66.32520436, ""w_11"": 66.322593415, ""w_12"": 66.50390916, ""w_13"": 66.36402645, ""w_14"": 66.36310519999999, ""w_15"": 66.6066401, ""w_16"": 66.71015249999999, ""w_17"": 66.49646739, ""w_18"": 66.42431800000001, ""w_19"": 66.2769205, ""w_20"": 65.90803877500001}"
575,AU3CB0258465,2021-08-18,0,counterfactual,"{""w_0"": 66.254166, ""w_1"": 66.254166, ""w_2"": 66.254166, ""w_3"": 67.252045, ""w_4"": 66.701164, ""w_5"": 66.254166, ""w_6"": 66.254166, ""w_7"": 66.343719, ""w_8"": 66.231277, ""w_9"": 65.876671, ""w_10"": 66.231277, ""w_11"": 65.876671, ""w_12"": 66.595734, ""w_13"": 66.363449, ""w_14"": 66.503906, ""w_15"": 66.503906, ""w_16"": 66.364029, ""w_17"": 65.876671, ""w_18"": 66.606644, ""w_19"": 66.322594, ""w_20"": 66.496468}"
576,AU3CB0258465,2021-08-19,0,factual,"{""w_0"": 66.34371599999999, ""w_1"": 66.701162045, ""w_2"": 66.61634535, ""w_3"": 66.595734, ""w_4"": 66.36344663000001, ""w_5"": 66.29538190000001, ""w_6"": 66.23127647999999, ""w_7"": 65.87667144, ""w_8"": 65.95411647, ""w_9"": 66.32520436, ""w_10"": 66.322593415, ""w_11"": 66.50390916, ""w_12"": 66.36402645, ""w_13"": 66.36310519999999, ""w_14"": 66.6066401, ""w_15"": 66.71015249999999, ""w_16"": 66.49646739, ""w_17"": 66.42431800000001, ""w_18"": 66.2769205, ""w_19"": 65.90803877500001, ""w_20"": 65.73930867}"
576,AU3CB0258465,2021-08-19,0,counterfactual,"{""w_0"": 66.254166, ""w_1"": 66.254166, ""w_2"": 66.254166, ""w_3"": 66.343719, ""w_4"": 66.254166, ""w_5"": 66.254166, ""w_6"": 66.254166, ""w_7"": 66.231277, ""w_8"": 65.876671, ""w_9"": 66.29538, ""w_10"": 65.876671, ""w_11"": 66.595734, ""w_12"": 65.876671, ""w_13"": 66.29538, ""w_14"": 66.231277, ""w_15"": 66.503906, ""w_16"": 66.364029, ""w_17"": 66.325203, ""w_18"": 66.606644, ""w_19"": 65.876671, ""w_20"": 65.876671}"
577,AU3CB0258465,2021-08-20,0,factual,"{""w_0"": 66.701162045, ""w_1"": 66.61634535, ""w_2"": 66.595734, ""w_3"": 66.36344663000001, ""w_4"": 66.29538190000001, ""w_5"": 66.23127647999999, ""w_6"": 65.87667144, ""w_7"": 65.95411647, ""w_8"": 66.32520436, ""w_9"": 66.322593415, ""w_10"": 66.50390916, ""w_11"": 66.36402645, ""w_12"": 66.36310519999999, ""w_13"": 66.6066401, ""w_14"": 66.71015249999999, ""w_15"": 66.49646739, ""w_16"": 66.42431800000001, ""w_17"": 66.2769205, ""w_18"": 65.90803877500001, ""w_19"": 65.73930867, ""w_20"": 65.12844154999999}"
577,AU3CB0258465,2021-08-20,0,counterfactual,"{""w_0"": 66.254166, ""w_1"": 66.254166, ""w_2"": 66.254166, ""w_3"": 66.254166, ""w_4"": 66.574013, ""w_5"": 66.254166, ""w_6"": 66.231277, ""w_7"": 66.254166, ""w_8"": 66.273132, ""w_9"": 66.343719, ""w_10"": 66.701164, ""w_11"": 65.876671, ""w_12"": 66.595734, ""w_13"": 66.363449, ""w_14"": 65.876671, ""w_15"": 66.503906, ""w_16"": 65.876671, ""w_17"": 65.876671, ""w_18"": 65.876671, ""w_19"": 65.876671, ""w_20"": 65.739311}"
578,AU3CB0258465,2021-08-23,0,factual,"{""w_0"": 66.61634535, ""w_1"": 66.595734, ""w_2"": 66.36344663000001, ""w_3"": 66.29538190000001, ""w_4"": 66.23127647999999, ""w_5"": 65.87667144, ""w_6"": 65.95411647, ""w_7"": 66.32520436, ""w_8"": 66.322593415, ""w_9"": 66.50390916, ""w_10"": 66.36402645, ""w_11"": 66.36310519999999, ""w_12"": 66.6066401, ""w_13"": 66.71015249999999, ""w_14"": 66.49646739, ""w_15"": 66.42431800000001, ""w_16"": 66.2769205, ""w_17"": 65.90803877500001, ""w_18"": 65.73930867, ""w_19"": 65.12844154999999, ""w_20"": 64.92756442000001}"
578,AU3CB0258465,2021-08-23,0,counterfactual,"{""w_0"": 66.254166, ""w_1"": 66.876213, ""w_2"": 66.574013, ""w_3"": 66.254166, ""w_4"": 66.254166, ""w_5"": 66.231277, ""w_6"": 67.525627, ""w_7"": 65.876671, ""w_8"": 66.616348, ""w_9"": 65.876671, ""w_10"": 66.29538, ""w_11"": 66.231277, ""w_12"": 66.231277, ""w_13"": 66.273132, ""w_14"": 65.876671, ""w_15"": 65.876671, ""w_16"": 66.322594, ""w_17"": 65.876671, ""w_18"": 65.876671, ""w_19"": 66.29538, ""w_20"": 65.128441}"
580,AU3CB0258465,2021-08-25,0,factual,"{""w_0"": 66.36344663000001, ""w_1"": 66.29538190000001, ""w_2"": 66.23127647999999, ""w_3"": 65.87667144, ""w_4"": 65.95411647, ""w_5"": 66.32520436, ""w_6"": 66.322593415, ""w_7"": 66.50390916, ""w_8"": 66.36402645, ""w_9"": 66.36310519999999, ""w_10"": 66.6066401, ""w_11"": 66.71015249999999, ""w_12"": 66.49646739, ""w_13"": 66.42431800000001, ""w_14"": 66.2769205, ""w_15"": 65.90803877500001, ""w_16"": 65.73930867, ""w_17"": 65.12844154999999, ""w_18"": 64.92756442000001, ""w_19"": 65.2646232, ""w_20"": 65.561515035}"
580,AU3CB0258465,2021-08-25,0,counterfactual,"{""w_0"": 66.254166, ""w_1"": 66.254166, ""w_2"": 66.254166, ""w_3"": 66.231277, ""w_4"": 65.876671, ""w_5"": 65.876671, ""w_6"": 65.876671, ""w_7"": 65.876671, ""w_8"": 66.574013, ""w_9"": 66.876213, ""w_10"": 65.876671, ""w_11"": 66.343719, ""w_12"": 65.876671, ""w_13"": 65.876671, ""w_14"": 65.876671, ""w_15"": 65.876671, ""w_16"": 65.876671, ""w_17"": 65.739311, ""w_18"": 65.128441, ""w_19"": 64.927567, ""w_20"": 64.927567}"
579,AU3CB0258465,2021-08-24,0,factual,"{""w_0"": 66.595734, ""w_1"": 66.36344663000001, ""w_2"": 66.29538190000001, ""w_3"": 66.23127647999999, ""w_4"": 65.87667144, ""w_5"": 65.95411647, ""w_6"": 66.32520436, ""w_7"": 66.322593415, ""w_8"": 66.50390916, ""w_9"": 66.36402645, ""w_10"": 66.36310519999999, ""w_11"": 66.6066401, ""w_12"": 66.71015249999999, ""w_13"": 66.49646739, ""w_14"": 66.42431800000001, ""w_15"": 66.2769205, ""w_16"": 65.90803877500001, ""w_17"": 65.73930867, ""w_18"": 65.12844154999999, ""w_19"": 64.92756442000001, ""w_20"": 65.2646232}"
579,AU3CB0258465,2021-08-24,0,counterfactual,"{""w_0"": 66.254166, ""w_1"": 66.254166, ""w_2"": 66.254166, ""w_3"": 66.254166, ""w_4"": 66.231277, ""w_5"": 65.876671, ""w_6"": 66.701164, ""w_7"": 66.616348, ""w_8"": 66.595734, ""w_9"": 66.363449, ""w_10"": 65.876671, ""w_11"": 65.876671, ""w_12"": 66.231277, ""w_13"": 65.954117, ""w_14"": 65.876671, ""w_15"": 66.322594, ""w_16"": 65.876671, ""w_17"": 65.876671, ""w_18"": 65.739311, ""w_19"": 65.128441, ""w_20"": 64.927567}"
581,AU3CB0258465,2021-08-26,0,factual,"{""w_0"": 66.29538190000001, ""w_1"": 66.23127647999999, ""w_2"": 65.87667144, ""w_3"": 65.95411647, ""w_4"": 66.32520436, ""w_5"": 66.322593415, ""w_6"": 66.50390916, ""w_7"": 66.36402645, ""w_8"": 66.36310519999999, ""w_9"": 66.6066401, ""w_10"": 66.71015249999999, ""w_11"": 66.49646739, ""w_12"": 66.42431800000001, ""w_13"": 66.2769205, ""w_14"": 65.90803877500001, ""w_15"": 65.73930867, ""w_16"": 65.12844154999999, ""w_17"": 64.92756442000001, ""w_18"": 65.2646232, ""w_19"": 65.561515035, ""w_20"": 65.69467413699999}"
581,AU3CB0258465,2021-08-26,0,counterfactual,"{""w_0"": 66.254166, ""w_1"": 66.254166, ""w_2"": 66.231277, ""w_3"": 65.876671, ""w_4"": 66.273132, ""w_5"": 66.755074, ""w_6"": 66.701164, ""w_7"": 65.876671, ""w_8"": 66.595734, ""w_9"": 65.876671, ""w_10"": 66.876213, ""w_11"": 65.876671, ""w_12"": 65.876671, ""w_13"": 65.876671, ""w_14"": 65.876671, ""w_15"": 66.322594, ""w_16"": 65.739311, ""w_17"": 65.128441, ""w_18"": 66.363106, ""w_19"": 64.927567, ""w_20"": 64.927567}"
582,AU3CB0258465,2021-08-27,0,factual,"{""w_0"": 66.23127647999999, ""w_1"": 65.87667144, ""w_2"": 65.95411647, ""w_3"": 66.32520436, ""w_4"": 66.322593415, ""w_5"": 66.50390916, ""w_6"": 66.36402645, ""w_7"": 66.36310519999999, ""w_8"": 66.6066401, ""w_9"": 66.71015249999999, ""w_10"": 66.49646739, ""w_11"": 66.42431800000001, ""w_12"": 66.2769205, ""w_13"": 65.90803877500001, ""w_14"": 65.73930867, ""w_15"": 65.12844154999999, ""w_16"": 64.92756442000001, ""w_17"": 65.2646232, ""w_18"": 65.561515035, ""w_19"": 65.69467413699999, ""w_20"": 65.425968}"
582,AU3CB0258465,2021-08-27,0,counterfactual,"{""w_0"": 66.254166, ""w_1"": 66.231277, ""w_2"": 65.876671, ""w_3"": 65.876671, ""w_4"": 65.876671, ""w_5"": 65.876671, ""w_6"": 65.876671, ""w_7"": 67.24324, ""w_8"": 66.574013, ""w_9"": 66.254166, ""w_10"": 65.876671, ""w_11"": 66.343719, ""w_12"": 65.876671, ""w_13"": 65.876671, ""w_14"": 66.595734, ""w_15"": 65.739311, ""w_16"": 65.128441, ""w_17"": 64.927567, ""w_18"": 65.876671, ""w_19"": 64.927567, ""w_20"": 66.325203}"
584,AU3CB0258465,2021-08-31,0,factual,"{""w_0"": 65.95411647, ""w_1"": 66.32520436, ""w_2"": 66.322593415, ""w_3"": 66.50390916, ""w_4"": 66.36402645, ""w_5"": 66.36310519999999, ""w_6"": 66.6066401, ""w_7"": 66.71015249999999, ""w_8"": 66.49646739, ""w_9"": 66.42431800000001, ""w_10"": 66.2769205, ""w_11"": 65.90803877500001, ""w_12"": 65.73930867, ""w_13"": 65.12844154999999, ""w_14"": 64.92756442000001, ""w_15"": 65.2646232, ""w_16"": 65.561515035, ""w_17"": 65.69467413699999, ""w_18"": 65.425968, ""w_19"": 65.92216341, ""w_20"": 65.66407197000001}"
584,AU3CB0258465,2021-08-31,0,counterfactual,"{""w_0"": 65.876671, ""w_1"": 65.954117, ""w_2"": 66.325203, ""w_3"": 66.322594, ""w_4"": 66.503906, ""w_5"": 66.364029, ""w_6"": 66.363106, ""w_7"": 66.606644, ""w_8"": 66.710152, ""w_9"": 66.496468, ""w_10"": 66.424316, ""w_11"": 66.276924, ""w_12"": 65.908035, ""w_13"": 65.739311, ""w_14"": 65.128441, ""w_15"": 64.927567, ""w_16"": 65.264626, ""w_17"": 65.561516, ""w_18"": 65.694672, ""w_19"": 65.425964, ""w_20"": 65.922165}"
585,AU3CB0258465,2021-09-01,0,factual,"{""w_0"": 66.32520436, ""w_1"": 66.322593415, ""w_2"": 66.50390916, ""w_3"": 66.36402645, ""w_4"": 66.36310519999999, ""w_5"": 66.6066401, ""w_6"": 66.71015249999999, ""w_7"": 66.49646739, ""w_8"": 66.42431800000001, ""w_9"": 66.2769205, ""w_10"": 65.90803877500001, ""w_11"": 65.73930867, ""w_12"": 65.12844154999999, ""w_13"": 64.92756442000001, ""w_14"": 65.2646232, ""w_15"": 65.561515035, ""w_16"": 65.69467413699999, ""w_17"": 65.425968, ""w_18"": 65.92216341, ""w_19"": 65.66407197000001, ""w_20"": 65.84493513}"
585,AU3CB0258465,2021-09-01,0,counterfactual,"{""w_0"": 65.954117, ""w_1"": 66.325203, ""w_2"": 66.322594, ""w_3"": 66.503906, ""w_4"": 66.364029, ""w_5"": 66.363106, ""w_6"": 66.606644, ""w_7"": 66.710152, ""w_8"": 66.496468, ""w_9"": 66.424316, ""w_10"": 66.276924, ""w_11"": 65.908035, ""w_12"": 65.739311, ""w_13"": 65.128441, ""w_14"": 64.927567, ""w_15"": 65.264626, ""w_16"": 65.561516, ""w_17"": 65.694672, ""w_18"": 65.425964, ""w_19"": 65.922165, ""w_20"": 65.66407}"
583,AU3CB0258465,2021-08-30,0,factual,"{""w_0"": 65.87667144, ""w_1"": 65.95411647, ""w_2"": 66.32520436, ""w_3"": 66.322593415, ""w_4"": 66.50390916, ""w_5"": 66.36402645, ""w_6"": 66.36310519999999, ""w_7"": 66.6066401, ""w_8"": 66.71015249999999, ""w_9"": 66.49646739, ""w_10"": 66.42431800000001, ""w_11"": 66.2769205, ""w_12"": 65.90803877500001, ""w_13"": 65.73930867, ""w_14"": 65.12844154999999, ""w_15"": 64.92756442000001, ""w_16"": 65.2646232, ""w_17"": 65.561515035, ""w_18"": 65.69467413699999, ""w_19"": 65.425968, ""w_20"": 65.92216341}"
583,AU3CB0258465,2021-08-30,0,counterfactual,"{""w_0"": 66.231277, ""w_1"": 65.876671, ""w_2"": 65.876671, ""w_3"": 65.876671, ""w_4"": 65.876671, ""w_5"": 65.876671, ""w_6"": 67.606972, ""w_7"": 65.876671, ""w_8"": 65.876671, ""w_9"": 65.876671, ""w_10"": 65.876671, ""w_11"": 65.876671, ""w_12"": 65.876671, ""w_13"": 65.876671, ""w_14"": 65.739311, ""w_15"": 65.128441, ""w_16"": 64.927567, ""w_17"": 66.273132, ""w_18"": 64.927567, ""w_19"": 64.927567, ""w_20"": 66.616348}"
587,AU3CB0258465,2021-09-03,0,factual,"{""w_0"": 66.50390916, ""w_1"": 66.36402645, ""w_2"": 66.36310519999999, ""w_3"": 66.6066401, ""w_4"": 66.71015249999999, ""w_5"": 66.49646739, ""w_6"": 66.42431800000001, ""w_7"": 66.2769205, ""w_8"": 65.90803877500001, ""w_9"": 65.73930867, ""w_10"": 65.12844154999999, ""w_11"": 64.92756442000001, ""w_12"": 65.2646232, ""w_13"": 65.561515035, ""w_14"": 65.69467413699999, ""w_15"": 65.425968, ""w_16"": 65.92216341, ""w_17"": 65.66407197000001, ""w_18"": 65.84493513, ""w_19"": 66.09947353999999, ""w_20"": 66.17934904}"
587,AU3CB0258465,2021-09-03,0,counterfactual,"{""w_0"": 66.325203, ""w_1"": 66.322594, ""w_2"": 66.503906, ""w_3"": 66.364029, ""w_4"": 66.363106, ""w_5"": 66.606644, ""w_6"": 66.710152, ""w_7"": 66.496468, ""w_8"": 66.424316, ""w_9"": 66.276924, ""w_10"": 65.908035, ""w_11"": 65.739311, ""w_12"": 65.128441, ""w_13"": 64.927567, ""w_14"": 65.264626, ""w_15"": 65.561516, ""w_16"": 65.694672, ""w_17"": 65.425964, ""w_18"": 65.922165, ""w_19"": 65.66407, ""w_20"": 65.844933}"
586,AU3CB0258465,2021-09-02,0,factual,"{""w_0"": 66.322593415, ""w_1"": 66.50390916, ""w_2"": 66.36402645, ""w_3"": 66.36310519999999, ""w_4"": 66.6066401, ""w_5"": 66.71015249999999, ""w_6"": 66.49646739, ""w_7"": 66.42431800000001, ""w_8"": 66.2769205, ""w_9"": 65.90803877500001, ""w_10"": 65.73930867, ""w_11"": 65.12844154999999, ""w_12"": 64.92756442000001, ""w_13"": 65.2646232, ""w_14"": 65.561515035, ""w_15"": 65.69467413699999, ""w_16"": 65.425968, ""w_17"": 65.92216341, ""w_18"": 65.66407197000001, ""w_19"": 65.84493513, ""w_20"": 66.09947353999999}"
586,AU3CB0258465,2021-09-02,0,counterfactual,"{""w_0"": 66.325203, ""w_1"": 66.322594, ""w_2"": 66.503906, ""w_3"": 66.364029, ""w_4"": 66.363106, ""w_5"": 66.606644, ""w_6"": 66.710152, ""w_7"": 66.496468, ""w_8"": 66.424316, ""w_9"": 66.276924, ""w_10"": 65.908035, ""w_11"": 65.739311, ""w_12"": 65.128441, ""w_13"": 64.927567, ""w_14"": 65.264626, ""w_15"": 65.561516, ""w_16"": 65.694672, ""w_17"": 65.425964, ""w_18"": 65.922165, ""w_19"": 65.66407, ""w_20"": 65.844933}"
588,AU3CB0258465,2021-09-06,0,factual,"{""w_0"": 66.36402645, ""w_1"": 66.36310519999999, ""w_2"": 66.6066401, ""w_3"": 66.71015249999999, ""w_4"": 66.49646739, ""w_5"": 66.42431800000001, ""w_6"": 66.2769205, ""w_7"": 65.90803877500001, ""w_8"": 65.73930867, ""w_9"": 65.12844154999999, ""w_10"": 64.92756442000001, ""w_11"": 65.2646232, ""w_12"": 65.561515035, ""w_13"": 65.69467413699999, ""w_14"": 65.425968, ""w_15"": 65.92216341, ""w_16"": 65.66407197000001, ""w_17"": 65.84493513, ""w_18"": 66.09947353999999, ""w_19"": 66.17934904, ""w_20"": 66.52214135}"
588,AU3CB0258465,2021-09-06,0,counterfactual,"{""w_0"": 66.503906, ""w_1"": 66.364029, ""w_2"": 66.363106, ""w_3"": 66.606644, ""w_4"": 66.710152, ""w_5"": 66.496468, ""w_6"": 66.424316, ""w_7"": 66.276924, ""w_8"": 65.908035, ""w_9"": 65.739311, ""w_10"": 65.128441, ""w_11"": 64.927567, ""w_12"": 65.264626, ""w_13"": 65.561516, ""w_14"": 65.694672, ""w_15"": 65.425964, ""w_16"": 65.922165, ""w_17"": 65.66407, ""w_18"": 65.844933, ""w_19"": 66.099472, ""w_20"": 66.179352}"
589,AU3CB0258465,2021-09-07,0,factual,"{""w_0"": 66.36310519999999, ""w_1"": 66.6066401, ""w_2"": 66.71015249999999, ""w_3"": 66.49646739, ""w_4"": 66.42431800000001, ""w_5"": 66.2769205, ""w_6"": 65.90803877500001, ""w_7"": 65.73930867, ""w_8"": 65.12844154999999, ""w_9"": 64.92756442000001, ""w_10"": 65.2646232, ""w_11"": 65.561515035, ""w_12"": 65.69467413699999, ""w_13"": 65.425968, ""w_14"": 65.92216341, ""w_15"": 65.66407197000001, ""w_16"": 65.84493513, ""w_17"": 66.09947353999999, ""w_18"": 66.17934904, ""w_19"": 66.52214135, ""w_20"": 66.52008468000001}"
589,AU3CB0258465,2021-09-07,0,counterfactual,"{""w_0"": 66.364029, ""w_1"": 66.363106, ""w_2"": 66.606644, ""w_3"": 66.710152, ""w_4"": 66.496468, ""w_5"": 66.424316, ""w_6"": 66.276924, ""w_7"": 65.908035, ""w_8"": 65.739311, ""w_9"": 65.128441, ""w_10"": 64.927567, ""w_11"": 65.264626, ""w_12"": 65.561516, ""w_13"": 65.694672, ""w_14"": 65.425964, ""w_15"": 65.922165, ""w_16"": 65.66407, ""w_17"": 65.844933, ""w_18"": 66.099472, ""w_19"": 66.179352, ""w_20"": 66.522141}"
590,AU3CB0258465,2021-09-08,0,factual,"{""w_0"": 66.6066401, ""w_1"": 66.71015249999999, ""w_2"": 66.49646739, ""w_3"": 66.42431800000001, ""w_4"": 66.2769205, ""w_5"": 65.90803877500001, ""w_6"": 65.73930867, ""w_7"": 65.12844154999999, ""w_8"": 64.92756442000001, ""w_9"": 65.2646232, ""w_10"": 65.561515035, ""w_11"": 65.69467413699999, ""w_12"": 65.425968, ""w_13"": 65.92216341, ""w_14"": 65.66407197000001, ""w_15"": 65.84493513, ""w_16"": 66.09947353999999, ""w_17"": 66.17934904, ""w_18"": 66.52214135, ""w_19"": 66.52008468000001, ""w_20"": 66.2399226}"
590,AU3CB0258465,2021-09-08,0,counterfactual,"{""w_0"": 66.363106, ""w_1"": 66.606644, ""w_2"": 66.710152, ""w_3"": 66.496468, ""w_4"": 66.424316, ""w_5"": 66.276924, ""w_6"": 65.908035, ""w_7"": 65.739311, ""w_8"": 65.128441, ""w_9"": 64.927567, ""w_10"": 65.264626, ""w_11"": 65.561516, ""w_12"": 65.694672, ""w_13"": 65.425964, ""w_14"": 65.922165, ""w_15"": 65.66407, ""w_16"": 65.844933, ""w_17"": 66.099472, ""w_18"": 66.179352, ""w_19"": 66.522141, ""w_20"": 66.520088}"
591,AU3CB0258465,2021-09-09,0,factual,"{""w_0"": 66.71015249999999, ""w_1"": 66.49646739, ""w_2"": 66.42431800000001, ""w_3"": 66.2769205, ""w_4"": 65.90803877500001, ""w_5"": 65.73930867, ""w_6"": 65.12844154999999, ""w_7"": 64.92756442000001, ""w_8"": 65.2646232, ""w_9"": 65.561515035, ""w_10"": 65.69467413699999, ""w_11"": 65.425968, ""w_12"": 65.92216341, ""w_13"": 65.66407197000001, ""w_14"": 65.84493513, ""w_15"": 66.09947353999999, ""w_16"": 66.17934904, ""w_17"": 66.52214135, ""w_18"": 66.52008468000001, ""w_19"": 66.2399226, ""w_20"": 66.12139950000001}"
591,AU3CB0258465,2021-09-09,0,counterfactual,"{""w_0"": 66.606644, ""w_1"": 66.710152, ""w_2"": 66.496468, ""w_3"": 66.424316, ""w_4"": 66.276924, ""w_5"": 65.908035, ""w_6"": 65.739311, ""w_7"": 65.128441, ""w_8"": 64.927567, ""w_9"": 65.264626, ""w_10"": 65.561516, ""w_11"": 65.694672, ""w_12"": 65.425964, ""w_13"": 65.922165, ""w_14"": 65.66407, ""w_15"": 65.844933, ""w_16"": 66.099472, ""w_17"": 66.179352, ""w_18"": 66.522141, ""w_19"": 66.520088, ""w_20"": 66.239922}"
592,AU3CB0258465,2021-09-10,0,factual,"{""w_0"": 66.49646739, ""w_1"": 66.42431800000001, ""w_2"": 66.2769205, ""w_3"": 65.90803877500001, ""w_4"": 65.73930867, ""w_5"": 65.12844154999999, ""w_6"": 64.92756442000001, ""w_7"": 65.2646232, ""w_8"": 65.561515035, ""w_9"": 65.69467413699999, ""w_10"": 65.425968, ""w_11"": 65.92216341, ""w_12"": 65.66407197000001, ""w_13"": 65.84493513, ""w_14"": 66.09947353999999, ""w_15"": 66.17934904, ""w_16"": 66.52214135, ""w_17"": 66.52008468000001, ""w_18"": 66.2399226, ""w_19"": 66.12139950000001, ""w_20"": 66.15945443999999}"
592,AU3CB0258465,2021-09-10,0,counterfactual,"{""w_0"": 66.710152, ""w_1"": 66.496468, ""w_2"": 66.424316, ""w_3"": 66.276924, ""w_4"": 65.908035, ""w_5"": 65.739311, ""w_6"": 65.128441, ""w_7"": 64.927567, ""w_8"": 65.264626, ""w_9"": 65.561516, ""w_10"": 65.694672, ""w_11"": 65.425964, ""w_12"": 65.922165, ""w_13"": 65.66407, ""w_14"": 65.844933, ""w_15"": 66.099472, ""w_16"": 66.179352, ""w_17"": 66.522141, ""w_18"": 66.520088, ""w_19"": 66.239922, ""w_20"": 66.121399}"
594,AU3CB0258465,2021-09-14,0,factual,"{""w_0"": 66.2769205, ""w_1"": 65.90803877500001, ""w_2"": 65.73930867, ""w_3"": 65.12844154999999, ""w_4"": 64.92756442000001, ""w_5"": 65.2646232, ""w_6"": 65.561515035, ""w_7"": 65.69467413699999, ""w_8"": 65.425968, ""w_9"": 65.92216341, ""w_10"": 65.66407197000001, ""w_11"": 65.84493513, ""w_12"": 66.09947353999999, ""w_13"": 66.17934904, ""w_14"": 66.52214135, ""w_15"": 66.52008468000001, ""w_16"": 66.2399226, ""w_17"": 66.12139950000001, ""w_18"": 66.15945443999999, ""w_19"": 66.17043647999999, ""w_20"": 66.2188175}"
594,AU3CB0258465,2021-09-14,0,counterfactual,"{""w_0"": 66.606644, ""w_1"": 66.710152, ""w_2"": 66.496468, ""w_3"": 66.424316, ""w_4"": 66.276924, ""w_5"": 65.908035, ""w_6"": 65.739311, ""w_7"": 65.128441, ""w_8"": 64.927567, ""w_9"": 65.264626, ""w_10"": 65.561516, ""w_11"": 65.694672, ""w_12"": 65.425964, ""w_13"": 65.922165, ""w_14"": 65.66407, ""w_15"": 65.844933, ""w_16"": 66.099472, ""w_17"": 66.179352, ""w_18"": 66.522141, ""w_19"": 66.520088, ""w_20"": 66.239922}"
593,AU3CB0258465,2021-09-13,0,factual,"{""w_0"": 66.42431800000001, ""w_1"": 66.2769205, ""w_2"": 65.90803877500001, ""w_3"": 65.73930867, ""w_4"": 65.12844154999999, ""w_5"": 64.92756442000001, ""w_6"": 65.2646232, ""w_7"": 65.561515035, ""w_8"": 65.69467413699999, ""w_9"": 65.425968, ""w_10"": 65.92216341, ""w_11"": 65.66407197000001, ""w_12"": 65.84493513, ""w_13"": 66.09947353999999, ""w_14"": 66.17934904, ""w_15"": 66.52214135, ""w_16"": 66.52008468000001, ""w_17"": 66.2399226, ""w_18"": 66.12139950000001, ""w_19"": 66.15945443999999, ""w_20"": 66.17043647999999}"
593,AU3CB0258465,2021-09-13,0,counterfactual,"{""w_0"": 66.496468, ""w_1"": 66.424316, ""w_2"": 66.276924, ""w_3"": 65.908035, ""w_4"": 65.739311, ""w_5"": 65.128441, ""w_6"": 64.927567, ""w_7"": 65.264626, ""w_8"": 65.561516, ""w_9"": 65.694672, ""w_10"": 65.425964, ""w_11"": 65.922165, ""w_12"": 65.66407, ""w_13"": 65.844933, ""w_14"": 66.099472, ""w_15"": 66.179352, ""w_16"": 66.522141, ""w_17"": 66.520088, ""w_18"": 66.239922, ""w_19"": 66.121399, ""w_20"": 66.159454}"
595,AU3CB0258465,2021-09-15,0,factual,"{""w_0"": 65.90803877500001, ""w_1"": 65.73930867, ""w_2"": 65.12844154999999, ""w_3"": 64.92756442000001, ""w_4"": 65.2646232, ""w_5"": 65.561515035, ""w_6"": 65.69467413699999, ""w_7"": 65.425968, ""w_8"": 65.92216341, ""w_9"": 65.66407197000001, ""w_10"": 65.84493513, ""w_11"": 66.09947353999999, ""w_12"": 66.17934904, ""w_13"": 66.52214135, ""w_14"": 66.52008468000001, ""w_15"": 66.2399226, ""w_16"": 66.12139950000001, ""w_17"": 66.15945443999999, ""w_18"": 66.17043647999999, ""w_19"": 66.2188175, ""w_20"": 65.78061360000001}"
595,AU3CB0258465,2021-09-15,0,counterfactual,"{""w_0"": 66.29538, ""w_1"": 66.231277, ""w_2"": 65.876671, ""w_3"": 65.954117, ""w_4"": 66.325203, ""w_5"": 64.927567, ""w_6"": 65.908035, ""w_7"": 66.364029, ""w_8"": 65.128441, ""w_9"": 64.927567, ""w_10"": 66.710152, ""w_11"": 65.561516, ""w_12"": 66.424316, ""w_13"": 65.425964, ""w_14"": 65.908035, ""w_15"": 65.739311, ""w_16"": 65.128441, ""w_17"": 66.099472, ""w_18"": 66.179352, ""w_19"": 66.522141, ""w_20"": 65.694672}"
596,AU3CB0258465,2021-09-16,0,factual,"{""w_0"": 65.73930867, ""w_1"": 65.12844154999999, ""w_2"": 64.92756442000001, ""w_3"": 65.2646232, ""w_4"": 65.561515035, ""w_5"": 65.69467413699999, ""w_6"": 65.425968, ""w_7"": 65.92216341, ""w_8"": 65.66407197000001, ""w_9"": 65.84493513, ""w_10"": 66.09947353999999, ""w_11"": 66.17934904, ""w_12"": 66.52214135, ""w_13"": 66.52008468000001, ""w_14"": 66.2399226, ""w_15"": 66.12139950000001, ""w_16"": 66.15945443999999, ""w_17"": 66.17043647999999, ""w_18"": 66.2188175, ""w_19"": 65.78061360000001, ""w_20"": 65.9038599}"
596,AU3CB0258465,2021-09-16,0,counterfactual,"{""w_0"": 65.908035, ""w_1"": 65.739311, ""w_2"": 65.128441, ""w_3"": 64.927567, ""w_4"": 65.264626, ""w_5"": 65.561516, ""w_6"": 65.694672, ""w_7"": 65.425964, ""w_8"": 65.922165, ""w_9"": 65.66407, ""w_10"": 65.844933, ""w_11"": 66.099472, ""w_12"": 66.179352, ""w_13"": 66.522141, ""w_14"": 66.520088, ""w_15"": 66.239922, ""w_16"": 66.121399, ""w_17"": 66.159454, ""w_18"": 66.170433, ""w_19"": 66.218819, ""w_20"": 65.780617}"
597,AU3CB0258465,2021-09-17,0,factual,"{""w_0"": 65.12844154999999, ""w_1"": 64.92756442000001, ""w_2"": 65.2646232, ""w_3"": 65.561515035, ""w_4"": 65.69467413699999, ""w_5"": 65.425968, ""w_6"": 65.92216341, ""w_7"": 65.66407197000001, ""w_8"": 65.84493513, ""w_9"": 66.09947353999999, ""w_10"": 66.17934904, ""w_11"": 66.52214135, ""w_12"": 66.52008468000001, ""w_13"": 66.2399226, ""w_14"": 66.12139950000001, ""w_15"": 66.15945443999999, ""w_16"": 66.17043647999999, ""w_17"": 66.2188175, ""w_18"": 65.78061360000001, ""w_19"": 65.9038599, ""w_20"": 65.7538882}"
597,AU3CB0258465,2021-09-17,0,counterfactual,"{""w_0"": 65.908035, ""w_1"": 65.128441, ""w_2"": 65.128441, ""w_3"": 64.927567, ""w_4"": 65.264626, ""w_5"": 64.927567, ""w_6"": 65.694672, ""w_7"": 65.425964, ""w_8"": 65.922165, ""w_9"": 65.66407, ""w_10"": 65.844933, ""w_11"": 66.099472, ""w_12"": 66.179352, ""w_13"": 66.522141, ""w_14"": 66.520088, ""w_15"": 66.239922, ""w_16"": 66.121399, ""w_17"": 66.159454, ""w_18"": 66.170433, ""w_19"": 66.218819, ""w_20"": 65.780617}"
598,AU3CB0258465,2021-09-20,0,factual,"{""w_0"": 64.92756442000001, ""w_1"": 65.2646232, ""w_2"": 65.561515035, ""w_3"": 65.69467413699999, ""w_4"": 65.425968, ""w_5"": 65.92216341, ""w_6"": 65.66407197000001, ""w_7"": 65.84493513, ""w_8"": 66.09947353999999, ""w_9"": 66.17934904, ""w_10"": 66.52214135, ""w_11"": 66.52008468000001, ""w_12"": 66.2399226, ""w_13"": 66.12139950000001, ""w_14"": 66.15945443999999, ""w_15"": 66.17043647999999, ""w_16"": 66.2188175, ""w_17"": 65.78061360000001, ""w_18"": 65.9038599, ""w_19"": 65.7538882, ""w_20"": 65.69561943000001}"
598,AU3CB0258465,2021-09-20,0,counterfactual,"{""w_0"": 65.739311, ""w_1"": 65.128441, ""w_2"": 64.927567, ""w_3"": 65.264626, ""w_4"": 65.561516, ""w_5"": 65.694672, ""w_6"": 65.425964, ""w_7"": 65.922165, ""w_8"": 65.66407, ""w_9"": 65.844933, ""w_10"": 66.099472, ""w_11"": 66.179352, ""w_12"": 66.522141, ""w_13"": 66.520088, ""w_14"": 66.239922, ""w_15"": 66.121399, ""w_16"": 66.159454, ""w_17"": 66.170433, ""w_18"": 66.218819, ""w_19"": 65.780617, ""w_20"": 65.903862}"
599,AU3CB0258465,2021-09-21,0,factual,"{""w_0"": 65.2646232, ""w_1"": 65.561515035, ""w_2"": 65.69467413699999, ""w_3"": 65.425968, ""w_4"": 65.92216341, ""w_5"": 65.66407197000001, ""w_6"": 65.84493513, ""w_7"": 66.09947353999999, ""w_8"": 66.17934904, ""w_9"": 66.52214135, ""w_10"": 66.52008468000001, ""w_11"": 66.2399226, ""w_12"": 66.12139950000001, ""w_13"": 66.15945443999999, ""w_14"": 66.17043647999999, ""w_15"": 66.2188175, ""w_16"": 65.78061360000001, ""w_17"": 65.9038599, ""w_18"": 65.7538882, ""w_19"": 65.69561943000001, ""w_20"": 65.6645808}"
599,AU3CB0258465,2021-09-21,0,counterfactual,"{""w_0"": 65.739311, ""w_1"": 65.128441, ""w_2"": 64.927567, ""w_3"": 65.264626, ""w_4"": 65.561516, ""w_5"": 65.694672, ""w_6"": 65.425964, ""w_7"": 65.922165, ""w_8"": 65.66407, ""w_9"": 65.844933, ""w_10"": 66.099472, ""w_11"": 66.179352, ""w_12"": 66.522141, ""w_13"": 66.520088, ""w_14"": 66.239922, ""w_15"": 66.121399, ""w_16"": 66.159454, ""w_17"": 66.170433, ""w_18"": 66.218819, ""w_19"": 65.780617, ""w_20"": 65.903862}"
600,AU3CB0258465,2021-09-22,0,factual,"{""w_0"": 65.561515035, ""w_1"": 65.69467413699999, ""w_2"": 65.425968, ""w_3"": 65.92216341, ""w_4"": 65.66407197000001, ""w_5"": 65.84493513, ""w_6"": 66.09947353999999, ""w_7"": 66.17934904, ""w_8"": 66.52214135, ""w_9"": 66.52008468000001, ""w_10"": 66.2399226, ""w_11"": 66.12139950000001, ""w_12"": 66.15945443999999, ""w_13"": 66.17043647999999, ""w_14"": 66.2188175, ""w_15"": 65.78061360000001, ""w_16"": 65.9038599, ""w_17"": 65.7538882, ""w_18"": 65.69561943000001, ""w_19"": 65.6645808, ""w_20"": 65.35553349999999}"
600,AU3CB0258465,2021-09-22,0,counterfactual,"{""w_0"": 66.595734, ""w_1"": 66.363449, ""w_2"": 66.29538, ""w_3"": 66.231277, ""w_4"": 65.876671, ""w_5"": 65.954117, ""w_6"": 66.325203, ""w_7"": 66.322594, ""w_8"": 66.503906, ""w_9"": 66.364029, ""w_10"": 66.363106, ""w_11"": 66.606644, ""w_12"": 66.710152, ""w_13"": 66.496468, ""w_14"": 66.424316, ""w_15"": 66.276924, ""w_16"": 65.908035, ""w_17"": 65.739311, ""w_18"": 65.128441, ""w_19"": 64.927567, ""w_20"": 65.264626}"
601,AU3CB0258465,2021-09-23,0,factual,"{""w_0"": 65.69467413699999, ""w_1"": 65.425968, ""w_2"": 65.92216341, ""w_3"": 65.66407197000001, ""w_4"": 65.84493513, ""w_5"": 66.09947353999999, ""w_6"": 66.17934904, ""w_7"": 66.52214135, ""w_8"": 66.52008468000001, ""w_9"": 66.2399226, ""w_10"": 66.12139950000001, ""w_11"": 66.15945443999999, ""w_12"": 66.17043647999999, ""w_13"": 66.2188175, ""w_14"": 65.78061360000001, ""w_15"": 65.9038599, ""w_16"": 65.7538882, ""w_17"": 65.69561943000001, ""w_18"": 65.6645808, ""w_19"": 65.35553349999999, ""w_20"": 65.5537398}"
601,AU3CB0258465,2021-09-23,0,counterfactual,"{""w_0"": 66.363449, ""w_1"": 66.29538, ""w_2"": 66.231277, ""w_3"": 65.876671, ""w_4"": 65.954117, ""w_5"": 66.325203, ""w_6"": 66.322594, ""w_7"": 66.503906, ""w_8"": 66.364029, ""w_9"": 66.363106, ""w_10"": 66.606644, ""w_11"": 66.710152, ""w_12"": 66.496468, ""w_13"": 66.424316, ""w_14"": 66.276924, ""w_15"": 65.908035, ""w_16"": 65.739311, ""w_17"": 65.128441, ""w_18"": 64.927567, ""w_19"": 65.264626, ""w_20"": 65.561516}"
602,AU3CB0258465,2021-09-24,0,factual,"{""w_0"": 65.425968, ""w_1"": 65.92216341, ""w_2"": 65.66407197000001, ""w_3"": 65.84493513, ""w_4"": 66.09947353999999, ""w_5"": 66.17934904, ""w_6"": 66.52214135, ""w_7"": 66.52008468000001, ""w_8"": 66.2399226, ""w_9"": 66.12139950000001, ""w_10"": 66.15945443999999, ""w_11"": 66.17043647999999, ""w_12"": 66.2188175, ""w_13"": 65.78061360000001, ""w_14"": 65.9038599, ""w_15"": 65.7538882, ""w_16"": 65.69561943000001, ""w_17"": 65.6645808, ""w_18"": 65.35553349999999, ""w_19"": 65.5537398, ""w_20"": 65.8423315}"
602,AU3CB0258465,2021-09-24,0,counterfactual,"{""w_0"": 66.29538, ""w_1"": 66.231277, ""w_2"": 65.876671, ""w_3"": 65.954117, ""w_4"": 66.325203, ""w_5"": 66.322594, ""w_6"": 66.503906, ""w_7"": 66.364029, ""w_8"": 66.363106, ""w_9"": 66.606644, ""w_10"": 66.710152, ""w_11"": 66.496468, ""w_12"": 66.424316, ""w_13"": 66.276924, ""w_14"": 65.908035, ""w_15"": 65.739311, ""w_16"": 65.128441, ""w_17"": 64.927567, ""w_18"": 65.264626, ""w_19"": 65.561516, ""w_20"": 65.694672}"
603,AU3CB0258465,2021-09-27,0,factual,"{""w_0"": 65.92216341, ""w_1"": 65.66407197000001, ""w_2"": 65.84493513, ""w_3"": 66.09947353999999, ""w_4"": 66.17934904, ""w_5"": 66.52214135, ""w_6"": 66.52008468000001, ""w_7"": 66.2399226, ""w_8"": 66.12139950000001, ""w_9"": 66.15945443999999, ""w_10"": 66.17043647999999, ""w_11"": 66.2188175, ""w_12"": 65.78061360000001, ""w_13"": 65.9038599, ""w_14"": 65.7538882, ""w_15"": 65.69561943000001, ""w_16"": 65.6645808, ""w_17"": 65.35553349999999, ""w_18"": 65.5537398, ""w_19"": 65.8423315, ""w_20"": 65.61476116}"
603,AU3CB0258465,2021-09-27,0,counterfactual,"{""w_0"": 66.231277, ""w_1"": 65.876671, ""w_2"": 65.954117, ""w_3"": 66.325203, ""w_4"": 66.322594, ""w_5"": 66.503906, ""w_6"": 66.364029, ""w_7"": 66.363106, ""w_8"": 66.606644, ""w_9"": 66.710152, ""w_10"": 66.496468, ""w_11"": 66.424316, ""w_12"": 66.276924, ""w_13"": 65.908035, ""w_14"": 65.739311, ""w_15"": 65.128441, ""w_16"": 64.927567, ""w_17"": 65.264626, ""w_18"": 65.561516, ""w_19"": 65.694672, ""w_20"": 65.425964}"
604,AU3CB0258465,2021-09-28,0,factual,"{""w_0"": 65.66407197000001, ""w_1"": 65.84493513, ""w_2"": 66.09947353999999, ""w_3"": 66.17934904, ""w_4"": 66.52214135, ""w_5"": 66.52008468000001, ""w_6"": 66.2399226, ""w_7"": 66.12139950000001, ""w_8"": 66.15945443999999, ""w_9"": 66.17043647999999, ""w_10"": 66.2188175, ""w_11"": 65.78061360000001, ""w_12"": 65.9038599, ""w_13"": 65.7538882, ""w_14"": 65.69561943000001, ""w_15"": 65.6645808, ""w_16"": 65.35553349999999, ""w_17"": 65.5537398, ""w_18"": 65.8423315, ""w_19"": 65.61476116, ""w_20"": 65.91901500000002}"
604,AU3CB0258465,2021-09-28,0,counterfactual,"{""w_0"": 65.922165, ""w_1"": 65.66407, ""w_2"": 65.844933, ""w_3"": 66.099472, ""w_4"": 66.179352, ""w_5"": 66.522141, ""w_6"": 66.520088, ""w_7"": 66.239922, ""w_8"": 66.121399, ""w_9"": 66.159454, ""w_10"": 66.170433, ""w_11"": 66.218819, ""w_12"": 65.780617, ""w_13"": 65.903862, ""w_14"": 65.753891, ""w_15"": 65.695618, ""w_16"": 65.664581, ""w_17"": 65.35553, ""w_18"": 65.553741, ""w_19"": 65.842331, ""w_20"": 65.614761}"
605,AU3CB0258465,2021-09-29,0,factual,"{""w_0"": 65.84493513, ""w_1"": 66.09947353999999, ""w_2"": 66.17934904, ""w_3"": 66.52214135, ""w_4"": 66.52008468000001, ""w_5"": 66.2399226, ""w_6"": 66.12139950000001, ""w_7"": 66.15945443999999, ""w_8"": 66.17043647999999, ""w_9"": 66.2188175, ""w_10"": 65.78061360000001, ""w_11"": 65.9038599, ""w_12"": 65.7538882, ""w_13"": 65.69561943000001, ""w_14"": 65.6645808, ""w_15"": 65.35553349999999, ""w_16"": 65.5537398, ""w_17"": 65.8423315, ""w_18"": 65.61476116, ""w_19"": 65.91901500000002, ""w_20"": 65.60392080000001}"
605,AU3CB0258465,2021-09-29,0,counterfactual,"{""w_0"": 65.922165, ""w_1"": 65.66407, ""w_2"": 65.844933, ""w_3"": 66.099472, ""w_4"": 66.179352, ""w_5"": 66.522141, ""w_6"": 66.520088, ""w_7"": 66.239922, ""w_8"": 66.121399, ""w_9"": 66.159454, ""w_10"": 66.170433, ""w_11"": 66.218819, ""w_12"": 65.780617, ""w_13"": 65.903862, ""w_14"": 65.753891, ""w_15"": 65.695618, ""w_16"": 65.664581, ""w_17"": 65.35553, ""w_18"": 65.553741, ""w_19"": 65.842331, ""w_20"": 65.614761}"
606,AU3CB0258465,2021-09-30,0,factual,"{""w_0"": 66.09947353999999, ""w_1"": 66.17934904, ""w_2"": 66.52214135, ""w_3"": 66.52008468000001, ""w_4"": 66.2399226, ""w_5"": 66.12139950000001, ""w_6"": 66.15945443999999, ""w_7"": 66.17043647999999, ""w_8"": 66.2188175, ""w_9"": 65.78061360000001, ""w_10"": 65.9038599, ""w_11"": 65.7538882, ""w_12"": 65.69561943000001, ""w_13"": 65.6645808, ""w_14"": 65.35553349999999, ""w_15"": 65.5537398, ""w_16"": 65.8423315, ""w_17"": 65.61476116, ""w_18"": 65.91901500000002, ""w_19"": 65.60392080000001, ""w_20"": 65.4826536}"
606,AU3CB0258465,2021-09-30,0,counterfactual,"{""w_0"": 66.325203, ""w_1"": 66.322594, ""w_2"": 66.503906, ""w_3"": 66.364029, ""w_4"": 66.363106, ""w_5"": 66.606644, ""w_6"": 66.710152, ""w_7"": 66.496468, ""w_8"": 66.424316, ""w_9"": 66.276924, ""w_10"": 65.908035, ""w_11"": 65.739311, ""w_12"": 65.128441, ""w_13"": 64.927567, ""w_14"": 65.264626, ""w_15"": 65.561516, ""w_16"": 65.694672, ""w_17"": 65.425964, ""w_18"": 65.922165, ""w_19"": 65.66407, ""w_20"": 65.844933}"
607,AU3CB0258465,2021-10-01,0,factual,"{""w_0"": 66.17934904, ""w_1"": 66.52214135, ""w_2"": 66.52008468000001, ""w_3"": 66.2399226, ""w_4"": 66.12139950000001, ""w_5"": 66.15945443999999, ""w_6"": 66.17043647999999, ""w_7"": 66.2188175, ""w_8"": 65.78061360000001, ""w_9"": 65.9038599, ""w_10"": 65.7538882, ""w_11"": 65.69561943000001, ""w_12"": 65.6645808, ""w_13"": 65.35553349999999, ""w_14"": 65.5537398, ""w_15"": 65.8423315, ""w_16"": 65.61476116, ""w_17"": 65.91901500000002, ""w_18"": 65.60392080000001, ""w_19"": 65.4826536, ""w_20"": 66.07128447}"
607,AU3CB0258465,2021-10-01,0,counterfactual,"{""w_0"": 66.099472, ""w_1"": 66.179352, ""w_2"": 66.522141, ""w_3"": 66.520088, ""w_4"": 66.239922, ""w_5"": 66.121399, ""w_6"": 66.159454, ""w_7"": 66.170433, ""w_8"": 66.218819, ""w_9"": 65.780617, ""w_10"": 65.903862, ""w_11"": 65.753891, ""w_12"": 65.695618, ""w_13"": 65.664581, ""w_14"": 65.35553, ""w_15"": 65.553741, ""w_16"": 65.842331, ""w_17"": 65.614761, ""w_18"": 65.919014, ""w_19"": 65.60392, ""w_20"": 65.482651}"
608,AU3CB0258465,2021-10-04,0,factual,"{""w_0"": 66.52214135, ""w_1"": 66.52008468000001, ""w_2"": 66.2399226, ""w_3"": 66.12139950000001, ""w_4"": 66.15945443999999, ""w_5"": 66.17043647999999, ""w_6"": 66.2188175, ""w_7"": 65.78061360000001, ""w_8"": 65.9038599, ""w_9"": 65.7538882, ""w_10"": 65.69561943000001, ""w_11"": 65.6645808, ""w_12"": 65.35553349999999, ""w_13"": 65.5537398, ""w_14"": 65.8423315, ""w_15"": 65.61476116, ""w_16"": 65.91901500000002, ""w_17"": 65.60392080000001, ""w_18"": 65.4826536, ""w_19"": 66.07128447, ""w_20"": 66.340888418}"
608,AU3CB0258465,2021-10-04,0,counterfactual,"{""w_0"": 66.179352, ""w_1"": 66.522141, ""w_2"": 66.520088, ""w_3"": 66.239922, ""w_4"": 66.121399, ""w_5"": 66.159454, ""w_6"": 66.170433, ""w_7"": 66.218819, ""w_8"": 65.780617, ""w_9"": 65.903862, ""w_10"": 65.753891, ""w_11"": 65.695618, ""w_12"": 65.664581, ""w_13"": 65.35553, ""w_14"": 65.553741, ""w_15"": 65.842331, ""w_16"": 65.614761, ""w_17"": 65.919014, ""w_18"": 65.60392, ""w_19"": 65.482651, ""w_20"": 66.071281}"
609,AU3CB0258465,2021-10-05,0,factual,"{""w_0"": 66.52008468000001, ""w_1"": 66.2399226, ""w_2"": 66.12139950000001, ""w_3"": 66.15945443999999, ""w_4"": 66.17043647999999, ""w_5"": 66.2188175, ""w_6"": 65.78061360000001, ""w_7"": 65.9038599, ""w_8"": 65.7538882, ""w_9"": 65.69561943000001, ""w_10"": 65.6645808, ""w_11"": 65.35553349999999, ""w_12"": 65.5537398, ""w_13"": 65.8423315, ""w_14"": 65.61476116, ""w_15"": 65.91901500000002, ""w_16"": 65.60392080000001, ""w_17"": 65.4826536, ""w_18"": 66.07128447, ""w_19"": 66.340888418, ""w_20"": 66.37334626}"
609,AU3CB0258465,2021-10-05,0,counterfactual,"{""w_0"": 66.522141, ""w_1"": 66.520088, ""w_2"": 66.239922, ""w_3"": 66.121399, ""w_4"": 66.159454, ""w_5"": 66.170433, ""w_6"": 66.218819, ""w_7"": 65.780617, ""w_8"": 65.903862, ""w_9"": 65.753891, ""w_10"": 65.695618, ""w_11"": 65.664581, ""w_12"": 65.35553, ""w_13"": 65.553741, ""w_14"": 65.842331, ""w_15"": 65.614761, ""w_16"": 65.919014, ""w_17"": 65.60392, ""w_18"": 65.482651, ""w_19"": 66.071281, ""w_20"": 66.340889}"
610,AU3CB0258465,2021-10-06,0,factual,"{""w_0"": 66.2399226, ""w_1"": 66.12139950000001, ""w_2"": 66.15945443999999, ""w_3"": 66.17043647999999, ""w_4"": 66.2188175, ""w_5"": 65.78061360000001, ""w_6"": 65.9038599, ""w_7"": 65.7538882, ""w_8"": 65.69561943000001, ""w_9"": 65.6645808, ""w_10"": 65.35553349999999, ""w_11"": 65.5537398, ""w_12"": 65.8423315, ""w_13"": 65.61476116, ""w_14"": 65.91901500000002, ""w_15"": 65.60392080000001, ""w_16"": 65.4826536, ""w_17"": 66.07128447, ""w_18"": 66.340888418, ""w_19"": 66.37334626, ""w_20"": 66.4031421}"
610,AU3CB0258465,2021-10-06,0,counterfactual,"{""w_0"": 66.520088, ""w_1"": 66.239922, ""w_2"": 66.121399, ""w_3"": 66.159454, ""w_4"": 66.170433, ""w_5"": 66.218819, ""w_6"": 65.780617, ""w_7"": 65.903862, ""w_8"": 65.753891, ""w_9"": 65.695618, ""w_10"": 65.664581, ""w_11"": 65.35553, ""w_12"": 65.553741, ""w_13"": 65.842331, ""w_14"": 65.614761, ""w_15"": 65.919014, ""w_16"": 65.60392, ""w_17"": 65.482651, ""w_18"": 66.071281, ""w_19"": 66.340889, ""w_20"": 66.373344}"
611,AU3CB0258465,2021-10-07,0,factual,"{""w_0"": 66.12139950000001, ""w_1"": 66.15945443999999, ""w_2"": 66.17043647999999, ""w_3"": 66.2188175, ""w_4"": 65.78061360000001, ""w_5"": 65.9038599, ""w_6"": 65.7538882, ""w_7"": 65.69561943000001, ""w_8"": 65.6645808, ""w_9"": 65.35553349999999, ""w_10"": 65.5537398, ""w_11"": 65.8423315, ""w_12"": 65.61476116, ""w_13"": 65.91901500000002, ""w_14"": 65.60392080000001, ""w_15"": 65.4826536, ""w_16"": 66.07128447, ""w_17"": 66.340888418, ""w_18"": 66.37334626, ""w_19"": 66.4031421, ""w_20"": 66.52027032}"
611,AU3CB0258465,2021-10-07,0,counterfactual,"{""w_0"": 66.606644, ""w_1"": 66.710152, ""w_2"": 66.496468, ""w_3"": 66.424316, ""w_4"": 66.276924, ""w_5"": 65.908035, ""w_6"": 65.739311, ""w_7"": 65.128441, ""w_8"": 64.927567, ""w_9"": 65.264626, ""w_10"": 65.561516, ""w_11"": 65.694672, ""w_12"": 65.425964, ""w_13"": 65.922165, ""w_14"": 65.66407, ""w_15"": 65.844933, ""w_16"": 66.099472, ""w_17"": 66.179352, ""w_18"": 66.522141, ""w_19"": 66.520088, ""w_20"": 66.239922}"
612,AU3CB0258465,2021-10-08,0,factual,"{""w_0"": 66.15945443999999, ""w_1"": 66.17043647999999, ""w_2"": 66.2188175, ""w_3"": 65.78061360000001, ""w_4"": 65.9038599, ""w_5"": 65.7538882, ""w_6"": 65.69561943000001, ""w_7"": 65.6645808, ""w_8"": 65.35553349999999, ""w_9"": 65.5537398, ""w_10"": 65.8423315, ""w_11"": 65.61476116, ""w_12"": 65.91901500000002, ""w_13"": 65.60392080000001, ""w_14"": 65.4826536, ""w_15"": 66.07128447, ""w_16"": 66.340888418, ""w_17"": 66.37334626, ""w_18"": 66.4031421, ""w_19"": 66.52027032, ""w_20"": 66.79035938999999}"
612,AU3CB0258465,2021-10-08,0,counterfactual,"{""w_0"": 66.121399, ""w_1"": 66.159454, ""w_2"": 66.170433, ""w_3"": 66.218819, ""w_4"": 65.780617, ""w_5"": 65.903862, ""w_6"": 65.753891, ""w_7"": 65.695618, ""w_8"": 65.664581, ""w_9"": 65.35553, ""w_10"": 65.553741, ""w_11"": 65.842331, ""w_12"": 65.614761, ""w_13"": 65.919014, ""w_14"": 65.60392, ""w_15"": 65.482651, ""w_16"": 66.071281, ""w_17"": 66.340889, ""w_18"": 66.373344, ""w_19"": 66.403145, ""w_20"": 66.520271}"
613,AU3CB0258465,2021-10-11,0,factual,"{""w_0"": 66.17043647999999, ""w_1"": 66.2188175, ""w_2"": 65.78061360000001, ""w_3"": 65.9038599, ""w_4"": 65.7538882, ""w_5"": 65.69561943000001, ""w_6"": 65.6645808, ""w_7"": 65.35553349999999, ""w_8"": 65.5537398, ""w_9"": 65.8423315, ""w_10"": 65.61476116, ""w_11"": 65.91901500000002, ""w_12"": 65.60392080000001, ""w_13"": 65.4826536, ""w_14"": 66.07128447, ""w_15"": 66.340888418, ""w_16"": 66.37334626, ""w_17"": 66.4031421, ""w_18"": 66.52027032, ""w_19"": 66.79035938999999, ""w_20"": 66.52213645}"
613,AU3CB0258465,2021-10-11,0,counterfactual,"{""w_0"": 66.496468, ""w_1"": 66.424316, ""w_2"": 66.276924, ""w_3"": 65.908035, ""w_4"": 65.739311, ""w_5"": 65.128441, ""w_6"": 64.927567, ""w_7"": 65.264626, ""w_8"": 65.561516, ""w_9"": 65.694672, ""w_10"": 65.425964, ""w_11"": 65.922165, ""w_12"": 65.66407, ""w_13"": 65.844933, ""w_14"": 66.099472, ""w_15"": 66.179352, ""w_16"": 66.522141, ""w_17"": 66.520088, ""w_18"": 66.239922, ""w_19"": 66.121399, ""w_20"": 66.159454}"
614,AU3CB0258465,2021-10-12,0,factual,"{""w_0"": 66.2188175, ""w_1"": 65.78061360000001, ""w_2"": 65.9038599, ""w_3"": 65.7538882, ""w_4"": 65.69561943000001, ""w_5"": 65.6645808, ""w_6"": 65.35553349999999, ""w_7"": 65.5537398, ""w_8"": 65.8423315, ""w_9"": 65.61476116, ""w_10"": 65.91901500000002, ""w_11"": 65.60392080000001, ""w_12"": 65.4826536, ""w_13"": 66.07128447, ""w_14"": 66.340888418, ""w_15"": 66.37334626, ""w_16"": 66.4031421, ""w_17"": 66.52027032, ""w_18"": 66.79035938999999, ""w_19"": 66.52213645, ""w_20"": 67.06323753000001}"
614,AU3CB0258465,2021-10-12,0,counterfactual,"{""w_0"": 66.170433, ""w_1"": 66.218819, ""w_2"": 65.780617, ""w_3"": 65.903862, ""w_4"": 65.753891, ""w_5"": 65.695618, ""w_6"": 65.664581, ""w_7"": 65.35553, ""w_8"": 65.553741, ""w_9"": 65.842331, ""w_10"": 65.614761, ""w_11"": 65.919014, ""w_12"": 65.60392, ""w_13"": 65.482651, ""w_14"": 66.071281, ""w_15"": 66.340889, ""w_16"": 66.373344, ""w_17"": 66.403145, ""w_18"": 66.520271, ""w_19"": 66.790359, ""w_20"": 66.522133}"
615,AU3CB0258465,2021-10-13,0,factual,"{""w_0"": 65.78061360000001, ""w_1"": 65.9038599, ""w_2"": 65.7538882, ""w_3"": 65.69561943000001, ""w_4"": 65.6645808, ""w_5"": 65.35553349999999, ""w_6"": 65.5537398, ""w_7"": 65.8423315, ""w_8"": 65.61476116, ""w_9"": 65.91901500000002, ""w_10"": 65.60392080000001, ""w_11"": 65.4826536, ""w_12"": 66.07128447, ""w_13"": 66.340888418, ""w_14"": 66.37334626, ""w_15"": 66.4031421, ""w_16"": 66.52027032, ""w_17"": 66.79035938999999, ""w_18"": 66.52213645, ""w_19"": 67.06323753000001, ""w_20"": 67.0587687}"
615,AU3CB0258465,2021-10-13,0,counterfactual,"{""w_0"": 66.218819, ""w_1"": 65.780617, ""w_2"": 65.903862, ""w_3"": 65.753891, ""w_4"": 65.695618, ""w_5"": 65.664581, ""w_6"": 65.35553, ""w_7"": 65.553741, ""w_8"": 65.842331, ""w_9"": 65.614761, ""w_10"": 65.919014, ""w_11"": 65.60392, ""w_12"": 65.482651, ""w_13"": 66.071281, ""w_14"": 66.340889, ""w_15"": 66.373344, ""w_16"": 66.403145, ""w_17"": 66.520271, ""w_18"": 66.790359, ""w_19"": 66.522133, ""w_20"": 67.06324}"
616,AU3CB0258465,2021-10-14,0,factual,"{""w_0"": 65.9038599, ""w_1"": 65.7538882, ""w_2"": 65.69561943000001, ""w_3"": 65.6645808, ""w_4"": 65.35553349999999, ""w_5"": 65.5537398, ""w_6"": 65.8423315, ""w_7"": 65.61476116, ""w_8"": 65.91901500000002, ""w_9"": 65.60392080000001, ""w_10"": 65.4826536, ""w_11"": 66.07128447, ""w_12"": 66.340888418, ""w_13"": 66.37334626, ""w_14"": 66.4031421, ""w_15"": 66.52027032, ""w_16"": 66.79035938999999, ""w_17"": 66.52213645, ""w_18"": 67.06323753000001, ""w_19"": 67.0587687, ""w_20"": 67.11526598}"
616,AU3CB0258465,2021-10-14,0,counterfactual,"{""w_0"": 65.780617, ""w_1"": 65.903862, ""w_2"": 65.753891, ""w_3"": 65.695618, ""w_4"": 65.664581, ""w_5"": 65.35553, ""w_6"": 65.553741, ""w_7"": 65.842331, ""w_8"": 65.614761, ""w_9"": 65.919014, ""w_10"": 65.60392, ""w_11"": 65.482651, ""w_12"": 66.071281, ""w_13"": 66.340889, ""w_14"": 66.373344, ""w_15"": 66.403145, ""w_16"": 66.520271, ""w_17"": 66.790359, ""w_18"": 66.522133, ""w_19"": 67.06324, ""w_20"": 67.058769}"
617,AU3CB0258465,2021-10-15,0,factual,"{""w_0"": 65.7538882, ""w_1"": 65.69561943000001, ""w_2"": 65.6645808, ""w_3"": 65.35553349999999, ""w_4"": 65.5537398, ""w_5"": 65.8423315, ""w_6"": 65.61476116, ""w_7"": 65.91901500000002, ""w_8"": 65.60392080000001, ""w_9"": 65.4826536, ""w_10"": 66.07128447, ""w_11"": 66.340888418, ""w_12"": 66.37334626, ""w_13"": 66.4031421, ""w_14"": 66.52027032, ""w_15"": 66.79035938999999, ""w_16"": 66.52213645, ""w_17"": 67.06323753000001, ""w_18"": 67.0587687, ""w_19"": 67.11526598, ""w_20"": 67.4125608}"
617,AU3CB0258465,2021-10-15,0,counterfactual,"{""w_0"": 66.218819, ""w_1"": 65.780617, ""w_2"": 65.903862, ""w_3"": 65.753891, ""w_4"": 65.695618, ""w_5"": 65.664581, ""w_6"": 65.35553, ""w_7"": 65.553741, ""w_8"": 65.842331, ""w_9"": 65.614761, ""w_10"": 65.919014, ""w_11"": 65.60392, ""w_12"": 65.482651, ""w_13"": 66.071281, ""w_14"": 66.340889, ""w_15"": 66.373344, ""w_16"": 66.403145, ""w_17"": 66.520271, ""w_18"": 66.790359, ""w_19"": 66.522133, ""w_20"": 67.06324}"
621,AU3CB0258465,2021-10-21,0,factual,"{""w_0"": 65.5537398, ""w_1"": 65.8423315, ""w_2"": 65.61476116, ""w_3"": 65.91901500000002, ""w_4"": 65.60392080000001, ""w_5"": 65.4826536, ""w_6"": 66.07128447, ""w_7"": 66.340888418, ""w_8"": 66.37334626, ""w_9"": 66.4031421, ""w_10"": 66.52027032, ""w_11"": 66.79035938999999, ""w_12"": 66.52213645, ""w_13"": 67.06323753000001, ""w_14"": 67.0587687, ""w_15"": 67.11526598, ""w_16"": 67.4125608, ""w_17"": 67.30811397000001, ""w_18"": 67.12736517, ""w_19"": 67.4687024, ""w_20"": 67.72012000000001}"
621,AU3CB0258465,2021-10-21,0,counterfactual,"{""w_0"": 65.695618, ""w_1"": 65.664581, ""w_2"": 65.35553, ""w_3"": 65.553741, ""w_4"": 65.842331, ""w_5"": 65.614761, ""w_6"": 65.919014, ""w_7"": 65.60392, ""w_8"": 65.482651, ""w_9"": 66.071281, ""w_10"": 66.340889, ""w_11"": 66.373344, ""w_12"": 66.403145, ""w_13"": 66.520271, ""w_14"": 66.790359, ""w_15"": 66.522133, ""w_16"": 67.06324, ""w_17"": 67.058769, ""w_18"": 67.115265, ""w_19"": 67.41256, ""w_20"": 67.308113}"
626,AU3CB0258465,2021-10-28,0,factual,"{""w_0"": 65.4826536, ""w_1"": 66.07128447, ""w_2"": 66.340888418, ""w_3"": 66.37334626, ""w_4"": 66.4031421, ""w_5"": 66.52027032, ""w_6"": 66.79035938999999, ""w_7"": 66.52213645, ""w_8"": 67.06323753000001, ""w_9"": 67.0587687, ""w_10"": 67.11526598, ""w_11"": 67.4125608, ""w_12"": 67.30811397000001, ""w_13"": 67.12736517, ""w_14"": 67.4687024, ""w_15"": 67.72012000000001, ""w_16"": 67.38365238, ""w_17"": 67.38710293, ""w_18"": 67.6930936, ""w_19"": 67.65979490000001, ""w_20"": 67.1550941}"
626,AU3CB0258465,2021-10-28,0,counterfactual,"{""w_0"": 65.60392, ""w_1"": 65.482651, ""w_2"": 66.071281, ""w_3"": 66.340889, ""w_4"": 66.373344, ""w_5"": 66.403145, ""w_6"": 66.520271, ""w_7"": 66.790359, ""w_8"": 66.522133, ""w_9"": 67.06324, ""w_10"": 67.058769, ""w_11"": 67.115265, ""w_12"": 67.41256, ""w_13"": 67.308113, ""w_14"": 67.127365, ""w_15"": 67.468704, ""w_16"": 67.720123, ""w_17"": 67.383652, ""w_18"": 67.3871, ""w_19"": 67.693092, ""w_20"": 67.659798}"
631,AU3CB0258465,2021-11-04,0,factual,"{""w_0"": 66.52027032, ""w_1"": 66.79035938999999, ""w_2"": 66.52213645, ""w_3"": 67.06323753000001, ""w_4"": 67.0587687, ""w_5"": 67.11526598, ""w_6"": 67.4125608, ""w_7"": 67.30811397000001, ""w_8"": 67.12736517, ""w_9"": 67.4687024, ""w_10"": 67.72012000000001, ""w_11"": 67.38365238, ""w_12"": 67.38710293, ""w_13"": 67.6930936, ""w_14"": 67.65979490000001, ""w_15"": 67.1550941, ""w_16"": 67.09953949999999, ""w_17"": 67.76993356, ""w_18"": 67.7333392, ""w_19"": 67.0723313, ""w_20"": 67.220924168}"
631,AU3CB0258465,2021-11-04,0,counterfactual,"{""w_0"": 66.403145, ""w_1"": 66.520271, ""w_2"": 66.790359, ""w_3"": 66.522133, ""w_4"": 67.06324, ""w_5"": 67.058769, ""w_6"": 67.115265, ""w_7"": 67.41256, ""w_8"": 67.308113, ""w_9"": 67.127365, ""w_10"": 67.468704, ""w_11"": 67.720123, ""w_12"": 67.383652, ""w_13"": 67.3871, ""w_14"": 67.693092, ""w_15"": 67.659798, ""w_16"": 67.15509, ""w_17"": 67.099541, ""w_18"": 67.769936, ""w_19"": 67.733337, ""w_20"": 67.072334}"
628,AU3CB0258465,2021-11-01,0,factual,"{""w_0"": 66.340888418, ""w_1"": 66.37334626, ""w_2"": 66.4031421, ""w_3"": 66.52027032, ""w_4"": 66.79035938999999, ""w_5"": 66.52213645, ""w_6"": 67.06323753000001, ""w_7"": 67.0587687, ""w_8"": 67.11526598, ""w_9"": 67.4125608, ""w_10"": 67.30811397000001, ""w_11"": 67.12736517, ""w_12"": 67.4687024, ""w_13"": 67.72012000000001, ""w_14"": 67.38365238, ""w_15"": 67.38710293, ""w_16"": 67.6930936, ""w_17"": 67.65979490000001, ""w_18"": 67.1550941, ""w_19"": 67.09953949999999, ""w_20"": 67.76993356}"
628,AU3CB0258465,2021-11-01,0,counterfactual,"{""w_0"": 65.60392, ""w_1"": 65.482651, ""w_2"": 66.071281, ""w_3"": 66.340889, ""w_4"": 66.373344, ""w_5"": 66.403145, ""w_6"": 66.520271, ""w_7"": 66.790359, ""w_8"": 66.522133, ""w_9"": 67.06324, ""w_10"": 67.058769, ""w_11"": 67.115265, ""w_12"": 67.41256, ""w_13"": 67.308113, ""w_14"": 67.127365, ""w_15"": 67.468704, ""w_16"": 67.720123, ""w_17"": 67.383652, ""w_18"": 67.3871, ""w_19"": 67.693092, ""w_20"": 67.659798}"
620,AU3CB0258465,2021-10-20,0,factual,"{""w_0"": 65.35553349999999, ""w_1"": 65.5537398, ""w_2"": 65.8423315, ""w_3"": 65.61476116, ""w_4"": 65.91901500000002, ""w_5"": 65.60392080000001, ""w_6"": 65.4826536, ""w_7"": 66.07128447, ""w_8"": 66.340888418, ""w_9"": 66.37334626, ""w_10"": 66.4031421, ""w_11"": 66.52027032, ""w_12"": 66.79035938999999, ""w_13"": 66.52213645, ""w_14"": 67.06323753000001, ""w_15"": 67.0587687, ""w_16"": 67.11526598, ""w_17"": 67.4125608, ""w_18"": 67.30811397000001, ""w_19"": 67.12736517, ""w_20"": 67.4687024}"
620,AU3CB0258465,2021-10-20,0,counterfactual,"{""w_0"": 65.695618, ""w_1"": 65.664581, ""w_2"": 65.35553, ""w_3"": 65.553741, ""w_4"": 65.842331, ""w_5"": 65.614761, ""w_6"": 65.919014, ""w_7"": 65.60392, ""w_8"": 65.482651, ""w_9"": 66.071281, ""w_10"": 66.340889, ""w_11"": 66.373344, ""w_12"": 66.403145, ""w_13"": 66.520271, ""w_14"": 66.790359, ""w_15"": 66.522133, ""w_16"": 67.06324, ""w_17"": 67.058769, ""w_18"": 67.115265, ""w_19"": 67.41256, ""w_20"": 67.308113}"
624,AU3CB0258465,2021-10-26,0,factual,"{""w_0"": 65.91901500000002, ""w_1"": 65.60392080000001, ""w_2"": 65.4826536, ""w_3"": 66.07128447, ""w_4"": 66.340888418, ""w_5"": 66.37334626, ""w_6"": 66.4031421, ""w_7"": 66.52027032, ""w_8"": 66.79035938999999, ""w_9"": 66.52213645, ""w_10"": 67.06323753000001, ""w_11"": 67.0587687, ""w_12"": 67.11526598, ""w_13"": 67.4125608, ""w_14"": 67.30811397000001, ""w_15"": 67.12736517, ""w_16"": 67.4687024, ""w_17"": 67.72012000000001, ""w_18"": 67.38365238, ""w_19"": 67.38710293, ""w_20"": 67.6930936}"
624,AU3CB0258465,2021-10-26,0,counterfactual,"{""w_0"": 65.753891, ""w_1"": 65.695618, ""w_2"": 65.664581, ""w_3"": 65.35553, ""w_4"": 65.553741, ""w_5"": 65.842331, ""w_6"": 65.614761, ""w_7"": 65.919014, ""w_8"": 65.60392, ""w_9"": 65.482651, ""w_10"": 66.071281, ""w_11"": 66.340889, ""w_12"": 66.373344, ""w_13"": 66.403145, ""w_14"": 66.520271, ""w_15"": 66.790359, ""w_16"": 66.522133, ""w_17"": 67.06324, ""w_18"": 67.058769, ""w_19"": 67.115265, ""w_20"": 67.41256}"
622,AU3CB0258465,2021-10-22,0,factual,"{""w_0"": 65.8423315, ""w_1"": 65.61476116, ""w_2"": 65.91901500000002, ""w_3"": 65.60392080000001, ""w_4"": 65.4826536, ""w_5"": 66.07128447, ""w_6"": 66.340888418, ""w_7"": 66.37334626, ""w_8"": 66.4031421, ""w_9"": 66.52027032, ""w_10"": 66.79035938999999, ""w_11"": 66.52213645, ""w_12"": 67.06323753000001, ""w_13"": 67.0587687, ""w_14"": 67.11526598, ""w_15"": 67.4125608, ""w_16"": 67.30811397000001, ""w_17"": 67.12736517, ""w_18"": 67.4687024, ""w_19"": 67.72012000000001, ""w_20"": 67.38365238}"
622,AU3CB0258465,2021-10-22,0,counterfactual,"{""w_0"": 65.753891, ""w_1"": 65.695618, ""w_2"": 65.664581, ""w_3"": 65.35553, ""w_4"": 65.553741, ""w_5"": 65.842331, ""w_6"": 65.614761, ""w_7"": 65.919014, ""w_8"": 65.60392, ""w_9"": 65.482651, ""w_10"": 66.071281, ""w_11"": 66.340889, ""w_12"": 66.373344, ""w_13"": 66.403145, ""w_14"": 66.520271, ""w_15"": 66.790359, ""w_16"": 66.522133, ""w_17"": 67.06324, ""w_18"": 67.058769, ""w_19"": 67.115265, ""w_20"": 67.41256}"
623,AU3CB0258465,2021-10-25,0,factual,"{""w_0"": 65.61476116, ""w_1"": 65.91901500000002, ""w_2"": 65.60392080000001, ""w_3"": 65.4826536, ""w_4"": 66.07128447, ""w_5"": 66.340888418, ""w_6"": 66.37334626, ""w_7"": 66.4031421, ""w_8"": 66.52027032, ""w_9"": 66.79035938999999, ""w_10"": 66.52213645, ""w_11"": 67.06323753000001, ""w_12"": 67.0587687, ""w_13"": 67.11526598, ""w_14"": 67.4125608, ""w_15"": 67.30811397000001, ""w_16"": 67.12736517, ""w_17"": 67.4687024, ""w_18"": 67.72012000000001, ""w_19"": 67.38365238, ""w_20"": 67.38710293}"
623,AU3CB0258465,2021-10-25,0,counterfactual,"{""w_0"": 65.35553, ""w_1"": 65.553741, ""w_2"": 65.842331, ""w_3"": 65.614761, ""w_4"": 65.919014, ""w_5"": 65.60392, ""w_6"": 65.482651, ""w_7"": 66.071281, ""w_8"": 66.340889, ""w_9"": 66.373344, ""w_10"": 66.403145, ""w_11"": 66.520271, ""w_12"": 66.790359, ""w_13"": 66.522133, ""w_14"": 67.06324, ""w_15"": 67.058769, ""w_16"": 67.115265, ""w_17"": 67.41256, ""w_18"": 67.308113, ""w_19"": 67.127365, ""w_20"": 67.468704}"
627,AU3CB0258465,2021-10-29,0,factual,"{""w_0"": 66.07128447, ""w_1"": 66.340888418, ""w_2"": 66.37334626, ""w_3"": 66.4031421, ""w_4"": 66.52027032, ""w_5"": 66.79035938999999, ""w_6"": 66.52213645, ""w_7"": 67.06323753000001, ""w_8"": 67.0587687, ""w_9"": 67.11526598, ""w_10"": 67.4125608, ""w_11"": 67.30811397000001, ""w_12"": 67.12736517, ""w_13"": 67.4687024, ""w_14"": 67.72012000000001, ""w_15"": 67.38365238, ""w_16"": 67.38710293, ""w_17"": 67.6930936, ""w_18"": 67.65979490000001, ""w_19"": 67.1550941, ""w_20"": 67.09953949999999}"
627,AU3CB0258465,2021-10-29,0,counterfactual,"{""w_0"": 65.919014, ""w_1"": 65.60392, ""w_2"": 65.482651, ""w_3"": 66.071281, ""w_4"": 66.340889, ""w_5"": 66.373344, ""w_6"": 66.403145, ""w_7"": 66.520271, ""w_8"": 66.790359, ""w_9"": 66.522133, ""w_10"": 67.06324, ""w_11"": 67.058769, ""w_12"": 67.115265, ""w_13"": 67.41256, ""w_14"": 67.308113, ""w_15"": 67.127365, ""w_16"": 67.468704, ""w_17"": 67.720123, ""w_18"": 67.383652, ""w_19"": 67.3871, ""w_20"": 67.693092}"
619,AU3CB0258465,2021-10-19,0,factual,"{""w_0"": 65.6645808, ""w_1"": 65.35553349999999, ""w_2"": 65.5537398, ""w_3"": 65.8423315, ""w_4"": 65.61476116, ""w_5"": 65.91901500000002, ""w_6"": 65.60392080000001, ""w_7"": 65.4826536, ""w_8"": 66.07128447, ""w_9"": 66.340888418, ""w_10"": 66.37334626, ""w_11"": 66.4031421, ""w_12"": 66.52027032, ""w_13"": 66.79035938999999, ""w_14"": 66.52213645, ""w_15"": 67.06323753000001, ""w_16"": 67.0587687, ""w_17"": 67.11526598, ""w_18"": 67.4125608, ""w_19"": 67.30811397000001, ""w_20"": 67.12736517}"
619,AU3CB0258465,2021-10-19,0,counterfactual,"{""w_0"": 65.695618, ""w_1"": 65.664581, ""w_2"": 65.35553, ""w_3"": 65.553741, ""w_4"": 65.842331, ""w_5"": 65.614761, ""w_6"": 65.919014, ""w_7"": 65.60392, ""w_8"": 65.482651, ""w_9"": 66.071281, ""w_10"": 66.340889, ""w_11"": 66.373344, ""w_12"": 66.403145, ""w_13"": 66.520271, ""w_14"": 66.790359, ""w_15"": 66.522133, ""w_16"": 67.06324, ""w_17"": 67.058769, ""w_18"": 67.115265, ""w_19"": 67.41256, ""w_20"": 67.308113}"
625,AU3CB0258465,2021-10-27,0,factual,"{""w_0"": 65.60392080000001, ""w_1"": 65.4826536, ""w_2"": 66.07128447, ""w_3"": 66.340888418, ""w_4"": 66.37334626, ""w_5"": 66.4031421, ""w_6"": 66.52027032, ""w_7"": 66.79035938999999, ""w_8"": 66.52213645, ""w_9"": 67.06323753000001, ""w_10"": 67.0587687, ""w_11"": 67.11526598, ""w_12"": 67.4125608, ""w_13"": 67.30811397000001, ""w_14"": 67.12736517, ""w_15"": 67.4687024, ""w_16"": 67.72012000000001, ""w_17"": 67.38365238, ""w_18"": 67.38710293, ""w_19"": 67.6930936, ""w_20"": 67.65979490000001}"
625,AU3CB0258465,2021-10-27,0,counterfactual,"{""w_0"": 65.35553, ""w_1"": 65.553741, ""w_2"": 65.842331, ""w_3"": 65.614761, ""w_4"": 65.919014, ""w_5"": 65.60392, ""w_6"": 65.482651, ""w_7"": 66.071281, ""w_8"": 66.340889, ""w_9"": 66.373344, ""w_10"": 66.403145, ""w_11"": 66.520271, ""w_12"": 66.790359, ""w_13"": 66.522133, ""w_14"": 67.06324, ""w_15"": 67.058769, ""w_16"": 67.115265, ""w_17"": 67.41256, ""w_18"": 67.308113, ""w_19"": 67.127365, ""w_20"": 67.468704}"
618,AU3CB0258465,2021-10-18,0,factual,"{""w_0"": 65.69561943000001, ""w_1"": 65.6645808, ""w_2"": 65.35553349999999, ""w_3"": 65.5537398, ""w_4"": 65.8423315, ""w_5"": 65.61476116, ""w_6"": 65.91901500000002, ""w_7"": 65.60392080000001, ""w_8"": 65.4826536, ""w_9"": 66.07128447, ""w_10"": 66.340888418, ""w_11"": 66.37334626, ""w_12"": 66.4031421, ""w_13"": 66.52027032, ""w_14"": 66.79035938999999, ""w_15"": 66.52213645, ""w_16"": 67.06323753000001, ""w_17"": 67.0587687, ""w_18"": 67.11526598, ""w_19"": 67.4125608, ""w_20"": 67.30811397000001}"
618,AU3CB0258465,2021-10-18,0,counterfactual,"{""w_0"": 65.753891, ""w_1"": 65.695618, ""w_2"": 65.664581, ""w_3"": 65.35553, ""w_4"": 65.553741, ""w_5"": 65.842331, ""w_6"": 65.614761, ""w_7"": 65.919014, ""w_8"": 65.60392, ""w_9"": 65.482651, ""w_10"": 66.071281, ""w_11"": 66.340889, ""w_12"": 66.373344, ""w_13"": 66.403145, ""w_14"": 66.520271, ""w_15"": 66.790359, ""w_16"": 66.522133, ""w_17"": 67.06324, ""w_18"": 67.058769, ""w_19"": 67.115265, ""w_20"": 67.41256}"
630,AU3CB0258465,2021-11-03,0,factual,"{""w_0"": 66.4031421, ""w_1"": 66.52027032, ""w_2"": 66.79035938999999, ""w_3"": 66.52213645, ""w_4"": 67.06323753000001, ""w_5"": 67.0587687, ""w_6"": 67.11526598, ""w_7"": 67.4125608, ""w_8"": 67.30811397000001, ""w_9"": 67.12736517, ""w_10"": 67.4687024, ""w_11"": 67.72012000000001, ""w_12"": 67.38365238, ""w_13"": 67.38710293, ""w_14"": 67.6930936, ""w_15"": 67.65979490000001, ""w_16"": 67.1550941, ""w_17"": 67.09953949999999, ""w_18"": 67.76993356, ""w_19"": 67.7333392, ""w_20"": 67.0723313}"
630,AU3CB0258465,2021-11-03,0,counterfactual,"{""w_0"": 65.482651, ""w_1"": 66.071281, ""w_2"": 66.340889, ""w_3"": 66.373344, ""w_4"": 66.403145, ""w_5"": 66.520271, ""w_6"": 66.790359, ""w_7"": 66.522133, ""w_8"": 67.06324, ""w_9"": 67.058769, ""w_10"": 67.115265, ""w_11"": 67.41256, ""w_12"": 67.308113, ""w_13"": 67.127365, ""w_14"": 67.468704, ""w_15"": 67.720123, ""w_16"": 67.383652, ""w_17"": 67.3871, ""w_18"": 67.693092, ""w_19"": 67.659798, ""w_20"": 67.15509}"
629,AU3CB0258465,2021-11-02,0,factual,"{""w_0"": 66.37334626, ""w_1"": 66.4031421, ""w_2"": 66.52027032, ""w_3"": 66.79035938999999, ""w_4"": 66.52213645, ""w_5"": 67.06323753000001, ""w_6"": 67.0587687, ""w_7"": 67.11526598, ""w_8"": 67.4125608, ""w_9"": 67.30811397000001, ""w_10"": 67.12736517, ""w_11"": 67.4687024, ""w_12"": 67.72012000000001, ""w_13"": 67.38365238, ""w_14"": 67.38710293, ""w_15"": 67.6930936, ""w_16"": 67.65979490000001, ""w_17"": 67.1550941, ""w_18"": 67.09953949999999, ""w_19"": 67.76993356, ""w_20"": 67.7333392}"
629,AU3CB0258465,2021-11-02,0,counterfactual,"{""w_0"": 65.482651, ""w_1"": 66.071281, ""w_2"": 66.340889, ""w_3"": 66.373344, ""w_4"": 66.403145, ""w_5"": 66.520271, ""w_6"": 66.790359, ""w_7"": 66.522133, ""w_8"": 67.06324, ""w_9"": 67.058769, ""w_10"": 67.115265, ""w_11"": 67.41256, ""w_12"": 67.308113, ""w_13"": 67.127365, ""w_14"": 67.468704, ""w_15"": 67.720123, ""w_16"": 67.383652, ""w_17"": 67.3871, ""w_18"": 67.693092, ""w_19"": 67.659798, ""w_20"": 67.15509}"
637,AU3CB0258465,2021-11-12,0,factual,"{""w_0"": 67.4125608, ""w_1"": 67.30811397000001, ""w_2"": 67.12736517, ""w_3"": 67.4687024, ""w_4"": 67.72012000000001, ""w_5"": 67.38365238, ""w_6"": 67.38710293, ""w_7"": 67.6930936, ""w_8"": 67.65979490000001, ""w_9"": 67.1550941, ""w_10"": 67.09953949999999, ""w_11"": 67.76993356, ""w_12"": 67.7333392, ""w_13"": 67.0723313, ""w_14"": 67.220924168, ""w_15"": 67.03161349999999, ""w_16"": 66.79991559999999, ""w_17"": 66.89908750000001, ""w_18"": 66.38322574499999, ""w_19"": 66.60336044, ""w_20"": 66.4115536}"
637,AU3CB0258465,2021-11-12,0,counterfactual,"{""w_0"": 67.55024, ""w_1"": 67.589165, ""w_2"": 67.623566, ""w_3"": 67.489281, ""w_4"": 67.162666, ""w_5"": 67.24324, ""w_6"": 67.045677, ""w_7"": 67.464539, ""w_8"": 67.606972, ""w_9"": 67.418121, ""w_10"": 67.525627, ""w_11"": 66.755074, ""w_12"": 67.17807, ""w_13"": 67.109299, ""w_14"": 67.252045, ""w_15"": 67.268913, ""w_16"": 66.876213, ""w_17"": 66.574013, ""w_18"": 66.254166, ""w_19"": 66.273132, ""w_20"": 66.343719}"
632,AU3CB0258465,2021-11-05,0,factual,"{""w_0"": 66.79035938999999, ""w_1"": 66.52213645, ""w_2"": 67.06323753000001, ""w_3"": 67.0587687, ""w_4"": 67.11526598, ""w_5"": 67.4125608, ""w_6"": 67.30811397000001, ""w_7"": 67.12736517, ""w_8"": 67.4687024, ""w_9"": 67.72012000000001, ""w_10"": 67.38365238, ""w_11"": 67.38710293, ""w_12"": 67.6930936, ""w_13"": 67.65979490000001, ""w_14"": 67.1550941, ""w_15"": 67.09953949999999, ""w_16"": 67.76993356, ""w_17"": 67.7333392, ""w_18"": 67.0723313, ""w_19"": 67.220924168, ""w_20"": 67.03161349999999}"
632,AU3CB0258465,2021-11-05,0,counterfactual,"{""w_0"": 67.894379, ""w_1"": 67.658096, ""w_2"": 67.680786, ""w_3"": 67.490562, ""w_4"": 67.20813, ""w_5"": 67.331924, ""w_6"": 67.373642, ""w_7"": 67.55024, ""w_8"": 67.589165, ""w_9"": 67.623566, ""w_10"": 67.489281, ""w_11"": 67.162666, ""w_12"": 67.24324, ""w_13"": 67.045677, ""w_14"": 67.464539, ""w_15"": 67.606972, ""w_16"": 67.418121, ""w_17"": 67.525627, ""w_18"": 66.755074, ""w_19"": 67.17807, ""w_20"": 67.109299}"
634,AU3CB0258465,2021-11-09,0,factual,"{""w_0"": 67.06323753000001, ""w_1"": 67.0587687, ""w_2"": 67.11526598, ""w_3"": 67.4125608, ""w_4"": 67.30811397000001, ""w_5"": 67.12736517, ""w_6"": 67.4687024, ""w_7"": 67.72012000000001, ""w_8"": 67.38365238, ""w_9"": 67.38710293, ""w_10"": 67.6930936, ""w_11"": 67.65979490000001, ""w_12"": 67.1550941, ""w_13"": 67.09953949999999, ""w_14"": 67.76993356, ""w_15"": 67.7333392, ""w_16"": 67.0723313, ""w_17"": 67.220924168, ""w_18"": 67.03161349999999, ""w_19"": 66.79991559999999, ""w_20"": 66.89908750000001}"
634,AU3CB0258465,2021-11-09,0,counterfactual,"{""w_0"": 67.894379, ""w_1"": 67.658096, ""w_2"": 67.680786, ""w_3"": 67.490562, ""w_4"": 67.20813, ""w_5"": 67.331924, ""w_6"": 67.373642, ""w_7"": 67.55024, ""w_8"": 67.589165, ""w_9"": 67.623566, ""w_10"": 67.489281, ""w_11"": 67.162666, ""w_12"": 67.24324, ""w_13"": 67.045677, ""w_14"": 67.464539, ""w_15"": 67.606972, ""w_16"": 67.418121, ""w_17"": 67.525627, ""w_18"": 66.755074, ""w_19"": 67.17807, ""w_20"": 67.109299}"
633,AU3CB0258465,2021-11-08,0,factual,"{""w_0"": 66.52213645, ""w_1"": 67.06323753000001, ""w_2"": 67.0587687, ""w_3"": 67.11526598, ""w_4"": 67.4125608, ""w_5"": 67.30811397000001, ""w_6"": 67.12736517, ""w_7"": 67.4687024, ""w_8"": 67.72012000000001, ""w_9"": 67.38365238, ""w_10"": 67.38710293, ""w_11"": 67.6930936, ""w_12"": 67.65979490000001, ""w_13"": 67.1550941, ""w_14"": 67.09953949999999, ""w_15"": 67.76993356, ""w_16"": 67.7333392, ""w_17"": 67.0723313, ""w_18"": 67.220924168, ""w_19"": 67.03161349999999, ""w_20"": 66.79991559999999}"
633,AU3CB0258465,2021-11-08,0,counterfactual,"{""w_0"": 66.790359, ""w_1"": 66.522133, ""w_2"": 67.06324, ""w_3"": 67.058769, ""w_4"": 67.115265, ""w_5"": 67.41256, ""w_6"": 67.308113, ""w_7"": 67.127365, ""w_8"": 67.468704, ""w_9"": 67.720123, ""w_10"": 67.383652, ""w_11"": 67.3871, ""w_12"": 67.693092, ""w_13"": 67.659798, ""w_14"": 67.15509, ""w_15"": 67.099541, ""w_16"": 67.769936, ""w_17"": 67.733337, ""w_18"": 67.072334, ""w_19"": 67.220924, ""w_20"": 67.031616}"
635,AU3CB0258465,2021-11-10,0,factual,"{""w_0"": 67.0587687, ""w_1"": 67.11526598, ""w_2"": 67.4125608, ""w_3"": 67.30811397000001, ""w_4"": 67.12736517, ""w_5"": 67.4687024, ""w_6"": 67.72012000000001, ""w_7"": 67.38365238, ""w_8"": 67.38710293, ""w_9"": 67.6930936, ""w_10"": 67.65979490000001, ""w_11"": 67.1550941, ""w_12"": 67.09953949999999, ""w_13"": 67.76993356, ""w_14"": 67.7333392, ""w_15"": 67.0723313, ""w_16"": 67.220924168, ""w_17"": 67.03161349999999, ""w_18"": 66.79991559999999, ""w_19"": 66.89908750000001, ""w_20"": 66.38322574499999}"
635,AU3CB0258465,2021-11-10,0,counterfactual,"{""w_0"": 67.490562, ""w_1"": 67.20813, ""w_2"": 67.331924, ""w_3"": 67.373642, ""w_4"": 67.55024, ""w_5"": 67.589165, ""w_6"": 67.623566, ""w_7"": 67.489281, ""w_8"": 67.162666, ""w_9"": 67.24324, ""w_10"": 67.045677, ""w_11"": 67.464539, ""w_12"": 67.606972, ""w_13"": 67.418121, ""w_14"": 67.525627, ""w_15"": 66.755074, ""w_16"": 67.17807, ""w_17"": 67.109299, ""w_18"": 67.252045, ""w_19"": 67.268913, ""w_20"": 66.876213}"
636,AU3CB0258465,2021-11-11,0,factual,"{""w_0"": 67.11526598, ""w_1"": 67.4125608, ""w_2"": 67.30811397000001, ""w_3"": 67.12736517, ""w_4"": 67.4687024, ""w_5"": 67.72012000000001, ""w_6"": 67.38365238, ""w_7"": 67.38710293, ""w_8"": 67.6930936, ""w_9"": 67.65979490000001, ""w_10"": 67.1550941, ""w_11"": 67.09953949999999, ""w_12"": 67.76993356, ""w_13"": 67.7333392, ""w_14"": 67.0723313, ""w_15"": 67.220924168, ""w_16"": 67.03161349999999, ""w_17"": 66.79991559999999, ""w_18"": 66.89908750000001, ""w_19"": 66.38322574499999, ""w_20"": 66.60336044}"
636,AU3CB0258465,2021-11-11,0,counterfactual,"{""w_0"": 67.058769, ""w_1"": 67.115265, ""w_2"": 67.41256, ""w_3"": 67.308113, ""w_4"": 67.127365, ""w_5"": 67.468704, ""w_6"": 67.720123, ""w_7"": 67.383652, ""w_8"": 67.3871, ""w_9"": 67.693092, ""w_10"": 67.659798, ""w_11"": 67.15509, ""w_12"": 67.099541, ""w_13"": 67.769936, ""w_14"": 67.733337, ""w_15"": 67.072334, ""w_16"": 67.220924, ""w_17"": 67.031616, ""w_18"": 66.799919, ""w_19"": 66.899086, ""w_20"": 66.383224}"
639,AU3CB0258465,2021-11-16,0,factual,"{""w_0"": 67.12736517, ""w_1"": 67.4687024, ""w_2"": 67.72012000000001, ""w_3"": 67.38365238, ""w_4"": 67.38710293, ""w_5"": 67.6930936, ""w_6"": 67.65979490000001, ""w_7"": 67.1550941, ""w_8"": 67.09953949999999, ""w_9"": 67.76993356, ""w_10"": 67.7333392, ""w_11"": 67.0723313, ""w_12"": 67.220924168, ""w_13"": 67.03161349999999, ""w_14"": 66.79991559999999, ""w_15"": 66.89908750000001, ""w_16"": 66.38322574499999, ""w_17"": 66.60336044, ""w_18"": 66.4115536, ""w_19"": 66.76262851999999, ""w_20"": 67.289944}"
639,AU3CB0258465,2021-11-16,0,counterfactual,"{""w_0"": 67.623566, ""w_1"": 67.489281, ""w_2"": 67.162666, ""w_3"": 67.24324, ""w_4"": 67.045677, ""w_5"": 67.464539, ""w_6"": 67.606972, ""w_7"": 67.418121, ""w_8"": 67.525627, ""w_9"": 66.755074, ""w_10"": 67.17807, ""w_11"": 67.109299, ""w_12"": 67.252045, ""w_13"": 67.268913, ""w_14"": 66.876213, ""w_15"": 66.574013, ""w_16"": 66.254166, ""w_17"": 66.273132, ""w_18"": 66.343719, ""w_19"": 66.701164, ""w_20"": 66.616348}"
640,AU3CB0258465,2021-11-17,0,factual,"{""w_0"": 67.4687024, ""w_1"": 67.72012000000001, ""w_2"": 67.38365238, ""w_3"": 67.38710293, ""w_4"": 67.6930936, ""w_5"": 67.65979490000001, ""w_6"": 67.1550941, ""w_7"": 67.09953949999999, ""w_8"": 67.76993356, ""w_9"": 67.7333392, ""w_10"": 67.0723313, ""w_11"": 67.220924168, ""w_12"": 67.03161349999999, ""w_13"": 66.79991559999999, ""w_14"": 66.89908750000001, ""w_15"": 66.38322574499999, ""w_16"": 66.60336044, ""w_17"": 66.4115536, ""w_18"": 66.76262851999999, ""w_19"": 67.289944, ""w_20"": 67.25663307}"
640,AU3CB0258465,2021-11-17,0,counterfactual,"{""w_0"": 67.127365, ""w_1"": 67.468704, ""w_2"": 67.720123, ""w_3"": 67.383652, ""w_4"": 67.3871, ""w_5"": 67.693092, ""w_6"": 67.659798, ""w_7"": 67.15509, ""w_8"": 67.099541, ""w_9"": 67.769936, ""w_10"": 67.733337, ""w_11"": 67.072334, ""w_12"": 67.220924, ""w_13"": 67.031616, ""w_14"": 66.799919, ""w_15"": 66.899086, ""w_16"": 66.383224, ""w_17"": 66.603363, ""w_18"": 66.411552, ""w_19"": 66.762627, ""w_20"": 67.289948}"
638,AU3CB0258465,2021-11-15,0,factual,"{""w_0"": 67.30811397000001, ""w_1"": 67.12736517, ""w_2"": 67.4687024, ""w_3"": 67.72012000000001, ""w_4"": 67.38365238, ""w_5"": 67.38710293, ""w_6"": 67.6930936, ""w_7"": 67.65979490000001, ""w_8"": 67.1550941, ""w_9"": 67.09953949999999, ""w_10"": 67.76993356, ""w_11"": 67.7333392, ""w_12"": 67.0723313, ""w_13"": 67.220924168, ""w_14"": 67.03161349999999, ""w_15"": 66.79991559999999, ""w_16"": 66.89908750000001, ""w_17"": 66.38322574499999, ""w_18"": 66.60336044, ""w_19"": 66.4115536, ""w_20"": 66.76262851999999}"
638,AU3CB0258465,2021-11-15,0,counterfactual,"{""w_0"": 67.41256, ""w_1"": 67.308113, ""w_2"": 67.127365, ""w_3"": 67.468704, ""w_4"": 67.720123, ""w_5"": 67.383652, ""w_6"": 67.3871, ""w_7"": 67.693092, ""w_8"": 67.659798, ""w_9"": 67.15509, ""w_10"": 67.099541, ""w_11"": 67.769936, ""w_12"": 67.733337, ""w_13"": 67.072334, ""w_14"": 67.220924, ""w_15"": 67.031616, ""w_16"": 66.799919, ""w_17"": 66.899086, ""w_18"": 66.383224, ""w_19"": 66.603363, ""w_20"": 66.411552}"
641,AU3CB0258465,2021-11-18,0,factual,"{""w_0"": 67.72012000000001, ""w_1"": 67.38365238, ""w_2"": 67.38710293, ""w_3"": 67.6930936, ""w_4"": 67.65979490000001, ""w_5"": 67.1550941, ""w_6"": 67.09953949999999, ""w_7"": 67.76993356, ""w_8"": 67.7333392, ""w_9"": 67.0723313, ""w_10"": 67.220924168, ""w_11"": 67.03161349999999, ""w_12"": 66.79991559999999, ""w_13"": 66.89908750000001, ""w_14"": 66.38322574499999, ""w_15"": 66.60336044, ""w_16"": 66.4115536, ""w_17"": 66.76262851999999, ""w_18"": 67.289944, ""w_19"": 67.25663307, ""w_20"": 66.9599463}"
641,AU3CB0258465,2021-11-18,0,counterfactual,"{""w_0"": 67.162666, ""w_1"": 67.24324, ""w_2"": 67.045677, ""w_3"": 67.464539, ""w_4"": 67.606972, ""w_5"": 67.418121, ""w_6"": 67.525627, ""w_7"": 66.755074, ""w_8"": 67.17807, ""w_9"": 67.109299, ""w_10"": 67.252045, ""w_11"": 67.268913, ""w_12"": 66.876213, ""w_13"": 66.574013, ""w_14"": 66.254166, ""w_15"": 66.273132, ""w_16"": 66.343719, ""w_17"": 66.701164, ""w_18"": 66.616348, ""w_19"": 66.595734, ""w_20"": 66.363449}"
644,AU3CB0258465,2021-11-23,0,factual,"{""w_0"": 67.6930936, ""w_1"": 67.65979490000001, ""w_2"": 67.1550941, ""w_3"": 67.09953949999999, ""w_4"": 67.76993356, ""w_5"": 67.7333392, ""w_6"": 67.0723313, ""w_7"": 67.220924168, ""w_8"": 67.03161349999999, ""w_9"": 66.79991559999999, ""w_10"": 66.89908750000001, ""w_11"": 66.38322574499999, ""w_12"": 66.60336044, ""w_13"": 66.4115536, ""w_14"": 66.76262851999999, ""w_15"": 67.289944, ""w_16"": 67.25663307, ""w_17"": 66.9599463, ""w_18"": 66.71520000000001, ""w_19"": 66.77303867, ""w_20"": 66.87319007}"
644,AU3CB0258465,2021-11-23,0,counterfactual,"{""w_0"": 67.464539, ""w_1"": 67.606972, ""w_2"": 67.418121, ""w_3"": 67.525627, ""w_4"": 66.755074, ""w_5"": 67.17807, ""w_6"": 67.109299, ""w_7"": 67.252045, ""w_8"": 67.268913, ""w_9"": 66.876213, ""w_10"": 66.574013, ""w_11"": 66.254166, ""w_12"": 66.273132, ""w_13"": 66.343719, ""w_14"": 66.701164, ""w_15"": 66.616348, ""w_16"": 66.595734, ""w_17"": 66.363449, ""w_18"": 66.29538, ""w_19"": 66.231277, ""w_20"": 65.876671}"
642,AU3CB0258465,2021-11-19,0,factual,"{""w_0"": 67.38365238, ""w_1"": 67.38710293, ""w_2"": 67.6930936, ""w_3"": 67.65979490000001, ""w_4"": 67.1550941, ""w_5"": 67.09953949999999, ""w_6"": 67.76993356, ""w_7"": 67.7333392, ""w_8"": 67.0723313, ""w_9"": 67.220924168, ""w_10"": 67.03161349999999, ""w_11"": 66.79991559999999, ""w_12"": 66.89908750000001, ""w_13"": 66.38322574499999, ""w_14"": 66.60336044, ""w_15"": 66.4115536, ""w_16"": 66.76262851999999, ""w_17"": 67.289944, ""w_18"": 67.25663307, ""w_19"": 66.9599463, ""w_20"": 66.71520000000001}"
642,AU3CB0258465,2021-11-19,0,counterfactual,"{""w_0"": 67.720123, ""w_1"": 67.383652, ""w_2"": 67.3871, ""w_3"": 67.693092, ""w_4"": 67.659798, ""w_5"": 67.15509, ""w_6"": 67.099541, ""w_7"": 67.769936, ""w_8"": 67.733337, ""w_9"": 67.072334, ""w_10"": 67.220924, ""w_11"": 67.031616, ""w_12"": 66.799919, ""w_13"": 66.899086, ""w_14"": 66.383224, ""w_15"": 66.603363, ""w_16"": 66.411552, ""w_17"": 66.762627, ""w_18"": 67.289948, ""w_19"": 67.25663, ""w_20"": 66.959946}"
645,AU3CB0258465,2021-11-24,0,factual,"{""w_0"": 67.65979490000001, ""w_1"": 67.1550941, ""w_2"": 67.09953949999999, ""w_3"": 67.76993356, ""w_4"": 67.7333392, ""w_5"": 67.0723313, ""w_6"": 67.220924168, ""w_7"": 67.03161349999999, ""w_8"": 66.79991559999999, ""w_9"": 66.89908750000001, ""w_10"": 66.38322574499999, ""w_11"": 66.60336044, ""w_12"": 66.4115536, ""w_13"": 66.76262851999999, ""w_14"": 67.289944, ""w_15"": 67.25663307, ""w_16"": 66.9599463, ""w_17"": 66.71520000000001, ""w_18"": 66.77303867, ""w_19"": 66.87319007, ""w_20"": 66.8613686}"
645,AU3CB0258465,2021-11-24,0,counterfactual,"{""w_0"": 67.045677, ""w_1"": 67.464539, ""w_2"": 67.606972, ""w_3"": 67.418121, ""w_4"": 67.525627, ""w_5"": 66.755074, ""w_6"": 67.17807, ""w_7"": 67.109299, ""w_8"": 67.252045, ""w_9"": 67.268913, ""w_10"": 66.876213, ""w_11"": 66.574013, ""w_12"": 66.254166, ""w_13"": 66.273132, ""w_14"": 66.343719, ""w_15"": 66.701164, ""w_16"": 66.616348, ""w_17"": 66.595734, ""w_18"": 66.363449, ""w_19"": 66.29538, ""w_20"": 66.231277}"
643,AU3CB0258465,2021-11-22,0,factual,"{""w_0"": 67.38710293, ""w_1"": 67.6930936, ""w_2"": 67.65979490000001, ""w_3"": 67.1550941, ""w_4"": 67.09953949999999, ""w_5"": 67.76993356, ""w_6"": 67.7333392, ""w_7"": 67.0723313, ""w_8"": 67.220924168, ""w_9"": 67.03161349999999, ""w_10"": 66.79991559999999, ""w_11"": 66.89908750000001, ""w_12"": 66.38322574499999, ""w_13"": 66.60336044, ""w_14"": 66.4115536, ""w_15"": 66.76262851999999, ""w_16"": 67.289944, ""w_17"": 67.25663307, ""w_18"": 66.9599463, ""w_19"": 66.71520000000001, ""w_20"": 66.77303867}"
643,AU3CB0258465,2021-11-22,0,counterfactual,"{""w_0"": 67.045677, ""w_1"": 67.464539, ""w_2"": 67.606972, ""w_3"": 67.418121, ""w_4"": 67.525627, ""w_5"": 66.755074, ""w_6"": 67.17807, ""w_7"": 67.109299, ""w_8"": 67.252045, ""w_9"": 67.268913, ""w_10"": 66.876213, ""w_11"": 66.574013, ""w_12"": 66.254166, ""w_13"": 66.273132, ""w_14"": 66.343719, ""w_15"": 66.701164, ""w_16"": 66.616348, ""w_17"": 66.595734, ""w_18"": 66.363449, ""w_19"": 66.29538, ""w_20"": 66.231277}"
646,AU3CB0258465,2021-11-25,0,factual,"{""w_0"": 67.1550941, ""w_1"": 67.09953949999999, ""w_2"": 67.76993356, ""w_3"": 67.7333392, ""w_4"": 67.0723313, ""w_5"": 67.220924168, ""w_6"": 67.03161349999999, ""w_7"": 66.79991559999999, ""w_8"": 66.89908750000001, ""w_9"": 66.38322574499999, ""w_10"": 66.60336044, ""w_11"": 66.4115536, ""w_12"": 66.76262851999999, ""w_13"": 67.289944, ""w_14"": 67.25663307, ""w_15"": 66.9599463, ""w_16"": 66.71520000000001, ""w_17"": 66.77303867, ""w_18"": 66.87319007, ""w_19"": 66.8613686, ""w_20"": 66.89836925}"
646,AU3CB0258465,2021-11-25,0,counterfactual,"{""w_0"": 67.308113, ""w_1"": 67.127365, ""w_2"": 67.468704, ""w_3"": 67.720123, ""w_4"": 67.383652, ""w_5"": 67.418121, ""w_6"": 67.693092, ""w_7"": 67.659798, ""w_8"": 67.17807, ""w_9"": 67.099541, ""w_10"": 67.769936, ""w_11"": 67.733337, ""w_12"": 66.876213, ""w_13"": 67.220924, ""w_14"": 67.031616, ""w_15"": 66.799919, ""w_16"": 66.899086, ""w_17"": 66.701164, ""w_18"": 66.616348, ""w_19"": 66.595734, ""w_20"": 66.363449}"
652,AU3CB0258465,2021-12-03,0,factual,"{""w_0"": 67.03161349999999, ""w_1"": 66.79991559999999, ""w_2"": 66.89908750000001, ""w_3"": 66.38322574499999, ""w_4"": 66.60336044, ""w_5"": 66.4115536, ""w_6"": 66.76262851999999, ""w_7"": 67.289944, ""w_8"": 67.25663307, ""w_9"": 66.9599463, ""w_10"": 66.71520000000001, ""w_11"": 66.77303867, ""w_12"": 66.87319007, ""w_13"": 66.8613686, ""w_14"": 66.89836925, ""w_15"": 66.7072763, ""w_16"": 65.90056422, ""w_17"": 65.97371439999999, ""w_18"": 65.52345352799999, ""w_19"": 65.406784734, ""w_20"": 65.29061279999999}"
652,AU3CB0258465,2021-12-03,0,counterfactual,"{""w_0"": 67.220924, ""w_1"": 67.031616, ""w_2"": 66.799919, ""w_3"": 66.899086, ""w_4"": 66.383224, ""w_5"": 66.603363, ""w_6"": 66.411552, ""w_7"": 66.762627, ""w_8"": 67.289948, ""w_9"": 67.25663, ""w_10"": 66.959946, ""w_11"": 66.715202, ""w_12"": 66.773041, ""w_13"": 66.873192, ""w_14"": 66.861366, ""w_15"": 66.898369, ""w_16"": 66.707275, ""w_17"": 65.900566, ""w_18"": 65.973717, ""w_19"": 65.523453, ""w_20"": 65.406784}"
647,AU3CB0258465,2021-11-26,0,factual,"{""w_0"": 67.09953949999999, ""w_1"": 67.76993356, ""w_2"": 67.7333392, ""w_3"": 67.0723313, ""w_4"": 67.220924168, ""w_5"": 67.03161349999999, ""w_6"": 66.79991559999999, ""w_7"": 66.89908750000001, ""w_8"": 66.38322574499999, ""w_9"": 66.60336044, ""w_10"": 66.4115536, ""w_11"": 66.76262851999999, ""w_12"": 67.289944, ""w_13"": 67.25663307, ""w_14"": 66.9599463, ""w_15"": 66.71520000000001, ""w_16"": 66.77303867, ""w_17"": 66.87319007, ""w_18"": 66.8613686, ""w_19"": 66.89836925, ""w_20"": 66.7072763}"
647,AU3CB0258465,2021-11-26,0,counterfactual,"{""w_0"": 67.659798, ""w_1"": 67.15509, ""w_2"": 67.099541, ""w_3"": 67.769936, ""w_4"": 67.733337, ""w_5"": 67.072334, ""w_6"": 67.220924, ""w_7"": 67.031616, ""w_8"": 66.799919, ""w_9"": 66.899086, ""w_10"": 66.383224, ""w_11"": 66.603363, ""w_12"": 66.411552, ""w_13"": 66.762627, ""w_14"": 67.289948, ""w_15"": 67.25663, ""w_16"": 66.959946, ""w_17"": 66.715202, ""w_18"": 66.773041, ""w_19"": 66.873192, ""w_20"": 66.861366}"
651,AU3CB0258465,2021-12-02,0,factual,"{""w_0"": 67.220924168, ""w_1"": 67.03161349999999, ""w_2"": 66.79991559999999, ""w_3"": 66.89908750000001, ""w_4"": 66.38322574499999, ""w_5"": 66.60336044, ""w_6"": 66.4115536, ""w_7"": 66.76262851999999, ""w_8"": 67.289944, ""w_9"": 67.25663307, ""w_10"": 66.9599463, ""w_11"": 66.71520000000001, ""w_12"": 66.77303867, ""w_13"": 66.87319007, ""w_14"": 66.8613686, ""w_15"": 66.89836925, ""w_16"": 66.7072763, ""w_17"": 65.90056422, ""w_18"": 65.97371439999999, ""w_19"": 65.52345352799999, ""w_20"": 65.406784734}"
651,AU3CB0258465,2021-12-02,0,counterfactual,"{""w_0"": 67.072334, ""w_1"": 67.220924, ""w_2"": 67.031616, ""w_3"": 66.799919, ""w_4"": 66.899086, ""w_5"": 66.383224, ""w_6"": 66.603363, ""w_7"": 66.411552, ""w_8"": 66.762627, ""w_9"": 67.289948, ""w_10"": 67.25663, ""w_11"": 66.959946, ""w_12"": 66.715202, ""w_13"": 66.773041, ""w_14"": 66.873192, ""w_15"": 66.861366, ""w_16"": 66.898369, ""w_17"": 66.707275, ""w_18"": 65.900566, ""w_19"": 65.973717, ""w_20"": 65.523453}"
650,AU3CB0258465,2021-12-01,0,factual,"{""w_0"": 67.0723313, ""w_1"": 67.220924168, ""w_2"": 67.03161349999999, ""w_3"": 66.79991559999999, ""w_4"": 66.89908750000001, ""w_5"": 66.38322574499999, ""w_6"": 66.60336044, ""w_7"": 66.4115536, ""w_8"": 66.76262851999999, ""w_9"": 67.289944, ""w_10"": 67.25663307, ""w_11"": 66.9599463, ""w_12"": 66.71520000000001, ""w_13"": 66.77303867, ""w_14"": 66.87319007, ""w_15"": 66.8613686, ""w_16"": 66.89836925, ""w_17"": 66.7072763, ""w_18"": 65.90056422, ""w_19"": 65.97371439999999, ""w_20"": 65.52345352799999}"
650,AU3CB0258465,2021-12-01,0,counterfactual,"{""w_0"": 67.733337, ""w_1"": 67.072334, ""w_2"": 67.220924, ""w_3"": 67.031616, ""w_4"": 66.799919, ""w_5"": 66.899086, ""w_6"": 66.383224, ""w_7"": 66.603363, ""w_8"": 66.411552, ""w_9"": 66.762627, ""w_10"": 67.289948, ""w_11"": 67.25663, ""w_12"": 66.959946, ""w_13"": 66.715202, ""w_14"": 66.773041, ""w_15"": 66.873192, ""w_16"": 66.861366, ""w_17"": 66.898369, ""w_18"": 66.707275, ""w_19"": 65.900566, ""w_20"": 65.973717}"
648,AU3CB0258465,2021-11-29,0,factual,"{""w_0"": 67.76993356, ""w_1"": 67.7333392, ""w_2"": 67.0723313, ""w_3"": 67.220924168, ""w_4"": 67.03161349999999, ""w_5"": 66.79991559999999, ""w_6"": 66.89908750000001, ""w_7"": 66.38322574499999, ""w_8"": 66.60336044, ""w_9"": 66.4115536, ""w_10"": 66.76262851999999, ""w_11"": 67.289944, ""w_12"": 67.25663307, ""w_13"": 66.9599463, ""w_14"": 66.71520000000001, ""w_15"": 66.77303867, ""w_16"": 66.87319007, ""w_17"": 66.8613686, ""w_18"": 66.89836925, ""w_19"": 66.7072763, ""w_20"": 65.90056422}"
648,AU3CB0258465,2021-11-29,0,counterfactual,"{""w_0"": 67.623566, ""w_1"": 67.489281, ""w_2"": 67.162666, ""w_3"": 67.24324, ""w_4"": 67.045677, ""w_5"": 67.464539, ""w_6"": 67.606972, ""w_7"": 67.418121, ""w_8"": 67.525627, ""w_9"": 66.755074, ""w_10"": 67.17807, ""w_11"": 67.109299, ""w_12"": 67.252045, ""w_13"": 67.268913, ""w_14"": 66.876213, ""w_15"": 66.574013, ""w_16"": 66.254166, ""w_17"": 66.273132, ""w_18"": 66.343719, ""w_19"": 66.701164, ""w_20"": 66.616348}"
649,AU3CB0258465,2021-11-30,0,factual,"{""w_0"": 67.7333392, ""w_1"": 67.0723313, ""w_2"": 67.220924168, ""w_3"": 67.03161349999999, ""w_4"": 66.79991559999999, ""w_5"": 66.89908750000001, ""w_6"": 66.38322574499999, ""w_7"": 66.60336044, ""w_8"": 66.4115536, ""w_9"": 66.76262851999999, ""w_10"": 67.289944, ""w_11"": 67.25663307, ""w_12"": 66.9599463, ""w_13"": 66.71520000000001, ""w_14"": 66.77303867, ""w_15"": 66.87319007, ""w_16"": 66.8613686, ""w_17"": 66.89836925, ""w_18"": 66.7072763, ""w_19"": 65.90056422, ""w_20"": 65.97371439999999}"
649,AU3CB0258465,2021-11-30,0,counterfactual,"{""w_0"": 67.24324, ""w_1"": 67.045677, ""w_2"": 67.464539, ""w_3"": 67.606972, ""w_4"": 67.418121, ""w_5"": 67.525627, ""w_6"": 66.755074, ""w_7"": 67.17807, ""w_8"": 67.109299, ""w_9"": 67.252045, ""w_10"": 67.268913, ""w_11"": 66.876213, ""w_12"": 66.574013, ""w_13"": 66.254166, ""w_14"": 66.273132, ""w_15"": 66.343719, ""w_16"": 66.701164, ""w_17"": 66.616348, ""w_18"": 66.595734, ""w_19"": 66.363449, ""w_20"": 66.29538}"
653,AU3CB0258465,2021-12-06,0,factual,"{""w_0"": 66.79991559999999, ""w_1"": 66.89908750000001, ""w_2"": 66.38322574499999, ""w_3"": 66.60336044, ""w_4"": 66.4115536, ""w_5"": 66.76262851999999, ""w_6"": 67.289944, ""w_7"": 67.25663307, ""w_8"": 66.9599463, ""w_9"": 66.71520000000001, ""w_10"": 66.77303867, ""w_11"": 66.87319007, ""w_12"": 66.8613686, ""w_13"": 66.89836925, ""w_14"": 66.7072763, ""w_15"": 65.90056422, ""w_16"": 65.97371439999999, ""w_17"": 65.52345352799999, ""w_18"": 65.406784734, ""w_19"": 65.29061279999999, ""w_20"": 64.70602532000001}"
653,AU3CB0258465,2021-12-06,0,counterfactual,"{""w_0"": 67.031616, ""w_1"": 66.799919, ""w_2"": 66.899086, ""w_3"": 66.383224, ""w_4"": 66.603363, ""w_5"": 66.411552, ""w_6"": 66.762627, ""w_7"": 67.289948, ""w_8"": 67.25663, ""w_9"": 66.959946, ""w_10"": 66.715202, ""w_11"": 66.773041, ""w_12"": 66.873192, ""w_13"": 66.861366, ""w_14"": 66.898369, ""w_15"": 66.707275, ""w_16"": 65.900566, ""w_17"": 65.973717, ""w_18"": 65.523453, ""w_19"": 65.406784, ""w_20"": 65.290611}"
654,AU3CB0258465,2021-12-07,0,factual,"{""w_0"": 66.89908750000001, ""w_1"": 66.38322574499999, ""w_2"": 66.60336044, ""w_3"": 66.4115536, ""w_4"": 66.76262851999999, ""w_5"": 67.289944, ""w_6"": 67.25663307, ""w_7"": 66.9599463, ""w_8"": 66.71520000000001, ""w_9"": 66.77303867, ""w_10"": 66.87319007, ""w_11"": 66.8613686, ""w_12"": 66.89836925, ""w_13"": 66.7072763, ""w_14"": 65.90056422, ""w_15"": 65.97371439999999, ""w_16"": 65.52345352799999, ""w_17"": 65.406784734, ""w_18"": 65.29061279999999, ""w_19"": 64.70602532000001, ""w_20"": 64.99920505}"
654,AU3CB0258465,2021-12-07,0,counterfactual,"{""w_0"": 66.363449, ""w_1"": 66.29538, ""w_2"": 66.231277, ""w_3"": 65.876671, ""w_4"": 65.954117, ""w_5"": 66.325203, ""w_6"": 66.322594, ""w_7"": 66.503906, ""w_8"": 66.364029, ""w_9"": 66.363106, ""w_10"": 66.606644, ""w_11"": 66.710152, ""w_12"": 66.496468, ""w_13"": 66.424316, ""w_14"": 66.276924, ""w_15"": 65.908035, ""w_16"": 65.739311, ""w_17"": 65.128441, ""w_18"": 64.927567, ""w_19"": 65.264626, ""w_20"": 65.561516}"
655,AU3CB0258465,2021-12-08,0,factual,"{""w_0"": 66.38322574499999, ""w_1"": 66.60336044, ""w_2"": 66.4115536, ""w_3"": 66.76262851999999, ""w_4"": 67.289944, ""w_5"": 67.25663307, ""w_6"": 66.9599463, ""w_7"": 66.71520000000001, ""w_8"": 66.77303867, ""w_9"": 66.87319007, ""w_10"": 66.8613686, ""w_11"": 66.89836925, ""w_12"": 66.7072763, ""w_13"": 65.90056422, ""w_14"": 65.97371439999999, ""w_15"": 65.52345352799999, ""w_16"": 65.406784734, ""w_17"": 65.29061279999999, ""w_18"": 64.70602532000001, ""w_19"": 64.99920505, ""w_20"": 65.7378605}"
655,AU3CB0258465,2021-12-08,0,counterfactual,"{""w_0"": 66.363449, ""w_1"": 66.29538, ""w_2"": 66.231277, ""w_3"": 65.876671, ""w_4"": 65.954117, ""w_5"": 66.325203, ""w_6"": 66.322594, ""w_7"": 66.503906, ""w_8"": 66.364029, ""w_9"": 66.363106, ""w_10"": 66.606644, ""w_11"": 66.710152, ""w_12"": 66.496468, ""w_13"": 66.424316, ""w_14"": 66.276924, ""w_15"": 65.908035, ""w_16"": 65.739311, ""w_17"": 65.128441, ""w_18"": 64.927567, ""w_19"": 65.264626, ""w_20"": 65.561516}"
656,AU3CB0258465,2021-12-09,0,factual,"{""w_0"": 66.60336044, ""w_1"": 66.4115536, ""w_2"": 66.76262851999999, ""w_3"": 67.289944, ""w_4"": 67.25663307, ""w_5"": 66.9599463, ""w_6"": 66.71520000000001, ""w_7"": 66.77303867, ""w_8"": 66.87319007, ""w_9"": 66.8613686, ""w_10"": 66.89836925, ""w_11"": 66.7072763, ""w_12"": 65.90056422, ""w_13"": 65.97371439999999, ""w_14"": 65.52345352799999, ""w_15"": 65.406784734, ""w_16"": 65.29061279999999, ""w_17"": 64.70602532000001, ""w_18"": 64.99920505, ""w_19"": 65.7378605, ""w_20"": 65.811108}"
656,AU3CB0258465,2021-12-09,0,counterfactual,"{""w_0"": 66.383224, ""w_1"": 66.603363, ""w_2"": 66.411552, ""w_3"": 66.762627, ""w_4"": 67.289948, ""w_5"": 67.25663, ""w_6"": 66.959946, ""w_7"": 66.715202, ""w_8"": 66.773041, ""w_9"": 66.873192, ""w_10"": 66.861366, ""w_11"": 66.898369, ""w_12"": 66.707275, ""w_13"": 65.900566, ""w_14"": 65.973717, ""w_15"": 65.523453, ""w_16"": 65.406784, ""w_17"": 65.290611, ""w_18"": 64.706024, ""w_19"": 64.999207, ""w_20"": 65.737862}"
657,AU3CB0258465,2021-12-10,0,factual,"{""w_0"": 66.4115536, ""w_1"": 66.76262851999999, ""w_2"": 67.289944, ""w_3"": 67.25663307, ""w_4"": 66.9599463, ""w_5"": 66.71520000000001, ""w_6"": 66.77303867, ""w_7"": 66.87319007, ""w_8"": 66.8613686, ""w_9"": 66.89836925, ""w_10"": 66.7072763, ""w_11"": 65.90056422, ""w_12"": 65.97371439999999, ""w_13"": 65.52345352799999, ""w_14"": 65.406784734, ""w_15"": 65.29061279999999, ""w_16"": 64.70602532000001, ""w_17"": 64.99920505, ""w_18"": 65.7378605, ""w_19"": 65.811108, ""w_20"": 65.89082807999999}"
657,AU3CB0258465,2021-12-10,0,counterfactual,"{""w_0"": 65.876671, ""w_1"": 65.954117, ""w_2"": 66.325203, ""w_3"": 66.322594, ""w_4"": 66.503906, ""w_5"": 66.364029, ""w_6"": 66.363106, ""w_7"": 66.606644, ""w_8"": 66.710152, ""w_9"": 66.496468, ""w_10"": 66.424316, ""w_11"": 66.276924, ""w_12"": 65.908035, ""w_13"": 65.739311, ""w_14"": 65.128441, ""w_15"": 64.927567, ""w_16"": 65.264626, ""w_17"": 65.561516, ""w_18"": 65.694672, ""w_19"": 65.425964, ""w_20"": 65.922165}"
674,AU3CB0258465,2022-01-04,0,factual,"{""w_0"": 64.99920505, ""w_1"": 65.7378605, ""w_2"": 65.811108, ""w_3"": 65.89082807999999, ""w_4"": 66.01553320000001, ""w_5"": 65.84019590000001, ""w_6"": 65.73978000000001, ""w_7"": 66.009573, ""w_8"": 65.81463664, ""w_9"": 65.8418528, ""w_10"": 65.57717064, ""w_11"": 65.92941719999999, ""w_12"": 66.289158, ""w_13"": 66.4763172, ""w_14"": 66.4565363, ""w_15"": 66.4856871, ""w_16"": 66.5871899, ""w_17"": 66.509572635, ""w_18"": 66.62089362500001, ""w_19"": 66.487703865, ""w_20"": 66.20037375999999}"
674,AU3CB0258465,2022-01-04,0,counterfactual,"{""w_0"": 65.780617, ""w_1"": 65.903862, ""w_2"": 65.753891, ""w_3"": 65.695618, ""w_4"": 65.664581, ""w_5"": 65.35553, ""w_6"": 65.553741, ""w_7"": 65.842331, ""w_8"": 65.614761, ""w_9"": 65.919014, ""w_10"": 65.60392, ""w_11"": 65.482651, ""w_12"": 66.071281, ""w_13"": 66.340889, ""w_14"": 66.373344, ""w_15"": 66.403145, ""w_16"": 66.520271, ""w_17"": 66.790359, ""w_18"": 66.522133, ""w_19"": 67.06324, ""w_20"": 67.058769}"
675,AU3CB0258465,2022-01-05,0,factual,"{""w_0"": 65.7378605, ""w_1"": 65.811108, ""w_2"": 65.89082807999999, ""w_3"": 66.01553320000001, ""w_4"": 65.84019590000001, ""w_5"": 65.73978000000001, ""w_6"": 66.009573, ""w_7"": 65.81463664, ""w_8"": 65.8418528, ""w_9"": 65.57717064, ""w_10"": 65.92941719999999, ""w_11"": 66.289158, ""w_12"": 66.4763172, ""w_13"": 66.4565363, ""w_14"": 66.4856871, ""w_15"": 66.5871899, ""w_16"": 66.509572635, ""w_17"": 66.62089362500001, ""w_18"": 66.487703865, ""w_19"": 66.20037375999999, ""w_20"": 66.69195474}"
675,AU3CB0258465,2022-01-05,0,counterfactual,"{""w_0"": 64.999207, ""w_1"": 65.737862, ""w_2"": 65.811111, ""w_3"": 65.890831, ""w_4"": 66.015533, ""w_5"": 65.840195, ""w_6"": 65.739777, ""w_7"": 66.009575, ""w_8"": 65.814636, ""w_9"": 65.84185, ""w_10"": 65.577171, ""w_11"": 65.92942, ""w_12"": 66.289162, ""w_13"": 66.476318, ""w_14"": 66.456535, ""w_15"": 66.485687, ""w_16"": 66.587189, ""w_17"": 66.509575, ""w_18"": 66.620895, ""w_19"": 66.487701, ""w_20"": 66.200371}"
676,AU3CB0258465,2022-01-06,0,factual,"{""w_0"": 65.811108, ""w_1"": 65.89082807999999, ""w_2"": 66.01553320000001, ""w_3"": 65.84019590000001, ""w_4"": 65.73978000000001, ""w_5"": 66.009573, ""w_6"": 65.81463664, ""w_7"": 65.8418528, ""w_8"": 65.57717064, ""w_9"": 65.92941719999999, ""w_10"": 66.289158, ""w_11"": 66.4763172, ""w_12"": 66.4565363, ""w_13"": 66.4856871, ""w_14"": 66.5871899, ""w_15"": 66.509572635, ""w_16"": 66.62089362500001, ""w_17"": 66.487703865, ""w_18"": 66.20037375999999, ""w_19"": 66.69195474, ""w_20"": 66.2947245}"
676,AU3CB0258465,2022-01-06,0,counterfactual,"{""w_0"": 65.737862, ""w_1"": 65.811111, ""w_2"": 65.890831, ""w_3"": 66.015533, ""w_4"": 65.840195, ""w_5"": 65.739777, ""w_6"": 66.009575, ""w_7"": 65.814636, ""w_8"": 65.84185, ""w_9"": 65.577171, ""w_10"": 65.92942, ""w_11"": 66.289162, ""w_12"": 66.476318, ""w_13"": 66.456535, ""w_14"": 66.485687, ""w_15"": 66.587189, ""w_16"": 66.509575, ""w_17"": 66.620895, ""w_18"": 66.487701, ""w_19"": 66.200371, ""w_20"": 66.691956}"
677,AU3CB0258465,2022-01-07,0,factual,"{""w_0"": 65.89082807999999, ""w_1"": 66.01553320000001, ""w_2"": 65.84019590000001, ""w_3"": 65.73978000000001, ""w_4"": 66.009573, ""w_5"": 65.81463664, ""w_6"": 65.8418528, ""w_7"": 65.57717064, ""w_8"": 65.92941719999999, ""w_9"": 66.289158, ""w_10"": 66.4763172, ""w_11"": 66.4565363, ""w_12"": 66.4856871, ""w_13"": 66.5871899, ""w_14"": 66.509572635, ""w_15"": 66.62089362500001, ""w_16"": 66.487703865, ""w_17"": 66.20037375999999, ""w_18"": 66.69195474, ""w_19"": 66.2947245, ""w_20"": 65.84906565}"
677,AU3CB0258465,2022-01-07,0,counterfactual,"{""w_0"": 64.999207, ""w_1"": 65.737862, ""w_2"": 65.811111, ""w_3"": 65.890831, ""w_4"": 66.015533, ""w_5"": 65.840195, ""w_6"": 65.739777, ""w_7"": 66.009575, ""w_8"": 65.814636, ""w_9"": 65.84185, ""w_10"": 65.577171, ""w_11"": 65.92942, ""w_12"": 66.289162, ""w_13"": 66.476318, ""w_14"": 66.456535, ""w_15"": 66.485687, ""w_16"": 66.587189, ""w_17"": 66.509575, ""w_18"": 66.620895, ""w_19"": 66.487701, ""w_20"": 66.200371}"
678,AU3CB0258465,2022-01-10,0,factual,"{""w_0"": 66.01553320000001, ""w_1"": 65.84019590000001, ""w_2"": 65.73978000000001, ""w_3"": 66.009573, ""w_4"": 65.81463664, ""w_5"": 65.8418528, ""w_6"": 65.57717064, ""w_7"": 65.92941719999999, ""w_8"": 66.289158, ""w_9"": 66.4763172, ""w_10"": 66.4565363, ""w_11"": 66.4856871, ""w_12"": 66.5871899, ""w_13"": 66.509572635, ""w_14"": 66.62089362500001, ""w_15"": 66.487703865, ""w_16"": 66.20037375999999, ""w_17"": 66.69195474, ""w_18"": 66.2947245, ""w_19"": 65.84906565, ""w_20"": 65.64701579999999}"
678,AU3CB0258465,2022-01-10,0,counterfactual,"{""w_0"": 65.890831, ""w_1"": 66.015533, ""w_2"": 65.840195, ""w_3"": 65.739777, ""w_4"": 66.009575, ""w_5"": 65.814636, ""w_6"": 65.84185, ""w_7"": 65.577171, ""w_8"": 65.92942, ""w_9"": 66.289162, ""w_10"": 66.476318, ""w_11"": 66.456535, ""w_12"": 66.485687, ""w_13"": 66.587189, ""w_14"": 66.509575, ""w_15"": 66.620895, ""w_16"": 66.487701, ""w_17"": 66.200371, ""w_18"": 66.691956, ""w_19"": 66.294724, ""w_20"": 65.849068}"
680,AU3CB0258465,2022-01-12,0,factual,"{""w_0"": 65.73978000000001, ""w_1"": 66.009573, ""w_2"": 65.81463664, ""w_3"": 65.8418528, ""w_4"": 65.57717064, ""w_5"": 65.92941719999999, ""w_6"": 66.289158, ""w_7"": 66.4763172, ""w_8"": 66.4565363, ""w_9"": 66.4856871, ""w_10"": 66.5871899, ""w_11"": 66.509572635, ""w_12"": 66.62089362500001, ""w_13"": 66.487703865, ""w_14"": 66.20037375999999, ""w_15"": 66.69195474, ""w_16"": 66.2947245, ""w_17"": 65.84906565, ""w_18"": 65.64701579999999, ""w_19"": 65.77390799999999, ""w_20"": 65.89508662499999}"
680,AU3CB0258465,2022-01-12,0,counterfactual,"{""w_0"": 65.561516, ""w_1"": 65.694672, ""w_2"": 65.425964, ""w_3"": 65.922165, ""w_4"": 65.66407, ""w_5"": 65.844933, ""w_6"": 66.099472, ""w_7"": 66.179352, ""w_8"": 66.522141, ""w_9"": 66.520088, ""w_10"": 66.239922, ""w_11"": 66.121399, ""w_12"": 66.159454, ""w_13"": 66.170433, ""w_14"": 66.218819, ""w_15"": 65.780617, ""w_16"": 65.903862, ""w_17"": 65.753891, ""w_18"": 65.695618, ""w_19"": 65.664581, ""w_20"": 65.35553}"
683,AU3CB0258465,2022-01-17,0,factual,"{""w_0"": 65.8418528, ""w_1"": 65.57717064, ""w_2"": 65.92941719999999, ""w_3"": 66.289158, ""w_4"": 66.4763172, ""w_5"": 66.4565363, ""w_6"": 66.4856871, ""w_7"": 66.5871899, ""w_8"": 66.509572635, ""w_9"": 66.62089362500001, ""w_10"": 66.487703865, ""w_11"": 66.20037375999999, ""w_12"": 66.69195474, ""w_13"": 66.2947245, ""w_14"": 65.84906565, ""w_15"": 65.64701579999999, ""w_16"": 65.77390799999999, ""w_17"": 65.89508662499999, ""w_18"": 66.08014127, ""w_19"": 65.93217175, ""w_20"": 65.56877604}"
683,AU3CB0258465,2022-01-17,0,counterfactual,"{""w_0"": 65.814636, ""w_1"": 65.84185, ""w_2"": 65.577171, ""w_3"": 65.92942, ""w_4"": 66.289162, ""w_5"": 66.476318, ""w_6"": 66.456535, ""w_7"": 66.485687, ""w_8"": 66.587189, ""w_9"": 66.509575, ""w_10"": 66.620895, ""w_11"": 66.487701, ""w_12"": 66.200371, ""w_13"": 66.691956, ""w_14"": 66.294724, ""w_15"": 65.849068, ""w_16"": 65.647018, ""w_17"": 65.773911, ""w_18"": 65.895088, ""w_19"": 66.080139, ""w_20"": 65.932175}"
679,AU3CB0258465,2022-01-11,0,factual,"{""w_0"": 65.84019590000001, ""w_1"": 65.73978000000001, ""w_2"": 66.009573, ""w_3"": 65.81463664, ""w_4"": 65.8418528, ""w_5"": 65.57717064, ""w_6"": 65.92941719999999, ""w_7"": 66.289158, ""w_8"": 66.4763172, ""w_9"": 66.4565363, ""w_10"": 66.4856871, ""w_11"": 66.5871899, ""w_12"": 66.509572635, ""w_13"": 66.62089362500001, ""w_14"": 66.487703865, ""w_15"": 66.20037375999999, ""w_16"": 66.69195474, ""w_17"": 66.2947245, ""w_18"": 65.84906565, ""w_19"": 65.64701579999999, ""w_20"": 65.77390799999999}"
679,AU3CB0258465,2022-01-11,0,counterfactual,"{""w_0"": 65.264626, ""w_1"": 65.561516, ""w_2"": 65.694672, ""w_3"": 65.425964, ""w_4"": 65.922165, ""w_5"": 65.66407, ""w_6"": 65.844933, ""w_7"": 66.099472, ""w_8"": 66.179352, ""w_9"": 66.522141, ""w_10"": 66.520088, ""w_11"": 66.239922, ""w_12"": 66.121399, ""w_13"": 66.159454, ""w_14"": 66.170433, ""w_15"": 66.218819, ""w_16"": 65.780617, ""w_17"": 65.903862, ""w_18"": 65.753891, ""w_19"": 65.695618, ""w_20"": 65.664581}"
682,AU3CB0258465,2022-01-14,0,factual,"{""w_0"": 65.81463664, ""w_1"": 65.8418528, ""w_2"": 65.57717064, ""w_3"": 65.92941719999999, ""w_4"": 66.289158, ""w_5"": 66.4763172, ""w_6"": 66.4565363, ""w_7"": 66.4856871, ""w_8"": 66.5871899, ""w_9"": 66.509572635, ""w_10"": 66.62089362500001, ""w_11"": 66.487703865, ""w_12"": 66.20037375999999, ""w_13"": 66.69195474, ""w_14"": 66.2947245, ""w_15"": 65.84906565, ""w_16"": 65.64701579999999, ""w_17"": 65.77390799999999, ""w_18"": 65.89508662499999, ""w_19"": 66.08014127, ""w_20"": 65.93217175}"
682,AU3CB0258465,2022-01-14,0,counterfactual,"{""w_0"": 65.739777, ""w_1"": 66.009575, ""w_2"": 65.814636, ""w_3"": 65.84185, ""w_4"": 65.577171, ""w_5"": 65.92942, ""w_6"": 66.289162, ""w_7"": 66.476318, ""w_8"": 66.456535, ""w_9"": 66.485687, ""w_10"": 66.587189, ""w_11"": 66.509575, ""w_12"": 66.620895, ""w_13"": 66.487701, ""w_14"": 66.200371, ""w_15"": 66.691956, ""w_16"": 66.294724, ""w_17"": 65.849068, ""w_18"": 65.647018, ""w_19"": 65.773911, ""w_20"": 65.895088}"
684,AU3CB0258465,2022-01-18,0,factual,"{""w_0"": 65.57717064, ""w_1"": 65.92941719999999, ""w_2"": 66.289158, ""w_3"": 66.4763172, ""w_4"": 66.4565363, ""w_5"": 66.4856871, ""w_6"": 66.5871899, ""w_7"": 66.509572635, ""w_8"": 66.62089362500001, ""w_9"": 66.487703865, ""w_10"": 66.20037375999999, ""w_11"": 66.69195474, ""w_12"": 66.2947245, ""w_13"": 65.84906565, ""w_14"": 65.64701579999999, ""w_15"": 65.77390799999999, ""w_16"": 65.89508662499999, ""w_17"": 66.08014127, ""w_18"": 65.93217175, ""w_19"": 65.56877604, ""w_20"": 65.47170262499999}"
684,AU3CB0258465,2022-01-18,0,counterfactual,"{""w_0"": 65.425964, ""w_1"": 65.922165, ""w_2"": 65.66407, ""w_3"": 65.844933, ""w_4"": 66.099472, ""w_5"": 66.179352, ""w_6"": 66.522141, ""w_7"": 66.520088, ""w_8"": 66.239922, ""w_9"": 66.121399, ""w_10"": 66.159454, ""w_11"": 66.170433, ""w_12"": 66.218819, ""w_13"": 65.780617, ""w_14"": 65.903862, ""w_15"": 65.753891, ""w_16"": 65.695618, ""w_17"": 65.664581, ""w_18"": 65.35553, ""w_19"": 65.553741, ""w_20"": 65.842331}"
712,AU3CB0258465,2022-02-25,0,factual,"{""w_0"": 65.27190175, ""w_1"": 64.90139895, ""w_2"": 65.1375844, ""w_3"": 65.50679538, ""w_4"": 65.201126425, ""w_5"": 64.48428559999999, ""w_6"": 63.828276, ""w_7"": 64.2614382, ""w_8"": 64.57718135, ""w_9"": 64.74706905, ""w_10"": 64.5962688, ""w_11"": 64.718856855, ""w_12"": 64.90930394, ""w_13"": 64.77814124999999, ""w_14"": 65.14049445, ""w_15"": 65.12784844999999, ""w_16"": 65.2700935215, ""w_17"": 65.36966031, ""w_18"": 65.63915764, ""w_19"": 65.84289219, ""w_20"": 65.8760473}"
712,AU3CB0258465,2022-02-25,0,counterfactual,"{""w_0"": 65.472862, ""w_1"": 65.271904, ""w_2"": 64.901398, ""w_3"": 65.137581, ""w_4"": 65.506798, ""w_5"": 65.201126, ""w_6"": 64.484283, ""w_7"": 63.828278, ""w_8"": 64.261436, ""w_9"": 64.577179, ""w_10"": 64.74707, ""w_11"": 64.596268, ""w_12"": 64.718857, ""w_13"": 64.909302, ""w_14"": 64.778145, ""w_15"": 65.140495, ""w_16"": 65.127846, ""w_17"": 65.270096, ""w_18"": 65.369659, ""w_19"": 65.63916, ""w_20"": 65.842896}"
711,AU3CB0258465,2022-02-24,0,factual,"{""w_0"": 65.4728585, ""w_1"": 65.27190175, ""w_2"": 64.90139895, ""w_3"": 65.1375844, ""w_4"": 65.50679538, ""w_5"": 65.201126425, ""w_6"": 64.48428559999999, ""w_7"": 63.828276, ""w_8"": 64.2614382, ""w_9"": 64.57718135, ""w_10"": 64.74706905, ""w_11"": 64.5962688, ""w_12"": 64.718856855, ""w_13"": 64.90930394, ""w_14"": 64.77814124999999, ""w_15"": 65.14049445, ""w_16"": 65.12784844999999, ""w_17"": 65.2700935215, ""w_18"": 65.36966031, ""w_19"": 65.63915764, ""w_20"": 65.84289219}"
711,AU3CB0258465,2022-02-24,0,counterfactual,"{""w_0"": 65.468857, ""w_1"": 65.472862, ""w_2"": 65.271904, ""w_3"": 64.901398, ""w_4"": 65.137581, ""w_5"": 65.506798, ""w_6"": 65.201126, ""w_7"": 64.484283, ""w_8"": 63.828278, ""w_9"": 64.261436, ""w_10"": 64.577179, ""w_11"": 64.74707, ""w_12"": 64.596268, ""w_13"": 64.718857, ""w_14"": 64.909302, ""w_15"": 64.778145, ""w_16"": 65.140495, ""w_17"": 65.127846, ""w_18"": 65.270096, ""w_19"": 65.369659, ""w_20"": 65.63916}"
713,AU3CB0258465,2022-02-28,0,factual,"{""w_0"": 64.90139895, ""w_1"": 65.1375844, ""w_2"": 65.50679538, ""w_3"": 65.201126425, ""w_4"": 64.48428559999999, ""w_5"": 63.828276, ""w_6"": 64.2614382, ""w_7"": 64.57718135, ""w_8"": 64.74706905, ""w_9"": 64.5962688, ""w_10"": 64.718856855, ""w_11"": 64.90930394, ""w_12"": 64.77814124999999, ""w_13"": 65.14049445, ""w_14"": 65.12784844999999, ""w_15"": 65.2700935215, ""w_16"": 65.36966031, ""w_17"": 65.63915764, ""w_18"": 65.84289219, ""w_19"": 65.8760473, ""w_20"": 66.228350515}"
713,AU3CB0258465,2022-02-28,0,counterfactual,"{""w_0"": 65.271904, ""w_1"": 64.901398, ""w_2"": 65.137581, ""w_3"": 65.506798, ""w_4"": 65.201126, ""w_5"": 64.484283, ""w_6"": 63.828278, ""w_7"": 64.261436, ""w_8"": 64.577179, ""w_9"": 64.74707, ""w_10"": 64.596268, ""w_11"": 64.718857, ""w_12"": 64.909302, ""w_13"": 64.778145, ""w_14"": 65.140495, ""w_15"": 65.127846, ""w_16"": 65.270096, ""w_17"": 65.369659, ""w_18"": 65.63916, ""w_19"": 65.842896, ""w_20"": 65.876045}"
714,AU3CB0258465,2022-03-01,0,factual,"{""w_0"": 65.1375844, ""w_1"": 65.50679538, ""w_2"": 65.201126425, ""w_3"": 64.48428559999999, ""w_4"": 63.828276, ""w_5"": 64.2614382, ""w_6"": 64.57718135, ""w_7"": 64.74706905, ""w_8"": 64.5962688, ""w_9"": 64.718856855, ""w_10"": 64.90930394, ""w_11"": 64.77814124999999, ""w_12"": 65.14049445, ""w_13"": 65.12784844999999, ""w_14"": 65.2700935215, ""w_15"": 65.36966031, ""w_16"": 65.63915764, ""w_17"": 65.84289219, ""w_18"": 65.8760473, ""w_19"": 66.228350515, ""w_20"": 66.79204425}"
714,AU3CB0258465,2022-03-01,0,counterfactual,"{""w_0"": 64.901398, ""w_1"": 65.137581, ""w_2"": 65.506798, ""w_3"": 65.201126, ""w_4"": 64.484283, ""w_5"": 63.828278, ""w_6"": 64.261436, ""w_7"": 64.577179, ""w_8"": 64.74707, ""w_9"": 64.596268, ""w_10"": 64.718857, ""w_11"": 64.909302, ""w_12"": 64.778145, ""w_13"": 65.140495, ""w_14"": 65.127846, ""w_15"": 65.270096, ""w_16"": 65.369659, ""w_17"": 65.63916, ""w_18"": 65.842896, ""w_19"": 65.876045, ""w_20"": 66.228348}"
716,AU3CB0258465,2022-03-03,0,factual,"{""w_0"": 65.201126425, ""w_1"": 64.48428559999999, ""w_2"": 63.828276, ""w_3"": 64.2614382, ""w_4"": 64.57718135, ""w_5"": 64.74706905, ""w_6"": 64.5962688, ""w_7"": 64.718856855, ""w_8"": 64.90930394, ""w_9"": 64.77814124999999, ""w_10"": 65.14049445, ""w_11"": 65.12784844999999, ""w_12"": 65.2700935215, ""w_13"": 65.36966031, ""w_14"": 65.63915764, ""w_15"": 65.84289219, ""w_16"": 65.8760473, ""w_17"": 66.228350515, ""w_18"": 66.79204425, ""w_19"": 67.23818024, ""w_20"": 67.5587429}"
716,AU3CB0258465,2022-03-03,0,counterfactual,"{""w_0"": 66.707275, ""w_1"": 65.900566, ""w_2"": 65.973717, ""w_3"": 65.523453, ""w_4"": 65.406784, ""w_5"": 65.290611, ""w_6"": 64.706024, ""w_7"": 64.999207, ""w_8"": 65.737862, ""w_9"": 65.811111, ""w_10"": 65.890831, ""w_11"": 66.015533, ""w_12"": 65.840195, ""w_13"": 65.739777, ""w_14"": 66.009575, ""w_15"": 65.814636, ""w_16"": 65.84185, ""w_17"": 65.577171, ""w_18"": 65.92942, ""w_19"": 66.289162, ""w_20"": 66.476318}"
715,AU3CB0258465,2022-03-02,0,factual,"{""w_0"": 65.50679538, ""w_1"": 65.201126425, ""w_2"": 64.48428559999999, ""w_3"": 63.828276, ""w_4"": 64.2614382, ""w_5"": 64.57718135, ""w_6"": 64.74706905, ""w_7"": 64.5962688, ""w_8"": 64.718856855, ""w_9"": 64.90930394, ""w_10"": 64.77814124999999, ""w_11"": 65.14049445, ""w_12"": 65.12784844999999, ""w_13"": 65.2700935215, ""w_14"": 65.36966031, ""w_15"": 65.63915764, ""w_16"": 65.84289219, ""w_17"": 65.8760473, ""w_18"": 66.228350515, ""w_19"": 66.79204425, ""w_20"": 67.23818024}"
715,AU3CB0258465,2022-03-02,0,counterfactual,"{""w_0"": 64.901398, ""w_1"": 65.137581, ""w_2"": 65.506798, ""w_3"": 65.201126, ""w_4"": 64.484283, ""w_5"": 63.828278, ""w_6"": 64.261436, ""w_7"": 64.577179, ""w_8"": 64.74707, ""w_9"": 64.596268, ""w_10"": 64.718857, ""w_11"": 64.909302, ""w_12"": 64.778145, ""w_13"": 65.140495, ""w_14"": 65.127846, ""w_15"": 65.270096, ""w_16"": 65.369659, ""w_17"": 65.63916, ""w_18"": 65.842896, ""w_19"": 65.876045, ""w_20"": 66.228348}"
717,AU3CB0258465,2022-03-04,0,factual,"{""w_0"": 64.48428559999999, ""w_1"": 63.828276, ""w_2"": 64.2614382, ""w_3"": 64.57718135, ""w_4"": 64.74706905, ""w_5"": 64.5962688, ""w_6"": 64.718856855, ""w_7"": 64.90930394, ""w_8"": 64.77814124999999, ""w_9"": 65.14049445, ""w_10"": 65.12784844999999, ""w_11"": 65.2700935215, ""w_12"": 65.36966031, ""w_13"": 65.63915764, ""w_14"": 65.84289219, ""w_15"": 65.8760473, ""w_16"": 66.228350515, ""w_17"": 66.79204425, ""w_18"": 67.23818024, ""w_19"": 67.5587429, ""w_20"": 68.22062663999999}"
717,AU3CB0258465,2022-03-04,0,counterfactual,"{""w_0"": 65.506798, ""w_1"": 65.201126, ""w_2"": 64.484283, ""w_3"": 63.828278, ""w_4"": 64.261436, ""w_5"": 64.577179, ""w_6"": 64.74707, ""w_7"": 64.596268, ""w_8"": 64.718857, ""w_9"": 64.909302, ""w_10"": 64.778145, ""w_11"": 65.140495, ""w_12"": 65.127846, ""w_13"": 65.270096, ""w_14"": 65.369659, ""w_15"": 65.63916, ""w_16"": 65.842896, ""w_17"": 65.876045, ""w_18"": 66.228348, ""w_19"": 66.792046, ""w_20"": 67.238182}"
719,AU3CB0258465,2022-03-08,0,factual,"{""w_0"": 64.2614382, ""w_1"": 64.57718135, ""w_2"": 64.74706905, ""w_3"": 64.5962688, ""w_4"": 64.718856855, ""w_5"": 64.90930394, ""w_6"": 64.77814124999999, ""w_7"": 65.14049445, ""w_8"": 65.12784844999999, ""w_9"": 65.2700935215, ""w_10"": 65.36966031, ""w_11"": 65.63915764, ""w_12"": 65.84289219, ""w_13"": 65.8760473, ""w_14"": 66.228350515, ""w_15"": 66.79204425, ""w_16"": 67.23818024, ""w_17"": 67.5587429, ""w_18"": 68.22062663999999, ""w_19"": 69.8957597, ""w_20"": 69.15297600000001}"
719,AU3CB0258465,2022-03-08,0,counterfactual,"{""w_0"": 65.201126, ""w_1"": 64.484283, ""w_2"": 63.828278, ""w_3"": 64.261436, ""w_4"": 64.577179, ""w_5"": 64.74707, ""w_6"": 64.596268, ""w_7"": 64.718857, ""w_8"": 64.909302, ""w_9"": 64.778145, ""w_10"": 65.140495, ""w_11"": 65.127846, ""w_12"": 65.270096, ""w_13"": 65.369659, ""w_14"": 65.63916, ""w_15"": 65.842896, ""w_16"": 65.876045, ""w_17"": 66.228348, ""w_18"": 66.792046, ""w_19"": 67.238182, ""w_20"": 67.558746}"
718,AU3CB0258465,2022-03-07,0,factual,"{""w_0"": 63.828276, ""w_1"": 64.2614382, ""w_2"": 64.57718135, ""w_3"": 64.74706905, ""w_4"": 64.5962688, ""w_5"": 64.718856855, ""w_6"": 64.90930394, ""w_7"": 64.77814124999999, ""w_8"": 65.14049445, ""w_9"": 65.12784844999999, ""w_10"": 65.2700935215, ""w_11"": 65.36966031, ""w_12"": 65.63915764, ""w_13"": 65.84289219, ""w_14"": 65.8760473, ""w_15"": 66.228350515, ""w_16"": 66.79204425, ""w_17"": 67.23818024, ""w_18"": 67.5587429, ""w_19"": 68.22062663999999, ""w_20"": 69.8957597}"
718,AU3CB0258465,2022-03-07,0,counterfactual,"{""w_0"": 65.506798, ""w_1"": 65.201126, ""w_2"": 64.484283, ""w_3"": 63.828278, ""w_4"": 64.261436, ""w_5"": 64.577179, ""w_6"": 64.74707, ""w_7"": 64.596268, ""w_8"": 64.718857, ""w_9"": 64.909302, ""w_10"": 64.778145, ""w_11"": 65.140495, ""w_12"": 65.127846, ""w_13"": 65.270096, ""w_14"": 65.369659, ""w_15"": 65.63916, ""w_16"": 65.842896, ""w_17"": 65.876045, ""w_18"": 66.228348, ""w_19"": 66.792046, ""w_20"": 67.238182}"
720,AU3CB0258465,2022-03-09,0,factual,"{""w_0"": 64.57718135, ""w_1"": 64.74706905, ""w_2"": 64.5962688, ""w_3"": 64.718856855, ""w_4"": 64.90930394, ""w_5"": 64.77814124999999, ""w_6"": 65.14049445, ""w_7"": 65.12784844999999, ""w_8"": 65.2700935215, ""w_9"": 65.36966031, ""w_10"": 65.63915764, ""w_11"": 65.84289219, ""w_12"": 65.8760473, ""w_13"": 66.228350515, ""w_14"": 66.79204425, ""w_15"": 67.23818024, ""w_16"": 67.5587429, ""w_17"": 68.22062663999999, ""w_18"": 69.8957597, ""w_19"": 69.15297600000001, ""w_20"": 68.367745995}"
720,AU3CB0258465,2022-03-09,0,counterfactual,"{""w_0"": 65.553741, ""w_1"": 65.842331, ""w_2"": 65.614761, ""w_3"": 65.919014, ""w_4"": 65.60392, ""w_5"": 65.482651, ""w_6"": 66.071281, ""w_7"": 66.340889, ""w_8"": 66.373344, ""w_9"": 66.403145, ""w_10"": 66.520271, ""w_11"": 66.790359, ""w_12"": 66.522133, ""w_13"": 67.06324, ""w_14"": 67.058769, ""w_15"": 67.115265, ""w_16"": 67.41256, ""w_17"": 67.308113, ""w_18"": 67.127365, ""w_19"": 67.468704, ""w_20"": 67.720123}"
735,AU3CB0258465,2022-03-30,0,factual,"{""w_0"": 67.23818024, ""w_1"": 67.5587429, ""w_2"": 68.22062663999999, ""w_3"": 69.8957597, ""w_4"": 69.15297600000001, ""w_5"": 68.367745995, ""w_6"": 67.64048389999999, ""w_7"": 68.472226095, ""w_8"": 68.32000164, ""w_9"": 67.262140225, ""w_10"": 67.0765107365, ""w_11"": 67.61185121999999, ""w_12"": 67.98019072, ""w_13"": 68.52612143, ""w_14"": 68.36915019999999, ""w_15"": 68.9316417, ""w_16"": 69.343399425, ""w_17"": 69.379708125, ""w_18"": 69.49806006, ""w_19"": 69.1507971, ""w_20"": 68.76287400000001}"
735,AU3CB0258465,2022-03-30,0,counterfactual,"{""w_0"": 66.792046, ""w_1"": 67.238182, ""w_2"": 67.558746, ""w_3"": 68.220627, ""w_4"": 69.89576, ""w_5"": 69.152977, ""w_6"": 68.367744, ""w_7"": 67.640488, ""w_8"": 68.472229, ""w_9"": 68.32, ""w_10"": 67.262138, ""w_11"": 67.076508, ""w_12"": 67.611855, ""w_13"": 67.980194, ""w_14"": 68.526123, ""w_15"": 68.369148, ""w_16"": 68.931641, ""w_17"": 69.343399, ""w_18"": 69.379707, ""w_19"": 69.498062, ""w_20"": 69.150795}"
737,AU3CB0258465,2022-04-01,0,factual,"{""w_0"": 68.22062663999999, ""w_1"": 69.8957597, ""w_2"": 69.15297600000001, ""w_3"": 68.367745995, ""w_4"": 67.64048389999999, ""w_5"": 68.472226095, ""w_6"": 68.32000164, ""w_7"": 67.262140225, ""w_8"": 67.0765107365, ""w_9"": 67.61185121999999, ""w_10"": 67.98019072, ""w_11"": 68.52612143, ""w_12"": 68.36915019999999, ""w_13"": 68.9316417, ""w_14"": 69.343399425, ""w_15"": 69.379708125, ""w_16"": 69.49806006, ""w_17"": 69.1507971, ""w_18"": 68.76287400000001, ""w_19"": 68.3061456, ""w_20"": 68.69350524}"
737,AU3CB0258465,2022-04-01,0,counterfactual,"{""w_0"": 67.558746, ""w_1"": 68.220627, ""w_2"": 69.89576, ""w_3"": 69.152977, ""w_4"": 68.367744, ""w_5"": 67.640488, ""w_6"": 68.472229, ""w_7"": 68.32, ""w_8"": 67.262138, ""w_9"": 67.076508, ""w_10"": 67.611855, ""w_11"": 67.980194, ""w_12"": 68.526123, ""w_13"": 68.369148, ""w_14"": 68.931641, ""w_15"": 69.343399, ""w_16"": 69.379707, ""w_17"": 69.498062, ""w_18"": 69.150795, ""w_19"": 68.762871, ""w_20"": 68.306145}"
742,AU3CB0258465,2022-04-08,0,factual,"{""w_0"": 68.472226095, ""w_1"": 68.32000164, ""w_2"": 67.262140225, ""w_3"": 67.0765107365, ""w_4"": 67.61185121999999, ""w_5"": 67.98019072, ""w_6"": 68.52612143, ""w_7"": 68.36915019999999, ""w_8"": 68.9316417, ""w_9"": 69.343399425, ""w_10"": 69.379708125, ""w_11"": 69.49806006, ""w_12"": 69.1507971, ""w_13"": 68.76287400000001, ""w_14"": 68.3061456, ""w_15"": 68.69350524, ""w_16"": 68.93836019999999, ""w_17"": 69.55960879999999, ""w_18"": 70.3249152, ""w_19"": 69.7086995, ""w_20"": 69.68344988000001}"
742,AU3CB0258465,2022-04-08,0,counterfactual,"{""w_0"": 67.640488, ""w_1"": 68.472229, ""w_2"": 68.32, ""w_3"": 67.262138, ""w_4"": 67.076508, ""w_5"": 67.611855, ""w_6"": 67.980194, ""w_7"": 68.526123, ""w_8"": 68.369148, ""w_9"": 68.931641, ""w_10"": 69.343399, ""w_11"": 69.379707, ""w_12"": 69.498062, ""w_13"": 69.150795, ""w_14"": 68.762871, ""w_15"": 68.306145, ""w_16"": 68.693504, ""w_17"": 68.938362, ""w_18"": 69.559608, ""w_19"": 70.324913, ""w_20"": 69.708702}"
743,AU3CB0258465,2022-04-11,0,factual,"{""w_0"": 68.32000164, ""w_1"": 67.262140225, ""w_2"": 67.0765107365, ""w_3"": 67.61185121999999, ""w_4"": 67.98019072, ""w_5"": 68.52612143, ""w_6"": 68.36915019999999, ""w_7"": 68.9316417, ""w_8"": 69.343399425, ""w_9"": 69.379708125, ""w_10"": 69.49806006, ""w_11"": 69.1507971, ""w_12"": 68.76287400000001, ""w_13"": 68.3061456, ""w_14"": 68.69350524, ""w_15"": 68.93836019999999, ""w_16"": 69.55960879999999, ""w_17"": 70.3249152, ""w_18"": 69.7086995, ""w_19"": 69.68344988000001, ""w_20"": 69.26452232}"
743,AU3CB0258465,2022-04-11,0,counterfactual,"{""w_0"": 68.472229, ""w_1"": 68.32, ""w_2"": 67.262138, ""w_3"": 67.076508, ""w_4"": 67.611855, ""w_5"": 67.980194, ""w_6"": 68.526123, ""w_7"": 68.369148, ""w_8"": 68.931641, ""w_9"": 69.343399, ""w_10"": 69.379707, ""w_11"": 69.498062, ""w_12"": 69.150795, ""w_13"": 68.762871, ""w_14"": 68.306145, ""w_15"": 68.693504, ""w_16"": 68.938362, ""w_17"": 69.559608, ""w_18"": 70.324913, ""w_19"": 69.708702, ""w_20"": 69.683449}"
744,AU3CB0258465,2022-04-12,0,factual,"{""w_0"": 67.262140225, ""w_1"": 67.0765107365, ""w_2"": 67.61185121999999, ""w_3"": 67.98019072, ""w_4"": 68.52612143, ""w_5"": 68.36915019999999, ""w_6"": 68.9316417, ""w_7"": 69.343399425, ""w_8"": 69.379708125, ""w_9"": 69.49806006, ""w_10"": 69.1507971, ""w_11"": 68.76287400000001, ""w_12"": 68.3061456, ""w_13"": 68.69350524, ""w_14"": 68.93836019999999, ""w_15"": 69.55960879999999, ""w_16"": 70.3249152, ""w_17"": 69.7086995, ""w_18"": 69.68344988000001, ""w_19"": 69.26452232, ""w_20"": 69.053568295}"
744,AU3CB0258465,2022-04-12,0,counterfactual,"{""w_0"": 68.472229, ""w_1"": 68.32, ""w_2"": 67.262138, ""w_3"": 67.076508, ""w_4"": 67.611855, ""w_5"": 67.980194, ""w_6"": 68.526123, ""w_7"": 68.369148, ""w_8"": 68.931641, ""w_9"": 69.343399, ""w_10"": 69.379707, ""w_11"": 69.498062, ""w_12"": 69.150795, ""w_13"": 68.762871, ""w_14"": 68.306145, ""w_15"": 68.693504, ""w_16"": 68.938362, ""w_17"": 69.559608, ""w_18"": 70.324913, ""w_19"": 69.708702, ""w_20"": 69.683449}"
745,AU3CB0258465,2022-04-13,0,factual,"{""w_0"": 67.0765107365, ""w_1"": 67.61185121999999, ""w_2"": 67.98019072, ""w_3"": 68.52612143, ""w_4"": 68.36915019999999, ""w_5"": 68.9316417, ""w_6"": 69.343399425, ""w_7"": 69.379708125, ""w_8"": 69.49806006, ""w_9"": 69.1507971, ""w_10"": 68.76287400000001, ""w_11"": 68.3061456, ""w_12"": 68.69350524, ""w_13"": 68.93836019999999, ""w_14"": 69.55960879999999, ""w_15"": 70.3249152, ""w_16"": 69.7086995, ""w_17"": 69.68344988000001, ""w_18"": 69.26452232, ""w_19"": 69.053568295, ""w_20"": 69.721539966}"
745,AU3CB0258465,2022-04-13,0,counterfactual,"{""w_0"": 68.32, ""w_1"": 67.262138, ""w_2"": 67.076508, ""w_3"": 67.611855, ""w_4"": 67.980194, ""w_5"": 68.526123, ""w_6"": 68.369148, ""w_7"": 68.931641, ""w_8"": 69.343399, ""w_9"": 69.379707, ""w_10"": 69.498062, ""w_11"": 69.150795, ""w_12"": 68.762871, ""w_13"": 68.306145, ""w_14"": 68.693504, ""w_15"": 68.938362, ""w_16"": 69.559608, ""w_17"": 70.324913, ""w_18"": 69.708702, ""w_19"": 69.683449, ""w_20"": 69.264519}"
746,AU3CB0258465,2022-04-14,0,factual,"{""w_0"": 67.61185121999999, ""w_1"": 67.98019072, ""w_2"": 68.52612143, ""w_3"": 68.36915019999999, ""w_4"": 68.9316417, ""w_5"": 69.343399425, ""w_6"": 69.379708125, ""w_7"": 69.49806006, ""w_8"": 69.1507971, ""w_9"": 68.76287400000001, ""w_10"": 68.3061456, ""w_11"": 68.69350524, ""w_12"": 68.93836019999999, ""w_13"": 69.55960879999999, ""w_14"": 70.3249152, ""w_15"": 69.7086995, ""w_16"": 69.68344988000001, ""w_17"": 69.26452232, ""w_18"": 69.053568295, ""w_19"": 69.721539966, ""w_20"": 69.2036371}"
746,AU3CB0258465,2022-04-14,0,counterfactual,"{""w_0"": 68.367744, ""w_1"": 67.640488, ""w_2"": 68.472229, ""w_3"": 68.32, ""w_4"": 67.262138, ""w_5"": 67.076508, ""w_6"": 67.611855, ""w_7"": 67.980194, ""w_8"": 68.526123, ""w_9"": 68.369148, ""w_10"": 68.931641, ""w_11"": 69.343399, ""w_12"": 69.379707, ""w_13"": 69.498062, ""w_14"": 69.150795, ""w_15"": 68.762871, ""w_16"": 68.306145, ""w_17"": 68.693504, ""w_18"": 68.938362, ""w_19"": 69.559608, ""w_20"": 70.324913}"
747,AU3CB0258465,2022-04-15,0,factual,"{""w_0"": 67.98019072, ""w_1"": 68.52612143, ""w_2"": 68.36915019999999, ""w_3"": 68.9316417, ""w_4"": 69.343399425, ""w_5"": 69.379708125, ""w_6"": 69.49806006, ""w_7"": 69.1507971, ""w_8"": 68.76287400000001, ""w_9"": 68.3061456, ""w_10"": 68.69350524, ""w_11"": 68.93836019999999, ""w_12"": 69.55960879999999, ""w_13"": 70.3249152, ""w_14"": 69.7086995, ""w_15"": 69.68344988000001, ""w_16"": 69.26452232, ""w_17"": 69.053568295, ""w_18"": 69.721539966, ""w_19"": 69.2036371, ""w_20"": 69.31135771999999}"
747,AU3CB0258465,2022-04-15,0,counterfactual,"{""w_0"": 69.152977, ""w_1"": 68.367744, ""w_2"": 67.640488, ""w_3"": 68.472229, ""w_4"": 68.32, ""w_5"": 67.262138, ""w_6"": 67.076508, ""w_7"": 67.611855, ""w_8"": 67.980194, ""w_9"": 68.526123, ""w_10"": 68.369148, ""w_11"": 68.931641, ""w_12"": 69.343399, ""w_13"": 69.379707, ""w_14"": 69.498062, ""w_15"": 69.150795, ""w_16"": 68.762871, ""w_17"": 68.306145, ""w_18"": 68.693504, ""w_19"": 68.938362, ""w_20"": 69.559608}"
748,AU3CB0258465,2022-04-18,0,factual,"{""w_0"": 68.52612143, ""w_1"": 68.36915019999999, ""w_2"": 68.9316417, ""w_3"": 69.343399425, ""w_4"": 69.379708125, ""w_5"": 69.49806006, ""w_6"": 69.1507971, ""w_7"": 68.76287400000001, ""w_8"": 68.3061456, ""w_9"": 68.69350524, ""w_10"": 68.93836019999999, ""w_11"": 69.55960879999999, ""w_12"": 70.3249152, ""w_13"": 69.7086995, ""w_14"": 69.68344988000001, ""w_15"": 69.26452232, ""w_16"": 69.053568295, ""w_17"": 69.721539966, ""w_18"": 69.2036371, ""w_19"": 69.31135771999999, ""w_20"": 69.21523492}"
748,AU3CB0258465,2022-04-18,0,counterfactual,"{""w_0"": 68.367744, ""w_1"": 67.640488, ""w_2"": 68.472229, ""w_3"": 68.32, ""w_4"": 67.262138, ""w_5"": 67.076508, ""w_6"": 67.611855, ""w_7"": 67.980194, ""w_8"": 68.526123, ""w_9"": 68.369148, ""w_10"": 68.931641, ""w_11"": 69.343399, ""w_12"": 69.379707, ""w_13"": 69.498062, ""w_14"": 69.150795, ""w_15"": 68.762871, ""w_16"": 68.306145, ""w_17"": 68.693504, ""w_18"": 68.938362, ""w_19"": 69.559608, ""w_20"": 70.324913}"
749,AU3CB0258465,2022-04-19,0,factual,"{""w_0"": 68.36915019999999, ""w_1"": 68.9316417, ""w_2"": 69.343399425, ""w_3"": 69.379708125, ""w_4"": 69.49806006, ""w_5"": 69.1507971, ""w_6"": 68.76287400000001, ""w_7"": 68.3061456, ""w_8"": 68.69350524, ""w_9"": 68.93836019999999, ""w_10"": 69.55960879999999, ""w_11"": 70.3249152, ""w_12"": 69.7086995, ""w_13"": 69.68344988000001, ""w_14"": 69.26452232, ""w_15"": 69.053568295, ""w_16"": 69.721539966, ""w_17"": 69.2036371, ""w_18"": 69.31135771999999, ""w_19"": 69.21523492, ""w_20"": 68.95932742}"
749,AU3CB0258465,2022-04-19,0,counterfactual,"{""w_0"": 67.980194, ""w_1"": 68.526123, ""w_2"": 68.369148, ""w_3"": 68.931641, ""w_4"": 69.343399, ""w_5"": 69.379707, ""w_6"": 69.498062, ""w_7"": 69.150795, ""w_8"": 68.762871, ""w_9"": 68.306145, ""w_10"": 68.693504, ""w_11"": 68.938362, ""w_12"": 69.559608, ""w_13"": 70.324913, ""w_14"": 69.708702, ""w_15"": 69.683449, ""w_16"": 69.264519, ""w_17"": 69.053566, ""w_18"": 69.721542, ""w_19"": 69.203636, ""w_20"": 69.311356}"
750,AU3CB0258465,2022-04-20,0,factual,"{""w_0"": 68.9316417, ""w_1"": 69.343399425, ""w_2"": 69.379708125, ""w_3"": 69.49806006, ""w_4"": 69.1507971, ""w_5"": 68.76287400000001, ""w_6"": 68.3061456, ""w_7"": 68.69350524, ""w_8"": 68.93836019999999, ""w_9"": 69.55960879999999, ""w_10"": 70.3249152, ""w_11"": 69.7086995, ""w_12"": 69.68344988000001, ""w_13"": 69.26452232, ""w_14"": 69.053568295, ""w_15"": 69.721539966, ""w_16"": 69.2036371, ""w_17"": 69.31135771999999, ""w_18"": 69.21523492, ""w_19"": 68.95932742, ""w_20"": 69.231045255}"
750,AU3CB0258465,2022-04-20,0,counterfactual,"{""w_0"": 67.611855, ""w_1"": 67.980194, ""w_2"": 68.526123, ""w_3"": 68.369148, ""w_4"": 68.931641, ""w_5"": 69.343399, ""w_6"": 69.379707, ""w_7"": 69.498062, ""w_8"": 69.150795, ""w_9"": 68.762871, ""w_10"": 68.306145, ""w_11"": 68.693504, ""w_12"": 68.938362, ""w_13"": 69.559608, ""w_14"": 70.324913, ""w_15"": 69.708702, ""w_16"": 69.683449, ""w_17"": 69.264519, ""w_18"": 69.053566, ""w_19"": 69.721542, ""w_20"": 69.203636}"
751,AU3CB0258465,2022-04-21,0,factual,"{""w_0"": 69.343399425, ""w_1"": 69.379708125, ""w_2"": 69.49806006, ""w_3"": 69.1507971, ""w_4"": 68.76287400000001, ""w_5"": 68.3061456, ""w_6"": 68.69350524, ""w_7"": 68.93836019999999, ""w_8"": 69.55960879999999, ""w_9"": 70.3249152, ""w_10"": 69.7086995, ""w_11"": 69.68344988000001, ""w_12"": 69.26452232, ""w_13"": 69.053568295, ""w_14"": 69.721539966, ""w_15"": 69.2036371, ""w_16"": 69.31135771999999, ""w_17"": 69.21523492, ""w_18"": 68.95932742, ""w_19"": 69.231045255, ""w_20"": 69.25178703}"
751,AU3CB0258465,2022-04-21,0,counterfactual,"{""w_0"": 68.369148, ""w_1"": 68.931641, ""w_2"": 69.343399, ""w_3"": 69.379707, ""w_4"": 69.498062, ""w_5"": 69.150795, ""w_6"": 68.762871, ""w_7"": 68.306145, ""w_8"": 68.693504, ""w_9"": 68.938362, ""w_10"": 69.559608, ""w_11"": 70.324913, ""w_12"": 69.708702, ""w_13"": 69.683449, ""w_14"": 69.264519, ""w_15"": 69.053566, ""w_16"": 69.721542, ""w_17"": 69.203636, ""w_18"": 69.311356, ""w_19"": 69.215233, ""w_20"": 68.959328}"
753,AU3CB0258465,2022-04-25,0,factual,"{""w_0"": 69.49806006, ""w_1"": 69.1507971, ""w_2"": 68.76287400000001, ""w_3"": 68.3061456, ""w_4"": 68.69350524, ""w_5"": 68.93836019999999, ""w_6"": 69.55960879999999, ""w_7"": 70.3249152, ""w_8"": 69.7086995, ""w_9"": 69.68344988000001, ""w_10"": 69.26452232, ""w_11"": 69.053568295, ""w_12"": 69.721539966, ""w_13"": 69.2036371, ""w_14"": 69.31135771999999, ""w_15"": 69.21523492, ""w_16"": 68.95932742, ""w_17"": 69.231045255, ""w_18"": 69.25178703, ""w_19"": 68.3968965, ""w_20"": 67.365003375}"
753,AU3CB0258465,2022-04-25,0,counterfactual,"{""w_0"": 69.379707, ""w_1"": 69.498062, ""w_2"": 69.150795, ""w_3"": 68.762871, ""w_4"": 68.306145, ""w_5"": 68.693504, ""w_6"": 68.938362, ""w_7"": 69.559608, ""w_8"": 70.324913, ""w_9"": 69.708702, ""w_10"": 69.683449, ""w_11"": 69.264519, ""w_12"": 69.053566, ""w_13"": 69.721542, ""w_14"": 69.203636, ""w_15"": 69.311356, ""w_16"": 69.215233, ""w_17"": 68.959328, ""w_18"": 69.231049, ""w_19"": 69.251785, ""w_20"": 68.396896}"
752,AU3CB0258465,2022-04-22,0,factual,"{""w_0"": 69.379708125, ""w_1"": 69.49806006, ""w_2"": 69.1507971, ""w_3"": 68.76287400000001, ""w_4"": 68.3061456, ""w_5"": 68.69350524, ""w_6"": 68.93836019999999, ""w_7"": 69.55960879999999, ""w_8"": 70.3249152, ""w_9"": 69.7086995, ""w_10"": 69.68344988000001, ""w_11"": 69.26452232, ""w_12"": 69.053568295, ""w_13"": 69.721539966, ""w_14"": 69.2036371, ""w_15"": 69.31135771999999, ""w_16"": 69.21523492, ""w_17"": 68.95932742, ""w_18"": 69.231045255, ""w_19"": 69.25178703, ""w_20"": 68.3968965}"
752,AU3CB0258465,2022-04-22,0,counterfactual,"{""w_0"": 69.343399, ""w_1"": 69.379707, ""w_2"": 69.498062, ""w_3"": 69.150795, ""w_4"": 68.762871, ""w_5"": 68.306145, ""w_6"": 68.693504, ""w_7"": 68.938362, ""w_8"": 69.559608, ""w_9"": 70.324913, ""w_10"": 69.708702, ""w_11"": 69.683449, ""w_12"": 69.264519, ""w_13"": 69.053566, ""w_14"": 69.721542, ""w_15"": 69.203636, ""w_16"": 69.311356, ""w_17"": 69.215233, ""w_18"": 68.959328, ""w_19"": 69.231049, ""w_20"": 69.251785}"
754,AU3CB0258465,2022-04-26,0,factual,"{""w_0"": 69.1507971, ""w_1"": 68.76287400000001, ""w_2"": 68.3061456, ""w_3"": 68.69350524, ""w_4"": 68.93836019999999, ""w_5"": 69.55960879999999, ""w_6"": 70.3249152, ""w_7"": 69.7086995, ""w_8"": 69.68344988000001, ""w_9"": 69.26452232, ""w_10"": 69.053568295, ""w_11"": 69.721539966, ""w_12"": 69.2036371, ""w_13"": 69.31135771999999, ""w_14"": 69.21523492, ""w_15"": 68.95932742, ""w_16"": 69.231045255, ""w_17"": 69.25178703, ""w_18"": 68.3968965, ""w_19"": 67.365003375, ""w_20"": 67.49143045}"
754,AU3CB0258465,2022-04-26,0,counterfactual,"{""w_0"": 67.611855, ""w_1"": 67.980194, ""w_2"": 68.526123, ""w_3"": 68.369148, ""w_4"": 68.931641, ""w_5"": 69.343399, ""w_6"": 69.379707, ""w_7"": 69.498062, ""w_8"": 69.150795, ""w_9"": 68.762871, ""w_10"": 68.306145, ""w_11"": 68.693504, ""w_12"": 68.938362, ""w_13"": 69.559608, ""w_14"": 70.324913, ""w_15"": 69.708702, ""w_16"": 69.683449, ""w_17"": 69.264519, ""w_18"": 69.053566, ""w_19"": 69.721542, ""w_20"": 69.203636}"
755,AU3CB0258465,2022-04-27,0,factual,"{""w_0"": 68.76287400000001, ""w_1"": 68.3061456, ""w_2"": 68.69350524, ""w_3"": 68.93836019999999, ""w_4"": 69.55960879999999, ""w_5"": 70.3249152, ""w_6"": 69.7086995, ""w_7"": 69.68344988000001, ""w_8"": 69.26452232, ""w_9"": 69.053568295, ""w_10"": 69.721539966, ""w_11"": 69.2036371, ""w_12"": 69.31135771999999, ""w_13"": 69.21523492, ""w_14"": 68.95932742, ""w_15"": 69.231045255, ""w_16"": 69.25178703, ""w_17"": 68.3968965, ""w_18"": 67.365003375, ""w_19"": 67.49143045, ""w_20"": 67.4888379}"
755,AU3CB0258465,2022-04-27,0,counterfactual,"{""w_0"": 69.150795, ""w_1"": 68.762871, ""w_2"": 68.306145, ""w_3"": 68.693504, ""w_4"": 68.938362, ""w_5"": 69.559608, ""w_6"": 70.324913, ""w_7"": 69.708702, ""w_8"": 69.683449, ""w_9"": 69.264519, ""w_10"": 69.053566, ""w_11"": 69.721542, ""w_12"": 69.203636, ""w_13"": 69.311356, ""w_14"": 69.215233, ""w_15"": 68.959328, ""w_16"": 69.231049, ""w_17"": 69.251785, ""w_18"": 68.396896, ""w_19"": 67.365005, ""w_20"": 67.491432}"
756,AU3CB0258465,2022-04-28,0,factual,"{""w_0"": 68.3061456, ""w_1"": 68.69350524, ""w_2"": 68.93836019999999, ""w_3"": 69.55960879999999, ""w_4"": 70.3249152, ""w_5"": 69.7086995, ""w_6"": 69.68344988000001, ""w_7"": 69.26452232, ""w_8"": 69.053568295, ""w_9"": 69.721539966, ""w_10"": 69.2036371, ""w_11"": 69.31135771999999, ""w_12"": 69.21523492, ""w_13"": 68.95932742, ""w_14"": 69.231045255, ""w_15"": 69.25178703, ""w_16"": 68.3968965, ""w_17"": 67.365003375, ""w_18"": 67.49143045, ""w_19"": 67.4888379, ""w_20"": 67.80608847}"
756,AU3CB0258465,2022-04-28,0,counterfactual,"{""w_0"": 68.762871, ""w_1"": 68.306145, ""w_2"": 68.693504, ""w_3"": 68.938362, ""w_4"": 69.559608, ""w_5"": 70.324913, ""w_6"": 69.708702, ""w_7"": 69.683449, ""w_8"": 69.264519, ""w_9"": 69.053566, ""w_10"": 69.721542, ""w_11"": 69.203636, ""w_12"": 69.311356, ""w_13"": 69.215233, ""w_14"": 68.959328, ""w_15"": 69.231049, ""w_16"": 69.251785, ""w_17"": 68.396896, ""w_18"": 67.365005, ""w_19"": 67.491432, ""w_20"": 67.488838}"
757,AU3CB0258465,2022-04-29,0,factual,"{""w_0"": 68.69350524, ""w_1"": 68.93836019999999, ""w_2"": 69.55960879999999, ""w_3"": 70.3249152, ""w_4"": 69.7086995, ""w_5"": 69.68344988000001, ""w_6"": 69.26452232, ""w_7"": 69.053568295, ""w_8"": 69.721539966, ""w_9"": 69.2036371, ""w_10"": 69.31135771999999, ""w_11"": 69.21523492, ""w_12"": 68.95932742, ""w_13"": 69.231045255, ""w_14"": 69.25178703, ""w_15"": 68.3968965, ""w_16"": 67.365003375, ""w_17"": 67.49143045, ""w_18"": 67.4888379, ""w_19"": 67.80608847, ""w_20"": 67.92556549999999}"
757,AU3CB0258465,2022-04-29,0,counterfactual,"{""w_0"": 68.306145, ""w_1"": 68.693504, ""w_2"": 68.938362, ""w_3"": 69.559608, ""w_4"": 70.324913, ""w_5"": 69.708702, ""w_6"": 69.683449, ""w_7"": 69.264519, ""w_8"": 69.053566, ""w_9"": 69.721542, ""w_10"": 69.203636, ""w_11"": 69.311356, ""w_12"": 69.215233, ""w_13"": 68.959328, ""w_14"": 69.231049, ""w_15"": 69.251785, ""w_16"": 68.396896, ""w_17"": 67.365005, ""w_18"": 67.491432, ""w_19"": 67.488838, ""w_20"": 67.806091}"
758,AU3CB0258465,2022-05-02,0,factual,"{""w_0"": 68.93836019999999, ""w_1"": 69.55960879999999, ""w_2"": 70.3249152, ""w_3"": 69.7086995, ""w_4"": 69.68344988000001, ""w_5"": 69.26452232, ""w_6"": 69.053568295, ""w_7"": 69.721539966, ""w_8"": 69.2036371, ""w_9"": 69.31135771999999, ""w_10"": 69.21523492, ""w_11"": 68.95932742, ""w_12"": 69.231045255, ""w_13"": 69.25178703, ""w_14"": 68.3968965, ""w_15"": 67.365003375, ""w_16"": 67.49143045, ""w_17"": 67.4888379, ""w_18"": 67.80608847, ""w_19"": 67.92556549999999, ""w_20"": 67.281985995}"
758,AU3CB0258465,2022-05-02,0,counterfactual,"{""w_0"": 68.762871, ""w_1"": 68.306145, ""w_2"": 68.693504, ""w_3"": 68.938362, ""w_4"": 69.559608, ""w_5"": 70.324913, ""w_6"": 69.708702, ""w_7"": 69.683449, ""w_8"": 69.264519, ""w_9"": 69.053566, ""w_10"": 69.721542, ""w_11"": 69.203636, ""w_12"": 69.311356, ""w_13"": 69.215233, ""w_14"": 68.959328, ""w_15"": 69.231049, ""w_16"": 69.251785, ""w_17"": 68.396896, ""w_18"": 67.365005, ""w_19"": 67.491432, ""w_20"": 67.488838}"
759,AU3CB0258465,2022-05-03,0,factual,"{""w_0"": 69.55960879999999, ""w_1"": 70.3249152, ""w_2"": 69.7086995, ""w_3"": 69.68344988000001, ""w_4"": 69.26452232, ""w_5"": 69.053568295, ""w_6"": 69.721539966, ""w_7"": 69.2036371, ""w_8"": 69.31135771999999, ""w_9"": 69.21523492, ""w_10"": 68.95932742, ""w_11"": 69.231045255, ""w_12"": 69.25178703, ""w_13"": 68.3968965, ""w_14"": 67.365003375, ""w_15"": 67.49143045, ""w_16"": 67.4888379, ""w_17"": 67.80608847, ""w_18"": 67.92556549999999, ""w_19"": 67.281985995, ""w_20"": 67.04050212000001}"
759,AU3CB0258465,2022-05-03,0,counterfactual,"{""w_0"": 68.693504, ""w_1"": 68.938362, ""w_2"": 69.559608, ""w_3"": 70.324913, ""w_4"": 69.708702, ""w_5"": 69.683449, ""w_6"": 69.264519, ""w_7"": 69.053566, ""w_8"": 69.721542, ""w_9"": 69.203636, ""w_10"": 69.311356, ""w_11"": 69.215233, ""w_12"": 68.959328, ""w_13"": 69.231049, ""w_14"": 69.251785, ""w_15"": 68.396896, ""w_16"": 67.365005, ""w_17"": 67.491432, ""w_18"": 67.488838, ""w_19"": 67.806091, ""w_20"": 67.925568}"
760,AU3CB0258465,2022-05-04,0,factual,"{""w_0"": 70.3249152, ""w_1"": 69.7086995, ""w_2"": 69.68344988000001, ""w_3"": 69.26452232, ""w_4"": 69.053568295, ""w_5"": 69.721539966, ""w_6"": 69.2036371, ""w_7"": 69.31135771999999, ""w_8"": 69.21523492, ""w_9"": 68.95932742, ""w_10"": 69.231045255, ""w_11"": 69.25178703, ""w_12"": 68.3968965, ""w_13"": 67.365003375, ""w_14"": 67.49143045, ""w_15"": 67.4888379, ""w_16"": 67.80608847, ""w_17"": 67.92556549999999, ""w_18"": 67.281985995, ""w_19"": 67.04050212000001, ""w_20"": 67.32804605}"
760,AU3CB0258465,2022-05-04,0,counterfactual,"{""w_0"": 68.938362, ""w_1"": 69.559608, ""w_2"": 70.324913, ""w_3"": 69.708702, ""w_4"": 69.683449, ""w_5"": 69.264519, ""w_6"": 69.053566, ""w_7"": 69.721542, ""w_8"": 69.203636, ""w_9"": 69.311356, ""w_10"": 69.215233, ""w_11"": 68.959328, ""w_12"": 69.231049, ""w_13"": 69.251785, ""w_14"": 68.396896, ""w_15"": 67.365005, ""w_16"": 67.491432, ""w_17"": 67.488838, ""w_18"": 67.806091, ""w_19"": 67.925568, ""w_20"": 67.281982}"
761,AU3CB0258465,2022-05-05,0,factual,"{""w_0"": 69.7086995, ""w_1"": 69.68344988000001, ""w_2"": 69.26452232, ""w_3"": 69.053568295, ""w_4"": 69.721539966, ""w_5"": 69.2036371, ""w_6"": 69.31135771999999, ""w_7"": 69.21523492, ""w_8"": 68.95932742, ""w_9"": 69.231045255, ""w_10"": 69.25178703, ""w_11"": 68.3968965, ""w_12"": 67.365003375, ""w_13"": 67.49143045, ""w_14"": 67.4888379, ""w_15"": 67.80608847, ""w_16"": 67.92556549999999, ""w_17"": 67.281985995, ""w_18"": 67.04050212000001, ""w_19"": 67.32804605, ""w_20"": 68.215007875}"
761,AU3CB0258465,2022-05-05,0,counterfactual,"{""w_0"": 69.559608, ""w_1"": 70.324913, ""w_2"": 69.708702, ""w_3"": 69.683449, ""w_4"": 69.264519, ""w_5"": 69.053566, ""w_6"": 69.721542, ""w_7"": 69.203636, ""w_8"": 69.311356, ""w_9"": 69.215233, ""w_10"": 68.959328, ""w_11"": 69.231049, ""w_12"": 69.251785, ""w_13"": 68.396896, ""w_14"": 67.365005, ""w_15"": 67.491432, ""w_16"": 67.488838, ""w_17"": 67.806091, ""w_18"": 67.925568, ""w_19"": 67.281982, ""w_20"": 67.040504}"
762,AU3CB0258465,2022-05-06,0,factual,"{""w_0"": 69.68344988000001, ""w_1"": 69.26452232, ""w_2"": 69.053568295, ""w_3"": 69.721539966, ""w_4"": 69.2036371, ""w_5"": 69.31135771999999, ""w_6"": 69.21523492, ""w_7"": 68.95932742, ""w_8"": 69.231045255, ""w_9"": 69.25178703, ""w_10"": 68.3968965, ""w_11"": 67.365003375, ""w_12"": 67.49143045, ""w_13"": 67.4888379, ""w_14"": 67.80608847, ""w_15"": 67.92556549999999, ""w_16"": 67.281985995, ""w_17"": 67.04050212000001, ""w_18"": 67.32804605, ""w_19"": 68.215007875, ""w_20"": 67.4383523}"
762,AU3CB0258465,2022-05-06,0,counterfactual,"{""w_0"": 70.324913, ""w_1"": 69.708702, ""w_2"": 69.683449, ""w_3"": 69.264519, ""w_4"": 69.053566, ""w_5"": 69.721542, ""w_6"": 69.203636, ""w_7"": 69.311356, ""w_8"": 69.215233, ""w_9"": 68.959328, ""w_10"": 69.231049, ""w_11"": 69.251785, ""w_12"": 68.396896, ""w_13"": 67.365005, ""w_14"": 67.491432, ""w_15"": 67.488838, ""w_16"": 67.806091, ""w_17"": 67.925568, ""w_18"": 67.281982, ""w_19"": 67.040504, ""w_20"": 67.328049}"
763,AU3CB0258465,2022-05-09,0,factual,"{""w_0"": 69.26452232, ""w_1"": 69.053568295, ""w_2"": 69.721539966, ""w_3"": 69.2036371, ""w_4"": 69.31135771999999, ""w_5"": 69.21523492, ""w_6"": 68.95932742, ""w_7"": 69.231045255, ""w_8"": 69.25178703, ""w_9"": 68.3968965, ""w_10"": 67.365003375, ""w_11"": 67.49143045, ""w_12"": 67.4888379, ""w_13"": 67.80608847, ""w_14"": 67.92556549999999, ""w_15"": 67.281985995, ""w_16"": 67.04050212000001, ""w_17"": 67.32804605, ""w_18"": 68.215007875, ""w_19"": 67.4383523, ""w_20"": 66.78300991500001}"
763,AU3CB0258465,2022-05-09,0,counterfactual,"{""w_0"": 68.220627, ""w_1"": 69.89576, ""w_2"": 69.152977, ""w_3"": 68.367744, ""w_4"": 67.640488, ""w_5"": 68.472229, ""w_6"": 68.32, ""w_7"": 67.262138, ""w_8"": 67.076508, ""w_9"": 67.611855, ""w_10"": 67.980194, ""w_11"": 68.526123, ""w_12"": 68.369148, ""w_13"": 68.931641, ""w_14"": 69.343399, ""w_15"": 69.379707, ""w_16"": 69.498062, ""w_17"": 69.150795, ""w_18"": 68.762871, ""w_19"": 68.306145, ""w_20"": 68.693504}"
812,AU3SG0001985,2021-07-20,0,factual,"{""w_0"": 62.13738852176001, ""w_1"": 62.24821592048, ""w_2"": 62.61436908525, ""w_3"": 62.27356464054, ""w_4"": 63.00485610336, ""w_5"": 62.72668637464, ""w_6"": 62.610529680000006, ""w_7"": 62.60663287189999, ""w_8"": 62.79014258102, ""w_9"": 63.08677532619001, ""w_10"": 63.55334344194, ""w_11"": 63.58317531990001, ""w_12"": 64.11931904496001, ""w_13"": 63.015873156, ""w_14"": 63.67529125902001, ""w_15"": 63.5170775613, ""w_16"": 63.9402551829, ""w_17"": 64.09393737762001, ""w_18"": 63.8437395496, ""w_19"": 64.3339068234, ""w_20"": 64.201505947908}"
812,AU3SG0001985,2021-07-20,0,counterfactual,"{""w_0"": 62.248505, ""w_1"": 62.13739, ""w_2"": 62.248215, ""w_3"": 62.614368, ""w_4"": 62.273563, ""w_5"": 63.004856, ""w_6"": 62.726685, ""w_7"": 62.610531, ""w_8"": 62.606632, ""w_9"": 62.790142, ""w_10"": 63.086777, ""w_11"": 63.553345, ""w_12"": 63.583176, ""w_13"": 64.119316, ""w_14"": 63.015873, ""w_15"": 63.675293, ""w_16"": 63.517078, ""w_17"": 63.940254, ""w_18"": 64.093941, ""w_19"": 63.843739, ""w_20"": 64.333908}"
813,AU3SG0001985,2021-07-21,0,factual,"{""w_0"": 62.24821592048, ""w_1"": 62.61436908525, ""w_2"": 62.27356464054, ""w_3"": 63.00485610336, ""w_4"": 62.72668637464, ""w_5"": 62.610529680000006, ""w_6"": 62.60663287189999, ""w_7"": 62.79014258102, ""w_8"": 63.08677532619001, ""w_9"": 63.55334344194, ""w_10"": 63.58317531990001, ""w_11"": 64.11931904496001, ""w_12"": 63.015873156, ""w_13"": 63.67529125902001, ""w_14"": 63.5170775613, ""w_15"": 63.9402551829, ""w_16"": 64.09393737762001, ""w_17"": 63.8437395496, ""w_18"": 64.3339068234, ""w_19"": 64.201505947908, ""w_20"": 63.6290518674}"
813,AU3SG0001985,2021-07-21,0,counterfactual,"{""w_0"": 62.13739, ""w_1"": 62.248215, ""w_2"": 62.614368, ""w_3"": 62.273563, ""w_4"": 63.004856, ""w_5"": 62.726685, ""w_6"": 62.610531, ""w_7"": 62.606632, ""w_8"": 62.790142, ""w_9"": 63.086777, ""w_10"": 63.553345, ""w_11"": 63.583176, ""w_12"": 64.119316, ""w_13"": 63.015873, ""w_14"": 63.675293, ""w_15"": 63.517078, ""w_16"": 63.940254, ""w_17"": 64.093941, ""w_18"": 63.843739, ""w_19"": 64.333908, ""w_20"": 64.201508}"
815,AU3SG0001985,2021-07-23,0,factual,"{""w_0"": 62.27356464054, ""w_1"": 63.00485610336, ""w_2"": 62.72668637464, ""w_3"": 62.610529680000006, ""w_4"": 62.60663287189999, ""w_5"": 62.79014258102, ""w_6"": 63.08677532619001, ""w_7"": 63.55334344194, ""w_8"": 63.58317531990001, ""w_9"": 64.11931904496001, ""w_10"": 63.015873156, ""w_11"": 63.67529125902001, ""w_12"": 63.5170775613, ""w_13"": 63.9402551829, ""w_14"": 64.09393737762001, ""w_15"": 63.8437395496, ""w_16"": 64.3339068234, ""w_17"": 64.201505947908, ""w_18"": 63.6290518674, ""w_19"": 63.8055565515, ""w_20"": 63.97956080536}"
815,AU3SG0001985,2021-07-23,0,counterfactual,"{""w_0"": 62.248215, ""w_1"": 62.614368, ""w_2"": 62.273563, ""w_3"": 63.004856, ""w_4"": 62.726685, ""w_5"": 62.610531, ""w_6"": 62.606632, ""w_7"": 62.790142, ""w_8"": 63.086777, ""w_9"": 63.553345, ""w_10"": 63.583176, ""w_11"": 64.119316, ""w_12"": 63.015873, ""w_13"": 63.675293, ""w_14"": 63.517078, ""w_15"": 63.940254, ""w_16"": 64.093941, ""w_17"": 63.843739, ""w_18"": 64.333908, ""w_19"": 64.201508, ""w_20"": 63.629051}"
816,AU3SG0001985,2021-07-26,0,factual,"{""w_0"": 63.00485610336, ""w_1"": 62.72668637464, ""w_2"": 62.610529680000006, ""w_3"": 62.60663287189999, ""w_4"": 62.79014258102, ""w_5"": 63.08677532619001, ""w_6"": 63.55334344194, ""w_7"": 63.58317531990001, ""w_8"": 64.11931904496001, ""w_9"": 63.015873156, ""w_10"": 63.67529125902001, ""w_11"": 63.5170775613, ""w_12"": 63.9402551829, ""w_13"": 64.09393737762001, ""w_14"": 63.8437395496, ""w_15"": 64.3339068234, ""w_16"": 64.201505947908, ""w_17"": 63.6290518674, ""w_18"": 63.8055565515, ""w_19"": 63.97956080536, ""w_20"": 64.05141674628001}"
816,AU3SG0001985,2021-07-26,0,counterfactual,"{""w_0"": 62.614368, ""w_1"": 62.273563, ""w_2"": 63.004856, ""w_3"": 62.726685, ""w_4"": 62.610531, ""w_5"": 62.606632, ""w_6"": 62.790142, ""w_7"": 63.086777, ""w_8"": 63.553345, ""w_9"": 63.583176, ""w_10"": 64.119316, ""w_11"": 63.015873, ""w_12"": 63.675293, ""w_13"": 63.517078, ""w_14"": 63.940254, ""w_15"": 64.093941, ""w_16"": 63.843739, ""w_17"": 64.333908, ""w_18"": 64.201508, ""w_19"": 63.629051, ""w_20"": 63.805557}"
817,AU3SG0001985,2021-07-27,0,factual,"{""w_0"": 62.72668637464, ""w_1"": 62.610529680000006, ""w_2"": 62.60663287189999, ""w_3"": 62.79014258102, ""w_4"": 63.08677532619001, ""w_5"": 63.55334344194, ""w_6"": 63.58317531990001, ""w_7"": 64.11931904496001, ""w_8"": 63.015873156, ""w_9"": 63.67529125902001, ""w_10"": 63.5170775613, ""w_11"": 63.9402551829, ""w_12"": 64.09393737762001, ""w_13"": 63.8437395496, ""w_14"": 64.3339068234, ""w_15"": 64.201505947908, ""w_16"": 63.6290518674, ""w_17"": 63.8055565515, ""w_18"": 63.97956080536, ""w_19"": 64.05141674628001, ""w_20"": 64.19272375349999}"
817,AU3SG0001985,2021-07-27,0,counterfactual,"{""w_0"": 62.273563, ""w_1"": 63.004856, ""w_2"": 62.726685, ""w_3"": 62.610531, ""w_4"": 62.606632, ""w_5"": 62.790142, ""w_6"": 63.086777, ""w_7"": 63.553345, ""w_8"": 63.583176, ""w_9"": 64.119316, ""w_10"": 63.015873, ""w_11"": 63.675293, ""w_12"": 63.517078, ""w_13"": 63.940254, ""w_14"": 64.093941, ""w_15"": 63.843739, ""w_16"": 64.333908, ""w_17"": 64.201508, ""w_18"": 63.629051, ""w_19"": 63.805557, ""w_20"": 63.979561}"
818,AU3SG0001985,2021-07-28,0,factual,"{""w_0"": 62.610529680000006, ""w_1"": 62.60663287189999, ""w_2"": 62.79014258102, ""w_3"": 63.08677532619001, ""w_4"": 63.55334344194, ""w_5"": 63.58317531990001, ""w_6"": 64.11931904496001, ""w_7"": 63.015873156, ""w_8"": 63.67529125902001, ""w_9"": 63.5170775613, ""w_10"": 63.9402551829, ""w_11"": 64.09393737762001, ""w_12"": 63.8437395496, ""w_13"": 64.3339068234, ""w_14"": 64.201505947908, ""w_15"": 63.6290518674, ""w_16"": 63.8055565515, ""w_17"": 63.97956080536, ""w_18"": 64.05141674628001, ""w_19"": 64.19272375349999, ""w_20"": 64.08152530806001}"
818,AU3SG0001985,2021-07-28,0,counterfactual,"{""w_0"": 62.726685, ""w_1"": 62.610531, ""w_2"": 62.606632, ""w_3"": 62.790142, ""w_4"": 63.086777, ""w_5"": 63.553345, ""w_6"": 63.583176, ""w_7"": 64.119316, ""w_8"": 63.015873, ""w_9"": 63.675293, ""w_10"": 63.517078, ""w_11"": 63.940254, ""w_12"": 64.093941, ""w_13"": 63.843739, ""w_14"": 64.333908, ""w_15"": 64.201508, ""w_16"": 63.629051, ""w_17"": 63.805557, ""w_18"": 63.979561, ""w_19"": 64.051414, ""w_20"": 64.192726}"
819,AU3SG0001985,2021-07-29,0,factual,"{""w_0"": 62.60663287189999, ""w_1"": 62.79014258102, ""w_2"": 63.08677532619001, ""w_3"": 63.55334344194, ""w_4"": 63.58317531990001, ""w_5"": 64.11931904496001, ""w_6"": 63.015873156, ""w_7"": 63.67529125902001, ""w_8"": 63.5170775613, ""w_9"": 63.9402551829, ""w_10"": 64.09393737762001, ""w_11"": 63.8437395496, ""w_12"": 64.3339068234, ""w_13"": 64.201505947908, ""w_14"": 63.6290518674, ""w_15"": 63.8055565515, ""w_16"": 63.97956080536, ""w_17"": 64.05141674628001, ""w_18"": 64.19272375349999, ""w_19"": 64.08152530806001, ""w_20"": 64.0875514004}"
819,AU3SG0001985,2021-07-29,0,counterfactual,"{""w_0"": 62.726685, ""w_1"": 62.610531, ""w_2"": 62.606632, ""w_3"": 62.790142, ""w_4"": 63.086777, ""w_5"": 63.553345, ""w_6"": 63.583176, ""w_7"": 64.119316, ""w_8"": 63.015873, ""w_9"": 63.675293, ""w_10"": 63.517078, ""w_11"": 63.940254, ""w_12"": 64.093941, ""w_13"": 63.843739, ""w_14"": 64.333908, ""w_15"": 64.201508, ""w_16"": 63.629051, ""w_17"": 63.805557, ""w_18"": 63.979561, ""w_19"": 64.051414, ""w_20"": 64.192726}"
820,AU3SG0001985,2021-07-30,0,factual,"{""w_0"": 62.79014258102, ""w_1"": 63.08677532619001, ""w_2"": 63.55334344194, ""w_3"": 63.58317531990001, ""w_4"": 64.11931904496001, ""w_5"": 63.015873156, ""w_6"": 63.67529125902001, ""w_7"": 63.5170775613, ""w_8"": 63.9402551829, ""w_9"": 64.09393737762001, ""w_10"": 63.8437395496, ""w_11"": 64.3339068234, ""w_12"": 64.201505947908, ""w_13"": 63.6290518674, ""w_14"": 63.8055565515, ""w_15"": 63.97956080536, ""w_16"": 64.05141674628001, ""w_17"": 64.19272375349999, ""w_18"": 64.08152530806001, ""w_19"": 64.0875514004, ""w_20"": 63.81446804376}"
820,AU3SG0001985,2021-07-30,0,counterfactual,"{""w_0"": 62.606632, ""w_1"": 62.790142, ""w_2"": 63.086777, ""w_3"": 63.553345, ""w_4"": 63.583176, ""w_5"": 64.119316, ""w_6"": 63.015873, ""w_7"": 63.675293, ""w_8"": 63.517078, ""w_9"": 63.940254, ""w_10"": 64.093941, ""w_11"": 63.843739, ""w_12"": 64.333908, ""w_13"": 64.201508, ""w_14"": 63.629051, ""w_15"": 63.805557, ""w_16"": 63.979561, ""w_17"": 64.051414, ""w_18"": 64.192726, ""w_19"": 64.081528, ""w_20"": 64.087555}"
821,AU3SG0001985,2021-08-02,0,factual,"{""w_0"": 63.08677532619001, ""w_1"": 63.55334344194, ""w_2"": 63.58317531990001, ""w_3"": 64.11931904496001, ""w_4"": 63.015873156, ""w_5"": 63.67529125902001, ""w_6"": 63.5170775613, ""w_7"": 63.9402551829, ""w_8"": 64.09393737762001, ""w_9"": 63.8437395496, ""w_10"": 64.3339068234, ""w_11"": 64.201505947908, ""w_12"": 63.6290518674, ""w_13"": 63.8055565515, ""w_14"": 63.97956080536, ""w_15"": 64.05141674628001, ""w_16"": 64.19272375349999, ""w_17"": 64.08152530806001, ""w_18"": 64.0875514004, ""w_19"": 63.81446804376, ""w_20"": 63.47280269778}"
821,AU3SG0001985,2021-08-02,0,counterfactual,"{""w_0"": 62.273563, ""w_1"": 63.004856, ""w_2"": 62.726685, ""w_3"": 62.610531, ""w_4"": 62.606632, ""w_5"": 62.790142, ""w_6"": 63.086777, ""w_7"": 63.553345, ""w_8"": 63.583176, ""w_9"": 64.119316, ""w_10"": 63.015873, ""w_11"": 63.675293, ""w_12"": 63.517078, ""w_13"": 63.940254, ""w_14"": 64.093941, ""w_15"": 63.843739, ""w_16"": 64.333908, ""w_17"": 64.201508, ""w_18"": 63.629051, ""w_19"": 63.805557, ""w_20"": 63.979561}"
822,AU3SG0001985,2021-08-03,0,factual,"{""w_0"": 63.55334344194, ""w_1"": 63.58317531990001, ""w_2"": 64.11931904496001, ""w_3"": 63.015873156, ""w_4"": 63.67529125902001, ""w_5"": 63.5170775613, ""w_6"": 63.9402551829, ""w_7"": 64.09393737762001, ""w_8"": 63.8437395496, ""w_9"": 64.3339068234, ""w_10"": 64.201505947908, ""w_11"": 63.6290518674, ""w_12"": 63.8055565515, ""w_13"": 63.97956080536, ""w_14"": 64.05141674628001, ""w_15"": 64.19272375349999, ""w_16"": 64.08152530806001, ""w_17"": 64.0875514004, ""w_18"": 63.81446804376, ""w_19"": 63.47280269778, ""w_20"": 64.00147830958}"
822,AU3SG0001985,2021-08-03,0,counterfactual,"{""w_0"": 62.790142, ""w_1"": 63.086777, ""w_2"": 63.553345, ""w_3"": 63.583176, ""w_4"": 64.119316, ""w_5"": 63.015873, ""w_6"": 63.675293, ""w_7"": 63.517078, ""w_8"": 63.940254, ""w_9"": 64.093941, ""w_10"": 63.843739, ""w_11"": 64.333908, ""w_12"": 64.201508, ""w_13"": 63.629051, ""w_14"": 63.805557, ""w_15"": 63.979561, ""w_16"": 64.051414, ""w_17"": 64.192726, ""w_18"": 64.081528, ""w_19"": 64.087555, ""w_20"": 63.814468}"
823,AU3SG0001985,2021-08-04,0,factual,"{""w_0"": 63.58317531990001, ""w_1"": 64.11931904496001, ""w_2"": 63.015873156, ""w_3"": 63.67529125902001, ""w_4"": 63.5170775613, ""w_5"": 63.9402551829, ""w_6"": 64.09393737762001, ""w_7"": 63.8437395496, ""w_8"": 64.3339068234, ""w_9"": 64.201505947908, ""w_10"": 63.6290518674, ""w_11"": 63.8055565515, ""w_12"": 63.97956080536, ""w_13"": 64.05141674628001, ""w_14"": 64.19272375349999, ""w_15"": 64.08152530806001, ""w_16"": 64.0875514004, ""w_17"": 63.81446804376, ""w_18"": 63.47280269778, ""w_19"": 64.00147830958, ""w_20"": 64.22395959880001}"
823,AU3SG0001985,2021-08-04,0,counterfactual,"{""w_0"": 63.086777, ""w_1"": 63.553345, ""w_2"": 63.583176, ""w_3"": 64.119316, ""w_4"": 63.015873, ""w_5"": 63.675293, ""w_6"": 63.517078, ""w_7"": 63.940254, ""w_8"": 64.093941, ""w_9"": 63.843739, ""w_10"": 64.333908, ""w_11"": 64.201508, ""w_12"": 63.629051, ""w_13"": 63.805557, ""w_14"": 63.979561, ""w_15"": 64.051414, ""w_16"": 64.192726, ""w_17"": 64.081528, ""w_18"": 64.087555, ""w_19"": 63.814468, ""w_20"": 63.472801}"
824,AU3SG0001985,2021-08-05,0,factual,"{""w_0"": 64.11931904496001, ""w_1"": 63.015873156, ""w_2"": 63.67529125902001, ""w_3"": 63.5170775613, ""w_4"": 63.9402551829, ""w_5"": 64.09393737762001, ""w_6"": 63.8437395496, ""w_7"": 64.3339068234, ""w_8"": 64.201505947908, ""w_9"": 63.6290518674, ""w_10"": 63.8055565515, ""w_11"": 63.97956080536, ""w_12"": 64.05141674628001, ""w_13"": 64.19272375349999, ""w_14"": 64.08152530806001, ""w_15"": 64.0875514004, ""w_16"": 63.81446804376, ""w_17"": 63.47280269778, ""w_18"": 64.00147830958, ""w_19"": 64.22395959880001, ""w_20"": 64.17544610402}"
824,AU3SG0001985,2021-08-05,0,counterfactual,"{""w_0"": 62.790142, ""w_1"": 63.086777, ""w_2"": 63.553345, ""w_3"": 63.583176, ""w_4"": 64.119316, ""w_5"": 63.015873, ""w_6"": 63.675293, ""w_7"": 63.517078, ""w_8"": 63.940254, ""w_9"": 64.093941, ""w_10"": 63.843739, ""w_11"": 64.333908, ""w_12"": 64.201508, ""w_13"": 63.629051, ""w_14"": 63.805557, ""w_15"": 63.979561, ""w_16"": 64.051414, ""w_17"": 64.192726, ""w_18"": 64.081528, ""w_19"": 64.087555, ""w_20"": 63.814468}"
825,AU3SG0001985,2021-08-06,0,factual,"{""w_0"": 63.015873156, ""w_1"": 63.67529125902001, ""w_2"": 63.5170775613, ""w_3"": 63.9402551829, ""w_4"": 64.09393737762001, ""w_5"": 63.8437395496, ""w_6"": 64.3339068234, ""w_7"": 64.201505947908, ""w_8"": 63.6290518674, ""w_9"": 63.8055565515, ""w_10"": 63.97956080536, ""w_11"": 64.05141674628001, ""w_12"": 64.19272375349999, ""w_13"": 64.08152530806001, ""w_14"": 64.0875514004, ""w_15"": 63.81446804376, ""w_16"": 63.47280269778, ""w_17"": 64.00147830958, ""w_18"": 64.22395959880001, ""w_19"": 64.17544610402, ""w_20"": 63.873845982960006}"
825,AU3SG0001985,2021-08-06,0,counterfactual,"{""w_0"": 62.790142, ""w_1"": 63.086777, ""w_2"": 63.553345, ""w_3"": 63.583176, ""w_4"": 64.119316, ""w_5"": 63.015873, ""w_6"": 63.675293, ""w_7"": 63.517078, ""w_8"": 63.940254, ""w_9"": 64.093941, ""w_10"": 63.843739, ""w_11"": 64.333908, ""w_12"": 64.201508, ""w_13"": 63.629051, ""w_14"": 63.805557, ""w_15"": 63.979561, ""w_16"": 64.051414, ""w_17"": 64.192726, ""w_18"": 64.081528, ""w_19"": 64.087555, ""w_20"": 63.814468}"
826,AU3SG0001985,2021-08-09,0,factual,"{""w_0"": 63.67529125902001, ""w_1"": 63.5170775613, ""w_2"": 63.9402551829, ""w_3"": 64.09393737762001, ""w_4"": 63.8437395496, ""w_5"": 64.3339068234, ""w_6"": 64.201505947908, ""w_7"": 63.6290518674, ""w_8"": 63.8055565515, ""w_9"": 63.97956080536, ""w_10"": 64.05141674628001, ""w_11"": 64.19272375349999, ""w_12"": 64.08152530806001, ""w_13"": 64.0875514004, ""w_14"": 63.81446804376, ""w_15"": 63.47280269778, ""w_16"": 64.00147830958, ""w_17"": 64.22395959880001, ""w_18"": 64.17544610402, ""w_19"": 63.873845982960006, ""w_20"": 63.8987057052}"
826,AU3SG0001985,2021-08-09,0,counterfactual,"{""w_0"": 63.015873, ""w_1"": 63.675293, ""w_2"": 63.517078, ""w_3"": 63.940254, ""w_4"": 64.093941, ""w_5"": 63.843739, ""w_6"": 64.333908, ""w_7"": 64.201508, ""w_8"": 63.629051, ""w_9"": 63.805557, ""w_10"": 63.979561, ""w_11"": 64.051414, ""w_12"": 64.192726, ""w_13"": 64.081528, ""w_14"": 64.087555, ""w_15"": 63.814468, ""w_16"": 63.472801, ""w_17"": 64.00148, ""w_18"": 64.223961, ""w_19"": 64.175446, ""w_20"": 63.873844}"
767,AU3CB0258465,2022-05-13,0,factual,"{""w_0"": 69.31135771999999, ""w_1"": 69.21523492, ""w_2"": 68.95932742, ""w_3"": 69.231045255, ""w_4"": 69.25178703, ""w_5"": 68.3968965, ""w_6"": 67.365003375, ""w_7"": 67.49143045, ""w_8"": 67.4888379, ""w_9"": 67.80608847, ""w_10"": 67.92556549999999, ""w_11"": 67.281985995, ""w_12"": 67.04050212000001, ""w_13"": 67.32804605, ""w_14"": 68.215007875, ""w_15"": 67.4383523, ""w_16"": 66.78300991500001, ""w_17"": 65.80118969499999, ""w_18"": 65.7699255, ""w_19"": 65.91409767, ""w_20"": 66.230783}"
767,AU3CB0258465,2022-05-13,0,counterfactual,"{""w_0"": 69.203636, ""w_1"": 69.311356, ""w_2"": 69.215233, ""w_3"": 68.959328, ""w_4"": 69.231049, ""w_5"": 69.251785, ""w_6"": 68.396896, ""w_7"": 67.365005, ""w_8"": 67.491432, ""w_9"": 67.488838, ""w_10"": 67.806091, ""w_11"": 67.925568, ""w_12"": 67.281982, ""w_13"": 67.040504, ""w_14"": 67.328049, ""w_15"": 68.215012, ""w_16"": 67.438354, ""w_17"": 66.783012, ""w_18"": 65.801193, ""w_19"": 65.769928, ""w_20"": 65.914101}"
768,AU3CB0258465,2022-05-16,0,factual,"{""w_0"": 69.21523492, ""w_1"": 68.95932742, ""w_2"": 69.231045255, ""w_3"": 69.25178703, ""w_4"": 68.3968965, ""w_5"": 67.365003375, ""w_6"": 67.49143045, ""w_7"": 67.4888379, ""w_8"": 67.80608847, ""w_9"": 67.92556549999999, ""w_10"": 67.281985995, ""w_11"": 67.04050212000001, ""w_12"": 67.32804605, ""w_13"": 68.215007875, ""w_14"": 67.4383523, ""w_15"": 66.78300991500001, ""w_16"": 65.80118969499999, ""w_17"": 65.7699255, ""w_18"": 65.91409767, ""w_19"": 66.230783, ""w_20"": 66.8040408}"
768,AU3CB0258465,2022-05-16,0,counterfactual,"{""w_0"": 69.203636, ""w_1"": 69.311356, ""w_2"": 69.215233, ""w_3"": 68.959328, ""w_4"": 69.231049, ""w_5"": 69.251785, ""w_6"": 68.396896, ""w_7"": 67.365005, ""w_8"": 67.491432, ""w_9"": 67.488838, ""w_10"": 67.806091, ""w_11"": 67.925568, ""w_12"": 67.281982, ""w_13"": 67.040504, ""w_14"": 67.328049, ""w_15"": 68.215012, ""w_16"": 67.438354, ""w_17"": 66.783012, ""w_18"": 65.801193, ""w_19"": 65.769928, ""w_20"": 65.914101}"
769,AU3CB0258465,2022-05-17,0,factual,"{""w_0"": 68.95932742, ""w_1"": 69.231045255, ""w_2"": 69.25178703, ""w_3"": 68.3968965, ""w_4"": 67.365003375, ""w_5"": 67.49143045, ""w_6"": 67.4888379, ""w_7"": 67.80608847, ""w_8"": 67.92556549999999, ""w_9"": 67.281985995, ""w_10"": 67.04050212000001, ""w_11"": 67.32804605, ""w_12"": 68.215007875, ""w_13"": 67.4383523, ""w_14"": 66.78300991500001, ""w_15"": 65.80118969499999, ""w_16"": 65.7699255, ""w_17"": 65.91409767, ""w_18"": 66.230783, ""w_19"": 66.8040408, ""w_20"": 66.683807325}"
769,AU3CB0258465,2022-05-17,0,counterfactual,"{""w_0"": 69.311356, ""w_1"": 69.215233, ""w_2"": 68.959328, ""w_3"": 69.231049, ""w_4"": 69.251785, ""w_5"": 68.396896, ""w_6"": 67.365005, ""w_7"": 67.491432, ""w_8"": 67.488838, ""w_9"": 67.806091, ""w_10"": 67.925568, ""w_11"": 67.281982, ""w_12"": 67.040504, ""w_13"": 67.328049, ""w_14"": 68.215012, ""w_15"": 67.438354, ""w_16"": 66.783012, ""w_17"": 65.801193, ""w_18"": 65.769928, ""w_19"": 65.914101, ""w_20"": 66.230782}"
770,AU3CB0258465,2022-05-18,0,factual,"{""w_0"": 69.231045255, ""w_1"": 69.25178703, ""w_2"": 68.3968965, ""w_3"": 67.365003375, ""w_4"": 67.49143045, ""w_5"": 67.4888379, ""w_6"": 67.80608847, ""w_7"": 67.92556549999999, ""w_8"": 67.281985995, ""w_9"": 67.04050212000001, ""w_10"": 67.32804605, ""w_11"": 68.215007875, ""w_12"": 67.4383523, ""w_13"": 66.78300991500001, ""w_14"": 65.80118969499999, ""w_15"": 65.7699255, ""w_16"": 65.91409767, ""w_17"": 66.230783, ""w_18"": 66.8040408, ""w_19"": 66.683807325, ""w_20"": 66.60901247}"
770,AU3CB0258465,2022-05-18,0,counterfactual,"{""w_0"": 69.203636, ""w_1"": 69.311356, ""w_2"": 69.215233, ""w_3"": 68.959328, ""w_4"": 69.231049, ""w_5"": 69.251785, ""w_6"": 68.396896, ""w_7"": 67.365005, ""w_8"": 67.491432, ""w_9"": 67.488838, ""w_10"": 67.806091, ""w_11"": 67.925568, ""w_12"": 67.281982, ""w_13"": 67.040504, ""w_14"": 67.328049, ""w_15"": 68.215012, ""w_16"": 67.438354, ""w_17"": 66.783012, ""w_18"": 65.801193, ""w_19"": 65.769928, ""w_20"": 65.914101}"
827,AU3SG0001985,2021-08-10,0,factual,"{""w_0"": 63.5170775613, ""w_1"": 63.9402551829, ""w_2"": 64.09393737762001, ""w_3"": 63.8437395496, ""w_4"": 64.3339068234, ""w_5"": 64.201505947908, ""w_6"": 63.6290518674, ""w_7"": 63.8055565515, ""w_8"": 63.97956080536, ""w_9"": 64.05141674628001, ""w_10"": 64.19272375349999, ""w_11"": 64.08152530806001, ""w_12"": 64.0875514004, ""w_13"": 63.81446804376, ""w_14"": 63.47280269778, ""w_15"": 64.00147830958, ""w_16"": 64.22395959880001, ""w_17"": 64.17544610402, ""w_18"": 63.873845982960006, ""w_19"": 63.8987057052, ""w_20"": 63.8478109528}"
827,AU3SG0001985,2021-08-10,0,counterfactual,"{""w_0"": 62.790142, ""w_1"": 63.086777, ""w_2"": 63.553345, ""w_3"": 63.583176, ""w_4"": 64.119316, ""w_5"": 63.015873, ""w_6"": 63.675293, ""w_7"": 63.517078, ""w_8"": 63.940254, ""w_9"": 64.093941, ""w_10"": 63.843739, ""w_11"": 64.333908, ""w_12"": 64.201508, ""w_13"": 63.629051, ""w_14"": 63.805557, ""w_15"": 63.979561, ""w_16"": 64.051414, ""w_17"": 64.192726, ""w_18"": 64.081528, ""w_19"": 64.087555, ""w_20"": 63.814468}"
828,AU3SG0001985,2021-08-11,0,factual,"{""w_0"": 63.9402551829, ""w_1"": 64.09393737762001, ""w_2"": 63.8437395496, ""w_3"": 64.3339068234, ""w_4"": 64.201505947908, ""w_5"": 63.6290518674, ""w_6"": 63.8055565515, ""w_7"": 63.97956080536, ""w_8"": 64.05141674628001, ""w_9"": 64.19272375349999, ""w_10"": 64.08152530806001, ""w_11"": 64.0875514004, ""w_12"": 63.81446804376, ""w_13"": 63.47280269778, ""w_14"": 64.00147830958, ""w_15"": 64.22395959880001, ""w_16"": 64.17544610402, ""w_17"": 63.873845982960006, ""w_18"": 63.8987057052, ""w_19"": 63.8478109528, ""w_20"": 64.02428803420001}"
828,AU3SG0001985,2021-08-11,0,counterfactual,"{""w_0"": 63.517078, ""w_1"": 63.940254, ""w_2"": 64.093941, ""w_3"": 63.843739, ""w_4"": 64.333908, ""w_5"": 64.201508, ""w_6"": 63.629051, ""w_7"": 63.805557, ""w_8"": 63.979561, ""w_9"": 64.051414, ""w_10"": 64.192726, ""w_11"": 64.081528, ""w_12"": 64.087555, ""w_13"": 63.814468, ""w_14"": 63.472801, ""w_15"": 64.00148, ""w_16"": 64.223961, ""w_17"": 64.175446, ""w_18"": 63.873844, ""w_19"": 63.898705, ""w_20"": 63.847813}"
829,AU3SG0001985,2021-08-12,0,factual,"{""w_0"": 64.09393737762001, ""w_1"": 63.8437395496, ""w_2"": 64.3339068234, ""w_3"": 64.201505947908, ""w_4"": 63.6290518674, ""w_5"": 63.8055565515, ""w_6"": 63.97956080536, ""w_7"": 64.05141674628001, ""w_8"": 64.19272375349999, ""w_9"": 64.08152530806001, ""w_10"": 64.0875514004, ""w_11"": 63.81446804376, ""w_12"": 63.47280269778, ""w_13"": 64.00147830958, ""w_14"": 64.22395959880001, ""w_15"": 64.17544610402, ""w_16"": 63.873845982960006, ""w_17"": 63.8987057052, ""w_18"": 63.8478109528, ""w_19"": 64.02428803420001, ""w_20"": 64.2386941775}"
829,AU3SG0001985,2021-08-12,0,counterfactual,"{""w_0"": 63.583176, ""w_1"": 64.119316, ""w_2"": 63.015873, ""w_3"": 63.675293, ""w_4"": 63.517078, ""w_5"": 63.940254, ""w_6"": 64.093941, ""w_7"": 63.843739, ""w_8"": 64.333908, ""w_9"": 64.201508, ""w_10"": 63.629051, ""w_11"": 63.805557, ""w_12"": 63.979561, ""w_13"": 64.051414, ""w_14"": 64.192726, ""w_15"": 64.081528, ""w_16"": 64.087555, ""w_17"": 63.814468, ""w_18"": 63.472801, ""w_19"": 64.00148, ""w_20"": 64.223961}"
771,AU3CB0258465,2022-05-19,0,factual,"{""w_0"": 69.25178703, ""w_1"": 68.3968965, ""w_2"": 67.365003375, ""w_3"": 67.49143045, ""w_4"": 67.4888379, ""w_5"": 67.80608847, ""w_6"": 67.92556549999999, ""w_7"": 67.281985995, ""w_8"": 67.04050212000001, ""w_9"": 67.32804605, ""w_10"": 68.215007875, ""w_11"": 67.4383523, ""w_12"": 66.78300991500001, ""w_13"": 65.80118969499999, ""w_14"": 65.7699255, ""w_15"": 65.91409767, ""w_16"": 66.230783, ""w_17"": 66.8040408, ""w_18"": 66.683807325, ""w_19"": 66.60901247, ""w_20"": 66.48385444499999}"
771,AU3CB0258465,2022-05-19,0,counterfactual,"{""w_0"": 69.231049, ""w_1"": 69.251785, ""w_2"": 68.396896, ""w_3"": 67.365005, ""w_4"": 67.491432, ""w_5"": 67.488838, ""w_6"": 67.806091, ""w_7"": 67.925568, ""w_8"": 67.281982, ""w_9"": 67.040504, ""w_10"": 67.328049, ""w_11"": 68.215012, ""w_12"": 67.438354, ""w_13"": 66.783012, ""w_14"": 65.801193, ""w_15"": 65.769928, ""w_16"": 65.914101, ""w_17"": 66.230782, ""w_18"": 66.804039, ""w_19"": 66.683807, ""w_20"": 66.609009}"
830,AU3SG0001985,2021-08-13,0,factual,"{""w_0"": 63.8437395496, ""w_1"": 64.3339068234, ""w_2"": 64.201505947908, ""w_3"": 63.6290518674, ""w_4"": 63.8055565515, ""w_5"": 63.97956080536, ""w_6"": 64.05141674628001, ""w_7"": 64.19272375349999, ""w_8"": 64.08152530806001, ""w_9"": 64.0875514004, ""w_10"": 63.81446804376, ""w_11"": 63.47280269778, ""w_12"": 64.00147830958, ""w_13"": 64.22395959880001, ""w_14"": 64.17544610402, ""w_15"": 63.873845982960006, ""w_16"": 63.8987057052, ""w_17"": 63.8478109528, ""w_18"": 64.02428803420001, ""w_19"": 64.2386941775, ""w_20"": 63.95084631153}"
830,AU3SG0001985,2021-08-13,0,counterfactual,"{""w_0"": 64.119316, ""w_1"": 63.015873, ""w_2"": 63.675293, ""w_3"": 63.517078, ""w_4"": 63.940254, ""w_5"": 64.093941, ""w_6"": 63.843739, ""w_7"": 64.333908, ""w_8"": 64.201508, ""w_9"": 63.629051, ""w_10"": 63.805557, ""w_11"": 63.979561, ""w_12"": 64.051414, ""w_13"": 64.192726, ""w_14"": 64.081528, ""w_15"": 64.087555, ""w_16"": 63.814468, ""w_17"": 63.472801, ""w_18"": 64.00148, ""w_19"": 64.223961, ""w_20"": 64.175446}"
831,AU3SG0001985,2021-08-16,0,factual,"{""w_0"": 64.3339068234, ""w_1"": 64.201505947908, ""w_2"": 63.6290518674, ""w_3"": 63.8055565515, ""w_4"": 63.97956080536, ""w_5"": 64.05141674628001, ""w_6"": 64.19272375349999, ""w_7"": 64.08152530806001, ""w_8"": 64.0875514004, ""w_9"": 63.81446804376, ""w_10"": 63.47280269778, ""w_11"": 64.00147830958, ""w_12"": 64.22395959880001, ""w_13"": 64.17544610402, ""w_14"": 63.873845982960006, ""w_15"": 63.8987057052, ""w_16"": 63.8478109528, ""w_17"": 64.02428803420001, ""w_18"": 64.2386941775, ""w_19"": 63.95084631153, ""w_20"": 64.157154433}"
831,AU3SG0001985,2021-08-16,0,counterfactual,"{""w_0"": 63.843739, ""w_1"": 64.333908, ""w_2"": 64.201508, ""w_3"": 63.629051, ""w_4"": 63.805557, ""w_5"": 63.979561, ""w_6"": 64.051414, ""w_7"": 64.192726, ""w_8"": 64.081528, ""w_9"": 64.087555, ""w_10"": 63.814468, ""w_11"": 63.472801, ""w_12"": 64.00148, ""w_13"": 64.223961, ""w_14"": 64.175446, ""w_15"": 63.873844, ""w_16"": 63.898705, ""w_17"": 63.847813, ""w_18"": 64.024284, ""w_19"": 64.238693, ""w_20"": 63.950848}"
772,AU3CB0258465,2022-05-20,0,factual,"{""w_0"": 68.3968965, ""w_1"": 67.365003375, ""w_2"": 67.49143045, ""w_3"": 67.4888379, ""w_4"": 67.80608847, ""w_5"": 67.92556549999999, ""w_6"": 67.281985995, ""w_7"": 67.04050212000001, ""w_8"": 67.32804605, ""w_9"": 68.215007875, ""w_10"": 67.4383523, ""w_11"": 66.78300991500001, ""w_12"": 65.80118969499999, ""w_13"": 65.7699255, ""w_14"": 65.91409767, ""w_15"": 66.230783, ""w_16"": 66.8040408, ""w_17"": 66.683807325, ""w_18"": 66.60901247, ""w_19"": 66.48385444499999, ""w_20"": 66.63686265}"
772,AU3CB0258465,2022-05-20,0,counterfactual,"{""w_0"": 69.251785, ""w_1"": 68.396896, ""w_2"": 67.365005, ""w_3"": 67.491432, ""w_4"": 67.488838, ""w_5"": 67.806091, ""w_6"": 67.925568, ""w_7"": 67.281982, ""w_8"": 67.040504, ""w_9"": 67.328049, ""w_10"": 68.215012, ""w_11"": 67.438354, ""w_12"": 66.783012, ""w_13"": 65.801193, ""w_14"": 65.769928, ""w_15"": 65.914101, ""w_16"": 66.230782, ""w_17"": 66.804039, ""w_18"": 66.683807, ""w_19"": 66.609009, ""w_20"": 66.483856}"
773,AU3CB0258465,2022-05-23,0,factual,"{""w_0"": 67.365003375, ""w_1"": 67.49143045, ""w_2"": 67.4888379, ""w_3"": 67.80608847, ""w_4"": 67.92556549999999, ""w_5"": 67.281985995, ""w_6"": 67.04050212000001, ""w_7"": 67.32804605, ""w_8"": 68.215007875, ""w_9"": 67.4383523, ""w_10"": 66.78300991500001, ""w_11"": 65.80118969499999, ""w_12"": 65.7699255, ""w_13"": 65.91409767, ""w_14"": 66.230783, ""w_15"": 66.8040408, ""w_16"": 66.683807325, ""w_17"": 66.60901247, ""w_18"": 66.48385444499999, ""w_19"": 66.63686265, ""w_20"": 66.84774107}"
773,AU3CB0258465,2022-05-23,0,counterfactual,"{""w_0"": 69.251785, ""w_1"": 68.396896, ""w_2"": 67.365005, ""w_3"": 67.491432, ""w_4"": 67.488838, ""w_5"": 67.806091, ""w_6"": 67.925568, ""w_7"": 67.281982, ""w_8"": 67.040504, ""w_9"": 67.328049, ""w_10"": 68.215012, ""w_11"": 67.438354, ""w_12"": 66.783012, ""w_13"": 65.801193, ""w_14"": 65.769928, ""w_15"": 65.914101, ""w_16"": 66.230782, ""w_17"": 66.804039, ""w_18"": 66.683807, ""w_19"": 66.609009, ""w_20"": 66.483856}"
832,AU3SG0001985,2021-08-17,0,factual,"{""w_0"": 64.201505947908, ""w_1"": 63.6290518674, ""w_2"": 63.8055565515, ""w_3"": 63.97956080536, ""w_4"": 64.05141674628001, ""w_5"": 64.19272375349999, ""w_6"": 64.08152530806001, ""w_7"": 64.0875514004, ""w_8"": 63.81446804376, ""w_9"": 63.47280269778, ""w_10"": 64.00147830958, ""w_11"": 64.22395959880001, ""w_12"": 64.17544610402, ""w_13"": 63.873845982960006, ""w_14"": 63.8987057052, ""w_15"": 63.8478109528, ""w_16"": 64.02428803420001, ""w_17"": 64.2386941775, ""w_18"": 63.95084631153, ""w_19"": 64.157154433, ""w_20"": 64.23120904199999}"
832,AU3SG0001985,2021-08-17,0,counterfactual,"{""w_0"": 64.333908, ""w_1"": 64.201508, ""w_2"": 63.629051, ""w_3"": 63.805557, ""w_4"": 63.979561, ""w_5"": 64.051414, ""w_6"": 64.192726, ""w_7"": 64.081528, ""w_8"": 64.087555, ""w_9"": 63.814468, ""w_10"": 63.472801, ""w_11"": 64.00148, ""w_12"": 64.223961, ""w_13"": 64.175446, ""w_14"": 63.873844, ""w_15"": 63.898705, ""w_16"": 63.847813, ""w_17"": 64.024284, ""w_18"": 64.238693, ""w_19"": 63.950848, ""w_20"": 64.157158}"
833,AU3SG0001985,2021-08-18,0,factual,"{""w_0"": 63.6290518674, ""w_1"": 63.8055565515, ""w_2"": 63.97956080536, ""w_3"": 64.05141674628001, ""w_4"": 64.19272375349999, ""w_5"": 64.08152530806001, ""w_6"": 64.0875514004, ""w_7"": 63.81446804376, ""w_8"": 63.47280269778, ""w_9"": 64.00147830958, ""w_10"": 64.22395959880001, ""w_11"": 64.17544610402, ""w_12"": 63.873845982960006, ""w_13"": 63.8987057052, ""w_14"": 63.8478109528, ""w_15"": 64.02428803420001, ""w_16"": 64.2386941775, ""w_17"": 63.95084631153, ""w_18"": 64.157154433, ""w_19"": 64.23120904199999, ""w_20"": 63.78417181100001}"
833,AU3SG0001985,2021-08-18,0,counterfactual,"{""w_0"": 63.517078, ""w_1"": 63.940254, ""w_2"": 64.093941, ""w_3"": 63.843739, ""w_4"": 64.333908, ""w_5"": 64.201508, ""w_6"": 63.629051, ""w_7"": 63.805557, ""w_8"": 63.979561, ""w_9"": 64.051414, ""w_10"": 64.192726, ""w_11"": 64.081528, ""w_12"": 64.087555, ""w_13"": 63.814468, ""w_14"": 63.472801, ""w_15"": 64.00148, ""w_16"": 64.223961, ""w_17"": 64.175446, ""w_18"": 63.873844, ""w_19"": 63.898705, ""w_20"": 63.847813}"
834,AU3SG0001985,2021-08-19,0,factual,"{""w_0"": 63.8055565515, ""w_1"": 63.97956080536, ""w_2"": 64.05141674628001, ""w_3"": 64.19272375349999, ""w_4"": 64.08152530806001, ""w_5"": 64.0875514004, ""w_6"": 63.81446804376, ""w_7"": 63.47280269778, ""w_8"": 64.00147830958, ""w_9"": 64.22395959880001, ""w_10"": 64.17544610402, ""w_11"": 63.873845982960006, ""w_12"": 63.8987057052, ""w_13"": 63.8478109528, ""w_14"": 64.02428803420001, ""w_15"": 64.2386941775, ""w_16"": 63.95084631153, ""w_17"": 64.157154433, ""w_18"": 64.23120904199999, ""w_19"": 63.78417181100001, ""w_20"": 64.07032028520999}"
834,AU3SG0001985,2021-08-19,0,counterfactual,"{""w_0"": 63.940254, ""w_1"": 64.093941, ""w_2"": 63.843739, ""w_3"": 64.333908, ""w_4"": 64.201508, ""w_5"": 63.629051, ""w_6"": 63.805557, ""w_7"": 63.979561, ""w_8"": 64.051414, ""w_9"": 64.192726, ""w_10"": 64.081528, ""w_11"": 64.087555, ""w_12"": 63.814468, ""w_13"": 63.472801, ""w_14"": 64.00148, ""w_15"": 64.223961, ""w_16"": 64.175446, ""w_17"": 63.873844, ""w_18"": 63.898705, ""w_19"": 63.847813, ""w_20"": 64.024284}"
835,AU3SG0001985,2021-08-20,0,factual,"{""w_0"": 63.97956080536, ""w_1"": 64.05141674628001, ""w_2"": 64.19272375349999, ""w_3"": 64.08152530806001, ""w_4"": 64.0875514004, ""w_5"": 63.81446804376, ""w_6"": 63.47280269778, ""w_7"": 64.00147830958, ""w_8"": 64.22395959880001, ""w_9"": 64.17544610402, ""w_10"": 63.873845982960006, ""w_11"": 63.8987057052, ""w_12"": 63.8478109528, ""w_13"": 64.02428803420001, ""w_14"": 64.2386941775, ""w_15"": 63.95084631153, ""w_16"": 64.157154433, ""w_17"": 64.23120904199999, ""w_18"": 63.78417181100001, ""w_19"": 64.07032028520999, ""w_20"": 63.46846538336}"
835,AU3SG0001985,2021-08-20,0,counterfactual,"{""w_0"": 64.093941, ""w_1"": 63.843739, ""w_2"": 64.333908, ""w_3"": 64.201508, ""w_4"": 63.629051, ""w_5"": 63.805557, ""w_6"": 63.979561, ""w_7"": 64.051414, ""w_8"": 64.192726, ""w_9"": 64.081528, ""w_10"": 64.087555, ""w_11"": 63.814468, ""w_12"": 63.472801, ""w_13"": 64.00148, ""w_14"": 64.223961, ""w_15"": 64.175446, ""w_16"": 63.873844, ""w_17"": 63.898705, ""w_18"": 63.847813, ""w_19"": 64.024284, ""w_20"": 64.238693}"
836,AU3SG0001985,2021-08-23,0,factual,"{""w_0"": 64.05141674628001, ""w_1"": 64.19272375349999, ""w_2"": 64.08152530806001, ""w_3"": 64.0875514004, ""w_4"": 63.81446804376, ""w_5"": 63.47280269778, ""w_6"": 64.00147830958, ""w_7"": 64.22395959880001, ""w_8"": 64.17544610402, ""w_9"": 63.873845982960006, ""w_10"": 63.8987057052, ""w_11"": 63.8478109528, ""w_12"": 64.02428803420001, ""w_13"": 64.2386941775, ""w_14"": 63.95084631153, ""w_15"": 64.157154433, ""w_16"": 64.23120904199999, ""w_17"": 63.78417181100001, ""w_18"": 64.07032028520999, ""w_19"": 63.46846538336, ""w_20"": 63.01581188218}"
836,AU3SG0001985,2021-08-23,0,counterfactual,"{""w_0"": 63.979561, ""w_1"": 64.051414, ""w_2"": 64.192726, ""w_3"": 64.081528, ""w_4"": 64.087555, ""w_5"": 63.814468, ""w_6"": 63.472801, ""w_7"": 64.00148, ""w_8"": 64.223961, ""w_9"": 64.175446, ""w_10"": 63.873844, ""w_11"": 63.898705, ""w_12"": 63.847813, ""w_13"": 64.024284, ""w_14"": 64.238693, ""w_15"": 63.950848, ""w_16"": 64.157158, ""w_17"": 64.231209, ""w_18"": 63.784172, ""w_19"": 64.07032, ""w_20"": 63.468464}"
837,AU3SG0001985,2021-08-24,0,factual,"{""w_0"": 64.19272375349999, ""w_1"": 64.08152530806001, ""w_2"": 64.0875514004, ""w_3"": 63.81446804376, ""w_4"": 63.47280269778, ""w_5"": 64.00147830958, ""w_6"": 64.22395959880001, ""w_7"": 64.17544610402, ""w_8"": 63.873845982960006, ""w_9"": 63.8987057052, ""w_10"": 63.8478109528, ""w_11"": 64.02428803420001, ""w_12"": 64.2386941775, ""w_13"": 63.95084631153, ""w_14"": 64.157154433, ""w_15"": 64.23120904199999, ""w_16"": 63.78417181100001, ""w_17"": 64.07032028520999, ""w_18"": 63.46846538336, ""w_19"": 63.01581188218, ""w_20"": 62.97891999462001}"
837,AU3SG0001985,2021-08-24,0,counterfactual,"{""w_0"": 63.553345, ""w_1"": 63.583176, ""w_2"": 64.119316, ""w_3"": 63.015873, ""w_4"": 63.675293, ""w_5"": 63.517078, ""w_6"": 63.940254, ""w_7"": 64.093941, ""w_8"": 63.843739, ""w_9"": 64.333908, ""w_10"": 64.201508, ""w_11"": 63.629051, ""w_12"": 63.805557, ""w_13"": 63.979561, ""w_14"": 64.051414, ""w_15"": 64.192726, ""w_16"": 64.081528, ""w_17"": 64.087555, ""w_18"": 63.814468, ""w_19"": 63.472801, ""w_20"": 64.00148}"
838,AU3SG0001985,2021-08-25,0,factual,"{""w_0"": 64.08152530806001, ""w_1"": 64.0875514004, ""w_2"": 63.81446804376, ""w_3"": 63.47280269778, ""w_4"": 64.00147830958, ""w_5"": 64.22395959880001, ""w_6"": 64.17544610402, ""w_7"": 63.873845982960006, ""w_8"": 63.8987057052, ""w_9"": 63.8478109528, ""w_10"": 64.02428803420001, ""w_11"": 64.2386941775, ""w_12"": 63.95084631153, ""w_13"": 64.157154433, ""w_14"": 64.23120904199999, ""w_15"": 63.78417181100001, ""w_16"": 64.07032028520999, ""w_17"": 63.46846538336, ""w_18"": 63.01581188218, ""w_19"": 62.97891999462001, ""w_20"": 62.91298116821999}"
838,AU3SG0001985,2021-08-25,0,counterfactual,"{""w_0"": 63.583176, ""w_1"": 64.119316, ""w_2"": 63.015873, ""w_3"": 63.675293, ""w_4"": 63.517078, ""w_5"": 63.940254, ""w_6"": 64.093941, ""w_7"": 63.843739, ""w_8"": 64.333908, ""w_9"": 64.201508, ""w_10"": 63.629051, ""w_11"": 63.805557, ""w_12"": 63.979561, ""w_13"": 64.051414, ""w_14"": 64.192726, ""w_15"": 64.081528, ""w_16"": 64.087555, ""w_17"": 63.814468, ""w_18"": 63.472801, ""w_19"": 64.00148, ""w_20"": 64.223961}"
839,AU3SG0001985,2021-08-26,0,factual,"{""w_0"": 64.0875514004, ""w_1"": 63.81446804376, ""w_2"": 63.47280269778, ""w_3"": 64.00147830958, ""w_4"": 64.22395959880001, ""w_5"": 64.17544610402, ""w_6"": 63.873845982960006, ""w_7"": 63.8987057052, ""w_8"": 63.8478109528, ""w_9"": 64.02428803420001, ""w_10"": 64.2386941775, ""w_11"": 63.95084631153, ""w_12"": 64.157154433, ""w_13"": 64.23120904199999, ""w_14"": 63.78417181100001, ""w_15"": 64.07032028520999, ""w_16"": 63.46846538336, ""w_17"": 63.01581188218, ""w_18"": 62.97891999462001, ""w_19"": 62.91298116821999, ""w_20"": 62.910031114953}"
839,AU3SG0001985,2021-08-26,0,counterfactual,"{""w_0"": 64.119316, ""w_1"": 63.015873, ""w_2"": 63.675293, ""w_3"": 63.517078, ""w_4"": 63.940254, ""w_5"": 64.093941, ""w_6"": 63.843739, ""w_7"": 64.333908, ""w_8"": 64.201508, ""w_9"": 63.629051, ""w_10"": 63.805557, ""w_11"": 63.979561, ""w_12"": 64.051414, ""w_13"": 64.192726, ""w_14"": 64.081528, ""w_15"": 64.087555, ""w_16"": 63.814468, ""w_17"": 63.472801, ""w_18"": 64.00148, ""w_19"": 64.223961, ""w_20"": 64.175446}"
840,AU3SG0001985,2021-08-27,0,factual,"{""w_0"": 63.81446804376, ""w_1"": 63.47280269778, ""w_2"": 64.00147830958, ""w_3"": 64.22395959880001, ""w_4"": 64.17544610402, ""w_5"": 63.873845982960006, ""w_6"": 63.8987057052, ""w_7"": 63.8478109528, ""w_8"": 64.02428803420001, ""w_9"": 64.2386941775, ""w_10"": 63.95084631153, ""w_11"": 64.157154433, ""w_12"": 64.23120904199999, ""w_13"": 63.78417181100001, ""w_14"": 64.07032028520999, ""w_15"": 63.46846538336, ""w_16"": 63.01581188218, ""w_17"": 62.97891999462001, ""w_18"": 62.91298116821999, ""w_19"": 62.910031114953, ""w_20"": 62.7353367624}"
840,AU3SG0001985,2021-08-27,0,counterfactual,"{""w_0"": 63.553345, ""w_1"": 63.583176, ""w_2"": 64.119316, ""w_3"": 63.015873, ""w_4"": 63.675293, ""w_5"": 63.517078, ""w_6"": 63.940254, ""w_7"": 64.093941, ""w_8"": 63.843739, ""w_9"": 64.333908, ""w_10"": 64.201508, ""w_11"": 63.629051, ""w_12"": 63.805557, ""w_13"": 63.979561, ""w_14"": 64.051414, ""w_15"": 64.192726, ""w_16"": 64.081528, ""w_17"": 64.087555, ""w_18"": 63.814468, ""w_19"": 63.472801, ""w_20"": 64.00148}"
849,AU3SG0001985,2021-09-09,0,factual,"{""w_0"": 64.2386941775, ""w_1"": 63.95084631153, ""w_2"": 64.157154433, ""w_3"": 64.23120904199999, ""w_4"": 63.78417181100001, ""w_5"": 64.07032028520999, ""w_6"": 63.46846538336, ""w_7"": 63.01581188218, ""w_8"": 62.97891999462001, ""w_9"": 62.91298116821999, ""w_10"": 62.910031114953, ""w_11"": 62.7353367624, ""w_12"": 63.4458826926, ""w_13"": 62.90277737688, ""w_14"": 62.79143051532, ""w_15"": 63.18851702142, ""w_16"": 62.81003199222, ""w_17"": 63.1603815287, ""w_18"": 62.9009187461, ""w_19"": 62.77309037808, ""w_20"": 62.9077575087}"
849,AU3SG0001985,2021-09-09,0,counterfactual,"{""w_0"": 63.847813, ""w_1"": 64.024284, ""w_2"": 64.238693, ""w_3"": 63.950848, ""w_4"": 64.157158, ""w_5"": 64.231209, ""w_6"": 63.784172, ""w_7"": 64.07032, ""w_8"": 63.468464, ""w_9"": 63.015812, ""w_10"": 62.97892, ""w_11"": 62.912983, ""w_12"": 62.91003, ""w_13"": 62.735336, ""w_14"": 63.445881, ""w_15"": 62.902779, ""w_16"": 62.791431, ""w_17"": 63.188519, ""w_18"": 62.810032, ""w_19"": 63.160381, ""w_20"": 62.900917}"
852,AU3SG0001985,2021-09-14,0,factual,"{""w_0"": 64.23120904199999, ""w_1"": 63.78417181100001, ""w_2"": 64.07032028520999, ""w_3"": 63.46846538336, ""w_4"": 63.01581188218, ""w_5"": 62.97891999462001, ""w_6"": 62.91298116821999, ""w_7"": 62.910031114953, ""w_8"": 62.7353367624, ""w_9"": 63.4458826926, ""w_10"": 62.90277737688, ""w_11"": 62.79143051532, ""w_12"": 63.18851702142, ""w_13"": 62.81003199222, ""w_14"": 63.1603815287, ""w_15"": 62.9009187461, ""w_16"": 62.77309037808, ""w_17"": 62.9077575087, ""w_18"": 63.03728488584, ""w_19"": 62.92937952, ""w_20"": 63.497240000000005}"
852,AU3SG0001985,2021-09-14,0,counterfactual,"{""w_0"": 63.950848, ""w_1"": 64.157158, ""w_2"": 64.231209, ""w_3"": 63.784172, ""w_4"": 64.07032, ""w_5"": 63.468464, ""w_6"": 63.015812, ""w_7"": 62.97892, ""w_8"": 62.912983, ""w_9"": 62.91003, ""w_10"": 62.735336, ""w_11"": 63.445881, ""w_12"": 62.902779, ""w_13"": 62.791431, ""w_14"": 63.188519, ""w_15"": 62.810032, ""w_16"": 63.160381, ""w_17"": 62.900917, ""w_18"": 62.77309, ""w_19"": 62.907757, ""w_20"": 63.037285}"
855,AU3SG0001985,2021-09-17,0,factual,"{""w_0"": 63.46846538336, ""w_1"": 63.01581188218, ""w_2"": 62.97891999462001, ""w_3"": 62.91298116821999, ""w_4"": 62.910031114953, ""w_5"": 62.7353367624, ""w_6"": 63.4458826926, ""w_7"": 62.90277737688, ""w_8"": 62.79143051532, ""w_9"": 63.18851702142, ""w_10"": 62.81003199222, ""w_11"": 63.1603815287, ""w_12"": 62.9009187461, ""w_13"": 62.77309037808, ""w_14"": 62.9077575087, ""w_15"": 63.03728488584, ""w_16"": 62.92937952, ""w_17"": 63.497240000000005, ""w_18"": 62.663019600000005, ""w_19"": 62.507118690000006, ""w_20"": 62.360411}"
855,AU3SG0001985,2021-09-17,0,counterfactual,"{""w_0"": 64.07032, ""w_1"": 63.468464, ""w_2"": 63.015812, ""w_3"": 62.97892, ""w_4"": 62.912983, ""w_5"": 62.91003, ""w_6"": 62.735336, ""w_7"": 63.445881, ""w_8"": 62.902779, ""w_9"": 62.791431, ""w_10"": 63.188519, ""w_11"": 62.810032, ""w_12"": 63.160381, ""w_13"": 62.900917, ""w_14"": 62.77309, ""w_15"": 62.907757, ""w_16"": 63.037285, ""w_17"": 62.929379, ""w_18"": 63.497238, ""w_19"": 62.663021, ""w_20"": 62.507118}"
856,AU3SG0001985,2021-09-20,0,factual,"{""w_0"": 63.01581188218, ""w_1"": 62.97891999462001, ""w_2"": 62.91298116821999, ""w_3"": 62.910031114953, ""w_4"": 62.7353367624, ""w_5"": 63.4458826926, ""w_6"": 62.90277737688, ""w_7"": 62.79143051532, ""w_8"": 63.18851702142, ""w_9"": 62.81003199222, ""w_10"": 63.1603815287, ""w_11"": 62.9009187461, ""w_12"": 62.77309037808, ""w_13"": 62.9077575087, ""w_14"": 63.03728488584, ""w_15"": 62.92937952, ""w_16"": 63.497240000000005, ""w_17"": 62.663019600000005, ""w_18"": 62.507118690000006, ""w_19"": 62.360411, ""w_20"": 62.91767286000001}"
856,AU3SG0001985,2021-09-20,0,counterfactual,"{""w_0"": 64.07032, ""w_1"": 63.468464, ""w_2"": 63.015812, ""w_3"": 62.97892, ""w_4"": 62.912983, ""w_5"": 62.91003, ""w_6"": 62.735336, ""w_7"": 63.445881, ""w_8"": 62.902779, ""w_9"": 62.791431, ""w_10"": 63.188519, ""w_11"": 62.810032, ""w_12"": 63.160381, ""w_13"": 62.900917, ""w_14"": 62.77309, ""w_15"": 62.907757, ""w_16"": 63.037285, ""w_17"": 62.929379, ""w_18"": 63.497238, ""w_19"": 62.663021, ""w_20"": 62.507118}"
857,AU3SG0001985,2021-09-21,0,factual,"{""w_0"": 62.97891999462001, ""w_1"": 62.91298116821999, ""w_2"": 62.910031114953, ""w_3"": 62.7353367624, ""w_4"": 63.4458826926, ""w_5"": 62.90277737688, ""w_6"": 62.79143051532, ""w_7"": 63.18851702142, ""w_8"": 62.81003199222, ""w_9"": 63.1603815287, ""w_10"": 62.9009187461, ""w_11"": 62.77309037808, ""w_12"": 62.9077575087, ""w_13"": 63.03728488584, ""w_14"": 62.92937952, ""w_15"": 63.497240000000005, ""w_16"": 62.663019600000005, ""w_17"": 62.507118690000006, ""w_18"": 62.360411, ""w_19"": 62.91767286000001, ""w_20"": 62.48658345999999}"
857,AU3SG0001985,2021-09-21,0,counterfactual,"{""w_0"": 63.468464, ""w_1"": 63.015812, ""w_2"": 62.97892, ""w_3"": 62.912983, ""w_4"": 62.91003, ""w_5"": 62.735336, ""w_6"": 63.445881, ""w_7"": 62.902779, ""w_8"": 62.791431, ""w_9"": 63.188519, ""w_10"": 62.810032, ""w_11"": 63.160381, ""w_12"": 62.900917, ""w_13"": 62.77309, ""w_14"": 62.907757, ""w_15"": 63.037285, ""w_16"": 62.929379, ""w_17"": 63.497238, ""w_18"": 62.663021, ""w_19"": 62.507118, ""w_20"": 62.360413}"
858,AU3SG0001985,2021-09-22,0,factual,"{""w_0"": 62.91298116821999, ""w_1"": 62.910031114953, ""w_2"": 62.7353367624, ""w_3"": 63.4458826926, ""w_4"": 62.90277737688, ""w_5"": 62.79143051532, ""w_6"": 63.18851702142, ""w_7"": 62.81003199222, ""w_8"": 63.1603815287, ""w_9"": 62.9009187461, ""w_10"": 62.77309037808, ""w_11"": 62.9077575087, ""w_12"": 63.03728488584, ""w_13"": 62.92937952, ""w_14"": 63.497240000000005, ""w_15"": 62.663019600000005, ""w_16"": 62.507118690000006, ""w_17"": 62.360411, ""w_18"": 62.91767286000001, ""w_19"": 62.48658345999999, ""w_20"": 62.52979799999999}"
858,AU3SG0001985,2021-09-22,0,counterfactual,"{""w_0"": 64.07032, ""w_1"": 63.468464, ""w_2"": 63.015812, ""w_3"": 62.97892, ""w_4"": 62.912983, ""w_5"": 62.91003, ""w_6"": 62.735336, ""w_7"": 63.445881, ""w_8"": 62.902779, ""w_9"": 62.791431, ""w_10"": 63.188519, ""w_11"": 62.810032, ""w_12"": 63.160381, ""w_13"": 62.900917, ""w_14"": 62.77309, ""w_15"": 62.907757, ""w_16"": 63.037285, ""w_17"": 62.929379, ""w_18"": 63.497238, ""w_19"": 62.663021, ""w_20"": 62.507118}"
862,AU3SG0001985,2021-09-28,0,factual,"{""w_0"": 62.90277737688, ""w_1"": 62.79143051532, ""w_2"": 63.18851702142, ""w_3"": 62.81003199222, ""w_4"": 63.1603815287, ""w_5"": 62.9009187461, ""w_6"": 62.77309037808, ""w_7"": 62.9077575087, ""w_8"": 63.03728488584, ""w_9"": 62.92937952, ""w_10"": 63.497240000000005, ""w_11"": 62.663019600000005, ""w_12"": 62.507118690000006, ""w_13"": 62.360411, ""w_14"": 62.91767286000001, ""w_15"": 62.48658345999999, ""w_16"": 62.52979799999999, ""w_17"": 61.5346646, ""w_18"": 61.76467, ""w_19"": 61.3570074, ""w_20"": 61.3517325}"
862,AU3SG0001985,2021-09-28,0,counterfactual,"{""w_0"": 63.445881, ""w_1"": 62.902779, ""w_2"": 62.791431, ""w_3"": 63.188519, ""w_4"": 62.810032, ""w_5"": 63.160381, ""w_6"": 62.900917, ""w_7"": 62.77309, ""w_8"": 62.907757, ""w_9"": 63.037285, ""w_10"": 62.929379, ""w_11"": 63.497238, ""w_12"": 62.663021, ""w_13"": 62.507118, ""w_14"": 62.360413, ""w_15"": 62.917671, ""w_16"": 62.486584, ""w_17"": 62.529797, ""w_18"": 61.534664, ""w_19"": 61.764671, ""w_20"": 61.357006}"
865,AU3SG0001985,2021-10-01,0,factual,"{""w_0"": 62.81003199222, ""w_1"": 63.1603815287, ""w_2"": 62.9009187461, ""w_3"": 62.77309037808, ""w_4"": 62.9077575087, ""w_5"": 63.03728488584, ""w_6"": 62.92937952, ""w_7"": 63.497240000000005, ""w_8"": 62.663019600000005, ""w_9"": 62.507118690000006, ""w_10"": 62.360411, ""w_11"": 62.91767286000001, ""w_12"": 62.48658345999999, ""w_13"": 62.52979799999999, ""w_14"": 61.5346646, ""w_15"": 61.76467, ""w_16"": 61.3570074, ""w_17"": 61.3517325, ""w_18"": 61.25114800000001, ""w_19"": 61.039050800000005, ""w_20"": 61.58855169}"
865,AU3SG0001985,2021-10-01,0,counterfactual,"{""w_0"": 63.188519, ""w_1"": 62.810032, ""w_2"": 63.160381, ""w_3"": 62.900917, ""w_4"": 62.77309, ""w_5"": 62.907757, ""w_6"": 63.037285, ""w_7"": 62.929379, ""w_8"": 63.497238, ""w_9"": 62.663021, ""w_10"": 62.507118, ""w_11"": 62.360413, ""w_12"": 62.917671, ""w_13"": 62.486584, ""w_14"": 62.529797, ""w_15"": 61.534664, ""w_16"": 61.764671, ""w_17"": 61.357006, ""w_18"": 61.351734, ""w_19"": 61.251148, ""w_20"": 61.039051}"
866,AU3SG0001985,2021-10-04,0,factual,"{""w_0"": 63.1603815287, ""w_1"": 62.9009187461, ""w_2"": 62.77309037808, ""w_3"": 62.9077575087, ""w_4"": 63.03728488584, ""w_5"": 62.92937952, ""w_6"": 63.497240000000005, ""w_7"": 62.663019600000005, ""w_8"": 62.507118690000006, ""w_9"": 62.360411, ""w_10"": 62.91767286000001, ""w_11"": 62.48658345999999, ""w_12"": 62.52979799999999, ""w_13"": 61.5346646, ""w_14"": 61.76467, ""w_15"": 61.3570074, ""w_16"": 61.3517325, ""w_17"": 61.25114800000001, ""w_18"": 61.039050800000005, ""w_19"": 61.58855169, ""w_20"": 61.879715954}"
866,AU3SG0001985,2021-10-04,0,counterfactual,"{""w_0"": 62.810032, ""w_1"": 63.160381, ""w_2"": 62.900917, ""w_3"": 62.77309, ""w_4"": 62.907757, ""w_5"": 63.037285, ""w_6"": 62.929379, ""w_7"": 63.497238, ""w_8"": 62.663021, ""w_9"": 62.507118, ""w_10"": 62.360413, ""w_11"": 62.917671, ""w_12"": 62.486584, ""w_13"": 62.529797, ""w_14"": 61.534664, ""w_15"": 61.764671, ""w_16"": 61.357006, ""w_17"": 61.351734, ""w_18"": 61.251148, ""w_19"": 61.039051, ""w_20"": 61.588551}"
867,AU3SG0001985,2021-10-05,0,factual,"{""w_0"": 62.9009187461, ""w_1"": 62.77309037808, ""w_2"": 62.9077575087, ""w_3"": 63.03728488584, ""w_4"": 62.92937952, ""w_5"": 63.497240000000005, ""w_6"": 62.663019600000005, ""w_7"": 62.507118690000006, ""w_8"": 62.360411, ""w_9"": 62.91767286000001, ""w_10"": 62.48658345999999, ""w_11"": 62.52979799999999, ""w_12"": 61.5346646, ""w_13"": 61.76467, ""w_14"": 61.3570074, ""w_15"": 61.3517325, ""w_16"": 61.25114800000001, ""w_17"": 61.039050800000005, ""w_18"": 61.58855169, ""w_19"": 61.879715954, ""w_20"": 61.33860722000001}"
867,AU3SG0001985,2021-10-05,0,counterfactual,"{""w_0"": 63.160381, ""w_1"": 62.900917, ""w_2"": 62.77309, ""w_3"": 62.907757, ""w_4"": 63.037285, ""w_5"": 62.929379, ""w_6"": 63.497238, ""w_7"": 62.663021, ""w_8"": 62.507118, ""w_9"": 62.360413, ""w_10"": 62.917671, ""w_11"": 62.486584, ""w_12"": 62.529797, ""w_13"": 61.534664, ""w_14"": 61.764671, ""w_15"": 61.357006, ""w_16"": 61.351734, ""w_17"": 61.251148, ""w_18"": 61.039051, ""w_19"": 61.588551, ""w_20"": 61.879715}"
868,AU3SG0001985,2021-10-06,0,factual,"{""w_0"": 62.77309037808, ""w_1"": 62.9077575087, ""w_2"": 63.03728488584, ""w_3"": 62.92937952, ""w_4"": 63.497240000000005, ""w_5"": 62.663019600000005, ""w_6"": 62.507118690000006, ""w_7"": 62.360411, ""w_8"": 62.91767286000001, ""w_9"": 62.48658345999999, ""w_10"": 62.52979799999999, ""w_11"": 61.5346646, ""w_12"": 61.76467, ""w_13"": 61.3570074, ""w_14"": 61.3517325, ""w_15"": 61.25114800000001, ""w_16"": 61.039050800000005, ""w_17"": 61.58855169, ""w_18"": 61.879715954, ""w_19"": 61.33860722000001, ""w_20"": 61.4402004}"
868,AU3SG0001985,2021-10-06,0,counterfactual,"{""w_0"": 62.900917, ""w_1"": 62.77309, ""w_2"": 62.907757, ""w_3"": 63.037285, ""w_4"": 62.929379, ""w_5"": 63.497238, ""w_6"": 62.663021, ""w_7"": 62.507118, ""w_8"": 62.360413, ""w_9"": 62.917671, ""w_10"": 62.486584, ""w_11"": 62.529797, ""w_12"": 61.534664, ""w_13"": 61.764671, ""w_14"": 61.357006, ""w_15"": 61.351734, ""w_16"": 61.251148, ""w_17"": 61.039051, ""w_18"": 61.588551, ""w_19"": 61.879715, ""w_20"": 61.338608}"
869,AU3SG0001985,2021-10-07,0,factual,"{""w_0"": 62.9077575087, ""w_1"": 63.03728488584, ""w_2"": 62.92937952, ""w_3"": 63.497240000000005, ""w_4"": 62.663019600000005, ""w_5"": 62.507118690000006, ""w_6"": 62.360411, ""w_7"": 62.91767286000001, ""w_8"": 62.48658345999999, ""w_9"": 62.52979799999999, ""w_10"": 61.5346646, ""w_11"": 61.76467, ""w_12"": 61.3570074, ""w_13"": 61.3517325, ""w_14"": 61.25114800000001, ""w_15"": 61.039050800000005, ""w_16"": 61.58855169, ""w_17"": 61.879715954, ""w_18"": 61.33860722000001, ""w_19"": 61.4402004, ""w_20"": 61.244694210000006}"
869,AU3SG0001985,2021-10-07,0,counterfactual,"{""w_0"": 62.900917, ""w_1"": 62.77309, ""w_2"": 62.907757, ""w_3"": 63.037285, ""w_4"": 62.929379, ""w_5"": 63.497238, ""w_6"": 62.663021, ""w_7"": 62.507118, ""w_8"": 62.360413, ""w_9"": 62.917671, ""w_10"": 62.486584, ""w_11"": 62.529797, ""w_12"": 61.534664, ""w_13"": 61.764671, ""w_14"": 61.357006, ""w_15"": 61.351734, ""w_16"": 61.251148, ""w_17"": 61.039051, ""w_18"": 61.588551, ""w_19"": 61.879715, ""w_20"": 61.338608}"
870,AU3SG0001985,2021-10-08,0,factual,"{""w_0"": 63.03728488584, ""w_1"": 62.92937952, ""w_2"": 63.497240000000005, ""w_3"": 62.663019600000005, ""w_4"": 62.507118690000006, ""w_5"": 62.360411, ""w_6"": 62.91767286000001, ""w_7"": 62.48658345999999, ""w_8"": 62.52979799999999, ""w_9"": 61.5346646, ""w_10"": 61.76467, ""w_11"": 61.3570074, ""w_12"": 61.3517325, ""w_13"": 61.25114800000001, ""w_14"": 61.039050800000005, ""w_15"": 61.58855169, ""w_16"": 61.879715954, ""w_17"": 61.33860722000001, ""w_18"": 61.4402004, ""w_19"": 61.244694210000006, ""w_20"": 61.35832387215}"
870,AU3SG0001985,2021-10-08,0,counterfactual,"{""w_0"": 62.900917, ""w_1"": 62.77309, ""w_2"": 62.907757, ""w_3"": 63.037285, ""w_4"": 62.929379, ""w_5"": 63.497238, ""w_6"": 62.663021, ""w_7"": 62.507118, ""w_8"": 62.360413, ""w_9"": 62.917671, ""w_10"": 62.486584, ""w_11"": 62.529797, ""w_12"": 61.534664, ""w_13"": 61.764671, ""w_14"": 61.357006, ""w_15"": 61.351734, ""w_16"": 61.251148, ""w_17"": 61.039051, ""w_18"": 61.588551, ""w_19"": 61.879715, ""w_20"": 61.338608}"
871,AU3SG0001985,2021-10-11,0,factual,"{""w_0"": 62.92937952, ""w_1"": 63.497240000000005, ""w_2"": 62.663019600000005, ""w_3"": 62.507118690000006, ""w_4"": 62.360411, ""w_5"": 62.91767286000001, ""w_6"": 62.48658345999999, ""w_7"": 62.52979799999999, ""w_8"": 61.5346646, ""w_9"": 61.76467, ""w_10"": 61.3570074, ""w_11"": 61.3517325, ""w_12"": 61.25114800000001, ""w_13"": 61.039050800000005, ""w_14"": 61.58855169, ""w_15"": 61.879715954, ""w_16"": 61.33860722000001, ""w_17"": 61.4402004, ""w_18"": 61.244694210000006, ""w_19"": 61.35832387215, ""w_20"": 60.813777969}"
871,AU3SG0001985,2021-10-11,0,counterfactual,"{""w_0"": 62.900917, ""w_1"": 62.77309, ""w_2"": 62.907757, ""w_3"": 63.037285, ""w_4"": 62.929379, ""w_5"": 63.497238, ""w_6"": 62.663021, ""w_7"": 62.507118, ""w_8"": 62.360413, ""w_9"": 62.917671, ""w_10"": 62.486584, ""w_11"": 62.529797, ""w_12"": 61.534664, ""w_13"": 61.764671, ""w_14"": 61.357006, ""w_15"": 61.351734, ""w_16"": 61.251148, ""w_17"": 61.039051, ""w_18"": 61.588551, ""w_19"": 61.879715, ""w_20"": 61.338608}"
873,AU3SG0001985,2021-10-13,0,factual,"{""w_0"": 62.663019600000005, ""w_1"": 62.507118690000006, ""w_2"": 62.360411, ""w_3"": 62.91767286000001, ""w_4"": 62.48658345999999, ""w_5"": 62.52979799999999, ""w_6"": 61.5346646, ""w_7"": 61.76467, ""w_8"": 61.3570074, ""w_9"": 61.3517325, ""w_10"": 61.25114800000001, ""w_11"": 61.039050800000005, ""w_12"": 61.58855169, ""w_13"": 61.879715954, ""w_14"": 61.33860722000001, ""w_15"": 61.4402004, ""w_16"": 61.244694210000006, ""w_17"": 61.35832387215, ""w_18"": 60.813777969, ""w_19"": 61.75844494, ""w_20"": 62.126433600000006}"
873,AU3SG0001985,2021-10-13,0,counterfactual,"{""w_0"": 62.929379, ""w_1"": 63.497238, ""w_2"": 62.663021, ""w_3"": 62.507118, ""w_4"": 62.360413, ""w_5"": 62.917671, ""w_6"": 62.486584, ""w_7"": 62.529797, ""w_8"": 61.534664, ""w_9"": 61.764671, ""w_10"": 61.357006, ""w_11"": 61.351734, ""w_12"": 61.251148, ""w_13"": 61.039051, ""w_14"": 61.588551, ""w_15"": 61.879715, ""w_16"": 61.338608, ""w_17"": 61.440201, ""w_18"": 61.244694, ""w_19"": 61.358322, ""w_20"": 60.813778}"
874,AU3SG0001985,2021-10-14,0,factual,"{""w_0"": 62.507118690000006, ""w_1"": 62.360411, ""w_2"": 62.91767286000001, ""w_3"": 62.48658345999999, ""w_4"": 62.52979799999999, ""w_5"": 61.5346646, ""w_6"": 61.76467, ""w_7"": 61.3570074, ""w_8"": 61.3517325, ""w_9"": 61.25114800000001, ""w_10"": 61.039050800000005, ""w_11"": 61.58855169, ""w_12"": 61.879715954, ""w_13"": 61.33860722000001, ""w_14"": 61.4402004, ""w_15"": 61.244694210000006, ""w_16"": 61.35832387215, ""w_17"": 60.813777969, ""w_18"": 61.75844494, ""w_19"": 62.126433600000006, ""w_20"": 62.15057856000001}"
874,AU3SG0001985,2021-10-14,0,counterfactual,"{""w_0"": 63.497238, ""w_1"": 62.663021, ""w_2"": 62.507118, ""w_3"": 62.360413, ""w_4"": 62.917671, ""w_5"": 62.486584, ""w_6"": 62.529797, ""w_7"": 61.534664, ""w_8"": 61.764671, ""w_9"": 61.357006, ""w_10"": 61.351734, ""w_11"": 61.251148, ""w_12"": 61.039051, ""w_13"": 61.588551, ""w_14"": 61.879715, ""w_15"": 61.338608, ""w_16"": 61.440201, ""w_17"": 61.244694, ""w_18"": 61.358322, ""w_19"": 60.813778, ""w_20"": 61.758446}"
878,AU3SG0001985,2021-10-20,0,factual,"{""w_0"": 62.52979799999999, ""w_1"": 61.5346646, ""w_2"": 61.76467, ""w_3"": 61.3570074, ""w_4"": 61.3517325, ""w_5"": 61.25114800000001, ""w_6"": 61.039050800000005, ""w_7"": 61.58855169, ""w_8"": 61.879715954, ""w_9"": 61.33860722000001, ""w_10"": 61.4402004, ""w_11"": 61.244694210000006, ""w_12"": 61.35832387215, ""w_13"": 60.813777969, ""w_14"": 61.75844494, ""w_15"": 62.126433600000006, ""w_16"": 62.15057856000001, ""w_17"": 62.33925359999999, ""w_18"": 62.07984558, ""w_19"": 61.709143972140005, ""w_20"": 61.5078728}"
878,AU3SG0001985,2021-10-20,0,counterfactual,"{""w_0"": 62.360413, ""w_1"": 62.917671, ""w_2"": 62.486584, ""w_3"": 62.529797, ""w_4"": 61.534664, ""w_5"": 61.764671, ""w_6"": 61.357006, ""w_7"": 61.351734, ""w_8"": 61.251148, ""w_9"": 61.039051, ""w_10"": 61.588551, ""w_11"": 61.879715, ""w_12"": 61.338608, ""w_13"": 61.440201, ""w_14"": 61.244694, ""w_15"": 61.358322, ""w_16"": 60.813778, ""w_17"": 61.758446, ""w_18"": 62.126434, ""w_19"": 62.150578, ""w_20"": 62.339252}"
