query_index,col_item,col_timestamp,cf_index,row_type,window_line
0,100974271034,2020-03-02,0,factual,"{""w_0"": 3.55, ""w_1"": 3.685, ""w_2"": 3.7, ""w_3"": 3.735, ""w_4"": 3.63, ""w_5"": 3.645, ""w_6"": 3.685, ""w_7"": 3.68, ""w_8"": 3.635, ""w_9"": 3.68, ""w_10"": 3.7, ""w_11"": 3.63, ""w_12"": 3.61, ""w_13"": 3.585, ""w_14"": 3.48, ""w_15"": 3.04, ""w_16"": 3.13, ""w_17"": 3.055, ""w_18"": 2.89, ""w_19"": 2.63, ""w_20"": 2.9308000000000005}"
0,100974271034,2020-03-02,0,counterfactual,"{""w_0"": 3.7, ""w_1"": 3.7, ""w_2"": 3.7, ""w_3"": 3.9, ""w_4"": 3.6, ""w_5"": 3.8, ""w_6"": 3.8, ""w_7"": 3.7, ""w_8"": 3.5, ""w_9"": 3.4, ""w_10"": 3.7, ""w_11"": 3.5, ""w_12"": 3.9, ""w_13"": 3.8, ""w_14"": 3.5, ""w_15"": 3.4, ""w_16"": 3.5, ""w_17"": 3.9, ""w_18"": 3.6, ""w_19"": 2.9, ""w_20"": 2.9}"
1,100974271034,2020-03-03,0,factual,"{""w_0"": 3.685, ""w_1"": 3.7, ""w_2"": 3.735, ""w_3"": 3.63, ""w_4"": 3.645, ""w_5"": 3.685, ""w_6"": 3.68, ""w_7"": 3.635, ""w_8"": 3.68, ""w_9"": 3.7, ""w_10"": 3.63, ""w_11"": 3.61, ""w_12"": 3.585, ""w_13"": 3.48, ""w_14"": 3.04, ""w_15"": 3.13, ""w_16"": 3.055, ""w_17"": 2.89, ""w_18"": 2.63, ""w_19"": 2.9308000000000005, ""w_20"": 2.835}"
1,100974271034,2020-03-03,0,counterfactual,"{""w_0"": 3.5, ""w_1"": 3.7, ""w_2"": 3.7, ""w_3"": 3.7, ""w_4"": 3.6, ""w_5"": 3.6, ""w_6"": 3.7, ""w_7"": 3.7, ""w_8"": 3.6, ""w_9"": 3.7, ""w_10"": 3.7, ""w_11"": 3.6, ""w_12"": 3.6, ""w_13"": 3.6, ""w_14"": 3.5, ""w_15"": 3.0, ""w_16"": 3.1, ""w_17"": 3.1, ""w_18"": 2.9, ""w_19"": 2.6, ""w_20"": 2.9}"
2,100974271034,2020-03-04,0,factual,"{""w_0"": 3.7, ""w_1"": 3.735, ""w_2"": 3.63, ""w_3"": 3.645, ""w_4"": 3.685, ""w_5"": 3.68, ""w_6"": 3.635, ""w_7"": 3.68, ""w_8"": 3.7, ""w_9"": 3.63, ""w_10"": 3.61, ""w_11"": 3.585, ""w_12"": 3.48, ""w_13"": 3.04, ""w_14"": 3.13, ""w_15"": 3.055, ""w_16"": 2.89, ""w_17"": 2.63, ""w_18"": 2.9308000000000005, ""w_19"": 2.835, ""w_20"": 2.835}"
2,100974271034,2020-03-04,0,counterfactual,"{""w_0"": 3.5, ""w_1"": 3.7, ""w_2"": 3.7, ""w_3"": 3.7, ""w_4"": 3.6, ""w_5"": 3.6, ""w_6"": 3.7, ""w_7"": 3.7, ""w_8"": 3.6, ""w_9"": 3.7, ""w_10"": 3.7, ""w_11"": 3.6, ""w_12"": 3.6, ""w_13"": 3.6, ""w_14"": 3.5, ""w_15"": 3.0, ""w_16"": 3.1, ""w_17"": 3.1, ""w_18"": 2.9, ""w_19"": 2.6, ""w_20"": 2.9}"
3,100974271034,2020-03-05,0,factual,"{""w_0"": 3.735, ""w_1"": 3.63, ""w_2"": 3.645, ""w_3"": 3.685, ""w_4"": 3.68, ""w_5"": 3.635, ""w_6"": 3.68, ""w_7"": 3.7, ""w_8"": 3.63, ""w_9"": 3.61, ""w_10"": 3.585, ""w_11"": 3.48, ""w_12"": 3.04, ""w_13"": 3.13, ""w_14"": 3.055, ""w_15"": 2.89, ""w_16"": 2.63, ""w_17"": 2.9308000000000005, ""w_18"": 2.835, ""w_19"": 2.835, ""w_20"": 2.58}"
3,100974271034,2020-03-05,0,counterfactual,"{""w_0"": 3.5, ""w_1"": 3.8, ""w_2"": 3.5, ""w_3"": 3.4, ""w_4"": 3.4, ""w_5"": 3.4, ""w_6"": 3.6, ""w_7"": 3.8, ""w_8"": 3.4, ""w_9"": 3.9, ""w_10"": 3.4, ""w_11"": 3.4, ""w_12"": 3.4, ""w_13"": 3.5, ""w_14"": 3.0, ""w_15"": 3.0, ""w_16"": 2.9, ""w_17"": 2.7, ""w_18"": 2.6, ""w_19"": 2.6, ""w_20"": 2.6}"
4,100974271034,2020-03-06,0,factual,"{""w_0"": 3.63, ""w_1"": 3.645, ""w_2"": 3.685, ""w_3"": 3.68, ""w_4"": 3.635, ""w_5"": 3.68, ""w_6"": 3.7, ""w_7"": 3.63, ""w_8"": 3.61, ""w_9"": 3.585, ""w_10"": 3.48, ""w_11"": 3.04, ""w_12"": 3.13, ""w_13"": 3.055, ""w_14"": 2.89, ""w_15"": 2.63, ""w_16"": 2.9308000000000005, ""w_17"": 2.835, ""w_18"": 2.835, ""w_19"": 2.58, ""w_20"": 2.54}"
4,100974271034,2020-03-06,0,counterfactual,"{""w_0"": 3.4, ""w_1"": 3.4, ""w_2"": 3.4, ""w_3"": 3.6, ""w_4"": 3.6, ""w_5"": 3.8, ""w_6"": 3.4, ""w_7"": 3.8, ""w_8"": 3.6, ""w_9"": 3.8, ""w_10"": 3.4, ""w_11"": 3.4, ""w_12"": 3.0, ""w_13"": 3.0, ""w_14"": 3.0, ""w_15"": 2.9, ""w_16"": 2.6, ""w_17"": 2.6, ""w_18"": 2.6, ""w_19"": 2.6, ""w_20"": 2.6}"
5,100974271034,2020-03-09,0,factual,"{""w_0"": 3.645, ""w_1"": 3.685, ""w_2"": 3.68, ""w_3"": 3.635, ""w_4"": 3.68, ""w_5"": 3.7, ""w_6"": 3.63, ""w_7"": 3.61, ""w_8"": 3.585, ""w_9"": 3.48, ""w_10"": 3.04, ""w_11"": 3.13, ""w_12"": 3.055, ""w_13"": 2.89, ""w_14"": 2.63, ""w_15"": 2.9308000000000005, ""w_16"": 2.835, ""w_17"": 2.835, ""w_18"": 2.58, ""w_19"": 2.54, ""w_20"": 2.04}"
5,100974271034,2020-03-09,0,counterfactual,"{""w_0"": 3.4, ""w_1"": 3.4, ""w_2"": 3.4, ""w_3"": 3.6, ""w_4"": 3.6, ""w_5"": 3.4, ""w_6"": 3.6, ""w_7"": 3.4, ""w_8"": 3.4, ""w_9"": 3.6, ""w_10"": 3.4, ""w_11"": 3.0, ""w_12"": 3.0, ""w_13"": 3.0, ""w_14"": 2.9, ""w_15"": 3.0, ""w_16"": 2.6, ""w_17"": 2.6, ""w_18"": 2.6, ""w_19"": 2.9, ""w_20"": 2.5}"
6,100974271034,2020-03-10,0,factual,"{""w_0"": 3.685, ""w_1"": 3.68, ""w_2"": 3.635, ""w_3"": 3.68, ""w_4"": 3.7, ""w_5"": 3.63, ""w_6"": 3.61, ""w_7"": 3.585, ""w_8"": 3.48, ""w_9"": 3.04, ""w_10"": 3.13, ""w_11"": 3.055, ""w_12"": 2.89, ""w_13"": 2.63, ""w_14"": 2.9308000000000005, ""w_15"": 2.835, ""w_16"": 2.835, ""w_17"": 2.58, ""w_18"": 2.54, ""w_19"": 2.04, ""w_20"": 2.245}"
6,100974271034,2020-03-10,0,counterfactual,"{""w_0"": 3.6, ""w_1"": 3.7, ""w_2"": 3.7, ""w_3"": 3.6, ""w_4"": 3.7, ""w_5"": 3.7, ""w_6"": 3.6, ""w_7"": 3.6, ""w_8"": 3.6, ""w_9"": 3.5, ""w_10"": 3.0, ""w_11"": 3.1, ""w_12"": 3.1, ""w_13"": 2.9, ""w_14"": 2.6, ""w_15"": 2.9, ""w_16"": 2.8, ""w_17"": 2.8, ""w_18"": 2.6, ""w_19"": 2.5, ""w_20"": 2.0}"
7,100974271034,2020-03-11,0,factual,"{""w_0"": 3.68, ""w_1"": 3.635, ""w_2"": 3.68, ""w_3"": 3.7, ""w_4"": 3.63, ""w_5"": 3.61, ""w_6"": 3.585, ""w_7"": 3.48, ""w_8"": 3.04, ""w_9"": 3.13, ""w_10"": 3.055, ""w_11"": 2.89, ""w_12"": 2.63, ""w_13"": 2.9308000000000005, ""w_14"": 2.835, ""w_15"": 2.835, ""w_16"": 2.58, ""w_17"": 2.54, ""w_18"": 2.04, ""w_19"": 2.245, ""w_20"": 2.145}"
7,100974271034,2020-03-11,0,counterfactual,"{""w_0"": 3.6, ""w_1"": 3.7, ""w_2"": 3.7, ""w_3"": 3.6, ""w_4"": 3.7, ""w_5"": 3.7, ""w_6"": 3.6, ""w_7"": 3.6, ""w_8"": 3.6, ""w_9"": 3.5, ""w_10"": 3.0, ""w_11"": 3.1, ""w_12"": 3.1, ""w_13"": 2.9, ""w_14"": 2.6, ""w_15"": 2.9, ""w_16"": 2.8, ""w_17"": 2.8, ""w_18"": 2.6, ""w_19"": 2.5, ""w_20"": 2.0}"
8,100974271034,2020-03-12,0,factual,"{""w_0"": 3.635, ""w_1"": 3.68, ""w_2"": 3.7, ""w_3"": 3.63, ""w_4"": 3.61, ""w_5"": 3.585, ""w_6"": 3.48, ""w_7"": 3.04, ""w_8"": 3.13, ""w_9"": 3.055, ""w_10"": 2.89, ""w_11"": 2.63, ""w_12"": 2.9308000000000005, ""w_13"": 2.835, ""w_14"": 2.835, ""w_15"": 2.58, ""w_16"": 2.54, ""w_17"": 2.04, ""w_18"": 2.245, ""w_19"": 2.145, ""w_20"": 1.74}"
8,100974271034,2020-03-12,0,counterfactual,"{""w_0"": 3.7, ""w_1"": 3.6, ""w_2"": 3.7, ""w_3"": 3.7, ""w_4"": 3.6, ""w_5"": 3.6, ""w_6"": 3.6, ""w_7"": 3.5, ""w_8"": 3.0, ""w_9"": 3.1, ""w_10"": 3.1, ""w_11"": 2.9, ""w_12"": 2.6, ""w_13"": 2.9, ""w_14"": 2.8, ""w_15"": 2.8, ""w_16"": 2.6, ""w_17"": 2.5, ""w_18"": 2.0, ""w_19"": 2.2, ""w_20"": 2.1}"
9,100974271034,2020-03-13,0,factual,"{""w_0"": 3.68, ""w_1"": 3.7, ""w_2"": 3.63, ""w_3"": 3.61, ""w_4"": 3.585, ""w_5"": 3.48, ""w_6"": 3.04, ""w_7"": 3.13, ""w_8"": 3.055, ""w_9"": 2.89, ""w_10"": 2.63, ""w_11"": 2.9308000000000005, ""w_12"": 2.835, ""w_13"": 2.835, ""w_14"": 2.58, ""w_15"": 2.54, ""w_16"": 2.04, ""w_17"": 2.245, ""w_18"": 2.145, ""w_19"": 1.74, ""w_20"": 1.81}"
9,100974271034,2020-03-13,0,counterfactual,"{""w_0"": 3.6, ""w_1"": 3.7, ""w_2"": 3.7, ""w_3"": 3.6, ""w_4"": 3.7, ""w_5"": 3.7, ""w_6"": 3.6, ""w_7"": 3.6, ""w_8"": 3.6, ""w_9"": 3.5, ""w_10"": 3.0, ""w_11"": 3.1, ""w_12"": 3.1, ""w_13"": 2.9, ""w_14"": 2.6, ""w_15"": 2.9, ""w_16"": 2.8, ""w_17"": 2.8, ""w_18"": 2.6, ""w_19"": 2.5, ""w_20"": 2.0}"
10,100974271034,2020-03-16,0,factual,"{""w_0"": 3.7, ""w_1"": 3.63, ""w_2"": 3.61, ""w_3"": 3.585, ""w_4"": 3.48, ""w_5"": 3.04, ""w_6"": 3.13, ""w_7"": 3.055, ""w_8"": 2.89, ""w_9"": 2.63, ""w_10"": 2.9308000000000005, ""w_11"": 2.835, ""w_12"": 2.835, ""w_13"": 2.58, ""w_14"": 2.54, ""w_15"": 2.04, ""w_16"": 2.245, ""w_17"": 2.145, ""w_18"": 1.74, ""w_19"": 1.81, ""w_20"": 1.63}"
10,100974271034,2020-03-16,0,counterfactual,"{""w_0"": 3.4, ""w_1"": 3.4, ""w_2"": 3.4, ""w_3"": 3.4, ""w_4"": 3.4, ""w_5"": 3.4, ""w_6"": 3.0, ""w_7"": 3.0, ""w_8"": 3.0, ""w_9"": 2.9, ""w_10"": 3.3, ""w_11"": 2.6, ""w_12"": 2.6, ""w_13"": 2.6, ""w_14"": 2.6, ""w_15"": 2.5, ""w_16"": 2.0, ""w_17"": 2.0, ""w_18"": 2.0, ""w_19"": 1.7, ""w_20"": 1.7}"
11,100974271034,2020-03-17,0,factual,"{""w_0"": 3.63, ""w_1"": 3.61, ""w_2"": 3.585, ""w_3"": 3.48, ""w_4"": 3.04, ""w_5"": 3.13, ""w_6"": 3.055, ""w_7"": 2.89, ""w_8"": 2.63, ""w_9"": 2.9308000000000005, ""w_10"": 2.835, ""w_11"": 2.835, ""w_12"": 2.58, ""w_13"": 2.54, ""w_14"": 2.04, ""w_15"": 2.245, ""w_16"": 2.145, ""w_17"": 1.74, ""w_18"": 1.81, ""w_19"": 1.63, ""w_20"": 1.68}"
11,100974271034,2020-03-17,0,counterfactual,"{""w_0"": 3.4, ""w_1"": 3.4, ""w_2"": 3.4, ""w_3"": 3.4, ""w_4"": 3.4, ""w_5"": 3.0, ""w_6"": 3.0, ""w_7"": 3.0, ""w_8"": 2.9, ""w_9"": 3.1, ""w_10"": 2.6, ""w_11"": 2.6, ""w_12"": 2.6, ""w_13"": 2.6, ""w_14"": 2.5, ""w_15"": 2.7, ""w_16"": 2.0, ""w_17"": 2.0, ""w_18"": 1.7, ""w_19"": 3.6, ""w_20"": 1.6}"
12,100974271034,2020-03-18,0,factual,"{""w_0"": 3.61, ""w_1"": 3.585, ""w_2"": 3.48, ""w_3"": 3.04, ""w_4"": 3.13, ""w_5"": 3.055, ""w_6"": 2.89, ""w_7"": 2.63, ""w_8"": 2.9308000000000005, ""w_9"": 2.835, ""w_10"": 2.835, ""w_11"": 2.58, ""w_12"": 2.54, ""w_13"": 2.04, ""w_14"": 2.245, ""w_15"": 2.145, ""w_16"": 1.74, ""w_17"": 1.81, ""w_18"": 1.63, ""w_19"": 1.68, ""w_20"": 1.698}"
12,100974271034,2020-03-18,0,counterfactual,"{""w_0"": 3.6, ""w_1"": 3.6, ""w_2"": 3.6, ""w_3"": 3.5, ""w_4"": 3.0, ""w_5"": 3.1, ""w_6"": 3.1, ""w_7"": 2.9, ""w_8"": 2.6, ""w_9"": 2.9, ""w_10"": 2.8, ""w_11"": 2.8, ""w_12"": 2.6, ""w_13"": 2.5, ""w_14"": 2.0, ""w_15"": 2.2, ""w_16"": 2.1, ""w_17"": 1.7, ""w_18"": 1.8, ""w_19"": 1.6, ""w_20"": 1.7}"
13,100974271034,2020-03-19,0,factual,"{""w_0"": 3.585, ""w_1"": 3.48, ""w_2"": 3.04, ""w_3"": 3.13, ""w_4"": 3.055, ""w_5"": 2.89, ""w_6"": 2.63, ""w_7"": 2.9308000000000005, ""w_8"": 2.835, ""w_9"": 2.835, ""w_10"": 2.58, ""w_11"": 2.54, ""w_12"": 2.04, ""w_13"": 2.245, ""w_14"": 2.145, ""w_15"": 1.74, ""w_16"": 1.81, ""w_17"": 1.63, ""w_18"": 1.68, ""w_19"": 1.698, ""w_20"": 1.86}"
13,100974271034,2020-03-19,0,counterfactual,"{""w_0"": 3.6, ""w_1"": 3.6, ""w_2"": 3.6, ""w_3"": 3.5, ""w_4"": 3.0, ""w_5"": 3.1, ""w_6"": 3.1, ""w_7"": 2.9, ""w_8"": 2.6, ""w_9"": 2.9, ""w_10"": 2.8, ""w_11"": 2.8, ""w_12"": 2.6, ""w_13"": 2.5, ""w_14"": 2.0, ""w_15"": 2.2, ""w_16"": 2.1, ""w_17"": 1.7, ""w_18"": 1.8, ""w_19"": 1.6, ""w_20"": 1.7}"
14,100974271034,2020-03-20,0,factual,"{""w_0"": 3.48, ""w_1"": 3.04, ""w_2"": 3.13, ""w_3"": 3.055, ""w_4"": 2.89, ""w_5"": 2.63, ""w_6"": 2.9308000000000005, ""w_7"": 2.835, ""w_8"": 2.835, ""w_9"": 2.58, ""w_10"": 2.54, ""w_11"": 2.04, ""w_12"": 2.245, ""w_13"": 2.145, ""w_14"": 1.74, ""w_15"": 1.81, ""w_16"": 1.63, ""w_17"": 1.68, ""w_18"": 1.698, ""w_19"": 1.86, ""w_20"": 1.99}"
14,100974271034,2020-03-20,0,counterfactual,"{""w_0"": 3.4, ""w_1"": 3.4, ""w_2"": 3.0, ""w_3"": 3.0, ""w_4"": 3.0, ""w_5"": 2.9, ""w_6"": 2.6, ""w_7"": 2.6, ""w_8"": 2.6, ""w_9"": 2.6, ""w_10"": 2.6, ""w_11"": 2.5, ""w_12"": 2.0, ""w_13"": 2.0, ""w_14"": 2.0, ""w_15"": 2.7, ""w_16"": 1.7, ""w_17"": 1.6, ""w_18"": 1.6, ""w_19"": 1.6, ""w_20"": 1.6}"
15,100974271034,2020-03-23,0,factual,"{""w_0"": 3.04, ""w_1"": 3.13, ""w_2"": 3.055, ""w_3"": 2.89, ""w_4"": 2.63, ""w_5"": 2.9308000000000005, ""w_6"": 2.835, ""w_7"": 2.835, ""w_8"": 2.58, ""w_9"": 2.54, ""w_10"": 2.04, ""w_11"": 2.245, ""w_12"": 2.145, ""w_13"": 1.74, ""w_14"": 1.81, ""w_15"": 1.63, ""w_16"": 1.68, ""w_17"": 1.698, ""w_18"": 1.86, ""w_19"": 1.99, ""w_20"": 1.702}"
15,100974271034,2020-03-23,0,counterfactual,"{""w_0"": 3.4, ""w_1"": 3.0, ""w_2"": 3.0, ""w_3"": 3.0, ""w_4"": 2.9, ""w_5"": 2.6, ""w_6"": 2.8, ""w_7"": 2.6, ""w_8"": 2.6, ""w_9"": 2.6, ""w_10"": 2.5, ""w_11"": 2.0, ""w_12"": 2.0, ""w_13"": 2.0, ""w_14"": 1.7, ""w_15"": 1.7, ""w_16"": 1.6, ""w_17"": 1.6, ""w_18"": 3.3, ""w_19"": 1.6, ""w_20"": 1.6}"
16,100974271034,2020-03-24,0,factual,"{""w_0"": 3.13, ""w_1"": 3.055, ""w_2"": 2.89, ""w_3"": 2.63, ""w_4"": 2.9308000000000005, ""w_5"": 2.835, ""w_6"": 2.835, ""w_7"": 2.58, ""w_8"": 2.54, ""w_9"": 2.04, ""w_10"": 2.245, ""w_11"": 2.145, ""w_12"": 1.74, ""w_13"": 1.81, ""w_14"": 1.63, ""w_15"": 1.68, ""w_16"": 1.698, ""w_17"": 1.86, ""w_18"": 1.99, ""w_19"": 1.702, ""w_20"": 1.856}"
16,100974271034,2020-03-24,0,counterfactual,"{""w_0"": 3.0, ""w_1"": 3.0, ""w_2"": 3.0, ""w_3"": 2.9, ""w_4"": 2.6, ""w_5"": 2.6, ""w_6"": 2.9, ""w_7"": 2.6, ""w_8"": 2.6, ""w_9"": 2.6, ""w_10"": 2.8, ""w_11"": 2.0, ""w_12"": 2.0, ""w_13"": 2.1, ""w_14"": 1.7, ""w_15"": 1.6, ""w_16"": 1.6, ""w_17"": 1.6, ""w_18"": 1.7, ""w_19"": 1.9, ""w_20"": 2.0}"
17,100974271034,2020-03-25,0,factual,"{""w_0"": 3.055, ""w_1"": 2.89, ""w_2"": 2.63, ""w_3"": 2.9308000000000005, ""w_4"": 2.835, ""w_5"": 2.835, ""w_6"": 2.58, ""w_7"": 2.54, ""w_8"": 2.04, ""w_9"": 2.245, ""w_10"": 2.145, ""w_11"": 1.74, ""w_12"": 1.81, ""w_13"": 1.63, ""w_14"": 1.68, ""w_15"": 1.698, ""w_16"": 1.86, ""w_17"": 1.99, ""w_18"": 1.702, ""w_19"": 1.856, ""w_20"": 1.8212}"
17,100974271034,2020-03-25,0,counterfactual,"{""w_0"": 3.0, ""w_1"": 3.0, ""w_2"": 2.9, ""w_3"": 2.6, ""w_4"": 3.7, ""w_5"": 2.6, ""w_6"": 2.6, ""w_7"": 2.6, ""w_8"": 2.5, ""w_9"": 2.8, ""w_10"": 2.0, ""w_11"": 2.0, ""w_12"": 1.7, ""w_13"": 1.7, ""w_14"": 1.6, ""w_15"": 1.6, ""w_16"": 1.6, ""w_17"": 1.6, ""w_18"": 1.6, ""w_19"": 1.6, ""w_20"": 1.6}"
18,100974271034,2020-03-26,0,factual,"{""w_0"": 2.89, ""w_1"": 2.63, ""w_2"": 2.9308000000000005, ""w_3"": 2.835, ""w_4"": 2.835, ""w_5"": 2.58, ""w_6"": 2.54, ""w_7"": 2.04, ""w_8"": 2.245, ""w_9"": 2.145, ""w_10"": 1.74, ""w_11"": 1.81, ""w_12"": 1.63, ""w_13"": 1.68, ""w_14"": 1.698, ""w_15"": 1.86, ""w_16"": 1.99, ""w_17"": 1.702, ""w_18"": 1.856, ""w_19"": 1.8212, ""w_20"": 1.97}"
18,100974271034,2020-03-26,0,counterfactual,"{""w_0"": 3.0, ""w_1"": 2.9, ""w_2"": 2.6, ""w_3"": 2.6, ""w_4"": 2.6, ""w_5"": 2.6, ""w_6"": 2.6, ""w_7"": 2.5, ""w_8"": 2.0, ""w_9"": 2.0, ""w_10"": 2.0, ""w_11"": 1.7, ""w_12"": 1.7, ""w_13"": 1.6, ""w_14"": 2.0, ""w_15"": 1.6, ""w_16"": 2.0, ""w_17"": 1.7, ""w_18"": 1.6, ""w_19"": 1.6, ""w_20"": 1.6}"
19,100974271034,2020-03-27,0,factual,"{""w_0"": 2.63, ""w_1"": 2.9308000000000005, ""w_2"": 2.835, ""w_3"": 2.835, ""w_4"": 2.58, ""w_5"": 2.54, ""w_6"": 2.04, ""w_7"": 2.245, ""w_8"": 2.145, ""w_9"": 1.74, ""w_10"": 1.81, ""w_11"": 1.63, ""w_12"": 1.68, ""w_13"": 1.698, ""w_14"": 1.86, ""w_15"": 1.99, ""w_16"": 1.702, ""w_17"": 1.856, ""w_18"": 1.8212, ""w_19"": 1.97, ""w_20"": 1.824}"
19,100974271034,2020-03-27,0,counterfactual,"{""w_0"": 3.6, ""w_1"": 3.6, ""w_2"": 3.5, ""w_3"": 3.0, ""w_4"": 3.1, ""w_5"": 2.9, ""w_6"": 2.6, ""w_7"": 2.9, ""w_8"": 2.9, ""w_9"": 2.8, ""w_10"": 1.7, ""w_11"": 2.5, ""w_12"": 1.6, ""w_13"": 1.6, ""w_14"": 2.2, ""w_15"": 1.7, ""w_16"": 1.7, ""w_17"": 1.6, ""w_18"": 1.6, ""w_19"": 1.7, ""w_20"": 1.7}"
20,100974271034,2020-03-30,0,factual,"{""w_0"": 2.9308000000000005, ""w_1"": 2.835, ""w_2"": 2.835, ""w_3"": 2.58, ""w_4"": 2.54, ""w_5"": 2.04, ""w_6"": 2.245, ""w_7"": 2.145, ""w_8"": 1.74, ""w_9"": 1.81, ""w_10"": 1.63, ""w_11"": 1.68, ""w_12"": 1.698, ""w_13"": 1.86, ""w_14"": 1.99, ""w_15"": 1.702, ""w_16"": 1.856, ""w_17"": 1.8212, ""w_18"": 1.97, ""w_19"": 1.824, ""w_20"": 1.702}"
20,100974271034,2020-03-30,0,counterfactual,"{""w_0"": 2.6, ""w_1"": 2.6, ""w_2"": 2.6, ""w_3"": 2.6, ""w_4"": 2.6, ""w_5"": 2.6, ""w_6"": 2.0, ""w_7"": 2.0, ""w_8"": 2.8, ""w_9"": 3.6, ""w_10"": 1.7, ""w_11"": 1.6, ""w_12"": 1.6, ""w_13"": 1.6, ""w_14"": 1.6, ""w_15"": 1.6, ""w_16"": 1.8, ""w_17"": 1.6, ""w_18"": 1.6, ""w_19"": 1.6, ""w_20"": 1.6}"
21,100974271034,2020-03-31,0,factual,"{""w_0"": 2.835, ""w_1"": 2.835, ""w_2"": 2.58, ""w_3"": 2.54, ""w_4"": 2.04, ""w_5"": 2.245, ""w_6"": 2.145, ""w_7"": 1.74, ""w_8"": 1.81, ""w_9"": 1.63, ""w_10"": 1.68, ""w_11"": 1.698, ""w_12"": 1.86, ""w_13"": 1.99, ""w_14"": 1.702, ""w_15"": 1.856, ""w_16"": 1.8212, ""w_17"": 1.97, ""w_18"": 1.824, ""w_19"": 1.702, ""w_20"": 1.7}"
21,100974271034,2020-03-31,0,counterfactual,"{""w_0"": 2.6, ""w_1"": 2.6, ""w_2"": 2.6, ""w_3"": 2.6, ""w_4"": 2.5, ""w_5"": 2.0, ""w_6"": 2.0, ""w_7"": 2.0, ""w_8"": 1.7, ""w_9"": 1.7, ""w_10"": 1.6, ""w_11"": 1.6, ""w_12"": 1.6, ""w_13"": 1.6, ""w_14"": 1.6, ""w_15"": 1.6, ""w_16"": 1.6, ""w_17"": 2.8, ""w_18"": 1.6, ""w_19"": 1.6, ""w_20"": 1.6}"
22,100974271034,2020-04-01,0,factual,"{""w_0"": 2.835, ""w_1"": 2.58, ""w_2"": 2.54, ""w_3"": 2.04, ""w_4"": 2.245, ""w_5"": 2.145, ""w_6"": 1.74, ""w_7"": 1.81, ""w_8"": 1.63, ""w_9"": 1.68, ""w_10"": 1.698, ""w_11"": 1.86, ""w_12"": 1.99, ""w_13"": 1.702, ""w_14"": 1.856, ""w_15"": 1.8212, ""w_16"": 1.97, ""w_17"": 1.824, ""w_18"": 1.702, ""w_19"": 1.7, ""w_20"": 1.58}"
22,100974271034,2020-04-01,0,counterfactual,"{""w_0"": 2.6, ""w_1"": 2.6, ""w_2"": 2.6, ""w_3"": 2.5, ""w_4"": 2.0, ""w_5"": 2.0, ""w_6"": 2.0, ""w_7"": 1.7, ""w_8"": 1.7, ""w_9"": 1.6, ""w_10"": 1.6, ""w_11"": 1.6, ""w_12"": 1.6, ""w_13"": 1.6, ""w_14"": 1.6, ""w_15"": 2.2, ""w_16"": 2.1, ""w_17"": 1.6, ""w_18"": 1.6, ""w_19"": 1.6, ""w_20"": 1.6}"
23,100974271034,2020-04-02,0,factual,"{""w_0"": 2.58, ""w_1"": 2.54, ""w_2"": 2.04, ""w_3"": 2.245, ""w_4"": 2.145, ""w_5"": 1.74, ""w_6"": 1.81, ""w_7"": 1.63, ""w_8"": 1.68, ""w_9"": 1.698, ""w_10"": 1.86, ""w_11"": 1.99, ""w_12"": 1.702, ""w_13"": 1.856, ""w_14"": 1.8212, ""w_15"": 1.97, ""w_16"": 1.824, ""w_17"": 1.702, ""w_18"": 1.7, ""w_19"": 1.58, ""w_20"": 1.52}"
23,100974271034,2020-04-02,0,counterfactual,"{""w_0"": 2.6, ""w_1"": 2.6, ""w_2"": 2.5, ""w_3"": 2.0, ""w_4"": 2.0, ""w_5"": 2.0, ""w_6"": 1.7, ""w_7"": 1.7, ""w_8"": 1.6, ""w_9"": 1.6, ""w_10"": 1.6, ""w_11"": 1.6, ""w_12"": 1.6, ""w_13"": 1.6, ""w_14"": 1.6, ""w_15"": 1.6, ""w_16"": 1.6, ""w_17"": 1.6, ""w_18"": 2.6, ""w_19"": 1.6, ""w_20"": 1.6}"
24,100974271034,2020-04-03,0,factual,"{""w_0"": 2.54, ""w_1"": 2.04, ""w_2"": 2.245, ""w_3"": 2.145, ""w_4"": 1.74, ""w_5"": 1.81, ""w_6"": 1.63, ""w_7"": 1.68, ""w_8"": 1.698, ""w_9"": 1.86, ""w_10"": 1.99, ""w_11"": 1.702, ""w_12"": 1.856, ""w_13"": 1.8212, ""w_14"": 1.97, ""w_15"": 1.824, ""w_16"": 1.702, ""w_17"": 1.7, ""w_18"": 1.58, ""w_19"": 1.52, ""w_20"": 1.53}"
24,100974271034,2020-04-03,0,counterfactual,"{""w_0"": 2.6, ""w_1"": 2.5, ""w_2"": 2.0, ""w_3"": 2.2, ""w_4"": 2.1, ""w_5"": 1.7, ""w_6"": 1.8, ""w_7"": 1.6, ""w_8"": 1.7, ""w_9"": 1.7, ""w_10"": 1.9, ""w_11"": 2.0, ""w_12"": 1.7, ""w_13"": 1.9, ""w_14"": 1.8, ""w_15"": 2.0, ""w_16"": 1.8, ""w_17"": 1.7, ""w_18"": 1.7, ""w_19"": 1.6, ""w_20"": 1.5}"
25,100974271034,2020-04-06,0,factual,"{""w_0"": 2.04, ""w_1"": 2.245, ""w_2"": 2.145, ""w_3"": 1.74, ""w_4"": 1.81, ""w_5"": 1.63, ""w_6"": 1.68, ""w_7"": 1.698, ""w_8"": 1.86, ""w_9"": 1.99, ""w_10"": 1.702, ""w_11"": 1.856, ""w_12"": 1.8212, ""w_13"": 1.97, ""w_14"": 1.824, ""w_15"": 1.702, ""w_16"": 1.7, ""w_17"": 1.58, ""w_18"": 1.52, ""w_19"": 1.53, ""w_20"": 1.67}"
25,100974271034,2020-04-06,0,counterfactual,"{""w_0"": 2.5, ""w_1"": 2.0, ""w_2"": 2.2, ""w_3"": 2.1, ""w_4"": 1.7, ""w_5"": 1.7, ""w_6"": 1.6, ""w_7"": 1.7, ""w_8"": 1.6, ""w_9"": 1.9, ""w_10"": 2.0, ""w_11"": 1.7, ""w_12"": 1.9, ""w_13"": 1.8, ""w_14"": 2.0, ""w_15"": 1.8, ""w_16"": 1.7, ""w_17"": 1.7, ""w_18"": 1.6, ""w_19"": 1.5, ""w_20"": 1.5}"
26,100974271034,2020-04-07,0,factual,"{""w_0"": 2.245, ""w_1"": 2.145, ""w_2"": 1.74, ""w_3"": 1.81, ""w_4"": 1.63, ""w_5"": 1.68, ""w_6"": 1.698, ""w_7"": 1.86, ""w_8"": 1.99, ""w_9"": 1.702, ""w_10"": 1.856, ""w_11"": 1.8212, ""w_12"": 1.97, ""w_13"": 1.824, ""w_14"": 1.702, ""w_15"": 1.7, ""w_16"": 1.58, ""w_17"": 1.52, ""w_18"": 1.53, ""w_19"": 1.67, ""w_20"": 1.8}"
26,100974271034,2020-04-07,0,counterfactual,"{""w_0"": 2.0, ""w_1"": 2.0, ""w_2"": 2.0, ""w_3"": 1.7, ""w_4"": 1.7, ""w_5"": 1.6, ""w_6"": 1.7, ""w_7"": 1.6, ""w_8"": 1.6, ""w_9"": 1.6, ""w_10"": 2.0, ""w_11"": 1.7, ""w_12"": 2.0, ""w_13"": 1.7, ""w_14"": 1.6, ""w_15"": 1.8, ""w_16"": 1.6, ""w_17"": 1.6, ""w_18"": 1.5, ""w_19"": 1.7, ""w_20"": 1.6}"
27,100974271034,2020-04-08,0,factual,"{""w_0"": 2.145, ""w_1"": 1.74, ""w_2"": 1.81, ""w_3"": 1.63, ""w_4"": 1.68, ""w_5"": 1.698, ""w_6"": 1.86, ""w_7"": 1.99, ""w_8"": 1.702, ""w_9"": 1.856, ""w_10"": 1.8212, ""w_11"": 1.97, ""w_12"": 1.824, ""w_13"": 1.702, ""w_14"": 1.7, ""w_15"": 1.58, ""w_16"": 1.52, ""w_17"": 1.53, ""w_18"": 1.67, ""w_19"": 1.8, ""w_20"": 1.968}"
27,100974271034,2020-04-08,0,counterfactual,"{""w_0"": 2.2, ""w_1"": 2.0, ""w_2"": 1.7, ""w_3"": 1.7, ""w_4"": 1.6, ""w_5"": 1.7, ""w_6"": 1.7, ""w_7"": 1.9, ""w_8"": 1.7, ""w_9"": 1.6, ""w_10"": 1.9, ""w_11"": 2.0, ""w_12"": 1.6, ""w_13"": 1.9, ""w_14"": 1.7, ""w_15"": 1.6, ""w_16"": 1.6, ""w_17"": 1.5, ""w_18"": 1.5, ""w_19"": 1.5, ""w_20"": 1.8}"
29,100974271034,2020-04-10,0,factual,"{""w_0"": 1.81, ""w_1"": 1.63, ""w_2"": 1.68, ""w_3"": 1.698, ""w_4"": 1.86, ""w_5"": 1.99, ""w_6"": 1.702, ""w_7"": 1.856, ""w_8"": 1.8212, ""w_9"": 1.97, ""w_10"": 1.824, ""w_11"": 1.702, ""w_12"": 1.7, ""w_13"": 1.58, ""w_14"": 1.52, ""w_15"": 1.53, ""w_16"": 1.67, ""w_17"": 1.8, ""w_18"": 1.968, ""w_19"": 1.948, ""w_20"": 1.7832}"
29,100974271034,2020-04-10,0,counterfactual,"{""w_0"": 2.2, ""w_1"": 2.1, ""w_2"": 1.7, ""w_3"": 1.6, ""w_4"": 1.6, ""w_5"": 1.8, ""w_6"": 1.6, ""w_7"": 1.7, ""w_8"": 1.6, ""w_9"": 1.9, ""w_10"": 2.0, ""w_11"": 1.7, ""w_12"": 1.6, ""w_13"": 1.8, ""w_14"": 1.6, ""w_15"": 1.5, ""w_16"": 1.6, ""w_17"": 1.5, ""w_18"": 1.5, ""w_19"": 1.7, ""w_20"": 1.5}"
30,100974271034,2020-04-13,0,factual,"{""w_0"": 1.63, ""w_1"": 1.68, ""w_2"": 1.698, ""w_3"": 1.86, ""w_4"": 1.99, ""w_5"": 1.702, ""w_6"": 1.856, ""w_7"": 1.8212, ""w_8"": 1.97, ""w_9"": 1.824, ""w_10"": 1.702, ""w_11"": 1.7, ""w_12"": 1.58, ""w_13"": 1.52, ""w_14"": 1.53, ""w_15"": 1.67, ""w_16"": 1.8, ""w_17"": 1.968, ""w_18"": 1.948, ""w_19"": 1.7832, ""w_20"": 1.83384}"
30,100974271034,2020-04-13,0,counterfactual,"{""w_0"": 1.7, ""w_1"": 1.6, ""w_2"": 1.7, ""w_3"": 1.8, ""w_4"": 1.6, ""w_5"": 1.7, ""w_6"": 1.7, ""w_7"": 1.9, ""w_8"": 2.0, ""w_9"": 1.8, ""w_10"": 2.0, ""w_11"": 1.6, ""w_12"": 1.6, ""w_13"": 1.7, ""w_14"": 1.5, ""w_15"": 1.7, ""w_16"": 1.6, ""w_17"": 1.7, ""w_18"": 1.8, ""w_19"": 1.7, ""w_20"": 1.9}"
31,100974271034,2020-04-14,0,factual,"{""w_0"": 1.68, ""w_1"": 1.698, ""w_2"": 1.86, ""w_3"": 1.99, ""w_4"": 1.702, ""w_5"": 1.856, ""w_6"": 1.8212, ""w_7"": 1.97, ""w_8"": 1.824, ""w_9"": 1.702, ""w_10"": 1.7, ""w_11"": 1.58, ""w_12"": 1.52, ""w_13"": 1.53, ""w_14"": 1.67, ""w_15"": 1.8, ""w_16"": 1.968, ""w_17"": 1.948, ""w_18"": 1.7832, ""w_19"": 1.83384, ""w_20"": 2.14}"
31,100974271034,2020-04-14,0,counterfactual,"{""w_0"": 1.6, ""w_1"": 1.6, ""w_2"": 1.6, ""w_3"": 1.6, ""w_4"": 1.7, ""w_5"": 1.7, ""w_6"": 1.9, ""w_7"": 1.6, ""w_8"": 1.6, ""w_9"": 1.7, ""w_10"": 1.9, ""w_11"": 1.6, ""w_12"": 1.6, ""w_13"": 1.5, ""w_14"": 1.5, ""w_15"": 1.5, ""w_16"": 1.6, ""w_17"": 1.5, ""w_18"": 1.7, ""w_19"": 1.7, ""w_20"": 1.968}"
32,100974271034,2020-04-15,0,factual,"{""w_0"": 1.698, ""w_1"": 1.86, ""w_2"": 1.99, ""w_3"": 1.702, ""w_4"": 1.856, ""w_5"": 1.8212, ""w_6"": 1.97, ""w_7"": 1.824, ""w_8"": 1.702, ""w_9"": 1.7, ""w_10"": 1.58, ""w_11"": 1.52, ""w_12"": 1.53, ""w_13"": 1.67, ""w_14"": 1.8, ""w_15"": 1.968, ""w_16"": 1.948, ""w_17"": 1.7832, ""w_18"": 1.83384, ""w_19"": 2.14, ""w_20"": 2.035}"
32,100974271034,2020-04-15,0,counterfactual,"{""w_0"": 2.1, ""w_1"": 1.7, ""w_2"": 1.8, ""w_3"": 1.6, ""w_4"": 1.7, ""w_5"": 1.7, ""w_6"": 1.9, ""w_7"": 2.0, ""w_8"": 1.7, ""w_9"": 1.9, ""w_10"": 1.8, ""w_11"": 2.0, ""w_12"": 1.8, ""w_13"": 1.7, ""w_14"": 1.7, ""w_15"": 1.6, ""w_16"": 1.5, ""w_17"": 1.5, ""w_18"": 1.7, ""w_19"": 1.8, ""w_20"": 1.968}"
33,100974271034,2020-04-16,0,factual,"{""w_0"": 1.86, ""w_1"": 1.99, ""w_2"": 1.702, ""w_3"": 1.856, ""w_4"": 1.8212, ""w_5"": 1.97, ""w_6"": 1.824, ""w_7"": 1.702, ""w_8"": 1.7, ""w_9"": 1.58, ""w_10"": 1.52, ""w_11"": 1.53, ""w_12"": 1.67, ""w_13"": 1.8, ""w_14"": 1.968, ""w_15"": 1.948, ""w_16"": 1.7832, ""w_17"": 1.83384, ""w_18"": 2.14, ""w_19"": 2.035, ""w_20"": 2.105}"
33,100974271034,2020-04-16,0,counterfactual,"{""w_0"": 1.7, ""w_1"": 1.8, ""w_2"": 1.6, ""w_3"": 1.7, ""w_4"": 1.7, ""w_5"": 1.9, ""w_6"": 2.0, ""w_7"": 1.7, ""w_8"": 1.9, ""w_9"": 1.8, ""w_10"": 2.0, ""w_11"": 1.8, ""w_12"": 1.7, ""w_13"": 1.7, ""w_14"": 1.6, ""w_15"": 1.5, ""w_16"": 1.5, ""w_17"": 1.7, ""w_18"": 1.8, ""w_19"": 1.968, ""w_20"": 1.948}"
34,100974271034,2020-04-17,0,factual,"{""w_0"": 1.99, ""w_1"": 1.702, ""w_2"": 1.856, ""w_3"": 1.8212, ""w_4"": 1.97, ""w_5"": 1.824, ""w_6"": 1.702, ""w_7"": 1.7, ""w_8"": 1.58, ""w_9"": 1.52, ""w_10"": 1.53, ""w_11"": 1.67, ""w_12"": 1.8, ""w_13"": 1.968, ""w_14"": 1.948, ""w_15"": 1.7832, ""w_16"": 1.83384, ""w_17"": 2.14, ""w_18"": 2.035, ""w_19"": 2.105, ""w_20"": 2.0933333333333337}"
34,100974271034,2020-04-17,0,counterfactual,"{""w_0"": 1.8, ""w_1"": 1.6, ""w_2"": 1.7, ""w_3"": 1.7, ""w_4"": 1.9, ""w_5"": 2.0, ""w_6"": 1.7, ""w_7"": 1.9, ""w_8"": 1.8, ""w_9"": 2.0, ""w_10"": 1.8, ""w_11"": 1.7, ""w_12"": 1.7, ""w_13"": 1.6, ""w_14"": 1.5, ""w_15"": 1.5, ""w_16"": 1.7, ""w_17"": 1.8, ""w_18"": 1.968, ""w_19"": 1.948, ""w_20"": 1.783}"
35,100974271034,2020-04-20,0,factual,"{""w_0"": 1.702, ""w_1"": 1.856, ""w_2"": 1.8212, ""w_3"": 1.97, ""w_4"": 1.824, ""w_5"": 1.702, ""w_6"": 1.7, ""w_7"": 1.58, ""w_8"": 1.52, ""w_9"": 1.53, ""w_10"": 1.67, ""w_11"": 1.8, ""w_12"": 1.968, ""w_13"": 1.948, ""w_14"": 1.7832, ""w_15"": 1.83384, ""w_16"": 2.14, ""w_17"": 2.035, ""w_18"": 2.105, ""w_19"": 2.0933333333333337, ""w_20"": 2.0933333333333337}"
35,100974271034,2020-04-20,0,counterfactual,"{""w_0"": 1.7, ""w_1"": 1.8, ""w_2"": 1.7, ""w_3"": 1.7, ""w_4"": 1.7, ""w_5"": 1.7, ""w_6"": 1.9, ""w_7"": 1.7, ""w_8"": 1.9, ""w_9"": 1.8, ""w_10"": 1.7, ""w_11"": 1.8, ""w_12"": 1.5, ""w_13"": 1.7, ""w_14"": 1.5, ""w_15"": 1.7, ""w_16"": 1.53, ""w_17"": 1.968, ""w_18"": 1.948, ""w_19"": 1.968, ""w_20"": 1.95}"
36,100974271034,2020-04-21,0,factual,"{""w_0"": 1.856, ""w_1"": 1.8212, ""w_2"": 1.97, ""w_3"": 1.824, ""w_4"": 1.702, ""w_5"": 1.7, ""w_6"": 1.58, ""w_7"": 1.52, ""w_8"": 1.53, ""w_9"": 1.67, ""w_10"": 1.8, ""w_11"": 1.968, ""w_12"": 1.948, ""w_13"": 1.7832, ""w_14"": 1.83384, ""w_15"": 2.14, ""w_16"": 2.035, ""w_17"": 2.105, ""w_18"": 2.0933333333333337, ""w_19"": 2.0933333333333337, ""w_20"": 2.205}"
36,100974271034,2020-04-21,0,counterfactual,"{""w_0"": 1.7, ""w_1"": 1.9, ""w_2"": 1.6, ""w_3"": 1.6, ""w_4"": 1.7, ""w_5"": 1.7, ""w_6"": 1.6, ""w_7"": 1.6, ""w_8"": 1.5, ""w_9"": 1.5, ""w_10"": 1.7, ""w_11"": 1.6, ""w_12"": 2.0, ""w_13"": 1.9, ""w_14"": 1.7, ""w_15"": 1.834, ""w_16"": 1.968, ""w_17"": 1.948, ""w_18"": 2.105, ""w_19"": 2.09, ""w_20"": 2.09}"
37,100974271034,2020-04-22,0,factual,"{""w_0"": 1.8212, ""w_1"": 1.97, ""w_2"": 1.824, ""w_3"": 1.702, ""w_4"": 1.7, ""w_5"": 1.58, ""w_6"": 1.52, ""w_7"": 1.53, ""w_8"": 1.67, ""w_9"": 1.8, ""w_10"": 1.968, ""w_11"": 1.948, ""w_12"": 1.7832, ""w_13"": 1.83384, ""w_14"": 2.14, ""w_15"": 2.035, ""w_16"": 2.105, ""w_17"": 2.0933333333333337, ""w_18"": 2.0933333333333337, ""w_19"": 2.205, ""w_20"": 2.2}"
37,100974271034,2020-04-22,0,counterfactual,"{""w_0"": 1.9, ""w_1"": 1.8, ""w_2"": 2.0, ""w_3"": 1.8, ""w_4"": 1.7, ""w_5"": 1.7, ""w_6"": 1.6, ""w_7"": 1.5, ""w_8"": 1.5, ""w_9"": 1.7, ""w_10"": 1.8, ""w_11"": 2.0, ""w_12"": 1.9, ""w_13"": 1.8, ""w_14"": 1.834, ""w_15"": 2.14, ""w_16"": 2.035, ""w_17"": 2.105, ""w_18"": 2.09, ""w_19"": 2.09, ""w_20"": 2.2}"
38,100974271034,2020-04-23,0,factual,"{""w_0"": 1.97, ""w_1"": 1.824, ""w_2"": 1.702, ""w_3"": 1.7, ""w_4"": 1.58, ""w_5"": 1.52, ""w_6"": 1.53, ""w_7"": 1.67, ""w_8"": 1.8, ""w_9"": 1.968, ""w_10"": 1.948, ""w_11"": 1.7832, ""w_12"": 1.83384, ""w_13"": 2.14, ""w_14"": 2.035, ""w_15"": 2.105, ""w_16"": 2.0933333333333337, ""w_17"": 2.0933333333333337, ""w_18"": 2.205, ""w_19"": 2.2, ""w_20"": 2.275}"
38,100974271034,2020-04-23,0,counterfactual,"{""w_0"": 1.8, ""w_1"": 2.0, ""w_2"": 1.8, ""w_3"": 1.7, ""w_4"": 1.7, ""w_5"": 1.6, ""w_6"": 1.5, ""w_7"": 1.5, ""w_8"": 1.7, ""w_9"": 1.8, ""w_10"": 2.0, ""w_11"": 1.9, ""w_12"": 1.8, ""w_13"": 1.834, ""w_14"": 2.14, ""w_15"": 2.035, ""w_16"": 2.105, ""w_17"": 2.09, ""w_18"": 2.09, ""w_19"": 2.2, ""w_20"": 2.2}"
39,100974271034,2020-04-24,0,factual,"{""w_0"": 1.824, ""w_1"": 1.702, ""w_2"": 1.7, ""w_3"": 1.58, ""w_4"": 1.52, ""w_5"": 1.53, ""w_6"": 1.67, ""w_7"": 1.8, ""w_8"": 1.968, ""w_9"": 1.948, ""w_10"": 1.7832, ""w_11"": 1.83384, ""w_12"": 2.14, ""w_13"": 2.035, ""w_14"": 2.105, ""w_15"": 2.0933333333333337, ""w_16"": 2.0933333333333337, ""w_17"": 2.205, ""w_18"": 2.2, ""w_19"": 2.275, ""w_20"": 2.225}"
39,100974271034,2020-04-24,0,counterfactual,"{""w_0"": 1.8, ""w_1"": 2.0, ""w_2"": 1.8, ""w_3"": 1.7, ""w_4"": 1.7, ""w_5"": 1.6, ""w_6"": 1.5, ""w_7"": 1.5, ""w_8"": 1.7, ""w_9"": 1.8, ""w_10"": 2.0, ""w_11"": 1.9, ""w_12"": 1.783, ""w_13"": 1.834, ""w_14"": 2.14, ""w_15"": 2.035, ""w_16"": 2.11, ""w_17"": 2.09, ""w_18"": 2.09, ""w_19"": 2.2, ""w_20"": 2.2}"
40,100974271034,2020-04-27,0,factual,"{""w_0"": 1.702, ""w_1"": 1.7, ""w_2"": 1.58, ""w_3"": 1.52, ""w_4"": 1.53, ""w_5"": 1.67, ""w_6"": 1.8, ""w_7"": 1.968, ""w_8"": 1.948, ""w_9"": 1.7832, ""w_10"": 1.83384, ""w_11"": 2.14, ""w_12"": 2.035, ""w_13"": 2.105, ""w_14"": 2.0933333333333337, ""w_15"": 2.0933333333333337, ""w_16"": 2.205, ""w_17"": 2.2, ""w_18"": 2.275, ""w_19"": 2.225, ""w_20"": 2.315}"
40,100974271034,2020-04-27,0,counterfactual,"{""w_0"": 1.6, ""w_1"": 1.7, ""w_2"": 1.9, ""w_3"": 1.9, ""w_4"": 1.5, ""w_5"": 1.7, ""w_6"": 1.8, ""w_7"": 2.0, ""w_8"": 2.0, ""w_9"": 1.7, ""w_10"": 1.7, ""w_11"": 1.7, ""w_12"": 1.52, ""w_13"": 1.52, ""w_14"": 1.53, ""w_15"": 1.67, ""w_16"": 1.8, ""w_17"": 1.95, ""w_18"": 1.78, ""w_19"": 1.78, ""w_20"": 1.83}"
41,100974271034,2020-04-28,0,factual,"{""w_0"": 1.7, ""w_1"": 1.58, ""w_2"": 1.52, ""w_3"": 1.53, ""w_4"": 1.67, ""w_5"": 1.8, ""w_6"": 1.968, ""w_7"": 1.948, ""w_8"": 1.7832, ""w_9"": 1.83384, ""w_10"": 2.14, ""w_11"": 2.035, ""w_12"": 2.105, ""w_13"": 2.0933333333333337, ""w_14"": 2.0933333333333337, ""w_15"": 2.205, ""w_16"": 2.2, ""w_17"": 2.275, ""w_18"": 2.225, ""w_19"": 2.315, ""w_20"": 2.38}"
41,100974271034,2020-04-28,0,counterfactual,"{""w_0"": 1.7, ""w_1"": 1.8, ""w_2"": 1.6, ""w_3"": 1.7, ""w_4"": 1.7, ""w_5"": 1.9, ""w_6"": 2.0, ""w_7"": 1.7, ""w_8"": 1.9, ""w_9"": 1.8, ""w_10"": 1.97, ""w_11"": 1.824, ""w_12"": 1.702, ""w_13"": 1.7, ""w_14"": 1.58, ""w_15"": 1.52, ""w_16"": 1.53, ""w_17"": 1.67, ""w_18"": 1.8, ""w_19"": 1.97, ""w_20"": 1.95}"
42,100974271034,2020-04-29,0,factual,"{""w_0"": 1.58, ""w_1"": 1.52, ""w_2"": 1.53, ""w_3"": 1.67, ""w_4"": 1.8, ""w_5"": 1.968, ""w_6"": 1.948, ""w_7"": 1.7832, ""w_8"": 1.83384, ""w_9"": 2.14, ""w_10"": 2.035, ""w_11"": 2.105, ""w_12"": 2.0933333333333337, ""w_13"": 2.0933333333333337, ""w_14"": 2.205, ""w_15"": 2.2, ""w_16"": 2.275, ""w_17"": 2.225, ""w_18"": 2.315, ""w_19"": 2.38, ""w_20"": 2.5}"
42,100974271034,2020-04-29,0,counterfactual,"{""w_0"": 1.7, ""w_1"": 1.8, ""w_2"": 1.6, ""w_3"": 1.7, ""w_4"": 1.7, ""w_5"": 1.9, ""w_6"": 2.0, ""w_7"": 1.7, ""w_8"": 1.9, ""w_9"": 1.821, ""w_10"": 1.97, ""w_11"": 1.824, ""w_12"": 1.702, ""w_13"": 1.7, ""w_14"": 1.58, ""w_15"": 1.52, ""w_16"": 1.53, ""w_17"": 1.67, ""w_18"": 1.8, ""w_19"": 1.97, ""w_20"": 1.95}"
43,100974271034,2020-04-30,0,factual,"{""w_0"": 1.52, ""w_1"": 1.53, ""w_2"": 1.67, ""w_3"": 1.8, ""w_4"": 1.968, ""w_5"": 1.948, ""w_6"": 1.7832, ""w_7"": 1.83384, ""w_8"": 2.14, ""w_9"": 2.035, ""w_10"": 2.105, ""w_11"": 2.0933333333333337, ""w_12"": 2.0933333333333337, ""w_13"": 2.205, ""w_14"": 2.2, ""w_15"": 2.275, ""w_16"": 2.225, ""w_17"": 2.315, ""w_18"": 2.38, ""w_19"": 2.5, ""w_20"": 2.345}"
43,100974271034,2020-04-30,0,counterfactual,"{""w_0"": 1.6, ""w_1"": 1.7, ""w_2"": 1.7, ""w_3"": 1.9, ""w_4"": 2.0, ""w_5"": 1.7, ""w_6"": 1.9, ""w_7"": 1.8, ""w_8"": 1.97, ""w_9"": 1.824, ""w_10"": 1.702, ""w_11"": 1.7, ""w_12"": 1.58, ""w_13"": 1.52, ""w_14"": 1.53, ""w_15"": 1.67, ""w_16"": 1.8, ""w_17"": 1.97, ""w_18"": 1.95, ""w_19"": 1.78, ""w_20"": 1.83}"
44,100974271034,2020-05-01,0,factual,"{""w_0"": 1.53, ""w_1"": 1.67, ""w_2"": 1.8, ""w_3"": 1.968, ""w_4"": 1.948, ""w_5"": 1.7832, ""w_6"": 1.83384, ""w_7"": 2.14, ""w_8"": 2.035, ""w_9"": 2.105, ""w_10"": 2.0933333333333337, ""w_11"": 2.0933333333333337, ""w_12"": 2.205, ""w_13"": 2.2, ""w_14"": 2.275, ""w_15"": 2.225, ""w_16"": 2.315, ""w_17"": 2.38, ""w_18"": 2.5, ""w_19"": 2.345, ""w_20"": 2.353}"
44,100974271034,2020-05-01,0,counterfactual,"{""w_0"": 1.6, ""w_1"": 1.5, ""w_2"": 1.5, ""w_3"": 1.7, ""w_4"": 1.8, ""w_5"": 2.0, ""w_6"": 1.9, ""w_7"": 1.783, ""w_8"": 1.834, ""w_9"": 2.14, ""w_10"": 2.035, ""w_11"": 2.11, ""w_12"": 2.09, ""w_13"": 2.09, ""w_14"": 2.2, ""w_15"": 2.2, ""w_16"": 2.28, ""w_17"": 2.22, ""w_18"": 2.32, ""w_19"": 2.38, ""w_20"": 2.5}"
45,100974271034,2020-05-04,0,factual,"{""w_0"": 1.67, ""w_1"": 1.8, ""w_2"": 1.968, ""w_3"": 1.948, ""w_4"": 1.7832, ""w_5"": 1.83384, ""w_6"": 2.14, ""w_7"": 2.035, ""w_8"": 2.105, ""w_9"": 2.0933333333333337, ""w_10"": 2.0933333333333337, ""w_11"": 2.205, ""w_12"": 2.2, ""w_13"": 2.275, ""w_14"": 2.225, ""w_15"": 2.315, ""w_16"": 2.38, ""w_17"": 2.5, ""w_18"": 2.345, ""w_19"": 2.353, ""w_20"": 2.15}"
45,100974271034,2020-05-04,0,counterfactual,"{""w_0"": 1.5, ""w_1"": 1.7, ""w_2"": 1.8, ""w_3"": 2.0, ""w_4"": 1.9, ""w_5"": 1.8, ""w_6"": 1.834, ""w_7"": 2.14, ""w_8"": 2.035, ""w_9"": 2.105, ""w_10"": 2.09, ""w_11"": 2.09, ""w_12"": 2.2, ""w_13"": 2.2, ""w_14"": 2.28, ""w_15"": 2.22, ""w_16"": 2.32, ""w_17"": 2.38, ""w_18"": 2.5, ""w_19"": 2.35, ""w_20"": 2.35}"
46,100974271034,2020-05-05,0,factual,"{""w_0"": 1.8, ""w_1"": 1.968, ""w_2"": 1.948, ""w_3"": 1.7832, ""w_4"": 1.83384, ""w_5"": 2.14, ""w_6"": 2.035, ""w_7"": 2.105, ""w_8"": 2.0933333333333337, ""w_9"": 2.0933333333333337, ""w_10"": 2.205, ""w_11"": 2.2, ""w_12"": 2.275, ""w_13"": 2.225, ""w_14"": 2.315, ""w_15"": 2.38, ""w_16"": 2.5, ""w_17"": 2.345, ""w_18"": 2.353, ""w_19"": 2.15, ""w_20"": 2.15}"
46,100974271034,2020-05-05,0,counterfactual,"{""w_0"": 1.7, ""w_1"": 1.8, ""w_2"": 2.0, ""w_3"": 1.9, ""w_4"": 1.8, ""w_5"": 1.834, ""w_6"": 2.14, ""w_7"": 2.035, ""w_8"": 2.105, ""w_9"": 2.09, ""w_10"": 2.09, ""w_11"": 2.2, ""w_12"": 2.2, ""w_13"": 2.28, ""w_14"": 2.22, ""w_15"": 2.32, ""w_16"": 2.38, ""w_17"": 2.5, ""w_18"": 2.35, ""w_19"": 2.35, ""w_20"": 2.15}"
47,100974271034,2020-05-06,0,factual,"{""w_0"": 1.968, ""w_1"": 1.948, ""w_2"": 1.7832, ""w_3"": 1.83384, ""w_4"": 2.14, ""w_5"": 2.035, ""w_6"": 2.105, ""w_7"": 2.0933333333333337, ""w_8"": 2.0933333333333337, ""w_9"": 2.205, ""w_10"": 2.2, ""w_11"": 2.275, ""w_12"": 2.225, ""w_13"": 2.315, ""w_14"": 2.38, ""w_15"": 2.5, ""w_16"": 2.345, ""w_17"": 2.353, ""w_18"": 2.15, ""w_19"": 2.15, ""w_20"": 2.16}"
47,100974271034,2020-05-06,0,counterfactual,"{""w_0"": 1.8, ""w_1"": 2.0, ""w_2"": 1.9, ""w_3"": 1.8, ""w_4"": 1.834, ""w_5"": 2.14, ""w_6"": 2.035, ""w_7"": 2.105, ""w_8"": 2.09, ""w_9"": 2.09, ""w_10"": 2.2, ""w_11"": 2.2, ""w_12"": 2.28, ""w_13"": 2.22, ""w_14"": 2.32, ""w_15"": 2.38, ""w_16"": 2.5, ""w_17"": 2.35, ""w_18"": 2.35, ""w_19"": 2.15, ""w_20"": 2.15}"
48,100974271034,2020-05-07,0,factual,"{""w_0"": 1.948, ""w_1"": 1.7832, ""w_2"": 1.83384, ""w_3"": 2.14, ""w_4"": 2.035, ""w_5"": 2.105, ""w_6"": 2.0933333333333337, ""w_7"": 2.0933333333333337, ""w_8"": 2.205, ""w_9"": 2.2, ""w_10"": 2.275, ""w_11"": 2.225, ""w_12"": 2.315, ""w_13"": 2.38, ""w_14"": 2.5, ""w_15"": 2.345, ""w_16"": 2.353, ""w_17"": 2.15, ""w_18"": 2.15, ""w_19"": 2.16, ""w_20"": 2.185}"
48,100974271034,2020-05-07,0,counterfactual,"{""w_0"": 1.8, ""w_1"": 2.0, ""w_2"": 1.9, ""w_3"": 1.783, ""w_4"": 1.834, ""w_5"": 2.14, ""w_6"": 2.035, ""w_7"": 2.11, ""w_8"": 2.09, ""w_9"": 2.09, ""w_10"": 2.2, ""w_11"": 2.2, ""w_12"": 2.28, ""w_13"": 2.22, ""w_14"": 2.32, ""w_15"": 2.38, ""w_16"": 2.5, ""w_17"": 2.35, ""w_18"": 2.35, ""w_19"": 2.15, ""w_20"": 2.15}"
49,100974271034,2020-05-08,0,factual,"{""w_0"": 1.7832, ""w_1"": 1.83384, ""w_2"": 2.14, ""w_3"": 2.035, ""w_4"": 2.105, ""w_5"": 2.0933333333333337, ""w_6"": 2.0933333333333337, ""w_7"": 2.205, ""w_8"": 2.2, ""w_9"": 2.275, ""w_10"": 2.225, ""w_11"": 2.315, ""w_12"": 2.38, ""w_13"": 2.5, ""w_14"": 2.345, ""w_15"": 2.353, ""w_16"": 2.15, ""w_17"": 2.15, ""w_18"": 2.16, ""w_19"": 2.185, ""w_20"": 2.315}"
49,100974271034,2020-05-08,0,counterfactual,"{""w_0"": 1.5, ""w_1"": 1.7, ""w_2"": 1.8, ""w_3"": 1.968, ""w_4"": 1.948, ""w_5"": 1.783, ""w_6"": 1.83, ""w_7"": 2.14, ""w_8"": 2.04, ""w_9"": 2.11, ""w_10"": 2.09, ""w_11"": 2.09, ""w_12"": 2.2, ""w_13"": 2.2, ""w_14"": 2.28, ""w_15"": 2.22, ""w_16"": 2.32, ""w_17"": 2.38, ""w_18"": 2.5, ""w_19"": 2.35, ""w_20"": 2.35}"
50,100974271034,2020-05-11,0,factual,"{""w_0"": 1.83384, ""w_1"": 2.14, ""w_2"": 2.035, ""w_3"": 2.105, ""w_4"": 2.0933333333333337, ""w_5"": 2.0933333333333337, ""w_6"": 2.205, ""w_7"": 2.2, ""w_8"": 2.275, ""w_9"": 2.225, ""w_10"": 2.315, ""w_11"": 2.38, ""w_12"": 2.5, ""w_13"": 2.345, ""w_14"": 2.353, ""w_15"": 2.15, ""w_16"": 2.15, ""w_17"": 2.16, ""w_18"": 2.185, ""w_19"": 2.315, ""w_20"": 2.3}"
50,100974271034,2020-05-11,0,counterfactual,"{""w_0"": 1.8, ""w_1"": 1.834, ""w_2"": 2.14, ""w_3"": 2.035, ""w_4"": 2.105, ""w_5"": 2.09, ""w_6"": 2.09, ""w_7"": 2.2, ""w_8"": 2.2, ""w_9"": 2.28, ""w_10"": 2.22, ""w_11"": 2.32, ""w_12"": 2.38, ""w_13"": 2.5, ""w_14"": 2.35, ""w_15"": 2.35, ""w_16"": 2.15, ""w_17"": 2.15, ""w_18"": 2.16, ""w_19"": 2.18, ""w_20"": 2.32}"
51,100974271034,2020-05-12,0,factual,"{""w_0"": 2.14, ""w_1"": 2.035, ""w_2"": 2.105, ""w_3"": 2.0933333333333337, ""w_4"": 2.0933333333333337, ""w_5"": 2.205, ""w_6"": 2.2, ""w_7"": 2.275, ""w_8"": 2.225, ""w_9"": 2.315, ""w_10"": 2.38, ""w_11"": 2.5, ""w_12"": 2.345, ""w_13"": 2.353, ""w_14"": 2.15, ""w_15"": 2.15, ""w_16"": 2.16, ""w_17"": 2.185, ""w_18"": 2.315, ""w_19"": 2.3, ""w_20"": 2.335}"
51,100974271034,2020-05-12,0,counterfactual,"{""w_0"": 1.968, ""w_1"": 1.948, ""w_2"": 1.783, ""w_3"": 1.834, ""w_4"": 2.14, ""w_5"": 2.04, ""w_6"": 2.11, ""w_7"": 2.09, ""w_8"": 2.09, ""w_9"": 2.2, ""w_10"": 2.2, ""w_11"": 2.28, ""w_12"": 2.22, ""w_13"": 2.32, ""w_14"": 2.38, ""w_15"": 2.5, ""w_16"": 2.35, ""w_17"": 2.35, ""w_18"": 2.15, ""w_19"": 2.15, ""w_20"": 2.16}"
52,100974271034,2020-05-13,0,factual,"{""w_0"": 2.035, ""w_1"": 2.105, ""w_2"": 2.0933333333333337, ""w_3"": 2.0933333333333337, ""w_4"": 2.205, ""w_5"": 2.2, ""w_6"": 2.275, ""w_7"": 2.225, ""w_8"": 2.315, ""w_9"": 2.38, ""w_10"": 2.5, ""w_11"": 2.345, ""w_12"": 2.353, ""w_13"": 2.15, ""w_14"": 2.15, ""w_15"": 2.16, ""w_16"": 2.185, ""w_17"": 2.315, ""w_18"": 2.3, ""w_19"": 2.335, ""w_20"": 2.185}"
52,100974271034,2020-05-13,0,counterfactual,"{""w_0"": 2.14, ""w_1"": 2.035, ""w_2"": 2.105, ""w_3"": 2.09, ""w_4"": 2.09, ""w_5"": 2.2, ""w_6"": 2.2, ""w_7"": 2.28, ""w_8"": 2.22, ""w_9"": 2.32, ""w_10"": 2.38, ""w_11"": 2.5, ""w_12"": 2.35, ""w_13"": 2.35, ""w_14"": 2.15, ""w_15"": 2.15, ""w_16"": 2.16, ""w_17"": 2.18, ""w_18"": 2.32, ""w_19"": 2.3, ""w_20"": 2.34}"
53,100974271034,2020-05-14,0,factual,"{""w_0"": 2.105, ""w_1"": 2.0933333333333337, ""w_2"": 2.0933333333333337, ""w_3"": 2.205, ""w_4"": 2.2, ""w_5"": 2.275, ""w_6"": 2.225, ""w_7"": 2.315, ""w_8"": 2.38, ""w_9"": 2.5, ""w_10"": 2.345, ""w_11"": 2.353, ""w_12"": 2.15, ""w_13"": 2.15, ""w_14"": 2.16, ""w_15"": 2.185, ""w_16"": 2.315, ""w_17"": 2.3, ""w_18"": 2.335, ""w_19"": 2.185, ""w_20"": 2.145}"
53,100974271034,2020-05-14,0,counterfactual,"{""w_0"": 2.035, ""w_1"": 2.105, ""w_2"": 2.09, ""w_3"": 2.09, ""w_4"": 2.2, ""w_5"": 2.2, ""w_6"": 2.28, ""w_7"": 2.22, ""w_8"": 2.32, ""w_9"": 2.38, ""w_10"": 2.5, ""w_11"": 2.35, ""w_12"": 2.35, ""w_13"": 2.15, ""w_14"": 2.15, ""w_15"": 2.16, ""w_16"": 2.18, ""w_17"": 2.32, ""w_18"": 2.3, ""w_19"": 2.34, ""w_20"": 2.18}"
54,100974271034,2020-05-15,0,factual,"{""w_0"": 2.0933333333333337, ""w_1"": 2.0933333333333337, ""w_2"": 2.205, ""w_3"": 2.2, ""w_4"": 2.275, ""w_5"": 2.225, ""w_6"": 2.315, ""w_7"": 2.38, ""w_8"": 2.5, ""w_9"": 2.345, ""w_10"": 2.353, ""w_11"": 2.15, ""w_12"": 2.15, ""w_13"": 2.16, ""w_14"": 2.185, ""w_15"": 2.315, ""w_16"": 2.3, ""w_17"": 2.335, ""w_18"": 2.185, ""w_19"": 2.145, ""w_20"": 2.175}"
54,100974271034,2020-05-15,0,counterfactual,"{""w_0"": 1.834, ""w_1"": 2.14, ""w_2"": 2.04, ""w_3"": 2.11, ""w_4"": 2.09, ""w_5"": 2.09, ""w_6"": 2.2, ""w_7"": 2.2, ""w_8"": 2.28, ""w_9"": 2.22, ""w_10"": 2.32, ""w_11"": 2.38, ""w_12"": 2.5, ""w_13"": 2.35, ""w_14"": 2.35, ""w_15"": 2.15, ""w_16"": 2.15, ""w_17"": 2.16, ""w_18"": 2.18, ""w_19"": 2.32, ""w_20"": 2.3}"
55,100974271034,2020-05-18,0,factual,"{""w_0"": 2.0933333333333337, ""w_1"": 2.205, ""w_2"": 2.2, ""w_3"": 2.275, ""w_4"": 2.225, ""w_5"": 2.315, ""w_6"": 2.38, ""w_7"": 2.5, ""w_8"": 2.345, ""w_9"": 2.353, ""w_10"": 2.15, ""w_11"": 2.15, ""w_12"": 2.16, ""w_13"": 2.185, ""w_14"": 2.315, ""w_15"": 2.3, ""w_16"": 2.335, ""w_17"": 2.185, ""w_18"": 2.145, ""w_19"": 2.175, ""w_20"": 2.295}"
55,100974271034,2020-05-18,0,counterfactual,"{""w_0"": 2.09, ""w_1"": 2.09, ""w_2"": 2.2, ""w_3"": 2.2, ""w_4"": 2.28, ""w_5"": 2.22, ""w_6"": 2.32, ""w_7"": 2.38, ""w_8"": 2.5, ""w_9"": 2.35, ""w_10"": 2.35, ""w_11"": 2.15, ""w_12"": 2.15, ""w_13"": 2.16, ""w_14"": 2.18, ""w_15"": 2.32, ""w_16"": 2.3, ""w_17"": 2.34, ""w_18"": 2.18, ""w_19"": 2.14, ""w_20"": 2.17}"
56,100974271034,2020-05-19,0,factual,"{""w_0"": 2.205, ""w_1"": 2.2, ""w_2"": 2.275, ""w_3"": 2.225, ""w_4"": 2.315, ""w_5"": 2.38, ""w_6"": 2.5, ""w_7"": 2.345, ""w_8"": 2.353, ""w_9"": 2.15, ""w_10"": 2.15, ""w_11"": 2.16, ""w_12"": 2.185, ""w_13"": 2.315, ""w_14"": 2.3, ""w_15"": 2.335, ""w_16"": 2.185, ""w_17"": 2.145, ""w_18"": 2.175, ""w_19"": 2.295, ""w_20"": 2.29}"
56,100974271034,2020-05-19,0,counterfactual,"{""w_0"": 2.04, ""w_1"": 2.11, ""w_2"": 2.09, ""w_3"": 2.09, ""w_4"": 2.2, ""w_5"": 2.2, ""w_6"": 2.28, ""w_7"": 2.22, ""w_8"": 2.32, ""w_9"": 2.38, ""w_10"": 2.5, ""w_11"": 2.35, ""w_12"": 2.35, ""w_13"": 2.15, ""w_14"": 2.15, ""w_15"": 2.16, ""w_16"": 2.18, ""w_17"": 2.32, ""w_18"": 2.3, ""w_19"": 2.34, ""w_20"": 2.18}"
57,100974271034,2020-05-20,0,factual,"{""w_0"": 2.2, ""w_1"": 2.275, ""w_2"": 2.225, ""w_3"": 2.315, ""w_4"": 2.38, ""w_5"": 2.5, ""w_6"": 2.345, ""w_7"": 2.353, ""w_8"": 2.15, ""w_9"": 2.15, ""w_10"": 2.16, ""w_11"": 2.185, ""w_12"": 2.315, ""w_13"": 2.3, ""w_14"": 2.335, ""w_15"": 2.185, ""w_16"": 2.145, ""w_17"": 2.175, ""w_18"": 2.295, ""w_19"": 2.29, ""w_20"": 2.33}"
57,100974271034,2020-05-20,0,counterfactual,"{""w_0"": 2.11, ""w_1"": 2.09, ""w_2"": 2.09, ""w_3"": 2.2, ""w_4"": 2.2, ""w_5"": 2.28, ""w_6"": 2.22, ""w_7"": 2.32, ""w_8"": 2.38, ""w_9"": 2.5, ""w_10"": 2.35, ""w_11"": 2.35, ""w_12"": 2.15, ""w_13"": 2.15, ""w_14"": 2.16, ""w_15"": 2.18, ""w_16"": 2.32, ""w_17"": 2.3, ""w_18"": 2.34, ""w_19"": 2.18, ""w_20"": 2.14}"
58,100974271034,2020-05-21,0,factual,"{""w_0"": 2.275, ""w_1"": 2.225, ""w_2"": 2.315, ""w_3"": 2.38, ""w_4"": 2.5, ""w_5"": 2.345, ""w_6"": 2.353, ""w_7"": 2.15, ""w_8"": 2.15, ""w_9"": 2.16, ""w_10"": 2.185, ""w_11"": 2.315, ""w_12"": 2.3, ""w_13"": 2.335, ""w_14"": 2.185, ""w_15"": 2.145, ""w_16"": 2.175, ""w_17"": 2.295, ""w_18"": 2.29, ""w_19"": 2.33, ""w_20"": 2.27}"
58,100974271034,2020-05-21,0,counterfactual,"{""w_0"": 1.78, ""w_1"": 1.83, ""w_2"": 2.14, ""w_3"": 2.04, ""w_4"": 2.11, ""w_5"": 2.09, ""w_6"": 2.09, ""w_7"": 2.2, ""w_8"": 2.2, ""w_9"": 2.28, ""w_10"": 2.22, ""w_11"": 2.32, ""w_12"": 2.38, ""w_13"": 2.5, ""w_14"": 2.35, ""w_15"": 2.35, ""w_16"": 2.15, ""w_17"": 2.15, ""w_18"": 2.16, ""w_19"": 2.18, ""w_20"": 2.32}"
59,100974271034,2020-05-22,0,factual,"{""w_0"": 2.225, ""w_1"": 2.315, ""w_2"": 2.38, ""w_3"": 2.5, ""w_4"": 2.345, ""w_5"": 2.353, ""w_6"": 2.15, ""w_7"": 2.15, ""w_8"": 2.16, ""w_9"": 2.185, ""w_10"": 2.315, ""w_11"": 2.3, ""w_12"": 2.335, ""w_13"": 2.185, ""w_14"": 2.145, ""w_15"": 2.175, ""w_16"": 2.295, ""w_17"": 2.29, ""w_18"": 2.33, ""w_19"": 2.27, ""w_20"": 2.24}"
59,100974271034,2020-05-22,0,counterfactual,"{""w_0"": 1.83, ""w_1"": 2.14, ""w_2"": 2.04, ""w_3"": 2.11, ""w_4"": 2.09, ""w_5"": 2.09, ""w_6"": 2.2, ""w_7"": 2.2, ""w_8"": 2.28, ""w_9"": 2.22, ""w_10"": 2.32, ""w_11"": 2.38, ""w_12"": 2.5, ""w_13"": 2.35, ""w_14"": 2.35, ""w_15"": 2.15, ""w_16"": 2.15, ""w_17"": 2.16, ""w_18"": 2.18, ""w_19"": 2.32, ""w_20"": 2.3}"
60,100974271034,2020-05-25,0,factual,"{""w_0"": 2.315, ""w_1"": 2.38, ""w_2"": 2.5, ""w_3"": 2.345, ""w_4"": 2.353, ""w_5"": 2.15, ""w_6"": 2.15, ""w_7"": 2.16, ""w_8"": 2.185, ""w_9"": 2.315, ""w_10"": 2.3, ""w_11"": 2.335, ""w_12"": 2.185, ""w_13"": 2.145, ""w_14"": 2.175, ""w_15"": 2.295, ""w_16"": 2.29, ""w_17"": 2.33, ""w_18"": 2.27, ""w_19"": 2.24, ""w_20"": 2.29}"
60,100974271034,2020-05-25,0,counterfactual,"{""w_0"": 2.2, ""w_1"": 2.2, ""w_2"": 2.28, ""w_3"": 2.22, ""w_4"": 2.32, ""w_5"": 2.38, ""w_6"": 2.5, ""w_7"": 2.35, ""w_8"": 2.35, ""w_9"": 2.15, ""w_10"": 2.15, ""w_11"": 2.16, ""w_12"": 2.18, ""w_13"": 2.32, ""w_14"": 2.3, ""w_15"": 2.34, ""w_16"": 2.18, ""w_17"": 2.14, ""w_18"": 2.17, ""w_19"": 2.3, ""w_20"": 2.29}"
61,100974271034,2020-05-26,0,factual,"{""w_0"": 2.38, ""w_1"": 2.5, ""w_2"": 2.345, ""w_3"": 2.353, ""w_4"": 2.15, ""w_5"": 2.15, ""w_6"": 2.16, ""w_7"": 2.185, ""w_8"": 2.315, ""w_9"": 2.3, ""w_10"": 2.335, ""w_11"": 2.185, ""w_12"": 2.145, ""w_13"": 2.175, ""w_14"": 2.295, ""w_15"": 2.29, ""w_16"": 2.33, ""w_17"": 2.27, ""w_18"": 2.24, ""w_19"": 2.29, ""w_20"": 2.42}"
61,100974271034,2020-05-26,0,counterfactual,"{""w_0"": 2.2, ""w_1"": 2.28, ""w_2"": 2.22, ""w_3"": 2.32, ""w_4"": 2.38, ""w_5"": 2.5, ""w_6"": 2.35, ""w_7"": 2.35, ""w_8"": 2.15, ""w_9"": 2.15, ""w_10"": 2.16, ""w_11"": 2.18, ""w_12"": 2.32, ""w_13"": 2.3, ""w_14"": 2.34, ""w_15"": 2.18, ""w_16"": 2.14, ""w_17"": 2.17, ""w_18"": 2.3, ""w_19"": 2.29, ""w_20"": 2.33}"
62,100974271034,2020-05-27,0,factual,"{""w_0"": 2.5, ""w_1"": 2.345, ""w_2"": 2.353, ""w_3"": 2.15, ""w_4"": 2.15, ""w_5"": 2.16, ""w_6"": 2.185, ""w_7"": 2.315, ""w_8"": 2.3, ""w_9"": 2.335, ""w_10"": 2.185, ""w_11"": 2.145, ""w_12"": 2.175, ""w_13"": 2.295, ""w_14"": 2.29, ""w_15"": 2.33, ""w_16"": 2.27, ""w_17"": 2.24, ""w_18"": 2.29, ""w_19"": 2.42, ""w_20"": 2.41}"
62,100974271034,2020-05-27,0,counterfactual,"{""w_0"": 2.11, ""w_1"": 2.09, ""w_2"": 2.09, ""w_3"": 2.2, ""w_4"": 2.2, ""w_5"": 2.28, ""w_6"": 2.22, ""w_7"": 2.32, ""w_8"": 2.38, ""w_9"": 2.5, ""w_10"": 2.35, ""w_11"": 2.35, ""w_12"": 2.15, ""w_13"": 2.15, ""w_14"": 2.16, ""w_15"": 2.18, ""w_16"": 2.32, ""w_17"": 2.3, ""w_18"": 2.34, ""w_19"": 2.18, ""w_20"": 2.14}"
63,100974271034,2020-05-28,0,factual,"{""w_0"": 2.345, ""w_1"": 2.353, ""w_2"": 2.15, ""w_3"": 2.15, ""w_4"": 2.16, ""w_5"": 2.185, ""w_6"": 2.315, ""w_7"": 2.3, ""w_8"": 2.335, ""w_9"": 2.185, ""w_10"": 2.145, ""w_11"": 2.175, ""w_12"": 2.295, ""w_13"": 2.29, ""w_14"": 2.33, ""w_15"": 2.27, ""w_16"": 2.24, ""w_17"": 2.29, ""w_18"": 2.42, ""w_19"": 2.41, ""w_20"": 2.42}"
63,100974271034,2020-05-28,0,counterfactual,"{""w_0"": 2.22, ""w_1"": 2.32, ""w_2"": 2.38, ""w_3"": 2.5, ""w_4"": 2.35, ""w_5"": 2.35, ""w_6"": 2.15, ""w_7"": 2.15, ""w_8"": 2.16, ""w_9"": 2.18, ""w_10"": 2.32, ""w_11"": 2.3, ""w_12"": 2.34, ""w_13"": 2.18, ""w_14"": 2.14, ""w_15"": 2.17, ""w_16"": 2.3, ""w_17"": 2.29, ""w_18"": 2.33, ""w_19"": 2.27, ""w_20"": 2.24}"
64,100974271034,2020-05-29,0,factual,"{""w_0"": 2.353, ""w_1"": 2.15, ""w_2"": 2.15, ""w_3"": 2.16, ""w_4"": 2.185, ""w_5"": 2.315, ""w_6"": 2.3, ""w_7"": 2.335, ""w_8"": 2.185, ""w_9"": 2.145, ""w_10"": 2.175, ""w_11"": 2.295, ""w_12"": 2.29, ""w_13"": 2.33, ""w_14"": 2.27, ""w_15"": 2.24, ""w_16"": 2.29, ""w_17"": 2.42, ""w_18"": 2.41, ""w_19"": 2.42, ""w_20"": 2.38}"
64,100974271034,2020-05-29,0,counterfactual,"{""w_0"": 2.5, ""w_1"": 2.35, ""w_2"": 2.35, ""w_3"": 2.15, ""w_4"": 2.15, ""w_5"": 2.16, ""w_6"": 2.18, ""w_7"": 2.32, ""w_8"": 2.3, ""w_9"": 2.34, ""w_10"": 2.18, ""w_11"": 2.14, ""w_12"": 2.17, ""w_13"": 2.3, ""w_14"": 2.29, ""w_15"": 2.33, ""w_16"": 2.27, ""w_17"": 2.24, ""w_18"": 2.29, ""w_19"": 2.42, ""w_20"": 2.41}"
65,100974271034,2020-06-01,0,factual,"{""w_0"": 2.15, ""w_1"": 2.15, ""w_2"": 2.16, ""w_3"": 2.185, ""w_4"": 2.315, ""w_5"": 2.3, ""w_6"": 2.335, ""w_7"": 2.185, ""w_8"": 2.145, ""w_9"": 2.175, ""w_10"": 2.295, ""w_11"": 2.29, ""w_12"": 2.33, ""w_13"": 2.27, ""w_14"": 2.24, ""w_15"": 2.29, ""w_16"": 2.42, ""w_17"": 2.41, ""w_18"": 2.42, ""w_19"": 2.38, ""w_20"": 2.38}"
65,100974271034,2020-06-01,0,counterfactual,"{""w_0"": 2.35, ""w_1"": 2.15, ""w_2"": 2.15, ""w_3"": 2.16, ""w_4"": 2.18, ""w_5"": 2.32, ""w_6"": 2.3, ""w_7"": 2.34, ""w_8"": 2.18, ""w_9"": 2.14, ""w_10"": 2.17, ""w_11"": 2.3, ""w_12"": 2.29, ""w_13"": 2.33, ""w_14"": 2.27, ""w_15"": 2.24, ""w_16"": 2.29, ""w_17"": 2.42, ""w_18"": 2.41, ""w_19"": 2.42, ""w_20"": 2.38}"
66,100974271034,2020-06-02,0,factual,"{""w_0"": 2.15, ""w_1"": 2.16, ""w_2"": 2.185, ""w_3"": 2.315, ""w_4"": 2.3, ""w_5"": 2.335, ""w_6"": 2.185, ""w_7"": 2.145, ""w_8"": 2.175, ""w_9"": 2.295, ""w_10"": 2.29, ""w_11"": 2.33, ""w_12"": 2.27, ""w_13"": 2.24, ""w_14"": 2.29, ""w_15"": 2.42, ""w_16"": 2.41, ""w_17"": 2.42, ""w_18"": 2.38, ""w_19"": 2.38, ""w_20"": 2.5}"
66,100974271034,2020-06-02,0,counterfactual,"{""w_0"": 2.5, ""w_1"": 2.35, ""w_2"": 2.35, ""w_3"": 2.15, ""w_4"": 2.15, ""w_5"": 2.16, ""w_6"": 2.18, ""w_7"": 2.32, ""w_8"": 2.3, ""w_9"": 2.34, ""w_10"": 2.18, ""w_11"": 2.14, ""w_12"": 2.17, ""w_13"": 2.3, ""w_14"": 2.29, ""w_15"": 2.33, ""w_16"": 2.27, ""w_17"": 2.24, ""w_18"": 2.29, ""w_19"": 2.42, ""w_20"": 2.41}"
67,100974271034,2020-06-03,0,factual,"{""w_0"": 2.16, ""w_1"": 2.185, ""w_2"": 2.315, ""w_3"": 2.3, ""w_4"": 2.335, ""w_5"": 2.185, ""w_6"": 2.145, ""w_7"": 2.175, ""w_8"": 2.295, ""w_9"": 2.29, ""w_10"": 2.33, ""w_11"": 2.27, ""w_12"": 2.24, ""w_13"": 2.29, ""w_14"": 2.42, ""w_15"": 2.41, ""w_16"": 2.42, ""w_17"": 2.38, ""w_18"": 2.38, ""w_19"": 2.5, ""w_20"": 2.54}"
67,100974271034,2020-06-03,0,counterfactual,"{""w_0"": 2.35, ""w_1"": 2.35, ""w_2"": 2.15, ""w_3"": 2.15, ""w_4"": 2.16, ""w_5"": 2.18, ""w_6"": 2.32, ""w_7"": 2.3, ""w_8"": 2.34, ""w_9"": 2.18, ""w_10"": 2.14, ""w_11"": 2.17, ""w_12"": 2.3, ""w_13"": 2.29, ""w_14"": 2.33, ""w_15"": 2.27, ""w_16"": 2.24, ""w_17"": 2.29, ""w_18"": 2.42, ""w_19"": 2.41, ""w_20"": 2.42}"
68,100974271034,2020-06-04,0,factual,"{""w_0"": 2.185, ""w_1"": 2.315, ""w_2"": 2.3, ""w_3"": 2.335, ""w_4"": 2.185, ""w_5"": 2.145, ""w_6"": 2.175, ""w_7"": 2.295, ""w_8"": 2.29, ""w_9"": 2.33, ""w_10"": 2.27, ""w_11"": 2.24, ""w_12"": 2.29, ""w_13"": 2.42, ""w_14"": 2.41, ""w_15"": 2.42, ""w_16"": 2.38, ""w_17"": 2.38, ""w_18"": 2.5, ""w_19"": 2.54, ""w_20"": 2.485}"
68,100974271034,2020-06-04,0,counterfactual,"{""w_0"": 2.35, ""w_1"": 2.15, ""w_2"": 2.15, ""w_3"": 2.16, ""w_4"": 2.18, ""w_5"": 2.32, ""w_6"": 2.3, ""w_7"": 2.34, ""w_8"": 2.18, ""w_9"": 2.14, ""w_10"": 2.17, ""w_11"": 2.3, ""w_12"": 2.29, ""w_13"": 2.33, ""w_14"": 2.27, ""w_15"": 2.24, ""w_16"": 2.29, ""w_17"": 2.42, ""w_18"": 2.41, ""w_19"": 2.42, ""w_20"": 2.38}"
69,100974271034,2020-06-05,0,factual,"{""w_0"": 2.315, ""w_1"": 2.3, ""w_2"": 2.335, ""w_3"": 2.185, ""w_4"": 2.145, ""w_5"": 2.175, ""w_6"": 2.295, ""w_7"": 2.29, ""w_8"": 2.33, ""w_9"": 2.27, ""w_10"": 2.24, ""w_11"": 2.29, ""w_12"": 2.42, ""w_13"": 2.41, ""w_14"": 2.42, ""w_15"": 2.38, ""w_16"": 2.38, ""w_17"": 2.5, ""w_18"": 2.54, ""w_19"": 2.485, ""w_20"": 2.525}"
69,100974271034,2020-06-05,0,counterfactual,"{""w_0"": 1.67, ""w_1"": 1.8, ""w_2"": 1.97, ""w_3"": 1.95, ""w_4"": 1.78, ""w_5"": 1.83, ""w_6"": 2.14, ""w_7"": 2.04, ""w_8"": 2.11, ""w_9"": 2.09, ""w_10"": 2.09, ""w_11"": 2.2, ""w_12"": 2.2, ""w_13"": 2.28, ""w_14"": 2.22, ""w_15"": 2.32, ""w_16"": 2.38, ""w_17"": 2.5, ""w_18"": 2.35, ""w_19"": 2.35, ""w_20"": 2.15}"
70,100974271034,2020-06-08,0,factual,"{""w_0"": 2.3, ""w_1"": 2.335, ""w_2"": 2.185, ""w_3"": 2.145, ""w_4"": 2.175, ""w_5"": 2.295, ""w_6"": 2.29, ""w_7"": 2.33, ""w_8"": 2.27, ""w_9"": 2.24, ""w_10"": 2.29, ""w_11"": 2.42, ""w_12"": 2.41, ""w_13"": 2.42, ""w_14"": 2.38, ""w_15"": 2.38, ""w_16"": 2.5, ""w_17"": 2.54, ""w_18"": 2.485, ""w_19"": 2.525, ""w_20"": 2.486}"
70,100974271034,2020-06-08,0,counterfactual,"{""w_0"": 2.15, ""w_1"": 2.16, ""w_2"": 2.18, ""w_3"": 2.32, ""w_4"": 2.3, ""w_5"": 2.34, ""w_6"": 2.18, ""w_7"": 2.14, ""w_8"": 2.17, ""w_9"": 2.3, ""w_10"": 2.29, ""w_11"": 2.33, ""w_12"": 2.27, ""w_13"": 2.24, ""w_14"": 2.29, ""w_15"": 2.42, ""w_16"": 2.41, ""w_17"": 2.42, ""w_18"": 2.38, ""w_19"": 2.38, ""w_20"": 2.5}"
71,100974271034,2020-06-09,0,factual,"{""w_0"": 2.335, ""w_1"": 2.185, ""w_2"": 2.145, ""w_3"": 2.175, ""w_4"": 2.295, ""w_5"": 2.29, ""w_6"": 2.33, ""w_7"": 2.27, ""w_8"": 2.24, ""w_9"": 2.29, ""w_10"": 2.42, ""w_11"": 2.41, ""w_12"": 2.42, ""w_13"": 2.38, ""w_14"": 2.38, ""w_15"": 2.5, ""w_16"": 2.54, ""w_17"": 2.485, ""w_18"": 2.525, ""w_19"": 2.486, ""w_20"": 2.48}"
71,100974271034,2020-06-09,0,counterfactual,"{""w_0"": 1.97, ""w_1"": 1.95, ""w_2"": 1.78, ""w_3"": 1.83, ""w_4"": 2.14, ""w_5"": 2.04, ""w_6"": 2.11, ""w_7"": 2.09, ""w_8"": 2.09, ""w_9"": 2.2, ""w_10"": 2.2, ""w_11"": 2.28, ""w_12"": 2.22, ""w_13"": 2.32, ""w_14"": 2.38, ""w_15"": 2.5, ""w_16"": 2.35, ""w_17"": 2.35, ""w_18"": 2.15, ""w_19"": 2.15, ""w_20"": 2.16}"
72,100974271034,2020-06-10,0,factual,"{""w_0"": 2.185, ""w_1"": 2.145, ""w_2"": 2.175, ""w_3"": 2.295, ""w_4"": 2.29, ""w_5"": 2.33, ""w_6"": 2.27, ""w_7"": 2.24, ""w_8"": 2.29, ""w_9"": 2.42, ""w_10"": 2.41, ""w_11"": 2.42, ""w_12"": 2.38, ""w_13"": 2.38, ""w_14"": 2.5, ""w_15"": 2.54, ""w_16"": 2.485, ""w_17"": 2.525, ""w_18"": 2.486, ""w_19"": 2.48, ""w_20"": 2.4}"
72,100974271034,2020-06-10,0,counterfactual,"{""w_0"": 1.95, ""w_1"": 1.78, ""w_2"": 1.83, ""w_3"": 2.14, ""w_4"": 2.04, ""w_5"": 2.11, ""w_6"": 2.09, ""w_7"": 2.09, ""w_8"": 2.2, ""w_9"": 2.2, ""w_10"": 2.28, ""w_11"": 2.22, ""w_12"": 2.32, ""w_13"": 2.38, ""w_14"": 2.5, ""w_15"": 2.35, ""w_16"": 2.35, ""w_17"": 2.15, ""w_18"": 2.15, ""w_19"": 2.16, ""w_20"": 2.18}"
73,100974271034,2020-06-11,0,factual,"{""w_0"": 2.145, ""w_1"": 2.175, ""w_2"": 2.295, ""w_3"": 2.29, ""w_4"": 2.33, ""w_5"": 2.27, ""w_6"": 2.24, ""w_7"": 2.29, ""w_8"": 2.42, ""w_9"": 2.41, ""w_10"": 2.42, ""w_11"": 2.38, ""w_12"": 2.38, ""w_13"": 2.5, ""w_14"": 2.54, ""w_15"": 2.485, ""w_16"": 2.525, ""w_17"": 2.486, ""w_18"": 2.48, ""w_19"": 2.4, ""w_20"": 2.29}"
73,100974271034,2020-06-11,0,counterfactual,"{""w_0"": 2.34, ""w_1"": 2.18, ""w_2"": 2.14, ""w_3"": 2.17, ""w_4"": 2.3, ""w_5"": 2.29, ""w_6"": 2.33, ""w_7"": 2.27, ""w_8"": 2.24, ""w_9"": 2.29, ""w_10"": 2.42, ""w_11"": 2.41, ""w_12"": 2.42, ""w_13"": 2.38, ""w_14"": 2.38, ""w_15"": 2.5, ""w_16"": 2.54, ""w_17"": 2.48, ""w_18"": 2.53, ""w_19"": 2.49, ""w_20"": 2.48}"
74,100974271034,2020-06-12,0,factual,"{""w_0"": 2.175, ""w_1"": 2.295, ""w_2"": 2.29, ""w_3"": 2.33, ""w_4"": 2.27, ""w_5"": 2.24, ""w_6"": 2.29, ""w_7"": 2.42, ""w_8"": 2.41, ""w_9"": 2.42, ""w_10"": 2.38, ""w_11"": 2.38, ""w_12"": 2.5, ""w_13"": 2.54, ""w_14"": 2.485, ""w_15"": 2.525, ""w_16"": 2.486, ""w_17"": 2.48, ""w_18"": 2.4, ""w_19"": 2.29, ""w_20"": 2.29}"
74,100974271034,2020-06-12,0,counterfactual,"{""w_0"": 2.14, ""w_1"": 2.17, ""w_2"": 2.3, ""w_3"": 2.29, ""w_4"": 2.33, ""w_5"": 2.27, ""w_6"": 2.24, ""w_7"": 2.29, ""w_8"": 2.42, ""w_9"": 2.41, ""w_10"": 2.42, ""w_11"": 2.38, ""w_12"": 2.38, ""w_13"": 2.5, ""w_14"": 2.54, ""w_15"": 2.48, ""w_16"": 2.53, ""w_17"": 2.49, ""w_18"": 2.48, ""w_19"": 2.4, ""w_20"": 2.29}"
75,100974271034,2020-06-15,0,factual,"{""w_0"": 2.295, ""w_1"": 2.29, ""w_2"": 2.33, ""w_3"": 2.27, ""w_4"": 2.24, ""w_5"": 2.29, ""w_6"": 2.42, ""w_7"": 2.41, ""w_8"": 2.42, ""w_9"": 2.38, ""w_10"": 2.38, ""w_11"": 2.5, ""w_12"": 2.54, ""w_13"": 2.485, ""w_14"": 2.525, ""w_15"": 2.486, ""w_16"": 2.48, ""w_17"": 2.4, ""w_18"": 2.29, ""w_19"": 2.29, ""w_20"": 2.295}"
75,100974271034,2020-06-15,0,counterfactual,"{""w_0"": 2.17, ""w_1"": 2.3, ""w_2"": 2.29, ""w_3"": 2.33, ""w_4"": 2.27, ""w_5"": 2.24, ""w_6"": 2.29, ""w_7"": 2.42, ""w_8"": 2.41, ""w_9"": 2.42, ""w_10"": 2.38, ""w_11"": 2.38, ""w_12"": 2.5, ""w_13"": 2.54, ""w_14"": 2.48, ""w_15"": 2.53, ""w_16"": 2.49, ""w_17"": 2.48, ""w_18"": 2.4, ""w_19"": 2.29, ""w_20"": 2.29}"
76,100974271034,2020-06-16,0,factual,"{""w_0"": 2.29, ""w_1"": 2.33, ""w_2"": 2.27, ""w_3"": 2.24, ""w_4"": 2.29, ""w_5"": 2.42, ""w_6"": 2.41, ""w_7"": 2.42, ""w_8"": 2.38, ""w_9"": 2.38, ""w_10"": 2.5, ""w_11"": 2.54, ""w_12"": 2.485, ""w_13"": 2.525, ""w_14"": 2.486, ""w_15"": 2.48, ""w_16"": 2.4, ""w_17"": 2.29, ""w_18"": 2.29, ""w_19"": 2.295, ""w_20"": 2.425}"
76,100974271034,2020-06-16,0,counterfactual,"{""w_0"": 2.3, ""w_1"": 2.29, ""w_2"": 2.33, ""w_3"": 2.27, ""w_4"": 2.24, ""w_5"": 2.29, ""w_6"": 2.42, ""w_7"": 2.41, ""w_8"": 2.42, ""w_9"": 2.38, ""w_10"": 2.38, ""w_11"": 2.5, ""w_12"": 2.54, ""w_13"": 2.48, ""w_14"": 2.53, ""w_15"": 2.49, ""w_16"": 2.48, ""w_17"": 2.4, ""w_18"": 2.29, ""w_19"": 2.29, ""w_20"": 2.3}"
77,100974271034,2020-06-17,0,factual,"{""w_0"": 2.33, ""w_1"": 2.27, ""w_2"": 2.24, ""w_3"": 2.29, ""w_4"": 2.42, ""w_5"": 2.41, ""w_6"": 2.42, ""w_7"": 2.38, ""w_8"": 2.38, ""w_9"": 2.5, ""w_10"": 2.54, ""w_11"": 2.485, ""w_12"": 2.525, ""w_13"": 2.486, ""w_14"": 2.48, ""w_15"": 2.4, ""w_16"": 2.29, ""w_17"": 2.29, ""w_18"": 2.295, ""w_19"": 2.425, ""w_20"": 2.4}"
77,100974271034,2020-06-17,0,counterfactual,"{""w_0"": 2.18, ""w_1"": 2.14, ""w_2"": 2.17, ""w_3"": 2.3, ""w_4"": 2.29, ""w_5"": 2.33, ""w_6"": 2.27, ""w_7"": 2.24, ""w_8"": 2.29, ""w_9"": 2.42, ""w_10"": 2.41, ""w_11"": 2.42, ""w_12"": 2.38, ""w_13"": 2.38, ""w_14"": 2.5, ""w_15"": 2.54, ""w_16"": 2.48, ""w_17"": 2.53, ""w_18"": 2.49, ""w_19"": 2.48, ""w_20"": 2.4}"
78,100974271034,2020-06-18,0,factual,"{""w_0"": 2.27, ""w_1"": 2.24, ""w_2"": 2.29, ""w_3"": 2.42, ""w_4"": 2.41, ""w_5"": 2.42, ""w_6"": 2.38, ""w_7"": 2.38, ""w_8"": 2.5, ""w_9"": 2.54, ""w_10"": 2.485, ""w_11"": 2.525, ""w_12"": 2.486, ""w_13"": 2.48, ""w_14"": 2.4, ""w_15"": 2.29, ""w_16"": 2.29, ""w_17"": 2.295, ""w_18"": 2.425, ""w_19"": 2.4, ""w_20"": 2.33}"
78,100974271034,2020-06-18,0,counterfactual,"{""w_0"": 2.17, ""w_1"": 2.3, ""w_2"": 2.29, ""w_3"": 2.33, ""w_4"": 2.27, ""w_5"": 2.24, ""w_6"": 2.29, ""w_7"": 2.42, ""w_8"": 2.41, ""w_9"": 2.42, ""w_10"": 2.38, ""w_11"": 2.38, ""w_12"": 2.5, ""w_13"": 2.54, ""w_14"": 2.48, ""w_15"": 2.53, ""w_16"": 2.49, ""w_17"": 2.48, ""w_18"": 2.4, ""w_19"": 2.29, ""w_20"": 2.29}"
79,100974271034,2020-06-19,0,factual,"{""w_0"": 2.24, ""w_1"": 2.29, ""w_2"": 2.42, ""w_3"": 2.41, ""w_4"": 2.42, ""w_5"": 2.38, ""w_6"": 2.38, ""w_7"": 2.5, ""w_8"": 2.54, ""w_9"": 2.485, ""w_10"": 2.525, ""w_11"": 2.486, ""w_12"": 2.48, ""w_13"": 2.4, ""w_14"": 2.29, ""w_15"": 2.29, ""w_16"": 2.295, ""w_17"": 2.425, ""w_18"": 2.4, ""w_19"": 2.33, ""w_20"": 2.455}"
79,100974271034,2020-06-19,0,counterfactual,"{""w_0"": 2.17, ""w_1"": 2.3, ""w_2"": 2.29, ""w_3"": 2.33, ""w_4"": 2.27, ""w_5"": 2.24, ""w_6"": 2.29, ""w_7"": 2.42, ""w_8"": 2.41, ""w_9"": 2.42, ""w_10"": 2.38, ""w_11"": 2.38, ""w_12"": 2.5, ""w_13"": 2.54, ""w_14"": 2.48, ""w_15"": 2.53, ""w_16"": 2.49, ""w_17"": 2.48, ""w_18"": 2.4, ""w_19"": 2.29, ""w_20"": 2.29}"
80,100974271034,2020-06-22,0,factual,"{""w_0"": 2.29, ""w_1"": 2.42, ""w_2"": 2.41, ""w_3"": 2.42, ""w_4"": 2.38, ""w_5"": 2.38, ""w_6"": 2.5, ""w_7"": 2.54, ""w_8"": 2.485, ""w_9"": 2.525, ""w_10"": 2.486, ""w_11"": 2.48, ""w_12"": 2.4, ""w_13"": 2.29, ""w_14"": 2.29, ""w_15"": 2.295, ""w_16"": 2.425, ""w_17"": 2.4, ""w_18"": 2.33, ""w_19"": 2.455, ""w_20"": 2.44}"
80,100974271034,2020-06-22,0,counterfactual,"{""w_0"": 2.2, ""w_1"": 2.2, ""w_2"": 2.28, ""w_3"": 2.22, ""w_4"": 2.32, ""w_5"": 2.38, ""w_6"": 2.5, ""w_7"": 2.35, ""w_8"": 2.35, ""w_9"": 2.15, ""w_10"": 2.15, ""w_11"": 2.16, ""w_12"": 2.18, ""w_13"": 2.32, ""w_14"": 2.3, ""w_15"": 2.34, ""w_16"": 2.18, ""w_17"": 2.14, ""w_18"": 2.17, ""w_19"": 2.3, ""w_20"": 2.29}"
81,100974271034,2020-06-23,0,factual,"{""w_0"": 2.42, ""w_1"": 2.41, ""w_2"": 2.42, ""w_3"": 2.38, ""w_4"": 2.38, ""w_5"": 2.5, ""w_6"": 2.54, ""w_7"": 2.485, ""w_8"": 2.525, ""w_9"": 2.486, ""w_10"": 2.48, ""w_11"": 2.4, ""w_12"": 2.29, ""w_13"": 2.29, ""w_14"": 2.295, ""w_15"": 2.425, ""w_16"": 2.4, ""w_17"": 2.33, ""w_18"": 2.455, ""w_19"": 2.44, ""w_20"": 2.47}"
81,100974271034,2020-06-23,0,counterfactual,"{""w_0"": 2.29, ""w_1"": 2.42, ""w_2"": 2.41, ""w_3"": 2.42, ""w_4"": 2.38, ""w_5"": 2.38, ""w_6"": 2.5, ""w_7"": 2.54, ""w_8"": 2.48, ""w_9"": 2.53, ""w_10"": 2.49, ""w_11"": 2.48, ""w_12"": 2.4, ""w_13"": 2.29, ""w_14"": 2.29, ""w_15"": 2.3, ""w_16"": 2.42, ""w_17"": 2.4, ""w_18"": 2.33, ""w_19"": 2.45, ""w_20"": 2.44}"
82,100974271034,2020-06-24,0,factual,"{""w_0"": 2.41, ""w_1"": 2.42, ""w_2"": 2.38, ""w_3"": 2.38, ""w_4"": 2.5, ""w_5"": 2.54, ""w_6"": 2.485, ""w_7"": 2.525, ""w_8"": 2.486, ""w_9"": 2.48, ""w_10"": 2.4, ""w_11"": 2.29, ""w_12"": 2.29, ""w_13"": 2.295, ""w_14"": 2.425, ""w_15"": 2.4, ""w_16"": 2.33, ""w_17"": 2.455, ""w_18"": 2.44, ""w_19"": 2.47, ""w_20"": 2.42}"
82,100974271034,2020-06-24,0,counterfactual,"{""w_0"": 2.42, ""w_1"": 2.41, ""w_2"": 2.42, ""w_3"": 2.38, ""w_4"": 2.38, ""w_5"": 2.5, ""w_6"": 2.54, ""w_7"": 2.48, ""w_8"": 2.53, ""w_9"": 2.49, ""w_10"": 2.48, ""w_11"": 2.4, ""w_12"": 2.29, ""w_13"": 2.29, ""w_14"": 2.3, ""w_15"": 2.42, ""w_16"": 2.4, ""w_17"": 2.33, ""w_18"": 2.45, ""w_19"": 2.44, ""w_20"": 2.47}"
83,100974271034,2020-06-25,0,factual,"{""w_0"": 2.42, ""w_1"": 2.38, ""w_2"": 2.38, ""w_3"": 2.5, ""w_4"": 2.54, ""w_5"": 2.485, ""w_6"": 2.525, ""w_7"": 2.486, ""w_8"": 2.48, ""w_9"": 2.4, ""w_10"": 2.29, ""w_11"": 2.29, ""w_12"": 2.295, ""w_13"": 2.425, ""w_14"": 2.4, ""w_15"": 2.33, ""w_16"": 2.455, ""w_17"": 2.44, ""w_18"": 2.47, ""w_19"": 2.42, ""w_20"": 2.395}"
83,100974271034,2020-06-25,0,counterfactual,"{""w_0"": 2.32, ""w_1"": 2.3, ""w_2"": 2.34, ""w_3"": 2.18, ""w_4"": 2.14, ""w_5"": 2.17, ""w_6"": 2.3, ""w_7"": 2.29, ""w_8"": 2.33, ""w_9"": 2.27, ""w_10"": 2.24, ""w_11"": 2.29, ""w_12"": 2.42, ""w_13"": 2.41, ""w_14"": 2.42, ""w_15"": 2.38, ""w_16"": 2.38, ""w_17"": 2.5, ""w_18"": 2.54, ""w_19"": 2.48, ""w_20"": 2.53}"
84,100974271034,2020-06-26,0,factual,"{""w_0"": 2.38, ""w_1"": 2.38, ""w_2"": 2.5, ""w_3"": 2.54, ""w_4"": 2.485, ""w_5"": 2.525, ""w_6"": 2.486, ""w_7"": 2.48, ""w_8"": 2.4, ""w_9"": 2.29, ""w_10"": 2.29, ""w_11"": 2.295, ""w_12"": 2.425, ""w_13"": 2.4, ""w_14"": 2.33, ""w_15"": 2.455, ""w_16"": 2.44, ""w_17"": 2.47, ""w_18"": 2.42, ""w_19"": 2.395, ""w_20"": 2.38}"
84,100974271034,2020-06-26,0,counterfactual,"{""w_0"": 2.42, ""w_1"": 2.38, ""w_2"": 2.38, ""w_3"": 2.5, ""w_4"": 2.54, ""w_5"": 2.48, ""w_6"": 2.53, ""w_7"": 2.49, ""w_8"": 2.48, ""w_9"": 2.4, ""w_10"": 2.29, ""w_11"": 2.29, ""w_12"": 2.3, ""w_13"": 2.42, ""w_14"": 2.4, ""w_15"": 2.33, ""w_16"": 2.45, ""w_17"": 2.44, ""w_18"": 2.47, ""w_19"": 2.42, ""w_20"": 2.39}"
85,100974271034,2020-06-29,0,factual,"{""w_0"": 2.38, ""w_1"": 2.5, ""w_2"": 2.54, ""w_3"": 2.485, ""w_4"": 2.525, ""w_5"": 2.486, ""w_6"": 2.48, ""w_7"": 2.4, ""w_8"": 2.29, ""w_9"": 2.29, ""w_10"": 2.295, ""w_11"": 2.425, ""w_12"": 2.4, ""w_13"": 2.33, ""w_14"": 2.455, ""w_15"": 2.44, ""w_16"": 2.47, ""w_17"": 2.42, ""w_18"": 2.395, ""w_19"": 2.38, ""w_20"": 2.39}"
85,100974271034,2020-06-29,0,counterfactual,"{""w_0"": 2.29, ""w_1"": 2.42, ""w_2"": 2.41, ""w_3"": 2.42, ""w_4"": 2.38, ""w_5"": 2.38, ""w_6"": 2.5, ""w_7"": 2.54, ""w_8"": 2.48, ""w_9"": 2.53, ""w_10"": 2.49, ""w_11"": 2.48, ""w_12"": 2.4, ""w_13"": 2.29, ""w_14"": 2.29, ""w_15"": 2.3, ""w_16"": 2.42, ""w_17"": 2.4, ""w_18"": 2.33, ""w_19"": 2.45, ""w_20"": 2.44}"
86,100974271034,2020-06-30,0,factual,"{""w_0"": 2.5, ""w_1"": 2.54, ""w_2"": 2.485, ""w_3"": 2.525, ""w_4"": 2.486, ""w_5"": 2.48, ""w_6"": 2.4, ""w_7"": 2.29, ""w_8"": 2.29, ""w_9"": 2.295, ""w_10"": 2.425, ""w_11"": 2.4, ""w_12"": 2.33, ""w_13"": 2.455, ""w_14"": 2.44, ""w_15"": 2.47, ""w_16"": 2.42, ""w_17"": 2.395, ""w_18"": 2.38, ""w_19"": 2.39, ""w_20"": 2.325}"
86,100974271034,2020-06-30,0,counterfactual,"{""w_0"": 2.38, ""w_1"": 2.5, ""w_2"": 2.54, ""w_3"": 2.48, ""w_4"": 2.53, ""w_5"": 2.49, ""w_6"": 2.48, ""w_7"": 2.4, ""w_8"": 2.29, ""w_9"": 2.29, ""w_10"": 2.3, ""w_11"": 2.42, ""w_12"": 2.4, ""w_13"": 2.33, ""w_14"": 2.45, ""w_15"": 2.44, ""w_16"": 2.47, ""w_17"": 2.42, ""w_18"": 2.39, ""w_19"": 2.38, ""w_20"": 2.39}"
87,100974271034,2020-07-01,0,factual,"{""w_0"": 2.54, ""w_1"": 2.485, ""w_2"": 2.525, ""w_3"": 2.486, ""w_4"": 2.48, ""w_5"": 2.4, ""w_6"": 2.29, ""w_7"": 2.29, ""w_8"": 2.295, ""w_9"": 2.425, ""w_10"": 2.4, ""w_11"": 2.33, ""w_12"": 2.455, ""w_13"": 2.44, ""w_14"": 2.47, ""w_15"": 2.42, ""w_16"": 2.395, ""w_17"": 2.38, ""w_18"": 2.39, ""w_19"": 2.325, ""w_20"": 2.345}"
87,100974271034,2020-07-01,0,counterfactual,"{""w_0"": 2.17, ""w_1"": 2.3, ""w_2"": 2.29, ""w_3"": 2.33, ""w_4"": 2.27, ""w_5"": 2.24, ""w_6"": 2.29, ""w_7"": 2.42, ""w_8"": 2.41, ""w_9"": 2.42, ""w_10"": 2.38, ""w_11"": 2.38, ""w_12"": 2.5, ""w_13"": 2.54, ""w_14"": 2.48, ""w_15"": 2.53, ""w_16"": 2.49, ""w_17"": 2.48, ""w_18"": 2.4, ""w_19"": 2.29, ""w_20"": 2.29}"
88,100974271034,2020-07-02,0,factual,"{""w_0"": 2.485, ""w_1"": 2.525, ""w_2"": 2.486, ""w_3"": 2.48, ""w_4"": 2.4, ""w_5"": 2.29, ""w_6"": 2.29, ""w_7"": 2.295, ""w_8"": 2.425, ""w_9"": 2.4, ""w_10"": 2.33, ""w_11"": 2.455, ""w_12"": 2.44, ""w_13"": 2.47, ""w_14"": 2.42, ""w_15"": 2.395, ""w_16"": 2.38, ""w_17"": 2.39, ""w_18"": 2.325, ""w_19"": 2.345, ""w_20"": 2.435}"
88,100974271034,2020-07-02,0,counterfactual,"{""w_0"": 2.32, ""w_1"": 2.3, ""w_2"": 2.34, ""w_3"": 2.18, ""w_4"": 2.14, ""w_5"": 2.17, ""w_6"": 2.3, ""w_7"": 2.29, ""w_8"": 2.33, ""w_9"": 2.27, ""w_10"": 2.24, ""w_11"": 2.29, ""w_12"": 2.42, ""w_13"": 2.41, ""w_14"": 2.42, ""w_15"": 2.38, ""w_16"": 2.38, ""w_17"": 2.5, ""w_18"": 2.54, ""w_19"": 2.48, ""w_20"": 2.53}"
89,100974271034,2020-07-03,0,factual,"{""w_0"": 2.525, ""w_1"": 2.486, ""w_2"": 2.48, ""w_3"": 2.4, ""w_4"": 2.29, ""w_5"": 2.29, ""w_6"": 2.295, ""w_7"": 2.425, ""w_8"": 2.4, ""w_9"": 2.33, ""w_10"": 2.455, ""w_11"": 2.44, ""w_12"": 2.47, ""w_13"": 2.42, ""w_14"": 2.395, ""w_15"": 2.38, ""w_16"": 2.39, ""w_17"": 2.325, ""w_18"": 2.345, ""w_19"": 2.435, ""w_20"": 2.455}"
89,100974271034,2020-07-03,0,counterfactual,"{""w_0"": 2.32, ""w_1"": 2.3, ""w_2"": 2.34, ""w_3"": 2.18, ""w_4"": 2.14, ""w_5"": 2.17, ""w_6"": 2.3, ""w_7"": 2.29, ""w_8"": 2.33, ""w_9"": 2.27, ""w_10"": 2.24, ""w_11"": 2.29, ""w_12"": 2.42, ""w_13"": 2.41, ""w_14"": 2.42, ""w_15"": 2.38, ""w_16"": 2.38, ""w_17"": 2.5, ""w_18"": 2.54, ""w_19"": 2.48, ""w_20"": 2.53}"
90,100974271034,2020-07-06,0,factual,"{""w_0"": 2.486, ""w_1"": 2.48, ""w_2"": 2.4, ""w_3"": 2.29, ""w_4"": 2.29, ""w_5"": 2.295, ""w_6"": 2.425, ""w_7"": 2.4, ""w_8"": 2.33, ""w_9"": 2.455, ""w_10"": 2.44, ""w_11"": 2.47, ""w_12"": 2.42, ""w_13"": 2.395, ""w_14"": 2.38, ""w_15"": 2.39, ""w_16"": 2.325, ""w_17"": 2.345, ""w_18"": 2.435, ""w_19"": 2.455, ""w_20"": 2.45}"
90,100974271034,2020-07-06,0,counterfactual,"{""w_0"": 2.32, ""w_1"": 2.3, ""w_2"": 2.34, ""w_3"": 2.18, ""w_4"": 2.14, ""w_5"": 2.17, ""w_6"": 2.3, ""w_7"": 2.29, ""w_8"": 2.33, ""w_9"": 2.27, ""w_10"": 2.24, ""w_11"": 2.29, ""w_12"": 2.42, ""w_13"": 2.41, ""w_14"": 2.42, ""w_15"": 2.38, ""w_16"": 2.38, ""w_17"": 2.5, ""w_18"": 2.54, ""w_19"": 2.48, ""w_20"": 2.53}"
91,100974271034,2020-07-07,0,factual,"{""w_0"": 2.48, ""w_1"": 2.4, ""w_2"": 2.29, ""w_3"": 2.29, ""w_4"": 2.295, ""w_5"": 2.425, ""w_6"": 2.4, ""w_7"": 2.33, ""w_8"": 2.455, ""w_9"": 2.44, ""w_10"": 2.47, ""w_11"": 2.42, ""w_12"": 2.395, ""w_13"": 2.38, ""w_14"": 2.39, ""w_15"": 2.325, ""w_16"": 2.345, ""w_17"": 2.435, ""w_18"": 2.455, ""w_19"": 2.45, ""w_20"": 2.37}"
91,100974271034,2020-07-07,0,counterfactual,"{""w_0"": 2.18, ""w_1"": 2.14, ""w_2"": 2.17, ""w_3"": 2.3, ""w_4"": 2.29, ""w_5"": 2.33, ""w_6"": 2.27, ""w_7"": 2.24, ""w_8"": 2.29, ""w_9"": 2.42, ""w_10"": 2.41, ""w_11"": 2.42, ""w_12"": 2.38, ""w_13"": 2.38, ""w_14"": 2.5, ""w_15"": 2.54, ""w_16"": 2.48, ""w_17"": 2.53, ""w_18"": 2.49, ""w_19"": 2.48, ""w_20"": 2.4}"
92,100974271034,2020-07-08,0,factual,"{""w_0"": 2.4, ""w_1"": 2.29, ""w_2"": 2.29, ""w_3"": 2.295, ""w_4"": 2.425, ""w_5"": 2.4, ""w_6"": 2.33, ""w_7"": 2.455, ""w_8"": 2.44, ""w_9"": 2.47, ""w_10"": 2.42, ""w_11"": 2.395, ""w_12"": 2.38, ""w_13"": 2.39, ""w_14"": 2.325, ""w_15"": 2.345, ""w_16"": 2.435, ""w_17"": 2.455, ""w_18"": 2.45, ""w_19"": 2.37, ""w_20"": 2.34}"
92,100974271034,2020-07-08,0,counterfactual,"{""w_0"": 2.14, ""w_1"": 2.17, ""w_2"": 2.3, ""w_3"": 2.29, ""w_4"": 2.33, ""w_5"": 2.27, ""w_6"": 2.24, ""w_7"": 2.29, ""w_8"": 2.42, ""w_9"": 2.41, ""w_10"": 2.42, ""w_11"": 2.38, ""w_12"": 2.38, ""w_13"": 2.5, ""w_14"": 2.54, ""w_15"": 2.48, ""w_16"": 2.53, ""w_17"": 2.49, ""w_18"": 2.48, ""w_19"": 2.4, ""w_20"": 2.29}"
93,100974271034,2020-07-09,0,factual,"{""w_0"": 2.29, ""w_1"": 2.29, ""w_2"": 2.295, ""w_3"": 2.425, ""w_4"": 2.4, ""w_5"": 2.33, ""w_6"": 2.455, ""w_7"": 2.44, ""w_8"": 2.47, ""w_9"": 2.42, ""w_10"": 2.395, ""w_11"": 2.38, ""w_12"": 2.39, ""w_13"": 2.325, ""w_14"": 2.345, ""w_15"": 2.435, ""w_16"": 2.455, ""w_17"": 2.45, ""w_18"": 2.37, ""w_19"": 2.34, ""w_20"": 2.35}"
93,100974271034,2020-07-09,0,counterfactual,"{""w_0"": 2.4, ""w_1"": 2.29, ""w_2"": 2.29, ""w_3"": 2.3, ""w_4"": 2.42, ""w_5"": 2.4, ""w_6"": 2.33, ""w_7"": 2.45, ""w_8"": 2.44, ""w_9"": 2.47, ""w_10"": 2.42, ""w_11"": 2.39, ""w_12"": 2.38, ""w_13"": 2.39, ""w_14"": 2.33, ""w_15"": 2.35, ""w_16"": 2.43, ""w_17"": 2.45, ""w_18"": 2.45, ""w_19"": 2.37, ""w_20"": 2.34}"
94,100974271034,2020-07-10,0,factual,"{""w_0"": 2.29, ""w_1"": 2.295, ""w_2"": 2.425, ""w_3"": 2.4, ""w_4"": 2.33, ""w_5"": 2.455, ""w_6"": 2.44, ""w_7"": 2.47, ""w_8"": 2.42, ""w_9"": 2.395, ""w_10"": 2.38, ""w_11"": 2.39, ""w_12"": 2.325, ""w_13"": 2.345, ""w_14"": 2.435, ""w_15"": 2.455, ""w_16"": 2.45, ""w_17"": 2.37, ""w_18"": 2.34, ""w_19"": 2.35, ""w_20"": 2.29}"
94,100974271034,2020-07-10,0,counterfactual,"{""w_0"": 2.3, ""w_1"": 2.29, ""w_2"": 2.33, ""w_3"": 2.27, ""w_4"": 2.24, ""w_5"": 2.29, ""w_6"": 2.42, ""w_7"": 2.41, ""w_8"": 2.42, ""w_9"": 2.38, ""w_10"": 2.38, ""w_11"": 2.5, ""w_12"": 2.54, ""w_13"": 2.48, ""w_14"": 2.53, ""w_15"": 2.49, ""w_16"": 2.48, ""w_17"": 2.4, ""w_18"": 2.29, ""w_19"": 2.29, ""w_20"": 2.3}"
95,100974271034,2020-07-13,0,factual,"{""w_0"": 2.295, ""w_1"": 2.425, ""w_2"": 2.4, ""w_3"": 2.33, ""w_4"": 2.455, ""w_5"": 2.44, ""w_6"": 2.47, ""w_7"": 2.42, ""w_8"": 2.395, ""w_9"": 2.38, ""w_10"": 2.39, ""w_11"": 2.325, ""w_12"": 2.345, ""w_13"": 2.435, ""w_14"": 2.455, ""w_15"": 2.45, ""w_16"": 2.37, ""w_17"": 2.34, ""w_18"": 2.35, ""w_19"": 2.29, ""w_20"": 2.25}"
95,100974271034,2020-07-13,0,counterfactual,"{""w_0"": 2.3, ""w_1"": 2.29, ""w_2"": 2.33, ""w_3"": 2.27, ""w_4"": 2.24, ""w_5"": 2.29, ""w_6"": 2.42, ""w_7"": 2.41, ""w_8"": 2.42, ""w_9"": 2.38, ""w_10"": 2.38, ""w_11"": 2.5, ""w_12"": 2.54, ""w_13"": 2.48, ""w_14"": 2.53, ""w_15"": 2.49, ""w_16"": 2.48, ""w_17"": 2.4, ""w_18"": 2.29, ""w_19"": 2.29, ""w_20"": 2.3}"
96,100974271034,2020-07-14,0,factual,"{""w_0"": 2.425, ""w_1"": 2.4, ""w_2"": 2.33, ""w_3"": 2.455, ""w_4"": 2.44, ""w_5"": 2.47, ""w_6"": 2.42, ""w_7"": 2.395, ""w_8"": 2.38, ""w_9"": 2.39, ""w_10"": 2.325, ""w_11"": 2.345, ""w_12"": 2.435, ""w_13"": 2.455, ""w_14"": 2.45, ""w_15"": 2.37, ""w_16"": 2.34, ""w_17"": 2.35, ""w_18"": 2.29, ""w_19"": 2.25, ""w_20"": 2.295}"
96,100974271034,2020-07-14,0,counterfactual,"{""w_0"": 2.28, ""w_1"": 2.22, ""w_2"": 2.32, ""w_3"": 2.38, ""w_4"": 2.5, ""w_5"": 2.35, ""w_6"": 2.35, ""w_7"": 2.15, ""w_8"": 2.15, ""w_9"": 2.16, ""w_10"": 2.18, ""w_11"": 2.32, ""w_12"": 2.3, ""w_13"": 2.34, ""w_14"": 2.18, ""w_15"": 2.14, ""w_16"": 2.17, ""w_17"": 2.3, ""w_18"": 2.29, ""w_19"": 2.33, ""w_20"": 2.27}"
97,100974271034,2020-07-15,0,factual,"{""w_0"": 2.4, ""w_1"": 2.33, ""w_2"": 2.455, ""w_3"": 2.44, ""w_4"": 2.47, ""w_5"": 2.42, ""w_6"": 2.395, ""w_7"": 2.38, ""w_8"": 2.39, ""w_9"": 2.325, ""w_10"": 2.345, ""w_11"": 2.435, ""w_12"": 2.455, ""w_13"": 2.45, ""w_14"": 2.37, ""w_15"": 2.34, ""w_16"": 2.35, ""w_17"": 2.29, ""w_18"": 2.25, ""w_19"": 2.295, ""w_20"": 2.32}"
97,100974271034,2020-07-15,0,counterfactual,"{""w_0"": 2.2, ""w_1"": 2.2, ""w_2"": 2.28, ""w_3"": 2.22, ""w_4"": 2.32, ""w_5"": 2.38, ""w_6"": 2.5, ""w_7"": 2.35, ""w_8"": 2.35, ""w_9"": 2.15, ""w_10"": 2.15, ""w_11"": 2.16, ""w_12"": 2.18, ""w_13"": 2.32, ""w_14"": 2.3, ""w_15"": 2.34, ""w_16"": 2.18, ""w_17"": 2.14, ""w_18"": 2.17, ""w_19"": 2.3, ""w_20"": 2.29}"
98,100974271034,2020-07-16,0,factual,"{""w_0"": 2.33, ""w_1"": 2.455, ""w_2"": 2.44, ""w_3"": 2.47, ""w_4"": 2.42, ""w_5"": 2.395, ""w_6"": 2.38, ""w_7"": 2.39, ""w_8"": 2.325, ""w_9"": 2.345, ""w_10"": 2.435, ""w_11"": 2.455, ""w_12"": 2.45, ""w_13"": 2.37, ""w_14"": 2.34, ""w_15"": 2.35, ""w_16"": 2.29, ""w_17"": 2.25, ""w_18"": 2.295, ""w_19"": 2.32, ""w_20"": 2.475}"
98,100974271034,2020-07-16,0,counterfactual,"{""w_0"": 2.2, ""w_1"": 2.28, ""w_2"": 2.22, ""w_3"": 2.32, ""w_4"": 2.38, ""w_5"": 2.5, ""w_6"": 2.35, ""w_7"": 2.35, ""w_8"": 2.15, ""w_9"": 2.15, ""w_10"": 2.16, ""w_11"": 2.18, ""w_12"": 2.32, ""w_13"": 2.3, ""w_14"": 2.34, ""w_15"": 2.18, ""w_16"": 2.14, ""w_17"": 2.17, ""w_18"": 2.3, ""w_19"": 2.29, ""w_20"": 2.33}"
99,100974271034,2020-07-17,0,factual,"{""w_0"": 2.455, ""w_1"": 2.44, ""w_2"": 2.47, ""w_3"": 2.42, ""w_4"": 2.395, ""w_5"": 2.38, ""w_6"": 2.39, ""w_7"": 2.325, ""w_8"": 2.345, ""w_9"": 2.435, ""w_10"": 2.455, ""w_11"": 2.45, ""w_12"": 2.37, ""w_13"": 2.34, ""w_14"": 2.35, ""w_15"": 2.29, ""w_16"": 2.25, ""w_17"": 2.295, ""w_18"": 2.32, ""w_19"": 2.475, ""w_20"": 2.42}"
99,100974271034,2020-07-17,0,counterfactual,"{""w_0"": 2.38, ""w_1"": 2.5, ""w_2"": 2.35, ""w_3"": 2.35, ""w_4"": 2.15, ""w_5"": 2.15, ""w_6"": 2.16, ""w_7"": 2.18, ""w_8"": 2.32, ""w_9"": 2.3, ""w_10"": 2.34, ""w_11"": 2.18, ""w_12"": 2.14, ""w_13"": 2.17, ""w_14"": 2.3, ""w_15"": 2.29, ""w_16"": 2.33, ""w_17"": 2.27, ""w_18"": 2.24, ""w_19"": 2.29, ""w_20"": 2.42}"
100,100974271034,2020-07-20,0,factual,"{""w_0"": 2.44, ""w_1"": 2.47, ""w_2"": 2.42, ""w_3"": 2.395, ""w_4"": 2.38, ""w_5"": 2.39, ""w_6"": 2.325, ""w_7"": 2.345, ""w_8"": 2.435, ""w_9"": 2.455, ""w_10"": 2.45, ""w_11"": 2.37, ""w_12"": 2.34, ""w_13"": 2.35, ""w_14"": 2.29, ""w_15"": 2.25, ""w_16"": 2.295, ""w_17"": 2.32, ""w_18"": 2.475, ""w_19"": 2.42, ""w_20"": 2.455}"
100,100974271034,2020-07-20,0,counterfactual,"{""w_0"": 2.49, ""w_1"": 2.48, ""w_2"": 2.4, ""w_3"": 2.29, ""w_4"": 2.29, ""w_5"": 2.3, ""w_6"": 2.42, ""w_7"": 2.4, ""w_8"": 2.33, ""w_9"": 2.45, ""w_10"": 2.44, ""w_11"": 2.47, ""w_12"": 2.42, ""w_13"": 2.39, ""w_14"": 2.38, ""w_15"": 2.39, ""w_16"": 2.33, ""w_17"": 2.35, ""w_18"": 2.43, ""w_19"": 2.45, ""w_20"": 2.45}"
101,100974271034,2020-07-21,0,factual,"{""w_0"": 2.47, ""w_1"": 2.42, ""w_2"": 2.395, ""w_3"": 2.38, ""w_4"": 2.39, ""w_5"": 2.325, ""w_6"": 2.345, ""w_7"": 2.435, ""w_8"": 2.455, ""w_9"": 2.45, ""w_10"": 2.37, ""w_11"": 2.34, ""w_12"": 2.35, ""w_13"": 2.29, ""w_14"": 2.25, ""w_15"": 2.295, ""w_16"": 2.32, ""w_17"": 2.475, ""w_18"": 2.42, ""w_19"": 2.455, ""w_20"": 2.4}"
101,100974271034,2020-07-21,0,counterfactual,"{""w_0"": 2.41, ""w_1"": 2.42, ""w_2"": 2.38, ""w_3"": 2.38, ""w_4"": 2.5, ""w_5"": 2.54, ""w_6"": 2.48, ""w_7"": 2.53, ""w_8"": 2.49, ""w_9"": 2.48, ""w_10"": 2.4, ""w_11"": 2.29, ""w_12"": 2.29, ""w_13"": 2.3, ""w_14"": 2.42, ""w_15"": 2.4, ""w_16"": 2.33, ""w_17"": 2.45, ""w_18"": 2.44, ""w_19"": 2.47, ""w_20"": 2.42}"
102,100974271034,2020-07-22,0,factual,"{""w_0"": 2.42, ""w_1"": 2.395, ""w_2"": 2.38, ""w_3"": 2.39, ""w_4"": 2.325, ""w_5"": 2.345, ""w_6"": 2.435, ""w_7"": 2.455, ""w_8"": 2.45, ""w_9"": 2.37, ""w_10"": 2.34, ""w_11"": 2.35, ""w_12"": 2.29, ""w_13"": 2.25, ""w_14"": 2.295, ""w_15"": 2.32, ""w_16"": 2.475, ""w_17"": 2.42, ""w_18"": 2.455, ""w_19"": 2.4, ""w_20"": 2.47}"
102,100974271034,2020-07-22,0,counterfactual,"{""w_0"": 2.42, ""w_1"": 2.38, ""w_2"": 2.38, ""w_3"": 2.5, ""w_4"": 2.54, ""w_5"": 2.48, ""w_6"": 2.53, ""w_7"": 2.49, ""w_8"": 2.48, ""w_9"": 2.4, ""w_10"": 2.29, ""w_11"": 2.29, ""w_12"": 2.3, ""w_13"": 2.42, ""w_14"": 2.4, ""w_15"": 2.33, ""w_16"": 2.45, ""w_17"": 2.44, ""w_18"": 2.47, ""w_19"": 2.42, ""w_20"": 2.39}"
103,100974271034,2020-07-23,0,factual,"{""w_0"": 2.395, ""w_1"": 2.38, ""w_2"": 2.39, ""w_3"": 2.325, ""w_4"": 2.345, ""w_5"": 2.435, ""w_6"": 2.455, ""w_7"": 2.45, ""w_8"": 2.37, ""w_9"": 2.34, ""w_10"": 2.35, ""w_11"": 2.29, ""w_12"": 2.25, ""w_13"": 2.295, ""w_14"": 2.32, ""w_15"": 2.475, ""w_16"": 2.42, ""w_17"": 2.455, ""w_18"": 2.4, ""w_19"": 2.47, ""w_20"": 2.45}"
103,100974271034,2020-07-23,0,counterfactual,"{""w_0"": 2.41, ""w_1"": 2.42, ""w_2"": 2.38, ""w_3"": 2.38, ""w_4"": 2.5, ""w_5"": 2.54, ""w_6"": 2.48, ""w_7"": 2.53, ""w_8"": 2.49, ""w_9"": 2.48, ""w_10"": 2.4, ""w_11"": 2.29, ""w_12"": 2.29, ""w_13"": 2.3, ""w_14"": 2.42, ""w_15"": 2.4, ""w_16"": 2.33, ""w_17"": 2.45, ""w_18"": 2.44, ""w_19"": 2.47, ""w_20"": 2.42}"
104,100974271034,2020-07-24,0,factual,"{""w_0"": 2.38, ""w_1"": 2.39, ""w_2"": 2.325, ""w_3"": 2.345, ""w_4"": 2.435, ""w_5"": 2.455, ""w_6"": 2.45, ""w_7"": 2.37, ""w_8"": 2.34, ""w_9"": 2.35, ""w_10"": 2.29, ""w_11"": 2.25, ""w_12"": 2.295, ""w_13"": 2.32, ""w_14"": 2.475, ""w_15"": 2.42, ""w_16"": 2.455, ""w_17"": 2.4, ""w_18"": 2.47, ""w_19"": 2.45, ""w_20"": 2.4}"
104,100974271034,2020-07-24,0,counterfactual,"{""w_0"": 2.42, ""w_1"": 2.38, ""w_2"": 2.38, ""w_3"": 2.5, ""w_4"": 2.54, ""w_5"": 2.48, ""w_6"": 2.53, ""w_7"": 2.49, ""w_8"": 2.48, ""w_9"": 2.4, ""w_10"": 2.29, ""w_11"": 2.29, ""w_12"": 2.3, ""w_13"": 2.42, ""w_14"": 2.4, ""w_15"": 2.33, ""w_16"": 2.45, ""w_17"": 2.44, ""w_18"": 2.47, ""w_19"": 2.42, ""w_20"": 2.39}"
105,100974271034,2020-07-27,0,factual,"{""w_0"": 2.39, ""w_1"": 2.325, ""w_2"": 2.345, ""w_3"": 2.435, ""w_4"": 2.455, ""w_5"": 2.45, ""w_6"": 2.37, ""w_7"": 2.34, ""w_8"": 2.35, ""w_9"": 2.29, ""w_10"": 2.25, ""w_11"": 2.295, ""w_12"": 2.32, ""w_13"": 2.475, ""w_14"": 2.42, ""w_15"": 2.455, ""w_16"": 2.4, ""w_17"": 2.47, ""w_18"": 2.45, ""w_19"": 2.4, ""w_20"": 2.36}"
105,100974271034,2020-07-27,0,counterfactual,"{""w_0"": 2.38, ""w_1"": 2.38, ""w_2"": 2.5, ""w_3"": 2.54, ""w_4"": 2.48, ""w_5"": 2.53, ""w_6"": 2.49, ""w_7"": 2.48, ""w_8"": 2.4, ""w_9"": 2.29, ""w_10"": 2.29, ""w_11"": 2.3, ""w_12"": 2.42, ""w_13"": 2.4, ""w_14"": 2.33, ""w_15"": 2.45, ""w_16"": 2.44, ""w_17"": 2.47, ""w_18"": 2.42, ""w_19"": 2.39, ""w_20"": 2.38}"
106,100974271034,2020-07-28,0,factual,"{""w_0"": 2.325, ""w_1"": 2.345, ""w_2"": 2.435, ""w_3"": 2.455, ""w_4"": 2.45, ""w_5"": 2.37, ""w_6"": 2.34, ""w_7"": 2.35, ""w_8"": 2.29, ""w_9"": 2.25, ""w_10"": 2.295, ""w_11"": 2.32, ""w_12"": 2.475, ""w_13"": 2.42, ""w_14"": 2.455, ""w_15"": 2.4, ""w_16"": 2.47, ""w_17"": 2.45, ""w_18"": 2.4, ""w_19"": 2.36, ""w_20"": 2.4}"
106,100974271034,2020-07-28,0,counterfactual,"{""w_0"": 2.38, ""w_1"": 2.5, ""w_2"": 2.54, ""w_3"": 2.48, ""w_4"": 2.53, ""w_5"": 2.49, ""w_6"": 2.48, ""w_7"": 2.4, ""w_8"": 2.29, ""w_9"": 2.29, ""w_10"": 2.3, ""w_11"": 2.42, ""w_12"": 2.4, ""w_13"": 2.33, ""w_14"": 2.45, ""w_15"": 2.44, ""w_16"": 2.47, ""w_17"": 2.42, ""w_18"": 2.39, ""w_19"": 2.38, ""w_20"": 2.39}"
107,100974271034,2020-07-29,0,factual,"{""w_0"": 2.345, ""w_1"": 2.435, ""w_2"": 2.455, ""w_3"": 2.45, ""w_4"": 2.37, ""w_5"": 2.34, ""w_6"": 2.35, ""w_7"": 2.29, ""w_8"": 2.25, ""w_9"": 2.295, ""w_10"": 2.32, ""w_11"": 2.475, ""w_12"": 2.42, ""w_13"": 2.455, ""w_14"": 2.4, ""w_15"": 2.47, ""w_16"": 2.45, ""w_17"": 2.4, ""w_18"": 2.36, ""w_19"": 2.4, ""w_20"": 2.42}"
107,100974271034,2020-07-29,0,counterfactual,"{""w_0"": 2.5, ""w_1"": 2.54, ""w_2"": 2.48, ""w_3"": 2.53, ""w_4"": 2.49, ""w_5"": 2.48, ""w_6"": 2.4, ""w_7"": 2.29, ""w_8"": 2.29, ""w_9"": 2.3, ""w_10"": 2.42, ""w_11"": 2.4, ""w_12"": 2.33, ""w_13"": 2.45, ""w_14"": 2.44, ""w_15"": 2.47, ""w_16"": 2.42, ""w_17"": 2.39, ""w_18"": 2.38, ""w_19"": 2.39, ""w_20"": 2.33}"
108,100974271034,2020-07-30,0,factual,"{""w_0"": 2.435, ""w_1"": 2.455, ""w_2"": 2.45, ""w_3"": 2.37, ""w_4"": 2.34, ""w_5"": 2.35, ""w_6"": 2.29, ""w_7"": 2.25, ""w_8"": 2.295, ""w_9"": 2.32, ""w_10"": 2.475, ""w_11"": 2.42, ""w_12"": 2.455, ""w_13"": 2.4, ""w_14"": 2.47, ""w_15"": 2.45, ""w_16"": 2.4, ""w_17"": 2.36, ""w_18"": 2.4, ""w_19"": 2.42, ""w_20"": 2.335}"
108,100974271034,2020-07-30,0,counterfactual,"{""w_0"": 2.54, ""w_1"": 2.48, ""w_2"": 2.53, ""w_3"": 2.49, ""w_4"": 2.48, ""w_5"": 2.4, ""w_6"": 2.29, ""w_7"": 2.29, ""w_8"": 2.3, ""w_9"": 2.42, ""w_10"": 2.4, ""w_11"": 2.33, ""w_12"": 2.45, ""w_13"": 2.44, ""w_14"": 2.47, ""w_15"": 2.42, ""w_16"": 2.39, ""w_17"": 2.38, ""w_18"": 2.39, ""w_19"": 2.33, ""w_20"": 2.35}"
109,100974271034,2020-07-31,0,factual,"{""w_0"": 2.455, ""w_1"": 2.45, ""w_2"": 2.37, ""w_3"": 2.34, ""w_4"": 2.35, ""w_5"": 2.29, ""w_6"": 2.25, ""w_7"": 2.295, ""w_8"": 2.32, ""w_9"": 2.475, ""w_10"": 2.42, ""w_11"": 2.455, ""w_12"": 2.4, ""w_13"": 2.47, ""w_14"": 2.45, ""w_15"": 2.4, ""w_16"": 2.36, ""w_17"": 2.4, ""w_18"": 2.42, ""w_19"": 2.335, ""w_20"": 2.38}"
109,100974271034,2020-07-31,0,counterfactual,"{""w_0"": 2.35, ""w_1"": 2.43, ""w_2"": 2.45, ""w_3"": 2.45, ""w_4"": 2.37, ""w_5"": 2.34, ""w_6"": 2.35, ""w_7"": 2.29, ""w_8"": 2.25, ""w_9"": 2.3, ""w_10"": 2.32, ""w_11"": 2.47, ""w_12"": 2.42, ""w_13"": 2.45, ""w_14"": 2.4, ""w_15"": 2.47, ""w_16"": 2.45, ""w_17"": 2.4, ""w_18"": 2.36, ""w_19"": 2.4, ""w_20"": 2.42}"
110,100974271034,2020-08-03,0,factual,"{""w_0"": 2.45, ""w_1"": 2.37, ""w_2"": 2.34, ""w_3"": 2.35, ""w_4"": 2.29, ""w_5"": 2.25, ""w_6"": 2.295, ""w_7"": 2.32, ""w_8"": 2.475, ""w_9"": 2.42, ""w_10"": 2.455, ""w_11"": 2.4, ""w_12"": 2.47, ""w_13"": 2.45, ""w_14"": 2.4, ""w_15"": 2.36, ""w_16"": 2.4, ""w_17"": 2.42, ""w_18"": 2.335, ""w_19"": 2.38, ""w_20"": 2.37}"
110,100974271034,2020-08-03,0,counterfactual,"{""w_0"": 2.15, ""w_1"": 2.16, ""w_2"": 2.18, ""w_3"": 2.32, ""w_4"": 2.3, ""w_5"": 2.34, ""w_6"": 2.18, ""w_7"": 2.14, ""w_8"": 2.17, ""w_9"": 2.3, ""w_10"": 2.29, ""w_11"": 2.33, ""w_12"": 2.27, ""w_13"": 2.24, ""w_14"": 2.29, ""w_15"": 2.42, ""w_16"": 2.41, ""w_17"": 2.42, ""w_18"": 2.38, ""w_19"": 2.38, ""w_20"": 2.5}"
111,100974271034,2020-08-04,0,factual,"{""w_0"": 2.37, ""w_1"": 2.34, ""w_2"": 2.35, ""w_3"": 2.29, ""w_4"": 2.25, ""w_5"": 2.295, ""w_6"": 2.32, ""w_7"": 2.475, ""w_8"": 2.42, ""w_9"": 2.455, ""w_10"": 2.4, ""w_11"": 2.47, ""w_12"": 2.45, ""w_13"": 2.4, ""w_14"": 2.36, ""w_15"": 2.4, ""w_16"": 2.42, ""w_17"": 2.335, ""w_18"": 2.38, ""w_19"": 2.37, ""w_20"": 2.395}"
111,100974271034,2020-08-04,0,counterfactual,"{""w_0"": 2.33, ""w_1"": 2.27, ""w_2"": 2.24, ""w_3"": 2.29, ""w_4"": 2.42, ""w_5"": 2.41, ""w_6"": 2.42, ""w_7"": 2.38, ""w_8"": 2.38, ""w_9"": 2.5, ""w_10"": 2.54, ""w_11"": 2.48, ""w_12"": 2.53, ""w_13"": 2.49, ""w_14"": 2.48, ""w_15"": 2.4, ""w_16"": 2.29, ""w_17"": 2.29, ""w_18"": 2.3, ""w_19"": 2.42, ""w_20"": 2.4}"
112,100974271034,2020-08-05,0,factual,"{""w_0"": 2.34, ""w_1"": 2.35, ""w_2"": 2.29, ""w_3"": 2.25, ""w_4"": 2.295, ""w_5"": 2.32, ""w_6"": 2.475, ""w_7"": 2.42, ""w_8"": 2.455, ""w_9"": 2.4, ""w_10"": 2.47, ""w_11"": 2.45, ""w_12"": 2.4, ""w_13"": 2.36, ""w_14"": 2.4, ""w_15"": 2.42, ""w_16"": 2.335, ""w_17"": 2.38, ""w_18"": 2.37, ""w_19"": 2.395, ""w_20"": 2.415}"
112,100974271034,2020-08-05,0,counterfactual,"{""w_0"": 2.27, ""w_1"": 2.24, ""w_2"": 2.29, ""w_3"": 2.42, ""w_4"": 2.41, ""w_5"": 2.42, ""w_6"": 2.38, ""w_7"": 2.38, ""w_8"": 2.5, ""w_9"": 2.54, ""w_10"": 2.48, ""w_11"": 2.53, ""w_12"": 2.49, ""w_13"": 2.48, ""w_14"": 2.4, ""w_15"": 2.29, ""w_16"": 2.29, ""w_17"": 2.3, ""w_18"": 2.42, ""w_19"": 2.4, ""w_20"": 2.33}"
113,100974271034,2020-08-06,0,factual,"{""w_0"": 2.35, ""w_1"": 2.29, ""w_2"": 2.25, ""w_3"": 2.295, ""w_4"": 2.32, ""w_5"": 2.475, ""w_6"": 2.42, ""w_7"": 2.455, ""w_8"": 2.4, ""w_9"": 2.47, ""w_10"": 2.45, ""w_11"": 2.4, ""w_12"": 2.36, ""w_13"": 2.4, ""w_14"": 2.42, ""w_15"": 2.335, ""w_16"": 2.38, ""w_17"": 2.37, ""w_18"": 2.395, ""w_19"": 2.415, ""w_20"": 2.385}"
113,100974271034,2020-08-06,0,counterfactual,"{""w_0"": 2.24, ""w_1"": 2.29, ""w_2"": 2.42, ""w_3"": 2.41, ""w_4"": 2.42, ""w_5"": 2.38, ""w_6"": 2.38, ""w_7"": 2.5, ""w_8"": 2.54, ""w_9"": 2.48, ""w_10"": 2.53, ""w_11"": 2.49, ""w_12"": 2.48, ""w_13"": 2.4, ""w_14"": 2.29, ""w_15"": 2.29, ""w_16"": 2.3, ""w_17"": 2.42, ""w_18"": 2.4, ""w_19"": 2.33, ""w_20"": 2.45}"
114,100974271034,2020-08-07,0,factual,"{""w_0"": 2.29, ""w_1"": 2.25, ""w_2"": 2.295, ""w_3"": 2.32, ""w_4"": 2.475, ""w_5"": 2.42, ""w_6"": 2.455, ""w_7"": 2.4, ""w_8"": 2.47, ""w_9"": 2.45, ""w_10"": 2.4, ""w_11"": 2.36, ""w_12"": 2.4, ""w_13"": 2.42, ""w_14"": 2.335, ""w_15"": 2.38, ""w_16"": 2.37, ""w_17"": 2.395, ""w_18"": 2.415, ""w_19"": 2.385, ""w_20"": 2.305}"
114,100974271034,2020-08-07,0,counterfactual,"{""w_0"": 2.29, ""w_1"": 2.42, ""w_2"": 2.41, ""w_3"": 2.42, ""w_4"": 2.38, ""w_5"": 2.38, ""w_6"": 2.5, ""w_7"": 2.54, ""w_8"": 2.48, ""w_9"": 2.53, ""w_10"": 2.49, ""w_11"": 2.48, ""w_12"": 2.4, ""w_13"": 2.29, ""w_14"": 2.29, ""w_15"": 2.3, ""w_16"": 2.42, ""w_17"": 2.4, ""w_18"": 2.33, ""w_19"": 2.45, ""w_20"": 2.44}"
115,100974271034,2020-08-10,0,factual,"{""w_0"": 2.25, ""w_1"": 2.295, ""w_2"": 2.32, ""w_3"": 2.475, ""w_4"": 2.42, ""w_5"": 2.455, ""w_6"": 2.4, ""w_7"": 2.47, ""w_8"": 2.45, ""w_9"": 2.4, ""w_10"": 2.36, ""w_11"": 2.4, ""w_12"": 2.42, ""w_13"": 2.335, ""w_14"": 2.38, ""w_15"": 2.37, ""w_16"": 2.395, ""w_17"": 2.415, ""w_18"": 2.385, ""w_19"": 2.305, ""w_20"": 2.195}"
115,100974271034,2020-08-10,0,counterfactual,"{""w_0"": 2.29, ""w_1"": 2.3, ""w_2"": 2.42, ""w_3"": 2.4, ""w_4"": 2.33, ""w_5"": 2.45, ""w_6"": 2.44, ""w_7"": 2.47, ""w_8"": 2.42, ""w_9"": 2.39, ""w_10"": 2.38, ""w_11"": 2.39, ""w_12"": 2.33, ""w_13"": 2.35, ""w_14"": 2.43, ""w_15"": 2.45, ""w_16"": 2.45, ""w_17"": 2.37, ""w_18"": 2.34, ""w_19"": 2.35, ""w_20"": 2.29}"
116,100974271034,2020-08-11,0,factual,"{""w_0"": 2.295, ""w_1"": 2.32, ""w_2"": 2.475, ""w_3"": 2.42, ""w_4"": 2.455, ""w_5"": 2.4, ""w_6"": 2.47, ""w_7"": 2.45, ""w_8"": 2.4, ""w_9"": 2.36, ""w_10"": 2.4, ""w_11"": 2.42, ""w_12"": 2.335, ""w_13"": 2.38, ""w_14"": 2.37, ""w_15"": 2.395, ""w_16"": 2.415, ""w_17"": 2.385, ""w_18"": 2.305, ""w_19"": 2.195, ""w_20"": 2.24}"
116,100974271034,2020-08-11,0,counterfactual,"{""w_0"": 2.4, ""w_1"": 2.33, ""w_2"": 2.45, ""w_3"": 2.44, ""w_4"": 2.47, ""w_5"": 2.42, ""w_6"": 2.39, ""w_7"": 2.38, ""w_8"": 2.39, ""w_9"": 2.33, ""w_10"": 2.35, ""w_11"": 2.43, ""w_12"": 2.45, ""w_13"": 2.45, ""w_14"": 2.37, ""w_15"": 2.34, ""w_16"": 2.35, ""w_17"": 2.29, ""w_18"": 2.25, ""w_19"": 2.3, ""w_20"": 2.32}"
117,100974271034,2020-08-12,0,factual,"{""w_0"": 2.32, ""w_1"": 2.475, ""w_2"": 2.42, ""w_3"": 2.455, ""w_4"": 2.4, ""w_5"": 2.47, ""w_6"": 2.45, ""w_7"": 2.4, ""w_8"": 2.36, ""w_9"": 2.4, ""w_10"": 2.42, ""w_11"": 2.335, ""w_12"": 2.38, ""w_13"": 2.37, ""w_14"": 2.395, ""w_15"": 2.415, ""w_16"": 2.385, ""w_17"": 2.305, ""w_18"": 2.195, ""w_19"": 2.24, ""w_20"": 2.26}"
117,100974271034,2020-08-12,0,counterfactual,"{""w_0"": 2.42, ""w_1"": 2.4, ""w_2"": 2.33, ""w_3"": 2.45, ""w_4"": 2.44, ""w_5"": 2.47, ""w_6"": 2.42, ""w_7"": 2.39, ""w_8"": 2.38, ""w_9"": 2.39, ""w_10"": 2.33, ""w_11"": 2.35, ""w_12"": 2.43, ""w_13"": 2.45, ""w_14"": 2.45, ""w_15"": 2.37, ""w_16"": 2.34, ""w_17"": 2.35, ""w_18"": 2.29, ""w_19"": 2.25, ""w_20"": 2.3}"
118,100974271034,2020-08-13,0,factual,"{""w_0"": 2.475, ""w_1"": 2.42, ""w_2"": 2.455, ""w_3"": 2.4, ""w_4"": 2.47, ""w_5"": 2.45, ""w_6"": 2.4, ""w_7"": 2.36, ""w_8"": 2.4, ""w_9"": 2.42, ""w_10"": 2.335, ""w_11"": 2.38, ""w_12"": 2.37, ""w_13"": 2.395, ""w_14"": 2.415, ""w_15"": 2.385, ""w_16"": 2.305, ""w_17"": 2.195, ""w_18"": 2.24, ""w_19"": 2.26, ""w_20"": 2.245}"
118,100974271034,2020-08-13,0,counterfactual,"{""w_0"": 2.45, ""w_1"": 2.37, ""w_2"": 2.34, ""w_3"": 2.35, ""w_4"": 2.29, ""w_5"": 2.25, ""w_6"": 2.3, ""w_7"": 2.32, ""w_8"": 2.47, ""w_9"": 2.42, ""w_10"": 2.45, ""w_11"": 2.4, ""w_12"": 2.47, ""w_13"": 2.45, ""w_14"": 2.4, ""w_15"": 2.36, ""w_16"": 2.4, ""w_17"": 2.42, ""w_18"": 2.34, ""w_19"": 2.38, ""w_20"": 2.37}"
119,100974271034,2020-08-14,0,factual,"{""w_0"": 2.42, ""w_1"": 2.455, ""w_2"": 2.4, ""w_3"": 2.47, ""w_4"": 2.45, ""w_5"": 2.4, ""w_6"": 2.36, ""w_7"": 2.4, ""w_8"": 2.42, ""w_9"": 2.335, ""w_10"": 2.38, ""w_11"": 2.37, ""w_12"": 2.395, ""w_13"": 2.415, ""w_14"": 2.385, ""w_15"": 2.305, ""w_16"": 2.195, ""w_17"": 2.24, ""w_18"": 2.26, ""w_19"": 2.245, ""w_20"": 2.26}"
119,100974271034,2020-08-14,0,counterfactual,"{""w_0"": 2.33, ""w_1"": 2.45, ""w_2"": 2.44, ""w_3"": 2.47, ""w_4"": 2.42, ""w_5"": 2.39, ""w_6"": 2.38, ""w_7"": 2.39, ""w_8"": 2.33, ""w_9"": 2.35, ""w_10"": 2.43, ""w_11"": 2.45, ""w_12"": 2.45, ""w_13"": 2.37, ""w_14"": 2.34, ""w_15"": 2.35, ""w_16"": 2.29, ""w_17"": 2.25, ""w_18"": 2.3, ""w_19"": 2.32, ""w_20"": 2.47}"
120,100974271034,2020-08-17,0,factual,"{""w_0"": 2.455, ""w_1"": 2.4, ""w_2"": 2.47, ""w_3"": 2.45, ""w_4"": 2.4, ""w_5"": 2.36, ""w_6"": 2.4, ""w_7"": 2.42, ""w_8"": 2.335, ""w_9"": 2.38, ""w_10"": 2.37, ""w_11"": 2.395, ""w_12"": 2.415, ""w_13"": 2.385, ""w_14"": 2.305, ""w_15"": 2.195, ""w_16"": 2.24, ""w_17"": 2.26, ""w_18"": 2.245, ""w_19"": 2.26, ""w_20"": 2.31}"
120,100974271034,2020-08-17,0,counterfactual,"{""w_0"": 2.47, ""w_1"": 2.42, ""w_2"": 2.45, ""w_3"": 2.4, ""w_4"": 2.47, ""w_5"": 2.45, ""w_6"": 2.4, ""w_7"": 2.36, ""w_8"": 2.4, ""w_9"": 2.42, ""w_10"": 2.34, ""w_11"": 2.38, ""w_12"": 2.37, ""w_13"": 2.39, ""w_14"": 2.41, ""w_15"": 2.38, ""w_16"": 2.31, ""w_17"": 2.19, ""w_18"": 2.24, ""w_19"": 2.26, ""w_20"": 2.24}"
121,100974271034,2020-08-18,0,factual,"{""w_0"": 2.4, ""w_1"": 2.47, ""w_2"": 2.45, ""w_3"": 2.4, ""w_4"": 2.36, ""w_5"": 2.4, ""w_6"": 2.42, ""w_7"": 2.335, ""w_8"": 2.38, ""w_9"": 2.37, ""w_10"": 2.395, ""w_11"": 2.415, ""w_12"": 2.385, ""w_13"": 2.305, ""w_14"": 2.195, ""w_15"": 2.24, ""w_16"": 2.26, ""w_17"": 2.245, ""w_18"": 2.26, ""w_19"": 2.31, ""w_20"": 2.315}"
121,100974271034,2020-08-18,0,counterfactual,"{""w_0"": 2.3, ""w_1"": 2.32, ""w_2"": 2.47, ""w_3"": 2.42, ""w_4"": 2.45, ""w_5"": 2.4, ""w_6"": 2.47, ""w_7"": 2.45, ""w_8"": 2.4, ""w_9"": 2.36, ""w_10"": 2.4, ""w_11"": 2.42, ""w_12"": 2.34, ""w_13"": 2.38, ""w_14"": 2.37, ""w_15"": 2.39, ""w_16"": 2.41, ""w_17"": 2.38, ""w_18"": 2.31, ""w_19"": 2.19, ""w_20"": 2.24}"
122,100974271034,2020-08-19,0,factual,"{""w_0"": 2.47, ""w_1"": 2.45, ""w_2"": 2.4, ""w_3"": 2.36, ""w_4"": 2.4, ""w_5"": 2.42, ""w_6"": 2.335, ""w_7"": 2.38, ""w_8"": 2.37, ""w_9"": 2.395, ""w_10"": 2.415, ""w_11"": 2.385, ""w_12"": 2.305, ""w_13"": 2.195, ""w_14"": 2.24, ""w_15"": 2.26, ""w_16"": 2.245, ""w_17"": 2.26, ""w_18"": 2.31, ""w_19"": 2.315, ""w_20"": 2.34}"
122,100974271034,2020-08-19,0,counterfactual,"{""w_0"": 2.32, ""w_1"": 2.47, ""w_2"": 2.42, ""w_3"": 2.45, ""w_4"": 2.4, ""w_5"": 2.47, ""w_6"": 2.45, ""w_7"": 2.4, ""w_8"": 2.36, ""w_9"": 2.4, ""w_10"": 2.42, ""w_11"": 2.34, ""w_12"": 2.38, ""w_13"": 2.37, ""w_14"": 2.39, ""w_15"": 2.41, ""w_16"": 2.38, ""w_17"": 2.31, ""w_18"": 2.19, ""w_19"": 2.24, ""w_20"": 2.26}"
123,100974271034,2020-08-20,0,factual,"{""w_0"": 2.45, ""w_1"": 2.4, ""w_2"": 2.36, ""w_3"": 2.4, ""w_4"": 2.42, ""w_5"": 2.335, ""w_6"": 2.38, ""w_7"": 2.37, ""w_8"": 2.395, ""w_9"": 2.415, ""w_10"": 2.385, ""w_11"": 2.305, ""w_12"": 2.195, ""w_13"": 2.24, ""w_14"": 2.26, ""w_15"": 2.245, ""w_16"": 2.26, ""w_17"": 2.31, ""w_18"": 2.315, ""w_19"": 2.34, ""w_20"": 2.315}"
123,100974271034,2020-08-20,0,counterfactual,"{""w_0"": 2.33, ""w_1"": 2.45, ""w_2"": 2.44, ""w_3"": 2.47, ""w_4"": 2.42, ""w_5"": 2.39, ""w_6"": 2.38, ""w_7"": 2.39, ""w_8"": 2.33, ""w_9"": 2.35, ""w_10"": 2.43, ""w_11"": 2.45, ""w_12"": 2.45, ""w_13"": 2.37, ""w_14"": 2.34, ""w_15"": 2.35, ""w_16"": 2.29, ""w_17"": 2.25, ""w_18"": 2.3, ""w_19"": 2.32, ""w_20"": 2.47}"
124,100974271034,2020-08-21,0,factual,"{""w_0"": 2.4, ""w_1"": 2.36, ""w_2"": 2.4, ""w_3"": 2.42, ""w_4"": 2.335, ""w_5"": 2.38, ""w_6"": 2.37, ""w_7"": 2.395, ""w_8"": 2.415, ""w_9"": 2.385, ""w_10"": 2.305, ""w_11"": 2.195, ""w_12"": 2.24, ""w_13"": 2.26, ""w_14"": 2.245, ""w_15"": 2.26, ""w_16"": 2.31, ""w_17"": 2.315, ""w_18"": 2.34, ""w_19"": 2.315, ""w_20"": 2.335}"
124,100974271034,2020-08-21,0,counterfactual,"{""w_0"": 2.45, ""w_1"": 2.44, ""w_2"": 2.47, ""w_3"": 2.42, ""w_4"": 2.39, ""w_5"": 2.38, ""w_6"": 2.39, ""w_7"": 2.33, ""w_8"": 2.35, ""w_9"": 2.43, ""w_10"": 2.45, ""w_11"": 2.45, ""w_12"": 2.37, ""w_13"": 2.34, ""w_14"": 2.35, ""w_15"": 2.29, ""w_16"": 2.25, ""w_17"": 2.3, ""w_18"": 2.32, ""w_19"": 2.47, ""w_20"": 2.42}"
125,100974271034,2020-08-24,0,factual,"{""w_0"": 2.36, ""w_1"": 2.4, ""w_2"": 2.42, ""w_3"": 2.335, ""w_4"": 2.38, ""w_5"": 2.37, ""w_6"": 2.395, ""w_7"": 2.415, ""w_8"": 2.385, ""w_9"": 2.305, ""w_10"": 2.195, ""w_11"": 2.24, ""w_12"": 2.26, ""w_13"": 2.245, ""w_14"": 2.26, ""w_15"": 2.31, ""w_16"": 2.315, ""w_17"": 2.34, ""w_18"": 2.315, ""w_19"": 2.335, ""w_20"": 2.3}"
125,100974271034,2020-08-24,0,counterfactual,"{""w_0"": 2.3, ""w_1"": 2.42, ""w_2"": 2.4, ""w_3"": 2.33, ""w_4"": 2.45, ""w_5"": 2.44, ""w_6"": 2.47, ""w_7"": 2.42, ""w_8"": 2.39, ""w_9"": 2.38, ""w_10"": 2.39, ""w_11"": 2.33, ""w_12"": 2.35, ""w_13"": 2.43, ""w_14"": 2.45, ""w_15"": 2.45, ""w_16"": 2.37, ""w_17"": 2.34, ""w_18"": 2.35, ""w_19"": 2.29, ""w_20"": 2.25}"
126,100974271034,2020-08-25,0,factual,"{""w_0"": 2.4, ""w_1"": 2.42, ""w_2"": 2.335, ""w_3"": 2.38, ""w_4"": 2.37, ""w_5"": 2.395, ""w_6"": 2.415, ""w_7"": 2.385, ""w_8"": 2.305, ""w_9"": 2.195, ""w_10"": 2.24, ""w_11"": 2.26, ""w_12"": 2.245, ""w_13"": 2.26, ""w_14"": 2.31, ""w_15"": 2.315, ""w_16"": 2.34, ""w_17"": 2.315, ""w_18"": 2.335, ""w_19"": 2.3, ""w_20"": 2.25}"
126,100974271034,2020-08-25,0,counterfactual,"{""w_0"": 2.4, ""w_1"": 2.36, ""w_2"": 2.4, ""w_3"": 2.42, ""w_4"": 2.34, ""w_5"": 2.38, ""w_6"": 2.37, ""w_7"": 2.39, ""w_8"": 2.41, ""w_9"": 2.38, ""w_10"": 2.31, ""w_11"": 2.19, ""w_12"": 2.24, ""w_13"": 2.26, ""w_14"": 2.24, ""w_15"": 2.26, ""w_16"": 2.31, ""w_17"": 2.32, ""w_18"": 2.34, ""w_19"": 2.32, ""w_20"": 2.34}"
127,100974271034,2020-08-26,0,factual,"{""w_0"": 2.42, ""w_1"": 2.335, ""w_2"": 2.38, ""w_3"": 2.37, ""w_4"": 2.395, ""w_5"": 2.415, ""w_6"": 2.385, ""w_7"": 2.305, ""w_8"": 2.195, ""w_9"": 2.24, ""w_10"": 2.26, ""w_11"": 2.245, ""w_12"": 2.26, ""w_13"": 2.31, ""w_14"": 2.315, ""w_15"": 2.34, ""w_16"": 2.315, ""w_17"": 2.335, ""w_18"": 2.3, ""w_19"": 2.25, ""w_20"": 2.28}"
127,100974271034,2020-08-26,0,counterfactual,"{""w_0"": 2.42, ""w_1"": 2.4, ""w_2"": 2.33, ""w_3"": 2.45, ""w_4"": 2.44, ""w_5"": 2.47, ""w_6"": 2.42, ""w_7"": 2.39, ""w_8"": 2.38, ""w_9"": 2.39, ""w_10"": 2.33, ""w_11"": 2.35, ""w_12"": 2.43, ""w_13"": 2.45, ""w_14"": 2.45, ""w_15"": 2.37, ""w_16"": 2.34, ""w_17"": 2.35, ""w_18"": 2.29, ""w_19"": 2.25, ""w_20"": 2.3}"
128,100974271034,2020-08-27,0,factual,"{""w_0"": 2.335, ""w_1"": 2.38, ""w_2"": 2.37, ""w_3"": 2.395, ""w_4"": 2.415, ""w_5"": 2.385, ""w_6"": 2.305, ""w_7"": 2.195, ""w_8"": 2.24, ""w_9"": 2.26, ""w_10"": 2.245, ""w_11"": 2.26, ""w_12"": 2.31, ""w_13"": 2.315, ""w_14"": 2.34, ""w_15"": 2.315, ""w_16"": 2.335, ""w_17"": 2.3, ""w_18"": 2.25, ""w_19"": 2.28, ""w_20"": 2.26}"
128,100974271034,2020-08-27,0,counterfactual,"{""w_0"": 2.4, ""w_1"": 2.33, ""w_2"": 2.45, ""w_3"": 2.44, ""w_4"": 2.47, ""w_5"": 2.42, ""w_6"": 2.39, ""w_7"": 2.38, ""w_8"": 2.39, ""w_9"": 2.33, ""w_10"": 2.35, ""w_11"": 2.43, ""w_12"": 2.45, ""w_13"": 2.45, ""w_14"": 2.37, ""w_15"": 2.34, ""w_16"": 2.35, ""w_17"": 2.29, ""w_18"": 2.25, ""w_19"": 2.3, ""w_20"": 2.32}"
129,100974271034,2020-08-28,0,factual,"{""w_0"": 2.38, ""w_1"": 2.37, ""w_2"": 2.395, ""w_3"": 2.415, ""w_4"": 2.385, ""w_5"": 2.305, ""w_6"": 2.195, ""w_7"": 2.24, ""w_8"": 2.26, ""w_9"": 2.245, ""w_10"": 2.26, ""w_11"": 2.31, ""w_12"": 2.315, ""w_13"": 2.34, ""w_14"": 2.315, ""w_15"": 2.335, ""w_16"": 2.3, ""w_17"": 2.25, ""w_18"": 2.28, ""w_19"": 2.26, ""w_20"": 2.27}"
129,100974271034,2020-08-28,0,counterfactual,"{""w_0"": 2.45, ""w_1"": 2.4, ""w_2"": 2.47, ""w_3"": 2.45, ""w_4"": 2.4, ""w_5"": 2.36, ""w_6"": 2.4, ""w_7"": 2.42, ""w_8"": 2.34, ""w_9"": 2.38, ""w_10"": 2.37, ""w_11"": 2.39, ""w_12"": 2.41, ""w_13"": 2.38, ""w_14"": 2.31, ""w_15"": 2.19, ""w_16"": 2.24, ""w_17"": 2.26, ""w_18"": 2.24, ""w_19"": 2.26, ""w_20"": 2.31}"
130,100974271034,2020-08-31,0,factual,"{""w_0"": 2.37, ""w_1"": 2.395, ""w_2"": 2.415, ""w_3"": 2.385, ""w_4"": 2.305, ""w_5"": 2.195, ""w_6"": 2.24, ""w_7"": 2.26, ""w_8"": 2.245, ""w_9"": 2.26, ""w_10"": 2.31, ""w_11"": 2.315, ""w_12"": 2.34, ""w_13"": 2.315, ""w_14"": 2.335, ""w_15"": 2.3, ""w_16"": 2.25, ""w_17"": 2.28, ""w_18"": 2.26, ""w_19"": 2.27, ""w_20"": 2.28}"
130,100974271034,2020-08-31,0,counterfactual,"{""w_0"": 2.42, ""w_1"": 2.45, ""w_2"": 2.4, ""w_3"": 2.47, ""w_4"": 2.45, ""w_5"": 2.4, ""w_6"": 2.36, ""w_7"": 2.4, ""w_8"": 2.42, ""w_9"": 2.34, ""w_10"": 2.38, ""w_11"": 2.37, ""w_12"": 2.39, ""w_13"": 2.41, ""w_14"": 2.38, ""w_15"": 2.31, ""w_16"": 2.19, ""w_17"": 2.24, ""w_18"": 2.26, ""w_19"": 2.24, ""w_20"": 2.26}"
131,100974271034,2020-09-01,0,factual,"{""w_0"": 2.395, ""w_1"": 2.415, ""w_2"": 2.385, ""w_3"": 2.305, ""w_4"": 2.195, ""w_5"": 2.24, ""w_6"": 2.26, ""w_7"": 2.245, ""w_8"": 2.26, ""w_9"": 2.31, ""w_10"": 2.315, ""w_11"": 2.34, ""w_12"": 2.315, ""w_13"": 2.335, ""w_14"": 2.3, ""w_15"": 2.25, ""w_16"": 2.28, ""w_17"": 2.26, ""w_18"": 2.27, ""w_19"": 2.28, ""w_20"": 2.285}"
131,100974271034,2020-09-01,0,counterfactual,"{""w_0"": 2.32, ""w_1"": 2.38, ""w_2"": 2.5, ""w_3"": 2.35, ""w_4"": 2.35, ""w_5"": 2.15, ""w_6"": 2.15, ""w_7"": 2.16, ""w_8"": 2.18, ""w_9"": 2.32, ""w_10"": 2.3, ""w_11"": 2.34, ""w_12"": 2.18, ""w_13"": 2.14, ""w_14"": 2.17, ""w_15"": 2.3, ""w_16"": 2.29, ""w_17"": 2.33, ""w_18"": 2.27, ""w_19"": 2.24, ""w_20"": 2.29}"
132,100974271034,2020-09-02,0,factual,"{""w_0"": 2.415, ""w_1"": 2.385, ""w_2"": 2.305, ""w_3"": 2.195, ""w_4"": 2.24, ""w_5"": 2.26, ""w_6"": 2.245, ""w_7"": 2.26, ""w_8"": 2.31, ""w_9"": 2.315, ""w_10"": 2.34, ""w_11"": 2.315, ""w_12"": 2.335, ""w_13"": 2.3, ""w_14"": 2.25, ""w_15"": 2.28, ""w_16"": 2.26, ""w_17"": 2.27, ""w_18"": 2.28, ""w_19"": 2.285, ""w_20"": 2.3}"
132,100974271034,2020-09-02,0,counterfactual,"{""w_0"": 2.4, ""w_1"": 2.47, ""w_2"": 2.45, ""w_3"": 2.4, ""w_4"": 2.36, ""w_5"": 2.4, ""w_6"": 2.42, ""w_7"": 2.34, ""w_8"": 2.38, ""w_9"": 2.37, ""w_10"": 2.39, ""w_11"": 2.41, ""w_12"": 2.38, ""w_13"": 2.31, ""w_14"": 2.19, ""w_15"": 2.24, ""w_16"": 2.26, ""w_17"": 2.24, ""w_18"": 2.26, ""w_19"": 2.31, ""w_20"": 2.32}"
133,100974271034,2020-09-03,0,factual,"{""w_0"": 2.385, ""w_1"": 2.305, ""w_2"": 2.195, ""w_3"": 2.24, ""w_4"": 2.26, ""w_5"": 2.245, ""w_6"": 2.26, ""w_7"": 2.31, ""w_8"": 2.315, ""w_9"": 2.34, ""w_10"": 2.315, ""w_11"": 2.335, ""w_12"": 2.3, ""w_13"": 2.25, ""w_14"": 2.28, ""w_15"": 2.26, ""w_16"": 2.27, ""w_17"": 2.28, ""w_18"": 2.285, ""w_19"": 2.3, ""w_20"": 2.285}"
133,100974271034,2020-09-03,0,counterfactual,"{""w_0"": 2.4, ""w_1"": 2.36, ""w_2"": 2.4, ""w_3"": 2.42, ""w_4"": 2.34, ""w_5"": 2.38, ""w_6"": 2.37, ""w_7"": 2.39, ""w_8"": 2.41, ""w_9"": 2.38, ""w_10"": 2.31, ""w_11"": 2.19, ""w_12"": 2.24, ""w_13"": 2.26, ""w_14"": 2.24, ""w_15"": 2.26, ""w_16"": 2.31, ""w_17"": 2.32, ""w_18"": 2.34, ""w_19"": 2.32, ""w_20"": 2.34}"
134,100974271034,2020-09-04,0,factual,"{""w_0"": 2.305, ""w_1"": 2.195, ""w_2"": 2.24, ""w_3"": 2.26, ""w_4"": 2.245, ""w_5"": 2.26, ""w_6"": 2.31, ""w_7"": 2.315, ""w_8"": 2.34, ""w_9"": 2.315, ""w_10"": 2.335, ""w_11"": 2.3, ""w_12"": 2.25, ""w_13"": 2.28, ""w_14"": 2.26, ""w_15"": 2.27, ""w_16"": 2.28, ""w_17"": 2.285, ""w_18"": 2.3, ""w_19"": 2.285, ""w_20"": 2.27}"
134,100974271034,2020-09-04,0,counterfactual,"{""w_0"": 2.45, ""w_1"": 2.4, ""w_2"": 2.36, ""w_3"": 2.4, ""w_4"": 2.42, ""w_5"": 2.34, ""w_6"": 2.38, ""w_7"": 2.37, ""w_8"": 2.39, ""w_9"": 2.41, ""w_10"": 2.38, ""w_11"": 2.31, ""w_12"": 2.19, ""w_13"": 2.24, ""w_14"": 2.26, ""w_15"": 2.24, ""w_16"": 2.26, ""w_17"": 2.31, ""w_18"": 2.32, ""w_19"": 2.34, ""w_20"": 2.32}"
135,100974271034,2020-09-07,0,factual,"{""w_0"": 2.195, ""w_1"": 2.24, ""w_2"": 2.26, ""w_3"": 2.245, ""w_4"": 2.26, ""w_5"": 2.31, ""w_6"": 2.315, ""w_7"": 2.34, ""w_8"": 2.315, ""w_9"": 2.335, ""w_10"": 2.3, ""w_11"": 2.25, ""w_12"": 2.28, ""w_13"": 2.26, ""w_14"": 2.27, ""w_15"": 2.28, ""w_16"": 2.285, ""w_17"": 2.3, ""w_18"": 2.285, ""w_19"": 2.27, ""w_20"": 2.33}"
135,100974271034,2020-09-07,0,counterfactual,"{""w_0"": 2.38, ""w_1"": 2.31, ""w_2"": 2.19, ""w_3"": 2.24, ""w_4"": 2.26, ""w_5"": 2.24, ""w_6"": 2.26, ""w_7"": 2.31, ""w_8"": 2.32, ""w_9"": 2.34, ""w_10"": 2.32, ""w_11"": 2.34, ""w_12"": 2.3, ""w_13"": 2.25, ""w_14"": 2.28, ""w_15"": 2.26, ""w_16"": 2.27, ""w_17"": 2.28, ""w_18"": 2.29, ""w_19"": 2.3, ""w_20"": 2.29}"
136,100974271034,2020-09-08,0,factual,"{""w_0"": 2.24, ""w_1"": 2.26, ""w_2"": 2.245, ""w_3"": 2.26, ""w_4"": 2.31, ""w_5"": 2.315, ""w_6"": 2.34, ""w_7"": 2.315, ""w_8"": 2.335, ""w_9"": 2.3, ""w_10"": 2.25, ""w_11"": 2.28, ""w_12"": 2.26, ""w_13"": 2.27, ""w_14"": 2.28, ""w_15"": 2.285, ""w_16"": 2.3, ""w_17"": 2.285, ""w_18"": 2.27, ""w_19"": 2.33, ""w_20"": 2.24}"
136,100974271034,2020-09-08,0,counterfactual,"{""w_0"": 2.31, ""w_1"": 2.19, ""w_2"": 2.24, ""w_3"": 2.26, ""w_4"": 2.24, ""w_5"": 2.26, ""w_6"": 2.31, ""w_7"": 2.32, ""w_8"": 2.34, ""w_9"": 2.32, ""w_10"": 2.34, ""w_11"": 2.3, ""w_12"": 2.25, ""w_13"": 2.28, ""w_14"": 2.26, ""w_15"": 2.27, ""w_16"": 2.28, ""w_17"": 2.29, ""w_18"": 2.3, ""w_19"": 2.29, ""w_20"": 2.27}"
137,100974271034,2020-09-09,0,factual,"{""w_0"": 2.26, ""w_1"": 2.245, ""w_2"": 2.26, ""w_3"": 2.31, ""w_4"": 2.315, ""w_5"": 2.34, ""w_6"": 2.315, ""w_7"": 2.335, ""w_8"": 2.3, ""w_9"": 2.25, ""w_10"": 2.28, ""w_11"": 2.26, ""w_12"": 2.27, ""w_13"": 2.28, ""w_14"": 2.285, ""w_15"": 2.3, ""w_16"": 2.285, ""w_17"": 2.27, ""w_18"": 2.33, ""w_19"": 2.24, ""w_20"": 2.26}"
137,100974271034,2020-09-09,0,counterfactual,"{""w_0"": 2.19, ""w_1"": 2.24, ""w_2"": 2.26, ""w_3"": 2.24, ""w_4"": 2.26, ""w_5"": 2.31, ""w_6"": 2.32, ""w_7"": 2.34, ""w_8"": 2.32, ""w_9"": 2.34, ""w_10"": 2.3, ""w_11"": 2.25, ""w_12"": 2.28, ""w_13"": 2.26, ""w_14"": 2.27, ""w_15"": 2.28, ""w_16"": 2.29, ""w_17"": 2.3, ""w_18"": 2.29, ""w_19"": 2.27, ""w_20"": 2.33}"
138,100974271034,2020-09-10,0,factual,"{""w_0"": 2.245, ""w_1"": 2.26, ""w_2"": 2.31, ""w_3"": 2.315, ""w_4"": 2.34, ""w_5"": 2.315, ""w_6"": 2.335, ""w_7"": 2.3, ""w_8"": 2.25, ""w_9"": 2.28, ""w_10"": 2.26, ""w_11"": 2.27, ""w_12"": 2.28, ""w_13"": 2.285, ""w_14"": 2.3, ""w_15"": 2.285, ""w_16"": 2.27, ""w_17"": 2.33, ""w_18"": 2.24, ""w_19"": 2.26, ""w_20"": 2.31}"
138,100974271034,2020-09-10,0,counterfactual,"{""w_0"": 2.24, ""w_1"": 2.26, ""w_2"": 2.24, ""w_3"": 2.26, ""w_4"": 2.31, ""w_5"": 2.32, ""w_6"": 2.34, ""w_7"": 2.32, ""w_8"": 2.34, ""w_9"": 2.3, ""w_10"": 2.25, ""w_11"": 2.28, ""w_12"": 2.26, ""w_13"": 2.27, ""w_14"": 2.28, ""w_15"": 2.29, ""w_16"": 2.3, ""w_17"": 2.29, ""w_18"": 2.27, ""w_19"": 2.33, ""w_20"": 2.24}"
139,100974271034,2020-09-11,0,factual,"{""w_0"": 2.26, ""w_1"": 2.31, ""w_2"": 2.315, ""w_3"": 2.34, ""w_4"": 2.315, ""w_5"": 2.335, ""w_6"": 2.3, ""w_7"": 2.25, ""w_8"": 2.28, ""w_9"": 2.26, ""w_10"": 2.27, ""w_11"": 2.28, ""w_12"": 2.285, ""w_13"": 2.3, ""w_14"": 2.285, ""w_15"": 2.27, ""w_16"": 2.33, ""w_17"": 2.24, ""w_18"": 2.26, ""w_19"": 2.31, ""w_20"": 2.31}"
139,100974271034,2020-09-11,0,counterfactual,"{""w_0"": 2.26, ""w_1"": 2.24, ""w_2"": 2.26, ""w_3"": 2.31, ""w_4"": 2.32, ""w_5"": 2.34, ""w_6"": 2.32, ""w_7"": 2.34, ""w_8"": 2.3, ""w_9"": 2.25, ""w_10"": 2.28, ""w_11"": 2.26, ""w_12"": 2.27, ""w_13"": 2.28, ""w_14"": 2.29, ""w_15"": 2.3, ""w_16"": 2.29, ""w_17"": 2.27, ""w_18"": 2.33, ""w_19"": 2.24, ""w_20"": 2.26}"
140,100974271034,2020-09-14,0,factual,"{""w_0"": 2.31, ""w_1"": 2.315, ""w_2"": 2.34, ""w_3"": 2.315, ""w_4"": 2.335, ""w_5"": 2.3, ""w_6"": 2.25, ""w_7"": 2.28, ""w_8"": 2.26, ""w_9"": 2.27, ""w_10"": 2.28, ""w_11"": 2.285, ""w_12"": 2.3, ""w_13"": 2.285, ""w_14"": 2.27, ""w_15"": 2.33, ""w_16"": 2.24, ""w_17"": 2.26, ""w_18"": 2.31, ""w_19"": 2.31, ""w_20"": 2.49}"
140,100974271034,2020-09-14,0,counterfactual,"{""w_0"": 2.47, ""w_1"": 2.45, ""w_2"": 2.4, ""w_3"": 2.36, ""w_4"": 2.4, ""w_5"": 2.42, ""w_6"": 2.34, ""w_7"": 2.38, ""w_8"": 2.37, ""w_9"": 2.39, ""w_10"": 2.41, ""w_11"": 2.38, ""w_12"": 2.31, ""w_13"": 2.19, ""w_14"": 2.24, ""w_15"": 2.26, ""w_16"": 2.24, ""w_17"": 2.26, ""w_18"": 2.31, ""w_19"": 2.32, ""w_20"": 2.34}"
141,100974271034,2020-09-15,0,factual,"{""w_0"": 2.315, ""w_1"": 2.34, ""w_2"": 2.315, ""w_3"": 2.335, ""w_4"": 2.3, ""w_5"": 2.25, ""w_6"": 2.28, ""w_7"": 2.26, ""w_8"": 2.27, ""w_9"": 2.28, ""w_10"": 2.285, ""w_11"": 2.3, ""w_12"": 2.285, ""w_13"": 2.27, ""w_14"": 2.33, ""w_15"": 2.24, ""w_16"": 2.26, ""w_17"": 2.31, ""w_18"": 2.31, ""w_19"": 2.49, ""w_20"": 2.555}"
141,100974271034,2020-09-15,0,counterfactual,"{""w_0"": 2.35, ""w_1"": 2.35, ""w_2"": 2.15, ""w_3"": 2.15, ""w_4"": 2.16, ""w_5"": 2.18, ""w_6"": 2.32, ""w_7"": 2.3, ""w_8"": 2.34, ""w_9"": 2.18, ""w_10"": 2.14, ""w_11"": 2.17, ""w_12"": 2.3, ""w_13"": 2.29, ""w_14"": 2.33, ""w_15"": 2.27, ""w_16"": 2.24, ""w_17"": 2.29, ""w_18"": 2.42, ""w_19"": 2.41, ""w_20"": 2.42}"
142,100974271034,2020-09-16,0,factual,"{""w_0"": 2.34, ""w_1"": 2.315, ""w_2"": 2.335, ""w_3"": 2.3, ""w_4"": 2.25, ""w_5"": 2.28, ""w_6"": 2.26, ""w_7"": 2.27, ""w_8"": 2.28, ""w_9"": 2.285, ""w_10"": 2.3, ""w_11"": 2.285, ""w_12"": 2.27, ""w_13"": 2.33, ""w_14"": 2.24, ""w_15"": 2.26, ""w_16"": 2.31, ""w_17"": 2.31, ""w_18"": 2.49, ""w_19"": 2.555, ""w_20"": 2.535}"
142,100974271034,2020-09-16,0,counterfactual,"{""w_0"": 2.32, ""w_1"": 2.34, ""w_2"": 2.32, ""w_3"": 2.34, ""w_4"": 2.3, ""w_5"": 2.25, ""w_6"": 2.28, ""w_7"": 2.26, ""w_8"": 2.27, ""w_9"": 2.28, ""w_10"": 2.29, ""w_11"": 2.3, ""w_12"": 2.29, ""w_13"": 2.27, ""w_14"": 2.33, ""w_15"": 2.24, ""w_16"": 2.26, ""w_17"": 2.31, ""w_18"": 2.31, ""w_19"": 2.49, ""w_20"": 2.56}"
143,100974271034,2020-09-17,0,factual,"{""w_0"": 2.315, ""w_1"": 2.335, ""w_2"": 2.3, ""w_3"": 2.25, ""w_4"": 2.28, ""w_5"": 2.26, ""w_6"": 2.27, ""w_7"": 2.28, ""w_8"": 2.285, ""w_9"": 2.3, ""w_10"": 2.285, ""w_11"": 2.27, ""w_12"": 2.33, ""w_13"": 2.24, ""w_14"": 2.26, ""w_15"": 2.31, ""w_16"": 2.31, ""w_17"": 2.49, ""w_18"": 2.555, ""w_19"": 2.535, ""w_20"": 2.75}"
143,100974271034,2020-09-17,0,counterfactual,"{""w_0"": 2.34, ""w_1"": 2.32, ""w_2"": 2.34, ""w_3"": 2.3, ""w_4"": 2.25, ""w_5"": 2.28, ""w_6"": 2.26, ""w_7"": 2.27, ""w_8"": 2.28, ""w_9"": 2.29, ""w_10"": 2.3, ""w_11"": 2.29, ""w_12"": 2.27, ""w_13"": 2.33, ""w_14"": 2.24, ""w_15"": 2.26, ""w_16"": 2.31, ""w_17"": 2.31, ""w_18"": 2.49, ""w_19"": 2.56, ""w_20"": 2.54}"
144,100974271034,2020-09-18,0,factual,"{""w_0"": 2.335, ""w_1"": 2.3, ""w_2"": 2.25, ""w_3"": 2.28, ""w_4"": 2.26, ""w_5"": 2.27, ""w_6"": 2.28, ""w_7"": 2.285, ""w_8"": 2.3, ""w_9"": 2.285, ""w_10"": 2.27, ""w_11"": 2.33, ""w_12"": 2.24, ""w_13"": 2.26, ""w_14"": 2.31, ""w_15"": 2.31, ""w_16"": 2.49, ""w_17"": 2.555, ""w_18"": 2.535, ""w_19"": 2.75, ""w_20"": 2.69}"
144,100974271034,2020-09-18,0,counterfactual,"{""w_0"": 2.32, ""w_1"": 2.34, ""w_2"": 2.3, ""w_3"": 2.25, ""w_4"": 2.28, ""w_5"": 2.26, ""w_6"": 2.27, ""w_7"": 2.28, ""w_8"": 2.29, ""w_9"": 2.3, ""w_10"": 2.29, ""w_11"": 2.27, ""w_12"": 2.33, ""w_13"": 2.24, ""w_14"": 2.26, ""w_15"": 2.31, ""w_16"": 2.31, ""w_17"": 2.49, ""w_18"": 2.56, ""w_19"": 2.54, ""w_20"": 2.75}"
145,100974271034,2020-09-21,0,factual,"{""w_0"": 2.3, ""w_1"": 2.25, ""w_2"": 2.28, ""w_3"": 2.26, ""w_4"": 2.27, ""w_5"": 2.28, ""w_6"": 2.285, ""w_7"": 2.3, ""w_8"": 2.285, ""w_9"": 2.27, ""w_10"": 2.33, ""w_11"": 2.24, ""w_12"": 2.26, ""w_13"": 2.31, ""w_14"": 2.31, ""w_15"": 2.49, ""w_16"": 2.555, ""w_17"": 2.535, ""w_18"": 2.75, ""w_19"": 2.69, ""w_20"": 2.47}"
145,100974271034,2020-09-21,0,counterfactual,"{""w_0"": 2.34, ""w_1"": 2.3, ""w_2"": 2.25, ""w_3"": 2.28, ""w_4"": 2.26, ""w_5"": 2.27, ""w_6"": 2.28, ""w_7"": 2.29, ""w_8"": 2.3, ""w_9"": 2.29, ""w_10"": 2.27, ""w_11"": 2.33, ""w_12"": 2.24, ""w_13"": 2.26, ""w_14"": 2.31, ""w_15"": 2.31, ""w_16"": 2.49, ""w_17"": 2.56, ""w_18"": 2.54, ""w_19"": 2.75, ""w_20"": 2.69}"
146,100974271034,2020-09-22,0,factual,"{""w_0"": 2.25, ""w_1"": 2.28, ""w_2"": 2.26, ""w_3"": 2.27, ""w_4"": 2.28, ""w_5"": 2.285, ""w_6"": 2.3, ""w_7"": 2.285, ""w_8"": 2.27, ""w_9"": 2.33, ""w_10"": 2.24, ""w_11"": 2.26, ""w_12"": 2.31, ""w_13"": 2.31, ""w_14"": 2.49, ""w_15"": 2.555, ""w_16"": 2.535, ""w_17"": 2.75, ""w_18"": 2.69, ""w_19"": 2.47, ""w_20"": 2.435}"
146,100974271034,2020-09-22,0,counterfactual,"{""w_0"": 2.18, ""w_1"": 2.32, ""w_2"": 2.3, ""w_3"": 2.34, ""w_4"": 2.18, ""w_5"": 2.14, ""w_6"": 2.17, ""w_7"": 2.3, ""w_8"": 2.29, ""w_9"": 2.33, ""w_10"": 2.27, ""w_11"": 2.24, ""w_12"": 2.29, ""w_13"": 2.42, ""w_14"": 2.41, ""w_15"": 2.42, ""w_16"": 2.38, ""w_17"": 2.38, ""w_18"": 2.5, ""w_19"": 2.54, ""w_20"": 2.48}"
147,100974271034,2020-09-23,0,factual,"{""w_0"": 2.28, ""w_1"": 2.26, ""w_2"": 2.27, ""w_3"": 2.28, ""w_4"": 2.285, ""w_5"": 2.3, ""w_6"": 2.285, ""w_7"": 2.27, ""w_8"": 2.33, ""w_9"": 2.24, ""w_10"": 2.26, ""w_11"": 2.31, ""w_12"": 2.31, ""w_13"": 2.49, ""w_14"": 2.555, ""w_15"": 2.535, ""w_16"": 2.75, ""w_17"": 2.69, ""w_18"": 2.47, ""w_19"": 2.435, ""w_20"": 2.41}"
147,100974271034,2020-09-23,0,counterfactual,"{""w_0"": 2.25, ""w_1"": 2.28, ""w_2"": 2.26, ""w_3"": 2.27, ""w_4"": 2.28, ""w_5"": 2.29, ""w_6"": 2.3, ""w_7"": 2.29, ""w_8"": 2.27, ""w_9"": 2.33, ""w_10"": 2.24, ""w_11"": 2.26, ""w_12"": 2.31, ""w_13"": 2.31, ""w_14"": 2.49, ""w_15"": 2.56, ""w_16"": 2.54, ""w_17"": 2.75, ""w_18"": 2.69, ""w_19"": 2.47, ""w_20"": 2.43}"
148,100974271034,2020-09-24,0,factual,"{""w_0"": 2.26, ""w_1"": 2.27, ""w_2"": 2.28, ""w_3"": 2.285, ""w_4"": 2.3, ""w_5"": 2.285, ""w_6"": 2.27, ""w_7"": 2.33, ""w_8"": 2.24, ""w_9"": 2.26, ""w_10"": 2.31, ""w_11"": 2.31, ""w_12"": 2.49, ""w_13"": 2.555, ""w_14"": 2.535, ""w_15"": 2.75, ""w_16"": 2.69, ""w_17"": 2.47, ""w_18"": 2.435, ""w_19"": 2.41, ""w_20"": 2.4}"
148,100974271034,2020-09-24,0,counterfactual,"{""w_0"": 2.15, ""w_1"": 2.16, ""w_2"": 2.18, ""w_3"": 2.32, ""w_4"": 2.3, ""w_5"": 2.34, ""w_6"": 2.18, ""w_7"": 2.14, ""w_8"": 2.17, ""w_9"": 2.3, ""w_10"": 2.29, ""w_11"": 2.33, ""w_12"": 2.27, ""w_13"": 2.24, ""w_14"": 2.29, ""w_15"": 2.42, ""w_16"": 2.41, ""w_17"": 2.42, ""w_18"": 2.38, ""w_19"": 2.38, ""w_20"": 2.5}"
149,100974271034,2020-09-25,0,factual,"{""w_0"": 2.27, ""w_1"": 2.28, ""w_2"": 2.285, ""w_3"": 2.3, ""w_4"": 2.285, ""w_5"": 2.27, ""w_6"": 2.33, ""w_7"": 2.24, ""w_8"": 2.26, ""w_9"": 2.31, ""w_10"": 2.31, ""w_11"": 2.49, ""w_12"": 2.555, ""w_13"": 2.535, ""w_14"": 2.75, ""w_15"": 2.69, ""w_16"": 2.47, ""w_17"": 2.435, ""w_18"": 2.41, ""w_19"": 2.4, ""w_20"": 2.33}"
149,100974271034,2020-09-25,0,counterfactual,"{""w_0"": 2.16, ""w_1"": 2.16, ""w_2"": 2.32, ""w_3"": 2.3, ""w_4"": 2.34, ""w_5"": 2.34, ""w_6"": 2.14, ""w_7"": 2.14, ""w_8"": 2.3, ""w_9"": 2.3, ""w_10"": 2.33, ""w_11"": 2.33, ""w_12"": 2.27, ""w_13"": 2.29, ""w_14"": 2.42, ""w_15"": 2.42, ""w_16"": 2.41, ""w_17"": 2.42, ""w_18"": 2.38, ""w_19"": 2.14, ""w_20"": 2.5}"
150,100974271034,2020-09-28,0,factual,"{""w_0"": 2.28, ""w_1"": 2.285, ""w_2"": 2.3, ""w_3"": 2.285, ""w_4"": 2.27, ""w_5"": 2.33, ""w_6"": 2.24, ""w_7"": 2.26, ""w_8"": 2.31, ""w_9"": 2.31, ""w_10"": 2.49, ""w_11"": 2.555, ""w_12"": 2.535, ""w_13"": 2.75, ""w_14"": 2.69, ""w_15"": 2.47, ""w_16"": 2.435, ""w_17"": 2.41, ""w_18"": 2.4, ""w_19"": 2.33, ""w_20"": 2.43}"
150,100974271034,2020-09-28,0,counterfactual,"{""w_0"": 2.18, ""w_1"": 2.32, ""w_2"": 2.3, ""w_3"": 2.34, ""w_4"": 2.18, ""w_5"": 2.14, ""w_6"": 2.17, ""w_7"": 2.3, ""w_8"": 2.29, ""w_9"": 2.33, ""w_10"": 2.27, ""w_11"": 2.24, ""w_12"": 2.29, ""w_13"": 2.42, ""w_14"": 2.41, ""w_15"": 2.42, ""w_16"": 2.38, ""w_17"": 2.38, ""w_18"": 2.5, ""w_19"": 2.5, ""w_20"": 2.5}"
151,100974271034,2020-09-29,0,factual,"{""w_0"": 2.285, ""w_1"": 2.3, ""w_2"": 2.285, ""w_3"": 2.27, ""w_4"": 2.33, ""w_5"": 2.24, ""w_6"": 2.26, ""w_7"": 2.31, ""w_8"": 2.31, ""w_9"": 2.49, ""w_10"": 2.555, ""w_11"": 2.535, ""w_12"": 2.75, ""w_13"": 2.69, ""w_14"": 2.47, ""w_15"": 2.435, ""w_16"": 2.41, ""w_17"": 2.4, ""w_18"": 2.33, ""w_19"": 2.43, ""w_20"": 2.5}"
151,100974271034,2020-09-29,0,counterfactual,"{""w_0"": 2.28, ""w_1"": 2.29, ""w_2"": 2.3, ""w_3"": 2.29, ""w_4"": 2.27, ""w_5"": 2.33, ""w_6"": 2.24, ""w_7"": 2.26, ""w_8"": 2.31, ""w_9"": 2.31, ""w_10"": 2.49, ""w_11"": 2.56, ""w_12"": 2.54, ""w_13"": 2.75, ""w_14"": 2.69, ""w_15"": 2.47, ""w_16"": 2.43, ""w_17"": 2.41, ""w_18"": 2.4, ""w_19"": 2.3, ""w_20"": 2.4}"
152,100974271034,2020-09-30,0,factual,"{""w_0"": 2.3, ""w_1"": 2.285, ""w_2"": 2.27, ""w_3"": 2.33, ""w_4"": 2.24, ""w_5"": 2.26, ""w_6"": 2.31, ""w_7"": 2.31, ""w_8"": 2.49, ""w_9"": 2.555, ""w_10"": 2.535, ""w_11"": 2.75, ""w_12"": 2.69, ""w_13"": 2.47, ""w_14"": 2.435, ""w_15"": 2.41, ""w_16"": 2.4, ""w_17"": 2.33, ""w_18"": 2.43, ""w_19"": 2.5, ""w_20"": 2.5}"
152,100974271034,2020-09-30,0,counterfactual,"{""w_0"": 2.16, ""w_1"": 2.18, ""w_2"": 2.32, ""w_3"": 2.3, ""w_4"": 2.34, ""w_5"": 2.18, ""w_6"": 2.14, ""w_7"": 2.17, ""w_8"": 2.3, ""w_9"": 2.29, ""w_10"": 2.33, ""w_11"": 2.27, ""w_12"": 2.24, ""w_13"": 2.29, ""w_14"": 2.42, ""w_15"": 2.41, ""w_16"": 2.42, ""w_17"": 2.4, ""w_18"": 2.4, ""w_19"": 2.5, ""w_20"": 2.5}"
153,100974271034,2020-10-01,0,factual,"{""w_0"": 2.285, ""w_1"": 2.27, ""w_2"": 2.33, ""w_3"": 2.24, ""w_4"": 2.26, ""w_5"": 2.31, ""w_6"": 2.31, ""w_7"": 2.49, ""w_8"": 2.555, ""w_9"": 2.535, ""w_10"": 2.75, ""w_11"": 2.69, ""w_12"": 2.47, ""w_13"": 2.435, ""w_14"": 2.41, ""w_15"": 2.4, ""w_16"": 2.33, ""w_17"": 2.43, ""w_18"": 2.5, ""w_19"": 2.5, ""w_20"": 2.82}"
153,100974271034,2020-10-01,0,counterfactual,"{""w_0"": 2.3, ""w_1"": 2.29, ""w_2"": 2.27, ""w_3"": 2.33, ""w_4"": 2.24, ""w_5"": 2.26, ""w_6"": 2.31, ""w_7"": 2.31, ""w_8"": 2.49, ""w_9"": 2.56, ""w_10"": 2.54, ""w_11"": 2.75, ""w_12"": 2.69, ""w_13"": 2.47, ""w_14"": 2.43, ""w_15"": 2.41, ""w_16"": 2.4, ""w_17"": 2.3, ""w_18"": 2.4, ""w_19"": 2.5, ""w_20"": 2.5}"
154,100974271034,2020-10-02,0,factual,"{""w_0"": 2.27, ""w_1"": 2.33, ""w_2"": 2.24, ""w_3"": 2.26, ""w_4"": 2.31, ""w_5"": 2.31, ""w_6"": 2.49, ""w_7"": 2.555, ""w_8"": 2.535, ""w_9"": 2.75, ""w_10"": 2.69, ""w_11"": 2.47, ""w_12"": 2.435, ""w_13"": 2.41, ""w_14"": 2.4, ""w_15"": 2.33, ""w_16"": 2.43, ""w_17"": 2.5, ""w_18"": 2.5, ""w_19"": 2.82, ""w_20"": 2.905}"
154,100974271034,2020-10-02,0,counterfactual,"{""w_0"": 2.29, ""w_1"": 2.27, ""w_2"": 2.33, ""w_3"": 2.24, ""w_4"": 2.26, ""w_5"": 2.31, ""w_6"": 2.31, ""w_7"": 2.49, ""w_8"": 2.56, ""w_9"": 2.54, ""w_10"": 2.75, ""w_11"": 2.69, ""w_12"": 2.47, ""w_13"": 2.43, ""w_14"": 2.41, ""w_15"": 2.4, ""w_16"": 2.3, ""w_17"": 2.4, ""w_18"": 2.5, ""w_19"": 2.5, ""w_20"": 2.8}"
155,100974271034,2020-10-05,0,factual,"{""w_0"": 2.33, ""w_1"": 2.24, ""w_2"": 2.26, ""w_3"": 2.31, ""w_4"": 2.31, ""w_5"": 2.49, ""w_6"": 2.555, ""w_7"": 2.535, ""w_8"": 2.75, ""w_9"": 2.69, ""w_10"": 2.47, ""w_11"": 2.435, ""w_12"": 2.41, ""w_13"": 2.4, ""w_14"": 2.33, ""w_15"": 2.43, ""w_16"": 2.5, ""w_17"": 2.5, ""w_18"": 2.82, ""w_19"": 2.905, ""w_20"": 3.03}"
155,100974271034,2020-10-05,0,counterfactual,"{""w_0"": 2.27, ""w_1"": 2.33, ""w_2"": 2.24, ""w_3"": 2.26, ""w_4"": 2.31, ""w_5"": 2.31, ""w_6"": 2.49, ""w_7"": 2.56, ""w_8"": 2.54, ""w_9"": 2.75, ""w_10"": 2.69, ""w_11"": 2.47, ""w_12"": 2.43, ""w_13"": 2.41, ""w_14"": 2.4, ""w_15"": 2.3, ""w_16"": 2.4, ""w_17"": 2.5, ""w_18"": 2.5, ""w_19"": 2.8, ""w_20"": 2.9}"
156,100974271034,2020-10-06,0,factual,"{""w_0"": 2.24, ""w_1"": 2.26, ""w_2"": 2.31, ""w_3"": 2.31, ""w_4"": 2.49, ""w_5"": 2.555, ""w_6"": 2.535, ""w_7"": 2.75, ""w_8"": 2.69, ""w_9"": 2.47, ""w_10"": 2.435, ""w_11"": 2.41, ""w_12"": 2.4, ""w_13"": 2.33, ""w_14"": 2.43, ""w_15"": 2.5, ""w_16"": 2.5, ""w_17"": 2.82, ""w_18"": 2.905, ""w_19"": 3.03, ""w_20"": 3.0}"
156,100974271034,2020-10-06,0,counterfactual,"{""w_0"": 2.33, ""w_1"": 2.24, ""w_2"": 2.26, ""w_3"": 2.31, ""w_4"": 2.31, ""w_5"": 2.49, ""w_6"": 2.56, ""w_7"": 2.54, ""w_8"": 2.75, ""w_9"": 2.69, ""w_10"": 2.47, ""w_11"": 2.43, ""w_12"": 2.41, ""w_13"": 2.4, ""w_14"": 2.3, ""w_15"": 2.4, ""w_16"": 2.5, ""w_17"": 2.5, ""w_18"": 2.8, ""w_19"": 2.9, ""w_20"": 3.0}"
157,100974271034,2020-10-07,0,factual,"{""w_0"": 2.26, ""w_1"": 2.31, ""w_2"": 2.31, ""w_3"": 2.49, ""w_4"": 2.555, ""w_5"": 2.535, ""w_6"": 2.75, ""w_7"": 2.69, ""w_8"": 2.47, ""w_9"": 2.435, ""w_10"": 2.41, ""w_11"": 2.4, ""w_12"": 2.33, ""w_13"": 2.43, ""w_14"": 2.5, ""w_15"": 2.5, ""w_16"": 2.82, ""w_17"": 2.905, ""w_18"": 3.03, ""w_19"": 3.0, ""w_20"": 2.92}"
157,100974271034,2020-10-07,0,counterfactual,"{""w_0"": 2.42, ""w_1"": 2.38, ""w_2"": 2.38, ""w_3"": 2.5, ""w_4"": 2.54, ""w_5"": 2.48, ""w_6"": 2.53, ""w_7"": 2.49, ""w_8"": 2.48, ""w_9"": 2.4, ""w_10"": 2.29, ""w_11"": 2.29, ""w_12"": 2.3, ""w_13"": 2.4, ""w_14"": 2.4, ""w_15"": 2.3, ""w_16"": 2.5, ""w_17"": 2.4, ""w_18"": 2.5, ""w_19"": 2.4, ""w_20"": 2.4}"
158,100974271034,2020-10-08,0,factual,"{""w_0"": 2.31, ""w_1"": 2.31, ""w_2"": 2.49, ""w_3"": 2.555, ""w_4"": 2.535, ""w_5"": 2.75, ""w_6"": 2.69, ""w_7"": 2.47, ""w_8"": 2.435, ""w_9"": 2.41, ""w_10"": 2.4, ""w_11"": 2.33, ""w_12"": 2.43, ""w_13"": 2.5, ""w_14"": 2.5, ""w_15"": 2.82, ""w_16"": 2.905, ""w_17"": 3.03, ""w_18"": 3.0, ""w_19"": 2.92, ""w_20"": 2.905}"
158,100974271034,2020-10-08,0,counterfactual,"{""w_0"": 2.26, ""w_1"": 2.31, ""w_2"": 2.31, ""w_3"": 2.49, ""w_4"": 2.56, ""w_5"": 2.54, ""w_6"": 2.75, ""w_7"": 2.69, ""w_8"": 2.47, ""w_9"": 2.43, ""w_10"": 2.41, ""w_11"": 2.4, ""w_12"": 2.3, ""w_13"": 2.4, ""w_14"": 2.5, ""w_15"": 2.5, ""w_16"": 2.8, ""w_17"": 2.9, ""w_18"": 3.0, ""w_19"": 3.0, ""w_20"": 2.9}"
159,100974271034,2020-10-09,0,factual,"{""w_0"": 2.31, ""w_1"": 2.49, ""w_2"": 2.555, ""w_3"": 2.535, ""w_4"": 2.75, ""w_5"": 2.69, ""w_6"": 2.47, ""w_7"": 2.435, ""w_8"": 2.41, ""w_9"": 2.4, ""w_10"": 2.33, ""w_11"": 2.43, ""w_12"": 2.5, ""w_13"": 2.5, ""w_14"": 2.82, ""w_15"": 2.905, ""w_16"": 3.03, ""w_17"": 3.0, ""w_18"": 2.92, ""w_19"": 2.905, ""w_20"": 2.955}"
159,100974271034,2020-10-09,0,counterfactual,"{""w_0"": 2.31, ""w_1"": 2.31, ""w_2"": 2.49, ""w_3"": 2.56, ""w_4"": 2.54, ""w_5"": 2.75, ""w_6"": 2.69, ""w_7"": 2.47, ""w_8"": 2.43, ""w_9"": 2.41, ""w_10"": 2.4, ""w_11"": 2.3, ""w_12"": 2.4, ""w_13"": 2.5, ""w_14"": 2.5, ""w_15"": 2.8, ""w_16"": 2.9, ""w_17"": 3.0, ""w_18"": 3.0, ""w_19"": 2.9, ""w_20"": 2.9}"
160,100974271034,2020-10-12,0,factual,"{""w_0"": 2.49, ""w_1"": 2.555, ""w_2"": 2.535, ""w_3"": 2.75, ""w_4"": 2.69, ""w_5"": 2.47, ""w_6"": 2.435, ""w_7"": 2.41, ""w_8"": 2.4, ""w_9"": 2.33, ""w_10"": 2.43, ""w_11"": 2.5, ""w_12"": 2.5, ""w_13"": 2.82, ""w_14"": 2.905, ""w_15"": 3.03, ""w_16"": 3.0, ""w_17"": 2.92, ""w_18"": 2.905, ""w_19"": 2.955, ""w_20"": 2.84}"
160,100974271034,2020-10-12,0,counterfactual,"{""w_0"": 2.31, ""w_1"": 2.31, ""w_2"": 2.49, ""w_3"": 2.56, ""w_4"": 2.54, ""w_5"": 2.75, ""w_6"": 2.69, ""w_7"": 2.47, ""w_8"": 2.43, ""w_9"": 2.4, ""w_10"": 2.4, ""w_11"": 2.3, ""w_12"": 2.4, ""w_13"": 2.5, ""w_14"": 2.5, ""w_15"": 2.8, ""w_16"": 2.9, ""w_17"": 3.0, ""w_18"": 3.0, ""w_19"": 2.9, ""w_20"": 2.9}"
161,100974271034,2020-10-13,0,factual,"{""w_0"": 2.555, ""w_1"": 2.535, ""w_2"": 2.75, ""w_3"": 2.69, ""w_4"": 2.47, ""w_5"": 2.435, ""w_6"": 2.41, ""w_7"": 2.4, ""w_8"": 2.33, ""w_9"": 2.43, ""w_10"": 2.5, ""w_11"": 2.5, ""w_12"": 2.82, ""w_13"": 2.905, ""w_14"": 3.03, ""w_15"": 3.0, ""w_16"": 2.92, ""w_17"": 2.905, ""w_18"": 2.955, ""w_19"": 2.84, ""w_20"": 2.86}"
161,100974271034,2020-10-13,0,counterfactual,"{""w_0"": 2.49, ""w_1"": 2.56, ""w_2"": 2.54, ""w_3"": 2.75, ""w_4"": 2.69, ""w_5"": 2.47, ""w_6"": 2.43, ""w_7"": 2.41, ""w_8"": 2.4, ""w_9"": 2.3, ""w_10"": 2.4, ""w_11"": 2.5, ""w_12"": 2.5, ""w_13"": 2.8, ""w_14"": 2.9, ""w_15"": 3.0, ""w_16"": 3.0, ""w_17"": 2.9, ""w_18"": 2.9, ""w_19"": 3.0, ""w_20"": 2.8}"
162,100974271034,2020-10-14,0,factual,"{""w_0"": 2.535, ""w_1"": 2.75, ""w_2"": 2.69, ""w_3"": 2.47, ""w_4"": 2.435, ""w_5"": 2.41, ""w_6"": 2.4, ""w_7"": 2.33, ""w_8"": 2.43, ""w_9"": 2.5, ""w_10"": 2.5, ""w_11"": 2.82, ""w_12"": 2.905, ""w_13"": 3.03, ""w_14"": 3.0, ""w_15"": 2.92, ""w_16"": 2.905, ""w_17"": 2.955, ""w_18"": 2.84, ""w_19"": 2.86, ""w_20"": 2.83}"
162,100974271034,2020-10-14,0,counterfactual,"{""w_0"": 2.31, ""w_1"": 2.49, ""w_2"": 2.56, ""w_3"": 2.54, ""w_4"": 2.75, ""w_5"": 2.69, ""w_6"": 2.47, ""w_7"": 2.4, ""w_8"": 2.4, ""w_9"": 2.4, ""w_10"": 2.3, ""w_11"": 2.4, ""w_12"": 2.5, ""w_13"": 2.5, ""w_14"": 2.8, ""w_15"": 2.9, ""w_16"": 3.0, ""w_17"": 3.0, ""w_18"": 2.9, ""w_19"": 2.9, ""w_20"": 3.0}"
163,100974271034,2020-10-15,0,factual,"{""w_0"": 2.75, ""w_1"": 2.69, ""w_2"": 2.47, ""w_3"": 2.435, ""w_4"": 2.41, ""w_5"": 2.4, ""w_6"": 2.33, ""w_7"": 2.43, ""w_8"": 2.5, ""w_9"": 2.5, ""w_10"": 2.82, ""w_11"": 2.905, ""w_12"": 3.03, ""w_13"": 3.0, ""w_14"": 2.92, ""w_15"": 2.905, ""w_16"": 2.955, ""w_17"": 2.84, ""w_18"": 2.86, ""w_19"": 2.83, ""w_20"": 2.76}"
163,100974271034,2020-10-15,0,counterfactual,"{""w_0"": 2.29, ""w_1"": 2.27, ""w_2"": 2.33, ""w_3"": 2.24, ""w_4"": 2.26, ""w_5"": 2.31, ""w_6"": 2.3, ""w_7"": 2.5, ""w_8"": 2.6, ""w_9"": 2.5, ""w_10"": 2.8, ""w_11"": 2.7, ""w_12"": 2.5, ""w_13"": 2.4, ""w_14"": 2.4, ""w_15"": 2.4, ""w_16"": 2.3, ""w_17"": 2.4, ""w_18"": 2.5, ""w_19"": 2.5, ""w_20"": 2.8}"
164,100974271034,2020-10-16,0,factual,"{""w_0"": 2.69, ""w_1"": 2.47, ""w_2"": 2.435, ""w_3"": 2.41, ""w_4"": 2.4, ""w_5"": 2.33, ""w_6"": 2.43, ""w_7"": 2.5, ""w_8"": 2.5, ""w_9"": 2.82, ""w_10"": 2.905, ""w_11"": 3.03, ""w_12"": 3.0, ""w_13"": 2.92, ""w_14"": 2.905, ""w_15"": 2.955, ""w_16"": 2.84, ""w_17"": 2.86, ""w_18"": 2.83, ""w_19"": 2.76, ""w_20"": 2.77}"
164,100974271034,2020-10-16,0,counterfactual,"{""w_0"": 2.27, ""w_1"": 2.33, ""w_2"": 2.24, ""w_3"": 2.26, ""w_4"": 2.31, ""w_5"": 2.3, ""w_6"": 2.5, ""w_7"": 2.6, ""w_8"": 2.5, ""w_9"": 2.8, ""w_10"": 2.7, ""w_11"": 2.5, ""w_12"": 2.4, ""w_13"": 2.4, ""w_14"": 2.4, ""w_15"": 2.3, ""w_16"": 2.4, ""w_17"": 2.5, ""w_18"": 2.5, ""w_19"": 2.8, ""w_20"": 2.9}"
165,100974271034,2020-10-19,0,factual,"{""w_0"": 2.47, ""w_1"": 2.435, ""w_2"": 2.41, ""w_3"": 2.4, ""w_4"": 2.33, ""w_5"": 2.43, ""w_6"": 2.5, ""w_7"": 2.5, ""w_8"": 2.82, ""w_9"": 2.905, ""w_10"": 3.03, ""w_11"": 3.0, ""w_12"": 2.92, ""w_13"": 2.905, ""w_14"": 2.955, ""w_15"": 2.84, ""w_16"": 2.86, ""w_17"": 2.83, ""w_18"": 2.76, ""w_19"": 2.77, ""w_20"": 2.78}"
165,100974271034,2020-10-19,0,counterfactual,"{""w_0"": 2.33, ""w_1"": 2.24, ""w_2"": 2.26, ""w_3"": 2.31, ""w_4"": 2.3, ""w_5"": 2.5, ""w_6"": 2.6, ""w_7"": 2.5, ""w_8"": 2.8, ""w_9"": 2.7, ""w_10"": 2.5, ""w_11"": 2.4, ""w_12"": 2.4, ""w_13"": 2.4, ""w_14"": 2.3, ""w_15"": 2.4, ""w_16"": 2.5, ""w_17"": 2.5, ""w_18"": 2.8, ""w_19"": 2.9, ""w_20"": 3.0}"
166,100974271034,2020-10-20,0,factual,"{""w_0"": 2.435, ""w_1"": 2.41, ""w_2"": 2.4, ""w_3"": 2.33, ""w_4"": 2.43, ""w_5"": 2.5, ""w_6"": 2.5, ""w_7"": 2.82, ""w_8"": 2.905, ""w_9"": 3.03, ""w_10"": 3.0, ""w_11"": 2.92, ""w_12"": 2.905, ""w_13"": 2.955, ""w_14"": 2.84, ""w_15"": 2.86, ""w_16"": 2.83, ""w_17"": 2.76, ""w_18"": 2.77, ""w_19"": 2.78, ""w_20"": 2.85}"
166,100974271034,2020-10-20,0,counterfactual,"{""w_0"": 2.47, ""w_1"": 2.43, ""w_2"": 2.41, ""w_3"": 2.4, ""w_4"": 2.3, ""w_5"": 2.4, ""w_6"": 2.5, ""w_7"": 2.5, ""w_8"": 2.8, ""w_9"": 2.9, ""w_10"": 3.0, ""w_11"": 3.0, ""w_12"": 2.9, ""w_13"": 2.9, ""w_14"": 3.0, ""w_15"": 2.8, ""w_16"": 2.9, ""w_17"": 2.8, ""w_18"": 2.8, ""w_19"": 2.8, ""w_20"": 2.8}"
167,100974271034,2020-10-21,0,factual,"{""w_0"": 2.41, ""w_1"": 2.4, ""w_2"": 2.33, ""w_3"": 2.43, ""w_4"": 2.5, ""w_5"": 2.5, ""w_6"": 2.82, ""w_7"": 2.905, ""w_8"": 3.03, ""w_9"": 3.0, ""w_10"": 2.92, ""w_11"": 2.905, ""w_12"": 2.955, ""w_13"": 2.84, ""w_14"": 2.86, ""w_15"": 2.83, ""w_16"": 2.76, ""w_17"": 2.77, ""w_18"": 2.78, ""w_19"": 2.85, ""w_20"": 2.815}"
167,100974271034,2020-10-21,0,counterfactual,"{""w_0"": 2.43, ""w_1"": 2.41, ""w_2"": 2.4, ""w_3"": 2.3, ""w_4"": 2.4, ""w_5"": 2.5, ""w_6"": 2.5, ""w_7"": 2.8, ""w_8"": 2.9, ""w_9"": 3.0, ""w_10"": 3.0, ""w_11"": 2.9, ""w_12"": 2.9, ""w_13"": 3.0, ""w_14"": 2.8, ""w_15"": 2.9, ""w_16"": 2.8, ""w_17"": 2.8, ""w_18"": 2.8, ""w_19"": 2.8, ""w_20"": 2.8}"
168,100974271034,2020-10-22,0,factual,"{""w_0"": 2.4, ""w_1"": 2.33, ""w_2"": 2.43, ""w_3"": 2.5, ""w_4"": 2.5, ""w_5"": 2.82, ""w_6"": 2.905, ""w_7"": 3.03, ""w_8"": 3.0, ""w_9"": 2.92, ""w_10"": 2.905, ""w_11"": 2.955, ""w_12"": 2.84, ""w_13"": 2.86, ""w_14"": 2.83, ""w_15"": 2.76, ""w_16"": 2.77, ""w_17"": 2.78, ""w_18"": 2.85, ""w_19"": 2.815, ""w_20"": 2.66}"
168,100974271034,2020-10-22,0,counterfactual,"{""w_0"": 2.27, ""w_1"": 2.3, ""w_2"": 2.2, ""w_3"": 2.3, ""w_4"": 2.3, ""w_5"": 2.3, ""w_6"": 2.5, ""w_7"": 2.6, ""w_8"": 2.5, ""w_9"": 2.8, ""w_10"": 2.7, ""w_11"": 2.5, ""w_12"": 2.4, ""w_13"": 2.4, ""w_14"": 2.4, ""w_15"": 2.3, ""w_16"": 2.4, ""w_17"": 2.5, ""w_18"": 2.5, ""w_19"": 2.8, ""w_20"": 2.9}"
169,100974271034,2020-10-23,0,factual,"{""w_0"": 2.33, ""w_1"": 2.43, ""w_2"": 2.5, ""w_3"": 2.5, ""w_4"": 2.82, ""w_5"": 2.905, ""w_6"": 3.03, ""w_7"": 3.0, ""w_8"": 2.92, ""w_9"": 2.905, ""w_10"": 2.955, ""w_11"": 2.84, ""w_12"": 2.86, ""w_13"": 2.83, ""w_14"": 2.76, ""w_15"": 2.77, ""w_16"": 2.78, ""w_17"": 2.85, ""w_18"": 2.815, ""w_19"": 2.66, ""w_20"": 2.7}"
169,100974271034,2020-10-23,0,counterfactual,"{""w_0"": 2.4, ""w_1"": 2.3, ""w_2"": 2.4, ""w_3"": 2.5, ""w_4"": 2.5, ""w_5"": 2.8, ""w_6"": 2.9, ""w_7"": 3.0, ""w_8"": 3.0, ""w_9"": 2.9, ""w_10"": 2.9, ""w_11"": 3.0, ""w_12"": 2.8, ""w_13"": 2.9, ""w_14"": 2.8, ""w_15"": 2.8, ""w_16"": 2.8, ""w_17"": 2.8, ""w_18"": 2.8, ""w_19"": 2.8, ""w_20"": 2.7}"
170,100974271034,2020-10-26,0,factual,"{""w_0"": 2.43, ""w_1"": 2.5, ""w_2"": 2.5, ""w_3"": 2.82, ""w_4"": 2.905, ""w_5"": 3.03, ""w_6"": 3.0, ""w_7"": 2.92, ""w_8"": 2.905, ""w_9"": 2.955, ""w_10"": 2.84, ""w_11"": 2.86, ""w_12"": 2.83, ""w_13"": 2.76, ""w_14"": 2.77, ""w_15"": 2.78, ""w_16"": 2.85, ""w_17"": 2.815, ""w_18"": 2.66, ""w_19"": 2.7, ""w_20"": 2.605}"
170,100974271034,2020-10-26,0,counterfactual,"{""w_0"": 2.5, ""w_1"": 2.7, ""w_2"": 2.3, ""w_3"": 2.7, ""w_4"": 2.7, ""w_5"": 2.8, ""w_6"": 2.2, ""w_7"": 2.9, ""w_8"": 2.9, ""w_9"": 2.6, ""w_10"": 2.8, ""w_11"": 3.0, ""w_12"": 2.4, ""w_13"": 2.2, ""w_14"": 2.2, ""w_15"": 3.0, ""w_16"": 2.3, ""w_17"": 2.3, ""w_18"": 2.3, ""w_19"": 2.8, ""w_20"": 3.0}"
171,100974271034,2020-10-27,0,factual,"{""w_0"": 2.5, ""w_1"": 2.5, ""w_2"": 2.82, ""w_3"": 2.905, ""w_4"": 3.03, ""w_5"": 3.0, ""w_6"": 2.92, ""w_7"": 2.905, ""w_8"": 2.955, ""w_9"": 2.84, ""w_10"": 2.86, ""w_11"": 2.83, ""w_12"": 2.76, ""w_13"": 2.77, ""w_14"": 2.78, ""w_15"": 2.85, ""w_16"": 2.815, ""w_17"": 2.66, ""w_18"": 2.7, ""w_19"": 2.605, ""w_20"": 2.69}"
171,100974271034,2020-10-27,0,counterfactual,"{""w_0"": 2.2, ""w_1"": 2.5, ""w_2"": 2.6, ""w_3"": 2.4, ""w_4"": 2.7, ""w_5"": 2.7, ""w_6"": 2.7, ""w_7"": 2.8, ""w_8"": 2.6, ""w_9"": 2.7, ""w_10"": 2.8, ""w_11"": 2.4, ""w_12"": 2.2, ""w_13"": 2.5, ""w_14"": 2.7, ""w_15"": 2.9, ""w_16"": 2.9, ""w_17"": 2.9, ""w_18"": 2.5, ""w_19"": 2.6, ""w_20"": 2.8}"
172,100974271034,2020-10-28,0,factual,"{""w_0"": 2.5, ""w_1"": 2.82, ""w_2"": 2.905, ""w_3"": 3.03, ""w_4"": 3.0, ""w_5"": 2.92, ""w_6"": 2.905, ""w_7"": 2.955, ""w_8"": 2.84, ""w_9"": 2.86, ""w_10"": 2.83, ""w_11"": 2.76, ""w_12"": 2.77, ""w_13"": 2.78, ""w_14"": 2.85, ""w_15"": 2.815, ""w_16"": 2.66, ""w_17"": 2.7, ""w_18"": 2.605, ""w_19"": 2.69, ""w_20"": 2.694}"
172,100974271034,2020-10-28,0,counterfactual,"{""w_0"": 2.5, ""w_1"": 2.5, ""w_2"": 2.8, ""w_3"": 2.9, ""w_4"": 3.0, ""w_5"": 3.0, ""w_6"": 2.9, ""w_7"": 2.9, ""w_8"": 3.0, ""w_9"": 2.8, ""w_10"": 2.9, ""w_11"": 2.8, ""w_12"": 2.8, ""w_13"": 2.8, ""w_14"": 2.8, ""w_15"": 2.8, ""w_16"": 2.8, ""w_17"": 2.7, ""w_18"": 2.7, ""w_19"": 2.6, ""w_20"": 2.7}"
173,100974271034,2020-10-29,0,factual,"{""w_0"": 2.82, ""w_1"": 2.905, ""w_2"": 3.03, ""w_3"": 3.0, ""w_4"": 2.92, ""w_5"": 2.905, ""w_6"": 2.955, ""w_7"": 2.84, ""w_8"": 2.86, ""w_9"": 2.83, ""w_10"": 2.76, ""w_11"": 2.77, ""w_12"": 2.78, ""w_13"": 2.85, ""w_14"": 2.815, ""w_15"": 2.66, ""w_16"": 2.7, ""w_17"": 2.605, ""w_18"": 2.69, ""w_19"": 2.694, ""w_20"": 2.74}"
173,100974271034,2020-10-29,0,counterfactual,"{""w_0"": 2.6, ""w_1"": 2.6, ""w_2"": 2.6, ""w_3"": 2.5, ""w_4"": 2.7, ""w_5"": 3.0, ""w_6"": 2.9, ""w_7"": 2.9, ""w_8"": 2.9, ""w_9"": 2.2, ""w_10"": 2.9, ""w_11"": 2.7, ""w_12"": 2.2, ""w_13"": 2.6, ""w_14"": 2.4, ""w_15"": 2.5, ""w_16"": 2.6, ""w_17"": 2.4, ""w_18"": 2.8, ""w_19"": 2.7, ""w_20"": 2.4}"
174,100974271034,2020-10-30,0,factual,"{""w_0"": 2.905, ""w_1"": 3.03, ""w_2"": 3.0, ""w_3"": 2.92, ""w_4"": 2.905, ""w_5"": 2.955, ""w_6"": 2.84, ""w_7"": 2.86, ""w_8"": 2.83, ""w_9"": 2.76, ""w_10"": 2.77, ""w_11"": 2.78, ""w_12"": 2.85, ""w_13"": 2.815, ""w_14"": 2.66, ""w_15"": 2.7, ""w_16"": 2.605, ""w_17"": 2.69, ""w_18"": 2.694, ""w_19"": 2.74, ""w_20"": 2.8}"
174,100974271034,2020-10-30,0,counterfactual,"{""w_0"": 2.2, ""w_1"": 2.3, ""w_2"": 2.3, ""w_3"": 2.3, ""w_4"": 2.5, ""w_5"": 2.6, ""w_6"": 2.5, ""w_7"": 2.8, ""w_8"": 2.7, ""w_9"": 2.5, ""w_10"": 2.4, ""w_11"": 2.4, ""w_12"": 2.4, ""w_13"": 2.3, ""w_14"": 2.4, ""w_15"": 2.5, ""w_16"": 2.5, ""w_17"": 2.8, ""w_18"": 2.9, ""w_19"": 3.0, ""w_20"": 3.0}"
175,100974271034,2020-11-02,0,factual,"{""w_0"": 3.03, ""w_1"": 3.0, ""w_2"": 2.92, ""w_3"": 2.905, ""w_4"": 2.955, ""w_5"": 2.84, ""w_6"": 2.86, ""w_7"": 2.83, ""w_8"": 2.76, ""w_9"": 2.77, ""w_10"": 2.78, ""w_11"": 2.85, ""w_12"": 2.815, ""w_13"": 2.66, ""w_14"": 2.7, ""w_15"": 2.605, ""w_16"": 2.69, ""w_17"": 2.694, ""w_18"": 2.74, ""w_19"": 2.8, ""w_20"": 2.79}"
175,100974271034,2020-11-02,0,counterfactual,"{""w_0"": 2.9, ""w_1"": 3.0, ""w_2"": 3.0, ""w_3"": 2.9, ""w_4"": 2.9, ""w_5"": 3.0, ""w_6"": 2.8, ""w_7"": 2.9, ""w_8"": 2.8, ""w_9"": 2.8, ""w_10"": 2.8, ""w_11"": 2.8, ""w_12"": 2.8, ""w_13"": 2.8, ""w_14"": 2.7, ""w_15"": 2.7, ""w_16"": 2.6, ""w_17"": 2.7, ""w_18"": 2.7, ""w_19"": 2.7, ""w_20"": 2.8}"
176,100974271034,2020-11-03,0,factual,"{""w_0"": 3.0, ""w_1"": 2.92, ""w_2"": 2.905, ""w_3"": 2.955, ""w_4"": 2.84, ""w_5"": 2.86, ""w_6"": 2.83, ""w_7"": 2.76, ""w_8"": 2.77, ""w_9"": 2.78, ""w_10"": 2.85, ""w_11"": 2.815, ""w_12"": 2.66, ""w_13"": 2.7, ""w_14"": 2.605, ""w_15"": 2.69, ""w_16"": 2.694, ""w_17"": 2.74, ""w_18"": 2.8, ""w_19"": 2.79, ""w_20"": 2.84}"
176,100974271034,2020-11-03,0,counterfactual,"{""w_0"": 2.5, ""w_1"": 2.8, ""w_2"": 2.9, ""w_3"": 3.0, ""w_4"": 3.0, ""w_5"": 2.9, ""w_6"": 2.9, ""w_7"": 3.0, ""w_8"": 2.8, ""w_9"": 2.9, ""w_10"": 2.8, ""w_11"": 2.8, ""w_12"": 2.8, ""w_13"": 2.8, ""w_14"": 2.8, ""w_15"": 2.8, ""w_16"": 2.7, ""w_17"": 2.7, ""w_18"": 2.6, ""w_19"": 2.7, ""w_20"": 2.7}"
177,100974271034,2020-11-04,0,factual,"{""w_0"": 2.92, ""w_1"": 2.905, ""w_2"": 2.955, ""w_3"": 2.84, ""w_4"": 2.86, ""w_5"": 2.83, ""w_6"": 2.76, ""w_7"": 2.77, ""w_8"": 2.78, ""w_9"": 2.85, ""w_10"": 2.815, ""w_11"": 2.66, ""w_12"": 2.7, ""w_13"": 2.605, ""w_14"": 2.69, ""w_15"": 2.694, ""w_16"": 2.74, ""w_17"": 2.8, ""w_18"": 2.79, ""w_19"": 2.84, ""w_20"": 2.81}"
177,100974271034,2020-11-04,0,counterfactual,"{""w_0"": 3.0, ""w_1"": 2.9, ""w_2"": 2.9, ""w_3"": 3.0, ""w_4"": 2.8, ""w_5"": 2.9, ""w_6"": 2.8, ""w_7"": 2.8, ""w_8"": 2.8, ""w_9"": 2.8, ""w_10"": 2.8, ""w_11"": 2.8, ""w_12"": 2.7, ""w_13"": 2.7, ""w_14"": 2.6, ""w_15"": 2.7, ""w_16"": 2.7, ""w_17"": 2.7, ""w_18"": 2.8, ""w_19"": 2.8, ""w_20"": 2.8}"
178,100974271034,2020-11-05,0,factual,"{""w_0"": 2.905, ""w_1"": 2.955, ""w_2"": 2.84, ""w_3"": 2.86, ""w_4"": 2.83, ""w_5"": 2.76, ""w_6"": 2.77, ""w_7"": 2.78, ""w_8"": 2.85, ""w_9"": 2.815, ""w_10"": 2.66, ""w_11"": 2.7, ""w_12"": 2.605, ""w_13"": 2.69, ""w_14"": 2.694, ""w_15"": 2.74, ""w_16"": 2.8, ""w_17"": 2.79, ""w_18"": 2.84, ""w_19"": 2.81, ""w_20"": 2.815}"
178,100974271034,2020-11-05,0,counterfactual,"{""w_0"": 2.9, ""w_1"": 2.9, ""w_2"": 3.0, ""w_3"": 2.8, ""w_4"": 2.9, ""w_5"": 2.8, ""w_6"": 2.8, ""w_7"": 2.8, ""w_8"": 2.8, ""w_9"": 2.8, ""w_10"": 2.8, ""w_11"": 2.7, ""w_12"": 2.7, ""w_13"": 2.6, ""w_14"": 2.7, ""w_15"": 2.7, ""w_16"": 2.7, ""w_17"": 2.8, ""w_18"": 2.8, ""w_19"": 2.8, ""w_20"": 2.81}"
179,100974271034,2020-11-06,0,factual,"{""w_0"": 2.955, ""w_1"": 2.84, ""w_2"": 2.86, ""w_3"": 2.83, ""w_4"": 2.76, ""w_5"": 2.77, ""w_6"": 2.78, ""w_7"": 2.85, ""w_8"": 2.815, ""w_9"": 2.66, ""w_10"": 2.7, ""w_11"": 2.605, ""w_12"": 2.69, ""w_13"": 2.694, ""w_14"": 2.74, ""w_15"": 2.8, ""w_16"": 2.79, ""w_17"": 2.84, ""w_18"": 2.81, ""w_19"": 2.815, ""w_20"": 2.88}"
179,100974271034,2020-11-06,0,counterfactual,"{""w_0"": 2.9, ""w_1"": 3.0, ""w_2"": 3.0, ""w_3"": 2.9, ""w_4"": 2.9, ""w_5"": 3.0, ""w_6"": 2.8, ""w_7"": 2.9, ""w_8"": 2.8, ""w_9"": 2.8, ""w_10"": 2.8, ""w_11"": 2.8, ""w_12"": 2.8, ""w_13"": 2.8, ""w_14"": 2.7, ""w_15"": 2.7, ""w_16"": 2.6, ""w_17"": 2.7, ""w_18"": 2.7, ""w_19"": 2.74, ""w_20"": 2.8}"
180,100974271034,2020-11-09,0,factual,"{""w_0"": 2.84, ""w_1"": 2.86, ""w_2"": 2.83, ""w_3"": 2.76, ""w_4"": 2.77, ""w_5"": 2.78, ""w_6"": 2.85, ""w_7"": 2.815, ""w_8"": 2.66, ""w_9"": 2.7, ""w_10"": 2.605, ""w_11"": 2.69, ""w_12"": 2.694, ""w_13"": 2.74, ""w_14"": 2.8, ""w_15"": 2.79, ""w_16"": 2.84, ""w_17"": 2.81, ""w_18"": 2.815, ""w_19"": 2.88, ""w_20"": 3.095}"
180,100974271034,2020-11-09,0,counterfactual,"{""w_0"": 3.0, ""w_1"": 2.8, ""w_2"": 2.9, ""w_3"": 2.8, ""w_4"": 2.8, ""w_5"": 2.8, ""w_6"": 2.8, ""w_7"": 2.8, ""w_8"": 2.8, ""w_9"": 2.7, ""w_10"": 2.7, ""w_11"": 2.6, ""w_12"": 2.7, ""w_13"": 2.7, ""w_14"": 2.7, ""w_15"": 2.8, ""w_16"": 2.8, ""w_17"": 2.8, ""w_18"": 2.81, ""w_19"": 2.82, ""w_20"": 2.88}"
181,100974271034,2020-11-10,0,factual,"{""w_0"": 2.86, ""w_1"": 2.83, ""w_2"": 2.76, ""w_3"": 2.77, ""w_4"": 2.78, ""w_5"": 2.85, ""w_6"": 2.815, ""w_7"": 2.66, ""w_8"": 2.7, ""w_9"": 2.605, ""w_10"": 2.69, ""w_11"": 2.694, ""w_12"": 2.74, ""w_13"": 2.8, ""w_14"": 2.79, ""w_15"": 2.84, ""w_16"": 2.81, ""w_17"": 2.815, ""w_18"": 2.88, ""w_19"": 3.095, ""w_20"": 3.255}"
181,100974271034,2020-11-10,0,counterfactual,"{""w_0"": 2.8, ""w_1"": 2.9, ""w_2"": 2.8, ""w_3"": 2.8, ""w_4"": 2.8, ""w_5"": 2.8, ""w_6"": 2.8, ""w_7"": 2.8, ""w_8"": 2.7, ""w_9"": 2.7, ""w_10"": 2.6, ""w_11"": 2.7, ""w_12"": 2.7, ""w_13"": 2.7, ""w_14"": 2.8, ""w_15"": 2.8, ""w_16"": 2.8, ""w_17"": 2.81, ""w_18"": 2.82, ""w_19"": 2.88, ""w_20"": 3.1}"
182,100974271034,2020-11-11,0,factual,"{""w_0"": 2.83, ""w_1"": 2.76, ""w_2"": 2.77, ""w_3"": 2.78, ""w_4"": 2.85, ""w_5"": 2.815, ""w_6"": 2.66, ""w_7"": 2.7, ""w_8"": 2.605, ""w_9"": 2.69, ""w_10"": 2.694, ""w_11"": 2.74, ""w_12"": 2.8, ""w_13"": 2.79, ""w_14"": 2.84, ""w_15"": 2.81, ""w_16"": 2.815, ""w_17"": 2.88, ""w_18"": 3.095, ""w_19"": 3.255, ""w_20"": 3.435}"
182,100974271034,2020-11-11,0,counterfactual,"{""w_0"": 2.9, ""w_1"": 2.8, ""w_2"": 2.8, ""w_3"": 2.8, ""w_4"": 2.8, ""w_5"": 2.8, ""w_6"": 2.8, ""w_7"": 2.7, ""w_8"": 2.7, ""w_9"": 2.6, ""w_10"": 2.7, ""w_11"": 2.7, ""w_12"": 2.7, ""w_13"": 2.8, ""w_14"": 2.8, ""w_15"": 2.8, ""w_16"": 2.81, ""w_17"": 2.82, ""w_18"": 2.88, ""w_19"": 3.1, ""w_20"": 3.26}"
183,100974271034,2020-11-12,0,factual,"{""w_0"": 2.76, ""w_1"": 2.77, ""w_2"": 2.78, ""w_3"": 2.85, ""w_4"": 2.815, ""w_5"": 2.66, ""w_6"": 2.7, ""w_7"": 2.605, ""w_8"": 2.69, ""w_9"": 2.694, ""w_10"": 2.74, ""w_11"": 2.8, ""w_12"": 2.79, ""w_13"": 2.84, ""w_14"": 2.81, ""w_15"": 2.815, ""w_16"": 2.88, ""w_17"": 3.095, ""w_18"": 3.255, ""w_19"": 3.435, ""w_20"": 3.42}"
183,100974271034,2020-11-12,0,counterfactual,"{""w_0"": 2.9, ""w_1"": 2.8, ""w_2"": 2.8, ""w_3"": 2.8, ""w_4"": 2.8, ""w_5"": 2.8, ""w_6"": 2.8, ""w_7"": 2.7, ""w_8"": 2.7, ""w_9"": 2.6, ""w_10"": 2.7, ""w_11"": 2.7, ""w_12"": 2.7, ""w_13"": 2.8, ""w_14"": 2.8, ""w_15"": 2.84, ""w_16"": 2.81, ""w_17"": 2.82, ""w_18"": 2.88, ""w_19"": 3.1, ""w_20"": 3.26}"
184,100974271034,2020-11-13,0,factual,"{""w_0"": 2.77, ""w_1"": 2.78, ""w_2"": 2.85, ""w_3"": 2.815, ""w_4"": 2.66, ""w_5"": 2.7, ""w_6"": 2.605, ""w_7"": 2.69, ""w_8"": 2.694, ""w_9"": 2.74, ""w_10"": 2.8, ""w_11"": 2.79, ""w_12"": 2.84, ""w_13"": 2.81, ""w_14"": 2.815, ""w_15"": 2.88, ""w_16"": 3.095, ""w_17"": 3.255, ""w_18"": 3.435, ""w_19"": 3.42, ""w_20"": 3.78}"
184,100974271034,2020-11-13,0,counterfactual,"{""w_0"": 2.8, ""w_1"": 2.9, ""w_2"": 2.8, ""w_3"": 2.8, ""w_4"": 2.8, ""w_5"": 2.8, ""w_6"": 2.8, ""w_7"": 2.8, ""w_8"": 2.7, ""w_9"": 2.7, ""w_10"": 2.6, ""w_11"": 2.7, ""w_12"": 2.7, ""w_13"": 2.7, ""w_14"": 2.8, ""w_15"": 2.79, ""w_16"": 2.84, ""w_17"": 2.81, ""w_18"": 2.82, ""w_19"": 2.88, ""w_20"": 3.1}"
185,100974271034,2020-11-16,0,factual,"{""w_0"": 2.78, ""w_1"": 2.85, ""w_2"": 2.815, ""w_3"": 2.66, ""w_4"": 2.7, ""w_5"": 2.605, ""w_6"": 2.69, ""w_7"": 2.694, ""w_8"": 2.74, ""w_9"": 2.8, ""w_10"": 2.79, ""w_11"": 2.84, ""w_12"": 2.81, ""w_13"": 2.815, ""w_14"": 2.88, ""w_15"": 3.095, ""w_16"": 3.255, ""w_17"": 3.435, ""w_18"": 3.42, ""w_19"": 3.78, ""w_20"": 3.86}"
185,100974271034,2020-11-16,0,counterfactual,"{""w_0"": 2.8, ""w_1"": 2.8, ""w_2"": 2.8, ""w_3"": 2.8, ""w_4"": 2.7, ""w_5"": 2.7, ""w_6"": 2.6, ""w_7"": 2.7, ""w_8"": 2.7, ""w_9"": 2.7, ""w_10"": 2.8, ""w_11"": 2.8, ""w_12"": 2.8, ""w_13"": 2.81, ""w_14"": 2.82, ""w_15"": 2.88, ""w_16"": 3.1, ""w_17"": 3.26, ""w_18"": 3.43, ""w_19"": 3.42, ""w_20"": 3.78}"
186,100974271034,2020-11-17,0,factual,"{""w_0"": 2.85, ""w_1"": 2.815, ""w_2"": 2.66, ""w_3"": 2.7, ""w_4"": 2.605, ""w_5"": 2.69, ""w_6"": 2.694, ""w_7"": 2.74, ""w_8"": 2.8, ""w_9"": 2.79, ""w_10"": 2.84, ""w_11"": 2.81, ""w_12"": 2.815, ""w_13"": 2.88, ""w_14"": 3.095, ""w_15"": 3.255, ""w_16"": 3.435, ""w_17"": 3.42, ""w_18"": 3.78, ""w_19"": 3.86, ""w_20"": 3.935}"
186,100974271034,2020-11-17,0,counterfactual,"{""w_0"": 2.8, ""w_1"": 2.9, ""w_2"": 2.8, ""w_3"": 2.8, ""w_4"": 2.8, ""w_5"": 2.8, ""w_6"": 2.8, ""w_7"": 2.8, ""w_8"": 2.7, ""w_9"": 2.7, ""w_10"": 2.6, ""w_11"": 2.7, ""w_12"": 2.69, ""w_13"": 2.74, ""w_14"": 2.8, ""w_15"": 2.79, ""w_16"": 2.84, ""w_17"": 2.81, ""w_18"": 2.82, ""w_19"": 2.88, ""w_20"": 3.1}"
187,100974271034,2020-11-18,0,factual,"{""w_0"": 2.815, ""w_1"": 2.66, ""w_2"": 2.7, ""w_3"": 2.605, ""w_4"": 2.69, ""w_5"": 2.694, ""w_6"": 2.74, ""w_7"": 2.8, ""w_8"": 2.79, ""w_9"": 2.84, ""w_10"": 2.81, ""w_11"": 2.815, ""w_12"": 2.88, ""w_13"": 3.095, ""w_14"": 3.255, ""w_15"": 3.435, ""w_16"": 3.42, ""w_17"": 3.78, ""w_18"": 3.86, ""w_19"": 3.935, ""w_20"": 3.98}"
187,100974271034,2020-11-18,0,counterfactual,"{""w_0"": 2.8, ""w_1"": 2.8, ""w_2"": 2.7, ""w_3"": 2.7, ""w_4"": 2.6, ""w_5"": 2.7, ""w_6"": 2.7, ""w_7"": 2.7, ""w_8"": 2.8, ""w_9"": 2.8, ""w_10"": 2.8, ""w_11"": 2.81, ""w_12"": 2.82, ""w_13"": 2.88, ""w_14"": 3.1, ""w_15"": 3.26, ""w_16"": 3.43, ""w_17"": 3.42, ""w_18"": 3.78, ""w_19"": 3.86, ""w_20"": 3.93}"
188,100974271034,2020-11-19,0,factual,"{""w_0"": 2.66, ""w_1"": 2.7, ""w_2"": 2.605, ""w_3"": 2.69, ""w_4"": 2.694, ""w_5"": 2.74, ""w_6"": 2.8, ""w_7"": 2.79, ""w_8"": 2.84, ""w_9"": 2.81, ""w_10"": 2.815, ""w_11"": 2.88, ""w_12"": 3.095, ""w_13"": 3.255, ""w_14"": 3.435, ""w_15"": 3.42, ""w_16"": 3.78, ""w_17"": 3.86, ""w_18"": 3.935, ""w_19"": 3.98, ""w_20"": 3.985}"
188,100974271034,2020-11-19,0,counterfactual,"{""w_0"": 2.8, ""w_1"": 2.7, ""w_2"": 2.7, ""w_3"": 2.6, ""w_4"": 2.7, ""w_5"": 2.7, ""w_6"": 2.7, ""w_7"": 2.8, ""w_8"": 2.8, ""w_9"": 2.8, ""w_10"": 2.81, ""w_11"": 2.82, ""w_12"": 2.88, ""w_13"": 3.1, ""w_14"": 3.26, ""w_15"": 3.43, ""w_16"": 3.42, ""w_17"": 3.78, ""w_18"": 3.86, ""w_19"": 3.93, ""w_20"": 3.98}"
189,100974271034,2020-11-20,0,factual,"{""w_0"": 2.7, ""w_1"": 2.605, ""w_2"": 2.69, ""w_3"": 2.694, ""w_4"": 2.74, ""w_5"": 2.8, ""w_6"": 2.79, ""w_7"": 2.84, ""w_8"": 2.81, ""w_9"": 2.815, ""w_10"": 2.88, ""w_11"": 3.095, ""w_12"": 3.255, ""w_13"": 3.435, ""w_14"": 3.42, ""w_15"": 3.78, ""w_16"": 3.86, ""w_17"": 3.935, ""w_18"": 3.98, ""w_19"": 3.985, ""w_20"": 3.985}"
189,100974271034,2020-11-20,0,counterfactual,"{""w_0"": 2.8, ""w_1"": 2.7, ""w_2"": 2.7, ""w_3"": 2.6, ""w_4"": 2.7, ""w_5"": 2.7, ""w_6"": 2.7, ""w_7"": 2.8, ""w_8"": 2.8, ""w_9"": 2.84, ""w_10"": 2.81, ""w_11"": 2.82, ""w_12"": 2.88, ""w_13"": 3.1, ""w_14"": 3.26, ""w_15"": 3.43, ""w_16"": 3.42, ""w_17"": 3.78, ""w_18"": 3.86, ""w_19"": 3.93, ""w_20"": 3.98}"
190,100974271034,2020-11-23,0,factual,"{""w_0"": 2.605, ""w_1"": 2.69, ""w_2"": 2.694, ""w_3"": 2.74, ""w_4"": 2.8, ""w_5"": 2.79, ""w_6"": 2.84, ""w_7"": 2.81, ""w_8"": 2.815, ""w_9"": 2.88, ""w_10"": 3.095, ""w_11"": 3.255, ""w_12"": 3.435, ""w_13"": 3.42, ""w_14"": 3.78, ""w_15"": 3.86, ""w_16"": 3.935, ""w_17"": 3.98, ""w_18"": 3.985, ""w_19"": 3.985, ""w_20"": 3.9}"
190,100974271034,2020-11-23,0,counterfactual,"{""w_0"": 2.7, ""w_1"": 2.7, ""w_2"": 2.6, ""w_3"": 2.7, ""w_4"": 2.7, ""w_5"": 2.7, ""w_6"": 2.8, ""w_7"": 2.8, ""w_8"": 2.84, ""w_9"": 2.81, ""w_10"": 2.82, ""w_11"": 2.88, ""w_12"": 3.1, ""w_13"": 3.26, ""w_14"": 3.43, ""w_15"": 3.42, ""w_16"": 3.78, ""w_17"": 3.86, ""w_18"": 3.93, ""w_19"": 3.98, ""w_20"": 3.98}"
191,100974271034,2020-11-24,0,factual,"{""w_0"": 2.69, ""w_1"": 2.694, ""w_2"": 2.74, ""w_3"": 2.8, ""w_4"": 2.79, ""w_5"": 2.84, ""w_6"": 2.81, ""w_7"": 2.815, ""w_8"": 2.88, ""w_9"": 3.095, ""w_10"": 3.255, ""w_11"": 3.435, ""w_12"": 3.42, ""w_13"": 3.78, ""w_14"": 3.86, ""w_15"": 3.935, ""w_16"": 3.98, ""w_17"": 3.985, ""w_18"": 3.985, ""w_19"": 3.9, ""w_20"": 3.855}"
191,100974271034,2020-11-24,0,counterfactual,"{""w_0"": 2.2, ""w_1"": 2.3, ""w_2"": 2.3, ""w_3"": 2.3, ""w_4"": 2.5, ""w_5"": 2.6, ""w_6"": 2.5, ""w_7"": 2.75, ""w_8"": 2.69, ""w_9"": 2.47, ""w_10"": 2.43, ""w_11"": 2.41, ""w_12"": 2.4, ""w_13"": 2.33, ""w_14"": 2.43, ""w_15"": 2.5, ""w_16"": 2.5, ""w_17"": 2.82, ""w_18"": 2.9, ""w_19"": 3.03, ""w_20"": 3.0}"
192,100974271034,2020-11-25,0,factual,"{""w_0"": 2.694, ""w_1"": 2.74, ""w_2"": 2.8, ""w_3"": 2.79, ""w_4"": 2.84, ""w_5"": 2.81, ""w_6"": 2.815, ""w_7"": 2.88, ""w_8"": 3.095, ""w_9"": 3.255, ""w_10"": 3.435, ""w_11"": 3.42, ""w_12"": 3.78, ""w_13"": 3.86, ""w_14"": 3.935, ""w_15"": 3.98, ""w_16"": 3.985, ""w_17"": 3.985, ""w_18"": 3.9, ""w_19"": 3.855, ""w_20"": 3.825}"
192,100974271034,2020-11-25,0,counterfactual,"{""w_0"": 2.3, ""w_1"": 2.3, ""w_2"": 2.3, ""w_3"": 2.3, ""w_4"": 2.2, ""w_5"": 2.3, ""w_6"": 2.31, ""w_7"": 2.31, ""w_8"": 2.49, ""w_9"": 2.56, ""w_10"": 2.54, ""w_11"": 2.75, ""w_12"": 2.69, ""w_13"": 2.47, ""w_14"": 2.43, ""w_15"": 2.41, ""w_16"": 2.4, ""w_17"": 2.33, ""w_18"": 2.43, ""w_19"": 2.5, ""w_20"": 2.5}"
193,100974271034,2020-11-26,0,factual,"{""w_0"": 2.74, ""w_1"": 2.8, ""w_2"": 2.79, ""w_3"": 2.84, ""w_4"": 2.81, ""w_5"": 2.815, ""w_6"": 2.88, ""w_7"": 3.095, ""w_8"": 3.255, ""w_9"": 3.435, ""w_10"": 3.42, ""w_11"": 3.78, ""w_12"": 3.86, ""w_13"": 3.935, ""w_14"": 3.98, ""w_15"": 3.985, ""w_16"": 3.985, ""w_17"": 3.9, ""w_18"": 3.855, ""w_19"": 3.825, ""w_20"": 3.83}"
193,100974271034,2020-11-26,0,counterfactual,"{""w_0"": 2.7, ""w_1"": 2.7, ""w_2"": 2.8, ""w_3"": 2.8, ""w_4"": 2.8, ""w_5"": 2.81, ""w_6"": 2.82, ""w_7"": 2.88, ""w_8"": 3.1, ""w_9"": 3.26, ""w_10"": 3.43, ""w_11"": 3.42, ""w_12"": 3.78, ""w_13"": 3.86, ""w_14"": 3.93, ""w_15"": 3.98, ""w_16"": 3.98, ""w_17"": 3.98, ""w_18"": 3.9, ""w_19"": 3.86, ""w_20"": 3.83}"
194,100974271034,2020-11-27,0,factual,"{""w_0"": 2.8, ""w_1"": 2.79, ""w_2"": 2.84, ""w_3"": 2.81, ""w_4"": 2.815, ""w_5"": 2.88, ""w_6"": 3.095, ""w_7"": 3.255, ""w_8"": 3.435, ""w_9"": 3.42, ""w_10"": 3.78, ""w_11"": 3.86, ""w_12"": 3.935, ""w_13"": 3.98, ""w_14"": 3.985, ""w_15"": 3.985, ""w_16"": 3.9, ""w_17"": 3.855, ""w_18"": 3.825, ""w_19"": 3.83, ""w_20"": 3.78}"
194,100974271034,2020-11-27,0,counterfactual,"{""w_0"": 2.7, ""w_1"": 2.7, ""w_2"": 2.8, ""w_3"": 2.8, ""w_4"": 2.84, ""w_5"": 2.81, ""w_6"": 2.82, ""w_7"": 2.88, ""w_8"": 3.1, ""w_9"": 3.26, ""w_10"": 3.43, ""w_11"": 3.42, ""w_12"": 3.78, ""w_13"": 3.86, ""w_14"": 3.93, ""w_15"": 3.98, ""w_16"": 3.98, ""w_17"": 3.98, ""w_18"": 3.9, ""w_19"": 3.86, ""w_20"": 3.83}"
195,100974271034,2020-11-30,0,factual,"{""w_0"": 2.79, ""w_1"": 2.84, ""w_2"": 2.81, ""w_3"": 2.815, ""w_4"": 2.88, ""w_5"": 3.095, ""w_6"": 3.255, ""w_7"": 3.435, ""w_8"": 3.42, ""w_9"": 3.78, ""w_10"": 3.86, ""w_11"": 3.935, ""w_12"": 3.98, ""w_13"": 3.985, ""w_14"": 3.985, ""w_15"": 3.9, ""w_16"": 3.855, ""w_17"": 3.825, ""w_18"": 3.83, ""w_19"": 3.78, ""w_20"": 3.56}"
195,100974271034,2020-11-30,0,counterfactual,"{""w_0"": 2.8, ""w_1"": 2.8, ""w_2"": 2.8, ""w_3"": 2.81, ""w_4"": 2.82, ""w_5"": 2.88, ""w_6"": 3.1, ""w_7"": 3.26, ""w_8"": 3.43, ""w_9"": 3.42, ""w_10"": 3.78, ""w_11"": 3.86, ""w_12"": 3.93, ""w_13"": 3.98, ""w_14"": 3.98, ""w_15"": 3.98, ""w_16"": 3.9, ""w_17"": 3.86, ""w_18"": 3.83, ""w_19"": 3.83, ""w_20"": 3.78}"
196,100974271034,2020-12-01,0,factual,"{""w_0"": 2.84, ""w_1"": 2.81, ""w_2"": 2.815, ""w_3"": 2.88, ""w_4"": 3.095, ""w_5"": 3.255, ""w_6"": 3.435, ""w_7"": 3.42, ""w_8"": 3.78, ""w_9"": 3.86, ""w_10"": 3.935, ""w_11"": 3.98, ""w_12"": 3.985, ""w_13"": 3.985, ""w_14"": 3.9, ""w_15"": 3.855, ""w_16"": 3.825, ""w_17"": 3.83, ""w_18"": 3.78, ""w_19"": 3.56, ""w_20"": 3.65}"
196,100974271034,2020-12-01,0,counterfactual,"{""w_0"": 2.8, ""w_1"": 2.6, ""w_2"": 2.83, ""w_3"": 2.33, ""w_4"": 2.45, ""w_5"": 2.26, ""w_6"": 3.06, ""w_7"": 3.13, ""w_8"": 3.15, ""w_9"": 3.15, ""w_10"": 3.16, ""w_11"": 2.54, ""w_12"": 3.0, ""w_13"": 3.37, ""w_14"": 3.66, ""w_15"": 3.01, ""w_16"": 3.33, ""w_17"": 3.86, ""w_18"": 3.31, ""w_19"": 3.71, ""w_20"": 3.35}"
197,100974271034,2020-12-02,0,factual,"{""w_0"": 2.81, ""w_1"": 2.815, ""w_2"": 2.88, ""w_3"": 3.095, ""w_4"": 3.255, ""w_5"": 3.435, ""w_6"": 3.42, ""w_7"": 3.78, ""w_8"": 3.86, ""w_9"": 3.935, ""w_10"": 3.98, ""w_11"": 3.985, ""w_12"": 3.985, ""w_13"": 3.9, ""w_14"": 3.855, ""w_15"": 3.825, ""w_16"": 3.83, ""w_17"": 3.78, ""w_18"": 3.56, ""w_19"": 3.65, ""w_20"": 3.57}"
197,100974271034,2020-12-02,0,counterfactual,"{""w_0"": 2.8, ""w_1"": 2.84, ""w_2"": 2.81, ""w_3"": 2.82, ""w_4"": 2.88, ""w_5"": 3.1, ""w_6"": 3.26, ""w_7"": 3.43, ""w_8"": 3.42, ""w_9"": 3.78, ""w_10"": 3.86, ""w_11"": 3.93, ""w_12"": 3.98, ""w_13"": 3.98, ""w_14"": 3.98, ""w_15"": 3.9, ""w_16"": 3.86, ""w_17"": 3.83, ""w_18"": 3.83, ""w_19"": 3.78, ""w_20"": 3.56}"
198,100974271034,2020-12-03,0,factual,"{""w_0"": 2.815, ""w_1"": 2.88, ""w_2"": 3.095, ""w_3"": 3.255, ""w_4"": 3.435, ""w_5"": 3.42, ""w_6"": 3.78, ""w_7"": 3.86, ""w_8"": 3.935, ""w_9"": 3.98, ""w_10"": 3.985, ""w_11"": 3.985, ""w_12"": 3.9, ""w_13"": 3.855, ""w_14"": 3.825, ""w_15"": 3.83, ""w_16"": 3.78, ""w_17"": 3.56, ""w_18"": 3.65, ""w_19"": 3.57, ""w_20"": 3.68}"
198,100974271034,2020-12-03,0,counterfactual,"{""w_0"": 2.81, ""w_1"": 2.82, ""w_2"": 2.88, ""w_3"": 3.1, ""w_4"": 3.26, ""w_5"": 3.43, ""w_6"": 3.42, ""w_7"": 3.78, ""w_8"": 3.86, ""w_9"": 3.93, ""w_10"": 3.98, ""w_11"": 3.98, ""w_12"": 3.98, ""w_13"": 3.9, ""w_14"": 3.86, ""w_15"": 3.83, ""w_16"": 3.83, ""w_17"": 3.78, ""w_18"": 3.56, ""w_19"": 3.65, ""w_20"": 3.57}"
199,100974271034,2020-12-04,0,factual,"{""w_0"": 2.88, ""w_1"": 3.095, ""w_2"": 3.255, ""w_3"": 3.435, ""w_4"": 3.42, ""w_5"": 3.78, ""w_6"": 3.86, ""w_7"": 3.935, ""w_8"": 3.98, ""w_9"": 3.985, ""w_10"": 3.985, ""w_11"": 3.9, ""w_12"": 3.855, ""w_13"": 3.825, ""w_14"": 3.83, ""w_15"": 3.78, ""w_16"": 3.56, ""w_17"": 3.65, ""w_18"": 3.57, ""w_19"": 3.68, ""w_20"": 3.755}"
199,100974271034,2020-12-04,0,counterfactual,"{""w_0"": 2.82, ""w_1"": 2.88, ""w_2"": 3.1, ""w_3"": 3.26, ""w_4"": 3.43, ""w_5"": 3.42, ""w_6"": 3.78, ""w_7"": 3.86, ""w_8"": 3.93, ""w_9"": 3.98, ""w_10"": 3.98, ""w_11"": 3.98, ""w_12"": 3.9, ""w_13"": 3.86, ""w_14"": 3.83, ""w_15"": 3.83, ""w_16"": 3.78, ""w_17"": 3.56, ""w_18"": 3.65, ""w_19"": 3.57, ""w_20"": 3.68}"
200,100974271034,2020-12-07,0,factual,"{""w_0"": 3.095, ""w_1"": 3.255, ""w_2"": 3.435, ""w_3"": 3.42, ""w_4"": 3.78, ""w_5"": 3.86, ""w_6"": 3.935, ""w_7"": 3.98, ""w_8"": 3.985, ""w_9"": 3.985, ""w_10"": 3.9, ""w_11"": 3.855, ""w_12"": 3.825, ""w_13"": 3.83, ""w_14"": 3.78, ""w_15"": 3.56, ""w_16"": 3.65, ""w_17"": 3.57, ""w_18"": 3.68, ""w_19"": 3.755, ""w_20"": 3.79}"
200,100974271034,2020-12-07,0,counterfactual,"{""w_0"": 2.44, ""w_1"": 2.47, ""w_2"": 2.42, ""w_3"": 2.39, ""w_4"": 2.38, ""w_5"": 2.39, ""w_6"": 2.33, ""w_7"": 2.35, ""w_8"": 2.43, ""w_9"": 2.45, ""w_10"": 2.45, ""w_11"": 2.37, ""w_12"": 2.34, ""w_13"": 2.35, ""w_14"": 2.29, ""w_15"": 2.25, ""w_16"": 2.3, ""w_17"": 2.32, ""w_18"": 2.47, ""w_19"": 2.42, ""w_20"": 2.45}"
201,100974271034,2020-12-08,0,factual,"{""w_0"": 3.255, ""w_1"": 3.435, ""w_2"": 3.42, ""w_3"": 3.78, ""w_4"": 3.86, ""w_5"": 3.935, ""w_6"": 3.98, ""w_7"": 3.985, ""w_8"": 3.985, ""w_9"": 3.9, ""w_10"": 3.855, ""w_11"": 3.825, ""w_12"": 3.83, ""w_13"": 3.78, ""w_14"": 3.56, ""w_15"": 3.65, ""w_16"": 3.57, ""w_17"": 3.68, ""w_18"": 3.755, ""w_19"": 3.79, ""w_20"": 3.795}"
201,100974271034,2020-12-08,0,counterfactual,"{""w_0"": 3.1, ""w_1"": 3.26, ""w_2"": 3.43, ""w_3"": 3.42, ""w_4"": 3.78, ""w_5"": 3.86, ""w_6"": 3.93, ""w_7"": 3.98, ""w_8"": 3.98, ""w_9"": 3.98, ""w_10"": 3.9, ""w_11"": 3.86, ""w_12"": 3.83, ""w_13"": 3.83, ""w_14"": 3.78, ""w_15"": 3.56, ""w_16"": 3.65, ""w_17"": 3.57, ""w_18"": 3.68, ""w_19"": 3.76, ""w_20"": 3.79}"
202,100974271034,2020-12-09,0,factual,"{""w_0"": 3.435, ""w_1"": 3.42, ""w_2"": 3.78, ""w_3"": 3.86, ""w_4"": 3.935, ""w_5"": 3.98, ""w_6"": 3.985, ""w_7"": 3.985, ""w_8"": 3.9, ""w_9"": 3.855, ""w_10"": 3.825, ""w_11"": 3.83, ""w_12"": 3.78, ""w_13"": 3.56, ""w_14"": 3.65, ""w_15"": 3.57, ""w_16"": 3.68, ""w_17"": 3.755, ""w_18"": 3.79, ""w_19"": 3.795, ""w_20"": 3.78}"
202,100974271034,2020-12-09,0,counterfactual,"{""w_0"": 3.26, ""w_1"": 3.43, ""w_2"": 3.42, ""w_3"": 3.78, ""w_4"": 3.86, ""w_5"": 3.93, ""w_6"": 3.98, ""w_7"": 3.98, ""w_8"": 3.98, ""w_9"": 3.9, ""w_10"": 3.86, ""w_11"": 3.83, ""w_12"": 3.83, ""w_13"": 3.78, ""w_14"": 3.56, ""w_15"": 3.65, ""w_16"": 3.57, ""w_17"": 3.68, ""w_18"": 3.76, ""w_19"": 3.79, ""w_20"": 3.8}"
203,100974271034,2020-12-10,0,factual,"{""w_0"": 3.42, ""w_1"": 3.78, ""w_2"": 3.86, ""w_3"": 3.935, ""w_4"": 3.98, ""w_5"": 3.985, ""w_6"": 3.985, ""w_7"": 3.9, ""w_8"": 3.855, ""w_9"": 3.825, ""w_10"": 3.83, ""w_11"": 3.78, ""w_12"": 3.56, ""w_13"": 3.65, ""w_14"": 3.57, ""w_15"": 3.68, ""w_16"": 3.755, ""w_17"": 3.79, ""w_18"": 3.795, ""w_19"": 3.78, ""w_20"": 3.66}"
203,100974271034,2020-12-10,0,counterfactual,"{""w_0"": 3.26, ""w_1"": 3.43, ""w_2"": 3.42, ""w_3"": 3.78, ""w_4"": 3.86, ""w_5"": 3.93, ""w_6"": 3.98, ""w_7"": 3.98, ""w_8"": 3.98, ""w_9"": 3.9, ""w_10"": 3.86, ""w_11"": 3.83, ""w_12"": 3.83, ""w_13"": 3.78, ""w_14"": 3.56, ""w_15"": 3.65, ""w_16"": 3.57, ""w_17"": 3.68, ""w_18"": 3.76, ""w_19"": 3.79, ""w_20"": 3.8}"
204,100974271034,2020-12-11,0,factual,"{""w_0"": 3.78, ""w_1"": 3.86, ""w_2"": 3.935, ""w_3"": 3.98, ""w_4"": 3.985, ""w_5"": 3.985, ""w_6"": 3.9, ""w_7"": 3.855, ""w_8"": 3.825, ""w_9"": 3.83, ""w_10"": 3.78, ""w_11"": 3.56, ""w_12"": 3.65, ""w_13"": 3.57, ""w_14"": 3.68, ""w_15"": 3.755, ""w_16"": 3.79, ""w_17"": 3.795, ""w_18"": 3.78, ""w_19"": 3.66, ""w_20"": 3.7}"
204,100974271034,2020-12-11,0,counterfactual,"{""w_0"": 2.82, ""w_1"": 2.88, ""w_2"": 3.1, ""w_3"": 3.26, ""w_4"": 3.43, ""w_5"": 3.42, ""w_6"": 3.78, ""w_7"": 3.86, ""w_8"": 3.93, ""w_9"": 3.98, ""w_10"": 3.98, ""w_11"": 3.98, ""w_12"": 3.9, ""w_13"": 3.86, ""w_14"": 3.83, ""w_15"": 3.83, ""w_16"": 3.78, ""w_17"": 3.56, ""w_18"": 3.65, ""w_19"": 3.57, ""w_20"": 3.68}"
205,100974271034,2020-12-14,0,factual,"{""w_0"": 3.86, ""w_1"": 3.935, ""w_2"": 3.98, ""w_3"": 3.985, ""w_4"": 3.985, ""w_5"": 3.9, ""w_6"": 3.855, ""w_7"": 3.825, ""w_8"": 3.83, ""w_9"": 3.78, ""w_10"": 3.56, ""w_11"": 3.65, ""w_12"": 3.57, ""w_13"": 3.68, ""w_14"": 3.755, ""w_15"": 3.79, ""w_16"": 3.795, ""w_17"": 3.78, ""w_18"": 3.66, ""w_19"": 3.7, ""w_20"": 3.66}"
205,100974271034,2020-12-14,0,counterfactual,"{""w_0"": 3.42, ""w_1"": 3.78, ""w_2"": 3.86, ""w_3"": 3.93, ""w_4"": 3.98, ""w_5"": 3.98, ""w_6"": 3.98, ""w_7"": 3.9, ""w_8"": 3.86, ""w_9"": 3.83, ""w_10"": 3.83, ""w_11"": 3.78, ""w_12"": 3.56, ""w_13"": 3.65, ""w_14"": 3.57, ""w_15"": 3.68, ""w_16"": 3.76, ""w_17"": 3.79, ""w_18"": 3.8, ""w_19"": 3.78, ""w_20"": 3.66}"
206,100974271034,2020-12-15,0,factual,"{""w_0"": 3.935, ""w_1"": 3.98, ""w_2"": 3.985, ""w_3"": 3.985, ""w_4"": 3.9, ""w_5"": 3.855, ""w_6"": 3.825, ""w_7"": 3.83, ""w_8"": 3.78, ""w_9"": 3.56, ""w_10"": 3.65, ""w_11"": 3.57, ""w_12"": 3.68, ""w_13"": 3.755, ""w_14"": 3.79, ""w_15"": 3.795, ""w_16"": 3.78, ""w_17"": 3.66, ""w_18"": 3.7, ""w_19"": 3.66, ""w_20"": 3.7}"
206,100974271034,2020-12-15,0,counterfactual,"{""w_0"": 3.78, ""w_1"": 3.86, ""w_2"": 3.93, ""w_3"": 3.98, ""w_4"": 3.98, ""w_5"": 3.98, ""w_6"": 3.9, ""w_7"": 3.86, ""w_8"": 3.83, ""w_9"": 3.83, ""w_10"": 3.78, ""w_11"": 3.56, ""w_12"": 3.65, ""w_13"": 3.57, ""w_14"": 3.68, ""w_15"": 3.76, ""w_16"": 3.79, ""w_17"": 3.8, ""w_18"": 3.78, ""w_19"": 3.66, ""w_20"": 3.7}"
207,100974271034,2020-12-16,0,factual,"{""w_0"": 3.98, ""w_1"": 3.985, ""w_2"": 3.985, ""w_3"": 3.9, ""w_4"": 3.855, ""w_5"": 3.825, ""w_6"": 3.83, ""w_7"": 3.78, ""w_8"": 3.56, ""w_9"": 3.65, ""w_10"": 3.57, ""w_11"": 3.68, ""w_12"": 3.755, ""w_13"": 3.79, ""w_14"": 3.795, ""w_15"": 3.78, ""w_16"": 3.66, ""w_17"": 3.7, ""w_18"": 3.66, ""w_19"": 3.7, ""w_20"": 3.71}"
207,100974271034,2020-12-16,0,counterfactual,"{""w_0"": 2.88, ""w_1"": 3.1, ""w_2"": 3.26, ""w_3"": 3.43, ""w_4"": 3.42, ""w_5"": 3.78, ""w_6"": 3.86, ""w_7"": 3.93, ""w_8"": 3.98, ""w_9"": 3.98, ""w_10"": 3.98, ""w_11"": 3.9, ""w_12"": 3.86, ""w_13"": 3.83, ""w_14"": 3.83, ""w_15"": 3.78, ""w_16"": 3.56, ""w_17"": 3.65, ""w_18"": 3.57, ""w_19"": 3.68, ""w_20"": 3.76}"
208,100974271034,2020-12-17,0,factual,"{""w_0"": 3.985, ""w_1"": 3.985, ""w_2"": 3.9, ""w_3"": 3.855, ""w_4"": 3.825, ""w_5"": 3.83, ""w_6"": 3.78, ""w_7"": 3.56, ""w_8"": 3.65, ""w_9"": 3.57, ""w_10"": 3.68, ""w_11"": 3.755, ""w_12"": 3.79, ""w_13"": 3.795, ""w_14"": 3.78, ""w_15"": 3.66, ""w_16"": 3.7, ""w_17"": 3.66, ""w_18"": 3.7, ""w_19"": 3.71, ""w_20"": 3.6}"
208,100974271034,2020-12-17,0,counterfactual,"{""w_0"": 3.98, ""w_1"": 3.98, ""w_2"": 3.98, ""w_3"": 3.9, ""w_4"": 3.86, ""w_5"": 3.83, ""w_6"": 3.83, ""w_7"": 3.78, ""w_8"": 3.56, ""w_9"": 3.65, ""w_10"": 3.57, ""w_11"": 3.68, ""w_12"": 3.76, ""w_13"": 3.79, ""w_14"": 3.8, ""w_15"": 3.78, ""w_16"": 3.66, ""w_17"": 3.7, ""w_18"": 3.66, ""w_19"": 3.7, ""w_20"": 3.71}"
209,100974271034,2020-12-18,0,factual,"{""w_0"": 3.985, ""w_1"": 3.9, ""w_2"": 3.855, ""w_3"": 3.825, ""w_4"": 3.83, ""w_5"": 3.78, ""w_6"": 3.56, ""w_7"": 3.65, ""w_8"": 3.57, ""w_9"": 3.68, ""w_10"": 3.755, ""w_11"": 3.79, ""w_12"": 3.795, ""w_13"": 3.78, ""w_14"": 3.66, ""w_15"": 3.7, ""w_16"": 3.66, ""w_17"": 3.7, ""w_18"": 3.71, ""w_19"": 3.6, ""w_20"": 3.55}"
209,100974271034,2020-12-18,0,counterfactual,"{""w_0"": 2.88, ""w_1"": 3.1, ""w_2"": 3.26, ""w_3"": 3.43, ""w_4"": 3.42, ""w_5"": 3.78, ""w_6"": 3.86, ""w_7"": 3.93, ""w_8"": 3.98, ""w_9"": 3.98, ""w_10"": 3.98, ""w_11"": 3.9, ""w_12"": 3.86, ""w_13"": 3.83, ""w_14"": 3.83, ""w_15"": 3.78, ""w_16"": 3.56, ""w_17"": 3.65, ""w_18"": 3.57, ""w_19"": 3.68, ""w_20"": 3.76}"
210,100974271034,2020-12-21,0,factual,"{""w_0"": 3.9, ""w_1"": 3.855, ""w_2"": 3.825, ""w_3"": 3.83, ""w_4"": 3.78, ""w_5"": 3.56, ""w_6"": 3.65, ""w_7"": 3.57, ""w_8"": 3.68, ""w_9"": 3.755, ""w_10"": 3.79, ""w_11"": 3.795, ""w_12"": 3.78, ""w_13"": 3.66, ""w_14"": 3.7, ""w_15"": 3.66, ""w_16"": 3.7, ""w_17"": 3.71, ""w_18"": 3.6, ""w_19"": 3.55, ""w_20"": 3.4}"
210,100974271034,2020-12-21,0,counterfactual,"{""w_0"": 3.43, ""w_1"": 3.42, ""w_2"": 3.78, ""w_3"": 3.86, ""w_4"": 3.93, ""w_5"": 3.98, ""w_6"": 3.98, ""w_7"": 3.98, ""w_8"": 3.9, ""w_9"": 3.86, ""w_10"": 3.83, ""w_11"": 3.83, ""w_12"": 3.78, ""w_13"": 3.56, ""w_14"": 3.65, ""w_15"": 3.57, ""w_16"": 3.68, ""w_17"": 3.76, ""w_18"": 3.79, ""w_19"": 3.8, ""w_20"": 3.78}"
211,100974271034,2020-12-22,0,factual,"{""w_0"": 3.855, ""w_1"": 3.825, ""w_2"": 3.83, ""w_3"": 3.78, ""w_4"": 3.56, ""w_5"": 3.65, ""w_6"": 3.57, ""w_7"": 3.68, ""w_8"": 3.755, ""w_9"": 3.79, ""w_10"": 3.795, ""w_11"": 3.78, ""w_12"": 3.66, ""w_13"": 3.7, ""w_14"": 3.66, ""w_15"": 3.7, ""w_16"": 3.71, ""w_17"": 3.6, ""w_18"": 3.55, ""w_19"": 3.4, ""w_20"": 3.5}"
211,100974271034,2020-12-22,0,counterfactual,"{""w_0"": 3.42, ""w_1"": 3.78, ""w_2"": 3.86, ""w_3"": 3.93, ""w_4"": 3.98, ""w_5"": 3.98, ""w_6"": 3.98, ""w_7"": 3.9, ""w_8"": 3.86, ""w_9"": 3.83, ""w_10"": 3.83, ""w_11"": 3.78, ""w_12"": 3.56, ""w_13"": 3.65, ""w_14"": 3.57, ""w_15"": 3.68, ""w_16"": 3.76, ""w_17"": 3.79, ""w_18"": 3.8, ""w_19"": 3.78, ""w_20"": 3.66}"
212,100974271034,2020-12-23,0,factual,"{""w_0"": 3.825, ""w_1"": 3.83, ""w_2"": 3.78, ""w_3"": 3.56, ""w_4"": 3.65, ""w_5"": 3.57, ""w_6"": 3.68, ""w_7"": 3.755, ""w_8"": 3.79, ""w_9"": 3.795, ""w_10"": 3.78, ""w_11"": 3.66, ""w_12"": 3.7, ""w_13"": 3.66, ""w_14"": 3.7, ""w_15"": 3.71, ""w_16"": 3.6, ""w_17"": 3.55, ""w_18"": 3.4, ""w_19"": 3.5, ""w_20"": 3.62}"
212,100974271034,2020-12-23,0,counterfactual,"{""w_0"": 3.9, ""w_1"": 3.86, ""w_2"": 3.83, ""w_3"": 3.83, ""w_4"": 3.78, ""w_5"": 3.56, ""w_6"": 3.65, ""w_7"": 3.57, ""w_8"": 3.68, ""w_9"": 3.76, ""w_10"": 3.79, ""w_11"": 3.8, ""w_12"": 3.78, ""w_13"": 3.66, ""w_14"": 3.7, ""w_15"": 3.66, ""w_16"": 3.7, ""w_17"": 3.71, ""w_18"": 3.6, ""w_19"": 3.55, ""w_20"": 3.4}"
213,100974271034,2020-12-24,0,factual,"{""w_0"": 3.83, ""w_1"": 3.78, ""w_2"": 3.56, ""w_3"": 3.65, ""w_4"": 3.57, ""w_5"": 3.68, ""w_6"": 3.755, ""w_7"": 3.79, ""w_8"": 3.795, ""w_9"": 3.78, ""w_10"": 3.66, ""w_11"": 3.7, ""w_12"": 3.66, ""w_13"": 3.7, ""w_14"": 3.71, ""w_15"": 3.6, ""w_16"": 3.55, ""w_17"": 3.4, ""w_18"": 3.5, ""w_19"": 3.62, ""w_20"": 3.534}"
213,100974271034,2020-12-24,0,counterfactual,"{""w_0"": 3.86, ""w_1"": 3.83, ""w_2"": 3.83, ""w_3"": 3.78, ""w_4"": 3.56, ""w_5"": 3.65, ""w_6"": 3.57, ""w_7"": 3.68, ""w_8"": 3.76, ""w_9"": 3.79, ""w_10"": 3.8, ""w_11"": 3.78, ""w_12"": 3.66, ""w_13"": 3.7, ""w_14"": 3.66, ""w_15"": 3.7, ""w_16"": 3.71, ""w_17"": 3.6, ""w_18"": 3.55, ""w_19"": 3.4, ""w_20"": 3.5}"
214,100974271034,2020-12-28,0,factual,"{""w_0"": 3.78, ""w_1"": 3.56, ""w_2"": 3.65, ""w_3"": 3.57, ""w_4"": 3.68, ""w_5"": 3.755, ""w_6"": 3.79, ""w_7"": 3.795, ""w_8"": 3.78, ""w_9"": 3.66, ""w_10"": 3.7, ""w_11"": 3.66, ""w_12"": 3.7, ""w_13"": 3.71, ""w_14"": 3.6, ""w_15"": 3.55, ""w_16"": 3.4, ""w_17"": 3.5, ""w_18"": 3.62, ""w_19"": 3.534, ""w_20"": 3.73}"
214,100974271034,2020-12-28,0,counterfactual,"{""w_0"": 3.93, ""w_1"": 3.98, ""w_2"": 3.98, ""w_3"": 3.98, ""w_4"": 3.9, ""w_5"": 3.86, ""w_6"": 3.83, ""w_7"": 3.83, ""w_8"": 3.78, ""w_9"": 3.56, ""w_10"": 3.65, ""w_11"": 3.57, ""w_12"": 3.68, ""w_13"": 3.76, ""w_14"": 3.79, ""w_15"": 3.8, ""w_16"": 3.78, ""w_17"": 3.66, ""w_18"": 3.7, ""w_19"": 3.66, ""w_20"": 3.7}"
215,100974271034,2020-12-29,0,factual,"{""w_0"": 3.56, ""w_1"": 3.65, ""w_2"": 3.57, ""w_3"": 3.68, ""w_4"": 3.755, ""w_5"": 3.79, ""w_6"": 3.795, ""w_7"": 3.78, ""w_8"": 3.66, ""w_9"": 3.7, ""w_10"": 3.66, ""w_11"": 3.7, ""w_12"": 3.71, ""w_13"": 3.6, ""w_14"": 3.55, ""w_15"": 3.4, ""w_16"": 3.5, ""w_17"": 3.62, ""w_18"": 3.534, ""w_19"": 3.73, ""w_20"": 3.7}"
215,100974271034,2020-12-29,0,counterfactual,"{""w_0"": 3.98, ""w_1"": 3.98, ""w_2"": 3.98, ""w_3"": 3.9, ""w_4"": 3.86, ""w_5"": 3.83, ""w_6"": 3.83, ""w_7"": 3.78, ""w_8"": 3.56, ""w_9"": 3.65, ""w_10"": 3.57, ""w_11"": 3.68, ""w_12"": 3.76, ""w_13"": 3.79, ""w_14"": 3.8, ""w_15"": 3.78, ""w_16"": 3.66, ""w_17"": 3.7, ""w_18"": 3.66, ""w_19"": 3.7, ""w_20"": 3.71}"
216,100974271034,2020-12-30,0,factual,"{""w_0"": 3.65, ""w_1"": 3.57, ""w_2"": 3.68, ""w_3"": 3.755, ""w_4"": 3.79, ""w_5"": 3.795, ""w_6"": 3.78, ""w_7"": 3.66, ""w_8"": 3.7, ""w_9"": 3.66, ""w_10"": 3.7, ""w_11"": 3.71, ""w_12"": 3.6, ""w_13"": 3.55, ""w_14"": 3.4, ""w_15"": 3.5, ""w_16"": 3.62, ""w_17"": 3.534, ""w_18"": 3.73, ""w_19"": 3.7, ""w_20"": 3.65}"
216,100974271034,2020-12-30,0,counterfactual,"{""w_0"": 3.78, ""w_1"": 3.56, ""w_2"": 3.65, ""w_3"": 3.57, ""w_4"": 3.68, ""w_5"": 3.76, ""w_6"": 3.79, ""w_7"": 3.8, ""w_8"": 3.78, ""w_9"": 3.66, ""w_10"": 3.7, ""w_11"": 3.66, ""w_12"": 3.7, ""w_13"": 3.71, ""w_14"": 3.6, ""w_15"": 3.55, ""w_16"": 3.4, ""w_17"": 3.5, ""w_18"": 3.62, ""w_19"": 3.53, ""w_20"": 3.73}"
217,100974271034,2020-12-31,0,factual,"{""w_0"": 3.57, ""w_1"": 3.68, ""w_2"": 3.755, ""w_3"": 3.79, ""w_4"": 3.795, ""w_5"": 3.78, ""w_6"": 3.66, ""w_7"": 3.7, ""w_8"": 3.66, ""w_9"": 3.7, ""w_10"": 3.71, ""w_11"": 3.6, ""w_12"": 3.55, ""w_13"": 3.4, ""w_14"": 3.5, ""w_15"": 3.62, ""w_16"": 3.534, ""w_17"": 3.73, ""w_18"": 3.7, ""w_19"": 3.65, ""w_20"": 3.74}"
217,100974271034,2020-12-31,0,counterfactual,"{""w_0"": 3.56, ""w_1"": 3.65, ""w_2"": 3.57, ""w_3"": 3.68, ""w_4"": 3.76, ""w_5"": 3.79, ""w_6"": 3.8, ""w_7"": 3.78, ""w_8"": 3.66, ""w_9"": 3.7, ""w_10"": 3.66, ""w_11"": 3.7, ""w_12"": 3.71, ""w_13"": 3.6, ""w_14"": 3.55, ""w_15"": 3.4, ""w_16"": 3.5, ""w_17"": 3.62, ""w_18"": 3.53, ""w_19"": 3.73, ""w_20"": 3.7}"
218,100974271034,2021-01-01,0,factual,"{""w_0"": 3.68, ""w_1"": 3.755, ""w_2"": 3.79, ""w_3"": 3.795, ""w_4"": 3.78, ""w_5"": 3.66, ""w_6"": 3.7, ""w_7"": 3.66, ""w_8"": 3.7, ""w_9"": 3.71, ""w_10"": 3.6, ""w_11"": 3.55, ""w_12"": 3.4, ""w_13"": 3.5, ""w_14"": 3.62, ""w_15"": 3.534, ""w_16"": 3.73, ""w_17"": 3.7, ""w_18"": 3.65, ""w_19"": 3.74, ""w_20"": 3.705}"
218,100974271034,2021-01-01,0,counterfactual,"{""w_0"": 3.65, ""w_1"": 3.57, ""w_2"": 3.68, ""w_3"": 3.76, ""w_4"": 3.79, ""w_5"": 3.8, ""w_6"": 3.78, ""w_7"": 3.66, ""w_8"": 3.7, ""w_9"": 3.66, ""w_10"": 3.7, ""w_11"": 3.71, ""w_12"": 3.6, ""w_13"": 3.55, ""w_14"": 3.4, ""w_15"": 3.5, ""w_16"": 3.62, ""w_17"": 3.53, ""w_18"": 3.73, ""w_19"": 3.7, ""w_20"": 3.65}"
219,100974271034,2021-01-04,0,factual,"{""w_0"": 3.755, ""w_1"": 3.79, ""w_2"": 3.795, ""w_3"": 3.78, ""w_4"": 3.66, ""w_5"": 3.7, ""w_6"": 3.66, ""w_7"": 3.7, ""w_8"": 3.71, ""w_9"": 3.6, ""w_10"": 3.55, ""w_11"": 3.4, ""w_12"": 3.5, ""w_13"": 3.62, ""w_14"": 3.534, ""w_15"": 3.73, ""w_16"": 3.7, ""w_17"": 3.65, ""w_18"": 3.74, ""w_19"": 3.705, ""w_20"": 3.7}"
219,100974271034,2021-01-04,0,counterfactual,"{""w_0"": 3.57, ""w_1"": 3.68, ""w_2"": 3.76, ""w_3"": 3.79, ""w_4"": 3.8, ""w_5"": 3.78, ""w_6"": 3.66, ""w_7"": 3.7, ""w_8"": 3.66, ""w_9"": 3.7, ""w_10"": 3.71, ""w_11"": 3.6, ""w_12"": 3.55, ""w_13"": 3.4, ""w_14"": 3.5, ""w_15"": 3.62, ""w_16"": 3.53, ""w_17"": 3.73, ""w_18"": 3.7, ""w_19"": 3.65, ""w_20"": 3.74}"
220,100974271034,2021-01-05,0,factual,"{""w_0"": 3.79, ""w_1"": 3.795, ""w_2"": 3.78, ""w_3"": 3.66, ""w_4"": 3.7, ""w_5"": 3.66, ""w_6"": 3.7, ""w_7"": 3.71, ""w_8"": 3.6, ""w_9"": 3.55, ""w_10"": 3.4, ""w_11"": 3.5, ""w_12"": 3.62, ""w_13"": 3.534, ""w_14"": 3.73, ""w_15"": 3.7, ""w_16"": 3.65, ""w_17"": 3.74, ""w_18"": 3.705, ""w_19"": 3.7, ""w_20"": 3.57}"
220,100974271034,2021-01-05,0,counterfactual,"{""w_0"": 3.68, ""w_1"": 3.76, ""w_2"": 3.79, ""w_3"": 3.8, ""w_4"": 3.78, ""w_5"": 3.66, ""w_6"": 3.7, ""w_7"": 3.66, ""w_8"": 3.7, ""w_9"": 3.71, ""w_10"": 3.6, ""w_11"": 3.55, ""w_12"": 3.4, ""w_13"": 3.5, ""w_14"": 3.62, ""w_15"": 3.53, ""w_16"": 3.73, ""w_17"": 3.7, ""w_18"": 3.65, ""w_19"": 3.74, ""w_20"": 3.7}"
221,100974271034,2021-01-06,0,factual,"{""w_0"": 3.795, ""w_1"": 3.78, ""w_2"": 3.66, ""w_3"": 3.7, ""w_4"": 3.66, ""w_5"": 3.7, ""w_6"": 3.71, ""w_7"": 3.6, ""w_8"": 3.55, ""w_9"": 3.4, ""w_10"": 3.5, ""w_11"": 3.62, ""w_12"": 3.534, ""w_13"": 3.73, ""w_14"": 3.7, ""w_15"": 3.65, ""w_16"": 3.74, ""w_17"": 3.705, ""w_18"": 3.7, ""w_19"": 3.57, ""w_20"": 3.665}"
221,100974271034,2021-01-06,0,counterfactual,"{""w_0"": 3.76, ""w_1"": 3.79, ""w_2"": 3.8, ""w_3"": 3.78, ""w_4"": 3.66, ""w_5"": 3.7, ""w_6"": 3.66, ""w_7"": 3.7, ""w_8"": 3.71, ""w_9"": 3.6, ""w_10"": 3.55, ""w_11"": 3.4, ""w_12"": 3.5, ""w_13"": 3.62, ""w_14"": 3.53, ""w_15"": 3.73, ""w_16"": 3.7, ""w_17"": 3.65, ""w_18"": 3.74, ""w_19"": 3.7, ""w_20"": 3.7}"
222,100974271034,2021-01-07,0,factual,"{""w_0"": 3.78, ""w_1"": 3.66, ""w_2"": 3.7, ""w_3"": 3.66, ""w_4"": 3.7, ""w_5"": 3.71, ""w_6"": 3.6, ""w_7"": 3.55, ""w_8"": 3.4, ""w_9"": 3.5, ""w_10"": 3.62, ""w_11"": 3.534, ""w_12"": 3.73, ""w_13"": 3.7, ""w_14"": 3.65, ""w_15"": 3.74, ""w_16"": 3.705, ""w_17"": 3.7, ""w_18"": 3.57, ""w_19"": 3.665, ""w_20"": 3.7}"
222,100974271034,2021-01-07,0,counterfactual,"{""w_0"": 3.79, ""w_1"": 3.8, ""w_2"": 3.78, ""w_3"": 3.66, ""w_4"": 3.7, ""w_5"": 3.66, ""w_6"": 3.7, ""w_7"": 3.71, ""w_8"": 3.6, ""w_9"": 3.55, ""w_10"": 3.4, ""w_11"": 3.5, ""w_12"": 3.62, ""w_13"": 3.53, ""w_14"": 3.73, ""w_15"": 3.7, ""w_16"": 3.65, ""w_17"": 3.74, ""w_18"": 3.7, ""w_19"": 3.7, ""w_20"": 3.6}"
223,100974271034,2021-01-08,0,factual,"{""w_0"": 3.66, ""w_1"": 3.7, ""w_2"": 3.66, ""w_3"": 3.7, ""w_4"": 3.71, ""w_5"": 3.6, ""w_6"": 3.55, ""w_7"": 3.4, ""w_8"": 3.5, ""w_9"": 3.62, ""w_10"": 3.534, ""w_11"": 3.73, ""w_12"": 3.7, ""w_13"": 3.65, ""w_14"": 3.74, ""w_15"": 3.705, ""w_16"": 3.7, ""w_17"": 3.57, ""w_18"": 3.665, ""w_19"": 3.7, ""w_20"": 3.675}"
223,100974271034,2021-01-08,0,counterfactual,"{""w_0"": 3.83, ""w_1"": 3.83, ""w_2"": 3.78, ""w_3"": 3.56, ""w_4"": 3.65, ""w_5"": 3.57, ""w_6"": 3.68, ""w_7"": 3.76, ""w_8"": 3.79, ""w_9"": 3.8, ""w_10"": 3.78, ""w_11"": 3.66, ""w_12"": 3.7, ""w_13"": 3.66, ""w_14"": 3.7, ""w_15"": 3.71, ""w_16"": 3.6, ""w_17"": 3.5, ""w_18"": 3.4, ""w_19"": 3.5, ""w_20"": 3.6}"
224,100974271034,2021-01-11,0,factual,"{""w_0"": 3.7, ""w_1"": 3.66, ""w_2"": 3.7, ""w_3"": 3.71, ""w_4"": 3.6, ""w_5"": 3.55, ""w_6"": 3.4, ""w_7"": 3.5, ""w_8"": 3.62, ""w_9"": 3.534, ""w_10"": 3.73, ""w_11"": 3.7, ""w_12"": 3.65, ""w_13"": 3.74, ""w_14"": 3.705, ""w_15"": 3.7, ""w_16"": 3.57, ""w_17"": 3.665, ""w_18"": 3.7, ""w_19"": 3.675, ""w_20"": 3.55}"
224,100974271034,2021-01-11,0,counterfactual,"{""w_0"": 2.88, ""w_1"": 3.1, ""w_2"": 3.26, ""w_3"": 3.43, ""w_4"": 3.42, ""w_5"": 3.78, ""w_6"": 3.86, ""w_7"": 3.93, ""w_8"": 3.98, ""w_9"": 3.98, ""w_10"": 3.98, ""w_11"": 3.9, ""w_12"": 3.86, ""w_13"": 3.83, ""w_14"": 3.83, ""w_15"": 3.78, ""w_16"": 3.6, ""w_17"": 3.7, ""w_18"": 3.6, ""w_19"": 3.7, ""w_20"": 3.8}"
225,100974271034,2021-01-12,0,factual,"{""w_0"": 3.66, ""w_1"": 3.7, ""w_2"": 3.71, ""w_3"": 3.6, ""w_4"": 3.55, ""w_5"": 3.4, ""w_6"": 3.5, ""w_7"": 3.62, ""w_8"": 3.534, ""w_9"": 3.73, ""w_10"": 3.7, ""w_11"": 3.65, ""w_12"": 3.74, ""w_13"": 3.705, ""w_14"": 3.7, ""w_15"": 3.57, ""w_16"": 3.665, ""w_17"": 3.7, ""w_18"": 3.675, ""w_19"": 3.55, ""w_20"": 3.54}"
225,100974271034,2021-01-12,0,counterfactual,"{""w_0"": 3.9, ""w_1"": 3.86, ""w_2"": 3.83, ""w_3"": 3.83, ""w_4"": 3.78, ""w_5"": 3.56, ""w_6"": 3.65, ""w_7"": 3.57, ""w_8"": 3.68, ""w_9"": 3.76, ""w_10"": 3.79, ""w_11"": 3.8, ""w_12"": 3.78, ""w_13"": 3.66, ""w_14"": 3.7, ""w_15"": 3.7, ""w_16"": 3.7, ""w_17"": 3.7, ""w_18"": 3.6, ""w_19"": 3.5, ""w_20"": 3.4}"
226,100974271034,2021-01-13,0,factual,"{""w_0"": 3.7, ""w_1"": 3.71, ""w_2"": 3.6, ""w_3"": 3.55, ""w_4"": 3.4, ""w_5"": 3.5, ""w_6"": 3.62, ""w_7"": 3.534, ""w_8"": 3.73, ""w_9"": 3.7, ""w_10"": 3.65, ""w_11"": 3.74, ""w_12"": 3.705, ""w_13"": 3.7, ""w_14"": 3.57, ""w_15"": 3.665, ""w_16"": 3.7, ""w_17"": 3.675, ""w_18"": 3.55, ""w_19"": 3.54, ""w_20"": 3.51}"
226,100974271034,2021-01-13,0,counterfactual,"{""w_0"": 3.9, ""w_1"": 3.86, ""w_2"": 3.83, ""w_3"": 3.83, ""w_4"": 3.78, ""w_5"": 3.56, ""w_6"": 3.65, ""w_7"": 3.57, ""w_8"": 3.68, ""w_9"": 3.76, ""w_10"": 3.79, ""w_11"": 3.8, ""w_12"": 3.78, ""w_13"": 3.66, ""w_14"": 3.7, ""w_15"": 3.7, ""w_16"": 3.7, ""w_17"": 3.7, ""w_18"": 3.6, ""w_19"": 3.5, ""w_20"": 3.4}"
227,100974271034,2021-01-14,0,factual,"{""w_0"": 3.71, ""w_1"": 3.6, ""w_2"": 3.55, ""w_3"": 3.4, ""w_4"": 3.5, ""w_5"": 3.62, ""w_6"": 3.534, ""w_7"": 3.73, ""w_8"": 3.7, ""w_9"": 3.65, ""w_10"": 3.74, ""w_11"": 3.705, ""w_12"": 3.7, ""w_13"": 3.57, ""w_14"": 3.665, ""w_15"": 3.7, ""w_16"": 3.675, ""w_17"": 3.55, ""w_18"": 3.54, ""w_19"": 3.51, ""w_20"": 3.43}"
227,100974271034,2021-01-14,0,counterfactual,"{""w_0"": 3.83, ""w_1"": 3.83, ""w_2"": 3.78, ""w_3"": 3.56, ""w_4"": 3.65, ""w_5"": 3.57, ""w_6"": 3.68, ""w_7"": 3.76, ""w_8"": 3.79, ""w_9"": 3.8, ""w_10"": 3.78, ""w_11"": 3.66, ""w_12"": 3.7, ""w_13"": 3.7, ""w_14"": 3.7, ""w_15"": 3.7, ""w_16"": 3.6, ""w_17"": 3.5, ""w_18"": 3.4, ""w_19"": 3.5, ""w_20"": 3.6}"
228,100974271034,2021-01-15,0,factual,"{""w_0"": 3.6, ""w_1"": 3.55, ""w_2"": 3.4, ""w_3"": 3.5, ""w_4"": 3.62, ""w_5"": 3.534, ""w_6"": 3.73, ""w_7"": 3.7, ""w_8"": 3.65, ""w_9"": 3.74, ""w_10"": 3.705, ""w_11"": 3.7, ""w_12"": 3.57, ""w_13"": 3.665, ""w_14"": 3.7, ""w_15"": 3.675, ""w_16"": 3.55, ""w_17"": 3.54, ""w_18"": 3.51, ""w_19"": 3.43, ""w_20"": 3.465}"
228,100974271034,2021-01-15,0,counterfactual,"{""w_0"": 3.7, ""w_1"": 3.66, ""w_2"": 3.7, ""w_3"": 3.71, ""w_4"": 3.6, ""w_5"": 3.55, ""w_6"": 3.4, ""w_7"": 3.5, ""w_8"": 3.62, ""w_9"": 3.53, ""w_10"": 3.73, ""w_11"": 3.7, ""w_12"": 3.7, ""w_13"": 3.7, ""w_14"": 3.7, ""w_15"": 3.7, ""w_16"": 3.6, ""w_17"": 3.7, ""w_18"": 3.7, ""w_19"": 3.7, ""w_20"": 3.5}"
229,100974271034,2021-01-18,0,factual,"{""w_0"": 3.55, ""w_1"": 3.4, ""w_2"": 3.5, ""w_3"": 3.62, ""w_4"": 3.534, ""w_5"": 3.73, ""w_6"": 3.7, ""w_7"": 3.65, ""w_8"": 3.74, ""w_9"": 3.705, ""w_10"": 3.7, ""w_11"": 3.57, ""w_12"": 3.665, ""w_13"": 3.7, ""w_14"": 3.675, ""w_15"": 3.55, ""w_16"": 3.54, ""w_17"": 3.51, ""w_18"": 3.43, ""w_19"": 3.465, ""w_20"": 3.39}"
229,100974271034,2021-01-18,0,counterfactual,"{""w_0"": 3.7, ""w_1"": 3.71, ""w_2"": 3.6, ""w_3"": 3.55, ""w_4"": 3.4, ""w_5"": 3.5, ""w_6"": 3.62, ""w_7"": 3.53, ""w_8"": 3.73, ""w_9"": 3.7, ""w_10"": 3.65, ""w_11"": 3.7, ""w_12"": 3.7, ""w_13"": 3.7, ""w_14"": 3.6, ""w_15"": 3.7, ""w_16"": 3.7, ""w_17"": 3.7, ""w_18"": 3.5, ""w_19"": 3.5, ""w_20"": 3.5}"
230,100974271034,2021-01-19,0,factual,"{""w_0"": 3.4, ""w_1"": 3.5, ""w_2"": 3.62, ""w_3"": 3.534, ""w_4"": 3.73, ""w_5"": 3.7, ""w_6"": 3.65, ""w_7"": 3.74, ""w_8"": 3.705, ""w_9"": 3.7, ""w_10"": 3.57, ""w_11"": 3.665, ""w_12"": 3.7, ""w_13"": 3.675, ""w_14"": 3.55, ""w_15"": 3.54, ""w_16"": 3.51, ""w_17"": 3.43, ""w_18"": 3.465, ""w_19"": 3.39, ""w_20"": 3.55}"
230,100974271034,2021-01-19,0,counterfactual,"{""w_0"": 3.55, ""w_1"": 3.4, ""w_2"": 3.5, ""w_3"": 3.62, ""w_4"": 3.53, ""w_5"": 3.73, ""w_6"": 3.7, ""w_7"": 3.65, ""w_8"": 3.74, ""w_9"": 3.7, ""w_10"": 3.7, ""w_11"": 3.6, ""w_12"": 3.7, ""w_13"": 3.7, ""w_14"": 3.7, ""w_15"": 3.5, ""w_16"": 3.5, ""w_17"": 3.5, ""w_18"": 3.4, ""w_19"": 3.5, ""w_20"": 3.4}"
231,100974271034,2021-01-20,0,factual,"{""w_0"": 3.5, ""w_1"": 3.62, ""w_2"": 3.534, ""w_3"": 3.73, ""w_4"": 3.7, ""w_5"": 3.65, ""w_6"": 3.74, ""w_7"": 3.705, ""w_8"": 3.7, ""w_9"": 3.57, ""w_10"": 3.665, ""w_11"": 3.7, ""w_12"": 3.675, ""w_13"": 3.55, ""w_14"": 3.54, ""w_15"": 3.51, ""w_16"": 3.43, ""w_17"": 3.465, ""w_18"": 3.39, ""w_19"": 3.55, ""w_20"": 3.595}"
231,100974271034,2021-01-20,0,counterfactual,"{""w_0"": 3.86, ""w_1"": 3.83, ""w_2"": 3.83, ""w_3"": 3.78, ""w_4"": 3.56, ""w_5"": 3.65, ""w_6"": 3.57, ""w_7"": 3.68, ""w_8"": 3.76, ""w_9"": 3.8, ""w_10"": 3.8, ""w_11"": 3.8, ""w_12"": 3.7, ""w_13"": 3.7, ""w_14"": 3.7, ""w_15"": 3.7, ""w_16"": 3.7, ""w_17"": 3.6, ""w_18"": 3.5, ""w_19"": 3.4, ""w_20"": 3.5}"
232,100974271034,2021-01-21,0,factual,"{""w_0"": 3.62, ""w_1"": 3.534, ""w_2"": 3.73, ""w_3"": 3.7, ""w_4"": 3.65, ""w_5"": 3.74, ""w_6"": 3.705, ""w_7"": 3.7, ""w_8"": 3.57, ""w_9"": 3.665, ""w_10"": 3.7, ""w_11"": 3.675, ""w_12"": 3.55, ""w_13"": 3.54, ""w_14"": 3.51, ""w_15"": 3.43, ""w_16"": 3.465, ""w_17"": 3.39, ""w_18"": 3.55, ""w_19"": 3.595, ""w_20"": 3.52}"
232,100974271034,2021-01-21,0,counterfactual,"{""w_0"": 3.57, ""w_1"": 3.68, ""w_2"": 3.76, ""w_3"": 3.79, ""w_4"": 3.8, ""w_5"": 3.78, ""w_6"": 3.66, ""w_7"": 3.7, ""w_8"": 3.7, ""w_9"": 3.7, ""w_10"": 3.7, ""w_11"": 3.6, ""w_12"": 3.5, ""w_13"": 3.4, ""w_14"": 3.5, ""w_15"": 3.6, ""w_16"": 3.5, ""w_17"": 3.7, ""w_18"": 3.7, ""w_19"": 3.7, ""w_20"": 3.7}"
233,100974271034,2021-01-22,0,factual,"{""w_0"": 3.534, ""w_1"": 3.73, ""w_2"": 3.7, ""w_3"": 3.65, ""w_4"": 3.74, ""w_5"": 3.705, ""w_6"": 3.7, ""w_7"": 3.57, ""w_8"": 3.665, ""w_9"": 3.7, ""w_10"": 3.675, ""w_11"": 3.55, ""w_12"": 3.54, ""w_13"": 3.51, ""w_14"": 3.43, ""w_15"": 3.465, ""w_16"": 3.39, ""w_17"": 3.55, ""w_18"": 3.595, ""w_19"": 3.52, ""w_20"": 3.495}"
233,100974271034,2021-01-22,0,counterfactual,"{""w_0"": 3.57, ""w_1"": 3.68, ""w_2"": 3.76, ""w_3"": 3.79, ""w_4"": 3.8, ""w_5"": 3.78, ""w_6"": 3.66, ""w_7"": 3.7, ""w_8"": 3.7, ""w_9"": 3.7, ""w_10"": 3.7, ""w_11"": 3.6, ""w_12"": 3.5, ""w_13"": 3.4, ""w_14"": 3.5, ""w_15"": 3.6, ""w_16"": 3.5, ""w_17"": 3.7, ""w_18"": 3.7, ""w_19"": 3.7, ""w_20"": 3.7}"
234,100974271034,2021-01-25,0,factual,"{""w_0"": 3.73, ""w_1"": 3.7, ""w_2"": 3.65, ""w_3"": 3.74, ""w_4"": 3.705, ""w_5"": 3.7, ""w_6"": 3.57, ""w_7"": 3.665, ""w_8"": 3.7, ""w_9"": 3.675, ""w_10"": 3.55, ""w_11"": 3.54, ""w_12"": 3.51, ""w_13"": 3.43, ""w_14"": 3.465, ""w_15"": 3.39, ""w_16"": 3.55, ""w_17"": 3.595, ""w_18"": 3.52, ""w_19"": 3.495, ""w_20"": 3.36}"
234,100974271034,2021-01-25,0,counterfactual,"{""w_0"": 2.88, ""w_1"": 3.1, ""w_2"": 3.26, ""w_3"": 3.43, ""w_4"": 3.42, ""w_5"": 3.78, ""w_6"": 3.9, ""w_7"": 3.9, ""w_8"": 4.0, ""w_9"": 4.0, ""w_10"": 4.0, ""w_11"": 3.9, ""w_12"": 3.9, ""w_13"": 3.8, ""w_14"": 3.8, ""w_15"": 3.8, ""w_16"": 3.6, ""w_17"": 3.7, ""w_18"": 3.6, ""w_19"": 3.7, ""w_20"": 3.8}"
235,100974271034,2021-01-26,0,factual,"{""w_0"": 3.7, ""w_1"": 3.65, ""w_2"": 3.74, ""w_3"": 3.705, ""w_4"": 3.7, ""w_5"": 3.57, ""w_6"": 3.665, ""w_7"": 3.7, ""w_8"": 3.675, ""w_9"": 3.55, ""w_10"": 3.54, ""w_11"": 3.51, ""w_12"": 3.43, ""w_13"": 3.465, ""w_14"": 3.39, ""w_15"": 3.55, ""w_16"": 3.595, ""w_17"": 3.52, ""w_18"": 3.495, ""w_19"": 3.36, ""w_20"": 3.35}"
235,100974271034,2021-01-26,0,counterfactual,"{""w_0"": 3.62, ""w_1"": 3.53, ""w_2"": 3.73, ""w_3"": 3.7, ""w_4"": 3.65, ""w_5"": 3.7, ""w_6"": 3.7, ""w_7"": 3.7, ""w_8"": 3.6, ""w_9"": 3.7, ""w_10"": 3.7, ""w_11"": 3.7, ""w_12"": 3.5, ""w_13"": 3.5, ""w_14"": 3.5, ""w_15"": 3.4, ""w_16"": 3.5, ""w_17"": 3.4, ""w_18"": 3.5, ""w_19"": 3.6, ""w_20"": 3.5}"
236,100974271034,2021-01-27,0,factual,"{""w_0"": 3.65, ""w_1"": 3.74, ""w_2"": 3.705, ""w_3"": 3.7, ""w_4"": 3.57, ""w_5"": 3.665, ""w_6"": 3.7, ""w_7"": 3.675, ""w_8"": 3.55, ""w_9"": 3.54, ""w_10"": 3.51, ""w_11"": 3.43, ""w_12"": 3.465, ""w_13"": 3.39, ""w_14"": 3.55, ""w_15"": 3.595, ""w_16"": 3.52, ""w_17"": 3.495, ""w_18"": 3.36, ""w_19"": 3.35, ""w_20"": 3.32}"
236,100974271034,2021-01-27,0,counterfactual,"{""w_0"": 3.62, ""w_1"": 3.53, ""w_2"": 3.73, ""w_3"": 3.7, ""w_4"": 3.7, ""w_5"": 3.7, ""w_6"": 3.7, ""w_7"": 3.7, ""w_8"": 3.6, ""w_9"": 3.7, ""w_10"": 3.7, ""w_11"": 3.7, ""w_12"": 3.5, ""w_13"": 3.5, ""w_14"": 3.5, ""w_15"": 3.4, ""w_16"": 3.5, ""w_17"": 3.4, ""w_18"": 3.5, ""w_19"": 3.6, ""w_20"": 3.5}"
237,100974271034,2021-01-28,0,factual,"{""w_0"": 3.74, ""w_1"": 3.705, ""w_2"": 3.7, ""w_3"": 3.57, ""w_4"": 3.665, ""w_5"": 3.7, ""w_6"": 3.675, ""w_7"": 3.55, ""w_8"": 3.54, ""w_9"": 3.51, ""w_10"": 3.43, ""w_11"": 3.465, ""w_12"": 3.39, ""w_13"": 3.55, ""w_14"": 3.595, ""w_15"": 3.52, ""w_16"": 3.495, ""w_17"": 3.36, ""w_18"": 3.35, ""w_19"": 3.32, ""w_20"": 3.33}"
237,100974271034,2021-01-28,0,counterfactual,"{""w_0"": 3.73, ""w_1"": 3.7, ""w_2"": 3.65, ""w_3"": 3.7, ""w_4"": 3.7, ""w_5"": 3.7, ""w_6"": 3.6, ""w_7"": 3.7, ""w_8"": 3.7, ""w_9"": 3.7, ""w_10"": 3.5, ""w_11"": 3.5, ""w_12"": 3.5, ""w_13"": 3.4, ""w_14"": 3.5, ""w_15"": 3.4, ""w_16"": 3.5, ""w_17"": 3.6, ""w_18"": 3.5, ""w_19"": 3.5, ""w_20"": 3.4}"
238,100974271034,2021-01-29,0,factual,"{""w_0"": 3.705, ""w_1"": 3.7, ""w_2"": 3.57, ""w_3"": 3.665, ""w_4"": 3.7, ""w_5"": 3.675, ""w_6"": 3.55, ""w_7"": 3.54, ""w_8"": 3.51, ""w_9"": 3.43, ""w_10"": 3.465, ""w_11"": 3.39, ""w_12"": 3.55, ""w_13"": 3.595, ""w_14"": 3.52, ""w_15"": 3.495, ""w_16"": 3.36, ""w_17"": 3.35, ""w_18"": 3.32, ""w_19"": 3.33, ""w_20"": 3.36}"
238,100974271034,2021-01-29,0,counterfactual,"{""w_0"": 3.73, ""w_1"": 3.7, ""w_2"": 3.7, ""w_3"": 3.7, ""w_4"": 3.7, ""w_5"": 3.7, ""w_6"": 3.6, ""w_7"": 3.7, ""w_8"": 3.7, ""w_9"": 3.7, ""w_10"": 3.5, ""w_11"": 3.5, ""w_12"": 3.5, ""w_13"": 3.4, ""w_14"": 3.5, ""w_15"": 3.4, ""w_16"": 3.5, ""w_17"": 3.6, ""w_18"": 3.5, ""w_19"": 3.5, ""w_20"": 3.4}"
239,100974271034,2021-02-01,0,factual,"{""w_0"": 3.7, ""w_1"": 3.57, ""w_2"": 3.665, ""w_3"": 3.7, ""w_4"": 3.675, ""w_5"": 3.55, ""w_6"": 3.54, ""w_7"": 3.51, ""w_8"": 3.43, ""w_9"": 3.465, ""w_10"": 3.39, ""w_11"": 3.55, ""w_12"": 3.595, ""w_13"": 3.52, ""w_14"": 3.495, ""w_15"": 3.36, ""w_16"": 3.35, ""w_17"": 3.32, ""w_18"": 3.33, ""w_19"": 3.36, ""w_20"": 3.46}"
239,100974271034,2021-02-01,0,counterfactual,"{""w_0"": 3.65, ""w_1"": 3.7, ""w_2"": 3.7, ""w_3"": 3.7, ""w_4"": 3.6, ""w_5"": 3.7, ""w_6"": 3.7, ""w_7"": 3.7, ""w_8"": 3.5, ""w_9"": 3.5, ""w_10"": 3.5, ""w_11"": 3.4, ""w_12"": 3.5, ""w_13"": 3.4, ""w_14"": 3.5, ""w_15"": 3.6, ""w_16"": 3.5, ""w_17"": 3.5, ""w_18"": 3.4, ""w_19"": 3.3, ""w_20"": 3.3}"
240,100974271034,2021-02-02,0,factual,"{""w_0"": 3.57, ""w_1"": 3.665, ""w_2"": 3.7, ""w_3"": 3.675, ""w_4"": 3.55, ""w_5"": 3.54, ""w_6"": 3.51, ""w_7"": 3.43, ""w_8"": 3.465, ""w_9"": 3.39, ""w_10"": 3.55, ""w_11"": 3.595, ""w_12"": 3.52, ""w_13"": 3.495, ""w_14"": 3.36, ""w_15"": 3.35, ""w_16"": 3.32, ""w_17"": 3.33, ""w_18"": 3.36, ""w_19"": 3.46, ""w_20"": 3.48}"
240,100974271034,2021-02-02,0,counterfactual,"{""w_0"": 3.7, ""w_1"": 3.7, ""w_2"": 3.7, ""w_3"": 3.7, ""w_4"": 3.6, ""w_5"": 3.7, ""w_6"": 3.7, ""w_7"": 3.7, ""w_8"": 3.5, ""w_9"": 3.5, ""w_10"": 3.5, ""w_11"": 3.4, ""w_12"": 3.5, ""w_13"": 3.4, ""w_14"": 3.5, ""w_15"": 3.6, ""w_16"": 3.5, ""w_17"": 3.5, ""w_18"": 3.4, ""w_19"": 3.3, ""w_20"": 3.3}"
241,100974271034,2021-02-03,0,factual,"{""w_0"": 3.665, ""w_1"": 3.7, ""w_2"": 3.675, ""w_3"": 3.55, ""w_4"": 3.54, ""w_5"": 3.51, ""w_6"": 3.43, ""w_7"": 3.465, ""w_8"": 3.39, ""w_9"": 3.55, ""w_10"": 3.595, ""w_11"": 3.52, ""w_12"": 3.495, ""w_13"": 3.36, ""w_14"": 3.35, ""w_15"": 3.32, ""w_16"": 3.33, ""w_17"": 3.36, ""w_18"": 3.46, ""w_19"": 3.48, ""w_20"": 3.435}"
241,100974271034,2021-02-03,0,counterfactual,"{""w_0"": 3.7, ""w_1"": 3.7, ""w_2"": 3.7, ""w_3"": 3.7, ""w_4"": 3.7, ""w_5"": 3.7, ""w_6"": 3.6, ""w_7"": 3.7, ""w_8"": 3.7, ""w_9"": 3.7, ""w_10"": 3.5, ""w_11"": 3.5, ""w_12"": 3.5, ""w_13"": 3.4, ""w_14"": 3.5, ""w_15"": 3.4, ""w_16"": 3.5, ""w_17"": 3.6, ""w_18"": 3.5, ""w_19"": 3.5, ""w_20"": 3.4}"
242,100974271034,2021-02-04,0,factual,"{""w_0"": 3.7, ""w_1"": 3.675, ""w_2"": 3.55, ""w_3"": 3.54, ""w_4"": 3.51, ""w_5"": 3.43, ""w_6"": 3.465, ""w_7"": 3.39, ""w_8"": 3.55, ""w_9"": 3.595, ""w_10"": 3.52, ""w_11"": 3.495, ""w_12"": 3.36, ""w_13"": 3.35, ""w_14"": 3.32, ""w_15"": 3.33, ""w_16"": 3.36, ""w_17"": 3.46, ""w_18"": 3.48, ""w_19"": 3.435, ""w_20"": 3.34}"
242,100974271034,2021-02-04,0,counterfactual,"{""w_0"": 3.7, ""w_1"": 3.7, ""w_2"": 3.7, ""w_3"": 3.7, ""w_4"": 3.7, ""w_5"": 3.6, ""w_6"": 3.7, ""w_7"": 3.7, ""w_8"": 3.7, ""w_9"": 3.5, ""w_10"": 3.5, ""w_11"": 3.5, ""w_12"": 3.4, ""w_13"": 3.5, ""w_14"": 3.4, ""w_15"": 3.5, ""w_16"": 3.6, ""w_17"": 3.5, ""w_18"": 3.5, ""w_19"": 3.4, ""w_20"": 3.3}"
243,100974271034,2021-02-05,0,factual,"{""w_0"": 3.675, ""w_1"": 3.55, ""w_2"": 3.54, ""w_3"": 3.51, ""w_4"": 3.43, ""w_5"": 3.465, ""w_6"": 3.39, ""w_7"": 3.55, ""w_8"": 3.595, ""w_9"": 3.52, ""w_10"": 3.495, ""w_11"": 3.36, ""w_12"": 3.35, ""w_13"": 3.32, ""w_14"": 3.33, ""w_15"": 3.36, ""w_16"": 3.46, ""w_17"": 3.48, ""w_18"": 3.435, ""w_19"": 3.34, ""w_20"": 3.405}"
243,100974271034,2021-02-05,0,counterfactual,"{""w_0"": 3.7, ""w_1"": 3.7, ""w_2"": 3.5, ""w_3"": 3.5, ""w_4"": 3.5, ""w_5"": 3.4, ""w_6"": 3.5, ""w_7"": 3.4, ""w_8"": 3.5, ""w_9"": 3.6, ""w_10"": 3.5, ""w_11"": 3.5, ""w_12"": 3.4, ""w_13"": 3.3, ""w_14"": 3.3, ""w_15"": 3.3, ""w_16"": 3.4, ""w_17"": 3.5, ""w_18"": 3.5, ""w_19"": 3.4, ""w_20"": 3.3}"
244,100974271034,2021-02-08,0,factual,"{""w_0"": 3.55, ""w_1"": 3.54, ""w_2"": 3.51, ""w_3"": 3.43, ""w_4"": 3.465, ""w_5"": 3.39, ""w_6"": 3.55, ""w_7"": 3.595, ""w_8"": 3.52, ""w_9"": 3.495, ""w_10"": 3.36, ""w_11"": 3.35, ""w_12"": 3.32, ""w_13"": 3.33, ""w_14"": 3.36, ""w_15"": 3.46, ""w_16"": 3.48, ""w_17"": 3.435, ""w_18"": 3.34, ""w_19"": 3.405, ""w_20"": 3.47}"
244,100974271034,2021-02-08,0,counterfactual,"{""w_0"": 3.7, ""w_1"": 3.7, ""w_2"": 3.5, ""w_3"": 3.5, ""w_4"": 3.5, ""w_5"": 3.4, ""w_6"": 3.5, ""w_7"": 3.4, ""w_8"": 3.5, ""w_9"": 3.6, ""w_10"": 3.5, ""w_11"": 3.5, ""w_12"": 3.4, ""w_13"": 3.3, ""w_14"": 3.3, ""w_15"": 3.3, ""w_16"": 3.4, ""w_17"": 3.5, ""w_18"": 3.5, ""w_19"": 3.4, ""w_20"": 3.3}"
245,100974271034,2021-02-09,0,factual,"{""w_0"": 3.54, ""w_1"": 3.51, ""w_2"": 3.43, ""w_3"": 3.465, ""w_4"": 3.39, ""w_5"": 3.55, ""w_6"": 3.595, ""w_7"": 3.52, ""w_8"": 3.495, ""w_9"": 3.36, ""w_10"": 3.35, ""w_11"": 3.32, ""w_12"": 3.33, ""w_13"": 3.36, ""w_14"": 3.46, ""w_15"": 3.48, ""w_16"": 3.435, ""w_17"": 3.34, ""w_18"": 3.405, ""w_19"": 3.47, ""w_20"": 3.42}"
245,100974271034,2021-02-09,0,counterfactual,"{""w_0"": 3.7, ""w_1"": 3.7, ""w_2"": 3.7, ""w_3"": 3.5, ""w_4"": 3.5, ""w_5"": 3.5, ""w_6"": 3.4, ""w_7"": 3.5, ""w_8"": 3.4, ""w_9"": 3.5, ""w_10"": 3.6, ""w_11"": 3.5, ""w_12"": 3.5, ""w_13"": 3.4, ""w_14"": 3.3, ""w_15"": 3.3, ""w_16"": 3.3, ""w_17"": 3.4, ""w_18"": 3.5, ""w_19"": 3.5, ""w_20"": 3.4}"
246,100974271034,2021-02-10,0,factual,"{""w_0"": 3.51, ""w_1"": 3.43, ""w_2"": 3.465, ""w_3"": 3.39, ""w_4"": 3.55, ""w_5"": 3.595, ""w_6"": 3.52, ""w_7"": 3.495, ""w_8"": 3.36, ""w_9"": 3.35, ""w_10"": 3.32, ""w_11"": 3.33, ""w_12"": 3.36, ""w_13"": 3.46, ""w_14"": 3.48, ""w_15"": 3.435, ""w_16"": 3.34, ""w_17"": 3.405, ""w_18"": 3.47, ""w_19"": 3.42, ""w_20"": 3.4}"
246,100974271034,2021-02-10,0,counterfactual,"{""w_0"": 3.7, ""w_1"": 3.7, ""w_2"": 3.5, ""w_3"": 3.5, ""w_4"": 3.5, ""w_5"": 3.4, ""w_6"": 3.5, ""w_7"": 3.4, ""w_8"": 3.5, ""w_9"": 3.6, ""w_10"": 3.5, ""w_11"": 3.5, ""w_12"": 3.4, ""w_13"": 3.3, ""w_14"": 3.3, ""w_15"": 3.3, ""w_16"": 3.4, ""w_17"": 3.5, ""w_18"": 3.5, ""w_19"": 3.4, ""w_20"": 3.3}"
247,100974271034,2021-02-11,0,factual,"{""w_0"": 3.43, ""w_1"": 3.465, ""w_2"": 3.39, ""w_3"": 3.55, ""w_4"": 3.595, ""w_5"": 3.52, ""w_6"": 3.495, ""w_7"": 3.36, ""w_8"": 3.35, ""w_9"": 3.32, ""w_10"": 3.33, ""w_11"": 3.36, ""w_12"": 3.46, ""w_13"": 3.48, ""w_14"": 3.435, ""w_15"": 3.34, ""w_16"": 3.405, ""w_17"": 3.47, ""w_18"": 3.42, ""w_19"": 3.4, ""w_20"": 3.445}"
247,100974271034,2021-02-11,0,counterfactual,"{""w_0"": 3.7, ""w_1"": 3.5, ""w_2"": 3.5, ""w_3"": 3.5, ""w_4"": 3.4, ""w_5"": 3.5, ""w_6"": 3.4, ""w_7"": 3.5, ""w_8"": 3.6, ""w_9"": 3.5, ""w_10"": 3.5, ""w_11"": 3.4, ""w_12"": 3.3, ""w_13"": 3.3, ""w_14"": 3.3, ""w_15"": 3.4, ""w_16"": 3.5, ""w_17"": 3.5, ""w_18"": 3.4, ""w_19"": 3.3, ""w_20"": 3.4}"
248,100974271034,2021-02-12,0,factual,"{""w_0"": 3.465, ""w_1"": 3.39, ""w_2"": 3.55, ""w_3"": 3.595, ""w_4"": 3.52, ""w_5"": 3.495, ""w_6"": 3.36, ""w_7"": 3.35, ""w_8"": 3.32, ""w_9"": 3.33, ""w_10"": 3.36, ""w_11"": 3.46, ""w_12"": 3.48, ""w_13"": 3.435, ""w_14"": 3.34, ""w_15"": 3.405, ""w_16"": 3.47, ""w_17"": 3.42, ""w_18"": 3.4, ""w_19"": 3.445, ""w_20"": 3.4}"
248,100974271034,2021-02-12,0,counterfactual,"{""w_0"": 3.5, ""w_1"": 3.4, ""w_2"": 3.5, ""w_3"": 3.4, ""w_4"": 3.5, ""w_5"": 3.6, ""w_6"": 3.5, ""w_7"": 3.5, ""w_8"": 3.4, ""w_9"": 3.3, ""w_10"": 3.3, ""w_11"": 3.3, ""w_12"": 3.4, ""w_13"": 3.5, ""w_14"": 3.5, ""w_15"": 3.4, ""w_16"": 3.3, ""w_17"": 3.4, ""w_18"": 3.5, ""w_19"": 3.4, ""w_20"": 3.4}"
249,100974271034,2021-02-15,0,factual,"{""w_0"": 3.39, ""w_1"": 3.55, ""w_2"": 3.595, ""w_3"": 3.52, ""w_4"": 3.495, ""w_5"": 3.36, ""w_6"": 3.35, ""w_7"": 3.32, ""w_8"": 3.33, ""w_9"": 3.36, ""w_10"": 3.46, ""w_11"": 3.48, ""w_12"": 3.435, ""w_13"": 3.34, ""w_14"": 3.405, ""w_15"": 3.47, ""w_16"": 3.42, ""w_17"": 3.4, ""w_18"": 3.445, ""w_19"": 3.4, ""w_20"": 3.585}"
249,100974271034,2021-02-15,0,counterfactual,"{""w_0"": 3.4, ""w_1"": 3.5, ""w_2"": 3.4, ""w_3"": 3.5, ""w_4"": 3.6, ""w_5"": 3.5, ""w_6"": 3.5, ""w_7"": 3.4, ""w_8"": 3.3, ""w_9"": 3.3, ""w_10"": 3.3, ""w_11"": 3.4, ""w_12"": 3.5, ""w_13"": 3.5, ""w_14"": 3.4, ""w_15"": 3.3, ""w_16"": 3.4, ""w_17"": 3.5, ""w_18"": 3.4, ""w_19"": 3.4, ""w_20"": 3.4}"
250,100974271034,2021-02-16,0,factual,"{""w_0"": 3.55, ""w_1"": 3.595, ""w_2"": 3.52, ""w_3"": 3.495, ""w_4"": 3.36, ""w_5"": 3.35, ""w_6"": 3.32, ""w_7"": 3.33, ""w_8"": 3.36, ""w_9"": 3.46, ""w_10"": 3.48, ""w_11"": 3.435, ""w_12"": 3.34, ""w_13"": 3.405, ""w_14"": 3.47, ""w_15"": 3.42, ""w_16"": 3.4, ""w_17"": 3.445, ""w_18"": 3.4, ""w_19"": 3.585, ""w_20"": 3.49}"
250,100974271034,2021-02-16,0,counterfactual,"{""w_0"": 3.5, ""w_1"": 3.4, ""w_2"": 3.5, ""w_3"": 3.6, ""w_4"": 3.5, ""w_5"": 3.5, ""w_6"": 3.4, ""w_7"": 3.3, ""w_8"": 3.3, ""w_9"": 3.3, ""w_10"": 3.4, ""w_11"": 3.5, ""w_12"": 3.5, ""w_13"": 3.4, ""w_14"": 3.3, ""w_15"": 3.4, ""w_16"": 3.5, ""w_17"": 3.4, ""w_18"": 3.4, ""w_19"": 3.4, ""w_20"": 3.4}"
251,100974271034,2021-02-17,0,factual,"{""w_0"": 3.595, ""w_1"": 3.52, ""w_2"": 3.495, ""w_3"": 3.36, ""w_4"": 3.35, ""w_5"": 3.32, ""w_6"": 3.33, ""w_7"": 3.36, ""w_8"": 3.46, ""w_9"": 3.48, ""w_10"": 3.435, ""w_11"": 3.34, ""w_12"": 3.405, ""w_13"": 3.47, ""w_14"": 3.42, ""w_15"": 3.4, ""w_16"": 3.445, ""w_17"": 3.4, ""w_18"": 3.585, ""w_19"": 3.49, ""w_20"": 3.505}"
251,100974271034,2021-02-17,0,counterfactual,"{""w_0"": 3.4, ""w_1"": 3.5, ""w_2"": 3.6, ""w_3"": 3.5, ""w_4"": 3.5, ""w_5"": 3.4, ""w_6"": 3.3, ""w_7"": 3.3, ""w_8"": 3.3, ""w_9"": 3.4, ""w_10"": 3.5, ""w_11"": 3.5, ""w_12"": 3.4, ""w_13"": 3.3, ""w_14"": 3.4, ""w_15"": 3.5, ""w_16"": 3.4, ""w_17"": 3.4, ""w_18"": 3.4, ""w_19"": 3.4, ""w_20"": 3.6}"
252,100974271034,2021-02-18,0,factual,"{""w_0"": 3.52, ""w_1"": 3.495, ""w_2"": 3.36, ""w_3"": 3.35, ""w_4"": 3.32, ""w_5"": 3.33, ""w_6"": 3.36, ""w_7"": 3.46, ""w_8"": 3.48, ""w_9"": 3.435, ""w_10"": 3.34, ""w_11"": 3.405, ""w_12"": 3.47, ""w_13"": 3.42, ""w_14"": 3.4, ""w_15"": 3.445, ""w_16"": 3.4, ""w_17"": 3.585, ""w_18"": 3.49, ""w_19"": 3.505, ""w_20"": 3.57}"
252,100974271034,2021-02-18,0,counterfactual,"{""w_0"": 3.4, ""w_1"": 3.5, ""w_2"": 3.6, ""w_3"": 3.5, ""w_4"": 3.5, ""w_5"": 3.4, ""w_6"": 3.3, ""w_7"": 3.3, ""w_8"": 3.3, ""w_9"": 3.4, ""w_10"": 3.5, ""w_11"": 3.5, ""w_12"": 3.4, ""w_13"": 3.3, ""w_14"": 3.4, ""w_15"": 3.5, ""w_16"": 3.4, ""w_17"": 3.4, ""w_18"": 3.4, ""w_19"": 3.4, ""w_20"": 3.6}"
253,100974271034,2021-02-19,0,factual,"{""w_0"": 3.495, ""w_1"": 3.36, ""w_2"": 3.35, ""w_3"": 3.32, ""w_4"": 3.33, ""w_5"": 3.36, ""w_6"": 3.46, ""w_7"": 3.48, ""w_8"": 3.435, ""w_9"": 3.34, ""w_10"": 3.405, ""w_11"": 3.47, ""w_12"": 3.42, ""w_13"": 3.4, ""w_14"": 3.445, ""w_15"": 3.4, ""w_16"": 3.585, ""w_17"": 3.49, ""w_18"": 3.505, ""w_19"": 3.57, ""w_20"": 3.695}"
253,100974271034,2021-02-19,0,counterfactual,"{""w_0"": 3.8, ""w_1"": 3.8, ""w_2"": 3.7, ""w_3"": 3.7, ""w_4"": 3.7, ""w_5"": 3.7, ""w_6"": 3.7, ""w_7"": 3.6, ""w_8"": 3.5, ""w_9"": 3.4, ""w_10"": 3.5, ""w_11"": 3.6, ""w_12"": 3.5, ""w_13"": 3.7, ""w_14"": 3.7, ""w_15"": 3.7, ""w_16"": 3.7, ""w_17"": 3.7, ""w_18"": 3.7, ""w_19"": 3.6, ""w_20"": 3.7}"
254,100974271034,2021-02-22,0,factual,"{""w_0"": 3.36, ""w_1"": 3.35, ""w_2"": 3.32, ""w_3"": 3.33, ""w_4"": 3.36, ""w_5"": 3.46, ""w_6"": 3.48, ""w_7"": 3.435, ""w_8"": 3.34, ""w_9"": 3.405, ""w_10"": 3.47, ""w_11"": 3.42, ""w_12"": 3.4, ""w_13"": 3.445, ""w_14"": 3.4, ""w_15"": 3.585, ""w_16"": 3.49, ""w_17"": 3.505, ""w_18"": 3.57, ""w_19"": 3.695, ""w_20"": 3.85}"
254,100974271034,2021-02-22,0,counterfactual,"{""w_0"": 3.5, ""w_1"": 3.5, ""w_2"": 3.4, ""w_3"": 3.3, ""w_4"": 3.3, ""w_5"": 3.3, ""w_6"": 3.4, ""w_7"": 3.5, ""w_8"": 3.5, ""w_9"": 3.4, ""w_10"": 3.3, ""w_11"": 3.4, ""w_12"": 3.5, ""w_13"": 3.4, ""w_14"": 3.4, ""w_15"": 3.4, ""w_16"": 3.4, ""w_17"": 3.6, ""w_18"": 3.5, ""w_19"": 3.5, ""w_20"": 3.6}"
255,100974271034,2021-02-23,0,factual,"{""w_0"": 3.35, ""w_1"": 3.32, ""w_2"": 3.33, ""w_3"": 3.36, ""w_4"": 3.46, ""w_5"": 3.48, ""w_6"": 3.435, ""w_7"": 3.34, ""w_8"": 3.405, ""w_9"": 3.47, ""w_10"": 3.42, ""w_11"": 3.4, ""w_12"": 3.445, ""w_13"": 3.4, ""w_14"": 3.585, ""w_15"": 3.49, ""w_16"": 3.505, ""w_17"": 3.57, ""w_18"": 3.695, ""w_19"": 3.85, ""w_20"": 3.785}"
255,100974271034,2021-02-23,0,counterfactual,"{""w_0"": 3.6, ""w_1"": 3.5, ""w_2"": 3.5, ""w_3"": 3.4, ""w_4"": 3.3, ""w_5"": 3.3, ""w_6"": 3.3, ""w_7"": 3.4, ""w_8"": 3.5, ""w_9"": 3.5, ""w_10"": 3.4, ""w_11"": 3.3, ""w_12"": 3.4, ""w_13"": 3.5, ""w_14"": 3.4, ""w_15"": 3.4, ""w_16"": 3.4, ""w_17"": 3.4, ""w_18"": 3.6, ""w_19"": 3.5, ""w_20"": 3.5}"
256,100974271034,2021-02-24,0,factual,"{""w_0"": 3.32, ""w_1"": 3.33, ""w_2"": 3.36, ""w_3"": 3.46, ""w_4"": 3.48, ""w_5"": 3.435, ""w_6"": 3.34, ""w_7"": 3.405, ""w_8"": 3.47, ""w_9"": 3.42, ""w_10"": 3.4, ""w_11"": 3.445, ""w_12"": 3.4, ""w_13"": 3.585, ""w_14"": 3.49, ""w_15"": 3.505, ""w_16"": 3.57, ""w_17"": 3.695, ""w_18"": 3.85, ""w_19"": 3.785, ""w_20"": 3.85}"
256,100974271034,2021-02-24,0,counterfactual,"{""w_0"": 3.4, ""w_1"": 3.3, ""w_2"": 3.3, ""w_3"": 3.3, ""w_4"": 3.4, ""w_5"": 3.5, ""w_6"": 3.5, ""w_7"": 3.4, ""w_8"": 3.3, ""w_9"": 3.4, ""w_10"": 3.5, ""w_11"": 3.4, ""w_12"": 3.4, ""w_13"": 3.4, ""w_14"": 3.4, ""w_15"": 3.6, ""w_16"": 3.5, ""w_17"": 3.5, ""w_18"": 3.6, ""w_19"": 3.7, ""w_20"": 3.8}"
257,100974271034,2021-02-25,0,factual,"{""w_0"": 3.33, ""w_1"": 3.36, ""w_2"": 3.46, ""w_3"": 3.48, ""w_4"": 3.435, ""w_5"": 3.34, ""w_6"": 3.405, ""w_7"": 3.47, ""w_8"": 3.42, ""w_9"": 3.4, ""w_10"": 3.445, ""w_11"": 3.4, ""w_12"": 3.585, ""w_13"": 3.49, ""w_14"": 3.505, ""w_15"": 3.57, ""w_16"": 3.695, ""w_17"": 3.85, ""w_18"": 3.785, ""w_19"": 3.85, ""w_20"": 3.88}"
257,100974271034,2021-02-25,0,counterfactual,"{""w_0"": 3.3, ""w_1"": 3.3, ""w_2"": 3.3, ""w_3"": 3.4, ""w_4"": 3.5, ""w_5"": 3.5, ""w_6"": 3.4, ""w_7"": 3.3, ""w_8"": 3.4, ""w_9"": 3.5, ""w_10"": 3.4, ""w_11"": 3.4, ""w_12"": 3.4, ""w_13"": 3.4, ""w_14"": 3.6, ""w_15"": 3.5, ""w_16"": 3.5, ""w_17"": 3.6, ""w_18"": 3.7, ""w_19"": 3.8, ""w_20"": 3.8}"
258,100974271034,2021-02-26,0,factual,"{""w_0"": 3.36, ""w_1"": 3.46, ""w_2"": 3.48, ""w_3"": 3.435, ""w_4"": 3.34, ""w_5"": 3.405, ""w_6"": 3.47, ""w_7"": 3.42, ""w_8"": 3.4, ""w_9"": 3.445, ""w_10"": 3.4, ""w_11"": 3.585, ""w_12"": 3.49, ""w_13"": 3.505, ""w_14"": 3.57, ""w_15"": 3.695, ""w_16"": 3.85, ""w_17"": 3.785, ""w_18"": 3.85, ""w_19"": 3.88, ""w_20"": 3.86}"
258,100974271034,2021-02-26,0,counterfactual,"{""w_0"": 3.4, ""w_1"": 3.3, ""w_2"": 3.3, ""w_3"": 3.3, ""w_4"": 3.4, ""w_5"": 3.5, ""w_6"": 3.5, ""w_7"": 3.4, ""w_8"": 3.3, ""w_9"": 3.4, ""w_10"": 3.5, ""w_11"": 3.4, ""w_12"": 3.4, ""w_13"": 3.4, ""w_14"": 3.4, ""w_15"": 3.6, ""w_16"": 3.5, ""w_17"": 3.5, ""w_18"": 3.6, ""w_19"": 3.7, ""w_20"": 3.8}"
259,AU3CB0258465,2020-03-02,0,factual,"{""w_0"": 64.787872, ""w_1"": 64.768976325, ""w_2"": 65.101137365, ""w_3"": 65.541684, ""w_4"": 65.5943967, ""w_5"": 65.2231361, ""w_6"": 65.5618485, ""w_7"": 65.68993487499999, ""w_8"": 65.928117, ""w_9"": 66.2756248, ""w_10"": 66.30603089, ""w_11"": 66.239809, ""w_12"": 66.3200015, ""w_13"": 66.2351726, ""w_14"": 65.7421056, ""w_15"": 65.429956585, ""w_16"": 65.41079219999999, ""w_17"": 65.1174425, ""w_18"": 64.58808186, ""w_19"": 64.45958462, ""w_20"": 63.44137248}"
259,AU3CB0258465,2020-03-02,0,counterfactual,"{""w_0"": 65.385007, ""w_1"": 66.23531, ""w_2"": 64.899117, ""w_3"": 65.335191, ""w_4"": 65.081586, ""w_5"": 66.136248, ""w_6"": 64.912185, ""w_7"": 65.406049, ""w_8"": 66.17336, ""w_9"": 65.568148, ""w_10"": 66.290155, ""w_11"": 66.00983, ""w_12"": 66.353592, ""w_13"": 66.047548, ""w_14"": 66.306622, ""w_15"": 64.899336, ""w_16"": 65.636815, ""w_17"": 65.700239, ""w_18"": 65.301018, ""w_19"": 66.093662, ""w_20"": 65.035195}"
260,AU3CB0258465,2020-03-03,0,factual,"{""w_0"": 64.768976325, ""w_1"": 65.101137365, ""w_2"": 65.541684, ""w_3"": 65.5943967, ""w_4"": 65.2231361, ""w_5"": 65.5618485, ""w_6"": 65.68993487499999, ""w_7"": 65.928117, ""w_8"": 66.2756248, ""w_9"": 66.30603089, ""w_10"": 66.239809, ""w_11"": 66.3200015, ""w_12"": 66.2351726, ""w_13"": 65.7421056, ""w_14"": 65.429956585, ""w_15"": 65.41079219999999, ""w_16"": 65.1174425, ""w_17"": 64.58808186, ""w_18"": 64.45958462, ""w_19"": 63.44137248, ""w_20"": 63.15371238}"
260,AU3CB0258465,2020-03-03,0,counterfactual,"{""w_0"": 65.214134, ""w_1"": 66.416852, ""w_2"": 65.684355, ""w_3"": 65.534341, ""w_4"": 65.007349, ""w_5"": 66.014275, ""w_6"": 65.646822, ""w_7"": 65.862336, ""w_8"": 66.12365, ""w_9"": 64.910008, ""w_10"": 66.018946, ""w_11"": 66.234626, ""w_12"": 64.975551, ""w_13"": 65.5422, ""w_14"": 66.303759, ""w_15"": 65.135048, ""w_16"": 65.247628, ""w_17"": 64.837372, ""w_18"": 65.617572, ""w_19"": 64.774442, ""w_20"": 65.728592}"
261,AU3CB0258465,2020-03-04,0,factual,"{""w_0"": 65.101137365, ""w_1"": 65.541684, ""w_2"": 65.5943967, ""w_3"": 65.2231361, ""w_4"": 65.5618485, ""w_5"": 65.68993487499999, ""w_6"": 65.928117, ""w_7"": 66.2756248, ""w_8"": 66.30603089, ""w_9"": 66.239809, ""w_10"": 66.3200015, ""w_11"": 66.2351726, ""w_12"": 65.7421056, ""w_13"": 65.429956585, ""w_14"": 65.41079219999999, ""w_15"": 65.1174425, ""w_16"": 64.58808186, ""w_17"": 64.45958462, ""w_18"": 63.44137248, ""w_19"": 63.15371238, ""w_20"": 63.353102945}"
261,AU3CB0258465,2020-03-04,0,counterfactual,"{""w_0"": 65.422476, ""w_1"": 65.248691, ""w_2"": 66.005186, ""w_3"": 64.803973, ""w_4"": 65.761928, ""w_5"": 65.955762, ""w_6"": 65.870704, ""w_7"": 65.779221, ""w_8"": 66.337963, ""w_9"": 65.207903, ""w_10"": 64.9105, ""w_11"": 66.119451, ""w_12"": 66.387696, ""w_13"": 64.832869, ""w_14"": 65.244466, ""w_15"": 65.360636, ""w_16"": 65.034513, ""w_17"": 66.116671, ""w_18"": 64.847932, ""w_19"": 63.65213, ""w_20"": 65.783537}"
262,AU3CB0258465,2020-03-05,0,factual,"{""w_0"": 65.541684, ""w_1"": 65.5943967, ""w_2"": 65.2231361, ""w_3"": 65.5618485, ""w_4"": 65.68993487499999, ""w_5"": 65.928117, ""w_6"": 66.2756248, ""w_7"": 66.30603089, ""w_8"": 66.239809, ""w_9"": 66.3200015, ""w_10"": 66.2351726, ""w_11"": 65.7421056, ""w_12"": 65.429956585, ""w_13"": 65.41079219999999, ""w_14"": 65.1174425, ""w_15"": 64.58808186, ""w_16"": 64.45958462, ""w_17"": 63.44137248, ""w_18"": 63.15371238, ""w_19"": 63.353102945, ""w_20"": 63.95442704999999}"
262,AU3CB0258465,2020-03-05,0,counterfactual,"{""w_0"": 66.047516, ""w_1"": 66.177047, ""w_2"": 65.028075, ""w_3"": 65.844805, ""w_4"": 65.259314, ""w_5"": 66.050817, ""w_6"": 65.964091, ""w_7"": 65.659267, ""w_8"": 65.963175, ""w_9"": 66.117416, ""w_10"": 64.848164, ""w_11"": 65.362024, ""w_12"": 66.351657, ""w_13"": 65.892225, ""w_14"": 66.225858, ""w_15"": 65.233903, ""w_16"": 64.842951, ""w_17"": 65.649635, ""w_18"": 65.096567, ""w_19"": 65.566336, ""w_20"": 63.384274}"
263,AU3CB0258465,2020-03-06,0,factual,"{""w_0"": 65.5943967, ""w_1"": 65.2231361, ""w_2"": 65.5618485, ""w_3"": 65.68993487499999, ""w_4"": 65.928117, ""w_5"": 66.2756248, ""w_6"": 66.30603089, ""w_7"": 66.239809, ""w_8"": 66.3200015, ""w_9"": 66.2351726, ""w_10"": 65.7421056, ""w_11"": 65.429956585, ""w_12"": 65.41079219999999, ""w_13"": 65.1174425, ""w_14"": 64.58808186, ""w_15"": 64.45958462, ""w_16"": 63.44137248, ""w_17"": 63.15371238, ""w_18"": 63.353102945, ""w_19"": 63.95442704999999, ""w_20"": 63.342956390000005}"
263,AU3CB0258465,2020-03-06,0,counterfactual,"{""w_0"": 65.101135, ""w_1"": 65.541687, ""w_2"": 65.594398, ""w_3"": 65.223137, ""w_4"": 65.561852, ""w_5"": 65.689934, ""w_6"": 65.928116, ""w_7"": 66.275627, ""w_8"": 66.30603, ""w_9"": 66.239807, ""w_10"": 66.32, ""w_11"": 66.235176, ""w_12"": 65.742104, ""w_13"": 65.429955, ""w_14"": 65.410789, ""w_15"": 65.117439, ""w_16"": 64.588081, ""w_17"": 64.459587, ""w_18"": 63.441372, ""w_19"": 63.153713, ""w_20"": 63.353104}"
264,AU3CB0258465,2020-03-09,0,factual,"{""w_0"": 65.2231361, ""w_1"": 65.5618485, ""w_2"": 65.68993487499999, ""w_3"": 65.928117, ""w_4"": 66.2756248, ""w_5"": 66.30603089, ""w_6"": 66.239809, ""w_7"": 66.3200015, ""w_8"": 66.2351726, ""w_9"": 65.7421056, ""w_10"": 65.429956585, ""w_11"": 65.41079219999999, ""w_12"": 65.1174425, ""w_13"": 64.58808186, ""w_14"": 64.45958462, ""w_15"": 63.44137248, ""w_16"": 63.15371238, ""w_17"": 63.353102945, ""w_18"": 63.95442704999999, ""w_19"": 63.342956390000005, ""w_20"": 62.145003465}"
264,AU3CB0258465,2020-03-09,0,counterfactual,"{""w_0"": 65.709319, ""w_1"": 66.364949, ""w_2"": 65.282625, ""w_3"": 65.993721, ""w_4"": 65.508888, ""w_5"": 66.390559, ""w_6"": 66.048505, ""w_7"": 66.038629, ""w_8"": 66.263573, ""w_9"": 65.876799, ""w_10"": 65.88719, ""w_11"": 65.294578, ""w_12"": 66.270686, ""w_13"": 65.705117, ""w_14"": 65.783455, ""w_15"": 64.96216, ""w_16"": 65.26605, ""w_17"": 65.762904, ""w_18"": 64.918073, ""w_19"": 64.645229, ""w_20"": 63.579002}"
28,100974271034,2020-04-09,0,factual,"{""w_0"": 1.74, ""w_1"": 1.81, ""w_2"": 1.63, ""w_3"": 1.68, ""w_4"": 1.698, ""w_5"": 1.86, ""w_6"": 1.99, ""w_7"": 1.702, ""w_8"": 1.856, ""w_9"": 1.8212, ""w_10"": 1.97, ""w_11"": 1.824, ""w_12"": 1.702, ""w_13"": 1.7, ""w_14"": 1.58, ""w_15"": 1.52, ""w_16"": 1.53, ""w_17"": 1.67, ""w_18"": 1.8, ""w_19"": 1.968, ""w_20"": 1.948}"
28,100974271034,2020-04-09,0,counterfactual,"{""w_0"": 2.0, ""w_1"": 1.7, ""w_2"": 1.7, ""w_3"": 1.6, ""w_4"": 1.7, ""w_5"": 1.7, ""w_6"": 1.9, ""w_7"": 1.9, ""w_8"": 1.6, ""w_9"": 1.6, ""w_10"": 1.9, ""w_11"": 1.8, ""w_12"": 1.6, ""w_13"": 1.8, ""w_14"": 1.6, ""w_15"": 1.6, ""w_16"": 1.5, ""w_17"": 1.5, ""w_18"": 1.5, ""w_19"": 1.8, ""w_20"": 2.0}"
268,AU3CB0258465,2020-03-13,0,factual,"{""w_0"": 66.2756248, ""w_1"": 66.30603089, ""w_2"": 66.239809, ""w_3"": 66.3200015, ""w_4"": 66.2351726, ""w_5"": 65.7421056, ""w_6"": 65.429956585, ""w_7"": 65.41079219999999, ""w_8"": 65.1174425, ""w_9"": 64.58808186, ""w_10"": 64.45958462, ""w_11"": 63.44137248, ""w_12"": 63.15371238, ""w_13"": 63.353102945, ""w_14"": 63.95442704999999, ""w_15"": 63.342956390000005, ""w_16"": 62.145003465, ""w_17"": 61.70017158, ""w_18"": 61.15969559, ""w_19"": 61.143034875000005, ""w_20"": 59.306329440000006}"
268,AU3CB0258465,2020-03-13,0,counterfactual,"{""w_0"": 65.928116, ""w_1"": 66.275627, ""w_2"": 66.30603, ""w_3"": 66.239807, ""w_4"": 66.32, ""w_5"": 66.235176, ""w_6"": 65.742104, ""w_7"": 65.429955, ""w_8"": 65.410789, ""w_9"": 65.117439, ""w_10"": 64.588081, ""w_11"": 64.459587, ""w_12"": 63.441372, ""w_13"": 63.153713, ""w_14"": 63.353104, ""w_15"": 63.954426, ""w_16"": 63.342957, ""w_17"": 62.145004, ""w_18"": 61.700172, ""w_19"": 61.159695, ""w_20"": 61.143036}"
269,AU3CB0258465,2020-03-16,0,factual,"{""w_0"": 66.30603089, ""w_1"": 66.239809, ""w_2"": 66.3200015, ""w_3"": 66.2351726, ""w_4"": 65.7421056, ""w_5"": 65.429956585, ""w_6"": 65.41079219999999, ""w_7"": 65.1174425, ""w_8"": 64.58808186, ""w_9"": 64.45958462, ""w_10"": 63.44137248, ""w_11"": 63.15371238, ""w_12"": 63.353102945, ""w_13"": 63.95442704999999, ""w_14"": 63.342956390000005, ""w_15"": 62.145003465, ""w_16"": 61.70017158, ""w_17"": 61.15969559, ""w_18"": 61.143034875000005, ""w_19"": 59.306329440000006, ""w_20"": 58.60166757}"
269,AU3CB0258465,2020-03-16,0,counterfactual,"{""w_0"": 66.275627, ""w_1"": 66.30603, ""w_2"": 66.239807, ""w_3"": 66.32, ""w_4"": 66.235176, ""w_5"": 65.742104, ""w_6"": 65.429955, ""w_7"": 65.410789, ""w_8"": 65.117439, ""w_9"": 64.588081, ""w_10"": 64.459587, ""w_11"": 63.441372, ""w_12"": 63.153713, ""w_13"": 63.353104, ""w_14"": 63.954426, ""w_15"": 63.342957, ""w_16"": 62.145004, ""w_17"": 61.700172, ""w_18"": 61.159695, ""w_19"": 61.143036, ""w_20"": 59.306328}"
270,AU3CB0258465,2020-03-17,0,factual,"{""w_0"": 66.239809, ""w_1"": 66.3200015, ""w_2"": 66.2351726, ""w_3"": 65.7421056, ""w_4"": 65.429956585, ""w_5"": 65.41079219999999, ""w_6"": 65.1174425, ""w_7"": 64.58808186, ""w_8"": 64.45958462, ""w_9"": 63.44137248, ""w_10"": 63.15371238, ""w_11"": 63.353102945, ""w_12"": 63.95442704999999, ""w_13"": 63.342956390000005, ""w_14"": 62.145003465, ""w_15"": 61.70017158, ""w_16"": 61.15969559, ""w_17"": 61.143034875000005, ""w_18"": 59.306329440000006, ""w_19"": 58.60166757, ""w_20"": 57.86163765}"
270,AU3CB0258465,2020-03-17,0,counterfactual,"{""w_0"": 66.30603, ""w_1"": 66.239807, ""w_2"": 66.32, ""w_3"": 66.235176, ""w_4"": 65.742104, ""w_5"": 65.429955, ""w_6"": 65.410789, ""w_7"": 65.117439, ""w_8"": 64.588081, ""w_9"": 64.459587, ""w_10"": 63.441372, ""w_11"": 63.153713, ""w_12"": 63.353104, ""w_13"": 63.954426, ""w_14"": 63.342957, ""w_15"": 62.145004, ""w_16"": 61.700172, ""w_17"": 61.159695, ""w_18"": 61.143036, ""w_19"": 59.306328, ""w_20"": 58.601669}"
271,AU3CB0258465,2020-03-18,0,factual,"{""w_0"": 66.3200015, ""w_1"": 66.2351726, ""w_2"": 65.7421056, ""w_3"": 65.429956585, ""w_4"": 65.41079219999999, ""w_5"": 65.1174425, ""w_6"": 64.58808186, ""w_7"": 64.45958462, ""w_8"": 63.44137248, ""w_9"": 63.15371238, ""w_10"": 63.353102945, ""w_11"": 63.95442704999999, ""w_12"": 63.342956390000005, ""w_13"": 62.145003465, ""w_14"": 61.70017158, ""w_15"": 61.15969559, ""w_16"": 61.143034875000005, ""w_17"": 59.306329440000006, ""w_18"": 58.60166757, ""w_19"": 57.86163765, ""w_20"": 57.39968931}"
271,AU3CB0258465,2020-03-18,0,counterfactual,"{""w_0"": 66.239807, ""w_1"": 66.32, ""w_2"": 66.235176, ""w_3"": 65.742104, ""w_4"": 65.429955, ""w_5"": 65.410789, ""w_6"": 65.117439, ""w_7"": 64.588081, ""w_8"": 64.459587, ""w_9"": 63.441372, ""w_10"": 63.153713, ""w_11"": 63.353104, ""w_12"": 63.954426, ""w_13"": 63.342957, ""w_14"": 62.145004, ""w_15"": 61.700172, ""w_16"": 61.159695, ""w_17"": 61.143036, ""w_18"": 59.306328, ""w_19"": 58.601669, ""w_20"": 57.861637}"
272,AU3CB0258465,2020-03-19,0,factual,"{""w_0"": 66.2351726, ""w_1"": 65.7421056, ""w_2"": 65.429956585, ""w_3"": 65.41079219999999, ""w_4"": 65.1174425, ""w_5"": 64.58808186, ""w_6"": 64.45958462, ""w_7"": 63.44137248, ""w_8"": 63.15371238, ""w_9"": 63.353102945, ""w_10"": 63.95442704999999, ""w_11"": 63.342956390000005, ""w_12"": 62.145003465, ""w_13"": 61.70017158, ""w_14"": 61.15969559, ""w_15"": 61.143034875000005, ""w_16"": 59.306329440000006, ""w_17"": 58.60166757, ""w_18"": 57.86163765, ""w_19"": 57.39968931, ""w_20"": 56.20145895000001}"
272,AU3CB0258465,2020-03-19,0,counterfactual,"{""w_0"": 66.32, ""w_1"": 66.235176, ""w_2"": 65.742104, ""w_3"": 65.429955, ""w_4"": 65.410789, ""w_5"": 65.117439, ""w_6"": 64.588081, ""w_7"": 64.459587, ""w_8"": 63.441372, ""w_9"": 63.153713, ""w_10"": 63.353104, ""w_11"": 63.954426, ""w_12"": 63.342957, ""w_13"": 62.145004, ""w_14"": 61.700172, ""w_15"": 61.159695, ""w_16"": 61.143036, ""w_17"": 59.306328, ""w_18"": 58.601669, ""w_19"": 57.861637, ""w_20"": 57.399689}"
273,AU3CB0258465,2020-03-20,0,factual,"{""w_0"": 65.7421056, ""w_1"": 65.429956585, ""w_2"": 65.41079219999999, ""w_3"": 65.1174425, ""w_4"": 64.58808186, ""w_5"": 64.45958462, ""w_6"": 63.44137248, ""w_7"": 63.15371238, ""w_8"": 63.353102945, ""w_9"": 63.95442704999999, ""w_10"": 63.342956390000005, ""w_11"": 62.145003465, ""w_12"": 61.70017158, ""w_13"": 61.15969559, ""w_14"": 61.143034875000005, ""w_15"": 59.306329440000006, ""w_16"": 58.60166757, ""w_17"": 57.86163765, ""w_18"": 57.39968931, ""w_19"": 56.20145895000001, ""w_20"": 57.14302188}"
273,AU3CB0258465,2020-03-20,0,counterfactual,"{""w_0"": 66.32, ""w_1"": 66.235176, ""w_2"": 65.742104, ""w_3"": 65.429955, ""w_4"": 65.410789, ""w_5"": 65.117439, ""w_6"": 64.588081, ""w_7"": 64.459587, ""w_8"": 63.441372, ""w_9"": 63.153713, ""w_10"": 63.353104, ""w_11"": 63.954426, ""w_12"": 63.342957, ""w_13"": 62.145004, ""w_14"": 61.700172, ""w_15"": 61.159695, ""w_16"": 61.143036, ""w_17"": 59.306328, ""w_18"": 58.601669, ""w_19"": 57.861637, ""w_20"": 57.399689}"
274,AU3CB0258465,2020-03-23,0,factual,"{""w_0"": 65.429956585, ""w_1"": 65.41079219999999, ""w_2"": 65.1174425, ""w_3"": 64.58808186, ""w_4"": 64.45958462, ""w_5"": 63.44137248, ""w_6"": 63.15371238, ""w_7"": 63.353102945, ""w_8"": 63.95442704999999, ""w_9"": 63.342956390000005, ""w_10"": 62.145003465, ""w_11"": 61.70017158, ""w_12"": 61.15969559, ""w_13"": 61.143034875000005, ""w_14"": 59.306329440000006, ""w_15"": 58.60166757, ""w_16"": 57.86163765, ""w_17"": 57.39968931, ""w_18"": 56.20145895000001, ""w_19"": 57.14302188, ""w_20"": 57.09707253}"
274,AU3CB0258465,2020-03-23,0,counterfactual,"{""w_0"": 65.742104, ""w_1"": 65.429955, ""w_2"": 65.410789, ""w_3"": 65.117439, ""w_4"": 64.588081, ""w_5"": 64.459587, ""w_6"": 63.441372, ""w_7"": 63.153713, ""w_8"": 63.353104, ""w_9"": 63.954426, ""w_10"": 63.342957, ""w_11"": 62.145004, ""w_12"": 61.700172, ""w_13"": 61.159695, ""w_14"": 61.143036, ""w_15"": 59.306328, ""w_16"": 58.601669, ""w_17"": 57.861637, ""w_18"": 57.399689, ""w_19"": 56.201458, ""w_20"": 57.143021}"
275,AU3CB0258465,2020-03-24,0,factual,"{""w_0"": 65.41079219999999, ""w_1"": 65.1174425, ""w_2"": 64.58808186, ""w_3"": 64.45958462, ""w_4"": 63.44137248, ""w_5"": 63.15371238, ""w_6"": 63.353102945, ""w_7"": 63.95442704999999, ""w_8"": 63.342956390000005, ""w_9"": 62.145003465, ""w_10"": 61.70017158, ""w_11"": 61.15969559, ""w_12"": 61.143034875000005, ""w_13"": 59.306329440000006, ""w_14"": 58.60166757, ""w_15"": 57.86163765, ""w_16"": 57.39968931, ""w_17"": 56.20145895000001, ""w_18"": 57.14302188, ""w_19"": 57.09707253, ""w_20"": 57.752016975}"
275,AU3CB0258465,2020-03-24,0,counterfactual,"{""w_0"": 65.429955, ""w_1"": 65.410789, ""w_2"": 65.117439, ""w_3"": 64.588081, ""w_4"": 64.459587, ""w_5"": 63.441372, ""w_6"": 63.153713, ""w_7"": 63.353104, ""w_8"": 63.954426, ""w_9"": 63.342957, ""w_10"": 62.145004, ""w_11"": 61.700172, ""w_12"": 61.159695, ""w_13"": 61.143036, ""w_14"": 59.306328, ""w_15"": 58.601669, ""w_16"": 57.861637, ""w_17"": 57.399689, ""w_18"": 56.201458, ""w_19"": 57.143021, ""w_20"": 57.097073}"
276,AU3CB0258465,2020-03-25,0,factual,"{""w_0"": 65.1174425, ""w_1"": 64.58808186, ""w_2"": 64.45958462, ""w_3"": 63.44137248, ""w_4"": 63.15371238, ""w_5"": 63.353102945, ""w_6"": 63.95442704999999, ""w_7"": 63.342956390000005, ""w_8"": 62.145003465, ""w_9"": 61.70017158, ""w_10"": 61.15969559, ""w_11"": 61.143034875000005, ""w_12"": 59.306329440000006, ""w_13"": 58.60166757, ""w_14"": 57.86163765, ""w_15"": 57.39968931, ""w_16"": 56.20145895000001, ""w_17"": 57.14302188, ""w_18"": 57.09707253, ""w_19"": 57.752016975, ""w_20"": 58.427818639}"
276,AU3CB0258465,2020-03-25,0,counterfactual,"{""w_0"": 64.768974, ""w_1"": 64.768974, ""w_2"": 64.588081, ""w_3"": 64.459587, ""w_4"": 63.441372, ""w_5"": 63.153713, ""w_6"": 63.153713, ""w_7"": 63.153713, ""w_8"": 63.153713, ""w_9"": 62.145004, ""w_10"": 61.700172, ""w_11"": 61.159695, ""w_12"": 61.143036, ""w_13"": 59.306328, ""w_14"": 58.601669, ""w_15"": 57.861637, ""w_16"": 57.399689, ""w_17"": 56.201458, ""w_18"": 57.143021, ""w_19"": 56.201458, ""w_20"": 56.201458}"
277,AU3CB0258465,2020-03-26,0,factual,"{""w_0"": 64.58808186, ""w_1"": 64.45958462, ""w_2"": 63.44137248, ""w_3"": 63.15371238, ""w_4"": 63.353102945, ""w_5"": 63.95442704999999, ""w_6"": 63.342956390000005, ""w_7"": 62.145003465, ""w_8"": 61.70017158, ""w_9"": 61.15969559, ""w_10"": 61.143034875000005, ""w_11"": 59.306329440000006, ""w_12"": 58.60166757, ""w_13"": 57.86163765, ""w_14"": 57.39968931, ""w_15"": 56.20145895000001, ""w_16"": 57.14302188, ""w_17"": 57.09707253, ""w_18"": 57.752016975, ""w_19"": 58.427818639, ""w_20"": 57.350884864}"
277,AU3CB0258465,2020-03-26,0,counterfactual,"{""w_0"": 64.768974, ""w_1"": 64.588081, ""w_2"": 64.459587, ""w_3"": 63.441372, ""w_4"": 63.153713, ""w_5"": 63.153713, ""w_6"": 63.441372, ""w_7"": 63.153713, ""w_8"": 62.145004, ""w_9"": 61.700172, ""w_10"": 61.159695, ""w_11"": 61.143036, ""w_12"": 59.306328, ""w_13"": 58.601669, ""w_14"": 57.861637, ""w_15"": 57.399689, ""w_16"": 56.201458, ""w_17"": 57.399689, ""w_18"": 56.201458, ""w_19"": 56.201458, ""w_20"": 56.201458}"
278,AU3CB0258465,2020-03-27,0,factual,"{""w_0"": 64.45958462, ""w_1"": 63.44137248, ""w_2"": 63.15371238, ""w_3"": 63.353102945, ""w_4"": 63.95442704999999, ""w_5"": 63.342956390000005, ""w_6"": 62.145003465, ""w_7"": 61.70017158, ""w_8"": 61.15969559, ""w_9"": 61.143034875000005, ""w_10"": 59.306329440000006, ""w_11"": 58.60166757, ""w_12"": 57.86163765, ""w_13"": 57.39968931, ""w_14"": 56.20145895000001, ""w_15"": 57.14302188, ""w_16"": 57.09707253, ""w_17"": 57.752016975, ""w_18"": 58.427818639, ""w_19"": 57.350884864, ""w_20"": 58.21312483}"
278,AU3CB0258465,2020-03-27,0,counterfactual,"{""w_0"": 65.429955, ""w_1"": 65.410789, ""w_2"": 65.117439, ""w_3"": 64.588081, ""w_4"": 64.459587, ""w_5"": 63.441372, ""w_6"": 63.153713, ""w_7"": 63.353104, ""w_8"": 63.954426, ""w_9"": 63.342957, ""w_10"": 62.145004, ""w_11"": 61.700172, ""w_12"": 61.159695, ""w_13"": 61.143036, ""w_14"": 59.306328, ""w_15"": 58.601669, ""w_16"": 57.861637, ""w_17"": 57.399689, ""w_18"": 56.201458, ""w_19"": 57.143021, ""w_20"": 57.097073}"
279,AU3CB0258465,2020-03-30,0,factual,"{""w_0"": 63.44137248, ""w_1"": 63.15371238, ""w_2"": 63.353102945, ""w_3"": 63.95442704999999, ""w_4"": 63.342956390000005, ""w_5"": 62.145003465, ""w_6"": 61.70017158, ""w_7"": 61.15969559, ""w_8"": 61.143034875000005, ""w_9"": 59.306329440000006, ""w_10"": 58.60166757, ""w_11"": 57.86163765, ""w_12"": 57.39968931, ""w_13"": 56.20145895000001, ""w_14"": 57.14302188, ""w_15"": 57.09707253, ""w_16"": 57.752016975, ""w_17"": 58.427818639, ""w_18"": 57.350884864, ""w_19"": 58.21312483, ""w_20"": 58.696317435000005}"
279,AU3CB0258465,2020-03-30,0,counterfactual,"{""w_0"": 64.459587, ""w_1"": 63.441372, ""w_2"": 63.153713, ""w_3"": 63.353104, ""w_4"": 63.954426, ""w_5"": 63.342957, ""w_6"": 62.145004, ""w_7"": 61.700172, ""w_8"": 61.159695, ""w_9"": 61.143036, ""w_10"": 59.306328, ""w_11"": 58.601669, ""w_12"": 57.861637, ""w_13"": 57.399689, ""w_14"": 56.201458, ""w_15"": 57.143021, ""w_16"": 57.097073, ""w_17"": 57.752018, ""w_18"": 58.427818, ""w_19"": 57.350883, ""w_20"": 58.213123}"
280,AU3CB0258465,2020-03-31,0,factual,"{""w_0"": 63.15371238, ""w_1"": 63.353102945, ""w_2"": 63.95442704999999, ""w_3"": 63.342956390000005, ""w_4"": 62.145003465, ""w_5"": 61.70017158, ""w_6"": 61.15969559, ""w_7"": 61.143034875000005, ""w_8"": 59.306329440000006, ""w_9"": 58.60166757, ""w_10"": 57.86163765, ""w_11"": 57.39968931, ""w_12"": 56.20145895000001, ""w_13"": 57.14302188, ""w_14"": 57.09707253, ""w_15"": 57.752016975, ""w_16"": 58.427818639, ""w_17"": 57.350884864, ""w_18"": 58.21312483, ""w_19"": 58.696317435000005, ""w_20"": 59.16987222}"
280,AU3CB0258465,2020-03-31,0,counterfactual,"{""w_0"": 66.275627, ""w_1"": 66.30603, ""w_2"": 66.239807, ""w_3"": 66.32, ""w_4"": 66.235176, ""w_5"": 65.742104, ""w_6"": 65.429955, ""w_7"": 65.410789, ""w_8"": 65.117439, ""w_9"": 64.588081, ""w_10"": 64.459587, ""w_11"": 63.441372, ""w_12"": 63.153713, ""w_13"": 63.353104, ""w_14"": 63.954426, ""w_15"": 63.342957, ""w_16"": 62.145004, ""w_17"": 61.700172, ""w_18"": 61.159695, ""w_19"": 61.143036, ""w_20"": 59.306328}"
281,AU3CB0258465,2020-04-01,0,factual,"{""w_0"": 63.353102945, ""w_1"": 63.95442704999999, ""w_2"": 63.342956390000005, ""w_3"": 62.145003465, ""w_4"": 61.70017158, ""w_5"": 61.15969559, ""w_6"": 61.143034875000005, ""w_7"": 59.306329440000006, ""w_8"": 58.60166757, ""w_9"": 57.86163765, ""w_10"": 57.39968931, ""w_11"": 56.20145895000001, ""w_12"": 57.14302188, ""w_13"": 57.09707253, ""w_14"": 57.752016975, ""w_15"": 58.427818639, ""w_16"": 57.350884864, ""w_17"": 58.21312483, ""w_18"": 58.696317435000005, ""w_19"": 59.16987222, ""w_20"": 58.9174742}"
281,AU3CB0258465,2020-04-01,0,counterfactual,"{""w_0"": 63.153713, ""w_1"": 63.353104, ""w_2"": 63.954426, ""w_3"": 63.342957, ""w_4"": 62.145004, ""w_5"": 61.700172, ""w_6"": 61.159695, ""w_7"": 61.143036, ""w_8"": 59.306328, ""w_9"": 58.601669, ""w_10"": 57.861637, ""w_11"": 57.399689, ""w_12"": 56.201458, ""w_13"": 57.143021, ""w_14"": 57.097073, ""w_15"": 57.752018, ""w_16"": 58.427818, ""w_17"": 57.350883, ""w_18"": 58.213123, ""w_19"": 58.696316, ""w_20"": 59.169872}"
282,AU3CB0258465,2020-04-02,0,factual,"{""w_0"": 63.95442704999999, ""w_1"": 63.342956390000005, ""w_2"": 62.145003465, ""w_3"": 61.70017158, ""w_4"": 61.15969559, ""w_5"": 61.143034875000005, ""w_6"": 59.306329440000006, ""w_7"": 58.60166757, ""w_8"": 57.86163765, ""w_9"": 57.39968931, ""w_10"": 56.20145895000001, ""w_11"": 57.14302188, ""w_12"": 57.09707253, ""w_13"": 57.752016975, ""w_14"": 58.427818639, ""w_15"": 57.350884864, ""w_16"": 58.21312483, ""w_17"": 58.696317435000005, ""w_18"": 59.16987222, ""w_19"": 58.9174742, ""w_20"": 58.840924}"
282,AU3CB0258465,2020-04-02,0,counterfactual,"{""w_0"": 63.153713, ""w_1"": 63.153713, ""w_2"": 63.153713, ""w_3"": 62.145004, ""w_4"": 61.700172, ""w_5"": 61.159695, ""w_6"": 61.143036, ""w_7"": 59.306328, ""w_8"": 58.601669, ""w_9"": 57.861637, ""w_10"": 57.399689, ""w_11"": 56.201458, ""w_12"": 57.399689, ""w_13"": 56.201458, ""w_14"": 56.201458, ""w_15"": 56.201458, ""w_16"": 56.201458, ""w_17"": 56.201458, ""w_18"": 56.201458, ""w_19"": 56.201458, ""w_20"": 56.201458}"
283,AU3CB0258465,2020-04-03,0,factual,"{""w_0"": 63.342956390000005, ""w_1"": 62.145003465, ""w_2"": 61.70017158, ""w_3"": 61.15969559, ""w_4"": 61.143034875000005, ""w_5"": 59.306329440000006, ""w_6"": 58.60166757, ""w_7"": 57.86163765, ""w_8"": 57.39968931, ""w_9"": 56.20145895000001, ""w_10"": 57.14302188, ""w_11"": 57.09707253, ""w_12"": 57.752016975, ""w_13"": 58.427818639, ""w_14"": 57.350884864, ""w_15"": 58.21312483, ""w_16"": 58.696317435000005, ""w_17"": 59.16987222, ""w_18"": 58.9174742, ""w_19"": 58.840924, ""w_20"": 59.39205799999999}"
283,AU3CB0258465,2020-04-03,0,counterfactual,"{""w_0"": 65.928116, ""w_1"": 66.275627, ""w_2"": 66.30603, ""w_3"": 66.239807, ""w_4"": 66.32, ""w_5"": 66.235176, ""w_6"": 65.742104, ""w_7"": 65.429955, ""w_8"": 65.410789, ""w_9"": 65.117439, ""w_10"": 64.588081, ""w_11"": 64.459587, ""w_12"": 63.441372, ""w_13"": 63.153713, ""w_14"": 63.353104, ""w_15"": 63.954426, ""w_16"": 63.342957, ""w_17"": 62.145004, ""w_18"": 61.700172, ""w_19"": 61.159695, ""w_20"": 61.143036}"
284,AU3CB0258465,2020-04-06,0,factual,"{""w_0"": 62.145003465, ""w_1"": 61.70017158, ""w_2"": 61.15969559, ""w_3"": 61.143034875000005, ""w_4"": 59.306329440000006, ""w_5"": 58.60166757, ""w_6"": 57.86163765, ""w_7"": 57.39968931, ""w_8"": 56.20145895000001, ""w_9"": 57.14302188, ""w_10"": 57.09707253, ""w_11"": 57.752016975, ""w_12"": 58.427818639, ""w_13"": 57.350884864, ""w_14"": 58.21312483, ""w_15"": 58.696317435000005, ""w_16"": 59.16987222, ""w_17"": 58.9174742, ""w_18"": 58.840924, ""w_19"": 59.39205799999999, ""w_20"": 58.94390512000001}"
284,AU3CB0258465,2020-04-06,0,counterfactual,"{""w_0"": 65.689934, ""w_1"": 65.928116, ""w_2"": 66.275627, ""w_3"": 66.30603, ""w_4"": 66.239807, ""w_5"": 66.32, ""w_6"": 66.235176, ""w_7"": 65.742104, ""w_8"": 65.429955, ""w_9"": 65.410789, ""w_10"": 65.117439, ""w_11"": 64.588081, ""w_12"": 64.459587, ""w_13"": 63.441372, ""w_14"": 63.153713, ""w_15"": 63.353104, ""w_16"": 63.954426, ""w_17"": 63.342957, ""w_18"": 62.145004, ""w_19"": 61.700172, ""w_20"": 61.159695}"
285,AU3CB0258465,2020-04-07,0,factual,"{""w_0"": 61.70017158, ""w_1"": 61.15969559, ""w_2"": 61.143034875000005, ""w_3"": 59.306329440000006, ""w_4"": 58.60166757, ""w_5"": 57.86163765, ""w_6"": 57.39968931, ""w_7"": 56.20145895000001, ""w_8"": 57.14302188, ""w_9"": 57.09707253, ""w_10"": 57.752016975, ""w_11"": 58.427818639, ""w_12"": 57.350884864, ""w_13"": 58.21312483, ""w_14"": 58.696317435000005, ""w_15"": 59.16987222, ""w_16"": 58.9174742, ""w_17"": 58.840924, ""w_18"": 59.39205799999999, ""w_19"": 58.94390512000001, ""w_20"": 60.201567225}"
285,AU3CB0258465,2020-04-07,0,counterfactual,"{""w_0"": 62.145004, ""w_1"": 61.700172, ""w_2"": 61.159695, ""w_3"": 61.143036, ""w_4"": 59.306328, ""w_5"": 58.601669, ""w_6"": 57.861637, ""w_7"": 57.399689, ""w_8"": 56.201458, ""w_9"": 57.143021, ""w_10"": 57.097073, ""w_11"": 57.752018, ""w_12"": 58.427818, ""w_13"": 57.350883, ""w_14"": 58.213123, ""w_15"": 58.696316, ""w_16"": 59.169872, ""w_17"": 58.917473, ""w_18"": 58.840923, ""w_19"": 59.392059, ""w_20"": 58.943905}"
286,AU3CB0258465,2020-04-08,0,factual,"{""w_0"": 61.15969559, ""w_1"": 61.143034875000005, ""w_2"": 59.306329440000006, ""w_3"": 58.60166757, ""w_4"": 57.86163765, ""w_5"": 57.39968931, ""w_6"": 56.20145895000001, ""w_7"": 57.14302188, ""w_8"": 57.09707253, ""w_9"": 57.752016975, ""w_10"": 58.427818639, ""w_11"": 57.350884864, ""w_12"": 58.21312483, ""w_13"": 58.696317435000005, ""w_14"": 59.16987222, ""w_15"": 58.9174742, ""w_16"": 58.840924, ""w_17"": 59.39205799999999, ""w_18"": 58.94390512000001, ""w_19"": 60.201567225, ""w_20"": 60.01380842499999}"
286,AU3CB0258465,2020-04-08,0,counterfactual,"{""w_0"": 63.342957, ""w_1"": 62.145004, ""w_2"": 61.700172, ""w_3"": 61.159695, ""w_4"": 61.143036, ""w_5"": 59.306328, ""w_6"": 58.601669, ""w_7"": 57.861637, ""w_8"": 57.399689, ""w_9"": 56.201458, ""w_10"": 57.143021, ""w_11"": 57.097073, ""w_12"": 57.752018, ""w_13"": 58.427818, ""w_14"": 57.350883, ""w_15"": 58.213123, ""w_16"": 58.696316, ""w_17"": 59.169872, ""w_18"": 58.917473, ""w_19"": 58.840923, ""w_20"": 59.392059}"
288,AU3CB0258465,2020-04-10,0,factual,"{""w_0"": 59.306329440000006, ""w_1"": 58.60166757, ""w_2"": 57.86163765, ""w_3"": 57.39968931, ""w_4"": 56.20145895000001, ""w_5"": 57.14302188, ""w_6"": 57.09707253, ""w_7"": 57.752016975, ""w_8"": 58.427818639, ""w_9"": 57.350884864, ""w_10"": 58.21312483, ""w_11"": 58.696317435000005, ""w_12"": 59.16987222, ""w_13"": 58.9174742, ""w_14"": 58.840924, ""w_15"": 59.39205799999999, ""w_16"": 58.94390512000001, ""w_17"": 60.201567225, ""w_18"": 60.01380842499999, ""w_19"": 61.090544025, ""w_20"": 61.605032286}"
288,AU3CB0258465,2020-04-10,0,counterfactual,"{""w_0"": 61.143036, ""w_1"": 59.306328, ""w_2"": 58.601669, ""w_3"": 57.861637, ""w_4"": 57.399689, ""w_5"": 56.201458, ""w_6"": 57.143021, ""w_7"": 57.097073, ""w_8"": 57.752018, ""w_9"": 58.427818, ""w_10"": 57.350883, ""w_11"": 58.213123, ""w_12"": 58.696316, ""w_13"": 59.169872, ""w_14"": 58.917473, ""w_15"": 58.840923, ""w_16"": 59.392059, ""w_17"": 58.943905, ""w_18"": 60.201569, ""w_19"": 60.013809, ""w_20"": 61.090546}"
289,AU3CB0258465,2020-04-13,0,factual,"{""w_0"": 58.60166757, ""w_1"": 57.86163765, ""w_2"": 57.39968931, ""w_3"": 56.20145895000001, ""w_4"": 57.14302188, ""w_5"": 57.09707253, ""w_6"": 57.752016975, ""w_7"": 58.427818639, ""w_8"": 57.350884864, ""w_9"": 58.21312483, ""w_10"": 58.696317435000005, ""w_11"": 59.16987222, ""w_12"": 58.9174742, ""w_13"": 58.840924, ""w_14"": 59.39205799999999, ""w_15"": 58.94390512000001, ""w_16"": 60.201567225, ""w_17"": 60.01380842499999, ""w_18"": 61.090544025, ""w_19"": 61.605032286, ""w_20"": 61.605692078}"
289,AU3CB0258465,2020-04-13,0,counterfactual,"{""w_0"": 59.306328, ""w_1"": 58.601669, ""w_2"": 57.861637, ""w_3"": 57.399689, ""w_4"": 56.201458, ""w_5"": 57.143021, ""w_6"": 57.097073, ""w_7"": 57.752018, ""w_8"": 58.427818, ""w_9"": 57.350883, ""w_10"": 58.213123, ""w_11"": 58.696316, ""w_12"": 59.169872, ""w_13"": 58.917473, ""w_14"": 58.840923, ""w_15"": 59.392059, ""w_16"": 58.943905, ""w_17"": 60.201569, ""w_18"": 60.013809, ""w_19"": 61.090546, ""w_20"": 61.605034}"
290,AU3CB0258465,2020-04-14,0,factual,"{""w_0"": 57.86163765, ""w_1"": 57.39968931, ""w_2"": 56.20145895000001, ""w_3"": 57.14302188, ""w_4"": 57.09707253, ""w_5"": 57.752016975, ""w_6"": 58.427818639, ""w_7"": 57.350884864, ""w_8"": 58.21312483, ""w_9"": 58.696317435000005, ""w_10"": 59.16987222, ""w_11"": 58.9174742, ""w_12"": 58.840924, ""w_13"": 59.39205799999999, ""w_14"": 58.94390512000001, ""w_15"": 60.201567225, ""w_16"": 60.01380842499999, ""w_17"": 61.090544025, ""w_18"": 61.605032286, ""w_19"": 61.605692078, ""w_20"": 62.57790993}"
290,AU3CB0258465,2020-04-14,0,counterfactual,"{""w_0"": 59.306328, ""w_1"": 58.601669, ""w_2"": 57.861637, ""w_3"": 57.399689, ""w_4"": 56.201458, ""w_5"": 57.143021, ""w_6"": 57.097073, ""w_7"": 57.752018, ""w_8"": 58.427818, ""w_9"": 57.350883, ""w_10"": 58.213123, ""w_11"": 58.696316, ""w_12"": 59.169872, ""w_13"": 58.917473, ""w_14"": 58.840923, ""w_15"": 59.392059, ""w_16"": 58.943905, ""w_17"": 60.201569, ""w_18"": 60.013809, ""w_19"": 61.090546, ""w_20"": 61.605034}"
292,AU3CB0258465,2020-04-16,0,factual,"{""w_0"": 56.20145895000001, ""w_1"": 57.14302188, ""w_2"": 57.09707253, ""w_3"": 57.752016975, ""w_4"": 58.427818639, ""w_5"": 57.350884864, ""w_6"": 58.21312483, ""w_7"": 58.696317435000005, ""w_8"": 59.16987222, ""w_9"": 58.9174742, ""w_10"": 58.840924, ""w_11"": 59.39205799999999, ""w_12"": 58.94390512000001, ""w_13"": 60.201567225, ""w_14"": 60.01380842499999, ""w_15"": 61.090544025, ""w_16"": 61.605032286, ""w_17"": 61.605692078, ""w_18"": 62.57790993, ""w_19"": 62.73551372000001, ""w_20"": 61.77734008333332}"
292,AU3CB0258465,2020-04-16,0,counterfactual,"{""w_0"": 57.399689, ""w_1"": 56.201458, ""w_2"": 57.143021, ""w_3"": 57.097073, ""w_4"": 57.752018, ""w_5"": 58.427818, ""w_6"": 57.350883, ""w_7"": 58.213123, ""w_8"": 58.696316, ""w_9"": 59.169872, ""w_10"": 58.917473, ""w_11"": 58.840923, ""w_12"": 59.392059, ""w_13"": 58.943905, ""w_14"": 60.201569, ""w_15"": 60.013809, ""w_16"": 61.090546, ""w_17"": 61.605034, ""w_18"": 61.605694, ""w_19"": 62.577911, ""w_20"": 62.735516}"
291,AU3CB0258465,2020-04-15,0,factual,"{""w_0"": 57.39968931, ""w_1"": 56.20145895000001, ""w_2"": 57.14302188, ""w_3"": 57.09707253, ""w_4"": 57.752016975, ""w_5"": 58.427818639, ""w_6"": 57.350884864, ""w_7"": 58.21312483, ""w_8"": 58.696317435000005, ""w_9"": 59.16987222, ""w_10"": 58.9174742, ""w_11"": 58.840924, ""w_12"": 59.39205799999999, ""w_13"": 58.94390512000001, ""w_14"": 60.201567225, ""w_15"": 60.01380842499999, ""w_16"": 61.090544025, ""w_17"": 61.605032286, ""w_18"": 61.605692078, ""w_19"": 62.57790993, ""w_20"": 62.73551372000001}"
291,AU3CB0258465,2020-04-15,0,counterfactual,"{""w_0"": 57.861637, ""w_1"": 57.399689, ""w_2"": 56.201458, ""w_3"": 57.143021, ""w_4"": 57.097073, ""w_5"": 57.752018, ""w_6"": 58.427818, ""w_7"": 57.350883, ""w_8"": 58.213123, ""w_9"": 58.696316, ""w_10"": 59.169872, ""w_11"": 58.917473, ""w_12"": 58.840923, ""w_13"": 59.392059, ""w_14"": 58.943905, ""w_15"": 60.201569, ""w_16"": 60.013809, ""w_17"": 61.090546, ""w_18"": 61.605034, ""w_19"": 61.605694, ""w_20"": 62.577911}"
293,AU3CB0258465,2020-04-17,0,factual,"{""w_0"": 57.14302188, ""w_1"": 57.09707253, ""w_2"": 57.752016975, ""w_3"": 58.427818639, ""w_4"": 57.350884864, ""w_5"": 58.21312483, ""w_6"": 58.696317435000005, ""w_7"": 59.16987222, ""w_8"": 58.9174742, ""w_9"": 58.840924, ""w_10"": 59.39205799999999, ""w_11"": 58.94390512000001, ""w_12"": 60.201567225, ""w_13"": 60.01380842499999, ""w_14"": 61.090544025, ""w_15"": 61.605032286, ""w_16"": 61.605692078, ""w_17"": 62.57790993, ""w_18"": 62.73551372000001, ""w_19"": 61.77734008333332, ""w_20"": 62.90398080000001}"
293,AU3CB0258465,2020-04-17,0,counterfactual,"{""w_0"": 56.201458, ""w_1"": 57.143021, ""w_2"": 57.097073, ""w_3"": 57.752018, ""w_4"": 58.427818, ""w_5"": 57.350883, ""w_6"": 58.213123, ""w_7"": 58.696316, ""w_8"": 59.169872, ""w_9"": 58.917473, ""w_10"": 58.840923, ""w_11"": 59.392059, ""w_12"": 58.943905, ""w_13"": 60.201569, ""w_14"": 60.013809, ""w_15"": 61.090546, ""w_16"": 61.605034, ""w_17"": 61.605694, ""w_18"": 62.577911, ""w_19"": 62.735516, ""w_20"": 61.77734}"
294,AU3CB0258465,2020-04-20,0,factual,"{""w_0"": 57.09707253, ""w_1"": 57.752016975, ""w_2"": 58.427818639, ""w_3"": 57.350884864, ""w_4"": 58.21312483, ""w_5"": 58.696317435000005, ""w_6"": 59.16987222, ""w_7"": 58.9174742, ""w_8"": 58.840924, ""w_9"": 59.39205799999999, ""w_10"": 58.94390512000001, ""w_11"": 60.201567225, ""w_12"": 60.01380842499999, ""w_13"": 61.090544025, ""w_14"": 61.605032286, ""w_15"": 61.605692078, ""w_16"": 62.57790993, ""w_17"": 62.73551372000001, ""w_18"": 61.77734008333332, ""w_19"": 62.90398080000001, ""w_20"": 62.69397508}"
294,AU3CB0258465,2020-04-20,0,counterfactual,"{""w_0"": 57.143021, ""w_1"": 57.097073, ""w_2"": 57.752018, ""w_3"": 58.427818, ""w_4"": 57.350883, ""w_5"": 58.213123, ""w_6"": 58.696316, ""w_7"": 59.169872, ""w_8"": 58.917473, ""w_9"": 58.840923, ""w_10"": 59.392059, ""w_11"": 58.943905, ""w_12"": 60.201569, ""w_13"": 60.013809, ""w_14"": 61.090546, ""w_15"": 61.605034, ""w_16"": 61.605694, ""w_17"": 62.577911, ""w_18"": 62.735516, ""w_19"": 61.77734, ""w_20"": 62.90398}"
295,AU3CB0258465,2020-04-21,0,factual,"{""w_0"": 57.752016975, ""w_1"": 58.427818639, ""w_2"": 57.350884864, ""w_3"": 58.21312483, ""w_4"": 58.696317435000005, ""w_5"": 59.16987222, ""w_6"": 58.9174742, ""w_7"": 58.840924, ""w_8"": 59.39205799999999, ""w_9"": 58.94390512000001, ""w_10"": 60.201567225, ""w_11"": 60.01380842499999, ""w_12"": 61.090544025, ""w_13"": 61.605032286, ""w_14"": 61.605692078, ""w_15"": 62.57790993, ""w_16"": 62.73551372000001, ""w_17"": 61.77734008333332, ""w_18"": 62.90398080000001, ""w_19"": 62.69397508, ""w_20"": 62.764405875}"
295,AU3CB0258465,2020-04-21,0,counterfactual,"{""w_0"": 57.097073, ""w_1"": 57.752018, ""w_2"": 58.427818, ""w_3"": 57.350883, ""w_4"": 58.213123, ""w_5"": 58.696316, ""w_6"": 59.169872, ""w_7"": 58.917473, ""w_8"": 58.840923, ""w_9"": 59.392059, ""w_10"": 58.943905, ""w_11"": 60.201569, ""w_12"": 60.013809, ""w_13"": 61.090546, ""w_14"": 61.605034, ""w_15"": 61.605694, ""w_16"": 62.577911, ""w_17"": 62.735516, ""w_18"": 61.77734, ""w_19"": 62.90398, ""w_20"": 62.693974}"
297,AU3CB0258465,2020-04-23,0,factual,"{""w_0"": 57.350884864, ""w_1"": 58.21312483, ""w_2"": 58.696317435000005, ""w_3"": 59.16987222, ""w_4"": 58.9174742, ""w_5"": 58.840924, ""w_6"": 59.39205799999999, ""w_7"": 58.94390512000001, ""w_8"": 60.201567225, ""w_9"": 60.01380842499999, ""w_10"": 61.090544025, ""w_11"": 61.605032286, ""w_12"": 61.605692078, ""w_13"": 62.57790993, ""w_14"": 62.73551372000001, ""w_15"": 61.77734008333332, ""w_16"": 62.90398080000001, ""w_17"": 62.69397508, ""w_18"": 62.764405875, ""w_19"": 62.23066376, ""w_20"": 62.50880950999999}"
297,AU3CB0258465,2020-04-23,0,counterfactual,"{""w_0"": 58.427818, ""w_1"": 57.350883, ""w_2"": 58.213123, ""w_3"": 58.696316, ""w_4"": 59.169872, ""w_5"": 58.917473, ""w_6"": 58.840923, ""w_7"": 59.392059, ""w_8"": 58.943905, ""w_9"": 60.201569, ""w_10"": 60.013809, ""w_11"": 61.090546, ""w_12"": 61.605034, ""w_13"": 61.605694, ""w_14"": 62.577911, ""w_15"": 62.735516, ""w_16"": 61.77734, ""w_17"": 62.90398, ""w_18"": 62.693974, ""w_19"": 62.764404, ""w_20"": 62.230663}"
296,AU3CB0258465,2020-04-22,0,factual,"{""w_0"": 58.427818639, ""w_1"": 57.350884864, ""w_2"": 58.21312483, ""w_3"": 58.696317435000005, ""w_4"": 59.16987222, ""w_5"": 58.9174742, ""w_6"": 58.840924, ""w_7"": 59.39205799999999, ""w_8"": 58.94390512000001, ""w_9"": 60.201567225, ""w_10"": 60.01380842499999, ""w_11"": 61.090544025, ""w_12"": 61.605032286, ""w_13"": 61.605692078, ""w_14"": 62.57790993, ""w_15"": 62.73551372000001, ""w_16"": 61.77734008333332, ""w_17"": 62.90398080000001, ""w_18"": 62.69397508, ""w_19"": 62.764405875, ""w_20"": 62.23066376}"
296,AU3CB0258465,2020-04-22,0,counterfactual,"{""w_0"": 57.752018, ""w_1"": 58.427818, ""w_2"": 57.350883, ""w_3"": 58.213123, ""w_4"": 58.696316, ""w_5"": 59.169872, ""w_6"": 58.917473, ""w_7"": 58.840923, ""w_8"": 59.392059, ""w_9"": 58.943905, ""w_10"": 60.201569, ""w_11"": 60.013809, ""w_12"": 61.090546, ""w_13"": 61.605034, ""w_14"": 61.605694, ""w_15"": 62.577911, ""w_16"": 62.735516, ""w_17"": 61.77734, ""w_18"": 62.90398, ""w_19"": 62.693974, ""w_20"": 62.764404}"
298,AU3CB0258465,2020-04-24,0,factual,"{""w_0"": 58.21312483, ""w_1"": 58.696317435000005, ""w_2"": 59.16987222, ""w_3"": 58.9174742, ""w_4"": 58.840924, ""w_5"": 59.39205799999999, ""w_6"": 58.94390512000001, ""w_7"": 60.201567225, ""w_8"": 60.01380842499999, ""w_9"": 61.090544025, ""w_10"": 61.605032286, ""w_11"": 61.605692078, ""w_12"": 62.57790993, ""w_13"": 62.73551372000001, ""w_14"": 61.77734008333332, ""w_15"": 62.90398080000001, ""w_16"": 62.69397508, ""w_17"": 62.764405875, ""w_18"": 62.23066376, ""w_19"": 62.50880950999999, ""w_20"": 63.518781700000005}"
298,AU3CB0258465,2020-04-24,0,counterfactual,"{""w_0"": 57.350883, ""w_1"": 58.213123, ""w_2"": 58.696316, ""w_3"": 59.169872, ""w_4"": 58.917473, ""w_5"": 58.840923, ""w_6"": 59.392059, ""w_7"": 58.943905, ""w_8"": 60.201569, ""w_9"": 60.013809, ""w_10"": 61.090546, ""w_11"": 61.605034, ""w_12"": 61.605694, ""w_13"": 62.577911, ""w_14"": 62.735516, ""w_15"": 61.77734, ""w_16"": 62.90398, ""w_17"": 62.693974, ""w_18"": 62.764404, ""w_19"": 62.230663, ""w_20"": 62.508808}"
300,AU3CB0258465,2020-04-28,0,factual,"{""w_0"": 59.16987222, ""w_1"": 58.9174742, ""w_2"": 58.840924, ""w_3"": 59.39205799999999, ""w_4"": 58.94390512000001, ""w_5"": 60.201567225, ""w_6"": 60.01380842499999, ""w_7"": 61.090544025, ""w_8"": 61.605032286, ""w_9"": 61.605692078, ""w_10"": 62.57790993, ""w_11"": 62.73551372000001, ""w_12"": 61.77734008333332, ""w_13"": 62.90398080000001, ""w_14"": 62.69397508, ""w_15"": 62.764405875, ""w_16"": 62.23066376, ""w_17"": 62.50880950999999, ""w_18"": 63.518781700000005, ""w_19"": 63.42041065, ""w_20"": 63.96441624}"
300,AU3CB0258465,2020-04-28,0,counterfactual,"{""w_0"": 58.213123, ""w_1"": 58.696316, ""w_2"": 59.169872, ""w_3"": 58.917473, ""w_4"": 58.840923, ""w_5"": 59.392059, ""w_6"": 58.943905, ""w_7"": 60.201569, ""w_8"": 60.013809, ""w_9"": 61.090546, ""w_10"": 61.605034, ""w_11"": 61.605694, ""w_12"": 62.577911, ""w_13"": 62.735516, ""w_14"": 61.77734, ""w_15"": 62.90398, ""w_16"": 62.693974, ""w_17"": 62.764404, ""w_18"": 62.230663, ""w_19"": 62.508808, ""w_20"": 63.518784}"
299,AU3CB0258465,2020-04-27,0,factual,"{""w_0"": 58.696317435000005, ""w_1"": 59.16987222, ""w_2"": 58.9174742, ""w_3"": 58.840924, ""w_4"": 59.39205799999999, ""w_5"": 58.94390512000001, ""w_6"": 60.201567225, ""w_7"": 60.01380842499999, ""w_8"": 61.090544025, ""w_9"": 61.605032286, ""w_10"": 61.605692078, ""w_11"": 62.57790993, ""w_12"": 62.73551372000001, ""w_13"": 61.77734008333332, ""w_14"": 62.90398080000001, ""w_15"": 62.69397508, ""w_16"": 62.764405875, ""w_17"": 62.23066376, ""w_18"": 62.50880950999999, ""w_19"": 63.518781700000005, ""w_20"": 63.42041065}"
299,AU3CB0258465,2020-04-27,0,counterfactual,"{""w_0"": 58.213123, ""w_1"": 58.696316, ""w_2"": 59.169872, ""w_3"": 58.917473, ""w_4"": 58.840923, ""w_5"": 59.392059, ""w_6"": 58.943905, ""w_7"": 60.201569, ""w_8"": 60.013809, ""w_9"": 61.090546, ""w_10"": 61.605034, ""w_11"": 61.605694, ""w_12"": 62.577911, ""w_13"": 62.735516, ""w_14"": 61.77734, ""w_15"": 62.90398, ""w_16"": 62.693974, ""w_17"": 62.764404, ""w_18"": 62.230663, ""w_19"": 62.508808, ""w_20"": 63.518784}"
301,AU3CB0258465,2020-04-29,0,factual,"{""w_0"": 58.9174742, ""w_1"": 58.840924, ""w_2"": 59.39205799999999, ""w_3"": 58.94390512000001, ""w_4"": 60.201567225, ""w_5"": 60.01380842499999, ""w_6"": 61.090544025, ""w_7"": 61.605032286, ""w_8"": 61.605692078, ""w_9"": 62.57790993, ""w_10"": 62.73551372000001, ""w_11"": 61.77734008333332, ""w_12"": 62.90398080000001, ""w_13"": 62.69397508, ""w_14"": 62.764405875, ""w_15"": 62.23066376, ""w_16"": 62.50880950999999, ""w_17"": 63.518781700000005, ""w_18"": 63.42041065, ""w_19"": 63.96441624, ""w_20"": 64.543532315}"
301,AU3CB0258465,2020-04-29,0,counterfactual,"{""w_0"": 59.169872, ""w_1"": 58.917473, ""w_2"": 58.840923, ""w_3"": 59.392059, ""w_4"": 58.943905, ""w_5"": 60.201569, ""w_6"": 60.013809, ""w_7"": 61.090546, ""w_8"": 61.605034, ""w_9"": 61.605694, ""w_10"": 62.577911, ""w_11"": 62.735516, ""w_12"": 61.77734, ""w_13"": 62.90398, ""w_14"": 62.693974, ""w_15"": 62.764404, ""w_16"": 62.230663, ""w_17"": 62.508808, ""w_18"": 63.518784, ""w_19"": 63.42041, ""w_20"": 63.964417}"
302,AU3CB0258465,2020-04-30,0,factual,"{""w_0"": 58.840924, ""w_1"": 59.39205799999999, ""w_2"": 58.94390512000001, ""w_3"": 60.201567225, ""w_4"": 60.01380842499999, ""w_5"": 61.090544025, ""w_6"": 61.605032286, ""w_7"": 61.605692078, ""w_8"": 62.57790993, ""w_9"": 62.73551372000001, ""w_10"": 61.77734008333332, ""w_11"": 62.90398080000001, ""w_12"": 62.69397508, ""w_13"": 62.764405875, ""w_14"": 62.23066376, ""w_15"": 62.50880950999999, ""w_16"": 63.518781700000005, ""w_17"": 63.42041065, ""w_18"": 63.96441624, ""w_19"": 64.543532315, ""w_20"": 64.852155225}"
302,AU3CB0258465,2020-04-30,0,counterfactual,"{""w_0"": 58.917473, ""w_1"": 58.840923, ""w_2"": 59.392059, ""w_3"": 58.943905, ""w_4"": 60.201569, ""w_5"": 60.013809, ""w_6"": 61.090546, ""w_7"": 61.605034, ""w_8"": 61.605694, ""w_9"": 62.577911, ""w_10"": 62.735516, ""w_11"": 61.77734, ""w_12"": 62.90398, ""w_13"": 62.693974, ""w_14"": 62.764404, ""w_15"": 62.230663, ""w_16"": 62.508808, ""w_17"": 63.518784, ""w_18"": 63.42041, ""w_19"": 63.964417, ""w_20"": 64.543533}"
303,AU3CB0258465,2020-05-01,0,factual,"{""w_0"": 59.39205799999999, ""w_1"": 58.94390512000001, ""w_2"": 60.201567225, ""w_3"": 60.01380842499999, ""w_4"": 61.090544025, ""w_5"": 61.605032286, ""w_6"": 61.605692078, ""w_7"": 62.57790993, ""w_8"": 62.73551372000001, ""w_9"": 61.77734008333332, ""w_10"": 62.90398080000001, ""w_11"": 62.69397508, ""w_12"": 62.764405875, ""w_13"": 62.23066376, ""w_14"": 62.50880950999999, ""w_15"": 63.518781700000005, ""w_16"": 63.42041065, ""w_17"": 63.96441624, ""w_18"": 64.543532315, ""w_19"": 64.852155225, ""w_20"": 63.753755946}"
303,AU3CB0258465,2020-05-01,0,counterfactual,"{""w_0"": 58.917473, ""w_1"": 58.840923, ""w_2"": 59.392059, ""w_3"": 58.943905, ""w_4"": 60.201569, ""w_5"": 60.013809, ""w_6"": 61.090546, ""w_7"": 61.605034, ""w_8"": 61.605694, ""w_9"": 62.577911, ""w_10"": 62.735516, ""w_11"": 61.77734, ""w_12"": 62.90398, ""w_13"": 62.693974, ""w_14"": 62.764404, ""w_15"": 62.230663, ""w_16"": 62.508808, ""w_17"": 63.518784, ""w_18"": 63.42041, ""w_19"": 63.964417, ""w_20"": 64.543533}"
304,AU3CB0258465,2020-05-04,0,factual,"{""w_0"": 58.94390512000001, ""w_1"": 60.201567225, ""w_2"": 60.01380842499999, ""w_3"": 61.090544025, ""w_4"": 61.605032286, ""w_5"": 61.605692078, ""w_6"": 62.57790993, ""w_7"": 62.73551372000001, ""w_8"": 61.77734008333332, ""w_9"": 62.90398080000001, ""w_10"": 62.69397508, ""w_11"": 62.764405875, ""w_12"": 62.23066376, ""w_13"": 62.50880950999999, ""w_14"": 63.518781700000005, ""w_15"": 63.42041065, ""w_16"": 63.96441624, ""w_17"": 64.543532315, ""w_18"": 64.852155225, ""w_19"": 63.753755946, ""w_20"": 62.68126809}"
304,AU3CB0258465,2020-05-04,0,counterfactual,"{""w_0"": 59.392059, ""w_1"": 58.943905, ""w_2"": 60.201569, ""w_3"": 60.013809, ""w_4"": 61.090546, ""w_5"": 61.605034, ""w_6"": 61.605694, ""w_7"": 62.577911, ""w_8"": 62.735516, ""w_9"": 61.77734, ""w_10"": 62.90398, ""w_11"": 62.693974, ""w_12"": 62.764404, ""w_13"": 62.230663, ""w_14"": 62.508808, ""w_15"": 63.518784, ""w_16"": 63.42041, ""w_17"": 63.964417, ""w_18"": 64.543533, ""w_19"": 64.852158, ""w_20"": 63.753757}"
305,AU3CB0258465,2020-05-05,0,factual,"{""w_0"": 60.201567225, ""w_1"": 60.01380842499999, ""w_2"": 61.090544025, ""w_3"": 61.605032286, ""w_4"": 61.605692078, ""w_5"": 62.57790993, ""w_6"": 62.73551372000001, ""w_7"": 61.77734008333332, ""w_8"": 62.90398080000001, ""w_9"": 62.69397508, ""w_10"": 62.764405875, ""w_11"": 62.23066376, ""w_12"": 62.50880950999999, ""w_13"": 63.518781700000005, ""w_14"": 63.42041065, ""w_15"": 63.96441624, ""w_16"": 64.543532315, ""w_17"": 64.852155225, ""w_18"": 63.753755946, ""w_19"": 62.68126809, ""w_20"": 63.499937}"
305,AU3CB0258465,2020-05-05,0,counterfactual,"{""w_0"": 58.943905, ""w_1"": 60.201569, ""w_2"": 60.013809, ""w_3"": 61.090546, ""w_4"": 61.605034, ""w_5"": 61.605694, ""w_6"": 62.577911, ""w_7"": 62.735516, ""w_8"": 61.77734, ""w_9"": 62.90398, ""w_10"": 62.693974, ""w_11"": 62.764404, ""w_12"": 62.230663, ""w_13"": 62.508808, ""w_14"": 63.518784, ""w_15"": 63.42041, ""w_16"": 63.964417, ""w_17"": 64.543533, ""w_18"": 64.852158, ""w_19"": 63.753757, ""w_20"": 62.681267}"
306,AU3CB0258465,2020-05-06,0,factual,"{""w_0"": 60.01380842499999, ""w_1"": 61.090544025, ""w_2"": 61.605032286, ""w_3"": 61.605692078, ""w_4"": 62.57790993, ""w_5"": 62.73551372000001, ""w_6"": 61.77734008333332, ""w_7"": 62.90398080000001, ""w_8"": 62.69397508, ""w_9"": 62.764405875, ""w_10"": 62.23066376, ""w_11"": 62.50880950999999, ""w_12"": 63.518781700000005, ""w_13"": 63.42041065, ""w_14"": 63.96441624, ""w_15"": 64.543532315, ""w_16"": 64.852155225, ""w_17"": 63.753755946, ""w_18"": 62.68126809, ""w_19"": 63.499937, ""w_20"": 63.929446}"
306,AU3CB0258465,2020-05-06,0,counterfactual,"{""w_0"": 60.201569, ""w_1"": 60.013809, ""w_2"": 61.090546, ""w_3"": 61.605034, ""w_4"": 61.605694, ""w_5"": 62.577911, ""w_6"": 62.735516, ""w_7"": 61.77734, ""w_8"": 62.90398, ""w_9"": 62.693974, ""w_10"": 62.764404, ""w_11"": 62.230663, ""w_12"": 62.508808, ""w_13"": 63.518784, ""w_14"": 63.42041, ""w_15"": 63.964417, ""w_16"": 64.543533, ""w_17"": 64.852158, ""w_18"": 63.753757, ""w_19"": 62.681267, ""w_20"": 63.499935}"
307,AU3CB0258465,2020-05-07,0,factual,"{""w_0"": 61.090544025, ""w_1"": 61.605032286, ""w_2"": 61.605692078, ""w_3"": 62.57790993, ""w_4"": 62.73551372000001, ""w_5"": 61.77734008333332, ""w_6"": 62.90398080000001, ""w_7"": 62.69397508, ""w_8"": 62.764405875, ""w_9"": 62.23066376, ""w_10"": 62.50880950999999, ""w_11"": 63.518781700000005, ""w_12"": 63.42041065, ""w_13"": 63.96441624, ""w_14"": 64.543532315, ""w_15"": 64.852155225, ""w_16"": 63.753755946, ""w_17"": 62.68126809, ""w_18"": 63.499937, ""w_19"": 63.929446, ""w_20"": 63.7564362}"
307,AU3CB0258465,2020-05-07,0,counterfactual,"{""w_0"": 60.013809, ""w_1"": 61.090546, ""w_2"": 61.605034, ""w_3"": 61.605694, ""w_4"": 62.577911, ""w_5"": 62.735516, ""w_6"": 61.77734, ""w_7"": 62.90398, ""w_8"": 62.693974, ""w_9"": 62.764404, ""w_10"": 62.230663, ""w_11"": 62.508808, ""w_12"": 63.518784, ""w_13"": 63.42041, ""w_14"": 63.964417, ""w_15"": 64.543533, ""w_16"": 64.852158, ""w_17"": 63.753757, ""w_18"": 62.681267, ""w_19"": 63.499935, ""w_20"": 63.929447}"
308,AU3CB0258465,2020-05-08,0,factual,"{""w_0"": 61.605032286, ""w_1"": 61.605692078, ""w_2"": 62.57790993, ""w_3"": 62.73551372000001, ""w_4"": 61.77734008333332, ""w_5"": 62.90398080000001, ""w_6"": 62.69397508, ""w_7"": 62.764405875, ""w_8"": 62.23066376, ""w_9"": 62.50880950999999, ""w_10"": 63.518781700000005, ""w_11"": 63.42041065, ""w_12"": 63.96441624, ""w_13"": 64.543532315, ""w_14"": 64.852155225, ""w_15"": 63.753755946, ""w_16"": 62.68126809, ""w_17"": 63.499937, ""w_18"": 63.929446, ""w_19"": 63.7564362, ""w_20"": 64.87542474}"
308,AU3CB0258465,2020-05-08,0,counterfactual,"{""w_0"": 61.090546, ""w_1"": 61.605034, ""w_2"": 61.605694, ""w_3"": 62.577911, ""w_4"": 62.735516, ""w_5"": 61.77734, ""w_6"": 62.90398, ""w_7"": 62.693974, ""w_8"": 62.764404, ""w_9"": 62.230663, ""w_10"": 62.508808, ""w_11"": 63.518784, ""w_12"": 63.42041, ""w_13"": 63.964417, ""w_14"": 64.543533, ""w_15"": 64.852158, ""w_16"": 63.753757, ""w_17"": 62.681267, ""w_18"": 63.499935, ""w_19"": 63.929447, ""w_20"": 63.756435}"
309,AU3CB0258465,2020-05-11,0,factual,"{""w_0"": 61.605692078, ""w_1"": 62.57790993, ""w_2"": 62.73551372000001, ""w_3"": 61.77734008333332, ""w_4"": 62.90398080000001, ""w_5"": 62.69397508, ""w_6"": 62.764405875, ""w_7"": 62.23066376, ""w_8"": 62.50880950999999, ""w_9"": 63.518781700000005, ""w_10"": 63.42041065, ""w_11"": 63.96441624, ""w_12"": 64.543532315, ""w_13"": 64.852155225, ""w_14"": 63.753755946, ""w_15"": 62.68126809, ""w_16"": 63.499937, ""w_17"": 63.929446, ""w_18"": 63.7564362, ""w_19"": 64.87542474, ""w_20"": 65.17387265500001}"
309,AU3CB0258465,2020-05-11,0,counterfactual,"{""w_0"": 61.605034, ""w_1"": 61.605694, ""w_2"": 62.577911, ""w_3"": 62.735516, ""w_4"": 61.77734, ""w_5"": 62.90398, ""w_6"": 62.693974, ""w_7"": 62.764404, ""w_8"": 62.230663, ""w_9"": 62.508808, ""w_10"": 63.518784, ""w_11"": 63.42041, ""w_12"": 63.964417, ""w_13"": 64.543533, ""w_14"": 64.852158, ""w_15"": 63.753757, ""w_16"": 62.681267, ""w_17"": 63.499935, ""w_18"": 63.929447, ""w_19"": 63.756435, ""w_20"": 64.875427}"
310,AU3CB0258465,2020-05-12,0,factual,"{""w_0"": 62.57790993, ""w_1"": 62.73551372000001, ""w_2"": 61.77734008333332, ""w_3"": 62.90398080000001, ""w_4"": 62.69397508, ""w_5"": 62.764405875, ""w_6"": 62.23066376, ""w_7"": 62.50880950999999, ""w_8"": 63.518781700000005, ""w_9"": 63.42041065, ""w_10"": 63.96441624, ""w_11"": 64.543532315, ""w_12"": 64.852155225, ""w_13"": 63.753755946, ""w_14"": 62.68126809, ""w_15"": 63.499937, ""w_16"": 63.929446, ""w_17"": 63.7564362, ""w_18"": 64.87542474, ""w_19"": 65.17387265500001, ""w_20"": 64.760105375}"
310,AU3CB0258465,2020-05-12,0,counterfactual,"{""w_0"": 61.605694, ""w_1"": 62.577911, ""w_2"": 62.735516, ""w_3"": 61.77734, ""w_4"": 62.90398, ""w_5"": 62.693974, ""w_6"": 62.764404, ""w_7"": 62.230663, ""w_8"": 62.508808, ""w_9"": 63.518784, ""w_10"": 63.42041, ""w_11"": 63.964417, ""w_12"": 64.543533, ""w_13"": 64.852158, ""w_14"": 63.753757, ""w_15"": 62.681267, ""w_16"": 63.499935, ""w_17"": 63.929447, ""w_18"": 63.756435, ""w_19"": 64.875427, ""w_20"": 65.173874}"
311,AU3CB0258465,2020-05-13,0,factual,"{""w_0"": 62.73551372000001, ""w_1"": 61.77734008333332, ""w_2"": 62.90398080000001, ""w_3"": 62.69397508, ""w_4"": 62.764405875, ""w_5"": 62.23066376, ""w_6"": 62.50880950999999, ""w_7"": 63.518781700000005, ""w_8"": 63.42041065, ""w_9"": 63.96441624, ""w_10"": 64.543532315, ""w_11"": 64.852155225, ""w_12"": 63.753755946, ""w_13"": 62.68126809, ""w_14"": 63.499937, ""w_15"": 63.929446, ""w_16"": 63.7564362, ""w_17"": 64.87542474, ""w_18"": 65.17387265500001, ""w_19"": 64.760105375, ""w_20"": 64.280134075}"
311,AU3CB0258465,2020-05-13,0,counterfactual,"{""w_0"": 61.605694, ""w_1"": 62.577911, ""w_2"": 62.735516, ""w_3"": 61.77734, ""w_4"": 62.90398, ""w_5"": 62.693974, ""w_6"": 62.764404, ""w_7"": 62.230663, ""w_8"": 62.508808, ""w_9"": 63.518784, ""w_10"": 63.42041, ""w_11"": 63.964417, ""w_12"": 64.543533, ""w_13"": 64.852158, ""w_14"": 63.753757, ""w_15"": 62.681267, ""w_16"": 63.499935, ""w_17"": 63.929447, ""w_18"": 63.756435, ""w_19"": 64.875427, ""w_20"": 65.173874}"
312,AU3CB0258465,2020-05-14,0,factual,"{""w_0"": 61.77734008333332, ""w_1"": 62.90398080000001, ""w_2"": 62.69397508, ""w_3"": 62.764405875, ""w_4"": 62.23066376, ""w_5"": 62.50880950999999, ""w_6"": 63.518781700000005, ""w_7"": 63.42041065, ""w_8"": 63.96441624, ""w_9"": 64.543532315, ""w_10"": 64.852155225, ""w_11"": 63.753755946, ""w_12"": 62.68126809, ""w_13"": 63.499937, ""w_14"": 63.929446, ""w_15"": 63.7564362, ""w_16"": 64.87542474, ""w_17"": 65.17387265500001, ""w_18"": 64.760105375, ""w_19"": 64.280134075, ""w_20"": 64.4087482}"
312,AU3CB0258465,2020-05-14,0,counterfactual,"{""w_0"": 62.735516, ""w_1"": 61.77734, ""w_2"": 62.90398, ""w_3"": 62.693974, ""w_4"": 62.764404, ""w_5"": 62.230663, ""w_6"": 62.508808, ""w_7"": 63.518784, ""w_8"": 63.42041, ""w_9"": 63.964417, ""w_10"": 64.543533, ""w_11"": 64.852158, ""w_12"": 63.753757, ""w_13"": 62.681267, ""w_14"": 63.499935, ""w_15"": 63.929447, ""w_16"": 63.756435, ""w_17"": 64.875427, ""w_18"": 65.173874, ""w_19"": 64.760109, ""w_20"": 64.280136}"
313,AU3CB0258465,2020-05-15,0,factual,"{""w_0"": 62.90398080000001, ""w_1"": 62.69397508, ""w_2"": 62.764405875, ""w_3"": 62.23066376, ""w_4"": 62.50880950999999, ""w_5"": 63.518781700000005, ""w_6"": 63.42041065, ""w_7"": 63.96441624, ""w_8"": 64.543532315, ""w_9"": 64.852155225, ""w_10"": 63.753755946, ""w_11"": 62.68126809, ""w_12"": 63.499937, ""w_13"": 63.929446, ""w_14"": 63.7564362, ""w_15"": 64.87542474, ""w_16"": 65.17387265500001, ""w_17"": 64.760105375, ""w_18"": 64.280134075, ""w_19"": 64.4087482, ""w_20"": 64.68002096000001}"
313,AU3CB0258465,2020-05-15,0,counterfactual,"{""w_0"": 62.735516, ""w_1"": 61.77734, ""w_2"": 62.90398, ""w_3"": 62.693974, ""w_4"": 62.764404, ""w_5"": 62.230663, ""w_6"": 62.508808, ""w_7"": 63.518784, ""w_8"": 63.42041, ""w_9"": 63.964417, ""w_10"": 64.543533, ""w_11"": 64.852158, ""w_12"": 63.753757, ""w_13"": 62.681267, ""w_14"": 63.499935, ""w_15"": 63.929447, ""w_16"": 63.756435, ""w_17"": 64.875427, ""w_18"": 65.173874, ""w_19"": 64.760109, ""w_20"": 64.280136}"
314,AU3CB0258465,2020-05-18,0,factual,"{""w_0"": 62.69397508, ""w_1"": 62.764405875, ""w_2"": 62.23066376, ""w_3"": 62.50880950999999, ""w_4"": 63.518781700000005, ""w_5"": 63.42041065, ""w_6"": 63.96441624, ""w_7"": 64.543532315, ""w_8"": 64.852155225, ""w_9"": 63.753755946, ""w_10"": 62.68126809, ""w_11"": 63.499937, ""w_12"": 63.929446, ""w_13"": 63.7564362, ""w_14"": 64.87542474, ""w_15"": 65.17387265500001, ""w_16"": 64.760105375, ""w_17"": 64.280134075, ""w_18"": 64.4087482, ""w_19"": 64.68002096000001, ""w_20"": 64.15936436}"
314,AU3CB0258465,2020-05-18,0,counterfactual,"{""w_0"": 61.090546, ""w_1"": 61.605034, ""w_2"": 61.605694, ""w_3"": 62.577911, ""w_4"": 62.735516, ""w_5"": 61.77734, ""w_6"": 62.90398, ""w_7"": 62.693974, ""w_8"": 62.764404, ""w_9"": 62.230663, ""w_10"": 62.508808, ""w_11"": 63.518784, ""w_12"": 63.42041, ""w_13"": 63.964417, ""w_14"": 64.543533, ""w_15"": 64.852158, ""w_16"": 63.753757, ""w_17"": 62.681267, ""w_18"": 63.499935, ""w_19"": 63.929447, ""w_20"": 63.756435}"
315,AU3CB0258465,2020-05-19,0,factual,"{""w_0"": 62.764405875, ""w_1"": 62.23066376, ""w_2"": 62.50880950999999, ""w_3"": 63.518781700000005, ""w_4"": 63.42041065, ""w_5"": 63.96441624, ""w_6"": 64.543532315, ""w_7"": 64.852155225, ""w_8"": 63.753755946, ""w_9"": 62.68126809, ""w_10"": 63.499937, ""w_11"": 63.929446, ""w_12"": 63.7564362, ""w_13"": 64.87542474, ""w_14"": 65.17387265500001, ""w_15"": 64.760105375, ""w_16"": 64.280134075, ""w_17"": 64.4087482, ""w_18"": 64.68002096000001, ""w_19"": 64.15936436, ""w_20"": 64.53199161}"
315,AU3CB0258465,2020-05-19,0,counterfactual,"{""w_0"": 62.693974, ""w_1"": 62.764404, ""w_2"": 62.230663, ""w_3"": 62.508808, ""w_4"": 63.518784, ""w_5"": 63.42041, ""w_6"": 63.964417, ""w_7"": 64.543533, ""w_8"": 64.852158, ""w_9"": 63.753757, ""w_10"": 62.681267, ""w_11"": 63.499935, ""w_12"": 63.929447, ""w_13"": 63.756435, ""w_14"": 64.875427, ""w_15"": 65.173874, ""w_16"": 64.760109, ""w_17"": 64.280136, ""w_18"": 64.408745, ""w_19"": 64.680023, ""w_20"": 64.159363}"
316,AU3CB0258465,2020-05-20,0,factual,"{""w_0"": 62.23066376, ""w_1"": 62.50880950999999, ""w_2"": 63.518781700000005, ""w_3"": 63.42041065, ""w_4"": 63.96441624, ""w_5"": 64.543532315, ""w_6"": 64.852155225, ""w_7"": 63.753755946, ""w_8"": 62.68126809, ""w_9"": 63.499937, ""w_10"": 63.929446, ""w_11"": 63.7564362, ""w_12"": 64.87542474, ""w_13"": 65.17387265500001, ""w_14"": 64.760105375, ""w_15"": 64.280134075, ""w_16"": 64.4087482, ""w_17"": 64.68002096000001, ""w_18"": 64.15936436, ""w_19"": 64.53199161, ""w_20"": 64.656604155}"
316,AU3CB0258465,2020-05-20,0,counterfactual,"{""w_0"": 62.764404, ""w_1"": 62.230663, ""w_2"": 62.508808, ""w_3"": 63.518784, ""w_4"": 63.42041, ""w_5"": 63.964417, ""w_6"": 64.543533, ""w_7"": 64.852158, ""w_8"": 63.753757, ""w_9"": 62.681267, ""w_10"": 63.499935, ""w_11"": 63.929447, ""w_12"": 63.756435, ""w_13"": 64.875427, ""w_14"": 65.173874, ""w_15"": 64.760109, ""w_16"": 64.280136, ""w_17"": 64.408745, ""w_18"": 64.680023, ""w_19"": 64.159363, ""w_20"": 64.53199}"
317,AU3CB0258465,2020-05-21,0,factual,"{""w_0"": 62.50880950999999, ""w_1"": 63.518781700000005, ""w_2"": 63.42041065, ""w_3"": 63.96441624, ""w_4"": 64.543532315, ""w_5"": 64.852155225, ""w_6"": 63.753755946, ""w_7"": 62.68126809, ""w_8"": 63.499937, ""w_9"": 63.929446, ""w_10"": 63.7564362, ""w_11"": 64.87542474, ""w_12"": 65.17387265500001, ""w_13"": 64.760105375, ""w_14"": 64.280134075, ""w_15"": 64.4087482, ""w_16"": 64.68002096000001, ""w_17"": 64.15936436, ""w_18"": 64.53199161, ""w_19"": 64.656604155, ""w_20"": 64.83900469999999}"
317,AU3CB0258465,2020-05-21,0,counterfactual,"{""w_0"": 61.605034, ""w_1"": 61.605694, ""w_2"": 62.577911, ""w_3"": 62.735516, ""w_4"": 61.77734, ""w_5"": 62.90398, ""w_6"": 62.693974, ""w_7"": 62.764404, ""w_8"": 62.230663, ""w_9"": 62.508808, ""w_10"": 63.518784, ""w_11"": 63.42041, ""w_12"": 63.964417, ""w_13"": 64.543533, ""w_14"": 64.852158, ""w_15"": 63.753757, ""w_16"": 62.681267, ""w_17"": 63.499935, ""w_18"": 63.929447, ""w_19"": 63.756435, ""w_20"": 64.875427}"
318,AU3CB0258465,2020-05-22,0,factual,"{""w_0"": 63.518781700000005, ""w_1"": 63.42041065, ""w_2"": 63.96441624, ""w_3"": 64.543532315, ""w_4"": 64.852155225, ""w_5"": 63.753755946, ""w_6"": 62.68126809, ""w_7"": 63.499937, ""w_8"": 63.929446, ""w_9"": 63.7564362, ""w_10"": 64.87542474, ""w_11"": 65.17387265500001, ""w_12"": 64.760105375, ""w_13"": 64.280134075, ""w_14"": 64.4087482, ""w_15"": 64.68002096000001, ""w_16"": 64.15936436, ""w_17"": 64.53199161, ""w_18"": 64.656604155, ""w_19"": 64.83900469999999, ""w_20"": 64.735814}"
318,AU3CB0258465,2020-05-22,0,counterfactual,"{""w_0"": 61.605034, ""w_1"": 61.605694, ""w_2"": 62.577911, ""w_3"": 62.735516, ""w_4"": 61.77734, ""w_5"": 62.90398, ""w_6"": 62.693974, ""w_7"": 62.764404, ""w_8"": 62.230663, ""w_9"": 62.508808, ""w_10"": 63.518784, ""w_11"": 63.42041, ""w_12"": 63.964417, ""w_13"": 64.543533, ""w_14"": 64.852158, ""w_15"": 63.753757, ""w_16"": 62.681267, ""w_17"": 63.499935, ""w_18"": 63.929447, ""w_19"": 63.756435, ""w_20"": 64.875427}"
319,AU3CB0258465,2020-05-25,0,factual,"{""w_0"": 63.42041065, ""w_1"": 63.96441624, ""w_2"": 64.543532315, ""w_3"": 64.852155225, ""w_4"": 63.753755946, ""w_5"": 62.68126809, ""w_6"": 63.499937, ""w_7"": 63.929446, ""w_8"": 63.7564362, ""w_9"": 64.87542474, ""w_10"": 65.17387265500001, ""w_11"": 64.760105375, ""w_12"": 64.280134075, ""w_13"": 64.4087482, ""w_14"": 64.68002096000001, ""w_15"": 64.15936436, ""w_16"": 64.53199161, ""w_17"": 64.656604155, ""w_18"": 64.83900469999999, ""w_19"": 64.735814, ""w_20"": 64.75272077000001}"
319,AU3CB0258465,2020-05-25,0,counterfactual,"{""w_0"": 64.787872, ""w_1"": 64.768974, ""w_2"": 65.101135, ""w_3"": 65.541687, ""w_4"": 65.594398, ""w_5"": 65.223137, ""w_6"": 65.561852, ""w_7"": 65.689934, ""w_8"": 65.928116, ""w_9"": 66.275627, ""w_10"": 66.30603, ""w_11"": 66.239807, ""w_12"": 66.32, ""w_13"": 66.235176, ""w_14"": 65.742104, ""w_15"": 65.429955, ""w_16"": 65.410789, ""w_17"": 65.117439, ""w_18"": 64.588081, ""w_19"": 64.459587, ""w_20"": 63.441372}"
320,AU3CB0258465,2020-05-26,0,factual,"{""w_0"": 63.96441624, ""w_1"": 64.543532315, ""w_2"": 64.852155225, ""w_3"": 63.753755946, ""w_4"": 62.68126809, ""w_5"": 63.499937, ""w_6"": 63.929446, ""w_7"": 63.7564362, ""w_8"": 64.87542474, ""w_9"": 65.17387265500001, ""w_10"": 64.760105375, ""w_11"": 64.280134075, ""w_12"": 64.4087482, ""w_13"": 64.68002096000001, ""w_14"": 64.15936436, ""w_15"": 64.53199161, ""w_16"": 64.656604155, ""w_17"": 64.83900469999999, ""w_18"": 64.735814, ""w_19"": 64.75272077000001, ""w_20"": 64.82150027}"
320,AU3CB0258465,2020-05-26,0,counterfactual,"{""w_0"": 64.787872, ""w_1"": 64.768974, ""w_2"": 65.101135, ""w_3"": 65.541687, ""w_4"": 65.594398, ""w_5"": 65.223137, ""w_6"": 65.561852, ""w_7"": 65.689934, ""w_8"": 65.928116, ""w_9"": 66.275627, ""w_10"": 66.30603, ""w_11"": 66.239807, ""w_12"": 66.32, ""w_13"": 66.235176, ""w_14"": 65.742104, ""w_15"": 65.429955, ""w_16"": 65.410789, ""w_17"": 65.117439, ""w_18"": 64.588081, ""w_19"": 64.459587, ""w_20"": 63.441372}"
321,AU3CB0258465,2020-05-27,0,factual,"{""w_0"": 64.543532315, ""w_1"": 64.852155225, ""w_2"": 63.753755946, ""w_3"": 62.68126809, ""w_4"": 63.499937, ""w_5"": 63.929446, ""w_6"": 63.7564362, ""w_7"": 64.87542474, ""w_8"": 65.17387265500001, ""w_9"": 64.760105375, ""w_10"": 64.280134075, ""w_11"": 64.4087482, ""w_12"": 64.68002096000001, ""w_13"": 64.15936436, ""w_14"": 64.53199161, ""w_15"": 64.656604155, ""w_16"": 64.83900469999999, ""w_17"": 64.735814, ""w_18"": 64.75272077000001, ""w_19"": 64.82150027, ""w_20"": 65.31409179999999}"
321,AU3CB0258465,2020-05-27,0,counterfactual,"{""w_0"": 63.964417, ""w_1"": 64.543533, ""w_2"": 64.852158, ""w_3"": 63.753757, ""w_4"": 62.681267, ""w_5"": 63.499935, ""w_6"": 63.929447, ""w_7"": 63.756435, ""w_8"": 64.875427, ""w_9"": 65.173874, ""w_10"": 64.760109, ""w_11"": 64.280136, ""w_12"": 64.408745, ""w_13"": 64.680023, ""w_14"": 64.159363, ""w_15"": 64.53199, ""w_16"": 64.656601, ""w_17"": 64.839005, ""w_18"": 64.735817, ""w_19"": 64.752724, ""w_20"": 64.821503}"
322,AU3CB0258465,2020-05-28,0,factual,"{""w_0"": 64.852155225, ""w_1"": 63.753755946, ""w_2"": 62.68126809, ""w_3"": 63.499937, ""w_4"": 63.929446, ""w_5"": 63.7564362, ""w_6"": 64.87542474, ""w_7"": 65.17387265500001, ""w_8"": 64.760105375, ""w_9"": 64.280134075, ""w_10"": 64.4087482, ""w_11"": 64.68002096000001, ""w_12"": 64.15936436, ""w_13"": 64.53199161, ""w_14"": 64.656604155, ""w_15"": 64.83900469999999, ""w_16"": 64.735814, ""w_17"": 64.75272077000001, ""w_18"": 64.82150027, ""w_19"": 65.31409179999999, ""w_20"": 64.85423564999999}"
322,AU3CB0258465,2020-05-28,0,counterfactual,"{""w_0"": 63.964417, ""w_1"": 64.543533, ""w_2"": 64.852158, ""w_3"": 63.753757, ""w_4"": 62.681267, ""w_5"": 63.499935, ""w_6"": 63.929447, ""w_7"": 63.756435, ""w_8"": 64.875427, ""w_9"": 65.173874, ""w_10"": 64.760109, ""w_11"": 64.280136, ""w_12"": 64.408745, ""w_13"": 64.680023, ""w_14"": 64.159363, ""w_15"": 64.53199, ""w_16"": 64.656601, ""w_17"": 64.839005, ""w_18"": 64.735817, ""w_19"": 64.752724, ""w_20"": 64.821503}"
323,AU3CB0258465,2020-05-29,0,factual,"{""w_0"": 63.753755946, ""w_1"": 62.68126809, ""w_2"": 63.499937, ""w_3"": 63.929446, ""w_4"": 63.7564362, ""w_5"": 64.87542474, ""w_6"": 65.17387265500001, ""w_7"": 64.760105375, ""w_8"": 64.280134075, ""w_9"": 64.4087482, ""w_10"": 64.68002096000001, ""w_11"": 64.15936436, ""w_12"": 64.53199161, ""w_13"": 64.656604155, ""w_14"": 64.83900469999999, ""w_15"": 64.735814, ""w_16"": 64.75272077000001, ""w_17"": 64.82150027, ""w_18"": 65.31409179999999, ""w_19"": 64.85423564999999, ""w_20"": 64.6326378}"
323,AU3CB0258465,2020-05-29,0,counterfactual,"{""w_0"": 64.852158, ""w_1"": 63.753757, ""w_2"": 62.681267, ""w_3"": 63.499935, ""w_4"": 63.929447, ""w_5"": 63.756435, ""w_6"": 64.875427, ""w_7"": 65.173874, ""w_8"": 64.760109, ""w_9"": 64.280136, ""w_10"": 64.408745, ""w_11"": 64.680023, ""w_12"": 64.159363, ""w_13"": 64.53199, ""w_14"": 64.656601, ""w_15"": 64.839005, ""w_16"": 64.735817, ""w_17"": 64.752724, ""w_18"": 64.821503, ""w_19"": 65.314095, ""w_20"": 64.854233}"
324,AU3CB0258465,2020-06-01,0,factual,"{""w_0"": 62.68126809, ""w_1"": 63.499937, ""w_2"": 63.929446, ""w_3"": 63.7564362, ""w_4"": 64.87542474, ""w_5"": 65.17387265500001, ""w_6"": 64.760105375, ""w_7"": 64.280134075, ""w_8"": 64.4087482, ""w_9"": 64.68002096000001, ""w_10"": 64.15936436, ""w_11"": 64.53199161, ""w_12"": 64.656604155, ""w_13"": 64.83900469999999, ""w_14"": 64.735814, ""w_15"": 64.75272077000001, ""w_16"": 64.82150027, ""w_17"": 65.31409179999999, ""w_18"": 64.85423564999999, ""w_19"": 64.6326378, ""w_20"": 64.6765359}"
324,AU3CB0258465,2020-06-01,0,counterfactual,"{""w_0"": 64.787872, ""w_1"": 64.768974, ""w_2"": 65.101135, ""w_3"": 65.541687, ""w_4"": 65.594398, ""w_5"": 65.223137, ""w_6"": 65.561852, ""w_7"": 65.689934, ""w_8"": 65.928116, ""w_9"": 66.275627, ""w_10"": 66.30603, ""w_11"": 66.239807, ""w_12"": 66.32, ""w_13"": 66.235176, ""w_14"": 65.742104, ""w_15"": 65.429955, ""w_16"": 65.410789, ""w_17"": 65.117439, ""w_18"": 64.588081, ""w_19"": 64.459587, ""w_20"": 63.441372}"
325,AU3CB0258465,2020-06-02,0,factual,"{""w_0"": 63.499937, ""w_1"": 63.929446, ""w_2"": 63.7564362, ""w_3"": 64.87542474, ""w_4"": 65.17387265500001, ""w_5"": 64.760105375, ""w_6"": 64.280134075, ""w_7"": 64.4087482, ""w_8"": 64.68002096000001, ""w_9"": 64.15936436, ""w_10"": 64.53199161, ""w_11"": 64.656604155, ""w_12"": 64.83900469999999, ""w_13"": 64.735814, ""w_14"": 64.75272077000001, ""w_15"": 64.82150027, ""w_16"": 65.31409179999999, ""w_17"": 64.85423564999999, ""w_18"": 64.6326378, ""w_19"": 64.6765359, ""w_20"": 65.87326089999999}"
325,AU3CB0258465,2020-06-02,0,counterfactual,"{""w_0"": 62.681267, ""w_1"": 63.499935, ""w_2"": 63.929447, ""w_3"": 63.756435, ""w_4"": 64.875427, ""w_5"": 65.173874, ""w_6"": 64.760109, ""w_7"": 64.280136, ""w_8"": 64.408745, ""w_9"": 64.680023, ""w_10"": 64.159363, ""w_11"": 64.53199, ""w_12"": 64.656601, ""w_13"": 64.839005, ""w_14"": 64.735817, ""w_15"": 64.752724, ""w_16"": 64.821503, ""w_17"": 65.314095, ""w_18"": 64.854233, ""w_19"": 64.632637, ""w_20"": 64.676537}"
326,AU3CB0258465,2020-06-03,0,factual,"{""w_0"": 63.929446, ""w_1"": 63.7564362, ""w_2"": 64.87542474, ""w_3"": 65.17387265500001, ""w_4"": 64.760105375, ""w_5"": 64.280134075, ""w_6"": 64.4087482, ""w_7"": 64.68002096000001, ""w_8"": 64.15936436, ""w_9"": 64.53199161, ""w_10"": 64.656604155, ""w_11"": 64.83900469999999, ""w_12"": 64.735814, ""w_13"": 64.75272077000001, ""w_14"": 64.82150027, ""w_15"": 65.31409179999999, ""w_16"": 64.85423564999999, ""w_17"": 64.6326378, ""w_18"": 64.6765359, ""w_19"": 65.87326089999999, ""w_20"": 66.727459225}"
326,AU3CB0258465,2020-06-03,0,counterfactual,"{""w_0"": 63.499935, ""w_1"": 63.929447, ""w_2"": 63.756435, ""w_3"": 64.875427, ""w_4"": 65.173874, ""w_5"": 64.760109, ""w_6"": 64.280136, ""w_7"": 64.408745, ""w_8"": 64.680023, ""w_9"": 64.159363, ""w_10"": 64.53199, ""w_11"": 64.656601, ""w_12"": 64.839005, ""w_13"": 64.735817, ""w_14"": 64.752724, ""w_15"": 64.821503, ""w_16"": 65.314095, ""w_17"": 64.854233, ""w_18"": 64.632637, ""w_19"": 64.676537, ""w_20"": 65.87326}"
327,AU3CB0258465,2020-06-04,0,factual,"{""w_0"": 63.7564362, ""w_1"": 64.87542474, ""w_2"": 65.17387265500001, ""w_3"": 64.760105375, ""w_4"": 64.280134075, ""w_5"": 64.4087482, ""w_6"": 64.68002096000001, ""w_7"": 64.15936436, ""w_8"": 64.53199161, ""w_9"": 64.656604155, ""w_10"": 64.83900469999999, ""w_11"": 64.735814, ""w_12"": 64.75272077000001, ""w_13"": 64.82150027, ""w_14"": 65.31409179999999, ""w_15"": 64.85423564999999, ""w_16"": 64.6326378, ""w_17"": 64.6765359, ""w_18"": 65.87326089999999, ""w_19"": 66.727459225, ""w_20"": 66.54053327999999}"
327,AU3CB0258465,2020-06-04,0,counterfactual,"{""w_0"": 63.929447, ""w_1"": 63.756435, ""w_2"": 64.875427, ""w_3"": 65.173874, ""w_4"": 64.760109, ""w_5"": 64.280136, ""w_6"": 64.408745, ""w_7"": 64.680023, ""w_8"": 64.159363, ""w_9"": 64.53199, ""w_10"": 64.656601, ""w_11"": 64.839005, ""w_12"": 64.735817, ""w_13"": 64.752724, ""w_14"": 64.821503, ""w_15"": 65.314095, ""w_16"": 64.854233, ""w_17"": 64.632637, ""w_18"": 64.676537, ""w_19"": 65.87326, ""w_20"": 66.727463}"
328,AU3CB0258465,2020-06-05,0,factual,"{""w_0"": 64.87542474, ""w_1"": 65.17387265500001, ""w_2"": 64.760105375, ""w_3"": 64.280134075, ""w_4"": 64.4087482, ""w_5"": 64.68002096000001, ""w_6"": 64.15936436, ""w_7"": 64.53199161, ""w_8"": 64.656604155, ""w_9"": 64.83900469999999, ""w_10"": 64.735814, ""w_11"": 64.75272077000001, ""w_12"": 64.82150027, ""w_13"": 65.31409179999999, ""w_14"": 64.85423564999999, ""w_15"": 64.6326378, ""w_16"": 64.6765359, ""w_17"": 65.87326089999999, ""w_18"": 66.727459225, ""w_19"": 66.54053327999999, ""w_20"": 66.06702978}"
328,AU3CB0258465,2020-06-05,0,counterfactual,"{""w_0"": 63.756435, ""w_1"": 64.875427, ""w_2"": 65.173874, ""w_3"": 64.760109, ""w_4"": 64.280136, ""w_5"": 64.408745, ""w_6"": 64.680023, ""w_7"": 64.159363, ""w_8"": 64.53199, ""w_9"": 64.656601, ""w_10"": 64.839005, ""w_11"": 64.735817, ""w_12"": 64.752724, ""w_13"": 64.821503, ""w_14"": 65.314095, ""w_15"": 64.854233, ""w_16"": 64.632637, ""w_17"": 64.676537, ""w_18"": 65.87326, ""w_19"": 66.727463, ""w_20"": 66.540535}"
329,AU3CB0258465,2020-06-08,0,factual,"{""w_0"": 65.17387265500001, ""w_1"": 64.760105375, ""w_2"": 64.280134075, ""w_3"": 64.4087482, ""w_4"": 64.68002096000001, ""w_5"": 64.15936436, ""w_6"": 64.53199161, ""w_7"": 64.656604155, ""w_8"": 64.83900469999999, ""w_9"": 64.735814, ""w_10"": 64.75272077000001, ""w_11"": 64.82150027, ""w_12"": 65.31409179999999, ""w_13"": 64.85423564999999, ""w_14"": 64.6326378, ""w_15"": 64.6765359, ""w_16"": 65.87326089999999, ""w_17"": 66.727459225, ""w_18"": 66.54053327999999, ""w_19"": 66.06702978, ""w_20"": 66.758870695}"
329,AU3CB0258465,2020-06-08,0,counterfactual,"{""w_0"": 64.875427, ""w_1"": 65.173874, ""w_2"": 64.760109, ""w_3"": 64.280136, ""w_4"": 64.408745, ""w_5"": 64.680023, ""w_6"": 64.159363, ""w_7"": 64.53199, ""w_8"": 64.656601, ""w_9"": 64.839005, ""w_10"": 64.735817, ""w_11"": 64.752724, ""w_12"": 64.821503, ""w_13"": 65.314095, ""w_14"": 64.854233, ""w_15"": 64.632637, ""w_16"": 64.676537, ""w_17"": 65.87326, ""w_18"": 66.727463, ""w_19"": 66.540535, ""w_20"": 66.067032}"
330,AU3CB0258465,2020-06-09,0,factual,"{""w_0"": 64.760105375, ""w_1"": 64.280134075, ""w_2"": 64.4087482, ""w_3"": 64.68002096000001, ""w_4"": 64.15936436, ""w_5"": 64.53199161, ""w_6"": 64.656604155, ""w_7"": 64.83900469999999, ""w_8"": 64.735814, ""w_9"": 64.75272077000001, ""w_10"": 64.82150027, ""w_11"": 65.31409179999999, ""w_12"": 64.85423564999999, ""w_13"": 64.6326378, ""w_14"": 64.6765359, ""w_15"": 65.87326089999999, ""w_16"": 66.727459225, ""w_17"": 66.54053327999999, ""w_18"": 66.06702978, ""w_19"": 66.758870695, ""w_20"": 67.14189144}"
330,AU3CB0258465,2020-06-09,0,counterfactual,"{""w_0"": 65.173874, ""w_1"": 64.760109, ""w_2"": 64.280136, ""w_3"": 64.408745, ""w_4"": 64.680023, ""w_5"": 64.159363, ""w_6"": 64.53199, ""w_7"": 64.656601, ""w_8"": 64.839005, ""w_9"": 64.735817, ""w_10"": 64.752724, ""w_11"": 64.821503, ""w_12"": 65.314095, ""w_13"": 64.854233, ""w_14"": 64.632637, ""w_15"": 64.676537, ""w_16"": 65.87326, ""w_17"": 66.727463, ""w_18"": 66.540535, ""w_19"": 66.067032, ""w_20"": 66.758873}"
331,AU3CB0258465,2020-06-10,0,factual,"{""w_0"": 64.280134075, ""w_1"": 64.4087482, ""w_2"": 64.68002096000001, ""w_3"": 64.15936436, ""w_4"": 64.53199161, ""w_5"": 64.656604155, ""w_6"": 64.83900469999999, ""w_7"": 64.735814, ""w_8"": 64.75272077000001, ""w_9"": 64.82150027, ""w_10"": 65.31409179999999, ""w_11"": 64.85423564999999, ""w_12"": 64.6326378, ""w_13"": 64.6765359, ""w_14"": 65.87326089999999, ""w_15"": 66.727459225, ""w_16"": 66.54053327999999, ""w_17"": 66.06702978, ""w_18"": 66.758870695, ""w_19"": 67.14189144, ""w_20"": 66.2116068}"
331,AU3CB0258465,2020-06-10,0,counterfactual,"{""w_0"": 64.760109, ""w_1"": 64.280136, ""w_2"": 64.408745, ""w_3"": 64.680023, ""w_4"": 64.159363, ""w_5"": 64.53199, ""w_6"": 64.656601, ""w_7"": 64.839005, ""w_8"": 64.735817, ""w_9"": 64.752724, ""w_10"": 64.821503, ""w_11"": 65.314095, ""w_12"": 64.854233, ""w_13"": 64.632637, ""w_14"": 64.676537, ""w_15"": 65.87326, ""w_16"": 66.727463, ""w_17"": 66.540535, ""w_18"": 66.067032, ""w_19"": 66.758873, ""w_20"": 67.141891}"
332,AU3CB0258465,2020-06-11,0,factual,"{""w_0"": 64.4087482, ""w_1"": 64.68002096000001, ""w_2"": 64.15936436, ""w_3"": 64.53199161, ""w_4"": 64.656604155, ""w_5"": 64.83900469999999, ""w_6"": 64.735814, ""w_7"": 64.75272077000001, ""w_8"": 64.82150027, ""w_9"": 65.31409179999999, ""w_10"": 64.85423564999999, ""w_11"": 64.6326378, ""w_12"": 64.6765359, ""w_13"": 65.87326089999999, ""w_14"": 66.727459225, ""w_15"": 66.54053327999999, ""w_16"": 66.06702978, ""w_17"": 66.758870695, ""w_18"": 67.14189144, ""w_19"": 66.2116068, ""w_20"": 66.36497112}"
332,AU3CB0258465,2020-06-11,0,counterfactual,"{""w_0"": 64.280136, ""w_1"": 64.408745, ""w_2"": 64.680023, ""w_3"": 64.159363, ""w_4"": 64.53199, ""w_5"": 64.656601, ""w_6"": 64.839005, ""w_7"": 64.735817, ""w_8"": 64.752724, ""w_9"": 64.821503, ""w_10"": 65.314095, ""w_11"": 64.854233, ""w_12"": 64.632637, ""w_13"": 64.676537, ""w_14"": 65.87326, ""w_15"": 66.727463, ""w_16"": 66.540535, ""w_17"": 66.067032, ""w_18"": 66.758873, ""w_19"": 67.141891, ""w_20"": 66.211609}"
333,AU3CB0258465,2020-06-12,0,factual,"{""w_0"": 64.68002096000001, ""w_1"": 64.15936436, ""w_2"": 64.53199161, ""w_3"": 64.656604155, ""w_4"": 64.83900469999999, ""w_5"": 64.735814, ""w_6"": 64.75272077000001, ""w_7"": 64.82150027, ""w_8"": 65.31409179999999, ""w_9"": 64.85423564999999, ""w_10"": 64.6326378, ""w_11"": 64.6765359, ""w_12"": 65.87326089999999, ""w_13"": 66.727459225, ""w_14"": 66.54053327999999, ""w_15"": 66.06702978, ""w_16"": 66.758870695, ""w_17"": 67.14189144, ""w_18"": 66.2116068, ""w_19"": 66.36497112, ""w_20"": 65.43456135999999}"
333,AU3CB0258465,2020-06-12,0,counterfactual,"{""w_0"": 64.408745, ""w_1"": 64.680023, ""w_2"": 64.159363, ""w_3"": 64.53199, ""w_4"": 64.656601, ""w_5"": 64.839005, ""w_6"": 64.735817, ""w_7"": 64.752724, ""w_8"": 64.821503, ""w_9"": 65.314095, ""w_10"": 64.854233, ""w_11"": 64.632637, ""w_12"": 64.676537, ""w_13"": 65.87326, ""w_14"": 66.727463, ""w_15"": 66.540535, ""w_16"": 66.067032, ""w_17"": 66.758873, ""w_18"": 67.141891, ""w_19"": 66.211609, ""w_20"": 66.364967}"
334,AU3CB0258465,2020-06-15,0,factual,"{""w_0"": 64.15936436, ""w_1"": 64.53199161, ""w_2"": 64.656604155, ""w_3"": 64.83900469999999, ""w_4"": 64.735814, ""w_5"": 64.75272077000001, ""w_6"": 64.82150027, ""w_7"": 65.31409179999999, ""w_8"": 64.85423564999999, ""w_9"": 64.6326378, ""w_10"": 64.6765359, ""w_11"": 65.87326089999999, ""w_12"": 66.727459225, ""w_13"": 66.54053327999999, ""w_14"": 66.06702978, ""w_15"": 66.758870695, ""w_16"": 67.14189144, ""w_17"": 66.2116068, ""w_18"": 66.36497112, ""w_19"": 65.43456135999999, ""w_20"": 65.5887295}"
334,AU3CB0258465,2020-06-15,0,counterfactual,"{""w_0"": 65.695557, ""w_1"": 65.723312, ""w_2"": 65.696136, ""w_3"": 65.301468, ""w_4"": 64.787872, ""w_5"": 64.768974, ""w_6"": 65.101135, ""w_7"": 65.541687, ""w_8"": 65.594398, ""w_9"": 65.223137, ""w_10"": 65.561852, ""w_11"": 65.689934, ""w_12"": 65.928116, ""w_13"": 66.275627, ""w_14"": 66.30603, ""w_15"": 66.239807, ""w_16"": 66.32, ""w_17"": 66.235176, ""w_18"": 65.742104, ""w_19"": 65.429955, ""w_20"": 65.410789}"
335,AU3CB0258465,2020-06-16,0,factual,"{""w_0"": 64.53199161, ""w_1"": 64.656604155, ""w_2"": 64.83900469999999, ""w_3"": 64.735814, ""w_4"": 64.75272077000001, ""w_5"": 64.82150027, ""w_6"": 65.31409179999999, ""w_7"": 64.85423564999999, ""w_8"": 64.6326378, ""w_9"": 64.6765359, ""w_10"": 65.87326089999999, ""w_11"": 66.727459225, ""w_12"": 66.54053327999999, ""w_13"": 66.06702978, ""w_14"": 66.758870695, ""w_15"": 67.14189144, ""w_16"": 66.2116068, ""w_17"": 66.36497112, ""w_18"": 65.43456135999999, ""w_19"": 65.5887295, ""w_20"": 66.41674536000001}"
335,AU3CB0258465,2020-06-16,0,counterfactual,"{""w_0"": 65.723312, ""w_1"": 65.696136, ""w_2"": 65.301468, ""w_3"": 64.787872, ""w_4"": 64.768974, ""w_5"": 65.101135, ""w_6"": 65.541687, ""w_7"": 65.594398, ""w_8"": 65.223137, ""w_9"": 65.561852, ""w_10"": 65.689934, ""w_11"": 65.928116, ""w_12"": 66.275627, ""w_13"": 66.30603, ""w_14"": 66.239807, ""w_15"": 66.32, ""w_16"": 66.235176, ""w_17"": 65.742104, ""w_18"": 65.429955, ""w_19"": 65.410789, ""w_20"": 65.117439}"
336,AU3CB0258465,2020-06-17,0,factual,"{""w_0"": 64.656604155, ""w_1"": 64.83900469999999, ""w_2"": 64.735814, ""w_3"": 64.75272077000001, ""w_4"": 64.82150027, ""w_5"": 65.31409179999999, ""w_6"": 64.85423564999999, ""w_7"": 64.6326378, ""w_8"": 64.6765359, ""w_9"": 65.87326089999999, ""w_10"": 66.727459225, ""w_11"": 66.54053327999999, ""w_12"": 66.06702978, ""w_13"": 66.758870695, ""w_14"": 67.14189144, ""w_15"": 66.2116068, ""w_16"": 66.36497112, ""w_17"": 65.43456135999999, ""w_18"": 65.5887295, ""w_19"": 66.41674536000001, ""w_20"": 66.27712801}"
336,AU3CB0258465,2020-06-17,0,counterfactual,"{""w_0"": 65.696136, ""w_1"": 65.301468, ""w_2"": 64.787872, ""w_3"": 64.768974, ""w_4"": 65.101135, ""w_5"": 65.541687, ""w_6"": 65.594398, ""w_7"": 65.223137, ""w_8"": 65.561852, ""w_9"": 65.689934, ""w_10"": 65.928116, ""w_11"": 66.275627, ""w_12"": 66.30603, ""w_13"": 66.239807, ""w_14"": 66.32, ""w_15"": 66.235176, ""w_16"": 65.742104, ""w_17"": 65.429955, ""w_18"": 65.410789, ""w_19"": 65.117439, ""w_20"": 64.588081}"
337,AU3CB0258465,2020-06-18,0,factual,"{""w_0"": 64.83900469999999, ""w_1"": 64.735814, ""w_2"": 64.75272077000001, ""w_3"": 64.82150027, ""w_4"": 65.31409179999999, ""w_5"": 64.85423564999999, ""w_6"": 64.6326378, ""w_7"": 64.6765359, ""w_8"": 65.87326089999999, ""w_9"": 66.727459225, ""w_10"": 66.54053327999999, ""w_11"": 66.06702978, ""w_12"": 66.758870695, ""w_13"": 67.14189144, ""w_14"": 66.2116068, ""w_15"": 66.36497112, ""w_16"": 65.43456135999999, ""w_17"": 65.5887295, ""w_18"": 66.41674536000001, ""w_19"": 66.27712801, ""w_20"": 66.23356536499999}"
337,AU3CB0258465,2020-06-18,0,counterfactual,"{""w_0"": 64.656601, ""w_1"": 64.839005, ""w_2"": 64.735817, ""w_3"": 64.752724, ""w_4"": 64.821503, ""w_5"": 65.314095, ""w_6"": 64.854233, ""w_7"": 64.632637, ""w_8"": 64.676537, ""w_9"": 65.87326, ""w_10"": 66.727463, ""w_11"": 66.540535, ""w_12"": 66.067032, ""w_13"": 66.758873, ""w_14"": 67.141891, ""w_15"": 66.211609, ""w_16"": 66.364967, ""w_17"": 65.434563, ""w_18"": 65.58873, ""w_19"": 66.416748, ""w_20"": 66.27713}"
338,AU3CB0258465,2020-06-19,0,factual,"{""w_0"": 64.735814, ""w_1"": 64.75272077000001, ""w_2"": 64.82150027, ""w_3"": 65.31409179999999, ""w_4"": 64.85423564999999, ""w_5"": 64.6326378, ""w_6"": 64.6765359, ""w_7"": 65.87326089999999, ""w_8"": 66.727459225, ""w_9"": 66.54053327999999, ""w_10"": 66.06702978, ""w_11"": 66.758870695, ""w_12"": 67.14189144, ""w_13"": 66.2116068, ""w_14"": 66.36497112, ""w_15"": 65.43456135999999, ""w_16"": 65.5887295, ""w_17"": 66.41674536000001, ""w_18"": 66.27712801, ""w_19"": 66.23356536499999, ""w_20"": 66.25964985}"
338,AU3CB0258465,2020-06-19,0,counterfactual,"{""w_0"": 64.839005, ""w_1"": 64.735817, ""w_2"": 64.752724, ""w_3"": 64.821503, ""w_4"": 65.314095, ""w_5"": 64.854233, ""w_6"": 64.632637, ""w_7"": 64.676537, ""w_8"": 65.87326, ""w_9"": 66.727463, ""w_10"": 66.540535, ""w_11"": 66.067032, ""w_12"": 66.758873, ""w_13"": 67.141891, ""w_14"": 66.211609, ""w_15"": 66.364967, ""w_16"": 65.434563, ""w_17"": 65.58873, ""w_18"": 66.416748, ""w_19"": 66.27713, ""w_20"": 66.233566}"
339,AU3CB0258465,2020-06-22,0,factual,"{""w_0"": 64.75272077000001, ""w_1"": 64.82150027, ""w_2"": 65.31409179999999, ""w_3"": 64.85423564999999, ""w_4"": 64.6326378, ""w_5"": 64.6765359, ""w_6"": 65.87326089999999, ""w_7"": 66.727459225, ""w_8"": 66.54053327999999, ""w_9"": 66.06702978, ""w_10"": 66.758870695, ""w_11"": 67.14189144, ""w_12"": 66.2116068, ""w_13"": 66.36497112, ""w_14"": 65.43456135999999, ""w_15"": 65.5887295, ""w_16"": 66.41674536000001, ""w_17"": 66.27712801, ""w_18"": 66.23356536499999, ""w_19"": 66.25964985, ""w_20"": 66.10620048}"
339,AU3CB0258465,2020-06-22,0,counterfactual,"{""w_0"": 64.656601, ""w_1"": 64.839005, ""w_2"": 64.735817, ""w_3"": 64.752724, ""w_4"": 64.821503, ""w_5"": 65.314095, ""w_6"": 64.854233, ""w_7"": 64.632637, ""w_8"": 64.676537, ""w_9"": 65.87326, ""w_10"": 66.727463, ""w_11"": 66.540535, ""w_12"": 66.067032, ""w_13"": 66.758873, ""w_14"": 67.141891, ""w_15"": 66.211609, ""w_16"": 66.364967, ""w_17"": 65.434563, ""w_18"": 65.58873, ""w_19"": 66.416748, ""w_20"": 66.27713}"
340,AU3CB0258465,2020-06-23,0,factual,"{""w_0"": 64.82150027, ""w_1"": 65.31409179999999, ""w_2"": 64.85423564999999, ""w_3"": 64.6326378, ""w_4"": 64.6765359, ""w_5"": 65.87326089999999, ""w_6"": 66.727459225, ""w_7"": 66.54053327999999, ""w_8"": 66.06702978, ""w_9"": 66.758870695, ""w_10"": 67.14189144, ""w_11"": 66.2116068, ""w_12"": 66.36497112, ""w_13"": 65.43456135999999, ""w_14"": 65.5887295, ""w_15"": 66.41674536000001, ""w_16"": 66.27712801, ""w_17"": 66.23356536499999, ""w_18"": 66.25964985, ""w_19"": 66.10620048, ""w_20"": 66.53128579999999}"
340,AU3CB0258465,2020-06-23,0,counterfactual,"{""w_0"": 64.839005, ""w_1"": 64.735817, ""w_2"": 64.752724, ""w_3"": 64.821503, ""w_4"": 65.314095, ""w_5"": 64.854233, ""w_6"": 64.632637, ""w_7"": 64.676537, ""w_8"": 65.87326, ""w_9"": 66.727463, ""w_10"": 66.540535, ""w_11"": 66.067032, ""w_12"": 66.758873, ""w_13"": 67.141891, ""w_14"": 66.211609, ""w_15"": 66.364967, ""w_16"": 65.434563, ""w_17"": 65.58873, ""w_18"": 66.416748, ""w_19"": 66.27713, ""w_20"": 66.233566}"
341,AU3CB0258465,2020-06-24,0,factual,"{""w_0"": 65.31409179999999, ""w_1"": 64.85423564999999, ""w_2"": 64.6326378, ""w_3"": 64.6765359, ""w_4"": 65.87326089999999, ""w_5"": 66.727459225, ""w_6"": 66.54053327999999, ""w_7"": 66.06702978, ""w_8"": 66.758870695, ""w_9"": 67.14189144, ""w_10"": 66.2116068, ""w_11"": 66.36497112, ""w_12"": 65.43456135999999, ""w_13"": 65.5887295, ""w_14"": 66.41674536000001, ""w_15"": 66.27712801, ""w_16"": 66.23356536499999, ""w_17"": 66.25964985, ""w_18"": 66.10620048, ""w_19"": 66.53128579999999, ""w_20"": 66.432684885}"
341,AU3CB0258465,2020-06-24,0,counterfactual,"{""w_0"": 65.696136, ""w_1"": 65.301468, ""w_2"": 64.787872, ""w_3"": 64.768974, ""w_4"": 65.101135, ""w_5"": 65.541687, ""w_6"": 65.594398, ""w_7"": 65.223137, ""w_8"": 65.561852, ""w_9"": 65.689934, ""w_10"": 65.928116, ""w_11"": 66.275627, ""w_12"": 66.30603, ""w_13"": 66.239807, ""w_14"": 66.32, ""w_15"": 66.235176, ""w_16"": 65.742104, ""w_17"": 65.429955, ""w_18"": 65.410789, ""w_19"": 65.117439, ""w_20"": 64.588081}"
342,AU3CB0258465,2020-06-25,0,factual,"{""w_0"": 64.85423564999999, ""w_1"": 64.6326378, ""w_2"": 64.6765359, ""w_3"": 65.87326089999999, ""w_4"": 66.727459225, ""w_5"": 66.54053327999999, ""w_6"": 66.06702978, ""w_7"": 66.758870695, ""w_8"": 67.14189144, ""w_9"": 66.2116068, ""w_10"": 66.36497112, ""w_11"": 65.43456135999999, ""w_12"": 65.5887295, ""w_13"": 66.41674536000001, ""w_14"": 66.27712801, ""w_15"": 66.23356536499999, ""w_16"": 66.25964985, ""w_17"": 66.10620048, ""w_18"": 66.53128579999999, ""w_19"": 66.432684885, ""w_20"": 65.97026004}"
342,AU3CB0258465,2020-06-25,0,counterfactual,"{""w_0"": 65.588318, ""w_1"": 65.978775, ""w_2"": 65.844696, ""w_3"": 65.920792, ""w_4"": 65.94059, ""w_5"": 65.965111, ""w_6"": 66.089264, ""w_7"": 66.14695, ""w_8"": 65.955719, ""w_9"": 65.851318, ""w_10"": 66.065666, ""w_11"": 65.877708, ""w_12"": 65.695557, ""w_13"": 65.723312, ""w_14"": 65.696136, ""w_15"": 65.301468, ""w_16"": 64.787872, ""w_17"": 64.768974, ""w_18"": 65.101135, ""w_19"": 65.541687, ""w_20"": 65.594398}"
343,AU3CB0258465,2020-06-26,0,factual,"{""w_0"": 64.6326378, ""w_1"": 64.6765359, ""w_2"": 65.87326089999999, ""w_3"": 66.727459225, ""w_4"": 66.54053327999999, ""w_5"": 66.06702978, ""w_6"": 66.758870695, ""w_7"": 67.14189144, ""w_8"": 66.2116068, ""w_9"": 66.36497112, ""w_10"": 65.43456135999999, ""w_11"": 65.5887295, ""w_12"": 66.41674536000001, ""w_13"": 66.27712801, ""w_14"": 66.23356536499999, ""w_15"": 66.25964985, ""w_16"": 66.10620048, ""w_17"": 66.53128579999999, ""w_18"": 66.432684885, ""w_19"": 65.97026004, ""w_20"": 66.45345694000001}"
343,AU3CB0258465,2020-06-26,0,counterfactual,"{""w_0"": 64.854233, ""w_1"": 64.632637, ""w_2"": 64.676537, ""w_3"": 65.87326, ""w_4"": 66.727463, ""w_5"": 66.540535, ""w_6"": 66.067032, ""w_7"": 66.758873, ""w_8"": 67.141891, ""w_9"": 66.211609, ""w_10"": 66.364967, ""w_11"": 65.434563, ""w_12"": 65.58873, ""w_13"": 66.416748, ""w_14"": 66.27713, ""w_15"": 66.233566, ""w_16"": 66.259651, ""w_17"": 66.106201, ""w_18"": 66.531288, ""w_19"": 66.432686, ""w_20"": 65.970261}"
344,AU3CB0258465,2020-06-29,0,factual,"{""w_0"": 64.6765359, ""w_1"": 65.87326089999999, ""w_2"": 66.727459225, ""w_3"": 66.54053327999999, ""w_4"": 66.06702978, ""w_5"": 66.758870695, ""w_6"": 67.14189144, ""w_7"": 66.2116068, ""w_8"": 66.36497112, ""w_9"": 65.43456135999999, ""w_10"": 65.5887295, ""w_11"": 66.41674536000001, ""w_12"": 66.27712801, ""w_13"": 66.23356536499999, ""w_14"": 66.25964985, ""w_15"": 66.10620048, ""w_16"": 66.53128579999999, ""w_17"": 66.432684885, ""w_18"": 65.97026004, ""w_19"": 66.45345694000001, ""w_20"": 66.18817584000001}"
344,AU3CB0258465,2020-06-29,0,counterfactual,"{""w_0"": 65.851318, ""w_1"": 66.065666, ""w_2"": 65.877708, ""w_3"": 65.695557, ""w_4"": 65.723312, ""w_5"": 65.696136, ""w_6"": 65.301468, ""w_7"": 64.787872, ""w_8"": 64.768974, ""w_9"": 65.101135, ""w_10"": 65.541687, ""w_11"": 65.594398, ""w_12"": 65.223137, ""w_13"": 65.561852, ""w_14"": 65.689934, ""w_15"": 65.928116, ""w_16"": 66.275627, ""w_17"": 66.30603, ""w_18"": 66.239807, ""w_19"": 66.32, ""w_20"": 66.235176}"
345,AU3CB0258465,2020-06-30,0,factual,"{""w_0"": 65.87326089999999, ""w_1"": 66.727459225, ""w_2"": 66.54053327999999, ""w_3"": 66.06702978, ""w_4"": 66.758870695, ""w_5"": 67.14189144, ""w_6"": 66.2116068, ""w_7"": 66.36497112, ""w_8"": 65.43456135999999, ""w_9"": 65.5887295, ""w_10"": 66.41674536000001, ""w_11"": 66.27712801, ""w_12"": 66.23356536499999, ""w_13"": 66.25964985, ""w_14"": 66.10620048, ""w_15"": 66.53128579999999, ""w_16"": 66.432684885, ""w_17"": 65.97026004, ""w_18"": 66.45345694000001, ""w_19"": 66.18817584000001, ""w_20"": 66.167745515}"
345,AU3CB0258465,2020-06-30,0,counterfactual,"{""w_0"": 65.851318, ""w_1"": 66.065666, ""w_2"": 65.877708, ""w_3"": 65.695557, ""w_4"": 65.723312, ""w_5"": 65.696136, ""w_6"": 65.301468, ""w_7"": 64.787872, ""w_8"": 64.768974, ""w_9"": 65.101135, ""w_10"": 65.541687, ""w_11"": 65.594398, ""w_12"": 65.223137, ""w_13"": 65.561852, ""w_14"": 65.689934, ""w_15"": 65.928116, ""w_16"": 66.275627, ""w_17"": 66.30603, ""w_18"": 66.239807, ""w_19"": 66.32, ""w_20"": 66.235176}"
346,AU3CB0258465,2020-07-01,0,factual,"{""w_0"": 66.727459225, ""w_1"": 66.54053327999999, ""w_2"": 66.06702978, ""w_3"": 66.758870695, ""w_4"": 67.14189144, ""w_5"": 66.2116068, ""w_6"": 66.36497112, ""w_7"": 65.43456135999999, ""w_8"": 65.5887295, ""w_9"": 66.41674536000001, ""w_10"": 66.27712801, ""w_11"": 66.23356536499999, ""w_12"": 66.25964985, ""w_13"": 66.10620048, ""w_14"": 66.53128579999999, ""w_15"": 66.432684885, ""w_16"": 65.97026004, ""w_17"": 66.45345694000001, ""w_18"": 66.18817584000001, ""w_19"": 66.167745515, ""w_20"": 66.484534}"
346,AU3CB0258465,2020-07-01,0,counterfactual,"{""w_0"": 65.955719, ""w_1"": 65.851318, ""w_2"": 66.065666, ""w_3"": 65.877708, ""w_4"": 65.695557, ""w_5"": 65.723312, ""w_6"": 65.696136, ""w_7"": 65.301468, ""w_8"": 64.787872, ""w_9"": 64.768974, ""w_10"": 65.101135, ""w_11"": 65.541687, ""w_12"": 65.594398, ""w_13"": 65.223137, ""w_14"": 65.561852, ""w_15"": 65.689934, ""w_16"": 65.928116, ""w_17"": 66.275627, ""w_18"": 66.30603, ""w_19"": 66.239807, ""w_20"": 66.32}"
347,AU3CB0258465,2020-07-02,0,factual,"{""w_0"": 66.54053327999999, ""w_1"": 66.06702978, ""w_2"": 66.758870695, ""w_3"": 67.14189144, ""w_4"": 66.2116068, ""w_5"": 66.36497112, ""w_6"": 65.43456135999999, ""w_7"": 65.5887295, ""w_8"": 66.41674536000001, ""w_9"": 66.27712801, ""w_10"": 66.23356536499999, ""w_11"": 66.25964985, ""w_12"": 66.10620048, ""w_13"": 66.53128579999999, ""w_14"": 66.432684885, ""w_15"": 65.97026004, ""w_16"": 66.45345694000001, ""w_17"": 66.18817584000001, ""w_18"": 66.167745515, ""w_19"": 66.484534, ""w_20"": 66.551767}"
347,AU3CB0258465,2020-07-02,0,counterfactual,"{""w_0"": 65.851318, ""w_1"": 66.065666, ""w_2"": 65.877708, ""w_3"": 65.695557, ""w_4"": 65.723312, ""w_5"": 65.696136, ""w_6"": 65.301468, ""w_7"": 64.787872, ""w_8"": 64.768974, ""w_9"": 65.101135, ""w_10"": 65.541687, ""w_11"": 65.594398, ""w_12"": 65.223137, ""w_13"": 65.561852, ""w_14"": 65.689934, ""w_15"": 65.928116, ""w_16"": 66.275627, ""w_17"": 66.30603, ""w_18"": 66.239807, ""w_19"": 66.32, ""w_20"": 66.235176}"
348,AU3CB0258465,2020-07-03,0,factual,"{""w_0"": 66.06702978, ""w_1"": 66.758870695, ""w_2"": 67.14189144, ""w_3"": 66.2116068, ""w_4"": 66.36497112, ""w_5"": 65.43456135999999, ""w_6"": 65.5887295, ""w_7"": 66.41674536000001, ""w_8"": 66.27712801, ""w_9"": 66.23356536499999, ""w_10"": 66.25964985, ""w_11"": 66.10620048, ""w_12"": 66.53128579999999, ""w_13"": 66.432684885, ""w_14"": 65.97026004, ""w_15"": 66.45345694000001, ""w_16"": 66.18817584000001, ""w_17"": 66.167745515, ""w_18"": 66.484534, ""w_19"": 66.551767, ""w_20"": 66.75032573}"
348,AU3CB0258465,2020-07-03,0,counterfactual,"{""w_0"": 66.065666, ""w_1"": 65.877708, ""w_2"": 65.695557, ""w_3"": 65.723312, ""w_4"": 65.696136, ""w_5"": 65.301468, ""w_6"": 64.787872, ""w_7"": 64.768974, ""w_8"": 65.101135, ""w_9"": 65.541687, ""w_10"": 65.594398, ""w_11"": 65.223137, ""w_12"": 65.561852, ""w_13"": 65.689934, ""w_14"": 65.928116, ""w_15"": 66.275627, ""w_16"": 66.30603, ""w_17"": 66.239807, ""w_18"": 66.32, ""w_19"": 66.235176, ""w_20"": 65.742104}"
349,AU3CB0258465,2020-07-06,0,factual,"{""w_0"": 66.758870695, ""w_1"": 67.14189144, ""w_2"": 66.2116068, ""w_3"": 66.36497112, ""w_4"": 65.43456135999999, ""w_5"": 65.5887295, ""w_6"": 66.41674536000001, ""w_7"": 66.27712801, ""w_8"": 66.23356536499999, ""w_9"": 66.25964985, ""w_10"": 66.10620048, ""w_11"": 66.53128579999999, ""w_12"": 66.432684885, ""w_13"": 65.97026004, ""w_14"": 66.45345694000001, ""w_15"": 66.18817584000001, ""w_16"": 66.167745515, ""w_17"": 66.484534, ""w_18"": 66.551767, ""w_19"": 66.75032573, ""w_20"": 66.9626888}"
349,AU3CB0258465,2020-07-06,0,counterfactual,"{""w_0"": 65.955719, ""w_1"": 65.851318, ""w_2"": 66.065666, ""w_3"": 65.877708, ""w_4"": 65.695557, ""w_5"": 65.723312, ""w_6"": 65.696136, ""w_7"": 65.301468, ""w_8"": 64.787872, ""w_9"": 64.768974, ""w_10"": 65.101135, ""w_11"": 65.541687, ""w_12"": 65.594398, ""w_13"": 65.223137, ""w_14"": 65.561852, ""w_15"": 65.689934, ""w_16"": 65.928116, ""w_17"": 66.275627, ""w_18"": 66.30603, ""w_19"": 66.239807, ""w_20"": 66.32}"
350,AU3CB0258465,2020-07-07,0,factual,"{""w_0"": 67.14189144, ""w_1"": 66.2116068, ""w_2"": 66.36497112, ""w_3"": 65.43456135999999, ""w_4"": 65.5887295, ""w_5"": 66.41674536000001, ""w_6"": 66.27712801, ""w_7"": 66.23356536499999, ""w_8"": 66.25964985, ""w_9"": 66.10620048, ""w_10"": 66.53128579999999, ""w_11"": 66.432684885, ""w_12"": 65.97026004, ""w_13"": 66.45345694000001, ""w_14"": 66.18817584000001, ""w_15"": 66.167745515, ""w_16"": 66.484534, ""w_17"": 66.551767, ""w_18"": 66.75032573, ""w_19"": 66.9626888, ""w_20"": 66.8309502315}"
350,AU3CB0258465,2020-07-07,0,counterfactual,"{""w_0"": 66.727463, ""w_1"": 66.540535, ""w_2"": 66.067032, ""w_3"": 66.758873, ""w_4"": 67.141891, ""w_5"": 66.211609, ""w_6"": 66.364967, ""w_7"": 65.434563, ""w_8"": 65.58873, ""w_9"": 66.416748, ""w_10"": 66.27713, ""w_11"": 66.233566, ""w_12"": 66.259651, ""w_13"": 66.106201, ""w_14"": 66.531288, ""w_15"": 66.432686, ""w_16"": 65.970261, ""w_17"": 66.453461, ""w_18"": 66.188179, ""w_19"": 66.167747, ""w_20"": 66.484535}"
351,AU3CB0258465,2020-07-08,0,factual,"{""w_0"": 66.2116068, ""w_1"": 66.36497112, ""w_2"": 65.43456135999999, ""w_3"": 65.5887295, ""w_4"": 66.41674536000001, ""w_5"": 66.27712801, ""w_6"": 66.23356536499999, ""w_7"": 66.25964985, ""w_8"": 66.10620048, ""w_9"": 66.53128579999999, ""w_10"": 66.432684885, ""w_11"": 65.97026004, ""w_12"": 66.45345694000001, ""w_13"": 66.18817584000001, ""w_14"": 66.167745515, ""w_15"": 66.484534, ""w_16"": 66.551767, ""w_17"": 66.75032573, ""w_18"": 66.9626888, ""w_19"": 66.8309502315, ""w_20"": 66.79034428}"
351,AU3CB0258465,2020-07-08,0,counterfactual,"{""w_0"": 66.065666, ""w_1"": 65.877708, ""w_2"": 65.695557, ""w_3"": 65.723312, ""w_4"": 65.696136, ""w_5"": 65.301468, ""w_6"": 64.787872, ""w_7"": 64.768974, ""w_8"": 65.101135, ""w_9"": 65.541687, ""w_10"": 65.594398, ""w_11"": 65.223137, ""w_12"": 65.561852, ""w_13"": 65.689934, ""w_14"": 65.928116, ""w_15"": 66.275627, ""w_16"": 66.30603, ""w_17"": 66.239807, ""w_18"": 66.32, ""w_19"": 66.235176, ""w_20"": 65.742104}"
352,AU3CB0258465,2020-07-09,0,factual,"{""w_0"": 66.36497112, ""w_1"": 65.43456135999999, ""w_2"": 65.5887295, ""w_3"": 66.41674536000001, ""w_4"": 66.27712801, ""w_5"": 66.23356536499999, ""w_6"": 66.25964985, ""w_7"": 66.10620048, ""w_8"": 66.53128579999999, ""w_9"": 66.432684885, ""w_10"": 65.97026004, ""w_11"": 66.45345694000001, ""w_12"": 66.18817584000001, ""w_13"": 66.167745515, ""w_14"": 66.484534, ""w_15"": 66.551767, ""w_16"": 66.75032573, ""w_17"": 66.9626888, ""w_18"": 66.8309502315, ""w_19"": 66.79034428, ""w_20"": 66.86909969999999}"
352,AU3CB0258465,2020-07-09,0,counterfactual,"{""w_0"": 66.065666, ""w_1"": 65.877708, ""w_2"": 65.695557, ""w_3"": 65.723312, ""w_4"": 65.696136, ""w_5"": 65.301468, ""w_6"": 64.787872, ""w_7"": 64.768974, ""w_8"": 65.101135, ""w_9"": 65.541687, ""w_10"": 65.594398, ""w_11"": 65.223137, ""w_12"": 65.561852, ""w_13"": 65.689934, ""w_14"": 65.928116, ""w_15"": 66.275627, ""w_16"": 66.30603, ""w_17"": 66.239807, ""w_18"": 66.32, ""w_19"": 66.235176, ""w_20"": 65.742104}"
353,AU3CB0258465,2020-07-10,0,factual,"{""w_0"": 65.43456135999999, ""w_1"": 65.5887295, ""w_2"": 66.41674536000001, ""w_3"": 66.27712801, ""w_4"": 66.23356536499999, ""w_5"": 66.25964985, ""w_6"": 66.10620048, ""w_7"": 66.53128579999999, ""w_8"": 66.432684885, ""w_9"": 65.97026004, ""w_10"": 66.45345694000001, ""w_11"": 66.18817584000001, ""w_12"": 66.167745515, ""w_13"": 66.484534, ""w_14"": 66.551767, ""w_15"": 66.75032573, ""w_16"": 66.9626888, ""w_17"": 66.8309502315, ""w_18"": 66.79034428, ""w_19"": 66.86909969999999, ""w_20"": 66.90838427}"
353,AU3CB0258465,2020-07-10,0,counterfactual,"{""w_0"": 65.877708, ""w_1"": 65.695557, ""w_2"": 65.723312, ""w_3"": 65.696136, ""w_4"": 65.301468, ""w_5"": 64.787872, ""w_6"": 64.768974, ""w_7"": 65.101135, ""w_8"": 65.541687, ""w_9"": 65.594398, ""w_10"": 65.223137, ""w_11"": 65.561852, ""w_12"": 65.689934, ""w_13"": 65.928116, ""w_14"": 66.275627, ""w_15"": 66.30603, ""w_16"": 66.239807, ""w_17"": 66.32, ""w_18"": 66.235176, ""w_19"": 65.742104, ""w_20"": 65.429955}"
355,AU3CB0258465,2020-07-14,0,factual,"{""w_0"": 66.41674536000001, ""w_1"": 66.27712801, ""w_2"": 66.23356536499999, ""w_3"": 66.25964985, ""w_4"": 66.10620048, ""w_5"": 66.53128579999999, ""w_6"": 66.432684885, ""w_7"": 65.97026004, ""w_8"": 66.45345694000001, ""w_9"": 66.18817584000001, ""w_10"": 66.167745515, ""w_11"": 66.484534, ""w_12"": 66.551767, ""w_13"": 66.75032573, ""w_14"": 66.9626888, ""w_15"": 66.8309502315, ""w_16"": 66.79034428, ""w_17"": 66.86909969999999, ""w_18"": 66.90838427, ""w_19"": 66.653961645, ""w_20"": 66.2759234}"
355,AU3CB0258465,2020-07-14,0,counterfactual,"{""w_0"": 65.58873, ""w_1"": 66.416748, ""w_2"": 66.27713, ""w_3"": 66.233566, ""w_4"": 66.259651, ""w_5"": 66.106201, ""w_6"": 66.531288, ""w_7"": 66.432686, ""w_8"": 65.970261, ""w_9"": 66.453461, ""w_10"": 66.188179, ""w_11"": 66.167747, ""w_12"": 66.484535, ""w_13"": 66.551765, ""w_14"": 66.750328, ""w_15"": 66.962692, ""w_16"": 66.830948, ""w_17"": 66.790344, ""w_18"": 66.869102, ""w_19"": 66.908386, ""w_20"": 66.653961}"
354,AU3CB0258465,2020-07-13,0,factual,"{""w_0"": 65.5887295, ""w_1"": 66.41674536000001, ""w_2"": 66.27712801, ""w_3"": 66.23356536499999, ""w_4"": 66.25964985, ""w_5"": 66.10620048, ""w_6"": 66.53128579999999, ""w_7"": 66.432684885, ""w_8"": 65.97026004, ""w_9"": 66.45345694000001, ""w_10"": 66.18817584000001, ""w_11"": 66.167745515, ""w_12"": 66.484534, ""w_13"": 66.551767, ""w_14"": 66.75032573, ""w_15"": 66.9626888, ""w_16"": 66.8309502315, ""w_17"": 66.79034428, ""w_18"": 66.86909969999999, ""w_19"": 66.90838427, ""w_20"": 66.653961645}"
354,AU3CB0258465,2020-07-13,0,counterfactual,"{""w_0"": 65.434563, ""w_1"": 65.58873, ""w_2"": 66.416748, ""w_3"": 66.27713, ""w_4"": 66.233566, ""w_5"": 66.259651, ""w_6"": 66.106201, ""w_7"": 66.531288, ""w_8"": 66.432686, ""w_9"": 65.970261, ""w_10"": 66.453461, ""w_11"": 66.188179, ""w_12"": 66.167747, ""w_13"": 66.484535, ""w_14"": 66.551765, ""w_15"": 66.750328, ""w_16"": 66.962692, ""w_17"": 66.830948, ""w_18"": 66.790344, ""w_19"": 66.869102, ""w_20"": 66.908386}"
356,AU3CB0258465,2020-07-15,0,factual,"{""w_0"": 66.27712801, ""w_1"": 66.23356536499999, ""w_2"": 66.25964985, ""w_3"": 66.10620048, ""w_4"": 66.53128579999999, ""w_5"": 66.432684885, ""w_6"": 65.97026004, ""w_7"": 66.45345694000001, ""w_8"": 66.18817584000001, ""w_9"": 66.167745515, ""w_10"": 66.484534, ""w_11"": 66.551767, ""w_12"": 66.75032573, ""w_13"": 66.9626888, ""w_14"": 66.8309502315, ""w_15"": 66.79034428, ""w_16"": 66.86909969999999, ""w_17"": 66.90838427, ""w_18"": 66.653961645, ""w_19"": 66.2759234, ""w_20"": 66.39121699}"
356,AU3CB0258465,2020-07-15,0,counterfactual,"{""w_0"": 64.787872, ""w_1"": 64.768974, ""w_2"": 65.101135, ""w_3"": 65.541687, ""w_4"": 65.594398, ""w_5"": 65.223137, ""w_6"": 65.561852, ""w_7"": 65.689934, ""w_8"": 65.928116, ""w_9"": 66.275627, ""w_10"": 66.30603, ""w_11"": 66.239807, ""w_12"": 66.32, ""w_13"": 66.235176, ""w_14"": 65.742104, ""w_15"": 65.429955, ""w_16"": 65.410789, ""w_17"": 65.117439, ""w_18"": 64.588081, ""w_19"": 64.459587, ""w_20"": 63.441372}"
357,AU3CB0258465,2020-07-16,0,factual,"{""w_0"": 66.23356536499999, ""w_1"": 66.25964985, ""w_2"": 66.10620048, ""w_3"": 66.53128579999999, ""w_4"": 66.432684885, ""w_5"": 65.97026004, ""w_6"": 66.45345694000001, ""w_7"": 66.18817584000001, ""w_8"": 66.167745515, ""w_9"": 66.484534, ""w_10"": 66.551767, ""w_11"": 66.75032573, ""w_12"": 66.9626888, ""w_13"": 66.8309502315, ""w_14"": 66.79034428, ""w_15"": 66.86909969999999, ""w_16"": 66.90838427, ""w_17"": 66.653961645, ""w_18"": 66.2759234, ""w_19"": 66.39121699, ""w_20"": 66.5420505}"
357,AU3CB0258465,2020-07-16,0,counterfactual,"{""w_0"": 66.27713, ""w_1"": 66.233566, ""w_2"": 66.259651, ""w_3"": 66.106201, ""w_4"": 66.531288, ""w_5"": 66.432686, ""w_6"": 65.970261, ""w_7"": 66.453461, ""w_8"": 66.188179, ""w_9"": 66.167747, ""w_10"": 66.484535, ""w_11"": 66.551765, ""w_12"": 66.750328, ""w_13"": 66.962692, ""w_14"": 66.830948, ""w_15"": 66.790344, ""w_16"": 66.869102, ""w_17"": 66.908386, ""w_18"": 66.653961, ""w_19"": 66.275925, ""w_20"": 66.39122}"
358,AU3CB0258465,2020-07-17,0,factual,"{""w_0"": 66.25964985, ""w_1"": 66.10620048, ""w_2"": 66.53128579999999, ""w_3"": 66.432684885, ""w_4"": 65.97026004, ""w_5"": 66.45345694000001, ""w_6"": 66.18817584000001, ""w_7"": 66.167745515, ""w_8"": 66.484534, ""w_9"": 66.551767, ""w_10"": 66.75032573, ""w_11"": 66.9626888, ""w_12"": 66.8309502315, ""w_13"": 66.79034428, ""w_14"": 66.86909969999999, ""w_15"": 66.90838427, ""w_16"": 66.653961645, ""w_17"": 66.2759234, ""w_18"": 66.39121699, ""w_19"": 66.5420505, ""w_20"": 66.4242722}"
358,AU3CB0258465,2020-07-17,0,counterfactual,"{""w_0"": 66.233566, ""w_1"": 66.259651, ""w_2"": 66.106201, ""w_3"": 66.531288, ""w_4"": 66.432686, ""w_5"": 65.970261, ""w_6"": 66.453461, ""w_7"": 66.188179, ""w_8"": 66.167747, ""w_9"": 66.484535, ""w_10"": 66.551765, ""w_11"": 66.750328, ""w_12"": 66.962692, ""w_13"": 66.830948, ""w_14"": 66.790344, ""w_15"": 66.869102, ""w_16"": 66.908386, ""w_17"": 66.653961, ""w_18"": 66.275925, ""w_19"": 66.39122, ""w_20"": 66.542053}"
359,AU3CB0258465,2020-07-20,0,factual,"{""w_0"": 66.10620048, ""w_1"": 66.53128579999999, ""w_2"": 66.432684885, ""w_3"": 65.97026004, ""w_4"": 66.45345694000001, ""w_5"": 66.18817584000001, ""w_6"": 66.167745515, ""w_7"": 66.484534, ""w_8"": 66.551767, ""w_9"": 66.75032573, ""w_10"": 66.9626888, ""w_11"": 66.8309502315, ""w_12"": 66.79034428, ""w_13"": 66.86909969999999, ""w_14"": 66.90838427, ""w_15"": 66.653961645, ""w_16"": 66.2759234, ""w_17"": 66.39121699, ""w_18"": 66.5420505, ""w_19"": 66.4242722, ""w_20"": 66.4064475}"
359,AU3CB0258465,2020-07-20,0,counterfactual,"{""w_0"": 66.27713, ""w_1"": 66.233566, ""w_2"": 66.259651, ""w_3"": 66.106201, ""w_4"": 66.531288, ""w_5"": 66.432686, ""w_6"": 65.970261, ""w_7"": 66.453461, ""w_8"": 66.188179, ""w_9"": 66.167747, ""w_10"": 66.484535, ""w_11"": 66.551765, ""w_12"": 66.750328, ""w_13"": 66.962692, ""w_14"": 66.830948, ""w_15"": 66.790344, ""w_16"": 66.869102, ""w_17"": 66.908386, ""w_18"": 66.653961, ""w_19"": 66.275925, ""w_20"": 66.39122}"
360,AU3CB0258465,2020-07-21,0,factual,"{""w_0"": 66.53128579999999, ""w_1"": 66.432684885, ""w_2"": 65.97026004, ""w_3"": 66.45345694000001, ""w_4"": 66.18817584000001, ""w_5"": 66.167745515, ""w_6"": 66.484534, ""w_7"": 66.551767, ""w_8"": 66.75032573, ""w_9"": 66.9626888, ""w_10"": 66.8309502315, ""w_11"": 66.79034428, ""w_12"": 66.86909969999999, ""w_13"": 66.90838427, ""w_14"": 66.653961645, ""w_15"": 66.2759234, ""w_16"": 66.39121699, ""w_17"": 66.5420505, ""w_18"": 66.4242722, ""w_19"": 66.4064475, ""w_20"": 66.54720227}"
360,AU3CB0258465,2020-07-21,0,counterfactual,"{""w_0"": 64.768974, ""w_1"": 65.101135, ""w_2"": 65.541687, ""w_3"": 65.594398, ""w_4"": 65.223137, ""w_5"": 65.561852, ""w_6"": 65.689934, ""w_7"": 65.928116, ""w_8"": 66.275627, ""w_9"": 66.30603, ""w_10"": 66.239807, ""w_11"": 66.32, ""w_12"": 66.235176, ""w_13"": 65.742104, ""w_14"": 65.429955, ""w_15"": 65.410789, ""w_16"": 65.117439, ""w_17"": 64.588081, ""w_18"": 64.459587, ""w_19"": 63.441372, ""w_20"": 63.153713}"
361,AU3CB0258465,2020-07-22,0,factual,"{""w_0"": 66.432684885, ""w_1"": 65.97026004, ""w_2"": 66.45345694000001, ""w_3"": 66.18817584000001, ""w_4"": 66.167745515, ""w_5"": 66.484534, ""w_6"": 66.551767, ""w_7"": 66.75032573, ""w_8"": 66.9626888, ""w_9"": 66.8309502315, ""w_10"": 66.79034428, ""w_11"": 66.86909969999999, ""w_12"": 66.90838427, ""w_13"": 66.653961645, ""w_14"": 66.2759234, ""w_15"": 66.39121699, ""w_16"": 66.5420505, ""w_17"": 66.4242722, ""w_18"": 66.4064475, ""w_19"": 66.54720227, ""w_20"": 67.167442935}"
361,AU3CB0258465,2020-07-22,0,counterfactual,"{""w_0"": 66.531288, ""w_1"": 66.432686, ""w_2"": 65.970261, ""w_3"": 66.453461, ""w_4"": 66.188179, ""w_5"": 66.167747, ""w_6"": 66.484535, ""w_7"": 66.551765, ""w_8"": 66.750328, ""w_9"": 66.962692, ""w_10"": 66.830948, ""w_11"": 66.790344, ""w_12"": 66.869102, ""w_13"": 66.908386, ""w_14"": 66.653961, ""w_15"": 66.275925, ""w_16"": 66.39122, ""w_17"": 66.542053, ""w_18"": 66.424271, ""w_19"": 66.406448, ""w_20"": 66.547203}"
362,AU3CB0258465,2020-07-23,0,factual,"{""w_0"": 65.97026004, ""w_1"": 66.45345694000001, ""w_2"": 66.18817584000001, ""w_3"": 66.167745515, ""w_4"": 66.484534, ""w_5"": 66.551767, ""w_6"": 66.75032573, ""w_7"": 66.9626888, ""w_8"": 66.8309502315, ""w_9"": 66.79034428, ""w_10"": 66.86909969999999, ""w_11"": 66.90838427, ""w_12"": 66.653961645, ""w_13"": 66.2759234, ""w_14"": 66.39121699, ""w_15"": 66.5420505, ""w_16"": 66.4242722, ""w_17"": 66.4064475, ""w_18"": 66.54720227, ""w_19"": 67.167442935, ""w_20"": 67.02693359999999}"
362,AU3CB0258465,2020-07-23,0,counterfactual,"{""w_0"": 66.106201, ""w_1"": 66.531288, ""w_2"": 66.432686, ""w_3"": 65.970261, ""w_4"": 66.453461, ""w_5"": 66.188179, ""w_6"": 66.167747, ""w_7"": 66.484535, ""w_8"": 66.551765, ""w_9"": 66.750328, ""w_10"": 66.962692, ""w_11"": 66.830948, ""w_12"": 66.790344, ""w_13"": 66.869102, ""w_14"": 66.908386, ""w_15"": 66.653961, ""w_16"": 66.275925, ""w_17"": 66.39122, ""w_18"": 66.542053, ""w_19"": 66.424271, ""w_20"": 66.406448}"
363,AU3CB0258465,2020-07-24,0,factual,"{""w_0"": 66.45345694000001, ""w_1"": 66.18817584000001, ""w_2"": 66.167745515, ""w_3"": 66.484534, ""w_4"": 66.551767, ""w_5"": 66.75032573, ""w_6"": 66.9626888, ""w_7"": 66.8309502315, ""w_8"": 66.79034428, ""w_9"": 66.86909969999999, ""w_10"": 66.90838427, ""w_11"": 66.653961645, ""w_12"": 66.2759234, ""w_13"": 66.39121699, ""w_14"": 66.5420505, ""w_15"": 66.4242722, ""w_16"": 66.4064475, ""w_17"": 66.54720227, ""w_18"": 67.167442935, ""w_19"": 67.02693359999999, ""w_20"": 66.49443864}"
363,AU3CB0258465,2020-07-24,0,counterfactual,"{""w_0"": 66.531288, ""w_1"": 66.432686, ""w_2"": 65.970261, ""w_3"": 66.453461, ""w_4"": 66.188179, ""w_5"": 66.167747, ""w_6"": 66.484535, ""w_7"": 66.551765, ""w_8"": 66.750328, ""w_9"": 66.962692, ""w_10"": 66.830948, ""w_11"": 66.790344, ""w_12"": 66.869102, ""w_13"": 66.908386, ""w_14"": 66.653961, ""w_15"": 66.275925, ""w_16"": 66.39122, ""w_17"": 66.542053, ""w_18"": 66.424271, ""w_19"": 66.406448, ""w_20"": 66.547203}"
364,AU3CB0258465,2020-07-27,0,factual,"{""w_0"": 66.18817584000001, ""w_1"": 66.167745515, ""w_2"": 66.484534, ""w_3"": 66.551767, ""w_4"": 66.75032573, ""w_5"": 66.9626888, ""w_6"": 66.8309502315, ""w_7"": 66.79034428, ""w_8"": 66.86909969999999, ""w_9"": 66.90838427, ""w_10"": 66.653961645, ""w_11"": 66.2759234, ""w_12"": 66.39121699, ""w_13"": 66.5420505, ""w_14"": 66.4242722, ""w_15"": 66.4064475, ""w_16"": 66.54720227, ""w_17"": 67.167442935, ""w_18"": 67.02693359999999, ""w_19"": 66.49443864, ""w_20"": 66.15204672}"
364,AU3CB0258465,2020-07-27,0,counterfactual,"{""w_0"": 66.432686, ""w_1"": 65.970261, ""w_2"": 66.453461, ""w_3"": 66.188179, ""w_4"": 66.167747, ""w_5"": 66.484535, ""w_6"": 66.551765, ""w_7"": 66.750328, ""w_8"": 66.962692, ""w_9"": 66.830948, ""w_10"": 66.790344, ""w_11"": 66.869102, ""w_12"": 66.908386, ""w_13"": 66.653961, ""w_14"": 66.275925, ""w_15"": 66.39122, ""w_16"": 66.542053, ""w_17"": 66.424271, ""w_18"": 66.406448, ""w_19"": 66.547203, ""w_20"": 67.167442}"
365,AU3CB0258465,2020-07-28,0,factual,"{""w_0"": 66.167745515, ""w_1"": 66.484534, ""w_2"": 66.551767, ""w_3"": 66.75032573, ""w_4"": 66.9626888, ""w_5"": 66.8309502315, ""w_6"": 66.79034428, ""w_7"": 66.86909969999999, ""w_8"": 66.90838427, ""w_9"": 66.653961645, ""w_10"": 66.2759234, ""w_11"": 66.39121699, ""w_12"": 66.5420505, ""w_13"": 66.4242722, ""w_14"": 66.4064475, ""w_15"": 66.54720227, ""w_16"": 67.167442935, ""w_17"": 67.02693359999999, ""w_18"": 66.49443864, ""w_19"": 66.15204672, ""w_20"": 66.04865099999999}"
365,AU3CB0258465,2020-07-28,0,counterfactual,"{""w_0"": 66.233566, ""w_1"": 66.259651, ""w_2"": 66.106201, ""w_3"": 66.531288, ""w_4"": 66.432686, ""w_5"": 65.970261, ""w_6"": 66.453461, ""w_7"": 66.188179, ""w_8"": 66.167747, ""w_9"": 66.484535, ""w_10"": 66.551765, ""w_11"": 66.750328, ""w_12"": 66.962692, ""w_13"": 66.830948, ""w_14"": 66.790344, ""w_15"": 66.869102, ""w_16"": 66.908386, ""w_17"": 66.653961, ""w_18"": 66.275925, ""w_19"": 66.39122, ""w_20"": 66.542053}"
366,AU3CB0258465,2020-07-29,0,factual,"{""w_0"": 66.484534, ""w_1"": 66.551767, ""w_2"": 66.75032573, ""w_3"": 66.9626888, ""w_4"": 66.8309502315, ""w_5"": 66.79034428, ""w_6"": 66.86909969999999, ""w_7"": 66.90838427, ""w_8"": 66.653961645, ""w_9"": 66.2759234, ""w_10"": 66.39121699, ""w_11"": 66.5420505, ""w_12"": 66.4242722, ""w_13"": 66.4064475, ""w_14"": 66.54720227, ""w_15"": 67.167442935, ""w_16"": 67.02693359999999, ""w_17"": 66.49443864, ""w_18"": 66.15204672, ""w_19"": 66.04865099999999, ""w_20"": 66.34492125}"
366,AU3CB0258465,2020-07-29,0,counterfactual,"{""w_0"": 66.188179, ""w_1"": 66.167747, ""w_2"": 66.484535, ""w_3"": 66.551765, ""w_4"": 66.750328, ""w_5"": 66.962692, ""w_6"": 66.830948, ""w_7"": 66.790344, ""w_8"": 66.869102, ""w_9"": 66.908386, ""w_10"": 66.653961, ""w_11"": 66.275925, ""w_12"": 66.39122, ""w_13"": 66.542053, ""w_14"": 66.424271, ""w_15"": 66.406448, ""w_16"": 66.547203, ""w_17"": 67.167442, ""w_18"": 67.026932, ""w_19"": 66.494438, ""w_20"": 66.152046}"
367,AU3CB0258465,2020-07-30,0,factual,"{""w_0"": 66.551767, ""w_1"": 66.75032573, ""w_2"": 66.9626888, ""w_3"": 66.8309502315, ""w_4"": 66.79034428, ""w_5"": 66.86909969999999, ""w_6"": 66.90838427, ""w_7"": 66.653961645, ""w_8"": 66.2759234, ""w_9"": 66.39121699, ""w_10"": 66.5420505, ""w_11"": 66.4242722, ""w_12"": 66.4064475, ""w_13"": 66.54720227, ""w_14"": 67.167442935, ""w_15"": 67.02693359999999, ""w_16"": 66.49443864, ""w_17"": 66.15204672, ""w_18"": 66.04865099999999, ""w_19"": 66.34492125, ""w_20"": 66.1058277}"
367,AU3CB0258465,2020-07-30,0,counterfactual,"{""w_0"": 66.167747, ""w_1"": 66.484535, ""w_2"": 66.551765, ""w_3"": 66.750328, ""w_4"": 66.962692, ""w_5"": 66.830948, ""w_6"": 66.790344, ""w_7"": 66.869102, ""w_8"": 66.908386, ""w_9"": 66.653961, ""w_10"": 66.275925, ""w_11"": 66.39122, ""w_12"": 66.542053, ""w_13"": 66.424271, ""w_14"": 66.406448, ""w_15"": 66.547203, ""w_16"": 67.167442, ""w_17"": 67.026932, ""w_18"": 66.494438, ""w_19"": 66.152046, ""w_20"": 66.048653}"
368,AU3CB0258465,2020-07-31,0,factual,"{""w_0"": 66.75032573, ""w_1"": 66.9626888, ""w_2"": 66.8309502315, ""w_3"": 66.79034428, ""w_4"": 66.86909969999999, ""w_5"": 66.90838427, ""w_6"": 66.653961645, ""w_7"": 66.2759234, ""w_8"": 66.39121699, ""w_9"": 66.5420505, ""w_10"": 66.4242722, ""w_11"": 66.4064475, ""w_12"": 66.54720227, ""w_13"": 67.167442935, ""w_14"": 67.02693359999999, ""w_15"": 66.49443864, ""w_16"": 66.15204672, ""w_17"": 66.04865099999999, ""w_18"": 66.34492125, ""w_19"": 66.1058277, ""w_20"": 65.9064834}"
368,AU3CB0258465,2020-07-31,0,counterfactual,"{""w_0"": 66.484535, ""w_1"": 66.551765, ""w_2"": 66.750328, ""w_3"": 66.962692, ""w_4"": 66.830948, ""w_5"": 66.790344, ""w_6"": 66.869102, ""w_7"": 66.908386, ""w_8"": 66.653961, ""w_9"": 66.275925, ""w_10"": 66.39122, ""w_11"": 66.542053, ""w_12"": 66.424271, ""w_13"": 66.406448, ""w_14"": 66.547203, ""w_15"": 67.167442, ""w_16"": 67.026932, ""w_17"": 66.494438, ""w_18"": 66.152046, ""w_19"": 66.048653, ""w_20"": 66.344925}"
369,AU3CB0258465,2020-08-03,0,factual,"{""w_0"": 66.9626888, ""w_1"": 66.8309502315, ""w_2"": 66.79034428, ""w_3"": 66.86909969999999, ""w_4"": 66.90838427, ""w_5"": 66.653961645, ""w_6"": 66.2759234, ""w_7"": 66.39121699, ""w_8"": 66.5420505, ""w_9"": 66.4242722, ""w_10"": 66.4064475, ""w_11"": 66.54720227, ""w_12"": 67.167442935, ""w_13"": 67.02693359999999, ""w_14"": 66.49443864, ""w_15"": 66.15204672, ""w_16"": 66.04865099999999, ""w_17"": 66.34492125, ""w_18"": 66.1058277, ""w_19"": 65.9064834, ""w_20"": 65.894966606}"
369,AU3CB0258465,2020-08-03,0,counterfactual,"{""w_0"": 66.551765, ""w_1"": 66.750328, ""w_2"": 66.962692, ""w_3"": 66.830948, ""w_4"": 66.790344, ""w_5"": 66.869102, ""w_6"": 66.908386, ""w_7"": 66.653961, ""w_8"": 66.275925, ""w_9"": 66.39122, ""w_10"": 66.542053, ""w_11"": 66.424271, ""w_12"": 66.406448, ""w_13"": 66.547203, ""w_14"": 67.167442, ""w_15"": 67.026932, ""w_16"": 66.494438, ""w_17"": 66.152046, ""w_18"": 66.048653, ""w_19"": 66.344925, ""w_20"": 66.105827}"
370,AU3CB0258465,2020-08-04,0,factual,"{""w_0"": 66.8309502315, ""w_1"": 66.79034428, ""w_2"": 66.86909969999999, ""w_3"": 66.90838427, ""w_4"": 66.653961645, ""w_5"": 66.2759234, ""w_6"": 66.39121699, ""w_7"": 66.5420505, ""w_8"": 66.4242722, ""w_9"": 66.4064475, ""w_10"": 66.54720227, ""w_11"": 67.167442935, ""w_12"": 67.02693359999999, ""w_13"": 66.49443864, ""w_14"": 66.15204672, ""w_15"": 66.04865099999999, ""w_16"": 66.34492125, ""w_17"": 66.1058277, ""w_18"": 65.9064834, ""w_19"": 65.894966606, ""w_20"": 65.79457464}"
370,AU3CB0258465,2020-08-04,0,counterfactual,"{""w_0"": 66.551765, ""w_1"": 66.750328, ""w_2"": 66.962692, ""w_3"": 66.830948, ""w_4"": 66.790344, ""w_5"": 66.869102, ""w_6"": 66.908386, ""w_7"": 66.653961, ""w_8"": 66.275925, ""w_9"": 66.39122, ""w_10"": 66.542053, ""w_11"": 66.424271, ""w_12"": 66.406448, ""w_13"": 66.547203, ""w_14"": 67.167442, ""w_15"": 67.026932, ""w_16"": 66.494438, ""w_17"": 66.152046, ""w_18"": 66.048653, ""w_19"": 66.344925, ""w_20"": 66.105827}"
371,AU3CB0258465,2020-08-05,0,factual,"{""w_0"": 66.79034428, ""w_1"": 66.86909969999999, ""w_2"": 66.90838427, ""w_3"": 66.653961645, ""w_4"": 66.2759234, ""w_5"": 66.39121699, ""w_6"": 66.5420505, ""w_7"": 66.4242722, ""w_8"": 66.4064475, ""w_9"": 66.54720227, ""w_10"": 67.167442935, ""w_11"": 67.02693359999999, ""w_12"": 66.49443864, ""w_13"": 66.15204672, ""w_14"": 66.04865099999999, ""w_15"": 66.34492125, ""w_16"": 66.1058277, ""w_17"": 65.9064834, ""w_18"": 65.894966606, ""w_19"": 65.79457464, ""w_20"": 66.023402995}"
371,AU3CB0258465,2020-08-05,0,counterfactual,"{""w_0"": 66.531288, ""w_1"": 66.432686, ""w_2"": 65.970261, ""w_3"": 66.453461, ""w_4"": 66.188179, ""w_5"": 66.167747, ""w_6"": 66.484535, ""w_7"": 66.551765, ""w_8"": 66.750328, ""w_9"": 66.962692, ""w_10"": 66.830948, ""w_11"": 66.790344, ""w_12"": 66.869102, ""w_13"": 66.908386, ""w_14"": 66.653961, ""w_15"": 66.275925, ""w_16"": 66.39122, ""w_17"": 66.542053, ""w_18"": 66.424271, ""w_19"": 66.406448, ""w_20"": 66.547203}"
372,AU3CB0258465,2020-08-06,0,factual,"{""w_0"": 66.86909969999999, ""w_1"": 66.90838427, ""w_2"": 66.653961645, ""w_3"": 66.2759234, ""w_4"": 66.39121699, ""w_5"": 66.5420505, ""w_6"": 66.4242722, ""w_7"": 66.4064475, ""w_8"": 66.54720227, ""w_9"": 67.167442935, ""w_10"": 67.02693359999999, ""w_11"": 66.49443864, ""w_12"": 66.15204672, ""w_13"": 66.04865099999999, ""w_14"": 66.34492125, ""w_15"": 66.1058277, ""w_16"": 65.9064834, ""w_17"": 65.894966606, ""w_18"": 65.79457464, ""w_19"": 66.023402995, ""w_20"": 65.8993533}"
372,AU3CB0258465,2020-08-06,0,counterfactual,"{""w_0"": 64.852158, ""w_1"": 63.753757, ""w_2"": 62.681267, ""w_3"": 63.499935, ""w_4"": 63.929447, ""w_5"": 63.756435, ""w_6"": 64.875427, ""w_7"": 65.173874, ""w_8"": 64.760109, ""w_9"": 64.280136, ""w_10"": 64.408745, ""w_11"": 64.680023, ""w_12"": 64.159363, ""w_13"": 64.53199, ""w_14"": 64.656601, ""w_15"": 64.839005, ""w_16"": 64.735817, ""w_17"": 64.752724, ""w_18"": 64.821503, ""w_19"": 65.314095, ""w_20"": 64.854233}"
373,AU3CB0258465,2020-08-07,0,factual,"{""w_0"": 66.90838427, ""w_1"": 66.653961645, ""w_2"": 66.2759234, ""w_3"": 66.39121699, ""w_4"": 66.5420505, ""w_5"": 66.4242722, ""w_6"": 66.4064475, ""w_7"": 66.54720227, ""w_8"": 67.167442935, ""w_9"": 67.02693359999999, ""w_10"": 66.49443864, ""w_11"": 66.15204672, ""w_12"": 66.04865099999999, ""w_13"": 66.34492125, ""w_14"": 66.1058277, ""w_15"": 65.9064834, ""w_16"": 65.894966606, ""w_17"": 65.79457464, ""w_18"": 66.023402995, ""w_19"": 65.8993533, ""w_20"": 66.18616655}"
373,AU3CB0258465,2020-08-07,0,counterfactual,"{""w_0"": 63.929447, ""w_1"": 63.756435, ""w_2"": 64.875427, ""w_3"": 65.173874, ""w_4"": 64.760109, ""w_5"": 64.280136, ""w_6"": 64.408745, ""w_7"": 64.680023, ""w_8"": 64.159363, ""w_9"": 64.53199, ""w_10"": 64.656601, ""w_11"": 64.839005, ""w_12"": 64.735817, ""w_13"": 64.752724, ""w_14"": 64.821503, ""w_15"": 65.314095, ""w_16"": 64.854233, ""w_17"": 64.632637, ""w_18"": 64.676537, ""w_19"": 65.87326, ""w_20"": 66.727463}"
374,AU3CB0258465,2020-08-10,0,factual,"{""w_0"": 66.653961645, ""w_1"": 66.2759234, ""w_2"": 66.39121699, ""w_3"": 66.5420505, ""w_4"": 66.4242722, ""w_5"": 66.4064475, ""w_6"": 66.54720227, ""w_7"": 67.167442935, ""w_8"": 67.02693359999999, ""w_9"": 66.49443864, ""w_10"": 66.15204672, ""w_11"": 66.04865099999999, ""w_12"": 66.34492125, ""w_13"": 66.1058277, ""w_14"": 65.9064834, ""w_15"": 65.894966606, ""w_16"": 65.79457464, ""w_17"": 66.023402995, ""w_18"": 65.8993533, ""w_19"": 66.18616655, ""w_20"": 66.00345757499998}"
374,AU3CB0258465,2020-08-10,0,counterfactual,"{""w_0"": 66.908386, ""w_1"": 66.653961, ""w_2"": 66.275925, ""w_3"": 66.39122, ""w_4"": 66.542053, ""w_5"": 66.424271, ""w_6"": 66.406448, ""w_7"": 66.547203, ""w_8"": 67.167442, ""w_9"": 67.026932, ""w_10"": 66.494438, ""w_11"": 66.152046, ""w_12"": 66.048653, ""w_13"": 66.344925, ""w_14"": 66.105827, ""w_15"": 65.906487, ""w_16"": 65.894966, ""w_17"": 65.794571, ""w_18"": 66.023399, ""w_19"": 65.899353, ""w_20"": 66.186165}"
375,AU3CB0258465,2020-08-11,0,factual,"{""w_0"": 66.2759234, ""w_1"": 66.39121699, ""w_2"": 66.5420505, ""w_3"": 66.4242722, ""w_4"": 66.4064475, ""w_5"": 66.54720227, ""w_6"": 67.167442935, ""w_7"": 67.02693359999999, ""w_8"": 66.49443864, ""w_9"": 66.15204672, ""w_10"": 66.04865099999999, ""w_11"": 66.34492125, ""w_12"": 66.1058277, ""w_13"": 65.9064834, ""w_14"": 65.894966606, ""w_15"": 65.79457464, ""w_16"": 66.023402995, ""w_17"": 65.8993533, ""w_18"": 66.18616655, ""w_19"": 66.00345757499998, ""w_20"": 66.21255563999999}"
375,AU3CB0258465,2020-08-11,0,counterfactual,"{""w_0"": 66.653961, ""w_1"": 66.275925, ""w_2"": 66.39122, ""w_3"": 66.542053, ""w_4"": 66.424271, ""w_5"": 66.406448, ""w_6"": 66.547203, ""w_7"": 67.167442, ""w_8"": 67.026932, ""w_9"": 66.494438, ""w_10"": 66.152046, ""w_11"": 66.048653, ""w_12"": 66.344925, ""w_13"": 66.105827, ""w_14"": 65.906487, ""w_15"": 65.894966, ""w_16"": 65.794571, ""w_17"": 66.023399, ""w_18"": 65.899353, ""w_19"": 66.186165, ""w_20"": 66.003456}"
376,AU3CB0258465,2020-08-12,0,factual,"{""w_0"": 66.39121699, ""w_1"": 66.5420505, ""w_2"": 66.4242722, ""w_3"": 66.4064475, ""w_4"": 66.54720227, ""w_5"": 67.167442935, ""w_6"": 67.02693359999999, ""w_7"": 66.49443864, ""w_8"": 66.15204672, ""w_9"": 66.04865099999999, ""w_10"": 66.34492125, ""w_11"": 66.1058277, ""w_12"": 65.9064834, ""w_13"": 65.894966606, ""w_14"": 65.79457464, ""w_15"": 66.023402995, ""w_16"": 65.8993533, ""w_17"": 66.18616655, ""w_18"": 66.00345757499998, ""w_19"": 66.21255563999999, ""w_20"": 66.11803236}"
376,AU3CB0258465,2020-08-12,0,counterfactual,"{""w_0"": 66.275925, ""w_1"": 66.39122, ""w_2"": 66.542053, ""w_3"": 66.424271, ""w_4"": 66.406448, ""w_5"": 66.547203, ""w_6"": 67.167442, ""w_7"": 67.026932, ""w_8"": 66.494438, ""w_9"": 66.152046, ""w_10"": 66.048653, ""w_11"": 66.344925, ""w_12"": 66.105827, ""w_13"": 65.906487, ""w_14"": 65.894966, ""w_15"": 65.794571, ""w_16"": 66.023399, ""w_17"": 65.899353, ""w_18"": 66.186165, ""w_19"": 66.003456, ""w_20"": 66.212555}"
378,AU3CB0258465,2020-08-14,0,factual,"{""w_0"": 66.4242722, ""w_1"": 66.4064475, ""w_2"": 66.54720227, ""w_3"": 67.167442935, ""w_4"": 67.02693359999999, ""w_5"": 66.49443864, ""w_6"": 66.15204672, ""w_7"": 66.04865099999999, ""w_8"": 66.34492125, ""w_9"": 66.1058277, ""w_10"": 65.9064834, ""w_11"": 65.894966606, ""w_12"": 65.79457464, ""w_13"": 66.023402995, ""w_14"": 65.8993533, ""w_15"": 66.18616655, ""w_16"": 66.00345757499998, ""w_17"": 66.21255563999999, ""w_18"": 66.11803236, ""w_19"": 65.94736925, ""w_20"": 65.66895923000001}"
378,AU3CB0258465,2020-08-14,0,counterfactual,"{""w_0"": 66.542053, ""w_1"": 66.424271, ""w_2"": 66.406448, ""w_3"": 66.547203, ""w_4"": 67.167442, ""w_5"": 67.026932, ""w_6"": 66.494438, ""w_7"": 66.152046, ""w_8"": 66.048653, ""w_9"": 66.344925, ""w_10"": 66.105827, ""w_11"": 65.906487, ""w_12"": 65.894966, ""w_13"": 65.794571, ""w_14"": 66.023399, ""w_15"": 65.899353, ""w_16"": 66.186165, ""w_17"": 66.003456, ""w_18"": 66.212555, ""w_19"": 66.118034, ""w_20"": 65.947372}"
377,AU3CB0258465,2020-08-13,0,factual,"{""w_0"": 66.5420505, ""w_1"": 66.4242722, ""w_2"": 66.4064475, ""w_3"": 66.54720227, ""w_4"": 67.167442935, ""w_5"": 67.02693359999999, ""w_6"": 66.49443864, ""w_7"": 66.15204672, ""w_8"": 66.04865099999999, ""w_9"": 66.34492125, ""w_10"": 66.1058277, ""w_11"": 65.9064834, ""w_12"": 65.894966606, ""w_13"": 65.79457464, ""w_14"": 66.023402995, ""w_15"": 65.8993533, ""w_16"": 66.18616655, ""w_17"": 66.00345757499998, ""w_18"": 66.21255563999999, ""w_19"": 66.11803236, ""w_20"": 65.94736925}"
377,AU3CB0258465,2020-08-13,0,counterfactual,"{""w_0"": 66.39122, ""w_1"": 66.542053, ""w_2"": 66.424271, ""w_3"": 66.406448, ""w_4"": 66.547203, ""w_5"": 67.167442, ""w_6"": 67.026932, ""w_7"": 66.494438, ""w_8"": 66.152046, ""w_9"": 66.048653, ""w_10"": 66.344925, ""w_11"": 66.105827, ""w_12"": 65.906487, ""w_13"": 65.894966, ""w_14"": 65.794571, ""w_15"": 66.023399, ""w_16"": 65.899353, ""w_17"": 66.186165, ""w_18"": 66.003456, ""w_19"": 66.212555, ""w_20"": 66.118034}"
379,AU3CB0258465,2020-08-17,0,factual,"{""w_0"": 66.4064475, ""w_1"": 66.54720227, ""w_2"": 67.167442935, ""w_3"": 67.02693359999999, ""w_4"": 66.49443864, ""w_5"": 66.15204672, ""w_6"": 66.04865099999999, ""w_7"": 66.34492125, ""w_8"": 66.1058277, ""w_9"": 65.9064834, ""w_10"": 65.894966606, ""w_11"": 65.79457464, ""w_12"": 66.023402995, ""w_13"": 65.8993533, ""w_14"": 66.18616655, ""w_15"": 66.00345757499998, ""w_16"": 66.21255563999999, ""w_17"": 66.11803236, ""w_18"": 65.94736925, ""w_19"": 65.66895923000001, ""w_20"": 65.85682025999999}"
379,AU3CB0258465,2020-08-17,0,counterfactual,"{""w_0"": 66.424271, ""w_1"": 66.406448, ""w_2"": 66.547203, ""w_3"": 67.167442, ""w_4"": 67.026932, ""w_5"": 66.494438, ""w_6"": 66.152046, ""w_7"": 66.048653, ""w_8"": 66.344925, ""w_9"": 66.105827, ""w_10"": 65.906487, ""w_11"": 65.894966, ""w_12"": 65.794571, ""w_13"": 66.023399, ""w_14"": 65.899353, ""w_15"": 66.186165, ""w_16"": 66.003456, ""w_17"": 66.212555, ""w_18"": 66.118034, ""w_19"": 65.947372, ""w_20"": 65.668961}"
380,AU3CB0258465,2020-08-18,0,factual,"{""w_0"": 66.54720227, ""w_1"": 67.167442935, ""w_2"": 67.02693359999999, ""w_3"": 66.49443864, ""w_4"": 66.15204672, ""w_5"": 66.04865099999999, ""w_6"": 66.34492125, ""w_7"": 66.1058277, ""w_8"": 65.9064834, ""w_9"": 65.894966606, ""w_10"": 65.79457464, ""w_11"": 66.023402995, ""w_12"": 65.8993533, ""w_13"": 66.18616655, ""w_14"": 66.00345757499998, ""w_15"": 66.21255563999999, ""w_16"": 66.11803236, ""w_17"": 65.94736925, ""w_18"": 65.66895923000001, ""w_19"": 65.85682025999999, ""w_20"": 65.933641728}"
380,AU3CB0258465,2020-08-18,0,counterfactual,"{""w_0"": 64.543533, ""w_1"": 64.852158, ""w_2"": 63.753757, ""w_3"": 62.681267, ""w_4"": 63.499935, ""w_5"": 63.929447, ""w_6"": 63.756435, ""w_7"": 64.875427, ""w_8"": 65.173874, ""w_9"": 64.760109, ""w_10"": 64.280136, ""w_11"": 64.408745, ""w_12"": 64.680023, ""w_13"": 64.159363, ""w_14"": 64.53199, ""w_15"": 64.656601, ""w_16"": 64.839005, ""w_17"": 64.735817, ""w_18"": 64.752724, ""w_19"": 64.821503, ""w_20"": 65.314095}"
381,AU3CB0258465,2020-08-19,0,factual,"{""w_0"": 67.167442935, ""w_1"": 67.02693359999999, ""w_2"": 66.49443864, ""w_3"": 66.15204672, ""w_4"": 66.04865099999999, ""w_5"": 66.34492125, ""w_6"": 66.1058277, ""w_7"": 65.9064834, ""w_8"": 65.894966606, ""w_9"": 65.79457464, ""w_10"": 66.023402995, ""w_11"": 65.8993533, ""w_12"": 66.18616655, ""w_13"": 66.00345757499998, ""w_14"": 66.21255563999999, ""w_15"": 66.11803236, ""w_16"": 65.94736925, ""w_17"": 65.66895923000001, ""w_18"": 65.85682025999999, ""w_19"": 65.933641728, ""w_20"": 65.8897772}"
381,AU3CB0258465,2020-08-19,0,counterfactual,"{""w_0"": 66.547203, ""w_1"": 67.167442, ""w_2"": 67.026932, ""w_3"": 66.494438, ""w_4"": 66.152046, ""w_5"": 66.048653, ""w_6"": 66.344925, ""w_7"": 66.105827, ""w_8"": 65.906487, ""w_9"": 65.894966, ""w_10"": 65.794571, ""w_11"": 66.023399, ""w_12"": 65.899353, ""w_13"": 66.186165, ""w_14"": 66.003456, ""w_15"": 66.212555, ""w_16"": 66.118034, ""w_17"": 65.947372, ""w_18"": 65.668961, ""w_19"": 65.856819, ""w_20"": 65.93364}"
382,AU3CB0258465,2020-08-20,0,factual,"{""w_0"": 67.02693359999999, ""w_1"": 66.49443864, ""w_2"": 66.15204672, ""w_3"": 66.04865099999999, ""w_4"": 66.34492125, ""w_5"": 66.1058277, ""w_6"": 65.9064834, ""w_7"": 65.894966606, ""w_8"": 65.79457464, ""w_9"": 66.023402995, ""w_10"": 65.8993533, ""w_11"": 66.18616655, ""w_12"": 66.00345757499998, ""w_13"": 66.21255563999999, ""w_14"": 66.11803236, ""w_15"": 65.94736925, ""w_16"": 65.66895923000001, ""w_17"": 65.85682025999999, ""w_18"": 65.933641728, ""w_19"": 65.8897772, ""w_20"": 65.83956249}"
382,AU3CB0258465,2020-08-20,0,counterfactual,"{""w_0"": 64.852158, ""w_1"": 63.753757, ""w_2"": 62.681267, ""w_3"": 63.499935, ""w_4"": 63.929447, ""w_5"": 63.756435, ""w_6"": 64.875427, ""w_7"": 65.173874, ""w_8"": 64.760109, ""w_9"": 64.280136, ""w_10"": 64.408745, ""w_11"": 64.680023, ""w_12"": 64.159363, ""w_13"": 64.53199, ""w_14"": 64.656601, ""w_15"": 64.839005, ""w_16"": 64.735817, ""w_17"": 64.752724, ""w_18"": 64.821503, ""w_19"": 65.314095, ""w_20"": 64.854233}"
383,AU3CB0258465,2020-08-21,0,factual,"{""w_0"": 66.49443864, ""w_1"": 66.15204672, ""w_2"": 66.04865099999999, ""w_3"": 66.34492125, ""w_4"": 66.1058277, ""w_5"": 65.9064834, ""w_6"": 65.894966606, ""w_7"": 65.79457464, ""w_8"": 66.023402995, ""w_9"": 65.8993533, ""w_10"": 66.18616655, ""w_11"": 66.00345757499998, ""w_12"": 66.21255563999999, ""w_13"": 66.11803236, ""w_14"": 65.94736925, ""w_15"": 65.66895923000001, ""w_16"": 65.85682025999999, ""w_17"": 65.933641728, ""w_18"": 65.8897772, ""w_19"": 65.83956249, ""w_20"": 65.880334916}"
383,AU3CB0258465,2020-08-21,0,counterfactual,"{""w_0"": 67.026932, ""w_1"": 66.494438, ""w_2"": 66.152046, ""w_3"": 66.048653, ""w_4"": 66.344925, ""w_5"": 66.105827, ""w_6"": 65.906487, ""w_7"": 65.894966, ""w_8"": 65.794571, ""w_9"": 66.023399, ""w_10"": 65.899353, ""w_11"": 66.186165, ""w_12"": 66.003456, ""w_13"": 66.212555, ""w_14"": 66.118034, ""w_15"": 65.947372, ""w_16"": 65.668961, ""w_17"": 65.856819, ""w_18"": 65.93364, ""w_19"": 65.889778, ""w_20"": 65.839561}"
384,AU3CB0258465,2020-08-24,0,factual,"{""w_0"": 66.15204672, ""w_1"": 66.04865099999999, ""w_2"": 66.34492125, ""w_3"": 66.1058277, ""w_4"": 65.9064834, ""w_5"": 65.894966606, ""w_6"": 65.79457464, ""w_7"": 66.023402995, ""w_8"": 65.8993533, ""w_9"": 66.18616655, ""w_10"": 66.00345757499998, ""w_11"": 66.21255563999999, ""w_12"": 66.11803236, ""w_13"": 65.94736925, ""w_14"": 65.66895923000001, ""w_15"": 65.85682025999999, ""w_16"": 65.933641728, ""w_17"": 65.8897772, ""w_18"": 65.83956249, ""w_19"": 65.880334916, ""w_20"": 65.86915611999999}"
384,AU3CB0258465,2020-08-24,0,counterfactual,"{""w_0"": 64.543533, ""w_1"": 64.852158, ""w_2"": 63.753757, ""w_3"": 62.681267, ""w_4"": 63.499935, ""w_5"": 63.929447, ""w_6"": 63.756435, ""w_7"": 64.875427, ""w_8"": 65.173874, ""w_9"": 64.760109, ""w_10"": 64.280136, ""w_11"": 64.408745, ""w_12"": 64.680023, ""w_13"": 64.159363, ""w_14"": 64.53199, ""w_15"": 64.656601, ""w_16"": 64.839005, ""w_17"": 64.735817, ""w_18"": 64.752724, ""w_19"": 64.821503, ""w_20"": 65.314095}"
385,AU3CB0258465,2020-08-25,0,factual,"{""w_0"": 66.04865099999999, ""w_1"": 66.34492125, ""w_2"": 66.1058277, ""w_3"": 65.9064834, ""w_4"": 65.894966606, ""w_5"": 65.79457464, ""w_6"": 66.023402995, ""w_7"": 65.8993533, ""w_8"": 66.18616655, ""w_9"": 66.00345757499998, ""w_10"": 66.21255563999999, ""w_11"": 66.11803236, ""w_12"": 65.94736925, ""w_13"": 65.66895923000001, ""w_14"": 65.85682025999999, ""w_15"": 65.933641728, ""w_16"": 65.8897772, ""w_17"": 65.83956249, ""w_18"": 65.880334916, ""w_19"": 65.86915611999999, ""w_20"": 65.9508585}"
385,AU3CB0258465,2020-08-25,0,counterfactual,"{""w_0"": 66.152046, ""w_1"": 66.048653, ""w_2"": 66.344925, ""w_3"": 66.105827, ""w_4"": 65.906487, ""w_5"": 65.894966, ""w_6"": 65.794571, ""w_7"": 66.023399, ""w_8"": 65.899353, ""w_9"": 66.186165, ""w_10"": 66.003456, ""w_11"": 66.212555, ""w_12"": 66.118034, ""w_13"": 65.947372, ""w_14"": 65.668961, ""w_15"": 65.856819, ""w_16"": 65.93364, ""w_17"": 65.889778, ""w_18"": 65.839561, ""w_19"": 65.880333, ""w_20"": 65.869156}"
386,AU3CB0258465,2020-08-26,0,factual,"{""w_0"": 66.34492125, ""w_1"": 66.1058277, ""w_2"": 65.9064834, ""w_3"": 65.894966606, ""w_4"": 65.79457464, ""w_5"": 66.023402995, ""w_6"": 65.8993533, ""w_7"": 66.18616655, ""w_8"": 66.00345757499998, ""w_9"": 66.21255563999999, ""w_10"": 66.11803236, ""w_11"": 65.94736925, ""w_12"": 65.66895923000001, ""w_13"": 65.85682025999999, ""w_14"": 65.933641728, ""w_15"": 65.8897772, ""w_16"": 65.83956249, ""w_17"": 65.880334916, ""w_18"": 65.86915611999999, ""w_19"": 65.9508585, ""w_20"": 66.00320499}"
386,AU3CB0258465,2020-08-26,0,counterfactual,"{""w_0"": 66.494438, ""w_1"": 66.152046, ""w_2"": 66.048653, ""w_3"": 66.344925, ""w_4"": 66.105827, ""w_5"": 65.906487, ""w_6"": 65.894966, ""w_7"": 65.794571, ""w_8"": 66.023399, ""w_9"": 65.899353, ""w_10"": 66.186165, ""w_11"": 66.003456, ""w_12"": 66.212555, ""w_13"": 66.118034, ""w_14"": 65.947372, ""w_15"": 65.668961, ""w_16"": 65.856819, ""w_17"": 65.93364, ""w_18"": 65.889778, ""w_19"": 65.839561, ""w_20"": 65.880333}"
387,AU3CB0258465,2020-08-27,0,factual,"{""w_0"": 66.1058277, ""w_1"": 65.9064834, ""w_2"": 65.894966606, ""w_3"": 65.79457464, ""w_4"": 66.023402995, ""w_5"": 65.8993533, ""w_6"": 66.18616655, ""w_7"": 66.00345757499998, ""w_8"": 66.21255563999999, ""w_9"": 66.11803236, ""w_10"": 65.94736925, ""w_11"": 65.66895923000001, ""w_12"": 65.85682025999999, ""w_13"": 65.933641728, ""w_14"": 65.8897772, ""w_15"": 65.83956249, ""w_16"": 65.880334916, ""w_17"": 65.86915611999999, ""w_18"": 65.9508585, ""w_19"": 66.00320499, ""w_20"": 66.396432375}"
387,AU3CB0258465,2020-08-27,0,counterfactual,"{""w_0"": 66.344925, ""w_1"": 66.105827, ""w_2"": 65.906487, ""w_3"": 65.894966, ""w_4"": 65.794571, ""w_5"": 66.023399, ""w_6"": 65.899353, ""w_7"": 66.186165, ""w_8"": 66.003456, ""w_9"": 66.212555, ""w_10"": 66.118034, ""w_11"": 65.947372, ""w_12"": 65.668961, ""w_13"": 65.856819, ""w_14"": 65.93364, ""w_15"": 65.889778, ""w_16"": 65.839561, ""w_17"": 65.880333, ""w_18"": 65.869156, ""w_19"": 65.950859, ""w_20"": 66.003204}"
388,AU3CB0258465,2020-08-28,0,factual,"{""w_0"": 65.9064834, ""w_1"": 65.894966606, ""w_2"": 65.79457464, ""w_3"": 66.023402995, ""w_4"": 65.8993533, ""w_5"": 66.18616655, ""w_6"": 66.00345757499998, ""w_7"": 66.21255563999999, ""w_8"": 66.11803236, ""w_9"": 65.94736925, ""w_10"": 65.66895923000001, ""w_11"": 65.85682025999999, ""w_12"": 65.933641728, ""w_13"": 65.8897772, ""w_14"": 65.83956249, ""w_15"": 65.880334916, ""w_16"": 65.86915611999999, ""w_17"": 65.9508585, ""w_18"": 66.00320499, ""w_19"": 66.396432375, ""w_20"": 66.73824458}"
388,AU3CB0258465,2020-08-28,0,counterfactual,"{""w_0"": 66.39122, ""w_1"": 66.542053, ""w_2"": 66.424271, ""w_3"": 66.406448, ""w_4"": 66.547203, ""w_5"": 67.167442, ""w_6"": 67.026932, ""w_7"": 66.494438, ""w_8"": 66.152046, ""w_9"": 66.048653, ""w_10"": 66.344925, ""w_11"": 66.105827, ""w_12"": 65.906487, ""w_13"": 65.894966, ""w_14"": 65.794571, ""w_15"": 66.023399, ""w_16"": 65.899353, ""w_17"": 66.186165, ""w_18"": 66.003456, ""w_19"": 66.212555, ""w_20"": 66.118034}"
389,AU3CB0258465,2020-08-31,0,factual,"{""w_0"": 65.894966606, ""w_1"": 65.79457464, ""w_2"": 66.023402995, ""w_3"": 65.8993533, ""w_4"": 66.18616655, ""w_5"": 66.00345757499998, ""w_6"": 66.21255563999999, ""w_7"": 66.11803236, ""w_8"": 65.94736925, ""w_9"": 65.66895923000001, ""w_10"": 65.85682025999999, ""w_11"": 65.933641728, ""w_12"": 65.8897772, ""w_13"": 65.83956249, ""w_14"": 65.880334916, ""w_15"": 65.86915611999999, ""w_16"": 65.9508585, ""w_17"": 66.00320499, ""w_18"": 66.396432375, ""w_19"": 66.73824458, ""w_20"": 67.07998529999999}"
389,AU3CB0258465,2020-08-31,0,counterfactual,"{""w_0"": 65.906487, ""w_1"": 65.894966, ""w_2"": 65.794571, ""w_3"": 66.023399, ""w_4"": 65.899353, ""w_5"": 66.186165, ""w_6"": 66.003456, ""w_7"": 66.212555, ""w_8"": 66.118034, ""w_9"": 65.947372, ""w_10"": 65.668961, ""w_11"": 65.856819, ""w_12"": 65.93364, ""w_13"": 65.889778, ""w_14"": 65.839561, ""w_15"": 65.880333, ""w_16"": 65.869156, ""w_17"": 65.950859, ""w_18"": 66.003204, ""w_19"": 66.396431, ""w_20"": 66.738243}"
390,AU3CB0258465,2020-09-01,0,factual,"{""w_0"": 65.79457464, ""w_1"": 66.023402995, ""w_2"": 65.8993533, ""w_3"": 66.18616655, ""w_4"": 66.00345757499998, ""w_5"": 66.21255563999999, ""w_6"": 66.11803236, ""w_7"": 65.94736925, ""w_8"": 65.66895923000001, ""w_9"": 65.85682025999999, ""w_10"": 65.933641728, ""w_11"": 65.8897772, ""w_12"": 65.83956249, ""w_13"": 65.880334916, ""w_14"": 65.86915611999999, ""w_15"": 65.9508585, ""w_16"": 66.00320499, ""w_17"": 66.396432375, ""w_18"": 66.73824458, ""w_19"": 67.07998529999999, ""w_20"": 67.05530673}"
390,AU3CB0258465,2020-09-01,0,counterfactual,"{""w_0"": 66.344925, ""w_1"": 66.105827, ""w_2"": 65.906487, ""w_3"": 65.894966, ""w_4"": 65.794571, ""w_5"": 66.023399, ""w_6"": 65.899353, ""w_7"": 66.186165, ""w_8"": 66.003456, ""w_9"": 66.212555, ""w_10"": 66.118034, ""w_11"": 65.947372, ""w_12"": 65.668961, ""w_13"": 65.856819, ""w_14"": 65.93364, ""w_15"": 65.889778, ""w_16"": 65.839561, ""w_17"": 65.880333, ""w_18"": 65.869156, ""w_19"": 65.950859, ""w_20"": 66.003204}"
391,AU3CB0258465,2020-09-02,0,factual,"{""w_0"": 66.023402995, ""w_1"": 65.8993533, ""w_2"": 66.18616655, ""w_3"": 66.00345757499998, ""w_4"": 66.21255563999999, ""w_5"": 66.11803236, ""w_6"": 65.94736925, ""w_7"": 65.66895923000001, ""w_8"": 65.85682025999999, ""w_9"": 65.933641728, ""w_10"": 65.8897772, ""w_11"": 65.83956249, ""w_12"": 65.880334916, ""w_13"": 65.86915611999999, ""w_14"": 65.9508585, ""w_15"": 66.00320499, ""w_16"": 66.396432375, ""w_17"": 66.73824458, ""w_18"": 67.07998529999999, ""w_19"": 67.05530673, ""w_20"": 67.16825960999999}"
391,AU3CB0258465,2020-09-02,0,counterfactual,"{""w_0"": 65.794571, ""w_1"": 66.023399, ""w_2"": 65.899353, ""w_3"": 66.186165, ""w_4"": 66.003456, ""w_5"": 66.212555, ""w_6"": 66.118034, ""w_7"": 65.947372, ""w_8"": 65.668961, ""w_9"": 65.856819, ""w_10"": 65.93364, ""w_11"": 65.889778, ""w_12"": 65.839561, ""w_13"": 65.880333, ""w_14"": 65.869156, ""w_15"": 65.950859, ""w_16"": 66.003204, ""w_17"": 66.396431, ""w_18"": 66.738243, ""w_19"": 67.079987, ""w_20"": 67.055305}"
392,AU3CB0258465,2020-09-03,0,factual,"{""w_0"": 65.8993533, ""w_1"": 66.18616655, ""w_2"": 66.00345757499998, ""w_3"": 66.21255563999999, ""w_4"": 66.11803236, ""w_5"": 65.94736925, ""w_6"": 65.66895923000001, ""w_7"": 65.85682025999999, ""w_8"": 65.933641728, ""w_9"": 65.8897772, ""w_10"": 65.83956249, ""w_11"": 65.880334916, ""w_12"": 65.86915611999999, ""w_13"": 65.9508585, ""w_14"": 66.00320499, ""w_15"": 66.396432375, ""w_16"": 66.73824458, ""w_17"": 67.07998529999999, ""w_18"": 67.05530673, ""w_19"": 67.16825960999999, ""w_20"": 67.14592512}"
392,AU3CB0258465,2020-09-03,0,counterfactual,"{""w_0"": 66.023399, ""w_1"": 65.899353, ""w_2"": 66.186165, ""w_3"": 66.003456, ""w_4"": 66.212555, ""w_5"": 66.118034, ""w_6"": 65.947372, ""w_7"": 65.668961, ""w_8"": 65.856819, ""w_9"": 65.93364, ""w_10"": 65.889778, ""w_11"": 65.839561, ""w_12"": 65.880333, ""w_13"": 65.869156, ""w_14"": 65.950859, ""w_15"": 66.003204, ""w_16"": 66.396431, ""w_17"": 66.738243, ""w_18"": 67.079987, ""w_19"": 67.055305, ""w_20"": 67.168259}"
394,AU3CB0258465,2020-09-07,0,factual,"{""w_0"": 66.00345757499998, ""w_1"": 66.21255563999999, ""w_2"": 66.11803236, ""w_3"": 65.94736925, ""w_4"": 65.66895923000001, ""w_5"": 65.85682025999999, ""w_6"": 65.933641728, ""w_7"": 65.8897772, ""w_8"": 65.83956249, ""w_9"": 65.880334916, ""w_10"": 65.86915611999999, ""w_11"": 65.9508585, ""w_12"": 66.00320499, ""w_13"": 66.396432375, ""w_14"": 66.73824458, ""w_15"": 67.07998529999999, ""w_16"": 67.05530673, ""w_17"": 67.16825960999999, ""w_18"": 67.14592512, ""w_19"": 66.47879969499999, ""w_20"": 66.75695708}"
394,AU3CB0258465,2020-09-07,0,counterfactual,"{""w_0"": 67.026932, ""w_1"": 66.494438, ""w_2"": 66.152046, ""w_3"": 66.048653, ""w_4"": 66.344925, ""w_5"": 66.105827, ""w_6"": 65.906487, ""w_7"": 65.894966, ""w_8"": 65.794571, ""w_9"": 66.023399, ""w_10"": 65.899353, ""w_11"": 66.186165, ""w_12"": 66.003456, ""w_13"": 66.212555, ""w_14"": 66.118034, ""w_15"": 65.947372, ""w_16"": 65.668961, ""w_17"": 65.856819, ""w_18"": 65.93364, ""w_19"": 65.889778, ""w_20"": 65.839561}"
393,AU3CB0258465,2020-09-04,0,factual,"{""w_0"": 66.18616655, ""w_1"": 66.00345757499998, ""w_2"": 66.21255563999999, ""w_3"": 66.11803236, ""w_4"": 65.94736925, ""w_5"": 65.66895923000001, ""w_6"": 65.85682025999999, ""w_7"": 65.933641728, ""w_8"": 65.8897772, ""w_9"": 65.83956249, ""w_10"": 65.880334916, ""w_11"": 65.86915611999999, ""w_12"": 65.9508585, ""w_13"": 66.00320499, ""w_14"": 66.396432375, ""w_15"": 66.73824458, ""w_16"": 67.07998529999999, ""w_17"": 67.05530673, ""w_18"": 67.16825960999999, ""w_19"": 67.14592512, ""w_20"": 66.47879969499999}"
393,AU3CB0258465,2020-09-04,0,counterfactual,"{""w_0"": 65.434563, ""w_1"": 65.58873, ""w_2"": 66.416748, ""w_3"": 66.27713, ""w_4"": 66.233566, ""w_5"": 66.259651, ""w_6"": 66.106201, ""w_7"": 66.531288, ""w_8"": 66.432686, ""w_9"": 65.970261, ""w_10"": 66.453461, ""w_11"": 66.188179, ""w_12"": 66.167747, ""w_13"": 66.484535, ""w_14"": 66.551765, ""w_15"": 66.750328, ""w_16"": 66.962692, ""w_17"": 66.830948, ""w_18"": 66.790344, ""w_19"": 66.869102, ""w_20"": 66.908386}"
395,AU3CB0258465,2020-09-08,0,factual,"{""w_0"": 66.21255563999999, ""w_1"": 66.11803236, ""w_2"": 65.94736925, ""w_3"": 65.66895923000001, ""w_4"": 65.85682025999999, ""w_5"": 65.933641728, ""w_6"": 65.8897772, ""w_7"": 65.83956249, ""w_8"": 65.880334916, ""w_9"": 65.86915611999999, ""w_10"": 65.9508585, ""w_11"": 66.00320499, ""w_12"": 66.396432375, ""w_13"": 66.73824458, ""w_14"": 67.07998529999999, ""w_15"": 67.05530673, ""w_16"": 67.16825960999999, ""w_17"": 67.14592512, ""w_18"": 66.47879969499999, ""w_19"": 66.75695708, ""w_20"": 66.841553582}"
395,AU3CB0258465,2020-09-08,0,counterfactual,"{""w_0"": 66.416748, ""w_1"": 66.27713, ""w_2"": 66.233566, ""w_3"": 66.259651, ""w_4"": 66.106201, ""w_5"": 66.531288, ""w_6"": 66.432686, ""w_7"": 65.970261, ""w_8"": 66.453461, ""w_9"": 66.188179, ""w_10"": 66.167747, ""w_11"": 66.484535, ""w_12"": 66.551765, ""w_13"": 66.750328, ""w_14"": 66.962692, ""w_15"": 66.830948, ""w_16"": 66.790344, ""w_17"": 66.869102, ""w_18"": 66.908386, ""w_19"": 66.653961, ""w_20"": 66.275925}"
396,AU3CB0258465,2020-09-09,0,factual,"{""w_0"": 66.11803236, ""w_1"": 65.94736925, ""w_2"": 65.66895923000001, ""w_3"": 65.85682025999999, ""w_4"": 65.933641728, ""w_5"": 65.8897772, ""w_6"": 65.83956249, ""w_7"": 65.880334916, ""w_8"": 65.86915611999999, ""w_9"": 65.9508585, ""w_10"": 66.00320499, ""w_11"": 66.396432375, ""w_12"": 66.73824458, ""w_13"": 67.07998529999999, ""w_14"": 67.05530673, ""w_15"": 67.16825960999999, ""w_16"": 67.14592512, ""w_17"": 66.47879969499999, ""w_18"": 66.75695708, ""w_19"": 66.841553582, ""w_20"": 66.4666625}"
396,AU3CB0258465,2020-09-09,0,counterfactual,"{""w_0"": 66.212555, ""w_1"": 66.118034, ""w_2"": 65.947372, ""w_3"": 65.668961, ""w_4"": 65.856819, ""w_5"": 65.93364, ""w_6"": 65.889778, ""w_7"": 65.839561, ""w_8"": 65.880333, ""w_9"": 65.869156, ""w_10"": 65.950859, ""w_11"": 66.003204, ""w_12"": 66.396431, ""w_13"": 66.738243, ""w_14"": 67.079987, ""w_15"": 67.055305, ""w_16"": 67.168259, ""w_17"": 67.145927, ""w_18"": 66.478798, ""w_19"": 66.756958, ""w_20"": 66.841553}"
397,AU3CB0258465,2020-09-10,0,factual,"{""w_0"": 65.94736925, ""w_1"": 65.66895923000001, ""w_2"": 65.85682025999999, ""w_3"": 65.933641728, ""w_4"": 65.8897772, ""w_5"": 65.83956249, ""w_6"": 65.880334916, ""w_7"": 65.86915611999999, ""w_8"": 65.9508585, ""w_9"": 66.00320499, ""w_10"": 66.396432375, ""w_11"": 66.73824458, ""w_12"": 67.07998529999999, ""w_13"": 67.05530673, ""w_14"": 67.16825960999999, ""w_15"": 67.14592512, ""w_16"": 66.47879969499999, ""w_17"": 66.75695708, ""w_18"": 66.841553582, ""w_19"": 66.4666625, ""w_20"": 66.8667638}"
397,AU3CB0258465,2020-09-10,0,counterfactual,"{""w_0"": 66.048653, ""w_1"": 66.344925, ""w_2"": 66.105827, ""w_3"": 65.906487, ""w_4"": 65.894966, ""w_5"": 65.794571, ""w_6"": 66.023399, ""w_7"": 65.899353, ""w_8"": 66.186165, ""w_9"": 66.003456, ""w_10"": 66.212555, ""w_11"": 66.118034, ""w_12"": 65.947372, ""w_13"": 65.668961, ""w_14"": 65.856819, ""w_15"": 65.93364, ""w_16"": 65.889778, ""w_17"": 65.839561, ""w_18"": 65.880333, ""w_19"": 65.869156, ""w_20"": 65.950859}"
398,AU3CB0258465,2020-09-11,0,factual,"{""w_0"": 65.66895923000001, ""w_1"": 65.85682025999999, ""w_2"": 65.933641728, ""w_3"": 65.8897772, ""w_4"": 65.83956249, ""w_5"": 65.880334916, ""w_6"": 65.86915611999999, ""w_7"": 65.9508585, ""w_8"": 66.00320499, ""w_9"": 66.396432375, ""w_10"": 66.73824458, ""w_11"": 67.07998529999999, ""w_12"": 67.05530673, ""w_13"": 67.16825960999999, ""w_14"": 67.14592512, ""w_15"": 66.47879969499999, ""w_16"": 66.75695708, ""w_17"": 66.841553582, ""w_18"": 66.4666625, ""w_19"": 66.8667638, ""w_20"": 66.62334}"
398,AU3CB0258465,2020-09-11,0,counterfactual,"{""w_0"": 66.259651, ""w_1"": 66.106201, ""w_2"": 66.531288, ""w_3"": 66.432686, ""w_4"": 65.970261, ""w_5"": 66.453461, ""w_6"": 66.188179, ""w_7"": 66.167747, ""w_8"": 66.484535, ""w_9"": 66.551765, ""w_10"": 66.750328, ""w_11"": 66.962692, ""w_12"": 66.830948, ""w_13"": 66.790344, ""w_14"": 66.869102, ""w_15"": 66.908386, ""w_16"": 66.653961, ""w_17"": 66.275925, ""w_18"": 66.39122, ""w_19"": 66.542053, ""w_20"": 66.424271}"
399,AU3CB0258465,2020-09-14,0,factual,"{""w_0"": 65.85682025999999, ""w_1"": 65.933641728, ""w_2"": 65.8897772, ""w_3"": 65.83956249, ""w_4"": 65.880334916, ""w_5"": 65.86915611999999, ""w_6"": 65.9508585, ""w_7"": 66.00320499, ""w_8"": 66.396432375, ""w_9"": 66.73824458, ""w_10"": 67.07998529999999, ""w_11"": 67.05530673, ""w_12"": 67.16825960999999, ""w_13"": 67.14592512, ""w_14"": 66.47879969499999, ""w_15"": 66.75695708, ""w_16"": 66.841553582, ""w_17"": 66.4666625, ""w_18"": 66.8667638, ""w_19"": 66.62334, ""w_20"": 66.7300846}"
399,AU3CB0258465,2020-09-14,0,counterfactual,"{""w_0"": 66.531288, ""w_1"": 66.432686, ""w_2"": 65.970261, ""w_3"": 66.453461, ""w_4"": 66.188179, ""w_5"": 66.167747, ""w_6"": 66.484535, ""w_7"": 66.551765, ""w_8"": 66.750328, ""w_9"": 66.962692, ""w_10"": 66.830948, ""w_11"": 66.790344, ""w_12"": 66.869102, ""w_13"": 66.908386, ""w_14"": 66.653961, ""w_15"": 66.275925, ""w_16"": 66.39122, ""w_17"": 66.542053, ""w_18"": 66.424271, ""w_19"": 66.406448, ""w_20"": 66.547203}"
400,AU3CB0258465,2020-09-15,0,factual,"{""w_0"": 65.933641728, ""w_1"": 65.8897772, ""w_2"": 65.83956249, ""w_3"": 65.880334916, ""w_4"": 65.86915611999999, ""w_5"": 65.9508585, ""w_6"": 66.00320499, ""w_7"": 66.396432375, ""w_8"": 66.73824458, ""w_9"": 67.07998529999999, ""w_10"": 67.05530673, ""w_11"": 67.16825960999999, ""w_12"": 67.14592512, ""w_13"": 66.47879969499999, ""w_14"": 66.75695708, ""w_15"": 66.841553582, ""w_16"": 66.4666625, ""w_17"": 66.8667638, ""w_18"": 66.62334, ""w_19"": 66.7300846, ""w_20"": 66.6267168}"
400,AU3CB0258465,2020-09-15,0,counterfactual,"{""w_0"": 66.531288, ""w_1"": 66.432686, ""w_2"": 65.970261, ""w_3"": 66.453461, ""w_4"": 66.188179, ""w_5"": 66.167747, ""w_6"": 66.484535, ""w_7"": 66.551765, ""w_8"": 66.750328, ""w_9"": 66.962692, ""w_10"": 66.830948, ""w_11"": 66.790344, ""w_12"": 66.869102, ""w_13"": 66.908386, ""w_14"": 66.653961, ""w_15"": 66.275925, ""w_16"": 66.39122, ""w_17"": 66.542053, ""w_18"": 66.424271, ""w_19"": 66.406448, ""w_20"": 66.547203}"
401,AU3CB0258465,2020-09-16,0,factual,"{""w_0"": 65.8897772, ""w_1"": 65.83956249, ""w_2"": 65.880334916, ""w_3"": 65.86915611999999, ""w_4"": 65.9508585, ""w_5"": 66.00320499, ""w_6"": 66.396432375, ""w_7"": 66.73824458, ""w_8"": 67.07998529999999, ""w_9"": 67.05530673, ""w_10"": 67.16825960999999, ""w_11"": 67.14592512, ""w_12"": 66.47879969499999, ""w_13"": 66.75695708, ""w_14"": 66.841553582, ""w_15"": 66.4666625, ""w_16"": 66.8667638, ""w_17"": 66.62334, ""w_18"": 66.7300846, ""w_19"": 66.6267168, ""w_20"": 66.868956}"
401,AU3CB0258465,2020-09-16,0,counterfactual,"{""w_0"": 65.894966, ""w_1"": 65.794571, ""w_2"": 66.023399, ""w_3"": 65.899353, ""w_4"": 66.186165, ""w_5"": 66.003456, ""w_6"": 66.212555, ""w_7"": 66.118034, ""w_8"": 65.947372, ""w_9"": 65.668961, ""w_10"": 65.856819, ""w_11"": 65.93364, ""w_12"": 65.889778, ""w_13"": 65.839561, ""w_14"": 65.880333, ""w_15"": 65.869156, ""w_16"": 65.950859, ""w_17"": 66.003204, ""w_18"": 66.396431, ""w_19"": 66.738243, ""w_20"": 67.079987}"
402,AU3CB0258465,2020-09-17,0,factual,"{""w_0"": 65.83956249, ""w_1"": 65.880334916, ""w_2"": 65.86915611999999, ""w_3"": 65.9508585, ""w_4"": 66.00320499, ""w_5"": 66.396432375, ""w_6"": 66.73824458, ""w_7"": 67.07998529999999, ""w_8"": 67.05530673, ""w_9"": 67.16825960999999, ""w_10"": 67.14592512, ""w_11"": 66.47879969499999, ""w_12"": 66.75695708, ""w_13"": 66.841553582, ""w_14"": 66.4666625, ""w_15"": 66.8667638, ""w_16"": 66.62334, ""w_17"": 66.7300846, ""w_18"": 66.6267168, ""w_19"": 66.868956, ""w_20"": 67.0650655}"
402,AU3CB0258465,2020-09-17,0,counterfactual,"{""w_0"": 65.434563, ""w_1"": 65.58873, ""w_2"": 66.416748, ""w_3"": 66.27713, ""w_4"": 66.233566, ""w_5"": 66.259651, ""w_6"": 66.106201, ""w_7"": 66.531288, ""w_8"": 66.432686, ""w_9"": 65.970261, ""w_10"": 66.453461, ""w_11"": 66.188179, ""w_12"": 66.167747, ""w_13"": 66.484535, ""w_14"": 66.551765, ""w_15"": 66.750328, ""w_16"": 66.962692, ""w_17"": 66.830948, ""w_18"": 66.790344, ""w_19"": 66.869102, ""w_20"": 66.908386}"
403,AU3CB0258465,2020-09-18,0,factual,"{""w_0"": 65.880334916, ""w_1"": 65.86915611999999, ""w_2"": 65.9508585, ""w_3"": 66.00320499, ""w_4"": 66.396432375, ""w_5"": 66.73824458, ""w_6"": 67.07998529999999, ""w_7"": 67.05530673, ""w_8"": 67.16825960999999, ""w_9"": 67.14592512, ""w_10"": 66.47879969499999, ""w_11"": 66.75695708, ""w_12"": 66.841553582, ""w_13"": 66.4666625, ""w_14"": 66.8667638, ""w_15"": 66.62334, ""w_16"": 66.7300846, ""w_17"": 66.6267168, ""w_18"": 66.868956, ""w_19"": 67.0650655, ""w_20"": 66.928692065}"
403,AU3CB0258465,2020-09-18,0,counterfactual,"{""w_0"": 65.58873, ""w_1"": 66.416748, ""w_2"": 66.27713, ""w_3"": 66.233566, ""w_4"": 66.259651, ""w_5"": 66.106201, ""w_6"": 66.531288, ""w_7"": 66.432686, ""w_8"": 65.970261, ""w_9"": 66.453461, ""w_10"": 66.188179, ""w_11"": 66.167747, ""w_12"": 66.484535, ""w_13"": 66.551765, ""w_14"": 66.750328, ""w_15"": 66.962692, ""w_16"": 66.830948, ""w_17"": 66.790344, ""w_18"": 66.869102, ""w_19"": 66.908386, ""w_20"": 66.653961}"
404,AU3CB0258465,2020-09-21,0,factual,"{""w_0"": 65.86915611999999, ""w_1"": 65.9508585, ""w_2"": 66.00320499, ""w_3"": 66.396432375, ""w_4"": 66.73824458, ""w_5"": 67.07998529999999, ""w_6"": 67.05530673, ""w_7"": 67.16825960999999, ""w_8"": 67.14592512, ""w_9"": 66.47879969499999, ""w_10"": 66.75695708, ""w_11"": 66.841553582, ""w_12"": 66.4666625, ""w_13"": 66.8667638, ""w_14"": 66.62334, ""w_15"": 66.7300846, ""w_16"": 66.6267168, ""w_17"": 66.868956, ""w_18"": 67.0650655, ""w_19"": 66.928692065, ""w_20"": 66.78014157999999}"
404,AU3CB0258465,2020-09-21,0,counterfactual,"{""w_0"": 66.453461, ""w_1"": 66.188179, ""w_2"": 66.167747, ""w_3"": 66.484535, ""w_4"": 66.551765, ""w_5"": 66.750328, ""w_6"": 66.962692, ""w_7"": 66.830948, ""w_8"": 66.790344, ""w_9"": 66.869102, ""w_10"": 66.908386, ""w_11"": 66.653961, ""w_12"": 66.275925, ""w_13"": 66.39122, ""w_14"": 66.542053, ""w_15"": 66.424271, ""w_16"": 66.406448, ""w_17"": 66.547203, ""w_18"": 67.167442, ""w_19"": 67.026932, ""w_20"": 66.494438}"
405,AU3CB0258465,2020-09-22,0,factual,"{""w_0"": 65.9508585, ""w_1"": 66.00320499, ""w_2"": 66.396432375, ""w_3"": 66.73824458, ""w_4"": 67.07998529999999, ""w_5"": 67.05530673, ""w_6"": 67.16825960999999, ""w_7"": 67.14592512, ""w_8"": 66.47879969499999, ""w_9"": 66.75695708, ""w_10"": 66.841553582, ""w_11"": 66.4666625, ""w_12"": 66.8667638, ""w_13"": 66.62334, ""w_14"": 66.7300846, ""w_15"": 66.6267168, ""w_16"": 66.868956, ""w_17"": 67.0650655, ""w_18"": 66.928692065, ""w_19"": 66.78014157999999, ""w_20"": 66.63659519999999}"
405,AU3CB0258465,2020-09-22,0,counterfactual,"{""w_0"": 66.27713, ""w_1"": 66.233566, ""w_2"": 66.259651, ""w_3"": 66.106201, ""w_4"": 66.531288, ""w_5"": 66.432686, ""w_6"": 65.970261, ""w_7"": 66.453461, ""w_8"": 66.188179, ""w_9"": 66.167747, ""w_10"": 66.484535, ""w_11"": 66.551765, ""w_12"": 66.750328, ""w_13"": 66.962692, ""w_14"": 66.830948, ""w_15"": 66.790344, ""w_16"": 66.869102, ""w_17"": 66.908386, ""w_18"": 66.653961, ""w_19"": 66.275925, ""w_20"": 66.39122}"
406,AU3CB0258465,2020-09-23,0,factual,"{""w_0"": 66.00320499, ""w_1"": 66.396432375, ""w_2"": 66.73824458, ""w_3"": 67.07998529999999, ""w_4"": 67.05530673, ""w_5"": 67.16825960999999, ""w_6"": 67.14592512, ""w_7"": 66.47879969499999, ""w_8"": 66.75695708, ""w_9"": 66.841553582, ""w_10"": 66.4666625, ""w_11"": 66.8667638, ""w_12"": 66.62334, ""w_13"": 66.7300846, ""w_14"": 66.6267168, ""w_15"": 66.868956, ""w_16"": 67.0650655, ""w_17"": 66.928692065, ""w_18"": 66.78014157999999, ""w_19"": 66.63659519999999, ""w_20"": 66.48438335}"
406,AU3CB0258465,2020-09-23,0,counterfactual,"{""w_0"": 66.484535, ""w_1"": 66.551765, ""w_2"": 66.750328, ""w_3"": 66.962692, ""w_4"": 66.830948, ""w_5"": 66.790344, ""w_6"": 66.869102, ""w_7"": 66.908386, ""w_8"": 66.653961, ""w_9"": 66.275925, ""w_10"": 66.39122, ""w_11"": 66.542053, ""w_12"": 66.424271, ""w_13"": 66.406448, ""w_14"": 66.547203, ""w_15"": 67.167442, ""w_16"": 67.026932, ""w_17"": 66.494438, ""w_18"": 66.152046, ""w_19"": 66.048653, ""w_20"": 66.344925}"
407,AU3CB0258465,2020-09-24,0,factual,"{""w_0"": 66.396432375, ""w_1"": 66.73824458, ""w_2"": 67.07998529999999, ""w_3"": 67.05530673, ""w_4"": 67.16825960999999, ""w_5"": 67.14592512, ""w_6"": 66.47879969499999, ""w_7"": 66.75695708, ""w_8"": 66.841553582, ""w_9"": 66.4666625, ""w_10"": 66.8667638, ""w_11"": 66.62334, ""w_12"": 66.7300846, ""w_13"": 66.6267168, ""w_14"": 66.868956, ""w_15"": 67.0650655, ""w_16"": 66.928692065, ""w_17"": 66.78014157999999, ""w_18"": 66.63659519999999, ""w_19"": 66.48438335, ""w_20"": 65.7866426}"
407,AU3CB0258465,2020-09-24,0,counterfactual,"{""w_0"": 66.551765, ""w_1"": 66.750328, ""w_2"": 66.962692, ""w_3"": 66.830948, ""w_4"": 66.790344, ""w_5"": 66.869102, ""w_6"": 66.908386, ""w_7"": 66.653961, ""w_8"": 66.275925, ""w_9"": 66.39122, ""w_10"": 66.542053, ""w_11"": 66.424271, ""w_12"": 66.406448, ""w_13"": 66.547203, ""w_14"": 67.167442, ""w_15"": 67.026932, ""w_16"": 66.494438, ""w_17"": 66.152046, ""w_18"": 66.048653, ""w_19"": 66.344925, ""w_20"": 66.105827}"
408,AU3CB0258465,2020-09-25,0,factual,"{""w_0"": 66.73824458, ""w_1"": 67.07998529999999, ""w_2"": 67.05530673, ""w_3"": 67.16825960999999, ""w_4"": 67.14592512, ""w_5"": 66.47879969499999, ""w_6"": 66.75695708, ""w_7"": 66.841553582, ""w_8"": 66.4666625, ""w_9"": 66.8667638, ""w_10"": 66.62334, ""w_11"": 66.7300846, ""w_12"": 66.6267168, ""w_13"": 66.868956, ""w_14"": 67.0650655, ""w_15"": 66.928692065, ""w_16"": 66.78014157999999, ""w_17"": 66.63659519999999, ""w_18"": 66.48438335, ""w_19"": 65.7866426, ""w_20"": 65.60871724}"
408,AU3CB0258465,2020-09-25,0,counterfactual,"{""w_0"": 66.396431, ""w_1"": 66.738243, ""w_2"": 67.079987, ""w_3"": 67.055305, ""w_4"": 67.168259, ""w_5"": 67.145927, ""w_6"": 66.478798, ""w_7"": 66.756958, ""w_8"": 66.841553, ""w_9"": 66.46666, ""w_10"": 66.86676, ""w_11"": 66.623337, ""w_12"": 66.730087, ""w_13"": 66.626717, ""w_14"": 66.868958, ""w_15"": 67.065063, ""w_16"": 66.928696, ""w_17"": 66.780144, ""w_18"": 66.636597, ""w_19"": 66.484383, ""w_20"": 65.786644}"
409,AU3CB0258465,2020-09-28,0,factual,"{""w_0"": 67.07998529999999, ""w_1"": 67.05530673, ""w_2"": 67.16825960999999, ""w_3"": 67.14592512, ""w_4"": 66.47879969499999, ""w_5"": 66.75695708, ""w_6"": 66.841553582, ""w_7"": 66.4666625, ""w_8"": 66.8667638, ""w_9"": 66.62334, ""w_10"": 66.7300846, ""w_11"": 66.6267168, ""w_12"": 66.868956, ""w_13"": 67.0650655, ""w_14"": 66.928692065, ""w_15"": 66.78014157999999, ""w_16"": 66.63659519999999, ""w_17"": 66.48438335, ""w_18"": 65.7866426, ""w_19"": 65.60871724, ""w_20"": 65.649582365}"
409,AU3CB0258465,2020-09-28,0,counterfactual,"{""w_0"": 66.790344, ""w_1"": 66.869102, ""w_2"": 66.908386, ""w_3"": 66.653961, ""w_4"": 66.275925, ""w_5"": 66.39122, ""w_6"": 66.542053, ""w_7"": 66.424271, ""w_8"": 66.406448, ""w_9"": 66.547203, ""w_10"": 67.167442, ""w_11"": 67.026932, ""w_12"": 66.494438, ""w_13"": 66.152046, ""w_14"": 66.048653, ""w_15"": 66.344925, ""w_16"": 66.105827, ""w_17"": 65.906487, ""w_18"": 65.894966, ""w_19"": 65.794571, ""w_20"": 66.023399}"
410,AU3CB0258465,2020-09-29,0,factual,"{""w_0"": 67.05530673, ""w_1"": 67.16825960999999, ""w_2"": 67.14592512, ""w_3"": 66.47879969499999, ""w_4"": 66.75695708, ""w_5"": 66.841553582, ""w_6"": 66.4666625, ""w_7"": 66.8667638, ""w_8"": 66.62334, ""w_9"": 66.7300846, ""w_10"": 66.6267168, ""w_11"": 66.868956, ""w_12"": 67.0650655, ""w_13"": 66.928692065, ""w_14"": 66.78014157999999, ""w_15"": 66.63659519999999, ""w_16"": 66.48438335, ""w_17"": 65.7866426, ""w_18"": 65.60871724, ""w_19"": 65.649582365, ""w_20"": 65.912665}"
410,AU3CB0258465,2020-09-29,0,counterfactual,"{""w_0"": 66.790344, ""w_1"": 66.869102, ""w_2"": 66.908386, ""w_3"": 66.653961, ""w_4"": 66.275925, ""w_5"": 66.39122, ""w_6"": 66.542053, ""w_7"": 66.424271, ""w_8"": 66.406448, ""w_9"": 66.547203, ""w_10"": 67.167442, ""w_11"": 67.026932, ""w_12"": 66.494438, ""w_13"": 66.152046, ""w_14"": 66.048653, ""w_15"": 66.344925, ""w_16"": 66.105827, ""w_17"": 65.906487, ""w_18"": 65.894966, ""w_19"": 65.794571, ""w_20"": 66.023399}"
411,AU3CB0258465,2020-09-30,0,factual,"{""w_0"": 67.16825960999999, ""w_1"": 67.14592512, ""w_2"": 66.47879969499999, ""w_3"": 66.75695708, ""w_4"": 66.841553582, ""w_5"": 66.4666625, ""w_6"": 66.8667638, ""w_7"": 66.62334, ""w_8"": 66.7300846, ""w_9"": 66.6267168, ""w_10"": 66.868956, ""w_11"": 67.0650655, ""w_12"": 66.928692065, ""w_13"": 66.78014157999999, ""w_14"": 66.63659519999999, ""w_15"": 66.48438335, ""w_16"": 65.7866426, ""w_17"": 65.60871724, ""w_18"": 65.649582365, ""w_19"": 65.912665, ""w_20"": 65.992287125}"
411,AU3CB0258465,2020-09-30,0,counterfactual,"{""w_0"": 66.962692, ""w_1"": 66.830948, ""w_2"": 66.790344, ""w_3"": 66.869102, ""w_4"": 66.908386, ""w_5"": 66.653961, ""w_6"": 66.275925, ""w_7"": 66.39122, ""w_8"": 66.542053, ""w_9"": 66.424271, ""w_10"": 66.406448, ""w_11"": 66.547203, ""w_12"": 67.167442, ""w_13"": 67.026932, ""w_14"": 66.494438, ""w_15"": 66.152046, ""w_16"": 66.048653, ""w_17"": 66.344925, ""w_18"": 66.105827, ""w_19"": 65.906487, ""w_20"": 65.894966}"
413,AU3CB0258465,2020-10-02,0,factual,"{""w_0"": 66.47879969499999, ""w_1"": 66.75695708, ""w_2"": 66.841553582, ""w_3"": 66.4666625, ""w_4"": 66.8667638, ""w_5"": 66.62334, ""w_6"": 66.7300846, ""w_7"": 66.6267168, ""w_8"": 66.868956, ""w_9"": 67.0650655, ""w_10"": 66.928692065, ""w_11"": 66.78014157999999, ""w_12"": 66.63659519999999, ""w_13"": 66.48438335, ""w_14"": 65.7866426, ""w_15"": 65.60871724, ""w_16"": 65.649582365, ""w_17"": 65.912665, ""w_18"": 65.992287125, ""w_19"": 66.28338776999999, ""w_20"": 66.3182523}"
413,AU3CB0258465,2020-10-02,0,counterfactual,"{""w_0"": 67.145927, ""w_1"": 66.478798, ""w_2"": 66.756958, ""w_3"": 66.841553, ""w_4"": 66.46666, ""w_5"": 66.86676, ""w_6"": 66.623337, ""w_7"": 66.730087, ""w_8"": 66.626717, ""w_9"": 66.868958, ""w_10"": 67.065063, ""w_11"": 66.928696, ""w_12"": 66.780144, ""w_13"": 66.636597, ""w_14"": 66.484383, ""w_15"": 65.786644, ""w_16"": 65.608719, ""w_17"": 65.649582, ""w_18"": 65.912666, ""w_19"": 65.992287, ""w_20"": 66.283386}"
414,AU3CB0258465,2020-10-05,0,factual,"{""w_0"": 66.75695708, ""w_1"": 66.841553582, ""w_2"": 66.4666625, ""w_3"": 66.8667638, ""w_4"": 66.62334, ""w_5"": 66.7300846, ""w_6"": 66.6267168, ""w_7"": 66.868956, ""w_8"": 67.0650655, ""w_9"": 66.928692065, ""w_10"": 66.78014157999999, ""w_11"": 66.63659519999999, ""w_12"": 66.48438335, ""w_13"": 65.7866426, ""w_14"": 65.60871724, ""w_15"": 65.649582365, ""w_16"": 65.912665, ""w_17"": 65.992287125, ""w_18"": 66.28338776999999, ""w_19"": 66.3182523, ""w_20"": 66.39526564500001}"
414,AU3CB0258465,2020-10-05,0,counterfactual,"{""w_0"": 66.478798, ""w_1"": 66.756958, ""w_2"": 66.841553, ""w_3"": 66.46666, ""w_4"": 66.86676, ""w_5"": 66.623337, ""w_6"": 66.730087, ""w_7"": 66.626717, ""w_8"": 66.868958, ""w_9"": 67.065063, ""w_10"": 66.928696, ""w_11"": 66.780144, ""w_12"": 66.636597, ""w_13"": 66.484383, ""w_14"": 65.786644, ""w_15"": 65.608719, ""w_16"": 65.649582, ""w_17"": 65.912666, ""w_18"": 65.992287, ""w_19"": 66.283386, ""w_20"": 66.318253}"
415,AU3CB0258465,2020-10-06,0,factual,"{""w_0"": 66.841553582, ""w_1"": 66.4666625, ""w_2"": 66.8667638, ""w_3"": 66.62334, ""w_4"": 66.7300846, ""w_5"": 66.6267168, ""w_6"": 66.868956, ""w_7"": 67.0650655, ""w_8"": 66.928692065, ""w_9"": 66.78014157999999, ""w_10"": 66.63659519999999, ""w_11"": 66.48438335, ""w_12"": 65.7866426, ""w_13"": 65.60871724, ""w_14"": 65.649582365, ""w_15"": 65.912665, ""w_16"": 65.992287125, ""w_17"": 66.28338776999999, ""w_18"": 66.3182523, ""w_19"": 66.39526564500001, ""w_20"": 66.23620325}"
415,AU3CB0258465,2020-10-06,0,counterfactual,"{""w_0"": 66.653961, ""w_1"": 66.275925, ""w_2"": 66.39122, ""w_3"": 66.542053, ""w_4"": 66.424271, ""w_5"": 66.406448, ""w_6"": 66.547203, ""w_7"": 67.167442, ""w_8"": 67.026932, ""w_9"": 66.494438, ""w_10"": 66.152046, ""w_11"": 66.048653, ""w_12"": 66.344925, ""w_13"": 66.105827, ""w_14"": 65.906487, ""w_15"": 65.894966, ""w_16"": 65.794571, ""w_17"": 66.023399, ""w_18"": 65.899353, ""w_19"": 66.186165, ""w_20"": 66.003456}"
416,AU3CB0258465,2020-10-07,0,factual,"{""w_0"": 66.4666625, ""w_1"": 66.8667638, ""w_2"": 66.62334, ""w_3"": 66.7300846, ""w_4"": 66.6267168, ""w_5"": 66.868956, ""w_6"": 67.0650655, ""w_7"": 66.928692065, ""w_8"": 66.78014157999999, ""w_9"": 66.63659519999999, ""w_10"": 66.48438335, ""w_11"": 65.7866426, ""w_12"": 65.60871724, ""w_13"": 65.649582365, ""w_14"": 65.912665, ""w_15"": 65.992287125, ""w_16"": 66.28338776999999, ""w_17"": 66.3182523, ""w_18"": 66.39526564500001, ""w_19"": 66.23620325, ""w_20"": 65.748306225}"
416,AU3CB0258465,2020-10-07,0,counterfactual,"{""w_0"": 66.39122, ""w_1"": 66.542053, ""w_2"": 66.424271, ""w_3"": 66.406448, ""w_4"": 66.547203, ""w_5"": 67.167442, ""w_6"": 67.026932, ""w_7"": 66.494438, ""w_8"": 66.152046, ""w_9"": 66.048653, ""w_10"": 66.344925, ""w_11"": 66.105827, ""w_12"": 65.906487, ""w_13"": 65.894966, ""w_14"": 65.794571, ""w_15"": 66.023399, ""w_16"": 65.899353, ""w_17"": 66.186165, ""w_18"": 66.003456, ""w_19"": 66.212555, ""w_20"": 66.118034}"
417,AU3CB0258465,2020-10-08,0,factual,"{""w_0"": 66.8667638, ""w_1"": 66.62334, ""w_2"": 66.7300846, ""w_3"": 66.6267168, ""w_4"": 66.868956, ""w_5"": 67.0650655, ""w_6"": 66.928692065, ""w_7"": 66.78014157999999, ""w_8"": 66.63659519999999, ""w_9"": 66.48438335, ""w_10"": 65.7866426, ""w_11"": 65.60871724, ""w_12"": 65.649582365, ""w_13"": 65.912665, ""w_14"": 65.992287125, ""w_15"": 66.28338776999999, ""w_16"": 66.3182523, ""w_17"": 66.39526564500001, ""w_18"": 66.23620325, ""w_19"": 65.748306225, ""w_20"": 65.79749264}"
417,AU3CB0258465,2020-10-08,0,counterfactual,"{""w_0"": 66.542053, ""w_1"": 66.424271, ""w_2"": 66.406448, ""w_3"": 66.547203, ""w_4"": 67.167442, ""w_5"": 67.026932, ""w_6"": 66.494438, ""w_7"": 66.152046, ""w_8"": 66.048653, ""w_9"": 66.344925, ""w_10"": 66.105827, ""w_11"": 65.906487, ""w_12"": 65.894966, ""w_13"": 65.794571, ""w_14"": 66.023399, ""w_15"": 65.899353, ""w_16"": 66.186165, ""w_17"": 66.003456, ""w_18"": 66.212555, ""w_19"": 66.118034, ""w_20"": 65.947372}"
418,AU3CB0258465,2020-10-09,0,factual,"{""w_0"": 66.62334, ""w_1"": 66.7300846, ""w_2"": 66.6267168, ""w_3"": 66.868956, ""w_4"": 67.0650655, ""w_5"": 66.928692065, ""w_6"": 66.78014157999999, ""w_7"": 66.63659519999999, ""w_8"": 66.48438335, ""w_9"": 65.7866426, ""w_10"": 65.60871724, ""w_11"": 65.649582365, ""w_12"": 65.912665, ""w_13"": 65.992287125, ""w_14"": 66.28338776999999, ""w_15"": 66.3182523, ""w_16"": 66.39526564500001, ""w_17"": 66.23620325, ""w_18"": 65.748306225, ""w_19"": 65.79749264, ""w_20"": 66.161412}"
418,AU3CB0258465,2020-10-09,0,counterfactual,"{""w_0"": 66.542053, ""w_1"": 66.424271, ""w_2"": 66.406448, ""w_3"": 66.547203, ""w_4"": 67.167442, ""w_5"": 67.026932, ""w_6"": 66.494438, ""w_7"": 66.152046, ""w_8"": 66.048653, ""w_9"": 66.344925, ""w_10"": 66.105827, ""w_11"": 65.906487, ""w_12"": 65.894966, ""w_13"": 65.794571, ""w_14"": 66.023399, ""w_15"": 65.899353, ""w_16"": 66.186165, ""w_17"": 66.003456, ""w_18"": 66.212555, ""w_19"": 66.118034, ""w_20"": 65.947372}"
419,AU3CB0258465,2020-10-12,0,factual,"{""w_0"": 66.7300846, ""w_1"": 66.6267168, ""w_2"": 66.868956, ""w_3"": 67.0650655, ""w_4"": 66.928692065, ""w_5"": 66.78014157999999, ""w_6"": 66.63659519999999, ""w_7"": 66.48438335, ""w_8"": 65.7866426, ""w_9"": 65.60871724, ""w_10"": 65.649582365, ""w_11"": 65.912665, ""w_12"": 65.992287125, ""w_13"": 66.28338776999999, ""w_14"": 66.3182523, ""w_15"": 66.39526564500001, ""w_16"": 66.23620325, ""w_17"": 65.748306225, ""w_18"": 65.79749264, ""w_19"": 66.161412, ""w_20"": 66.376345455}"
419,AU3CB0258465,2020-10-12,0,counterfactual,"{""w_0"": 66.86676, ""w_1"": 66.623337, ""w_2"": 66.730087, ""w_3"": 66.626717, ""w_4"": 66.868958, ""w_5"": 67.065063, ""w_6"": 66.928696, ""w_7"": 66.780144, ""w_8"": 66.636597, ""w_9"": 66.484383, ""w_10"": 65.786644, ""w_11"": 65.608719, ""w_12"": 65.649582, ""w_13"": 65.912666, ""w_14"": 65.992287, ""w_15"": 66.283386, ""w_16"": 66.318253, ""w_17"": 66.395264, ""w_18"": 66.236206, ""w_19"": 65.748306, ""w_20"": 65.797493}"
420,AU3CB0258465,2020-10-13,0,factual,"{""w_0"": 66.6267168, ""w_1"": 66.868956, ""w_2"": 67.0650655, ""w_3"": 66.928692065, ""w_4"": 66.78014157999999, ""w_5"": 66.63659519999999, ""w_6"": 66.48438335, ""w_7"": 65.7866426, ""w_8"": 65.60871724, ""w_9"": 65.649582365, ""w_10"": 65.912665, ""w_11"": 65.992287125, ""w_12"": 66.28338776999999, ""w_13"": 66.3182523, ""w_14"": 66.39526564500001, ""w_15"": 66.23620325, ""w_16"": 65.748306225, ""w_17"": 65.79749264, ""w_18"": 66.161412, ""w_19"": 66.376345455, ""w_20"": 66.25655495}"
420,AU3CB0258465,2020-10-13,0,counterfactual,"{""w_0"": 66.406448, ""w_1"": 66.547203, ""w_2"": 67.167442, ""w_3"": 67.026932, ""w_4"": 66.494438, ""w_5"": 66.152046, ""w_6"": 66.048653, ""w_7"": 66.344925, ""w_8"": 66.105827, ""w_9"": 65.906487, ""w_10"": 65.894966, ""w_11"": 65.794571, ""w_12"": 66.023399, ""w_13"": 65.899353, ""w_14"": 66.186165, ""w_15"": 66.003456, ""w_16"": 66.212555, ""w_17"": 66.118034, ""w_18"": 65.947372, ""w_19"": 65.668961, ""w_20"": 65.856819}"
421,AU3CB0258465,2020-10-14,0,factual,"{""w_0"": 66.868956, ""w_1"": 67.0650655, ""w_2"": 66.928692065, ""w_3"": 66.78014157999999, ""w_4"": 66.63659519999999, ""w_5"": 66.48438335, ""w_6"": 65.7866426, ""w_7"": 65.60871724, ""w_8"": 65.649582365, ""w_9"": 65.912665, ""w_10"": 65.992287125, ""w_11"": 66.28338776999999, ""w_12"": 66.3182523, ""w_13"": 66.39526564500001, ""w_14"": 66.23620325, ""w_15"": 65.748306225, ""w_16"": 65.79749264, ""w_17"": 66.161412, ""w_18"": 66.376345455, ""w_19"": 66.25655495, ""w_20"": 66.238557}"
421,AU3CB0258465,2020-10-14,0,counterfactual,"{""w_0"": 66.626717, ""w_1"": 66.868958, ""w_2"": 67.065063, ""w_3"": 66.928696, ""w_4"": 66.780144, ""w_5"": 66.636597, ""w_6"": 66.484383, ""w_7"": 65.786644, ""w_8"": 65.608719, ""w_9"": 65.649582, ""w_10"": 65.912666, ""w_11"": 65.992287, ""w_12"": 66.283386, ""w_13"": 66.318253, ""w_14"": 66.395264, ""w_15"": 66.236206, ""w_16"": 65.748306, ""w_17"": 65.797493, ""w_18"": 66.161415, ""w_19"": 66.376343, ""w_20"": 66.256554}"
422,AU3CB0258465,2020-10-15,0,factual,"{""w_0"": 67.0650655, ""w_1"": 66.928692065, ""w_2"": 66.78014157999999, ""w_3"": 66.63659519999999, ""w_4"": 66.48438335, ""w_5"": 65.7866426, ""w_6"": 65.60871724, ""w_7"": 65.649582365, ""w_8"": 65.912665, ""w_9"": 65.992287125, ""w_10"": 66.28338776999999, ""w_11"": 66.3182523, ""w_12"": 66.39526564500001, ""w_13"": 66.23620325, ""w_14"": 65.748306225, ""w_15"": 65.79749264, ""w_16"": 66.161412, ""w_17"": 66.376345455, ""w_18"": 66.25655495, ""w_19"": 66.238557, ""w_20"": 66.0537605}"
422,AU3CB0258465,2020-10-15,0,counterfactual,"{""w_0"": 66.868958, ""w_1"": 67.065063, ""w_2"": 66.928696, ""w_3"": 66.780144, ""w_4"": 66.636597, ""w_5"": 66.484383, ""w_6"": 65.786644, ""w_7"": 65.608719, ""w_8"": 65.649582, ""w_9"": 65.912666, ""w_10"": 65.992287, ""w_11"": 66.283386, ""w_12"": 66.318253, ""w_13"": 66.395264, ""w_14"": 66.236206, ""w_15"": 65.748306, ""w_16"": 65.797493, ""w_17"": 66.161415, ""w_18"": 66.376343, ""w_19"": 66.256554, ""w_20"": 66.238556}"
423,AU3CB0258465,2020-10-16,0,factual,"{""w_0"": 66.928692065, ""w_1"": 66.78014157999999, ""w_2"": 66.63659519999999, ""w_3"": 66.48438335, ""w_4"": 65.7866426, ""w_5"": 65.60871724, ""w_6"": 65.649582365, ""w_7"": 65.912665, ""w_8"": 65.992287125, ""w_9"": 66.28338776999999, ""w_10"": 66.3182523, ""w_11"": 66.39526564500001, ""w_12"": 66.23620325, ""w_13"": 65.748306225, ""w_14"": 65.79749264, ""w_15"": 66.161412, ""w_16"": 66.376345455, ""w_17"": 66.25655495, ""w_18"": 66.238557, ""w_19"": 66.0537605, ""w_20"": 65.79353716}"
423,AU3CB0258465,2020-10-16,0,counterfactual,"{""w_0"": 67.065063, ""w_1"": 66.928696, ""w_2"": 66.780144, ""w_3"": 66.636597, ""w_4"": 66.484383, ""w_5"": 65.786644, ""w_6"": 65.608719, ""w_7"": 65.649582, ""w_8"": 65.912666, ""w_9"": 65.992287, ""w_10"": 66.283386, ""w_11"": 66.318253, ""w_12"": 66.395264, ""w_13"": 66.236206, ""w_14"": 65.748306, ""w_15"": 65.797493, ""w_16"": 66.161415, ""w_17"": 66.376343, ""w_18"": 66.256554, ""w_19"": 66.238556, ""w_20"": 66.053757}"
424,AU3CB0258465,2020-10-19,0,factual,"{""w_0"": 66.78014157999999, ""w_1"": 66.63659519999999, ""w_2"": 66.48438335, ""w_3"": 65.7866426, ""w_4"": 65.60871724, ""w_5"": 65.649582365, ""w_6"": 65.912665, ""w_7"": 65.992287125, ""w_8"": 66.28338776999999, ""w_9"": 66.3182523, ""w_10"": 66.39526564500001, ""w_11"": 66.23620325, ""w_12"": 65.748306225, ""w_13"": 65.79749264, ""w_14"": 66.161412, ""w_15"": 66.376345455, ""w_16"": 66.25655495, ""w_17"": 66.238557, ""w_18"": 66.0537605, ""w_19"": 65.79353716, ""w_20"": 65.77409343999999}"
424,AU3CB0258465,2020-10-19,0,counterfactual,"{""w_0"": 66.928696, ""w_1"": 66.780144, ""w_2"": 66.636597, ""w_3"": 66.484383, ""w_4"": 65.786644, ""w_5"": 65.608719, ""w_6"": 65.649582, ""w_7"": 65.912666, ""w_8"": 65.992287, ""w_9"": 66.283386, ""w_10"": 66.318253, ""w_11"": 66.395264, ""w_12"": 66.236206, ""w_13"": 65.748306, ""w_14"": 65.797493, ""w_15"": 66.161415, ""w_16"": 66.376343, ""w_17"": 66.256554, ""w_18"": 66.238556, ""w_19"": 66.053757, ""w_20"": 65.793541}"
425,AU3CB0258465,2020-10-20,0,factual,"{""w_0"": 66.63659519999999, ""w_1"": 66.48438335, ""w_2"": 65.7866426, ""w_3"": 65.60871724, ""w_4"": 65.649582365, ""w_5"": 65.912665, ""w_6"": 65.992287125, ""w_7"": 66.28338776999999, ""w_8"": 66.3182523, ""w_9"": 66.39526564500001, ""w_10"": 66.23620325, ""w_11"": 65.748306225, ""w_12"": 65.79749264, ""w_13"": 66.161412, ""w_14"": 66.376345455, ""w_15"": 66.25655495, ""w_16"": 66.238557, ""w_17"": 66.0537605, ""w_18"": 65.79353716, ""w_19"": 65.77409343999999, ""w_20"": 65.13603599999999}"
425,AU3CB0258465,2020-10-20,0,counterfactual,"{""w_0"": 66.547203, ""w_1"": 67.167442, ""w_2"": 67.026932, ""w_3"": 66.494438, ""w_4"": 66.152046, ""w_5"": 66.048653, ""w_6"": 66.344925, ""w_7"": 66.105827, ""w_8"": 65.906487, ""w_9"": 65.894966, ""w_10"": 65.794571, ""w_11"": 66.023399, ""w_12"": 65.899353, ""w_13"": 66.186165, ""w_14"": 66.003456, ""w_15"": 66.212555, ""w_16"": 66.118034, ""w_17"": 65.947372, ""w_18"": 65.668961, ""w_19"": 65.856819, ""w_20"": 65.93364}"
426,AU3CB0258465,2020-10-21,0,factual,"{""w_0"": 66.48438335, ""w_1"": 65.7866426, ""w_2"": 65.60871724, ""w_3"": 65.649582365, ""w_4"": 65.912665, ""w_5"": 65.992287125, ""w_6"": 66.28338776999999, ""w_7"": 66.3182523, ""w_8"": 66.39526564500001, ""w_9"": 66.23620325, ""w_10"": 65.748306225, ""w_11"": 65.79749264, ""w_12"": 66.161412, ""w_13"": 66.376345455, ""w_14"": 66.25655495, ""w_15"": 66.238557, ""w_16"": 66.0537605, ""w_17"": 65.79353716, ""w_18"": 65.77409343999999, ""w_19"": 65.13603599999999, ""w_20"": 64.7788008}"
426,AU3CB0258465,2020-10-21,0,counterfactual,"{""w_0"": 67.065063, ""w_1"": 66.928696, ""w_2"": 66.780144, ""w_3"": 66.636597, ""w_4"": 66.484383, ""w_5"": 65.786644, ""w_6"": 65.608719, ""w_7"": 65.649582, ""w_8"": 65.912666, ""w_9"": 65.992287, ""w_10"": 66.283386, ""w_11"": 66.318253, ""w_12"": 66.395264, ""w_13"": 66.236206, ""w_14"": 65.748306, ""w_15"": 65.797493, ""w_16"": 66.161415, ""w_17"": 66.376343, ""w_18"": 66.256554, ""w_19"": 66.238556, ""w_20"": 66.053757}"
427,AU3CB0258465,2020-10-22,0,factual,"{""w_0"": 65.7866426, ""w_1"": 65.60871724, ""w_2"": 65.649582365, ""w_3"": 65.912665, ""w_4"": 65.992287125, ""w_5"": 66.28338776999999, ""w_6"": 66.3182523, ""w_7"": 66.39526564500001, ""w_8"": 66.23620325, ""w_9"": 65.748306225, ""w_10"": 65.79749264, ""w_11"": 66.161412, ""w_12"": 66.376345455, ""w_13"": 66.25655495, ""w_14"": 66.238557, ""w_15"": 66.0537605, ""w_16"": 65.79353716, ""w_17"": 65.77409343999999, ""w_18"": 65.13603599999999, ""w_19"": 64.7788008, ""w_20"": 65.1874473}"
427,AU3CB0258465,2020-10-22,0,counterfactual,"{""w_0"": 66.928696, ""w_1"": 66.780144, ""w_2"": 66.636597, ""w_3"": 66.484383, ""w_4"": 65.786644, ""w_5"": 65.608719, ""w_6"": 65.649582, ""w_7"": 65.912666, ""w_8"": 65.992287, ""w_9"": 66.283386, ""w_10"": 66.318253, ""w_11"": 66.395264, ""w_12"": 66.236206, ""w_13"": 65.748306, ""w_14"": 65.797493, ""w_15"": 66.161415, ""w_16"": 66.376343, ""w_17"": 66.256554, ""w_18"": 66.238556, ""w_19"": 66.053757, ""w_20"": 65.793541}"
428,AU3CB0258465,2020-10-23,0,factual,"{""w_0"": 65.60871724, ""w_1"": 65.649582365, ""w_2"": 65.912665, ""w_3"": 65.992287125, ""w_4"": 66.28338776999999, ""w_5"": 66.3182523, ""w_6"": 66.39526564500001, ""w_7"": 66.23620325, ""w_8"": 65.748306225, ""w_9"": 65.79749264, ""w_10"": 66.161412, ""w_11"": 66.376345455, ""w_12"": 66.25655495, ""w_13"": 66.238557, ""w_14"": 66.0537605, ""w_15"": 65.79353716, ""w_16"": 65.77409343999999, ""w_17"": 65.13603599999999, ""w_18"": 64.7788008, ""w_19"": 65.1874473, ""w_20"": 65.6136614}"
428,AU3CB0258465,2020-10-23,0,counterfactual,"{""w_0"": 66.484383, ""w_1"": 65.786644, ""w_2"": 65.608719, ""w_3"": 65.649582, ""w_4"": 65.912666, ""w_5"": 65.992287, ""w_6"": 66.283386, ""w_7"": 66.318253, ""w_8"": 66.395264, ""w_9"": 66.236206, ""w_10"": 65.748306, ""w_11"": 65.797493, ""w_12"": 66.161415, ""w_13"": 66.376343, ""w_14"": 66.256554, ""w_15"": 66.238556, ""w_16"": 66.053757, ""w_17"": 65.793541, ""w_18"": 65.774094, ""w_19"": 65.13604, ""w_20"": 64.778801}"
429,AU3CB0258465,2020-10-26,0,factual,"{""w_0"": 65.649582365, ""w_1"": 65.912665, ""w_2"": 65.992287125, ""w_3"": 66.28338776999999, ""w_4"": 66.3182523, ""w_5"": 66.39526564500001, ""w_6"": 66.23620325, ""w_7"": 65.748306225, ""w_8"": 65.79749264, ""w_9"": 66.161412, ""w_10"": 66.376345455, ""w_11"": 66.25655495, ""w_12"": 66.238557, ""w_13"": 66.0537605, ""w_14"": 65.79353716, ""w_15"": 65.77409343999999, ""w_16"": 65.13603599999999, ""w_17"": 64.7788008, ""w_18"": 65.1874473, ""w_19"": 65.6136614, ""w_20"": 65.49794628000001}"
429,AU3CB0258465,2020-10-26,0,counterfactual,"{""w_0"": 67.026932, ""w_1"": 66.494438, ""w_2"": 66.152046, ""w_3"": 66.048653, ""w_4"": 66.344925, ""w_5"": 66.105827, ""w_6"": 65.906487, ""w_7"": 65.894966, ""w_8"": 65.794571, ""w_9"": 66.023399, ""w_10"": 65.899353, ""w_11"": 66.186165, ""w_12"": 66.003456, ""w_13"": 66.212555, ""w_14"": 66.118034, ""w_15"": 65.947372, ""w_16"": 65.668961, ""w_17"": 65.856819, ""w_18"": 65.93364, ""w_19"": 65.889778, ""w_20"": 65.839561}"
430,AU3CB0258465,2020-10-27,0,factual,"{""w_0"": 65.912665, ""w_1"": 65.992287125, ""w_2"": 66.28338776999999, ""w_3"": 66.3182523, ""w_4"": 66.39526564500001, ""w_5"": 66.23620325, ""w_6"": 65.748306225, ""w_7"": 65.79749264, ""w_8"": 66.161412, ""w_9"": 66.376345455, ""w_10"": 66.25655495, ""w_11"": 66.238557, ""w_12"": 66.0537605, ""w_13"": 65.79353716, ""w_14"": 65.77409343999999, ""w_15"": 65.13603599999999, ""w_16"": 64.7788008, ""w_17"": 65.1874473, ""w_18"": 65.6136614, ""w_19"": 65.49794628000001, ""w_20"": 65.5863425}"
430,AU3CB0258465,2020-10-27,0,counterfactual,"{""w_0"": 67.026932, ""w_1"": 66.494438, ""w_2"": 66.152046, ""w_3"": 66.048653, ""w_4"": 66.344925, ""w_5"": 66.105827, ""w_6"": 65.906487, ""w_7"": 65.894966, ""w_8"": 65.794571, ""w_9"": 66.023399, ""w_10"": 65.899353, ""w_11"": 66.186165, ""w_12"": 66.003456, ""w_13"": 66.212555, ""w_14"": 66.118034, ""w_15"": 65.947372, ""w_16"": 65.668961, ""w_17"": 65.856819, ""w_18"": 65.93364, ""w_19"": 65.889778, ""w_20"": 65.839561}"
431,AU3CB0258465,2020-10-28,0,factual,"{""w_0"": 65.992287125, ""w_1"": 66.28338776999999, ""w_2"": 66.3182523, ""w_3"": 66.39526564500001, ""w_4"": 66.23620325, ""w_5"": 65.748306225, ""w_6"": 65.79749264, ""w_7"": 66.161412, ""w_8"": 66.376345455, ""w_9"": 66.25655495, ""w_10"": 66.238557, ""w_11"": 66.0537605, ""w_12"": 65.79353716, ""w_13"": 65.77409343999999, ""w_14"": 65.13603599999999, ""w_15"": 64.7788008, ""w_16"": 65.1874473, ""w_17"": 65.6136614, ""w_18"": 65.49794628000001, ""w_19"": 65.5863425, ""w_20"": 65.7951109}"
431,AU3CB0258465,2020-10-28,0,counterfactual,"{""w_0"": 67.026932, ""w_1"": 66.494438, ""w_2"": 66.152046, ""w_3"": 66.048653, ""w_4"": 66.344925, ""w_5"": 66.105827, ""w_6"": 65.906487, ""w_7"": 65.894966, ""w_8"": 65.794571, ""w_9"": 66.023399, ""w_10"": 65.899353, ""w_11"": 66.186165, ""w_12"": 66.003456, ""w_13"": 66.212555, ""w_14"": 66.118034, ""w_15"": 65.947372, ""w_16"": 65.668961, ""w_17"": 65.856819, ""w_18"": 65.93364, ""w_19"": 65.889778, ""w_20"": 65.839561}"
432,AU3CB0258465,2020-10-29,0,factual,"{""w_0"": 66.28338776999999, ""w_1"": 66.3182523, ""w_2"": 66.39526564500001, ""w_3"": 66.23620325, ""w_4"": 65.748306225, ""w_5"": 65.79749264, ""w_6"": 66.161412, ""w_7"": 66.376345455, ""w_8"": 66.25655495, ""w_9"": 66.238557, ""w_10"": 66.0537605, ""w_11"": 65.79353716, ""w_12"": 65.77409343999999, ""w_13"": 65.13603599999999, ""w_14"": 64.7788008, ""w_15"": 65.1874473, ""w_16"": 65.6136614, ""w_17"": 65.49794628000001, ""w_18"": 65.5863425, ""w_19"": 65.7951109, ""w_20"": 65.33443858499999}"
432,AU3CB0258465,2020-10-29,0,counterfactual,"{""w_0"": 65.992287, ""w_1"": 66.283386, ""w_2"": 66.318253, ""w_3"": 66.395264, ""w_4"": 66.236206, ""w_5"": 65.748306, ""w_6"": 65.797493, ""w_7"": 66.161415, ""w_8"": 66.376343, ""w_9"": 66.256554, ""w_10"": 66.238556, ""w_11"": 66.053757, ""w_12"": 65.793541, ""w_13"": 65.774094, ""w_14"": 65.13604, ""w_15"": 64.778801, ""w_16"": 65.187447, ""w_17"": 65.613663, ""w_18"": 65.497948, ""w_19"": 65.586342, ""w_20"": 65.795113}"
433,AU3CB0258465,2020-10-30,0,factual,"{""w_0"": 66.3182523, ""w_1"": 66.39526564500001, ""w_2"": 66.23620325, ""w_3"": 65.748306225, ""w_4"": 65.79749264, ""w_5"": 66.161412, ""w_6"": 66.376345455, ""w_7"": 66.25655495, ""w_8"": 66.238557, ""w_9"": 66.0537605, ""w_10"": 65.79353716, ""w_11"": 65.77409343999999, ""w_12"": 65.13603599999999, ""w_13"": 64.7788008, ""w_14"": 65.1874473, ""w_15"": 65.6136614, ""w_16"": 65.49794628000001, ""w_17"": 65.5863425, ""w_18"": 65.7951109, ""w_19"": 65.33443858499999, ""w_20"": 65.55762416}"
433,AU3CB0258465,2020-10-30,0,counterfactual,"{""w_0"": 66.283386, ""w_1"": 66.318253, ""w_2"": 66.395264, ""w_3"": 66.236206, ""w_4"": 65.748306, ""w_5"": 65.797493, ""w_6"": 66.161415, ""w_7"": 66.376343, ""w_8"": 66.256554, ""w_9"": 66.238556, ""w_10"": 66.053757, ""w_11"": 65.793541, ""w_12"": 65.774094, ""w_13"": 65.13604, ""w_14"": 64.778801, ""w_15"": 65.187447, ""w_16"": 65.613663, ""w_17"": 65.497948, ""w_18"": 65.586342, ""w_19"": 65.795113, ""w_20"": 65.334442}"
434,AU3CB0258465,2020-11-02,0,factual,"{""w_0"": 66.39526564500001, ""w_1"": 66.23620325, ""w_2"": 65.748306225, ""w_3"": 65.79749264, ""w_4"": 66.161412, ""w_5"": 66.376345455, ""w_6"": 66.25655495, ""w_7"": 66.238557, ""w_8"": 66.0537605, ""w_9"": 65.79353716, ""w_10"": 65.77409343999999, ""w_11"": 65.13603599999999, ""w_12"": 64.7788008, ""w_13"": 65.1874473, ""w_14"": 65.6136614, ""w_15"": 65.49794628000001, ""w_16"": 65.5863425, ""w_17"": 65.7951109, ""w_18"": 65.33443858499999, ""w_19"": 65.55762416, ""w_20"": 65.47461298}"
434,AU3CB0258465,2020-11-02,0,counterfactual,"{""w_0"": 65.87326, ""w_1"": 66.727463, ""w_2"": 66.540535, ""w_3"": 66.067032, ""w_4"": 66.758873, ""w_5"": 67.141891, ""w_6"": 66.211609, ""w_7"": 66.364967, ""w_8"": 65.434563, ""w_9"": 65.58873, ""w_10"": 66.416748, ""w_11"": 66.27713, ""w_12"": 66.233566, ""w_13"": 66.259651, ""w_14"": 66.106201, ""w_15"": 66.531288, ""w_16"": 66.432686, ""w_17"": 65.970261, ""w_18"": 66.453461, ""w_19"": 66.188179, ""w_20"": 66.167747}"
435,AU3CB0258465,2020-11-03,0,factual,"{""w_0"": 66.23620325, ""w_1"": 65.748306225, ""w_2"": 65.79749264, ""w_3"": 66.161412, ""w_4"": 66.376345455, ""w_5"": 66.25655495, ""w_6"": 66.238557, ""w_7"": 66.0537605, ""w_8"": 65.79353716, ""w_9"": 65.77409343999999, ""w_10"": 65.13603599999999, ""w_11"": 64.7788008, ""w_12"": 65.1874473, ""w_13"": 65.6136614, ""w_14"": 65.49794628000001, ""w_15"": 65.5863425, ""w_16"": 65.7951109, ""w_17"": 65.33443858499999, ""w_18"": 65.55762416, ""w_19"": 65.47461298, ""w_20"": 65.9352498}"
435,AU3CB0258465,2020-11-03,0,counterfactual,"{""w_0"": 65.992287, ""w_1"": 66.283386, ""w_2"": 66.318253, ""w_3"": 66.395264, ""w_4"": 66.236206, ""w_5"": 65.748306, ""w_6"": 65.797493, ""w_7"": 66.161415, ""w_8"": 66.376343, ""w_9"": 66.256554, ""w_10"": 66.238556, ""w_11"": 66.053757, ""w_12"": 65.793541, ""w_13"": 65.774094, ""w_14"": 65.13604, ""w_15"": 64.778801, ""w_16"": 65.187447, ""w_17"": 65.613663, ""w_18"": 65.497948, ""w_19"": 65.586342, ""w_20"": 65.795113}"
436,AU3CB0258465,2020-11-04,0,factual,"{""w_0"": 65.748306225, ""w_1"": 65.79749264, ""w_2"": 66.161412, ""w_3"": 66.376345455, ""w_4"": 66.25655495, ""w_5"": 66.238557, ""w_6"": 66.0537605, ""w_7"": 65.79353716, ""w_8"": 65.77409343999999, ""w_9"": 65.13603599999999, ""w_10"": 64.7788008, ""w_11"": 65.1874473, ""w_12"": 65.6136614, ""w_13"": 65.49794628000001, ""w_14"": 65.5863425, ""w_15"": 65.7951109, ""w_16"": 65.33443858499999, ""w_17"": 65.55762416, ""w_18"": 65.47461298, ""w_19"": 65.9352498, ""w_20"": 66.60425475}"
436,AU3CB0258465,2020-11-04,0,counterfactual,"{""w_0"": 66.395264, ""w_1"": 66.236206, ""w_2"": 65.748306, ""w_3"": 65.797493, ""w_4"": 66.161415, ""w_5"": 66.376343, ""w_6"": 66.256554, ""w_7"": 66.238556, ""w_8"": 66.053757, ""w_9"": 65.793541, ""w_10"": 65.774094, ""w_11"": 65.13604, ""w_12"": 64.778801, ""w_13"": 65.187447, ""w_14"": 65.613663, ""w_15"": 65.497948, ""w_16"": 65.586342, ""w_17"": 65.795113, ""w_18"": 65.334442, ""w_19"": 65.557625, ""w_20"": 65.474609}"
437,AU3CB0258465,2020-11-05,0,factual,"{""w_0"": 65.79749264, ""w_1"": 66.161412, ""w_2"": 66.376345455, ""w_3"": 66.25655495, ""w_4"": 66.238557, ""w_5"": 66.0537605, ""w_6"": 65.79353716, ""w_7"": 65.77409343999999, ""w_8"": 65.13603599999999, ""w_9"": 64.7788008, ""w_10"": 65.1874473, ""w_11"": 65.6136614, ""w_12"": 65.49794628000001, ""w_13"": 65.5863425, ""w_14"": 65.7951109, ""w_15"": 65.33443858499999, ""w_16"": 65.55762416, ""w_17"": 65.47461298, ""w_18"": 65.9352498, ""w_19"": 66.60425475, ""w_20"": 66.62439118}"
437,AU3CB0258465,2020-11-05,0,counterfactual,"{""w_0"": 65.748306, ""w_1"": 65.797493, ""w_2"": 66.161415, ""w_3"": 66.376343, ""w_4"": 66.256554, ""w_5"": 66.238556, ""w_6"": 66.053757, ""w_7"": 65.793541, ""w_8"": 65.774094, ""w_9"": 65.13604, ""w_10"": 64.778801, ""w_11"": 65.187447, ""w_12"": 65.613663, ""w_13"": 65.497948, ""w_14"": 65.586342, ""w_15"": 65.795113, ""w_16"": 65.334442, ""w_17"": 65.557625, ""w_18"": 65.474609, ""w_19"": 65.935249, ""w_20"": 66.604256}"
438,AU3CB0258465,2020-11-06,0,factual,"{""w_0"": 66.161412, ""w_1"": 66.376345455, ""w_2"": 66.25655495, ""w_3"": 66.238557, ""w_4"": 66.0537605, ""w_5"": 65.79353716, ""w_6"": 65.77409343999999, ""w_7"": 65.13603599999999, ""w_8"": 64.7788008, ""w_9"": 65.1874473, ""w_10"": 65.6136614, ""w_11"": 65.49794628000001, ""w_12"": 65.5863425, ""w_13"": 65.7951109, ""w_14"": 65.33443858499999, ""w_15"": 65.55762416, ""w_16"": 65.47461298, ""w_17"": 65.9352498, ""w_18"": 66.60425475, ""w_19"": 66.62439118, ""w_20"": 66.939831105}"
438,AU3CB0258465,2020-11-06,0,counterfactual,"{""w_0"": 65.797493, ""w_1"": 66.161415, ""w_2"": 66.376343, ""w_3"": 66.256554, ""w_4"": 66.238556, ""w_5"": 66.053757, ""w_6"": 65.793541, ""w_7"": 65.774094, ""w_8"": 65.13604, ""w_9"": 64.778801, ""w_10"": 65.187447, ""w_11"": 65.613663, ""w_12"": 65.497948, ""w_13"": 65.586342, ""w_14"": 65.795113, ""w_15"": 65.334442, ""w_16"": 65.557625, ""w_17"": 65.474609, ""w_18"": 65.935249, ""w_19"": 66.604256, ""w_20"": 66.62439}"
439,AU3CB0258465,2020-11-09,0,factual,"{""w_0"": 66.376345455, ""w_1"": 66.25655495, ""w_2"": 66.238557, ""w_3"": 66.0537605, ""w_4"": 65.79353716, ""w_5"": 65.77409343999999, ""w_6"": 65.13603599999999, ""w_7"": 64.7788008, ""w_8"": 65.1874473, ""w_9"": 65.6136614, ""w_10"": 65.49794628000001, ""w_11"": 65.5863425, ""w_12"": 65.7951109, ""w_13"": 65.33443858499999, ""w_14"": 65.55762416, ""w_15"": 65.47461298, ""w_16"": 65.9352498, ""w_17"": 66.60425475, ""w_18"": 66.62439118, ""w_19"": 66.939831105, ""w_20"": 66.7295991}"
439,AU3CB0258465,2020-11-09,0,counterfactual,"{""w_0"": 65.797493, ""w_1"": 66.161415, ""w_2"": 66.376343, ""w_3"": 66.256554, ""w_4"": 66.238556, ""w_5"": 66.053757, ""w_6"": 65.793541, ""w_7"": 65.774094, ""w_8"": 65.13604, ""w_9"": 64.778801, ""w_10"": 65.187447, ""w_11"": 65.613663, ""w_12"": 65.497948, ""w_13"": 65.586342, ""w_14"": 65.795113, ""w_15"": 65.334442, ""w_16"": 65.557625, ""w_17"": 65.474609, ""w_18"": 65.935249, ""w_19"": 66.604256, ""w_20"": 66.62439}"
440,AU3CB0258465,2020-11-10,0,factual,"{""w_0"": 66.25655495, ""w_1"": 66.238557, ""w_2"": 66.0537605, ""w_3"": 65.79353716, ""w_4"": 65.77409343999999, ""w_5"": 65.13603599999999, ""w_6"": 64.7788008, ""w_7"": 65.1874473, ""w_8"": 65.6136614, ""w_9"": 65.49794628000001, ""w_10"": 65.5863425, ""w_11"": 65.7951109, ""w_12"": 65.33443858499999, ""w_13"": 65.55762416, ""w_14"": 65.47461298, ""w_15"": 65.9352498, ""w_16"": 66.60425475, ""w_17"": 66.62439118, ""w_18"": 66.939831105, ""w_19"": 66.7295991, ""w_20"": 67.000507805}"
440,AU3CB0258465,2020-11-10,0,counterfactual,"{""w_0"": 66.067032, ""w_1"": 66.758873, ""w_2"": 67.141891, ""w_3"": 66.211609, ""w_4"": 66.364967, ""w_5"": 65.434563, ""w_6"": 65.58873, ""w_7"": 66.416748, ""w_8"": 66.27713, ""w_9"": 66.233566, ""w_10"": 66.259651, ""w_11"": 66.106201, ""w_12"": 66.531288, ""w_13"": 66.432686, ""w_14"": 65.970261, ""w_15"": 66.453461, ""w_16"": 66.188179, ""w_17"": 66.167747, ""w_18"": 66.484535, ""w_19"": 66.551765, ""w_20"": 66.750328}"
441,AU3CB0258465,2020-11-11,0,factual,"{""w_0"": 66.238557, ""w_1"": 66.0537605, ""w_2"": 65.79353716, ""w_3"": 65.77409343999999, ""w_4"": 65.13603599999999, ""w_5"": 64.7788008, ""w_6"": 65.1874473, ""w_7"": 65.6136614, ""w_8"": 65.49794628000001, ""w_9"": 65.5863425, ""w_10"": 65.7951109, ""w_11"": 65.33443858499999, ""w_12"": 65.55762416, ""w_13"": 65.47461298, ""w_14"": 65.9352498, ""w_15"": 66.60425475, ""w_16"": 66.62439118, ""w_17"": 66.939831105, ""w_18"": 66.7295991, ""w_19"": 67.000507805, ""w_20"": 67.03860117}"
441,AU3CB0258465,2020-11-11,0,counterfactual,"{""w_0"": 66.758873, ""w_1"": 67.141891, ""w_2"": 66.211609, ""w_3"": 66.364967, ""w_4"": 65.434563, ""w_5"": 65.58873, ""w_6"": 66.416748, ""w_7"": 66.27713, ""w_8"": 66.233566, ""w_9"": 66.259651, ""w_10"": 66.106201, ""w_11"": 66.531288, ""w_12"": 66.432686, ""w_13"": 65.970261, ""w_14"": 66.453461, ""w_15"": 66.188179, ""w_16"": 66.167747, ""w_17"": 66.484535, ""w_18"": 66.551765, ""w_19"": 66.750328, ""w_20"": 66.962692}"
442,AU3CB0258465,2020-11-12,0,factual,"{""w_0"": 66.0537605, ""w_1"": 65.79353716, ""w_2"": 65.77409343999999, ""w_3"": 65.13603599999999, ""w_4"": 64.7788008, ""w_5"": 65.1874473, ""w_6"": 65.6136614, ""w_7"": 65.49794628000001, ""w_8"": 65.5863425, ""w_9"": 65.7951109, ""w_10"": 65.33443858499999, ""w_11"": 65.55762416, ""w_12"": 65.47461298, ""w_13"": 65.9352498, ""w_14"": 66.60425475, ""w_15"": 66.62439118, ""w_16"": 66.939831105, ""w_17"": 66.7295991, ""w_18"": 67.000507805, ""w_19"": 67.03860117, ""w_20"": 67.2889707}"
442,AU3CB0258465,2020-11-12,0,counterfactual,"{""w_0"": 67.141891, ""w_1"": 66.211609, ""w_2"": 66.364967, ""w_3"": 65.434563, ""w_4"": 65.58873, ""w_5"": 66.416748, ""w_6"": 66.27713, ""w_7"": 66.233566, ""w_8"": 66.259651, ""w_9"": 66.106201, ""w_10"": 66.531288, ""w_11"": 66.432686, ""w_12"": 65.970261, ""w_13"": 66.453461, ""w_14"": 66.188179, ""w_15"": 66.167747, ""w_16"": 66.484535, ""w_17"": 66.551765, ""w_18"": 66.750328, ""w_19"": 66.962692, ""w_20"": 66.830948}"
443,AU3CB0258465,2020-11-13,0,factual,"{""w_0"": 65.79353716, ""w_1"": 65.77409343999999, ""w_2"": 65.13603599999999, ""w_3"": 64.7788008, ""w_4"": 65.1874473, ""w_5"": 65.6136614, ""w_6"": 65.49794628000001, ""w_7"": 65.5863425, ""w_8"": 65.7951109, ""w_9"": 65.33443858499999, ""w_10"": 65.55762416, ""w_11"": 65.47461298, ""w_12"": 65.9352498, ""w_13"": 66.60425475, ""w_14"": 66.62439118, ""w_15"": 66.939831105, ""w_16"": 66.7295991, ""w_17"": 67.000507805, ""w_18"": 67.03860117, ""w_19"": 67.2889707, ""w_20"": 66.74496399}"
443,AU3CB0258465,2020-11-13,0,counterfactual,"{""w_0"": 66.053757, ""w_1"": 65.793541, ""w_2"": 65.774094, ""w_3"": 65.13604, ""w_4"": 64.778801, ""w_5"": 65.187447, ""w_6"": 65.613663, ""w_7"": 65.497948, ""w_8"": 65.586342, ""w_9"": 65.795113, ""w_10"": 65.334442, ""w_11"": 65.557625, ""w_12"": 65.474609, ""w_13"": 65.935249, ""w_14"": 66.604256, ""w_15"": 66.62439, ""w_16"": 66.939835, ""w_17"": 66.729599, ""w_18"": 67.000511, ""w_19"": 67.038605, ""w_20"": 67.288971}"
444,AU3CB0258465,2020-11-16,0,factual,"{""w_0"": 65.77409343999999, ""w_1"": 65.13603599999999, ""w_2"": 64.7788008, ""w_3"": 65.1874473, ""w_4"": 65.6136614, ""w_5"": 65.49794628000001, ""w_6"": 65.5863425, ""w_7"": 65.7951109, ""w_8"": 65.33443858499999, ""w_9"": 65.55762416, ""w_10"": 65.47461298, ""w_11"": 65.9352498, ""w_12"": 66.60425475, ""w_13"": 66.62439118, ""w_14"": 66.939831105, ""w_15"": 66.7295991, ""w_16"": 67.000507805, ""w_17"": 67.03860117, ""w_18"": 67.2889707, ""w_19"": 66.74496399, ""w_20"": 66.976278345}"
444,AU3CB0258465,2020-11-16,0,counterfactual,"{""w_0"": 67.141891, ""w_1"": 66.211609, ""w_2"": 66.364967, ""w_3"": 65.434563, ""w_4"": 65.58873, ""w_5"": 66.416748, ""w_6"": 66.27713, ""w_7"": 66.233566, ""w_8"": 66.259651, ""w_9"": 66.106201, ""w_10"": 66.531288, ""w_11"": 66.432686, ""w_12"": 65.970261, ""w_13"": 66.453461, ""w_14"": 66.188179, ""w_15"": 66.167747, ""w_16"": 66.484535, ""w_17"": 66.551765, ""w_18"": 66.750328, ""w_19"": 66.962692, ""w_20"": 66.830948}"
445,AU3CB0258465,2020-11-17,0,factual,"{""w_0"": 65.13603599999999, ""w_1"": 64.7788008, ""w_2"": 65.1874473, ""w_3"": 65.6136614, ""w_4"": 65.49794628000001, ""w_5"": 65.5863425, ""w_6"": 65.7951109, ""w_7"": 65.33443858499999, ""w_8"": 65.55762416, ""w_9"": 65.47461298, ""w_10"": 65.9352498, ""w_11"": 66.60425475, ""w_12"": 66.62439118, ""w_13"": 66.939831105, ""w_14"": 66.7295991, ""w_15"": 67.000507805, ""w_16"": 67.03860117, ""w_17"": 67.2889707, ""w_18"": 66.74496399, ""w_19"": 66.976278345, ""w_20"": 67.161690015}"
445,AU3CB0258465,2020-11-17,0,counterfactual,"{""w_0"": 65.774094, ""w_1"": 65.13604, ""w_2"": 64.778801, ""w_3"": 65.187447, ""w_4"": 65.613663, ""w_5"": 65.497948, ""w_6"": 65.586342, ""w_7"": 65.795113, ""w_8"": 65.334442, ""w_9"": 65.557625, ""w_10"": 65.474609, ""w_11"": 65.935249, ""w_12"": 66.604256, ""w_13"": 66.62439, ""w_14"": 66.939835, ""w_15"": 66.729599, ""w_16"": 67.000511, ""w_17"": 67.038605, ""w_18"": 67.288971, ""w_19"": 66.744965, ""w_20"": 66.97628}"
446,AU3CB0258465,2020-11-18,0,factual,"{""w_0"": 64.7788008, ""w_1"": 65.1874473, ""w_2"": 65.6136614, ""w_3"": 65.49794628000001, ""w_4"": 65.5863425, ""w_5"": 65.7951109, ""w_6"": 65.33443858499999, ""w_7"": 65.55762416, ""w_8"": 65.47461298, ""w_9"": 65.9352498, ""w_10"": 66.60425475, ""w_11"": 66.62439118, ""w_12"": 66.939831105, ""w_13"": 66.7295991, ""w_14"": 67.000507805, ""w_15"": 67.03860117, ""w_16"": 67.2889707, ""w_17"": 66.74496399, ""w_18"": 66.976278345, ""w_19"": 67.161690015, ""w_20"": 66.91199999999999}"
446,AU3CB0258465,2020-11-18,0,counterfactual,"{""w_0"": 65.13604, ""w_1"": 64.778801, ""w_2"": 65.187447, ""w_3"": 65.613663, ""w_4"": 65.497948, ""w_5"": 65.586342, ""w_6"": 65.795113, ""w_7"": 65.334442, ""w_8"": 65.557625, ""w_9"": 65.474609, ""w_10"": 65.935249, ""w_11"": 66.604256, ""w_12"": 66.62439, ""w_13"": 66.939835, ""w_14"": 66.729599, ""w_15"": 67.000511, ""w_16"": 67.038605, ""w_17"": 67.288971, ""w_18"": 66.744965, ""w_19"": 66.97628, ""w_20"": 67.16169}"
447,AU3CB0258465,2020-11-19,0,factual,"{""w_0"": 65.1874473, ""w_1"": 65.6136614, ""w_2"": 65.49794628000001, ""w_3"": 65.5863425, ""w_4"": 65.7951109, ""w_5"": 65.33443858499999, ""w_6"": 65.55762416, ""w_7"": 65.47461298, ""w_8"": 65.9352498, ""w_9"": 66.60425475, ""w_10"": 66.62439118, ""w_11"": 66.939831105, ""w_12"": 66.7295991, ""w_13"": 67.000507805, ""w_14"": 67.03860117, ""w_15"": 67.2889707, ""w_16"": 66.74496399, ""w_17"": 66.976278345, ""w_18"": 67.161690015, ""w_19"": 66.91199999999999, ""w_20"": 67.00627527}"
447,AU3CB0258465,2020-11-19,0,counterfactual,"{""w_0"": 64.778801, ""w_1"": 65.187447, ""w_2"": 65.613663, ""w_3"": 65.497948, ""w_4"": 65.586342, ""w_5"": 65.795113, ""w_6"": 65.334442, ""w_7"": 65.557625, ""w_8"": 65.474609, ""w_9"": 65.935249, ""w_10"": 66.604256, ""w_11"": 66.62439, ""w_12"": 66.939835, ""w_13"": 66.729599, ""w_14"": 67.000511, ""w_15"": 67.038605, ""w_16"": 67.288971, ""w_17"": 66.744965, ""w_18"": 66.97628, ""w_19"": 67.16169, ""w_20"": 66.912003}"
448,AU3CB0258465,2020-11-20,0,factual,"{""w_0"": 65.6136614, ""w_1"": 65.49794628000001, ""w_2"": 65.5863425, ""w_3"": 65.7951109, ""w_4"": 65.33443858499999, ""w_5"": 65.55762416, ""w_6"": 65.47461298, ""w_7"": 65.9352498, ""w_8"": 66.60425475, ""w_9"": 66.62439118, ""w_10"": 66.939831105, ""w_11"": 66.7295991, ""w_12"": 67.000507805, ""w_13"": 67.03860117, ""w_14"": 67.2889707, ""w_15"": 66.74496399, ""w_16"": 66.976278345, ""w_17"": 67.161690015, ""w_18"": 66.91199999999999, ""w_19"": 67.00627527, ""w_20"": 66.61717820000001}"
448,AU3CB0258465,2020-11-20,0,counterfactual,"{""w_0"": 65.187447, ""w_1"": 65.613663, ""w_2"": 65.497948, ""w_3"": 65.586342, ""w_4"": 65.795113, ""w_5"": 65.334442, ""w_6"": 65.557625, ""w_7"": 65.474609, ""w_8"": 65.935249, ""w_9"": 66.604256, ""w_10"": 66.62439, ""w_11"": 66.939835, ""w_12"": 66.729599, ""w_13"": 67.000511, ""w_14"": 67.038605, ""w_15"": 67.288971, ""w_16"": 66.744965, ""w_17"": 66.97628, ""w_18"": 67.16169, ""w_19"": 66.912003, ""w_20"": 67.006279}"
449,AU3CB0258465,2020-11-23,0,factual,"{""w_0"": 65.49794628000001, ""w_1"": 65.5863425, ""w_2"": 65.7951109, ""w_3"": 65.33443858499999, ""w_4"": 65.55762416, ""w_5"": 65.47461298, ""w_6"": 65.9352498, ""w_7"": 66.60425475, ""w_8"": 66.62439118, ""w_9"": 66.939831105, ""w_10"": 66.7295991, ""w_11"": 67.000507805, ""w_12"": 67.03860117, ""w_13"": 67.2889707, ""w_14"": 66.74496399, ""w_15"": 66.976278345, ""w_16"": 67.161690015, ""w_17"": 66.91199999999999, ""w_18"": 67.00627527, ""w_19"": 66.61717820000001, ""w_20"": 67.05123057}"
449,AU3CB0258465,2020-11-23,0,counterfactual,"{""w_0"": 64.778801, ""w_1"": 65.187447, ""w_2"": 65.613663, ""w_3"": 65.497948, ""w_4"": 65.586342, ""w_5"": 65.795113, ""w_6"": 65.334442, ""w_7"": 65.557625, ""w_8"": 65.474609, ""w_9"": 65.935249, ""w_10"": 66.604256, ""w_11"": 66.62439, ""w_12"": 66.939835, ""w_13"": 66.729599, ""w_14"": 67.000511, ""w_15"": 67.038605, ""w_16"": 67.288971, ""w_17"": 66.744965, ""w_18"": 66.97628, ""w_19"": 67.16169, ""w_20"": 66.912003}"
450,AU3CB0258465,2020-11-24,0,factual,"{""w_0"": 65.5863425, ""w_1"": 65.7951109, ""w_2"": 65.33443858499999, ""w_3"": 65.55762416, ""w_4"": 65.47461298, ""w_5"": 65.9352498, ""w_6"": 66.60425475, ""w_7"": 66.62439118, ""w_8"": 66.939831105, ""w_9"": 66.7295991, ""w_10"": 67.000507805, ""w_11"": 67.03860117, ""w_12"": 67.2889707, ""w_13"": 66.74496399, ""w_14"": 66.976278345, ""w_15"": 67.161690015, ""w_16"": 66.91199999999999, ""w_17"": 67.00627527, ""w_18"": 66.61717820000001, ""w_19"": 67.05123057, ""w_20"": 66.96095595}"
450,AU3CB0258465,2020-11-24,0,counterfactual,"{""w_0"": 65.497948, ""w_1"": 65.586342, ""w_2"": 65.795113, ""w_3"": 65.334442, ""w_4"": 65.557625, ""w_5"": 65.474609, ""w_6"": 65.935249, ""w_7"": 66.604256, ""w_8"": 66.62439, ""w_9"": 66.939835, ""w_10"": 66.729599, ""w_11"": 67.000511, ""w_12"": 67.038605, ""w_13"": 67.288971, ""w_14"": 66.744965, ""w_15"": 66.97628, ""w_16"": 67.16169, ""w_17"": 66.912003, ""w_18"": 67.006279, ""w_19"": 66.61718, ""w_20"": 67.051231}"
451,AU3CB0258465,2020-11-25,0,factual,"{""w_0"": 65.7951109, ""w_1"": 65.33443858499999, ""w_2"": 65.55762416, ""w_3"": 65.47461298, ""w_4"": 65.9352498, ""w_5"": 66.60425475, ""w_6"": 66.62439118, ""w_7"": 66.939831105, ""w_8"": 66.7295991, ""w_9"": 67.000507805, ""w_10"": 67.03860117, ""w_11"": 67.2889707, ""w_12"": 66.74496399, ""w_13"": 66.976278345, ""w_14"": 67.161690015, ""w_15"": 66.91199999999999, ""w_16"": 67.00627527, ""w_17"": 66.61717820000001, ""w_18"": 67.05123057, ""w_19"": 66.96095595, ""w_20"": 67.29895594999999}"
451,AU3CB0258465,2020-11-25,0,counterfactual,"{""w_0"": 66.432686, ""w_1"": 65.970261, ""w_2"": 65.434563, ""w_3"": 65.58873, ""w_4"": 64.778801, ""w_5"": 66.27713, ""w_6"": 66.551765, ""w_7"": 66.750328, ""w_8"": 66.962692, ""w_9"": 66.830948, ""w_10"": 66.790344, ""w_11"": 66.869102, ""w_12"": 66.908386, ""w_13"": 66.188179, ""w_14"": 66.275925, ""w_15"": 66.484535, ""w_16"": 66.542053, ""w_17"": 66.424271, ""w_18"": 66.962692, ""w_19"": 66.547203, ""w_20"": 66.790344}"
452,AU3CB0258465,2020-11-26,0,factual,"{""w_0"": 65.33443858499999, ""w_1"": 65.55762416, ""w_2"": 65.47461298, ""w_3"": 65.9352498, ""w_4"": 66.60425475, ""w_5"": 66.62439118, ""w_6"": 66.939831105, ""w_7"": 66.7295991, ""w_8"": 67.000507805, ""w_9"": 67.03860117, ""w_10"": 67.2889707, ""w_11"": 66.74496399, ""w_12"": 66.976278345, ""w_13"": 67.161690015, ""w_14"": 66.91199999999999, ""w_15"": 67.00627527, ""w_16"": 66.61717820000001, ""w_17"": 67.05123057, ""w_18"": 66.96095595, ""w_19"": 67.29895594999999, ""w_20"": 67.14256928}"
452,AU3CB0258465,2020-11-26,0,counterfactual,"{""w_0"": 65.187447, ""w_1"": 65.613663, ""w_2"": 65.497948, ""w_3"": 65.586342, ""w_4"": 65.795113, ""w_5"": 65.334442, ""w_6"": 65.557625, ""w_7"": 65.474609, ""w_8"": 65.935249, ""w_9"": 66.604256, ""w_10"": 66.62439, ""w_11"": 66.939835, ""w_12"": 66.729599, ""w_13"": 67.000511, ""w_14"": 67.038605, ""w_15"": 67.288971, ""w_16"": 66.744965, ""w_17"": 66.97628, ""w_18"": 67.16169, ""w_19"": 66.912003, ""w_20"": 67.006279}"
453,AU3CB0258465,2020-11-27,0,factual,"{""w_0"": 65.55762416, ""w_1"": 65.47461298, ""w_2"": 65.9352498, ""w_3"": 66.60425475, ""w_4"": 66.62439118, ""w_5"": 66.939831105, ""w_6"": 66.7295991, ""w_7"": 67.000507805, ""w_8"": 67.03860117, ""w_9"": 67.2889707, ""w_10"": 66.74496399, ""w_11"": 66.976278345, ""w_12"": 67.161690015, ""w_13"": 66.91199999999999, ""w_14"": 67.00627527, ""w_15"": 66.61717820000001, ""w_16"": 67.05123057, ""w_17"": 66.96095595, ""w_18"": 67.29895594999999, ""w_19"": 67.14256928, ""w_20"": 67.1013136}"
453,AU3CB0258465,2020-11-27,0,counterfactual,"{""w_0"": 66.432686, ""w_1"": 65.970261, ""w_2"": 66.453461, ""w_3"": 66.188179, ""w_4"": 66.167747, ""w_5"": 66.484535, ""w_6"": 66.551765, ""w_7"": 66.750328, ""w_8"": 66.962692, ""w_9"": 66.830948, ""w_10"": 66.790344, ""w_11"": 66.869102, ""w_12"": 66.908386, ""w_13"": 66.653961, ""w_14"": 66.275925, ""w_15"": 66.39122, ""w_16"": 66.542053, ""w_17"": 66.424271, ""w_18"": 66.406448, ""w_19"": 66.547203, ""w_20"": 67.167442}"
454,AU3CB0258465,2020-11-30,0,factual,"{""w_0"": 65.47461298, ""w_1"": 65.9352498, ""w_2"": 66.60425475, ""w_3"": 66.62439118, ""w_4"": 66.939831105, ""w_5"": 66.7295991, ""w_6"": 67.000507805, ""w_7"": 67.03860117, ""w_8"": 67.2889707, ""w_9"": 66.74496399, ""w_10"": 66.976278345, ""w_11"": 67.161690015, ""w_12"": 66.91199999999999, ""w_13"": 67.00627527, ""w_14"": 66.61717820000001, ""w_15"": 67.05123057, ""w_16"": 66.96095595, ""w_17"": 67.29895594999999, ""w_18"": 67.14256928, ""w_19"": 67.1013136, ""w_20"": 67.14420299999999}"
454,AU3CB0258465,2020-11-30,0,counterfactual,"{""w_0"": 65.869156, ""w_1"": 65.950859, ""w_2"": 66.003204, ""w_3"": 66.396431, ""w_4"": 66.738243, ""w_5"": 67.079987, ""w_6"": 67.055305, ""w_7"": 67.168259, ""w_8"": 67.145927, ""w_9"": 66.478798, ""w_10"": 66.756958, ""w_11"": 66.841553, ""w_12"": 66.46666, ""w_13"": 66.86676, ""w_14"": 66.623337, ""w_15"": 66.730087, ""w_16"": 66.626717, ""w_17"": 66.868958, ""w_18"": 67.065063, ""w_19"": 66.928696, ""w_20"": 66.780144}"
455,AU3CB0258465,2020-12-01,0,factual,"{""w_0"": 65.9352498, ""w_1"": 66.60425475, ""w_2"": 66.62439118, ""w_3"": 66.939831105, ""w_4"": 66.7295991, ""w_5"": 67.000507805, ""w_6"": 67.03860117, ""w_7"": 67.2889707, ""w_8"": 66.74496399, ""w_9"": 66.976278345, ""w_10"": 67.161690015, ""w_11"": 66.91199999999999, ""w_12"": 67.00627527, ""w_13"": 66.61717820000001, ""w_14"": 67.05123057, ""w_15"": 66.96095595, ""w_16"": 67.29895594999999, ""w_17"": 67.14256928, ""w_18"": 67.1013136, ""w_19"": 67.14420299999999, ""w_20"": 66.9245731}"
455,AU3CB0258465,2020-12-01,0,counterfactual,"{""w_0"": 66.167747, ""w_1"": 66.484535, ""w_2"": 66.551765, ""w_3"": 66.750328, ""w_4"": 66.962692, ""w_5"": 66.830948, ""w_6"": 66.790344, ""w_7"": 66.869102, ""w_8"": 66.908386, ""w_9"": 66.653961, ""w_10"": 66.275925, ""w_11"": 66.39122, ""w_12"": 66.542053, ""w_13"": 66.424271, ""w_14"": 66.406448, ""w_15"": 66.547203, ""w_16"": 67.167442, ""w_17"": 67.026932, ""w_18"": 66.494438, ""w_19"": 66.152046, ""w_20"": 66.048653}"
457,AU3CB0258465,2020-12-03,0,factual,"{""w_0"": 66.62439118, ""w_1"": 66.939831105, ""w_2"": 66.7295991, ""w_3"": 67.000507805, ""w_4"": 67.03860117, ""w_5"": 67.2889707, ""w_6"": 66.74496399, ""w_7"": 66.976278345, ""w_8"": 67.161690015, ""w_9"": 66.91199999999999, ""w_10"": 67.00627527, ""w_11"": 66.61717820000001, ""w_12"": 67.05123057, ""w_13"": 66.96095595, ""w_14"": 67.29895594999999, ""w_15"": 67.14256928, ""w_16"": 67.1013136, ""w_17"": 67.14420299999999, ""w_18"": 66.9245731, ""w_19"": 66.38697104, ""w_20"": 66.4063015}"
457,AU3CB0258465,2020-12-03,0,counterfactual,"{""w_0"": 65.935249, ""w_1"": 66.604256, ""w_2"": 66.62439, ""w_3"": 66.939835, ""w_4"": 66.729599, ""w_5"": 67.000511, ""w_6"": 67.038605, ""w_7"": 67.288971, ""w_8"": 66.744965, ""w_9"": 66.97628, ""w_10"": 67.16169, ""w_11"": 66.912003, ""w_12"": 67.006279, ""w_13"": 66.61718, ""w_14"": 67.051231, ""w_15"": 66.960953, ""w_16"": 67.298958, ""w_17"": 67.14257, ""w_18"": 67.101311, ""w_19"": 67.144203, ""w_20"": 66.924576}"
458,AU3CB0258465,2020-12-04,0,factual,"{""w_0"": 66.939831105, ""w_1"": 66.7295991, ""w_2"": 67.000507805, ""w_3"": 67.03860117, ""w_4"": 67.2889707, ""w_5"": 66.74496399, ""w_6"": 66.976278345, ""w_7"": 67.161690015, ""w_8"": 66.91199999999999, ""w_9"": 67.00627527, ""w_10"": 66.61717820000001, ""w_11"": 67.05123057, ""w_12"": 66.96095595, ""w_13"": 67.29895594999999, ""w_14"": 67.14256928, ""w_15"": 67.1013136, ""w_16"": 67.14420299999999, ""w_17"": 66.9245731, ""w_18"": 66.38697104, ""w_19"": 66.4063015, ""w_20"": 66.4625472}"
458,AU3CB0258465,2020-12-04,0,counterfactual,"{""w_0"": 66.003204, ""w_1"": 66.396431, ""w_2"": 66.738243, ""w_3"": 67.079987, ""w_4"": 67.055305, ""w_5"": 67.168259, ""w_6"": 67.145927, ""w_7"": 66.478798, ""w_8"": 66.756958, ""w_9"": 66.841553, ""w_10"": 66.46666, ""w_11"": 66.86676, ""w_12"": 66.623337, ""w_13"": 66.730087, ""w_14"": 66.626717, ""w_15"": 66.868958, ""w_16"": 67.065063, ""w_17"": 66.928696, ""w_18"": 66.780144, ""w_19"": 66.636597, ""w_20"": 66.484383}"
459,AU3CB0258465,2020-12-07,0,factual,"{""w_0"": 66.7295991, ""w_1"": 67.000507805, ""w_2"": 67.03860117, ""w_3"": 67.2889707, ""w_4"": 66.74496399, ""w_5"": 66.976278345, ""w_6"": 67.161690015, ""w_7"": 66.91199999999999, ""w_8"": 67.00627527, ""w_9"": 66.61717820000001, ""w_10"": 67.05123057, ""w_11"": 66.96095595, ""w_12"": 67.29895594999999, ""w_13"": 67.14256928, ""w_14"": 67.1013136, ""w_15"": 67.14420299999999, ""w_16"": 66.9245731, ""w_17"": 66.38697104, ""w_18"": 66.4063015, ""w_19"": 66.4625472, ""w_20"": 66.53153286999999}"
459,AU3CB0258465,2020-12-07,0,counterfactual,"{""w_0"": 66.939835, ""w_1"": 66.729599, ""w_2"": 67.000511, ""w_3"": 67.038605, ""w_4"": 67.288971, ""w_5"": 66.744965, ""w_6"": 66.97628, ""w_7"": 67.16169, ""w_8"": 66.912003, ""w_9"": 67.006279, ""w_10"": 66.61718, ""w_11"": 67.051231, ""w_12"": 66.960953, ""w_13"": 67.298958, ""w_14"": 67.14257, ""w_15"": 67.101311, ""w_16"": 67.144203, ""w_17"": 66.924576, ""w_18"": 66.386971, ""w_19"": 66.406303, ""w_20"": 66.462547}"
460,AU3CB0258465,2020-12-08,0,factual,"{""w_0"": 67.000507805, ""w_1"": 67.03860117, ""w_2"": 67.2889707, ""w_3"": 66.74496399, ""w_4"": 66.976278345, ""w_5"": 67.161690015, ""w_6"": 66.91199999999999, ""w_7"": 67.00627527, ""w_8"": 66.61717820000001, ""w_9"": 67.05123057, ""w_10"": 66.96095595, ""w_11"": 67.29895594999999, ""w_12"": 67.14256928, ""w_13"": 67.1013136, ""w_14"": 67.14420299999999, ""w_15"": 66.9245731, ""w_16"": 66.38697104, ""w_17"": 66.4063015, ""w_18"": 66.4625472, ""w_19"": 66.53153286999999, ""w_20"": 66.45862422}"
460,AU3CB0258465,2020-12-08,0,counterfactual,"{""w_0"": 65.935249, ""w_1"": 66.604256, ""w_2"": 66.62439, ""w_3"": 66.939835, ""w_4"": 66.729599, ""w_5"": 67.000511, ""w_6"": 67.038605, ""w_7"": 67.288971, ""w_8"": 66.744965, ""w_9"": 66.97628, ""w_10"": 67.16169, ""w_11"": 66.912003, ""w_12"": 67.006279, ""w_13"": 66.61718, ""w_14"": 67.051231, ""w_15"": 66.960953, ""w_16"": 67.298958, ""w_17"": 67.14257, ""w_18"": 67.101311, ""w_19"": 67.144203, ""w_20"": 66.924576}"
461,AU3CB0258465,2020-12-09,0,factual,"{""w_0"": 67.03860117, ""w_1"": 67.2889707, ""w_2"": 66.74496399, ""w_3"": 66.976278345, ""w_4"": 67.161690015, ""w_5"": 66.91199999999999, ""w_6"": 67.00627527, ""w_7"": 66.61717820000001, ""w_8"": 67.05123057, ""w_9"": 66.96095595, ""w_10"": 67.29895594999999, ""w_11"": 67.14256928, ""w_12"": 67.1013136, ""w_13"": 67.14420299999999, ""w_14"": 66.9245731, ""w_15"": 66.38697104, ""w_16"": 66.4063015, ""w_17"": 66.4625472, ""w_18"": 66.53153286999999, ""w_19"": 66.45862422, ""w_20"": 66.38071562}"
461,AU3CB0258465,2020-12-09,0,counterfactual,"{""w_0"": 67.000511, ""w_1"": 67.038605, ""w_2"": 67.288971, ""w_3"": 66.744965, ""w_4"": 66.97628, ""w_5"": 67.16169, ""w_6"": 66.912003, ""w_7"": 67.006279, ""w_8"": 66.61718, ""w_9"": 67.051231, ""w_10"": 66.960953, ""w_11"": 67.298958, ""w_12"": 67.14257, ""w_13"": 67.101311, ""w_14"": 67.144203, ""w_15"": 66.924576, ""w_16"": 66.386971, ""w_17"": 66.406303, ""w_18"": 66.462547, ""w_19"": 66.531532, ""w_20"": 66.458626}"
462,AU3CB0258465,2020-12-10,0,factual,"{""w_0"": 67.2889707, ""w_1"": 66.74496399, ""w_2"": 66.976278345, ""w_3"": 67.161690015, ""w_4"": 66.91199999999999, ""w_5"": 67.00627527, ""w_6"": 66.61717820000001, ""w_7"": 67.05123057, ""w_8"": 66.96095595, ""w_9"": 67.29895594999999, ""w_10"": 67.14256928, ""w_11"": 67.1013136, ""w_12"": 67.14420299999999, ""w_13"": 66.9245731, ""w_14"": 66.38697104, ""w_15"": 66.4063015, ""w_16"": 66.4625472, ""w_17"": 66.53153286999999, ""w_18"": 66.45862422, ""w_19"": 66.38071562, ""w_20"": 66.72616182}"
462,AU3CB0258465,2020-12-10,0,counterfactual,"{""w_0"": 67.145927, ""w_1"": 66.478798, ""w_2"": 66.756958, ""w_3"": 66.841553, ""w_4"": 66.46666, ""w_5"": 66.86676, ""w_6"": 66.623337, ""w_7"": 66.730087, ""w_8"": 66.626717, ""w_9"": 66.868958, ""w_10"": 67.065063, ""w_11"": 66.928696, ""w_12"": 66.780144, ""w_13"": 66.636597, ""w_14"": 66.484383, ""w_15"": 65.786644, ""w_16"": 65.608719, ""w_17"": 65.649582, ""w_18"": 65.912666, ""w_19"": 65.992287, ""w_20"": 66.283386}"
463,AU3CB0258465,2020-12-11,0,factual,"{""w_0"": 66.74496399, ""w_1"": 66.976278345, ""w_2"": 67.161690015, ""w_3"": 66.91199999999999, ""w_4"": 67.00627527, ""w_5"": 66.61717820000001, ""w_6"": 67.05123057, ""w_7"": 66.96095595, ""w_8"": 67.29895594999999, ""w_9"": 67.14256928, ""w_10"": 67.1013136, ""w_11"": 67.14420299999999, ""w_12"": 66.9245731, ""w_13"": 66.38697104, ""w_14"": 66.4063015, ""w_15"": 66.4625472, ""w_16"": 66.53153286999999, ""w_17"": 66.45862422, ""w_18"": 66.38071562, ""w_19"": 66.72616182, ""w_20"": 67.18291712}"
463,AU3CB0258465,2020-12-11,0,counterfactual,"{""w_0"": 67.288971, ""w_1"": 66.744965, ""w_2"": 66.97628, ""w_3"": 67.16169, ""w_4"": 66.912003, ""w_5"": 67.006279, ""w_6"": 66.61718, ""w_7"": 67.051231, ""w_8"": 66.960953, ""w_9"": 67.298958, ""w_10"": 67.14257, ""w_11"": 67.101311, ""w_12"": 67.144203, ""w_13"": 66.924576, ""w_14"": 66.386971, ""w_15"": 66.406303, ""w_16"": 66.462547, ""w_17"": 66.531532, ""w_18"": 66.458626, ""w_19"": 66.380714, ""w_20"": 66.726158}"
464,AU3CB0258465,2020-12-14,0,factual,"{""w_0"": 66.976278345, ""w_1"": 67.161690015, ""w_2"": 66.91199999999999, ""w_3"": 67.00627527, ""w_4"": 66.61717820000001, ""w_5"": 67.05123057, ""w_6"": 66.96095595, ""w_7"": 67.29895594999999, ""w_8"": 67.14256928, ""w_9"": 67.1013136, ""w_10"": 67.14420299999999, ""w_11"": 66.9245731, ""w_12"": 66.38697104, ""w_13"": 66.4063015, ""w_14"": 66.4625472, ""w_15"": 66.53153286999999, ""w_16"": 66.45862422, ""w_17"": 66.38071562, ""w_18"": 66.72616182, ""w_19"": 67.18291712, ""w_20"": 67.47631875}"
464,AU3CB0258465,2020-12-14,0,counterfactual,"{""w_0"": 67.288971, ""w_1"": 66.744965, ""w_2"": 66.97628, ""w_3"": 67.16169, ""w_4"": 66.912003, ""w_5"": 67.006279, ""w_6"": 66.61718, ""w_7"": 67.051231, ""w_8"": 66.960953, ""w_9"": 67.298958, ""w_10"": 67.14257, ""w_11"": 67.101311, ""w_12"": 67.144203, ""w_13"": 66.924576, ""w_14"": 66.386971, ""w_15"": 66.406303, ""w_16"": 66.462547, ""w_17"": 66.531532, ""w_18"": 66.458626, ""w_19"": 66.380714, ""w_20"": 66.726158}"
465,AU3CB0258465,2020-12-15,0,factual,"{""w_0"": 67.161690015, ""w_1"": 66.91199999999999, ""w_2"": 67.00627527, ""w_3"": 66.61717820000001, ""w_4"": 67.05123057, ""w_5"": 66.96095595, ""w_6"": 67.29895594999999, ""w_7"": 67.14256928, ""w_8"": 67.1013136, ""w_9"": 67.14420299999999, ""w_10"": 66.9245731, ""w_11"": 66.38697104, ""w_12"": 66.4063015, ""w_13"": 66.4625472, ""w_14"": 66.53153286999999, ""w_15"": 66.45862422, ""w_16"": 66.38071562, ""w_17"": 66.72616182, ""w_18"": 67.18291712, ""w_19"": 67.47631875, ""w_20"": 67.238499195}"
465,AU3CB0258465,2020-12-15,0,counterfactual,"{""w_0"": 66.97628, ""w_1"": 67.16169, ""w_2"": 66.912003, ""w_3"": 67.006279, ""w_4"": 66.61718, ""w_5"": 67.051231, ""w_6"": 66.960953, ""w_7"": 67.298958, ""w_8"": 67.14257, ""w_9"": 67.101311, ""w_10"": 67.144203, ""w_11"": 66.924576, ""w_12"": 66.386971, ""w_13"": 66.406303, ""w_14"": 66.462547, ""w_15"": 66.531532, ""w_16"": 66.458626, ""w_17"": 66.380714, ""w_18"": 66.726158, ""w_19"": 67.182915, ""w_20"": 67.476318}"
466,AU3CB0258465,2020-12-16,0,factual,"{""w_0"": 66.91199999999999, ""w_1"": 67.00627527, ""w_2"": 66.61717820000001, ""w_3"": 67.05123057, ""w_4"": 66.96095595, ""w_5"": 67.29895594999999, ""w_6"": 67.14256928, ""w_7"": 67.1013136, ""w_8"": 67.14420299999999, ""w_9"": 66.9245731, ""w_10"": 66.38697104, ""w_11"": 66.4063015, ""w_12"": 66.4625472, ""w_13"": 66.53153286999999, ""w_14"": 66.45862422, ""w_15"": 66.38071562, ""w_16"": 66.72616182, ""w_17"": 67.18291712, ""w_18"": 67.47631875, ""w_19"": 67.238499195, ""w_20"": 67.3513009}"
466,AU3CB0258465,2020-12-16,0,counterfactual,"{""w_0"": 66.62439, ""w_1"": 66.939835, ""w_2"": 66.729599, ""w_3"": 67.000511, ""w_4"": 67.038605, ""w_5"": 67.288971, ""w_6"": 66.744965, ""w_7"": 66.97628, ""w_8"": 67.16169, ""w_9"": 66.912003, ""w_10"": 67.006279, ""w_11"": 66.61718, ""w_12"": 67.051231, ""w_13"": 66.960953, ""w_14"": 67.298958, ""w_15"": 67.14257, ""w_16"": 67.101311, ""w_17"": 67.144203, ""w_18"": 66.924576, ""w_19"": 66.386971, ""w_20"": 66.406303}"
467,AU3CB0258465,2020-12-17,0,factual,"{""w_0"": 67.00627527, ""w_1"": 66.61717820000001, ""w_2"": 67.05123057, ""w_3"": 66.96095595, ""w_4"": 67.29895594999999, ""w_5"": 67.14256928, ""w_6"": 67.1013136, ""w_7"": 67.14420299999999, ""w_8"": 66.9245731, ""w_9"": 66.38697104, ""w_10"": 66.4063015, ""w_11"": 66.4625472, ""w_12"": 66.53153286999999, ""w_13"": 66.45862422, ""w_14"": 66.38071562, ""w_15"": 66.72616182, ""w_16"": 67.18291712, ""w_17"": 67.47631875, ""w_18"": 67.238499195, ""w_19"": 67.3513009, ""w_20"": 67.205937708}"
467,AU3CB0258465,2020-12-17,0,counterfactual,"{""w_0"": 66.003204, ""w_1"": 66.396431, ""w_2"": 66.738243, ""w_3"": 67.079987, ""w_4"": 67.055305, ""w_5"": 67.168259, ""w_6"": 67.145927, ""w_7"": 66.478798, ""w_8"": 66.756958, ""w_9"": 66.841553, ""w_10"": 66.46666, ""w_11"": 66.86676, ""w_12"": 66.623337, ""w_13"": 66.730087, ""w_14"": 66.626717, ""w_15"": 66.868958, ""w_16"": 67.065063, ""w_17"": 66.928696, ""w_18"": 66.780144, ""w_19"": 66.636597, ""w_20"": 66.484383}"
468,AU3CB0258465,2020-12-18,0,factual,"{""w_0"": 66.61717820000001, ""w_1"": 67.05123057, ""w_2"": 66.96095595, ""w_3"": 67.29895594999999, ""w_4"": 67.14256928, ""w_5"": 67.1013136, ""w_6"": 67.14420299999999, ""w_7"": 66.9245731, ""w_8"": 66.38697104, ""w_9"": 66.4063015, ""w_10"": 66.4625472, ""w_11"": 66.53153286999999, ""w_12"": 66.45862422, ""w_13"": 66.38071562, ""w_14"": 66.72616182, ""w_15"": 67.18291712, ""w_16"": 67.47631875, ""w_17"": 67.238499195, ""w_18"": 67.3513009, ""w_19"": 67.205937708, ""w_20"": 67.2546105}"
468,AU3CB0258465,2020-12-18,0,counterfactual,"{""w_0"": 66.003204, ""w_1"": 66.396431, ""w_2"": 66.738243, ""w_3"": 67.079987, ""w_4"": 67.055305, ""w_5"": 67.168259, ""w_6"": 67.145927, ""w_7"": 66.478798, ""w_8"": 66.756958, ""w_9"": 66.841553, ""w_10"": 66.46666, ""w_11"": 66.86676, ""w_12"": 66.623337, ""w_13"": 66.730087, ""w_14"": 66.626717, ""w_15"": 66.868958, ""w_16"": 67.065063, ""w_17"": 66.928696, ""w_18"": 66.780144, ""w_19"": 66.636597, ""w_20"": 66.484383}"
469,AU3CB0258465,2020-12-21,0,factual,"{""w_0"": 67.05123057, ""w_1"": 66.96095595, ""w_2"": 67.29895594999999, ""w_3"": 67.14256928, ""w_4"": 67.1013136, ""w_5"": 67.14420299999999, ""w_6"": 66.9245731, ""w_7"": 66.38697104, ""w_8"": 66.4063015, ""w_9"": 66.4625472, ""w_10"": 66.53153286999999, ""w_11"": 66.45862422, ""w_12"": 66.38071562, ""w_13"": 66.72616182, ""w_14"": 67.18291712, ""w_15"": 67.47631875, ""w_16"": 67.238499195, ""w_17"": 67.3513009, ""w_18"": 67.205937708, ""w_19"": 67.2546105, ""w_20"": 67.27788424}"
469,AU3CB0258465,2020-12-21,0,counterfactual,"{""w_0"": 67.006279, ""w_1"": 66.61718, ""w_2"": 67.051231, ""w_3"": 66.960953, ""w_4"": 67.298958, ""w_5"": 67.14257, ""w_6"": 67.101311, ""w_7"": 67.144203, ""w_8"": 66.924576, ""w_9"": 66.386971, ""w_10"": 66.406303, ""w_11"": 66.462547, ""w_12"": 66.531532, ""w_13"": 66.458626, ""w_14"": 66.380714, ""w_15"": 66.726158, ""w_16"": 67.182915, ""w_17"": 67.476318, ""w_18"": 67.238503, ""w_19"": 67.351303, ""w_20"": 67.20594}"
470,AU3CB0258465,2020-12-22,0,factual,"{""w_0"": 66.96095595, ""w_1"": 67.29895594999999, ""w_2"": 67.14256928, ""w_3"": 67.1013136, ""w_4"": 67.14420299999999, ""w_5"": 66.9245731, ""w_6"": 66.38697104, ""w_7"": 66.4063015, ""w_8"": 66.4625472, ""w_9"": 66.53153286999999, ""w_10"": 66.45862422, ""w_11"": 66.38071562, ""w_12"": 66.72616182, ""w_13"": 67.18291712, ""w_14"": 67.47631875, ""w_15"": 67.238499195, ""w_16"": 67.3513009, ""w_17"": 67.205937708, ""w_18"": 67.2546105, ""w_19"": 67.27788424, ""w_20"": 67.07267196}"
470,AU3CB0258465,2020-12-22,0,counterfactual,"{""w_0"": 66.61718, ""w_1"": 67.051231, ""w_2"": 66.960953, ""w_3"": 67.298958, ""w_4"": 67.14257, ""w_5"": 67.101311, ""w_6"": 67.144203, ""w_7"": 66.924576, ""w_8"": 66.386971, ""w_9"": 66.406303, ""w_10"": 66.462547, ""w_11"": 66.531532, ""w_12"": 66.458626, ""w_13"": 66.380714, ""w_14"": 66.726158, ""w_15"": 67.182915, ""w_16"": 67.476318, ""w_17"": 67.238503, ""w_18"": 67.351303, ""w_19"": 67.20594, ""w_20"": 67.254608}"
471,AU3CB0258465,2020-12-23,0,factual,"{""w_0"": 67.29895594999999, ""w_1"": 67.14256928, ""w_2"": 67.1013136, ""w_3"": 67.14420299999999, ""w_4"": 66.9245731, ""w_5"": 66.38697104, ""w_6"": 66.4063015, ""w_7"": 66.4625472, ""w_8"": 66.53153286999999, ""w_9"": 66.45862422, ""w_10"": 66.38071562, ""w_11"": 66.72616182, ""w_12"": 67.18291712, ""w_13"": 67.47631875, ""w_14"": 67.238499195, ""w_15"": 67.3513009, ""w_16"": 67.205937708, ""w_17"": 67.2546105, ""w_18"": 67.27788424, ""w_19"": 67.07267196, ""w_20"": 67.0262502}"
471,AU3CB0258465,2020-12-23,0,counterfactual,"{""w_0"": 66.960953, ""w_1"": 67.298958, ""w_2"": 67.14257, ""w_3"": 67.101311, ""w_4"": 67.144203, ""w_5"": 66.924576, ""w_6"": 66.386971, ""w_7"": 66.406303, ""w_8"": 66.462547, ""w_9"": 66.531532, ""w_10"": 66.458626, ""w_11"": 66.380714, ""w_12"": 66.726158, ""w_13"": 67.182915, ""w_14"": 67.476318, ""w_15"": 67.238503, ""w_16"": 67.351303, ""w_17"": 67.20594, ""w_18"": 67.254608, ""w_19"": 67.277885, ""w_20"": 67.07267}"
472,AU3CB0258465,2020-12-24,0,factual,"{""w_0"": 67.14256928, ""w_1"": 67.1013136, ""w_2"": 67.14420299999999, ""w_3"": 66.9245731, ""w_4"": 66.38697104, ""w_5"": 66.4063015, ""w_6"": 66.4625472, ""w_7"": 66.53153286999999, ""w_8"": 66.45862422, ""w_9"": 66.38071562, ""w_10"": 66.72616182, ""w_11"": 67.18291712, ""w_12"": 67.47631875, ""w_13"": 67.238499195, ""w_14"": 67.3513009, ""w_15"": 67.205937708, ""w_16"": 67.2546105, ""w_17"": 67.27788424, ""w_18"": 67.07267196, ""w_19"": 67.0262502, ""w_20"": 67.33369937}"
472,AU3CB0258465,2020-12-24,0,counterfactual,"{""w_0"": 66.960953, ""w_1"": 67.298958, ""w_2"": 67.14257, ""w_3"": 67.101311, ""w_4"": 67.144203, ""w_5"": 66.924576, ""w_6"": 66.386971, ""w_7"": 66.406303, ""w_8"": 66.462547, ""w_9"": 66.531532, ""w_10"": 66.458626, ""w_11"": 66.380714, ""w_12"": 66.726158, ""w_13"": 67.182915, ""w_14"": 67.476318, ""w_15"": 67.238503, ""w_16"": 67.351303, ""w_17"": 67.20594, ""w_18"": 67.254608, ""w_19"": 67.277885, ""w_20"": 67.07267}"
473,AU3CB0258465,2020-12-28,0,factual,"{""w_0"": 67.1013136, ""w_1"": 67.14420299999999, ""w_2"": 66.9245731, ""w_3"": 66.38697104, ""w_4"": 66.4063015, ""w_5"": 66.4625472, ""w_6"": 66.53153286999999, ""w_7"": 66.45862422, ""w_8"": 66.38071562, ""w_9"": 66.72616182, ""w_10"": 67.18291712, ""w_11"": 67.47631875, ""w_12"": 67.238499195, ""w_13"": 67.3513009, ""w_14"": 67.205937708, ""w_15"": 67.2546105, ""w_16"": 67.27788424, ""w_17"": 67.07267196, ""w_18"": 67.0262502, ""w_19"": 67.33369937, ""w_20"": 67.53949027}"
473,AU3CB0258465,2020-12-28,0,counterfactual,"{""w_0"": 67.14257, ""w_1"": 67.101311, ""w_2"": 67.144203, ""w_3"": 66.924576, ""w_4"": 66.386971, ""w_5"": 66.406303, ""w_6"": 66.462547, ""w_7"": 66.531532, ""w_8"": 66.458626, ""w_9"": 66.380714, ""w_10"": 66.726158, ""w_11"": 67.182915, ""w_12"": 67.476318, ""w_13"": 67.238503, ""w_14"": 67.351303, ""w_15"": 67.20594, ""w_16"": 67.254608, ""w_17"": 67.277885, ""w_18"": 67.07267, ""w_19"": 67.026253, ""w_20"": 67.333702}"
474,AU3CB0258465,2020-12-29,0,factual,"{""w_0"": 67.14420299999999, ""w_1"": 66.9245731, ""w_2"": 66.38697104, ""w_3"": 66.4063015, ""w_4"": 66.4625472, ""w_5"": 66.53153286999999, ""w_6"": 66.45862422, ""w_7"": 66.38071562, ""w_8"": 66.72616182, ""w_9"": 67.18291712, ""w_10"": 67.47631875, ""w_11"": 67.238499195, ""w_12"": 67.3513009, ""w_13"": 67.205937708, ""w_14"": 67.2546105, ""w_15"": 67.27788424, ""w_16"": 67.07267196, ""w_17"": 67.0262502, ""w_18"": 67.33369937, ""w_19"": 67.53949027, ""w_20"": 67.24522063500001}"
474,AU3CB0258465,2020-12-29,0,counterfactual,"{""w_0"": 67.101311, ""w_1"": 67.144203, ""w_2"": 66.924576, ""w_3"": 66.386971, ""w_4"": 66.406303, ""w_5"": 66.462547, ""w_6"": 66.531532, ""w_7"": 66.458626, ""w_8"": 66.380714, ""w_9"": 66.726158, ""w_10"": 67.182915, ""w_11"": 67.476318, ""w_12"": 67.238503, ""w_13"": 67.351303, ""w_14"": 67.20594, ""w_15"": 67.254608, ""w_16"": 67.277885, ""w_17"": 67.07267, ""w_18"": 67.026253, ""w_19"": 67.333702, ""w_20"": 67.53949}"
475,AU3CB0258465,2020-12-30,0,factual,"{""w_0"": 66.9245731, ""w_1"": 66.38697104, ""w_2"": 66.4063015, ""w_3"": 66.4625472, ""w_4"": 66.53153286999999, ""w_5"": 66.45862422, ""w_6"": 66.38071562, ""w_7"": 66.72616182, ""w_8"": 67.18291712, ""w_9"": 67.47631875, ""w_10"": 67.238499195, ""w_11"": 67.3513009, ""w_12"": 67.205937708, ""w_13"": 67.2546105, ""w_14"": 67.27788424, ""w_15"": 67.07267196, ""w_16"": 67.0262502, ""w_17"": 67.33369937, ""w_18"": 67.53949027, ""w_19"": 67.24522063500001, ""w_20"": 67.244985}"
475,AU3CB0258465,2020-12-30,0,counterfactual,"{""w_0"": 67.144203, ""w_1"": 66.924576, ""w_2"": 66.386971, ""w_3"": 66.406303, ""w_4"": 66.462547, ""w_5"": 66.531532, ""w_6"": 66.458626, ""w_7"": 66.380714, ""w_8"": 66.726158, ""w_9"": 67.182915, ""w_10"": 67.476318, ""w_11"": 67.238503, ""w_12"": 67.351303, ""w_13"": 67.20594, ""w_14"": 67.254608, ""w_15"": 67.277885, ""w_16"": 67.07267, ""w_17"": 67.026253, ""w_18"": 67.333702, ""w_19"": 67.53949, ""w_20"": 67.245224}"
476,AU3CB0258465,2020-12-31,0,factual,"{""w_0"": 66.38697104, ""w_1"": 66.4063015, ""w_2"": 66.4625472, ""w_3"": 66.53153286999999, ""w_4"": 66.45862422, ""w_5"": 66.38071562, ""w_6"": 66.72616182, ""w_7"": 67.18291712, ""w_8"": 67.47631875, ""w_9"": 67.238499195, ""w_10"": 67.3513009, ""w_11"": 67.205937708, ""w_12"": 67.2546105, ""w_13"": 67.27788424, ""w_14"": 67.07267196, ""w_15"": 67.0262502, ""w_16"": 67.33369937, ""w_17"": 67.53949027, ""w_18"": 67.24522063500001, ""w_19"": 67.244985, ""w_20"": 67.68787065000001}"
476,AU3CB0258465,2020-12-31,0,counterfactual,"{""w_0"": 66.924576, ""w_1"": 66.386971, ""w_2"": 66.406303, ""w_3"": 66.462547, ""w_4"": 66.531532, ""w_5"": 66.458626, ""w_6"": 66.380714, ""w_7"": 66.726158, ""w_8"": 67.182915, ""w_9"": 67.476318, ""w_10"": 67.238503, ""w_11"": 67.351303, ""w_12"": 67.20594, ""w_13"": 67.254608, ""w_14"": 67.277885, ""w_15"": 67.07267, ""w_16"": 67.026253, ""w_17"": 67.333702, ""w_18"": 67.53949, ""w_19"": 67.245224, ""w_20"": 67.244987}"
477,AU3CB0258465,2021-01-01,0,factual,"{""w_0"": 66.4063015, ""w_1"": 66.4625472, ""w_2"": 66.53153286999999, ""w_3"": 66.45862422, ""w_4"": 66.38071562, ""w_5"": 66.72616182, ""w_6"": 67.18291712, ""w_7"": 67.47631875, ""w_8"": 67.238499195, ""w_9"": 67.3513009, ""w_10"": 67.205937708, ""w_11"": 67.2546105, ""w_12"": 67.27788424, ""w_13"": 67.07267196, ""w_14"": 67.0262502, ""w_15"": 67.33369937, ""w_16"": 67.53949027, ""w_17"": 67.24522063500001, ""w_18"": 67.244985, ""w_19"": 67.68787065000001, ""w_20"": 68.52362445}"
477,AU3CB0258465,2021-01-01,0,counterfactual,"{""w_0"": 66.924576, ""w_1"": 66.386971, ""w_2"": 66.406303, ""w_3"": 66.462547, ""w_4"": 66.531532, ""w_5"": 66.458626, ""w_6"": 66.380714, ""w_7"": 66.726158, ""w_8"": 67.182915, ""w_9"": 67.476318, ""w_10"": 67.238503, ""w_11"": 67.351303, ""w_12"": 67.20594, ""w_13"": 67.254608, ""w_14"": 67.277885, ""w_15"": 67.07267, ""w_16"": 67.026253, ""w_17"": 67.333702, ""w_18"": 67.53949, ""w_19"": 67.245224, ""w_20"": 67.244987}"
478,AU3CB0258465,2021-01-04,0,factual,"{""w_0"": 66.4625472, ""w_1"": 66.53153286999999, ""w_2"": 66.45862422, ""w_3"": 66.38071562, ""w_4"": 66.72616182, ""w_5"": 67.18291712, ""w_6"": 67.47631875, ""w_7"": 67.238499195, ""w_8"": 67.3513009, ""w_9"": 67.205937708, ""w_10"": 67.2546105, ""w_11"": 67.27788424, ""w_12"": 67.07267196, ""w_13"": 67.0262502, ""w_14"": 67.33369937, ""w_15"": 67.53949027, ""w_16"": 67.24522063500001, ""w_17"": 67.244985, ""w_18"": 67.68787065000001, ""w_19"": 68.52362445, ""w_20"": 68.16929616}"
478,AU3CB0258465,2021-01-04,0,counterfactual,"{""w_0"": 65.935249, ""w_1"": 66.604256, ""w_2"": 66.62439, ""w_3"": 66.939835, ""w_4"": 66.729599, ""w_5"": 67.000511, ""w_6"": 67.038605, ""w_7"": 67.288971, ""w_8"": 66.744965, ""w_9"": 66.97628, ""w_10"": 67.16169, ""w_11"": 66.912003, ""w_12"": 67.006279, ""w_13"": 66.61718, ""w_14"": 67.051231, ""w_15"": 66.960953, ""w_16"": 67.298958, ""w_17"": 67.14257, ""w_18"": 67.101311, ""w_19"": 67.144203, ""w_20"": 66.924576}"
479,AU3CB0258465,2021-01-05,0,factual,"{""w_0"": 66.53153286999999, ""w_1"": 66.45862422, ""w_2"": 66.38071562, ""w_3"": 66.72616182, ""w_4"": 67.18291712, ""w_5"": 67.47631875, ""w_6"": 67.238499195, ""w_7"": 67.3513009, ""w_8"": 67.205937708, ""w_9"": 67.2546105, ""w_10"": 67.27788424, ""w_11"": 67.07267196, ""w_12"": 67.0262502, ""w_13"": 67.33369937, ""w_14"": 67.53949027, ""w_15"": 67.24522063500001, ""w_16"": 67.244985, ""w_17"": 67.68787065000001, ""w_18"": 68.52362445, ""w_19"": 68.16929616, ""w_20"": 67.76578886}"
479,AU3CB0258465,2021-01-05,0,counterfactual,"{""w_0"": 65.935249, ""w_1"": 66.604256, ""w_2"": 66.62439, ""w_3"": 66.939835, ""w_4"": 66.729599, ""w_5"": 67.000511, ""w_6"": 67.038605, ""w_7"": 67.288971, ""w_8"": 66.744965, ""w_9"": 66.97628, ""w_10"": 67.16169, ""w_11"": 66.912003, ""w_12"": 67.006279, ""w_13"": 66.61718, ""w_14"": 67.051231, ""w_15"": 66.960953, ""w_16"": 67.298958, ""w_17"": 67.14257, ""w_18"": 67.101311, ""w_19"": 67.144203, ""w_20"": 66.924576}"
480,AU3CB0258465,2021-01-06,0,factual,"{""w_0"": 66.45862422, ""w_1"": 66.38071562, ""w_2"": 66.72616182, ""w_3"": 67.18291712, ""w_4"": 67.47631875, ""w_5"": 67.238499195, ""w_6"": 67.3513009, ""w_7"": 67.205937708, ""w_8"": 67.2546105, ""w_9"": 67.27788424, ""w_10"": 67.07267196, ""w_11"": 67.0262502, ""w_12"": 67.33369937, ""w_13"": 67.53949027, ""w_14"": 67.24522063500001, ""w_15"": 67.244985, ""w_16"": 67.68787065000001, ""w_17"": 68.52362445, ""w_18"": 68.16929616, ""w_19"": 67.76578886, ""w_20"": 68.337003835}"
480,AU3CB0258465,2021-01-06,0,counterfactual,"{""w_0"": 65.935249, ""w_1"": 66.604256, ""w_2"": 66.62439, ""w_3"": 66.939835, ""w_4"": 66.729599, ""w_5"": 67.000511, ""w_6"": 67.038605, ""w_7"": 67.288971, ""w_8"": 66.744965, ""w_9"": 66.97628, ""w_10"": 67.16169, ""w_11"": 66.912003, ""w_12"": 67.006279, ""w_13"": 66.61718, ""w_14"": 67.051231, ""w_15"": 66.960953, ""w_16"": 67.298958, ""w_17"": 67.14257, ""w_18"": 67.101311, ""w_19"": 67.144203, ""w_20"": 66.924576}"
481,AU3CB0258465,2021-01-07,0,factual,"{""w_0"": 66.38071562, ""w_1"": 66.72616182, ""w_2"": 67.18291712, ""w_3"": 67.47631875, ""w_4"": 67.238499195, ""w_5"": 67.3513009, ""w_6"": 67.205937708, ""w_7"": 67.2546105, ""w_8"": 67.27788424, ""w_9"": 67.07267196, ""w_10"": 67.0262502, ""w_11"": 67.33369937, ""w_12"": 67.53949027, ""w_13"": 67.24522063500001, ""w_14"": 67.244985, ""w_15"": 67.68787065000001, ""w_16"": 68.52362445, ""w_17"": 68.16929616, ""w_18"": 67.76578886, ""w_19"": 68.337003835, ""w_20"": 68.55042803}"
481,AU3CB0258465,2021-01-07,0,counterfactual,"{""w_0"": 66.458626, ""w_1"": 66.380714, ""w_2"": 66.726158, ""w_3"": 67.182915, ""w_4"": 67.476318, ""w_5"": 67.238503, ""w_6"": 67.351303, ""w_7"": 67.20594, ""w_8"": 67.254608, ""w_9"": 67.277885, ""w_10"": 67.07267, ""w_11"": 67.026253, ""w_12"": 67.333702, ""w_13"": 67.53949, ""w_14"": 67.245224, ""w_15"": 67.244987, ""w_16"": 67.687874, ""w_17"": 68.523628, ""w_18"": 68.169296, ""w_19"": 67.765785, ""w_20"": 68.337006}"
483,AU3CB0258465,2021-01-11,0,factual,"{""w_0"": 67.18291712, ""w_1"": 67.47631875, ""w_2"": 67.238499195, ""w_3"": 67.3513009, ""w_4"": 67.205937708, ""w_5"": 67.2546105, ""w_6"": 67.27788424, ""w_7"": 67.07267196, ""w_8"": 67.0262502, ""w_9"": 67.33369937, ""w_10"": 67.53949027, ""w_11"": 67.24522063500001, ""w_12"": 67.244985, ""w_13"": 67.68787065000001, ""w_14"": 68.52362445, ""w_15"": 68.16929616, ""w_16"": 67.76578886, ""w_17"": 68.337003835, ""w_18"": 68.55042803, ""w_19"": 68.5007869, ""w_20"": 68.51859486}"
483,AU3CB0258465,2021-01-11,0,counterfactual,"{""w_0"": 65.474609, ""w_1"": 65.935249, ""w_2"": 66.604256, ""w_3"": 66.62439, ""w_4"": 66.939835, ""w_5"": 66.729599, ""w_6"": 67.000511, ""w_7"": 67.038605, ""w_8"": 67.288971, ""w_9"": 66.744965, ""w_10"": 66.97628, ""w_11"": 67.16169, ""w_12"": 66.912003, ""w_13"": 67.006279, ""w_14"": 66.61718, ""w_15"": 67.051231, ""w_16"": 66.960953, ""w_17"": 67.298958, ""w_18"": 67.14257, ""w_19"": 67.101311, ""w_20"": 67.144203}"
484,AU3CB0258465,2021-01-12,0,factual,"{""w_0"": 67.47631875, ""w_1"": 67.238499195, ""w_2"": 67.3513009, ""w_3"": 67.205937708, ""w_4"": 67.2546105, ""w_5"": 67.27788424, ""w_6"": 67.07267196, ""w_7"": 67.0262502, ""w_8"": 67.33369937, ""w_9"": 67.53949027, ""w_10"": 67.24522063500001, ""w_11"": 67.244985, ""w_12"": 67.68787065000001, ""w_13"": 68.52362445, ""w_14"": 68.16929616, ""w_15"": 67.76578886, ""w_16"": 68.337003835, ""w_17"": 68.55042803, ""w_18"": 68.5007869, ""w_19"": 68.51859486, ""w_20"": 68.56021129}"
484,AU3CB0258465,2021-01-12,0,counterfactual,"{""w_0"": 66.726158, ""w_1"": 67.182915, ""w_2"": 67.476318, ""w_3"": 67.238503, ""w_4"": 67.351303, ""w_5"": 67.20594, ""w_6"": 67.254608, ""w_7"": 67.277885, ""w_8"": 67.07267, ""w_9"": 67.026253, ""w_10"": 67.333702, ""w_11"": 67.53949, ""w_12"": 67.245224, ""w_13"": 67.244987, ""w_14"": 67.687874, ""w_15"": 68.523628, ""w_16"": 68.169296, ""w_17"": 67.765785, ""w_18"": 68.337006, ""w_19"": 68.55043, ""w_20"": 68.500786}"
485,AU3CB0258465,2021-01-13,0,factual,"{""w_0"": 67.238499195, ""w_1"": 67.3513009, ""w_2"": 67.205937708, ""w_3"": 67.2546105, ""w_4"": 67.27788424, ""w_5"": 67.07267196, ""w_6"": 67.0262502, ""w_7"": 67.33369937, ""w_8"": 67.53949027, ""w_9"": 67.24522063500001, ""w_10"": 67.244985, ""w_11"": 67.68787065000001, ""w_12"": 68.52362445, ""w_13"": 68.16929616, ""w_14"": 67.76578886, ""w_15"": 68.337003835, ""w_16"": 68.55042803, ""w_17"": 68.5007869, ""w_18"": 68.51859486, ""w_19"": 68.56021129, ""w_20"": 68.90576958}"
485,AU3CB0258465,2021-01-13,0,counterfactual,"{""w_0"": 67.182915, ""w_1"": 67.476318, ""w_2"": 67.238503, ""w_3"": 67.351303, ""w_4"": 67.20594, ""w_5"": 67.254608, ""w_6"": 67.277885, ""w_7"": 67.07267, ""w_8"": 67.026253, ""w_9"": 67.333702, ""w_10"": 67.53949, ""w_11"": 67.245224, ""w_12"": 67.244987, ""w_13"": 67.687874, ""w_14"": 68.523628, ""w_15"": 68.169296, ""w_16"": 67.765785, ""w_17"": 68.337006, ""w_18"": 68.55043, ""w_19"": 68.500786, ""w_20"": 68.518593}"
486,AU3CB0258465,2021-01-14,0,factual,"{""w_0"": 67.3513009, ""w_1"": 67.205937708, ""w_2"": 67.2546105, ""w_3"": 67.27788424, ""w_4"": 67.07267196, ""w_5"": 67.0262502, ""w_6"": 67.33369937, ""w_7"": 67.53949027, ""w_8"": 67.24522063500001, ""w_9"": 67.244985, ""w_10"": 67.68787065000001, ""w_11"": 68.52362445, ""w_12"": 68.16929616, ""w_13"": 67.76578886, ""w_14"": 68.337003835, ""w_15"": 68.55042803, ""w_16"": 68.5007869, ""w_17"": 68.51859486, ""w_18"": 68.56021129, ""w_19"": 68.90576958, ""w_20"": 68.908252}"
486,AU3CB0258465,2021-01-14,0,counterfactual,"{""w_0"": 66.726158, ""w_1"": 67.182915, ""w_2"": 67.476318, ""w_3"": 67.238503, ""w_4"": 67.351303, ""w_5"": 67.20594, ""w_6"": 67.254608, ""w_7"": 67.277885, ""w_8"": 67.07267, ""w_9"": 67.026253, ""w_10"": 67.333702, ""w_11"": 67.53949, ""w_12"": 67.245224, ""w_13"": 67.244987, ""w_14"": 67.687874, ""w_15"": 68.523628, ""w_16"": 68.169296, ""w_17"": 67.765785, ""w_18"": 68.337006, ""w_19"": 68.55043, ""w_20"": 68.500786}"
487,AU3CB0258465,2021-01-15,0,factual,"{""w_0"": 67.205937708, ""w_1"": 67.2546105, ""w_2"": 67.27788424, ""w_3"": 67.07267196, ""w_4"": 67.0262502, ""w_5"": 67.33369937, ""w_6"": 67.53949027, ""w_7"": 67.24522063500001, ""w_8"": 67.244985, ""w_9"": 67.68787065000001, ""w_10"": 68.52362445, ""w_11"": 68.16929616, ""w_12"": 67.76578886, ""w_13"": 68.337003835, ""w_14"": 68.55042803, ""w_15"": 68.5007869, ""w_16"": 68.51859486, ""w_17"": 68.56021129, ""w_18"": 68.90576958, ""w_19"": 68.908252, ""w_20"": 69.232814544}"
487,AU3CB0258465,2021-01-15,0,counterfactual,"{""w_0"": 66.726158, ""w_1"": 67.182915, ""w_2"": 67.476318, ""w_3"": 67.238503, ""w_4"": 67.351303, ""w_5"": 67.20594, ""w_6"": 67.254608, ""w_7"": 67.277885, ""w_8"": 67.07267, ""w_9"": 67.026253, ""w_10"": 67.333702, ""w_11"": 67.53949, ""w_12"": 67.245224, ""w_13"": 67.244987, ""w_14"": 67.687874, ""w_15"": 68.523628, ""w_16"": 68.169296, ""w_17"": 67.765785, ""w_18"": 68.337006, ""w_19"": 68.55043, ""w_20"": 68.500786}"
488,AU3CB0258465,2021-01-18,0,factual,"{""w_0"": 67.2546105, ""w_1"": 67.27788424, ""w_2"": 67.07267196, ""w_3"": 67.0262502, ""w_4"": 67.33369937, ""w_5"": 67.53949027, ""w_6"": 67.24522063500001, ""w_7"": 67.244985, ""w_8"": 67.68787065000001, ""w_9"": 68.52362445, ""w_10"": 68.16929616, ""w_11"": 67.76578886, ""w_12"": 68.337003835, ""w_13"": 68.55042803, ""w_14"": 68.5007869, ""w_15"": 68.51859486, ""w_16"": 68.56021129, ""w_17"": 68.90576958, ""w_18"": 68.908252, ""w_19"": 69.232814544, ""w_20"": 68.92218679}"
488,AU3CB0258465,2021-01-18,0,counterfactual,"{""w_0"": 66.726158, ""w_1"": 67.182915, ""w_2"": 67.476318, ""w_3"": 67.238503, ""w_4"": 67.351303, ""w_5"": 67.20594, ""w_6"": 67.254608, ""w_7"": 67.277885, ""w_8"": 67.07267, ""w_9"": 67.026253, ""w_10"": 67.333702, ""w_11"": 67.53949, ""w_12"": 67.245224, ""w_13"": 67.244987, ""w_14"": 67.687874, ""w_15"": 68.523628, ""w_16"": 68.169296, ""w_17"": 67.765785, ""w_18"": 68.337006, ""w_19"": 68.55043, ""w_20"": 68.500786}"
489,AU3CB0258465,2021-01-19,0,factual,"{""w_0"": 67.27788424, ""w_1"": 67.07267196, ""w_2"": 67.0262502, ""w_3"": 67.33369937, ""w_4"": 67.53949027, ""w_5"": 67.24522063500001, ""w_6"": 67.244985, ""w_7"": 67.68787065000001, ""w_8"": 68.52362445, ""w_9"": 68.16929616, ""w_10"": 67.76578886, ""w_11"": 68.337003835, ""w_12"": 68.55042803, ""w_13"": 68.5007869, ""w_14"": 68.51859486, ""w_15"": 68.56021129, ""w_16"": 68.90576958, ""w_17"": 68.908252, ""w_18"": 69.232814544, ""w_19"": 68.92218679, ""w_20"": 68.83353312}"
489,AU3CB0258465,2021-01-19,0,counterfactual,"{""w_0"": 67.254608, ""w_1"": 67.277885, ""w_2"": 67.07267, ""w_3"": 67.026253, ""w_4"": 67.333702, ""w_5"": 67.53949, ""w_6"": 67.245224, ""w_7"": 67.244987, ""w_8"": 67.687874, ""w_9"": 68.523628, ""w_10"": 68.169296, ""w_11"": 67.765785, ""w_12"": 68.337006, ""w_13"": 68.55043, ""w_14"": 68.500786, ""w_15"": 68.518593, ""w_16"": 68.560211, ""w_17"": 68.905769, ""w_18"": 68.908249, ""w_19"": 69.232811, ""w_20"": 68.922188}"
490,AU3CB0258465,2021-01-20,0,factual,"{""w_0"": 67.07267196, ""w_1"": 67.0262502, ""w_2"": 67.33369937, ""w_3"": 67.53949027, ""w_4"": 67.24522063500001, ""w_5"": 67.244985, ""w_6"": 67.68787065000001, ""w_7"": 68.52362445, ""w_8"": 68.16929616, ""w_9"": 67.76578886, ""w_10"": 68.337003835, ""w_11"": 68.55042803, ""w_12"": 68.5007869, ""w_13"": 68.51859486, ""w_14"": 68.56021129, ""w_15"": 68.90576958, ""w_16"": 68.908252, ""w_17"": 69.232814544, ""w_18"": 68.92218679, ""w_19"": 68.83353312, ""w_20"": 68.7283224}"
490,AU3CB0258465,2021-01-20,0,counterfactual,"{""w_0"": 67.254608, ""w_1"": 67.277885, ""w_2"": 67.07267, ""w_3"": 67.026253, ""w_4"": 67.333702, ""w_5"": 67.53949, ""w_6"": 67.245224, ""w_7"": 67.244987, ""w_8"": 67.687874, ""w_9"": 68.523628, ""w_10"": 68.169296, ""w_11"": 67.765785, ""w_12"": 68.337006, ""w_13"": 68.55043, ""w_14"": 68.500786, ""w_15"": 68.518593, ""w_16"": 68.560211, ""w_17"": 68.905769, ""w_18"": 68.908249, ""w_19"": 69.232811, ""w_20"": 68.922188}"
491,AU3CB0258465,2021-01-21,0,factual,"{""w_0"": 67.0262502, ""w_1"": 67.33369937, ""w_2"": 67.53949027, ""w_3"": 67.24522063500001, ""w_4"": 67.244985, ""w_5"": 67.68787065000001, ""w_6"": 68.52362445, ""w_7"": 68.16929616, ""w_8"": 67.76578886, ""w_9"": 68.337003835, ""w_10"": 68.55042803, ""w_11"": 68.5007869, ""w_12"": 68.51859486, ""w_13"": 68.56021129, ""w_14"": 68.90576958, ""w_15"": 68.908252, ""w_16"": 69.232814544, ""w_17"": 68.92218679, ""w_18"": 68.83353312, ""w_19"": 68.7283224, ""w_20"": 69.24313755}"
491,AU3CB0258465,2021-01-21,0,counterfactual,"{""w_0"": 66.380714, ""w_1"": 66.726158, ""w_2"": 67.182915, ""w_3"": 67.476318, ""w_4"": 67.238503, ""w_5"": 67.351303, ""w_6"": 67.20594, ""w_7"": 67.254608, ""w_8"": 67.277885, ""w_9"": 67.07267, ""w_10"": 67.026253, ""w_11"": 67.333702, ""w_12"": 67.53949, ""w_13"": 67.245224, ""w_14"": 67.244987, ""w_15"": 67.687874, ""w_16"": 68.523628, ""w_17"": 68.169296, ""w_18"": 67.765785, ""w_19"": 68.337006, ""w_20"": 68.55043}"
492,AU3CB0258465,2021-01-22,0,factual,"{""w_0"": 67.33369937, ""w_1"": 67.53949027, ""w_2"": 67.24522063500001, ""w_3"": 67.244985, ""w_4"": 67.68787065000001, ""w_5"": 68.52362445, ""w_6"": 68.16929616, ""w_7"": 67.76578886, ""w_8"": 68.337003835, ""w_9"": 68.55042803, ""w_10"": 68.5007869, ""w_11"": 68.51859486, ""w_12"": 68.56021129, ""w_13"": 68.90576958, ""w_14"": 68.908252, ""w_15"": 69.232814544, ""w_16"": 68.92218679, ""w_17"": 68.83353312, ""w_18"": 68.7283224, ""w_19"": 69.24313755, ""w_20"": 68.96082215}"
492,AU3CB0258465,2021-01-22,0,counterfactual,"{""w_0"": 65.474609, ""w_1"": 65.935249, ""w_2"": 66.604256, ""w_3"": 66.62439, ""w_4"": 66.939835, ""w_5"": 66.729599, ""w_6"": 67.000511, ""w_7"": 67.038605, ""w_8"": 67.288971, ""w_9"": 66.744965, ""w_10"": 66.97628, ""w_11"": 67.16169, ""w_12"": 66.912003, ""w_13"": 67.006279, ""w_14"": 66.61718, ""w_15"": 67.051231, ""w_16"": 66.960953, ""w_17"": 67.298958, ""w_18"": 67.14257, ""w_19"": 67.101311, ""w_20"": 67.144203}"
493,AU3CB0258465,2021-01-25,0,factual,"{""w_0"": 67.53949027, ""w_1"": 67.24522063500001, ""w_2"": 67.244985, ""w_3"": 67.68787065000001, ""w_4"": 68.52362445, ""w_5"": 68.16929616, ""w_6"": 67.76578886, ""w_7"": 68.337003835, ""w_8"": 68.55042803, ""w_9"": 68.5007869, ""w_10"": 68.51859486, ""w_11"": 68.56021129, ""w_12"": 68.90576958, ""w_13"": 68.908252, ""w_14"": 69.232814544, ""w_15"": 68.92218679, ""w_16"": 68.83353312, ""w_17"": 68.7283224, ""w_18"": 69.24313755, ""w_19"": 68.96082215, ""w_20"": 68.5580193}"
493,AU3CB0258465,2021-01-25,0,counterfactual,"{""w_0"": 67.026253, ""w_1"": 67.333702, ""w_2"": 67.53949, ""w_3"": 67.245224, ""w_4"": 67.244987, ""w_5"": 67.687874, ""w_6"": 68.523628, ""w_7"": 68.169296, ""w_8"": 67.765785, ""w_9"": 68.337006, ""w_10"": 68.55043, ""w_11"": 68.500786, ""w_12"": 68.518593, ""w_13"": 68.560211, ""w_14"": 68.905769, ""w_15"": 68.908249, ""w_16"": 69.232811, ""w_17"": 68.922188, ""w_18"": 68.833534, ""w_19"": 68.728325, ""w_20"": 69.243141}"
494,AU3CB0258465,2021-01-26,0,factual,"{""w_0"": 67.24522063500001, ""w_1"": 67.244985, ""w_2"": 67.68787065000001, ""w_3"": 68.52362445, ""w_4"": 68.16929616, ""w_5"": 67.76578886, ""w_6"": 68.337003835, ""w_7"": 68.55042803, ""w_8"": 68.5007869, ""w_9"": 68.51859486, ""w_10"": 68.56021129, ""w_11"": 68.90576958, ""w_12"": 68.908252, ""w_13"": 69.232814544, ""w_14"": 68.92218679, ""w_15"": 68.83353312, ""w_16"": 68.7283224, ""w_17"": 69.24313755, ""w_18"": 68.96082215, ""w_19"": 68.5580193, ""w_20"": 68.70293025}"
494,AU3CB0258465,2021-01-26,0,counterfactual,"{""w_0"": 67.026253, ""w_1"": 67.333702, ""w_2"": 67.53949, ""w_3"": 67.245224, ""w_4"": 67.244987, ""w_5"": 67.687874, ""w_6"": 68.523628, ""w_7"": 68.169296, ""w_8"": 67.765785, ""w_9"": 68.337006, ""w_10"": 68.55043, ""w_11"": 68.500786, ""w_12"": 68.518593, ""w_13"": 68.560211, ""w_14"": 68.905769, ""w_15"": 68.908249, ""w_16"": 69.232811, ""w_17"": 68.922188, ""w_18"": 68.833534, ""w_19"": 68.728325, ""w_20"": 69.243141}"
495,AU3CB0258465,2021-01-27,0,factual,"{""w_0"": 67.244985, ""w_1"": 67.68787065000001, ""w_2"": 68.52362445, ""w_3"": 68.16929616, ""w_4"": 67.76578886, ""w_5"": 68.337003835, ""w_6"": 68.55042803, ""w_7"": 68.5007869, ""w_8"": 68.51859486, ""w_9"": 68.56021129, ""w_10"": 68.90576958, ""w_11"": 68.908252, ""w_12"": 69.232814544, ""w_13"": 68.92218679, ""w_14"": 68.83353312, ""w_15"": 68.7283224, ""w_16"": 69.24313755, ""w_17"": 68.96082215, ""w_18"": 68.5580193, ""w_19"": 68.70293025, ""w_20"": 68.91896424}"
495,AU3CB0258465,2021-01-27,0,counterfactual,"{""w_0"": 67.026253, ""w_1"": 67.333702, ""w_2"": 67.53949, ""w_3"": 67.245224, ""w_4"": 67.244987, ""w_5"": 67.687874, ""w_6"": 68.523628, ""w_7"": 68.169296, ""w_8"": 67.765785, ""w_9"": 68.337006, ""w_10"": 68.55043, ""w_11"": 68.500786, ""w_12"": 68.518593, ""w_13"": 68.560211, ""w_14"": 68.905769, ""w_15"": 68.908249, ""w_16"": 69.232811, ""w_17"": 68.922188, ""w_18"": 68.833534, ""w_19"": 68.728325, ""w_20"": 69.243141}"
496,AU3CB0258465,2021-01-28,0,factual,"{""w_0"": 67.68787065000001, ""w_1"": 68.52362445, ""w_2"": 68.16929616, ""w_3"": 67.76578886, ""w_4"": 68.337003835, ""w_5"": 68.55042803, ""w_6"": 68.5007869, ""w_7"": 68.51859486, ""w_8"": 68.56021129, ""w_9"": 68.90576958, ""w_10"": 68.908252, ""w_11"": 69.232814544, ""w_12"": 68.92218679, ""w_13"": 68.83353312, ""w_14"": 68.7283224, ""w_15"": 69.24313755, ""w_16"": 68.96082215, ""w_17"": 68.5580193, ""w_18"": 68.70293025, ""w_19"": 68.91896424, ""w_20"": 68.30200260000001}"
496,AU3CB0258465,2021-01-28,0,counterfactual,"{""w_0"": 67.244987, ""w_1"": 67.687874, ""w_2"": 68.523628, ""w_3"": 68.169296, ""w_4"": 67.765785, ""w_5"": 68.337006, ""w_6"": 68.55043, ""w_7"": 68.500786, ""w_8"": 68.518593, ""w_9"": 68.560211, ""w_10"": 68.905769, ""w_11"": 68.908249, ""w_12"": 69.232811, ""w_13"": 68.922188, ""w_14"": 68.833534, ""w_15"": 68.728325, ""w_16"": 69.243141, ""w_17"": 68.960823, ""w_18"": 68.558022, ""w_19"": 68.702927, ""w_20"": 68.918961}"
497,AU3CB0258465,2021-01-29,0,factual,"{""w_0"": 68.52362445, ""w_1"": 68.16929616, ""w_2"": 67.76578886, ""w_3"": 68.337003835, ""w_4"": 68.55042803, ""w_5"": 68.5007869, ""w_6"": 68.51859486, ""w_7"": 68.56021129, ""w_8"": 68.90576958, ""w_9"": 68.908252, ""w_10"": 69.232814544, ""w_11"": 68.92218679, ""w_12"": 68.83353312, ""w_13"": 68.7283224, ""w_14"": 69.24313755, ""w_15"": 68.96082215, ""w_16"": 68.5580193, ""w_17"": 68.70293025, ""w_18"": 68.91896424, ""w_19"": 68.30200260000001, ""w_20"": 68.40415078}"
497,AU3CB0258465,2021-01-29,0,counterfactual,"{""w_0"": 67.687874, ""w_1"": 68.523628, ""w_2"": 68.169296, ""w_3"": 67.765785, ""w_4"": 68.337006, ""w_5"": 68.55043, ""w_6"": 68.500786, ""w_7"": 68.518593, ""w_8"": 68.560211, ""w_9"": 68.905769, ""w_10"": 68.908249, ""w_11"": 69.232811, ""w_12"": 68.922188, ""w_13"": 68.833534, ""w_14"": 68.728325, ""w_15"": 69.243141, ""w_16"": 68.960823, ""w_17"": 68.558022, ""w_18"": 68.702927, ""w_19"": 68.918961, ""w_20"": 68.302002}"
498,AU3CB0258465,2021-02-01,0,factual,"{""w_0"": 68.16929616, ""w_1"": 67.76578886, ""w_2"": 68.337003835, ""w_3"": 68.55042803, ""w_4"": 68.5007869, ""w_5"": 68.51859486, ""w_6"": 68.56021129, ""w_7"": 68.90576958, ""w_8"": 68.908252, ""w_9"": 69.232814544, ""w_10"": 68.92218679, ""w_11"": 68.83353312, ""w_12"": 68.7283224, ""w_13"": 69.24313755, ""w_14"": 68.96082215, ""w_15"": 68.5580193, ""w_16"": 68.70293025, ""w_17"": 68.91896424, ""w_18"": 68.30200260000001, ""w_19"": 68.40415078, ""w_20"": 67.92588006}"
498,AU3CB0258465,2021-02-01,0,counterfactual,"{""w_0"": 67.687874, ""w_1"": 68.523628, ""w_2"": 68.169296, ""w_3"": 67.765785, ""w_4"": 68.337006, ""w_5"": 68.55043, ""w_6"": 68.500786, ""w_7"": 68.518593, ""w_8"": 68.560211, ""w_9"": 68.905769, ""w_10"": 68.908249, ""w_11"": 69.232811, ""w_12"": 68.922188, ""w_13"": 68.833534, ""w_14"": 68.728325, ""w_15"": 69.243141, ""w_16"": 68.960823, ""w_17"": 68.558022, ""w_18"": 68.702927, ""w_19"": 68.918961, ""w_20"": 68.302002}"
499,AU3CB0258465,2021-02-02,0,factual,"{""w_0"": 67.76578886, ""w_1"": 68.337003835, ""w_2"": 68.55042803, ""w_3"": 68.5007869, ""w_4"": 68.51859486, ""w_5"": 68.56021129, ""w_6"": 68.90576958, ""w_7"": 68.908252, ""w_8"": 69.232814544, ""w_9"": 68.92218679, ""w_10"": 68.83353312, ""w_11"": 68.7283224, ""w_12"": 69.24313755, ""w_13"": 68.96082215, ""w_14"": 68.5580193, ""w_15"": 68.70293025, ""w_16"": 68.91896424, ""w_17"": 68.30200260000001, ""w_18"": 68.40415078, ""w_19"": 67.92588006, ""w_20"": 68.378655}"
499,AU3CB0258465,2021-02-02,0,counterfactual,"{""w_0"": 68.169296, ""w_1"": 67.765785, ""w_2"": 68.337006, ""w_3"": 68.55043, ""w_4"": 68.500786, ""w_5"": 68.518593, ""w_6"": 68.560211, ""w_7"": 68.905769, ""w_8"": 68.908249, ""w_9"": 69.232811, ""w_10"": 68.922188, ""w_11"": 68.833534, ""w_12"": 68.728325, ""w_13"": 69.243141, ""w_14"": 68.960823, ""w_15"": 68.558022, ""w_16"": 68.702927, ""w_17"": 68.918961, ""w_18"": 68.302002, ""w_19"": 68.404152, ""w_20"": 67.92588}"
500,AU3CB0258465,2021-02-03,0,factual,"{""w_0"": 68.337003835, ""w_1"": 68.55042803, ""w_2"": 68.5007869, ""w_3"": 68.51859486, ""w_4"": 68.56021129, ""w_5"": 68.90576958, ""w_6"": 68.908252, ""w_7"": 69.232814544, ""w_8"": 68.92218679, ""w_9"": 68.83353312, ""w_10"": 68.7283224, ""w_11"": 69.24313755, ""w_12"": 68.96082215, ""w_13"": 68.5580193, ""w_14"": 68.70293025, ""w_15"": 68.91896424, ""w_16"": 68.30200260000001, ""w_17"": 68.40415078, ""w_18"": 67.92588006, ""w_19"": 68.378655, ""w_20"": 68.347956}"
500,AU3CB0258465,2021-02-03,0,counterfactual,"{""w_0"": 67.765785, ""w_1"": 68.337006, ""w_2"": 68.55043, ""w_3"": 68.500786, ""w_4"": 68.518593, ""w_5"": 68.560211, ""w_6"": 68.905769, ""w_7"": 68.908249, ""w_8"": 69.232811, ""w_9"": 68.922188, ""w_10"": 68.833534, ""w_11"": 68.728325, ""w_12"": 69.243141, ""w_13"": 68.960823, ""w_14"": 68.558022, ""w_15"": 68.702927, ""w_16"": 68.918961, ""w_17"": 68.302002, ""w_18"": 68.404152, ""w_19"": 67.92588, ""w_20"": 68.378654}"
501,AU3CB0258465,2021-02-04,0,factual,"{""w_0"": 68.55042803, ""w_1"": 68.5007869, ""w_2"": 68.51859486, ""w_3"": 68.56021129, ""w_4"": 68.90576958, ""w_5"": 68.908252, ""w_6"": 69.232814544, ""w_7"": 68.92218679, ""w_8"": 68.83353312, ""w_9"": 68.7283224, ""w_10"": 69.24313755, ""w_11"": 68.96082215, ""w_12"": 68.5580193, ""w_13"": 68.70293025, ""w_14"": 68.91896424, ""w_15"": 68.30200260000001, ""w_16"": 68.40415078, ""w_17"": 67.92588006, ""w_18"": 68.378655, ""w_19"": 68.347956, ""w_20"": 68.54237400000001}"
501,AU3CB0258465,2021-02-04,0,counterfactual,"{""w_0"": 68.523628, ""w_1"": 68.169296, ""w_2"": 67.765785, ""w_3"": 68.337006, ""w_4"": 68.55043, ""w_5"": 68.500786, ""w_6"": 68.518593, ""w_7"": 68.560211, ""w_8"": 68.905769, ""w_9"": 68.908249, ""w_10"": 69.232811, ""w_11"": 68.922188, ""w_12"": 68.833534, ""w_13"": 68.728325, ""w_14"": 69.243141, ""w_15"": 68.960823, ""w_16"": 68.558022, ""w_17"": 68.702927, ""w_18"": 68.918961, ""w_19"": 68.302002, ""w_20"": 68.404152}"
502,AU3CB0258465,2021-02-05,0,factual,"{""w_0"": 68.5007869, ""w_1"": 68.51859486, ""w_2"": 68.56021129, ""w_3"": 68.90576958, ""w_4"": 68.908252, ""w_5"": 69.232814544, ""w_6"": 68.92218679, ""w_7"": 68.83353312, ""w_8"": 68.7283224, ""w_9"": 69.24313755, ""w_10"": 68.96082215, ""w_11"": 68.5580193, ""w_12"": 68.70293025, ""w_13"": 68.91896424, ""w_14"": 68.30200260000001, ""w_15"": 68.40415078, ""w_16"": 67.92588006, ""w_17"": 68.378655, ""w_18"": 68.347956, ""w_19"": 68.54237400000001, ""w_20"": 68.68323595}"
502,AU3CB0258465,2021-02-05,0,counterfactual,"{""w_0"": 67.765785, ""w_1"": 68.337006, ""w_2"": 68.55043, ""w_3"": 68.500786, ""w_4"": 68.518593, ""w_5"": 68.560211, ""w_6"": 68.905769, ""w_7"": 68.908249, ""w_8"": 69.232811, ""w_9"": 68.922188, ""w_10"": 68.833534, ""w_11"": 68.728325, ""w_12"": 69.243141, ""w_13"": 68.960823, ""w_14"": 68.558022, ""w_15"": 68.702927, ""w_16"": 68.918961, ""w_17"": 68.302002, ""w_18"": 68.404152, ""w_19"": 67.92588, ""w_20"": 68.378654}"
503,AU3CB0258465,2021-02-08,0,factual,"{""w_0"": 68.51859486, ""w_1"": 68.56021129, ""w_2"": 68.90576958, ""w_3"": 68.908252, ""w_4"": 69.232814544, ""w_5"": 68.92218679, ""w_6"": 68.83353312, ""w_7"": 68.7283224, ""w_8"": 69.24313755, ""w_9"": 68.96082215, ""w_10"": 68.5580193, ""w_11"": 68.70293025, ""w_12"": 68.91896424, ""w_13"": 68.30200260000001, ""w_14"": 68.40415078, ""w_15"": 67.92588006, ""w_16"": 68.378655, ""w_17"": 68.347956, ""w_18"": 68.54237400000001, ""w_19"": 68.68323595, ""w_20"": 68.89870742000001}"
503,AU3CB0258465,2021-02-08,0,counterfactual,"{""w_0"": 67.687874, ""w_1"": 68.523628, ""w_2"": 68.169296, ""w_3"": 67.765785, ""w_4"": 68.337006, ""w_5"": 68.55043, ""w_6"": 68.500786, ""w_7"": 68.518593, ""w_8"": 68.560211, ""w_9"": 68.905769, ""w_10"": 68.908249, ""w_11"": 69.232811, ""w_12"": 68.922188, ""w_13"": 68.833534, ""w_14"": 68.728325, ""w_15"": 69.243141, ""w_16"": 68.960823, ""w_17"": 68.558022, ""w_18"": 68.702927, ""w_19"": 68.918961, ""w_20"": 68.302002}"
504,AU3CB0258465,2021-02-09,0,factual,"{""w_0"": 68.56021129, ""w_1"": 68.90576958, ""w_2"": 68.908252, ""w_3"": 69.232814544, ""w_4"": 68.92218679, ""w_5"": 68.83353312, ""w_6"": 68.7283224, ""w_7"": 69.24313755, ""w_8"": 68.96082215, ""w_9"": 68.5580193, ""w_10"": 68.70293025, ""w_11"": 68.91896424, ""w_12"": 68.30200260000001, ""w_13"": 68.40415078, ""w_14"": 67.92588006, ""w_15"": 68.378655, ""w_16"": 68.347956, ""w_17"": 68.54237400000001, ""w_18"": 68.68323595, ""w_19"": 68.89870742000001, ""w_20"": 69.13794374999999}"
504,AU3CB0258465,2021-02-09,0,counterfactual,"{""w_0"": 68.518593, ""w_1"": 68.560211, ""w_2"": 68.905769, ""w_3"": 68.908249, ""w_4"": 69.232811, ""w_5"": 68.922188, ""w_6"": 68.833534, ""w_7"": 68.728325, ""w_8"": 69.243141, ""w_9"": 68.960823, ""w_10"": 68.558022, ""w_11"": 68.702927, ""w_12"": 68.918961, ""w_13"": 68.302002, ""w_14"": 68.404152, ""w_15"": 67.92588, ""w_16"": 68.378654, ""w_17"": 68.347954, ""w_18"": 68.542374, ""w_19"": 68.683235, ""w_20"": 68.898705}"
505,AU3CB0258465,2021-02-10,0,factual,"{""w_0"": 68.90576958, ""w_1"": 68.908252, ""w_2"": 69.232814544, ""w_3"": 68.92218679, ""w_4"": 68.83353312, ""w_5"": 68.7283224, ""w_6"": 69.24313755, ""w_7"": 68.96082215, ""w_8"": 68.5580193, ""w_9"": 68.70293025, ""w_10"": 68.91896424, ""w_11"": 68.30200260000001, ""w_12"": 68.40415078, ""w_13"": 67.92588006, ""w_14"": 68.378655, ""w_15"": 68.347956, ""w_16"": 68.54237400000001, ""w_17"": 68.68323595, ""w_18"": 68.89870742000001, ""w_19"": 69.13794374999999, ""w_20"": 69.042239}"
505,AU3CB0258465,2021-02-10,0,counterfactual,"{""w_0"": 68.518593, ""w_1"": 68.560211, ""w_2"": 68.905769, ""w_3"": 68.908249, ""w_4"": 69.232811, ""w_5"": 68.922188, ""w_6"": 68.833534, ""w_7"": 68.728325, ""w_8"": 69.243141, ""w_9"": 68.960823, ""w_10"": 68.558022, ""w_11"": 68.702927, ""w_12"": 68.918961, ""w_13"": 68.302002, ""w_14"": 68.404152, ""w_15"": 67.92588, ""w_16"": 68.378654, ""w_17"": 68.347954, ""w_18"": 68.542374, ""w_19"": 68.683235, ""w_20"": 68.898705}"
506,AU3CB0258465,2021-02-11,0,factual,"{""w_0"": 68.908252, ""w_1"": 69.232814544, ""w_2"": 68.92218679, ""w_3"": 68.83353312, ""w_4"": 68.7283224, ""w_5"": 69.24313755, ""w_6"": 68.96082215, ""w_7"": 68.5580193, ""w_8"": 68.70293025, ""w_9"": 68.91896424, ""w_10"": 68.30200260000001, ""w_11"": 68.40415078, ""w_12"": 67.92588006, ""w_13"": 68.378655, ""w_14"": 68.347956, ""w_15"": 68.54237400000001, ""w_16"": 68.68323595, ""w_17"": 68.89870742000001, ""w_18"": 69.13794374999999, ""w_19"": 69.042239, ""w_20"": 68.87692787}"
506,AU3CB0258465,2021-02-11,0,counterfactual,"{""w_0"": 67.687874, ""w_1"": 68.523628, ""w_2"": 68.169296, ""w_3"": 67.765785, ""w_4"": 68.337006, ""w_5"": 68.55043, ""w_6"": 68.500786, ""w_7"": 68.518593, ""w_8"": 68.560211, ""w_9"": 68.905769, ""w_10"": 68.908249, ""w_11"": 69.232811, ""w_12"": 68.922188, ""w_13"": 68.833534, ""w_14"": 68.728325, ""w_15"": 69.243141, ""w_16"": 68.960823, ""w_17"": 68.558022, ""w_18"": 68.702927, ""w_19"": 68.918961, ""w_20"": 68.302002}"
